# File exported by Houdini 18.0.558 (www.sidefx.com)
# 1425 points
# 3486 vertices
# 1089 primitives
# Bounds: [-49.2451363, -10.0109329, -28.1495934] to [11.7051907, 45.9033966, 48.9664917]
g 
v -8.74977493 33.1466713 -0.723147035
v -11.2497749 33.1466713 -5.05327415
v -8.74977493 33.1466713 -0.723147333
v -11.2497749 33.1466713 -5.05327368
v -8.74977493 41.3116074 -3.60989833
v -8.74977493 41.3116074 -3.60989833
v -8.75074768 41.3116074 -12.2709188
v -8.75074863 45.3940735 -15.157671
v -6.25074816 45.3940735 -10.8275452
v -11.2507477 41.3116074 -7.94079399
v -6.25074863 45.3940735 -10.8275452
v -8.75074863 45.3940735 -15.157671
v -11.2507477 41.3116074 -7.94079399
v -8.75074768 41.3116074 -12.2709188
v -8.75172043 41.3116074 -20.9319496
v -11.2517204 45.3940735 -19.4885712
v -8.75172043 45.3940735 -23.8186989
v -6.25172091 45.3940735 -19.4885712
v -11.2517204 41.3116074 -16.6018219
v -11.2517204 45.3940735 -19.4885712
v -8.75172138 45.3940735 -15.1584444
v -13.7517204 41.3116074 -20.9319496
v -11.2517204 45.3940735 -19.4885712
v -11.2517204 45.3940735 -19.4885712
v -6.25172138 45.3940735 -19.4885712
v -8.75172043 45.3940735 -15.1584444
v -11.2517204 45.3940735 -19.4885712
v -11.2517204 45.3940735 -19.4885712
v -8.75172043 45.3940735 -23.8186989
v -11.2517204 45.3940735 -19.4885712
v -11.2517204 45.3940735 -19.4885712
v -11.2517204 41.3116074 -16.6018219
v -8.75172043 41.3116074 -20.9319496
v -13.7517204 41.3116074 -20.9319496
v -11.2526922 45.3940735 -28.1495934
v -11.2526922 41.3116074 -25.2628441
v -11.2526922 45.3940735 -28.1495934
v -8.75269318 45.3940735 -23.8194656
v -11.2526922 45.3940735 -28.1495934
v -11.2526922 45.3940735 -28.1495934
v -8.75269222 45.3940735 -23.8194656
v -11.2526922 45.3940735 -28.1495934
v -11.2526922 45.3940735 -28.1495934
v -11.2526922 45.3940735 -28.1495934
v -11.2526922 45.3940735 -28.1495934
v -11.2526922 41.3116074 -25.2628441
v -1.24959683 45.3940735 -2.16529608
v -1.24959683 45.3940735 -2.16529608
v -1.25056934 41.3116074 -7.93956709
v -3.75056934 45.3940735 -6.49619102
v -1.25056934 45.3940735 -10.8263187
v 1.24943089 45.3940735 -6.49619198
v -3.75056911 41.3116074 -3.60944033
v -3.75056934 45.3940735 -6.49619102
v -1.25056946 45.3940735 -2.16606474
v -6.25056887 41.3116074 -7.93956709
v -3.75056934 45.3940735 -6.49619102
v -6.25056934 45.3940735 -10.8263187
v -3.75056934 45.3940735 -6.49619102
v 1.24943042 45.3940735 -6.49619102
v -1.25056911 45.3940735 -2.16606474
v -3.75056934 45.3940735 -6.49619102
v -3.75056934 45.3940735 -6.49619102
v -6.25056887 45.3940735 -10.8263187
v -1.25056934 45.3940735 -10.8263187
v -3.75056934 45.3940735 -6.49619102
v -3.75056934 45.3940735 -6.49619102
v -3.75056911 41.3116074 -3.60944033
v -1.25056934 41.3116074 -7.93956709
v -6.25056934 41.3116074 -7.93956709
v -3.75154185 45.3940735 -15.1572199
v -3.75154185 41.3116074 -12.2704678
v -3.75154185 45.3940735 -15.1572199
v -1.25154209 45.3940735 -10.8270922
v -6.25154161 45.3940735 -10.8270922
v -6.25154161 41.3116074 -16.6005974
v -3.75154185 45.3940735 -15.1572199
v -8.75154114 45.3940735 -15.1572199
v -6.25154209 45.3940735 -19.4873466
v -3.75154185 45.3940735 -15.1572199
v -1.25154185 45.3940735 -10.8270922
v -3.75154185 45.3940735 -15.1572199
v -6.25154161 45.3940735 -10.8270922
v -8.75154209 45.3940735 -15.1572199
v -3.75154185 45.3940735 -15.1572199
v -6.25154161 45.3940735 -19.4873466
v -3.75154185 45.3940735 -15.1572199
v -3.75154185 45.3940735 -15.1572199
v -3.75154185 41.3116074 -12.2704678
v -6.25154209 41.3116074 -16.6005936
v -6.25251484 45.3940735 -19.4881134
v -8.75251484 45.3940735 -23.8182411
v -6.25251484 45.3940735 -19.4881134
v -8.75251484 45.3940735 -23.8182411
v -1.25039005 45.3940735 -2.16483831
v 1.24960947 45.3940735 -6.49496508
v -1.25039053 45.3940735 -2.16483808
v 1.24960971 45.3940735 -6.49496508
v 1.24863696 45.3940735 -6.49573803
v -1.25136304 45.3940735 -10.8258657
v 1.24863696 45.3940735 -6.49573803
v -1.25136352 45.3940735 -10.8258657
v -13.749959 37.2291412 -6.49787617
v -13.749959 37.2291412 -6.49787569
v -13.7509317 37.2291412 -15.1589003
v -13.7509317 37.2291412 -15.1589003
v -11.2497749 37.2291412 -2.16652274
v -8.74977493 37.2291412 -6.49664974
v -6.24977541 37.2291412 -2.16652298
v -11.2497749 37.2291412 -2.16652274
v -11.2497749 37.2291412 -2.16652274
v -13.7497749 37.2291412 -6.49665022
v -8.74977493 33.1466713 -0.723147035
v -11.2497749 37.2291412 -2.16652274
v -6.24977541 37.2291412 -2.16652274
v -11.2497749 37.2291412 -2.16652274
v -11.2497749 33.1466713 -5.05327415
v -11.2497749 37.2291412 -2.16652274
v -13.7497749 37.2291412 -6.49665022
v -8.74977493 37.2291412 -6.49664974
v -11.2497749 37.2291412 -2.16652274
v -8.74977493 33.1466713 -0.723147333
v -11.2497749 33.1466713 -5.05327368
v -11.2497749 37.2291412 -2.16652274
v -11.2507477 37.2291412 -10.8275442
v -8.75074863 37.2291412 -15.157671
v -6.25074816 37.2291412 -10.8275452
v -11.2507477 37.2291412 -10.8275442
v -8.75074863 37.2291412 -6.49741745
v -13.7507477 37.2291412 -6.4974184
v -11.2507477 37.2291412 -10.8275442
v -13.7507477 37.2291412 -15.157671
v -11.2507477 37.2291412 -10.8275442
v -6.25074863 37.2291412 -10.8275452
v -8.75074768 37.2291412 -6.49741793
v -11.2507477 37.2291412 -10.8275442
v -13.7507477 37.2291412 -6.4974184
v -11.2507477 37.2291412 -10.8275442
v -13.7507477 37.2291412 -15.157671
v -8.75074863 37.2291412 -15.157671
v -11.2507477 37.2291412 -10.8275442
v -11.2507477 37.2291412 -10.8275442
v -11.2517204 37.2291412 -19.4885712
v -11.2517204 37.2291412 -19.4885712
v -8.75172138 37.2291412 -15.1584444
v -13.7517204 37.2291412 -15.1584444
v -11.2517204 37.2291412 -19.4885712
v -11.2517204 37.2291412 -19.4885712
v -8.75172043 37.2291412 -15.1584444
v -11.2517204 37.2291412 -19.4885712
v -13.7517204 37.2291412 -15.1584444
v -11.2517204 37.2291412 -19.4885712
v -11.2517204 37.2291412 -19.4885712
v -11.2517204 37.2291412 -19.4885712
v -6.2495966 37.2291412 -2.16529632
v -6.2495966 37.2291412 -2.16529655
v -3.75056934 37.2291412 -6.49619102
v -3.75056934 37.2291412 -6.49619102
v -6.25056934 37.2291412 -2.16606474
v -3.75056934 37.2291412 -6.49619102
v -8.75056839 37.2291412 -6.49619198
v -6.25056934 37.2291412 -10.8263187
v -3.75056934 37.2291412 -6.49619102
v -3.75056934 37.2291412 -6.49619102
v -6.25056934 37.2291412 -2.16606474
v -8.75056934 37.2291412 -6.49619102
v -3.75056934 37.2291412 -6.49619102
v -6.25056887 37.2291412 -10.8263187
v -3.75056934 37.2291412 -6.49619102
v -3.75056934 37.2291412 -6.49619102
v -6.25154161 37.2291412 -10.8270922
v -8.75154114 37.2291412 -15.1572199
v -6.25154161 37.2291412 -10.8270922
v -8.75154209 37.2291412 -15.1572199
v 5.81878996 38.0357857 -13.1890955
v 8.14927006 41.2028961 -12.2568216
v 9.68116951 38.1208916 -14.3747177
v 6.98851204 40.604557 -16.081152
v 11.7051907 42.4814873 -10.8244238
v 11.5884905 39.6811829 -13.7357149
v 10.4136171 38.7456474 -9.98401737
v 8.14927006 41.2028961 -12.2568216
v 7.7331419 42.3422356 -11.5553217
v 9.63823128 45.9033966 -11.4152107
v 9.08949184 43.7707176 -8.02677631
v 11.7051907 42.4814873 -10.8244238
v 8.24528885 40.6238136 -7.93376017
v 4.88199043 39.9028435 -10.0549145
v 5.49391508 43.544548 -8.41347027
v 7.7331419 42.3422356 -11.5553217
v 6.90611458 36.8899384 -7.16204596
v 10.842062 37.5296021 -7.81778049
v 8.20842171 37.8440208 -10.8667145
v 8.24528885 40.6238136 -7.93376017
v 5.54979849 38.7633705 -3.84820461
v 8.29546356 40.562191 -6.20541334
v 9.33812141 37.3616524 -3.96928573
v 6.90611458 36.8899384 -7.16204596
v 4.42481852 35.0339279 -4.92358494
v 6.25537491 37.4434967 -7.60199404
v 2.47499824 38.2425117 -6.41825294
v 5.54979849 38.7633705 -3.84820461
v 8.15192032 34.6388817 -3.41227913
v 7.54221535 34.3219185 -7.39459991
v 6.22754478 31.4171524 -4.91172028
v 4.42481852 35.0339279 -4.92358494
v 7.02207184 36.6523666 -0.0956113338
v 9.22625732 33.2818832 0.239472032
v 5.36798954 33.0638199 -0.942493796
v 8.15192032 34.6388817 -3.41227913
v -10.4610872 37.8044205 8.37213326
v -8.55396938 35.2934647 8.69478989
v -9.85168362 35.9462891 5.87772846
v -7.58082819 37.8215904 7.04928541
v -8.95454597 36.3543015 11.6545696
v -6.78828955 37.6961899 9.76969147
v -6.32274628 34.7653923 10.8831463
v -8.55396938 35.2934647 8.69478989
v -10.8452969 33.8243637 11.3887968
v -12.0901594 36.739212 11.3978548
v -10.8536253 35.5357857 14.0565805
v -8.95454597 36.3543015 11.6545696
v -9.9285078 30.8610802 10.7372179
v -11.3526459 32.605938 8.50710583
v -13.0127335 31.5462742 10.9905138
v -10.8452969 33.8243637 11.3887968
v -8.16544914 31.7720261 13.2086802
v -7.35871124 32.6577377 10.2742529
v -7.03795862 29.6316586 11.1608105
v -9.9285078 30.8610802 10.7372179
v -10.8915825 31.2206211 14.7286644
v -9.53314209 34.0793457 14.897419
v -8.20987129 31.6063061 16.3735962
v -8.16544914 31.7720261 13.2086802
v -11.1513357 28.1535892 13.9725227
v -13.5570145 30.136219 13.3999052
v -12.834981 29.3399544 16.3816452
v -10.8915825 31.2206211 14.7286644
v -8.3539505 26.6770153 14.1736965
v -9.23797417 28.0327625 11.4485264
v -10.6969013 25.4064007 12.4584074
v -11.1513357 28.1535892 13.9725227
v -9.29149818 26.6538811 17.2013588
v -6.4214015 27.762146 16.4395142
v -7.02942038 24.6586971 16.22752
v -8.3539505 26.6770153 14.1736965
v -11.8267584 24.7516632 17.2132454
v -12.0796976 27.7358932 18.2507877
v -10.4683647 25.5989323 19.9487534
v -9.29149818 26.6538811 17.2013588
v -11.9166727 22.0569916 15.5468731
v -13.4378872 24.6275291 14.4865294
v -14.5178413 23.0863934 17.0369549
v -11.8267584 24.7516632 17.2132454
v -9.19950962 21.5031052 17.0819111
v -9.20312023 23.2797432 14.4570961
v -9.72766495 20.1601143 14.2599373
v -11.9166727 22.0569916 15.5468731
v -11.1482563 21.2415981 19.5678692
v -8.45664024 22.8944569 19.8311558
v -8.3587513 19.7367191 19.5757198
v -9.19950962 21.5031052 17.0819111
v -12.9651527 18.9293652 18.3854141
v -14.259244 21.7104893 19.1833038
v -13.2202978 19.7407207 21.4386997
v -11.1482563 21.2415981 19.5678692
v -11.3776436 16.4353218 17.2427979
v -12.5974903 18.582922 15.2563763
v -14.5170364 16.6299057 16.852375
v -12.9651527 18.9293652 18.3854141
v -9.86718178 16.1966362 20.0190678
v -8.79633236 18.1886654 17.7984314
v -8.52632141 15.0581541 17.3823891
v -11.3776436 16.4353218 17.2427979
v -12.6694613 15.6207037 21.3834877
v -10.5700331 17.5160484 22.8139305
v -10.0212631 14.4000387 22.6257133
v -9.86718178 16.1966362 20.0190678
v -13.3604403 13.38274 19.2480278
v -15.2166414 15.9370508 19.5239429
v -15.1876898 13.7443819 21.8124943
v -12.6694613 15.6207037 21.3834877
v -10.763483 11.5741272 19.0722122
v -11.6923733 13.2622948 16.5555973
v -13.3809443 10.7471046 17.4875889
v -13.3604403 13.38274 19.2480278
v -11.4588079 11.004508 22.1117363
v -8.59378338 12.1055965 21.3208141
v -9.41049862 9.13473797 20.5772305
v -10.763483 11.5741272 19.0722122
v -14.2294445 9.61906528 22.7828236
v -13.2867393 12.1574306 24.430275
v -11.8060446 9.38109398 24.8117619
v -11.4588079 11.004508 22.1117363
v -13.8282795 8.0007143 20.0873165
v -15.6509323 10.5935154 20.1227818
v -16.6314106 7.94721127 21.56567
v -14.2294445 9.61906528 22.7828236
v -11.9154882 6.27710915 21.9356537
v -10.9330978 7.20809317 19.0696087
v -13.1832027 4.99112415 19.3308163
v -13.8282795 8.0007143 20.0873165
v -13.6472874 5.80139446 24.5472736
v -10.638238 6.7659421 24.7949772
v -11.282649 3.81629467 23.8303738
v -11.9154882 6.27710915 21.9356537
v -16.1146965 4.39831209 23.136898
v -16.5167751 7.14169359 24.6725407
v -15.9362631 4.48467207 26.3002357
v -13.6472874 5.80139446 24.5472736
v -15.4028606 1.81988192 21.4365749
v -15.8055801 4.61099052 19.9896278
v -18.2958183 3.0996685 21.2389183
v -16.1146965 4.39831209 23.136898
v -14.0639811 0.915134549 24.1632748
v -12.3243608 2.37210989 21.9503479
v -13.3442345 -0.58991766 21.4683018
v -15.4028606 1.81988192 21.4365749
v -17.0669022 0.772947669 25.1674442
v -14.8948269 2.32073641 26.8799076
v -14.8071566 -0.842162251 26.6942253
v -14.0639811 0.915134549 24.1632748
v -18.6418705 -1.22481179 23.2768211
v -19.9281101 1.5649004 24.0573196
v -19.6506958 -0.718004584 26.238493
v -17.0669022 0.772947669 25.1674442
v -16.1169701 -3.00571012 22.5701427
v -17.1443062 -0.825070381 20.5121117
v -18.849659 -3.44683433 21.026144
v -18.6418705 -1.22481179 23.2768211
v -16.4912987 -4.40798759 25.3878708
v -13.7703133 -2.93538547 24.6995449
v -14.512373 -5.65365791 23.2481823
v -16.1169701 -3.00571012 22.5701427
v -18.1005707 -6.95725775 26.3664055
v -18.7934227 -4.09739685 27.54422
v -16.0695305 -5.51635456 28.3272114
v -16.4912987 -4.40798759 25.3878708
v -20.6885033 -8.06949806 27.8194046
v -18.8959675 -10.0109329 26.0691013
v -20.6465721 -7.77321386 24.664032
v -18.1005707 -6.95725775 26.3664055
v -21.8818016 -5.40151548 29.0457668
v -20.5719223 -7.5725441 30.9475899
v -23.3486958 -8.16741371 29.539835
v -20.6885033 -8.06949806 27.8194046
v -22.7795162 -4.4904809 26.1457233
v -20.9690552 -2.58423495 27.9161911
v -24.0009766 -3.0697391 28.7022114
v -21.8818016 -5.40151548 29.0457668
v -25.3917103 -3.89766359 24.4513245
v -24.3848095 -6.88033485 24.8199425
v -22.7470341 -4.86841488 22.998951
v -22.7795162 -4.4904809 26.1457233
v -27.9842815 -2.60796571 23.1623821
v -26.9003239 -1.54359245 25.9441547
v -28.2340279 -4.41272259 25.755949
v -25.3917103 -3.89766359 24.4513245
v -29.5694141 -0.413833618 21.5134087
v -30.9962482 -3.12601042 22.3222942
v -28.714241 -3.13052988 20.1226215
v -27.9842815 -2.60796571 23.1623821
v -27.4656792 1.46550918 22.958601
v -30.2296104 0.806609273 24.3631115
v -30.1566372 2.68648911 21.812273
v -29.5694141 -0.413833648 21.5134087
v -24.9854736 0.294638038 21.3699703
v -25.5350666 -0.626306057 24.3525715
v -24.5214195 2.31866598 23.7645607
v -27.4656792 1.46550918 22.958601
v -26.0805779 1.27584505 18.5620804
v -26.7043743 -1.66487122 19.5666771
v -23.7605438 -0.879721642 18.6929226
v -24.9854736 0.294638038 21.3699703
v -26.5500679 4.28824282 19.4287262
v -28.9267368 2.19887328 19.6077766
v -27.8848515 3.17533493 16.7780914
v -26.0805779 1.27584505 18.5620804
v -23.3954639 4.42310667 19.7047501
v -25.2083244 4.2710042 22.3002167
v -25.1678963 6.91181231 20.547884
v -26.5500679 4.28824282 19.4287262
v -22.2647934 3.31845093 16.957468
v -22.8121414 1.32664859 19.3614807
v -20.4065228 3.38396215 19.5243111
v -23.3954639 4.42310667 19.7047501
v -23.6281872 5.92432547 15.7757072
v -25.2494392 3.20349813 15.8969307
v -22.851656 3.52968836 13.8498917
v -22.2647934 3.31845093 16.957468
v -21.9903316 8.02930069 17.4881973
v -24.9975719 7.36989832 18.2417183
v -24.3464031 9.00681877 15.6068439
v -23.6281872 5.92432547 15.7757072
v -19.3715763 6.80537415 16.1881123
v -20.2329826 5.95478487 19.1173725
v -19.1362438 8.87849808 18.5740852
v -21.9903316 8.02930069 17.4881973
v -19.7410278 7.42180395 13.1010799
v -20.295927 4.50576925 14.2123728
v -17.3289566 5.61264038 14.0783138
v -19.3715763 6.80537415 16.1881123
v -20.358099 10.4931335 13.5829
v -22.7087269 8.36940765 13.6849203
v -21.3335247 9.07962036 10.9189558
v -19.7410278 7.42180395 13.1010799
v -17.4213638 11.0921526 14.6137094
v -19.8292713 10.9712162 16.6712265
v -19.6066093 13.3878822 14.632513
v -20.358099 10.4931335 13.5829
v -15.796978 9.6885767 12.2818747
v -16.3241196 8.14360714 14.9987278
v -14.3082333 10.5885534 14.9313622
v -17.4213638 11.0921526 14.6137094
v -16.8701248 11.5183029 9.92673779
v -18.1218147 8.64464188 10.3973389
v -15.172637 8.92340851 9.27008724
v -15.796978 9.6885767 12.2818747
v -16.1720638 14.2019482 11.461937
v -19.0117722 12.8480301 11.8480072
v -18.2777824 14.2330332 9.09316826
v -16.8701248 11.5183029 9.92673779
v -13.1062517 13.4553051 11.1626348
v -14.4913397 13.3534927 14.0117283
v -13.94806 16.1451378 12.6125774
v -16.1720638 14.2019482 11.461937
v -12.8695698 13.1107864 8.02077198
v -13.0719166 10.5550842 9.88450909
v -10.4364185 12.3158369 9.88997078
v -13.1062517 13.4553051 11.1626348
v -14.0950909 15.8462887 6.99066734
v -15.9352484 13.2770472 7.23335171
v -13.7101803 13.425724 4.98099422
v -12.8695698 13.1107864 8.02077198
v -11.8309603 17.398859 8.57480907
v -14.6712675 16.9464741 9.90678883
v -14.3607512 18.9659786 7.4837265
v -14.0950909 15.8462887 6.99066734
v -9.51756382 16.052494 6.87734509
v -10.2359123 14.9254684 9.75133133
v -8.80807018 17.7406235 9.46439838
v -11.8309603 17.398859 8.57480907
v -10.351759 17.1539326 4.02483845
v -11.0428972 14.1686792 4.83513355
v -8.03652287 15.0042133 4.27856636
v -9.51756382 16.052494 6.87734509
v -10.6201429 20.1588211 4.99674368
v -13.1300173 18.2265129 5.10970116
v -12.0268984 19.2296867 2.31275606
v -10.351759 17.1539326 4.02483845
v -7.46993923 20.2893085 5.32124949
v -9.30830002 19.8490772 7.86540747
v -9.27403831 22.6605263 6.40229893
v -10.6201429 20.1588211 4.99674368
v -6.33268785 19.2392769 2.55536032
v -6.80808496 17.2124996 4.94539642
v -4.4562273 19.3310871 5.10811758
v -7.46993923 20.2893085 5.32124949
v -7.85515881 21.6716728 1.20956254
v -9.25006485 18.831049 1.38565087
v -6.80283642 19.275856 -0.578899145
v -6.33268785 19.2392769 2.55536032
v -6.90166998 24.2309132 2.81791997
v -9.90183258 23.236681 3.05559373
v -8.8761301 24.5492001 0.359026313
v -7.85515881 21.6716728 1.20956254
v -3.95981383 23.2055397 2.23535204
v -5.36735535 22.5023746 4.98675728
v -4.44852638 25.47686 4.3913002
v -6.90166998 24.2309132 2.81791997
v -4.04208565 23.7270241 -0.889849782
v -4.20935822 20.7657394 0.227604508
v -1.49082267 22.3832893 0.425948858
v -3.95981383 23.2055397 2.23535204
v -4.8617301 26.7536049 -1.35179007
v -7.08789968 24.5874805 -0.720991194
v -5.6007843 24.563015 -3.51995659
v -4.04208565 23.7270241 -0.889849842
v -9.11189079 36.7164421 7.49848652
v -7.65488911 36.0273361 10.2505465
v -10.6859026 35.6134186 12.1244497
v -11.2847958 32.2094154 10.4059095
v -8.12266922 31.2306213 11.3452291
v -9.20000458 32.1695747 14.8020849
v -12.1087303 29.7125835 14.6206818
v -9.86004066 27.0674419 13.0132885
v -7.77406883 26.4379368 16.0105057
v -10.9165783 26.1850929 18.1535358
v -12.9247875 23.6306477 16.0709038
v -10.0117416 21.7499886 15.3364544
v -9.29079342 21.3439693 19.0141716
v -12.8982563 20.4055252 19.6438141
v -12.8643284 17.6443729 16.9342365
v -9.64187145 16.4696941 18.1106701
v -10.7819843 15.9333572 21.7105484
v -14.1085577 14.6712198 20.4919891
v -12.2993155 12.2415714 18.0908604
v -10.0566416 10.954752 20.7704582
v -12.6952477 10.5405293 23.5341396
v -15.0850172 9.0401144 21.1396255
v -12.4650087 6.6192522 20.105854
v -11.8709183 5.66518259 23.7770786
v -15.5537672 5.45651245 24.6642323
v -16.4047394 3.4822135 21.4505043
v -13.7838564 1.12930083 22.2546272
v -15.2082157 0.791664243 25.7262115
v -18.8218994 0.0987544656 24.6850166
v -17.6882019 -2.1256063 21.8463058
v -15.2227383 -4.00068569 23.9764366
v -17.3637085 -5.24475145 26.9064293
v -19.5829296 -8.20273972 26.2297459
v -21.6227322 -7.3027401 29.33815
v -22.4078369 -3.88649416 27.9524746
v -23.8257751 -5.03422308 24.6039791
v -27.1275845 -3.11548662 24.8284531
v -29.3160515 -2.3195796 21.7801704
v -29.3553391 1.13618541 22.6618423
v -25.6269112 0.863127232 23.1114254
v -25.3827381 -0.243528187 19.5479259
v -27.3605595 2.73457861 18.5941696
v -25.0804214 4.9735446 20.4953995
v -22.2197361 3.1130476 18.8870106
v -23.4985237 3.9939971 15.6199951
v -23.7406235 7.58258486 16.7781162
v -20.182785 7.4169898 17.8419418
v -19.1843719 6.08639765 14.3949814
v -21.0353489 8.8409996 12.8219643
v -19.3038158 11.486105 14.8751001
v -15.9626741 9.87822247 14.206419
v -16.4903851 9.6937294 10.469018
v -17.5829353 13.2003298 10.5824633
v -14.4294405 14.2889729 12.3122187
v -12.3710375 12.359251 9.73946476
v -14.1525278 13.9149685 6.80644131
v -13.7395248 17.2893925 8.23899078
v -10.098114 16.5293541 8.66696453
v -9.73719025 15.5948334 5.00395298
v -11.5322056 18.6922455 4.11101198
v -9.16810608 20.7394333 6.14642477
v -6.26673174 19.0180397 4.48252726
v -7.56020641 19.7544861 1.14289951
v -8.38369465 23.4221478 1.86054206
v -5.16927767 23.8539028 3.60783601
v -3.4255178 22.5203991 0.499726534
v -5.39814758 24.9078293 -1.62065947
v 0.637103319 25.6518974 -12.908864
v -1.10512328 24.9262753 -10.0617332
v 0.639814973 27.8533669 -10.2970505
v -2.19582033 27.4019222 -12.1472979
v -1.04386592 22.8151436 -7.37712669
v 1.86477494 24.1627102 -8.55686569
v 0.216336414 21.7928181 -10.3828964
v -1.10512328 24.9262753 -10.0617332
v -4.08228731 23.9477425 -8.45103931
v -1.72858083 26.1614971 -7.34316635
v -3.28742266 24.0766945 -5.13146305
v -1.04386592 22.8151436 -7.37712669
v -5.13844633 22.5793228 -11.3972225
v -3.15628815 25.3611526 -11.4196825
v -6.39627361 25.5811291 -10.3603735
v -4.08228731 23.9477425 -8.45103931
v -3.49818611 20.4758377 -9.26349926
v -1.89919949 21.6952724 -12.0246944
v -4.39690304 19.3916969 -12.3755598
v -5.13844633 22.5793228 -11.3972225
v -6.38931274 21.5314293 -7.78188944
v -3.94676781 20.0575218 -5.90316677
v -5.76153374 18.1902294 -8.11402035
v -3.49818611 20.4758377 -9.26349926
v -8.71447277 20.1800003 -9.88786507
v -8.44826698 23.5722637 -9.5884552
v -9.71083832 21.7238045 -7.0083003
v -6.38931274 21.5314293 -7.78188944
v -9.20281506 17.3055973 -11.6675491
v -6.98162413 19.6486073 -12.7831812
v -10.3356657 20.2861862 -12.8926048
v -8.71447277 20.1800003 -9.88786507
v -9.74407768 15.9139919 -8.59537411
v -7.03849125 17.9367924 -9.10137463
v -7.14090729 14.8334789 -10.5251293
v -9.20281506 17.3055973 -11.6675491
v -11.359128 13.6718826 -6.58729601
v -10.3382492 12.7406769 -9.7111721
v -12.9298306 14.9355774 -9.3448143
v -9.74407768 15.9139919 -8.59537411
v -9.6359148 16.4370213 -5.56137419
v -7.94942951 13.5875511 -6.40060854
v -9.81452465 13.6887693 -3.54067135
v -11.359128 13.6718826 -6.58729601
v -12.6491413 18.0349598 -5.74872828
v -9.75511265 19.7850437 -6.22814417
v -10.5591106 18.6340523 -3.1141696
v -9.6359148 16.4370213 -5.56137419
v -14.5098553 15.7087049 -4.07703209
v -15.8478365 17.3693161 -6.74541855
v -15.28269 19.0254059 -3.8118329
v -12.6491413 18.0349598 -5.74872828
v -15.0710306 13.5424004 -1.49634695
v -13.3197527 12.5111351 -4.24178791
v -16.6763878 13.0985641 -4.47858906
v -14.5098553 15.7087049 -4.07703209
v -14.2197094 16.6281185 -0.304108083
v -11.7892056 14.4826488 -1.380018
v -13.482996 13.8317661 1.51403224
v -15.0710306 13.5424004 -1.49634695
v -17.4624634 16.4349785 -1.36019886
v -16.1437969 19.4474373 -0.435934544
v -16.7708244 17.0606499 1.92586637
v -14.2197094 16.6281185 -0.304108083
v -18.713068 14.0965042 0.792902708
v -19.1121521 13.7023916 -2.57659841
v -20.838232 16.1448421 -0.926436126
v -17.4624634 16.4349785 -1.36019874
v -17.4876003 12.7215738 3.66962981
v -15.7405195 12.4142113 0.750524282
v -18.665596 10.7028475 1.17864394
v -18.713068 14.0965042 0.792902708
v -19.5059624 15.4637146 3.39559484
v -16.1224442 15.793251 3.06197286
v -17.4777489 15.1012917 6.12012959
v -17.4876003 12.7215738 3.66962981
v -22.507515 13.9436655 3.9855895
v -21.9616756 15.5539227 1.0229677
v -22.3057976 17.3526306 3.90641832
v -19.5059624 15.4637146 3.39559507
v -22.439888 10.8381357 5.40658665
v -20.9548969 11.3620777 2.3753562
v -24.3601665 11.4089537 2.63986135
v -22.507515 13.9436655 3.9855895
v -21.4857941 13.5804396 7.20588017
v -19.1231823 11.4797106 5.91241503
v -21.0805359 10.4521418 8.51643848
v -22.439888 10.8381357 5.40658665
v -24.6055546 14.9021473 6.77151775
v -22.0805073 16.8502197 7.9951992
v -23.4038754 14.3600082 9.92275429
v -21.4857941 13.5804396 7.20588017
v -26.4148331 12.3142538 8.07423687
v -27.025423 13.3931818 4.89130592
v -27.9008617 15.3455925 7.55398083
v -24.6055546 14.9021473 6.77151775
v -25.8268719 9.75953102 10.2641239
v -24.2071838 9.83885288 7.25774288
v -27.5549259 9.17066574 7.37707043
v -26.4148331 12.3142538 8.07423687
v -26.4456596 13.008769 11.1172247
v -23.2390575 11.9686613 10.5658798
v -24.9209671 10.9181204 13.3471594
v -25.8268719 9.75953102 10.2641239
v -29.7884293 12.5537853 10.5815735
v -28.54743 15.7007542 11.0554333
v -28.6662617 13.5007114 13.6657448
v -26.4456596 13.008769 11.1172247
v -29.5310822 9.27100754 11.4900303
v -31.0686245 10.1166162 8.55934334
v -32.572773 10.8244848 11.5433731
v -29.7884293 12.5537853 10.5815735
v -28.6321983 9.85267258 14.7337561
v -27.3725719 7.14761925 13.0712032
v -30.6668663 7.21687508 13.9716806
v -29.5310822 9.27100754 11.4900303
v -31.5369644 11.6356392 14.9604616
v -28.7456646 12.7004948 16.6165924
v -30.3866539 9.89381504 17.6643238
v -28.6321983 9.85267258 14.7337561
v -33.5063171 8.88034058 15.405139
v -33.9441147 10.8678341 12.6617537
v -34.8381958 12.0062218 15.7557516
v -31.5369644 11.6356392 14.9604616
v -33.3133392 5.82968521 16.9297028
v -31.6928329 6.36592102 13.970911
v -35.1031876 6.18581867 14.0422039
v -33.5063171 8.88034058 15.405139
v -33.4628067 8.87625313 18.4673424
v -30.4334335 7.49844551 17.6974907
v -32.3405685 6.14755821 20.1886578
v -33.3133392 5.82968521 16.9297028
v -36.8007965 8.7940712 17.7465935
v -35.4765472 11.4719563 19.402935
v -35.7418594 8.45156193 20.9760685
v -33.4628067 8.87625313 18.4673424
v -36.9483147 5.41442108 18.2198067
v -38.4999275 6.8312254 15.5266514
v -39.7435417 7.32555771 18.6694508
v -36.8007965 8.7940712 17.7465935
v -35.7247391 4.83846378 21.356554
v -35.0417404 2.64611769 18.8276882
v -38.2050171 2.85429907 20.0998383
v -36.9483147 5.41442108 18.2198067
v -38.2725868 6.98599911 22.1079082
v -35.3988304 7.03300858 23.9538136
v -37.5497818 4.39174843 24.2092113
v -35.7247391 4.83846378 21.356554
v -40.7378044 4.63061857 22.3153248
v -41.1898499 7.41042519 20.3823547
v -41.1642494 7.68346214 23.7871723
v -38.2725868 6.98599911 22.1079082
v -41.1463852 1.24859452 22.5661755
v -39.5743256 2.58163524 19.8422718
v -42.9365768 3.01862311 20.2574463
v -40.7378044 4.6306181 22.3153248
v -40.3938408 3.35456681 25.1481361
v -37.8854027 1.8351419 23.396822
v -39.8733749 -0.00530266762 25.477396
v -41.1463852 1.24859452 22.5661755
v -43.1389046 5.38677216 25.0911198
v -40.9123802 5.5958643 27.6731873
v -42.9332581 2.85782218 27.378109
v -40.3938408 3.35456681 25.1481361
v -45.5062103 2.95564079 24.6995411
v -45.7055092 5.84188843 22.8835468
v -46.3140564 5.89313507 26.2443695
v -43.1389046 5.38677216 25.0911198
v -0.506005645 26.4583664 -11.3537359
v -0.0169663727 23.4242229 -9.09464073
v -2.53553605 24.250267 -7.07569933
v -4.69332361 24.3673363 -10.4070787
v -3.73317719 21.0355244 -11.2652388
v -4.89894867 20.063755 -7.7656455
v -8.31573296 21.7518711 -8.56663513
v -8.80864525 19.355093 -11.807806
v -8.28157139 16.4974575 -9.97233963
v -11.0928297 14.3155212 -8.55965805
v -9.68974495 14.3463097 -5.52248478
v -10.6498194 18.2227688 -5.16310406
v -14.5723667 17.5346069 -5.0957613
v -14.8942604 13.7151833 -3.57342529
v -13.640729 14.6212454 -0.416603804
v -16.1491947 17.3927956 -0.0435932875
v -19.0314674 15.0946941 -1.01759267
v -17.6516876 12.4837732 1.59793949
v -17.6484337 14.7699451 4.06183147
v -21.5702419 15.5784817 3.07764339
v -22.5656166 11.8882141 3.60184717
v -21.0323467 11.5876102 6.76033401
v -22.8939056 14.9231892 7.97383785
v -26.4866829 13.98878 6.82276535
v -26.0009518 10.2708168 8.24329758
v -25.108139 11.4137573 11.3235922
v -28.3619442 13.6910048 11.6049938
v -30.7402229 10.6914854 10.5435791
v -29.0506802 8.37204361 13.3166647
v -29.8253708 11.0206556 15.993783
v -33.4564133 10.8474951 14.6957769
v -33.4039192 6.81544113 15.0869894
v -32.3875389 7.08797264 18.3207893
v -35.3704758 9.39845848 19.1482353
v -37.9981499 7.09129715 17.5406265
v -36.4799538 3.93832684 19.6259708
v -36.7364883 5.81230927 22.9068775
v -40.341114 6.67762947 22.1481895
v -41.098774 2.86986041 21.2453022
v -39.824749 1.60825276 24.1471367
v -41.8445702 4.29873753 26.3226318
v -45.1661797 5.01935291 24.7296429
v -37.5483894 -6.25388956 19.3578072
v -35.9920197 -3.01793289 17.8660583
v -37.4693451 -2.9854846 21.4626541
v -34.1695175 -4.90867805 20.7335644
v -33.7752533 -3.94749975 14.8097525
v -35.3898964 -6.75221539 16.9651089
v -32.4881058 -4.61060476 18.418438
v -35.9920197 -3.01793289 17.8660583
v -36.3478889 -1.24029088 13.727335
v -37.346817 -3.93454695 16.3469143
v -36.8357468 -4.93702364 12.6249609
v -33.7752533 -3.94749975 14.8097525
v -33.6998177 1.04512143 15.4254961
v -35.7295151 -1.49516928 17.5577087
v -37.4866104 1.64134443 16.0765057
v -36.3478889 -1.24029088 13.727335
v -30.5698452 -0.906128645 14.1947832
v -33.0232124 -2.55903482 16.7182541
v -30.7437744 0.376373947 17.8613815
v -33.6998177 1.04512143 15.4254961
v -32.1669884 0.193932772 10.8245811
v -33.9095078 -2.50791979 13.0115213
v -30.5909081 -3.34422755 11.1658545
v -30.5698452 -0.906128645 14.1947832
v -33.1603508 3.78505039 11.936511
v -34.8569756 0.699801445 13.5863228
v -35.6631432 1.6196394 9.89538479
v -32.1669884 0.193932772 10.8245811
v -29.3655472 4.30229521 12.6083889
v -31.3567886 1.65346336 14.6425648
v -31.9808617 5.44298697 15.2500105
v -33.1603508 3.78505039 11.936511
v -28.0067215 2.50228643 9.44093132
v -30.1006927 0.524680495 12.0531054
v -26.4987469 1.69552255 12.9329557
v -29.3655472 4.30229521 12.6083889
v -30.3109837 5.32264185 8.07888985
v -31.8383999 2.36452413 10.0877752
v -30.4488945 1.76965189 6.50525761
v -28.0067215 2.50228643 9.44093132
v -29.5697441 8.58903694 10.0538034
v -30.9447765 5.4628458 11.9126501
v -33.2444 7.45071316 9.48794365
v -30.3109837 5.32264185 8.07888985
v -25.7246227 8.02976418 10.1997118
v -28.0736923 6.00884247 12.5484982
v -27.5423336 9.81551075 13.1367311
v -29.5697441 8.58903694 10.0538034
v -27.6215057 6.26026392 7.3031354
v -24.2821999 4.77668715 8.63251209
v -24.2637711 8.0894146 6.59671831
v -25.7246227 8.02976418 10.1997118
v -28.1519165 8.90435982 4.50204563
v -30.601532 5.90269423 4.83118296
v -26.963932 5.31635427 3.58889437
v -27.6215057 6.26026392 7.3031354
v -29.9563065 12.2744389 5.21336508
v -31.0405922 9.05239582 7.10065699
v -31.8141861 9.43836308 3.30966759
v -28.1519165 8.90435982 4.50204563
v -26.9515533 10.0476494 4.14942074
v -26.6795654 12.3010464 7.30652905
v -26.739172 13.9113779 3.76783419
v -29.9563065 12.2744389 5.21336508
v -27.8195133 11.8034124 0.790400267
v -26.7960873 8.05227375 0.815746427
v -24.1446609 10.7959929 1.56477022
v -26.9515533 10.0476494 4.14942074
v -31.2355824 12.0378456 -1.05205047
v -31.0386257 10.425108 2.48056984
v -29.5115681 8.5840435 -0.584990621
v -27.8195133 11.8034124 0.790400267
v -28.1773872 12.9866371 1.15392447
v -31.4938107 14.993041 1.46175551
v -29.2998791 15.3413496 -1.72954893
v -31.2355824 12.0378456 -1.05205047
v -25.2536602 12.3547421 -1.3303535
v -24.8771477 15.0169373 1.47856951
v -27.2759743 15.6708746 -1.51092434
v -28.1773872 12.9866371 1.15392447
v -25.7692738 14.2186804 -4.70365953
v -28.338398 11.5369053 -3.5517695
v -24.780899 10.4580765 -4.69164991
v -25.2536602 12.3547421 -1.3303535
v -28.218195 16.813961 -6.24816799
v -29.5148029 14.2182894 -3.65972137
v -28.4908581 13.0610123 -7.22785807
v -25.7692738 14.2186804 -4.70365953
v -24.4580135 17.7031822 -5.81317425
v -26.2152691 15.3749676 -3.24207759
v -27.0970936 19.1602383 -3.357301
v -28.218195 16.813961 -6.24816799
v -23.2791615 15.3232002 -8.65304661
v -24.7869835 13.8525906 -5.38458014
v -21.2758884 15.5223255 -5.32643557
v -24.4580135 17.7031822 -5.81317425
v -25.9394131 16.751173 -11.1031647
v -27.0650902 14.9076786 -7.86998415
v -25.4521675 12.9064245 -10.7876072
v -23.2791615 15.3232002 -8.65304661
v -24.5346203 20.1102428 -9.73847771
v -26.968235 17.9947414 -7.5656271
v -28.2838421 19.83078 -10.7306223
v -25.9394131 16.751173 -11.1031647
v -20.8235149 18.9512444 -9.7976017
v -23.2770309 17.4831467 -7.16245031
v -22.1168003 21.184248 -6.88896227
v -24.5346203 20.1102428 -9.73847771
v -22.4707718 19.3959255 -13.2915821
v -22.7385139 15.9898338 -11.435257
v -19.3254776 17.1440659 -12.8974524
v -20.8235149 18.9512444 -9.7976017
v -25.3622341 21.075922 -15.2755556
v -26.1633053 18.4564934 -12.515852
v -24.5295124 17.3225975 -15.8571215
v -22.4707718 19.3959255 -13.2915821
v -22.7593822 20.8201542 -12.3982954
v -26.0375004 22.8460789 -11.8800325
v -23.2741508 24.194809 -14.259944
v -25.3622341 21.075922 -15.2755556
v -19.6223717 23.1171703 -12.352273
v -22.0688934 23.1067734 -9.33010769
v -23.1668777 24.6740971 -12.7149153
v -22.7593822 20.8201542 -12.3982954
v -17.3825989 20.0119858 -13.0310555
v -21.0136452 20.1304131 -14.4169464
v -20.4024963 19.7362633 -10.597249
v -19.6223717 23.1171703 -12.352273
v -15.9130325 22.9379063 -10.9338045
v -19.2018013 23.4474087 -12.9446468
v -15.8134537 23.0883331 -14.8179426
v -17.3825989 20.0119858 -13.0310555
v -16.641861 22.1771736 -7.19094276
v -19.4773998 21.8437557 -9.83056068
v -18.1335754 25.3594666 -8.85432053
v -15.9130325 22.9379063 -10.9338045
v -36.2948189 -4.29149437 19.8550205
v -34.4113235 -4.58205938 17.014843
v -36.0764275 -3.51483917 14.3772402
v -35.8159599 -0.0122511387 15.6967583
v -32.0091438 -0.510930657 16.0499763
v -31.8093033 -1.64108384 12.2991991
v -33.9618607 1.57459605 11.5606966
v -31.4659119 3.7959466 13.6093578
v -28.4929314 2.25620508 11.758852
v -30.1512413 2.98977256 8.52821732
v -31.017477 6.70631123 9.88332367
v -27.7275963 8.11078835 11.4846859
v -25.4730186 6.78904486 8.18303967
v -28.3347263 6.59593153 5.05629301
v -30.2407417 9.91738224 5.0314312
v -27.5816498 12.1336288 5.10928774
v -26.4279537 10.1748323 1.83008385
v -29.9013214 10.7126017 0.408482939
v -30.0516644 13.8397179 -0.0414799452
v -26.3960438 14.0072975 -0.0521948934
v -26.0355549 12.1420965 -3.56934428
v -27.9983253 14.5780144 -5.4598732
v -26.4971294 17.2630901 -4.66517305
v -23.4500046 15.6003094 -6.29431629
v -25.4339542 14.9721193 -9.60344887
v -26.4315281 18.67173 -9.78447533
v -22.6879921 19.4322205 -8.39687347
v -21.3395691 17.8702679 -11.8554726
v -24.6314545 19.0627346 -14.2350273
v -24.3583088 22.2342434 -13.4534464
v -21.9043884 22.9295368 -11.6989012
v -19.6052876 20.7489834 -12.5993767
v -17.0777206 22.3714066 -12.9318628
v -17.5414715 23.0795746 -9.20239639
v -26.0748901 27.4555969 -5.12174368
v -27.5160561 30.4633713 -3.74915457
v -24.1807632 30.5247879 -5.12020111
v -27.0239429 30.1614552 -7.30925798
v -28.1571808 27.3951416 -1.96527028
v -29.0128803 30.5633392 -0.469356894
v -25.5514126 29.6222591 -0.843940914
v -27.5160561 30.4633713 -3.74915457
v -30.4272842 24.9006081 -3.2426362
v -30.7897148 28.3478603 -4.23898554
v -31.5922127 27.3514462 -0.866935372
v -28.1571808 27.3951416 -1.96527028
v -27.2372952 25.6706543 -1.74643517
v -27.4732399 25.1090393 -5.30122614
v -27.883358 22.3547096 -3.00926447
v -30.4272842 24.9006081 -3.2426362
v -28.4063721 23.8224277 1.12147927
v -26.4416294 26.8117676 1.58108664
v -24.8985806 23.8215084 0.283024251
v -27.2372952 25.6706543 -1.74643517
v -31.9652157 23.3270187 1.43229103
v -30.6692238 26.561821 0.50278759
v -30.2044849 25.329855 3.86045885
v -28.4063721 23.8224277 1.12147927
v -30.0650635 20.2953777 1.88658261
v -28.9772835 22.763752 -0.507475734
v -31.9399967 20.8103676 -1.15102565
v -31.9652157 23.3270187 1.43229103
v -28.3708038 22.6692524 4.00832415
v -26.462925 20.3040257 2.06582069
v -28.4060326 19.1710148 4.88508701
v -30.0650635 20.2953777 1.88658261
v -30.8724155 24.129673 6.15698433
v -27.394989 24.2338219 7.10792637
v -29.1839447 21.102499 7.15343285
v -28.3708038 22.6692524 4.00832415
v -32.3799591 20.8548298 6.25779009
v -33.50774 23.2856522 3.8439219
v -34.2557907 23.7377205 7.34302521
v -30.8724155 24.129673 6.15698433
v -32.9023781 18.6611137 9.07247543
v -32.3476563 17.2791348 5.78764915
v -35.4438858 18.9721222 6.53245926
v -32.3799591 20.8548298 6.25779009
v -31.0618877 21.4452877 10.4394083
v -29.7159595 19.5851021 7.65807104
v -29.8671494 18.0780392 10.9312315
v -32.9023781 18.6611137 9.07247543
v -34.5901527 21.1616459 9.74749374
v -33.1004105 24.4123058 10.2181692
v -33.4705505 22.1751022 13.0227108
v -31.0618877 21.4452877 10.4394083
v -34.882019 18.9671593 12.5946722
v -36.6381989 18.2002773 9.53930855
v -37.6936722 20.9832687 11.5761261
v -34.5901527 21.1616459 9.74749374
v -33.0504227 17.0989799 15.0771675
v -32.168663 16.8132439 11.5917025
v -35.2546425 15.385397 12.7940359
v -34.882019 18.9671593 12.5946722
v -34.680954 20.3090324 14.8653717
v -31.2276955 19.9720154 13.880908
v -32.1415825 19.737484 17.3619041
v -33.0504227 17.0989799 15.0771675
v -37.0798492 18.8873844 17.1527004
v -38.1400146 21.3178806 14.7080412
v -36.0888557 22.3383846 17.4935246
v -34.680954 20.3090324 14.8653717
v -37.982563 15.4304867 17.6450329
v -37.4298515 16.6928482 14.3120909
v -40.3468704 17.7189522 16.168375
v -37.0798492 18.8873844 17.1527004
v -35.8870583 18.0093098 19.047205
v -34.4221535 15.3704891 17.0727882
v -35.7334862 14.6515732 20.354744
v -37.982563 15.4304867 17.6450329
v -38.696682 19.8665104 20.3373928
v -35.3346939 20.9976883 20.9894066
v -36.5745087 18.0117378 22.5876961
v -35.8870583 18.0093098 19.047205
v -39.8491325 16.7558098 21.7526798
v -41.7116241 18.3267937 19.0935917
v -41.6668892 19.8065243 22.3823624
v -38.696682 19.8665104 20.3373928
v -39.6619949 14.1853628 24.2756233
v -38.8147125 13.4194832 20.8546429
v -42.2458 14.0607262 21.7624607
v -39.8491325 16.7558098 21.7526798
v -38.8980904 17.6639862 24.844408
v -36.6247482 15.6053858 22.9465714
v -36.9752312 15.1012506 26.5005188
v -39.6619949 14.1853628 24.2756233
v -42.4712524 17.2444 25.0985451
v -40.9412575 20.3424664 26.1324272
v -40.4509926 17.3496513 28.0843887
v -38.8980904 17.6639862 24.844408
v -42.0391769 14.6678696 27.5849972
v -43.7907028 13.9384308 24.5178051
v -45.3070297 16.0755939 26.9958858
v -42.4712524 17.2444 25.0985451
v -40.489994 13.0330143 30.4019375
v -39.0404778 12.7200632 27.1142864
v -42.1586761 11.0748587 27.8743267
v -42.0391769 14.6678696 27.5849972
v -42.5464668 15.9874516 30.6255245
v -39.4220467 16.0969448 28.8272915
v -39.4242897 15.8232288 32.4234848
v -40.489994 13.0330143 30.4019375
v -44.6036148 13.3989563 32.0661049
v -45.5560265 14.9300938 28.9426346
v -45.7723122 16.8105278 32.0126266
v -42.5464668 15.9874516 30.6255245
v -44.2011032 10.0601959 33.3692513
v -43.5360184 10.7296886 29.888298
v -46.9236679 10.8034449 31.1236305
v -44.6036148 13.3989563 32.0661049
v -43.290062 13.3849888 34.4291229
v -40.8441849 11.2663479 32.8364258
v -41.9811745 10.5135317 36.175312
v -44.2011032 10.0601959 33.3692513
v -46.7427483 13.9577389 35.3000565
v -44.4077301 16.7063694 35.2816887
v -44.1849747 14.1679935 37.8340683
v -43.290062 13.3849888 34.4291229
v -46.6333809 10.6529589 36.740242
v -49.2291145 11.5097303 34.3874283
v -49.2451363 12.9501171 37.6938782
v -46.7427483 13.9577389 35.3000565
v -46.060463 8.62497616 39.6671333
v -45.0120926 7.44690704 36.4235649
v -48.5228844 7.62037182 37.2309685
v -46.6333809 10.6529589 36.740242
v -26.1989059 29.6513042 -5.32509089
v -27.5593853 29.511013 -1.75692093
v -30.2415886 26.9987679 -2.57845354
v -28.2552948 24.5087528 -3.32489061
v -26.7459698 25.0315895 0.309788167
v -30.3113384 24.7602806 1.72925615
v -30.7368984 21.7991409 0.415096045
v -28.3262043 20.6099186 3.21145535
v -28.9555378 23.0338116 6.10666656
v -32.7539825 23.0019588 5.9004302
v -33.2684669 18.9418087 6.91258717
v -30.8868351 19.4423904 9.52529907
v -33.0557327 22.2985821 10.856945
v -35.9510155 19.8280773 10.8644123
v -33.8389359 17.0661945 13.0143948
v -32.7751579 19.2793579 15.2963381
v -36.4974174 20.713171 16.0549088
v -38.2097893 17.1824055 16.3195496
v -36.0063095 15.8654671 18.5299454
v -36.62323 19.2213058 20.7404194
v -40.4810791 18.6889114 20.8915062
v -40.14291 14.6053362 22.1613579
v -38.0400238 15.6389799 24.641777
v -40.6903648 18.1501255 26.0399342
v -43.4020386 15.4815769 26.0493069
v -40.9320908 12.8739643 28.2438755
v -40.4706955 15.2351475 30.5695591
v -44.6196136 15.2817497 30.9117279
v -44.8161011 11.248064 31.6118221
v -42.5791283 11.3062696 34.2025299
v -44.6563797 14.5542736 35.711235
v -47.9625931 12.2676392 36.0303993
v -46.5572052 8.58630276 37.5154762
v -32.0721283 12.5061588 45.474205
v -31.7934227 15.9328003 46.7056503
v -35.0724525 14.5452747 45.8938637
v -33.2563477 13.3439941 48.8255424
v -29.0118752 13.8040791 45.6725502
v -28.9792957 15.3804026 48.9664917
v -28.5383472 17.4132557 45.9649773
v -31.7934227 15.9328003 46.7056503
v -29.5459194 15.170763 42.3284645
v -29.5345249 11.5553789 42.8430405
v -26.4243126 13.4489622 43.1202278
v -29.0118752 13.8040791 45.6725502
v -32.5232773 17.080204 41.4200516
v -32.8446808 14.0298691 43.4019852
v -31.8995934 13.8281021 39.8803291
v -29.5459194 15.170763 42.3284645
v -29.1991634 18.4781437 40.8436508
v -29.9434166 16.7737732 43.9864578
v -31.4359131 20.0304012 43.2774658
v -32.5232773 17.080204 41.4200516
v -27.4732437 16.2313499 38.5395546
v -27.8608837 15.3016186 42.0497055
v -25.5885735 18.0038757 41.1167641
v -29.1991634 18.4781437 40.8436508
v -30.1265793 16.397686 36.0359573
v -30.2338486 13.8429995 38.6432457
v -27.738596 13.6352911 35.9849548
v -27.4732437 16.2313499 38.5395546
v -31.6779728 19.5673885 36.9753075
v -32.3327904 16.560503 38.941494
v -33.7173042 16.8798122 35.5774155
v -30.1265793 16.397686 36.0359573
v -28.1868973 18.6885872 36.3617668
v -29.0225925 21.1998959 38.8779182
v -29.4560699 21.9540482 35.3312111
v -31.6779728 19.5673885 36.9753075
v -28.8449898 19.4135475 32.8436737
v -27.2712269 16.2583637 33.7943916
v -25.4131641 19.3880882 34.0917549
v -28.1868973 18.6885872 36.3617668
v -32.2207222 19.5723991 31.4597931
v -31.3219147 16.898283 33.7786674
v -29.9355602 16.9282436 30.4003468
v -28.8449898 19.4135475 32.8436737
v -28.9786091 20.947504 32.4260597
v -31.9944191 21.9415779 34.2295685
v -31.4568748 23.0824223 30.8024025
v -32.2207222 19.5723991 31.4597931
v -27.1773663 19.808094 29.4606266
v -25.5671654 22.0950832 31.8086281
v -28.301199 23.2748528 29.6946354
v -28.9786091 20.947504 32.4260597
v -29.4900379 21.2506161 27.0302677
v -29.7339344 17.713932 27.9067955
v -26.9077816 18.9144974 25.9300804
v -27.1773663 19.808094 29.4606266
v -32.2923203 23.4515896 26.2310085
v -32.5691643 21.0697556 28.9853039
v -32.5241051 19.8741913 25.5350075
v -29.4900379 21.2506161 27.0302677
v -29.0102959 24.821661 25.4020863
v -29.5869007 23.3194695 28.6803284
v -31.1345978 26.51861 27.8400421
v -32.2923203 23.4515896 26.2310085
v -28.7790031 21.6386604 23.6269855
v -26.6259613 22.2850056 26.5049343
v -26.0696278 24.0736637 23.3701115
v -29.0102959 24.821661 25.4020863
v -31.4816322 22.9878178 21.5747662
v -30.6662636 19.4318714 21.4124184
v -28.3683872 21.8980598 20.0075817
v -28.7790031 21.6386604 23.6269855
v -33.0486107 14.0820541 46.7248077
v -29.5807228 15.6326294 46.8274155
v -28.629158 13.4947958 43.4910736
v -31.703373 15.0272369 41.7577057
v -30.7754612 18.0906219 42.3819046
v -27.5304604 17.0037403 40.637413
v -28.8930702 15.0268316 37.3009262
v -31.9636517 17.3513336 36.8825378
v -29.5859108 20.3524818 36.8865547
v -27.4290714 18.437149 34.2728806
v -30.5807972 18.2031174 32.1206207
v -31.162653 21.3859806 32.2294579
v -27.5061073 21.5313892 30.8475189
v -28.3272781 19.4217854 27.5819454
v -31.7189102 21.4115391 26.9453964
v -30.5060253 24.5278339 27.0383663
v -27.6212234 23.2047501 24.7260303
v -29.8238163 21.4891014 21.6554451
v -27.692234 28.6749477 24.5112782
v -27.1545849 27.2531567 21.3461075
v -30.3992748 27.3899689 22.681078
v -28.8087368 30.3375759 21.6271935
v -29.5438595 26.6423779 18.846756
v -28.1889305 23.9661827 20.6718082
v -26.2004395 25.6923695 18.3490582
v -27.1545849 27.2531567 21.3461075
v -32.7289009 27.2667923 17.5071659
v -32.3169098 24.8147068 19.9863586
v -31.0635567 24.2692318 16.7521019
v -29.5438595 26.6423779 18.846756
v -29.7934189 29.1908379 17.6064453
v -31.9392548 29.1174564 20.3847294
v -32.9244843 30.7721024 17.4486885
v -32.7289009 27.2667923 17.5071659
v -28.2524357 27.8028908 14.7731123
v -26.704174 30.4396152 16.4992161
v -29.6127071 31.0365524 14.6249161
v -29.7934189 29.1908379 17.6064453
v -31.3211575 27.8061619 13.0668468
v -30.1583023 24.8600941 14.5824823
v -28.5621853 26.1069679 11.7142544
v -28.2524357 27.8028908 14.7731123
v -34.3376999 29.227356 11.9669962
v -34.2711143 27.3039532 14.9038219
v -33.8626862 25.7534122 11.7800713
v -31.3211575 27.8061619 13.0668468
v -31.3945198 30.7454472 10.7999887
v -31.9953594 30.5025215 14.250906
v -33.9064178 32.6973495 12.286356
v -34.3376999 29.227356 11.9669962
v -29.9443684 29.3071728 7.94395256
v -30.0479546 27.5064621 10.956501
v -27.9178925 30.2799931 10.6413126
v -31.3945198 30.7454472 10.7999887
v -32.6951294 30.5476418 6.148561
v -33.2076607 28.6887798 9.0829792
v -32.0303268 27.1000595 6.1814785
v -29.9443684 29.3071728 7.94395256
v -30.8275719 32.0808563 8.6961956
v -33.94627 33.4006424 7.76841402
v -31.2048893 33.6778717 5.5919919
v -32.6951294 30.5476418 6.148561
v -27.5659485 31.7514076 7.43836975
v -28.1101398 33.3784142 10.501956
v -29.1130505 34.9028015 7.5020752
v -30.8275719 32.0808563 8.6961956
v -28.5137081 28.4139118 22.5414143
v -27.7719707 25.8885136 19.8034115
v -31.4133053 25.7482777 18.2730961
v -31.8465137 29.0867977 18.2367573
v -28.5906811 29.6174736 15.8759174
v -29.5735474 26.644022 13.5341558
v -33.4481544 27.5227203 12.9294357
v -32.9084969 30.7931709 12.3260612
v -29.82617 29.4597569 10.0854216
v -31.9693699 28.9109135 7.33924341
v -32.1684685 32.4267502 7.05128574
v -28.9041767 33.0283699 8.5346489
v -21.2704678 42.9694405 9.67904282
v -21.2839127 41.0578346 12.7643118
v -21.8937225 39.3948135 9.59635448
v -18.5768242 40.6409264 10.3828907
v -20.1545715 39.0068436 15.5376167
v -19.0522518 42.4539719 15.2630463
v -17.8265381 39.9648857 12.9231186
v -21.2839127 41.0578346 12.7643118
v -22.6052761 36.8066292 14.0125551
v -22.575695 40.3404694 13.1854591
v -23.6512108 39.2562141 16.4780216
v -20.1545715 39.0068436 15.5376167
v -19.1399555 37.1705437 12.9966602
v -21.7858067 37.3486443 10.5185909
v -20.9897461 34.1796799 12.0988426
v -22.6052761 36.8066292 14.0125551
v -18.4835033 36.6065254 16.5214214
v -15.7589455 36.4882851 14.1264296
v -18.2533092 33.8520775 14.1691456
v -19.1399555 37.1705437 12.9966602
v -20.1645412 33.3914146 16.6231976
v -21.7527828 36.3162994 18.0708561
v -18.8472424 34.8479156 19.6754932
v -18.4835033 36.6065254 16.5214214
v -21.9725399 30.7460022 14.9184847
v -22.6948395 34.2203598 14.1567059
v -23.6726456 32.8238449 17.360899
v -20.1645412 33.3914146 16.6231976
v -18.740736 31.7858753 16.2022266
v -19.4043274 31.91609 12.6362553
v -19.0325584 28.7103901 14.2970524
v -21.9725399 30.7460022 14.9184847
v -19.7213669 31.1205788 19.632803
v -16.3072071 32.0932312 18.8774109
v -17.520216 28.8164825 17.8952084
v -18.740736 31.7858753 16.2022266
v -20.4824524 27.6831284 18.7508011
v -23.1384945 29.9121838 19.8231525
v -20.6672859 28.7514286 22.2145786
v -19.7213669 31.1205788 19.632803
v -21.0544033 24.8304253 16.581007
v -22.5004692 28.0558414 15.7571688
v -23.7742252 26.1638031 18.5804558
v -20.4824524 27.6831284 18.7508011
v -18.557169 26.3437195 18.7367096
v -18.5039959 26.9904079 15.1656895
v -17.6059704 23.7086048 16.4291992
v -21.0544033 24.8304253 16.581007
v -19.020977 23.2937794 20.648838
v -18.3812103 26.429491 22.3609295
v -15.7392159 24.8316326 20.4531097
v -18.557169 26.3437195 18.7367096
v -22.0696716 21.354887 20.9935398
v -22.2373447 24.8342876 19.9744186
v -21.311058 23.9830704 23.3789349
v -19.020977 23.2937794 20.648838
v -19.1803188 21.4864712 18.8009071
v -22.5262032 21.4652939 17.3945637
v -21.1986027 18.4743366 18.9645233
v -22.0696716 21.354887 20.9935398
v -16.9769096 20.9183006 21.6285114
v -15.6319418 20.9507484 18.2575798
v -17.7367382 18.20121 19.3452568
v -19.1803188 21.4864712 18.8009071
v -19.8349991 19.54426 23.3938122
v -16.9064121 20.6249943 25.24543
v -16.74963 17.6448574 23.1796474
v -16.9769096 20.9183006 21.6285114
v -19.4730759 15.9417934 23.1403656
v -22.0764351 17.640398 21.2667561
v -22.3266449 17.3612766 24.8768444
v -19.8349991 19.54426 23.3938122
v -18.0508041 12.645874 23.6761227
v -17.3247204 14.4604416 20.6178131
v -20.6487637 13.1184015 21.1860561
v -19.4730759 15.9417934 23.1403656
v -18.6436424 15.581461 25.7265873
v -15.4517031 15.1509933 24.0534058
v -16.3354263 13.0169964 26.8530769
v -18.0508041 12.645874 23.6761227
v -20.7070522 12.72227 26.5871811
v -22.2106915 16.0077572 26.2439461
v -20.0409222 15.2906075 29.0636864
v -18.6436424 15.581461 25.7265873
v -21.7529163 9.39815712 25.5724754
v -21.8853207 12.1444979 23.2032433
v -24.2181129 12.0304108 25.9814148
v -20.7070522 12.72227 26.5871811
v -19.2949123 10.9007273 27.7801266
v -18.4554157 10.2403488 24.3113632
v -18.8592148 7.48352051 26.6373043
v -21.7529163 9.39815712 25.5724754
v -21.5531082 11.6335268 30.5253887
v -17.9684296 11.5741844 31.0907173
v -19.755434 8.4815197 30.4462986
v -19.2949123 10.9007273 27.7801266
v -23.0067139 8.51334858 29.3745747
v -24.6648693 11.6612482 28.6574345
v -24.5971851 10.3777895 32.051754
v -21.5531082 11.6335268 30.5253887
v -23.9749565 5.03714085 29.7637348
v -24.1070518 6.60236931 26.4917774
v -26.49259 7.55392647 29.0563412
v -23.0067139 8.51334858 29.3745747
v -20.756237 41.0157433 10.6056347
v -19.579319 40.6208839 14.1220226
v -22.2467117 38.8525238 14.803401
v -21.1301804 36.3763733 12.4066544
v -17.9089203 36.0293503 14.4534283
v -19.8120174 35.2905388 17.7227421
v -22.1261463 32.7954025 15.7648191
v -19.7875843 30.7895794 14.5134954
v -18.072382 30.9540405 18.1519165
v -21.0023975 29.3668346 20.1053333
v -21.9528904 26.6832924 17.4173527
v -18.9303913 25.4682865 16.7281475
v -17.9246445 25.2246723 20.549881
v -21.1597919 23.3664932 21.2489376
v -21.2437057 20.6952496 19.038393
v -17.3814774 20.389183 19.5080643
v -17.6169968 19.6830959 23.3618603
v -20.9277916 17.6219177 23.1694431
v -18.8743362 14.0416145 22.1550884
v -17.1203957 14.0988121 25.0772839
v -20.4005699 14.900528 26.9053459
v -22.1408501 11.5738344 25.3360786
v -19.5906181 9.50568771 26.0753155
v -19.6429806 10.6474924 29.9606457
v -23.4554806 10.5464621 30.1522827
v -24.3953342 6.92668247 28.6716061
v -21.5544071 4.77425671 33.2614861
v -22.4819393 6.9264884 35.9662704
v -20.0785122 8.02171803 33.5512733
v -23.5212784 7.69661427 32.6293602
v -21.1197147 3.63681364 36.3281631
v -24.3220539 4.41129923 37.7258682
v -21.3561478 5.79839849 39.1707039
v -22.4819393 6.9264884 35.9662704
v -21.0028553 0.402369022 34.8007393
v -24.1408939 2.07159281 35.2187157
v -22.4033394 0.787104487 38.0716591
v -21.1197147 3.63681364 36.3281631
v -18.0284996 2.04998255 35.9173622
v -20.4836559 3.86236811 34.0476685
v -18.4936733 1.36210048 32.4361649
v -21.0028553 0.402369022 34.8007393
v -17.4040108 2.42877507 39.4209099
v -19.9269886 4.40578842 37.8289642
v -16.469593 5.02824259 37.1454048
v -18.0284996 2.04998255 35.9173622
v -17.7571278 -1.11519217 39.0688972
v -20.6345272 1.00095344 38.8435173
v -19.0052147 0.525646329 41.9943428
v -17.4040108 2.42877507 39.4209099
v -15.6330099 -1.91956687 36.3031158
v -18.7452679 -0.244316041 35.7412109
v -18.7181416 -3.67505622 36.7598076
v -17.7571278 -1.11519217 39.0688972
v -13.2056465 -0.183670104 38.2788086
v -15.9107399 1.61666715 36.7788963
v -13.2935867 0.286621422 34.7320404
v -15.6330099 -1.91956687 36.3031158
v -13.6227207 -2.36547613 41.0848885
v -16.0812721 0.139234751 40.3847084
v -12.8541059 1.09105408 41.6044388
v -13.2056465 -0.183670104 38.2788086
v -13.455615 -5.69213247 39.7757263
v -15.7908306 -3.34774733 38.4122849
v -16.2931271 -4.66717386 41.7009087
v -13.6227207 -2.36547613 41.0848885
v -12.1091509 -2.80939364 38.1369705
v -11.1282692 -6.08676195 37.0857162
v -10.0178175 -4.81221247 40.2401695
v -13.455615 -5.69213247 39.7757263
v -21.9090405 6.85476589 33.8521004
v -22.3199692 5.19326878 37.2977448
v -22.1667004 1.72447169 36.1048203
v -19.5021687 1.91920674 34.3004837
v -17.9572735 3.47819662 37.5781593
v -18.7002201 0.710046411 39.8319168
v -17.7133904 -1.7385304 36.9682655
v -14.5107679 -0.0500089228 36.523201
v -13.9409361 -0.329714209 40.3382111
v -14.7905703 -4.01812029 40.2434578
v -11.6777287 -4.85014296 38.8096581
vt 0.504880369 0.340032727 0
vt 0.404296875 0.17578125 0
vt 0.605463803 0.17578125 0
vt 0.489252359 0.5078125 0
vt 0.388670713 0.650059581 0
vt 0.288085938 0.507813931 0
vt 0.558588266 0.767247081 0
vt 0.357421875 0.767245591 0
vt 0.45800668 0.625 0
vt 0 0 0
vt 0.201166958 2.17202194e-17 0
vt 0.100583479 0.174215674 0
vt 0.333978921 0.797520518 0
vt 0.1328125 0.797519028 0
vt 0.23339729 0.655273438 0
vt 0.606445313 0 0
vt 0.707028806 0.174215674 0
vt 0.80761224 2.17202194e-17 0
vt 0.589841306 0.655462384 0
vt 0.489257813 0.491210938 0
vt 0.69042474 0.491210938 0
vt 0.201166421 0.67578125 0
vt 0.10058476 0.818028331 0
vt 0 0.675782681 0
vt 0.809564829 0.985997081 0
vt 0.608398438 0.985995591 0
vt 0.708983243 0.84375 0
vt 0.202148438 0.17578125 0
vt 0.403315395 0.17578125 0
vt 0.302731901 0.349996924 0
vt 0.309564859 0.541992188 0
vt 0.208983198 0.684239268 0
vt 0.108398438 0.541993618 0
vt 0.686523438 0.17578125 0
vt 0.787106931 0.349996924 0
vt 0.887690365 0.17578125 0
vt 0.644528806 0.444524914 0
vt 0.543945313 0.280273438 0
vt 0.74511224 0.280273438 0
vt 0.999994576 0.526367188 0
vt 0.89941287 0.668614268 0
vt 0.798828125 0.526368618 0
vt 0.202148438 0 0
vt 0.403315395 2.17202194e-17 0
vt 0.302731901 0.174215674 0
vt 0.899411619 0.497259289 0
vt 0.798828125 0.333007813 0
vt 0.999995053 0.333007813 0
vt 0.787103891 0.803379893 0
vt 0.5859375 0.803378403 0
vt 0.686522305 0.661132813 0
vt 0.404296875 0 0
vt 0.605463803 2.17202194e-17 0
vt 0.504880369 0.174215674 0
vt 0.798828125 0.0185546875 0
vt 0.899411619 0.192770362 0
vt 0.999995053 0.0185546875 0
vt 0.937494516 0.878575206 0
vt 0.736328125 0.878573716 0
vt 0.83691293 0.736328125 0
vt 0.100583471 0.551946759 0
vt 0 0.387695313 0
vt 0.201166943 0.387695313 0
vt 0.685541451 0.657226563 0
vt 0.584959745 0.799473643 0
vt 0.484375 0.657227993 0
vt 0.457025796 0.910801768 0
vt 0.255859375 0.910800278 0
vt 0.35644418 0.768554688 0
vt 0.755856931 0.593938947 0
vt 0.655273438 0.4296875 0
vt 0.856440365 0.4296875 0
vn 0.816496134 -0.333334535 -0.471404284
vn 0.816496253 -0.333334565 -0.471404314
vn 0.816496253 -0.333334565 -0.471404314
vn 0.816496134 -0.333334535 -0.471404284
vn 0.816496253 -0.333334565 -0.471404314
vn 0.816496253 -0.333334565 -0.471404314
vn 2.98023171e-08 -0.333334476 0.942808509
vn 5.96046412e-08 -0.333334476 0.942808509
vn 5.96046412e-08 -0.333334476 0.942808509
vn -0.816496074 -0.333334506 -0.471404284
vn -0.816496134 -0.333334506 -0.471404344
vn -0.816496134 -0.333334506 -0.471404344
vn 0 1 0
vn 0 1 0
vn 0 1 0
vn 0.816496253 -0.333334476 -0.471404225
vn 0.816496134 -0.333334386 -0.471404195
vn 0.816496134 -0.333334386 -0.471404195
vn 0 -1 0
vn 0 -1 0
vn 0 -1 0
vn -2.98023171e-08 0.333334476 -0.942808509
vn -5.96046412e-08 0.333334476 -0.942808509
vn -5.96046412e-08 0.333334476 -0.942808509
vn -0.816496134 0.333334535 0.471404284
vn -0.816496253 0.333334565 0.471404314
vn -0.816496253 0.333334565 0.471404314
vn 0.816496074 0.333334476 0.471404195
vn 0.816496134 0.333334506 0.471404344
vn 0.816496134 0.333334506 0.471404344
vn 0 -1 0
vn 0 -1 0
vn 0 -1 0
vn 0.816496253 -0.333334476 -0.471404225
vn 0.816496134 -0.333334386 -0.471404195
vn 0.816496134 -0.333334386 -0.471404195
vn 0.816496134 -0.333334535 -0.471404284
vn 0.816496253 -0.333334565 -0.471404314
vn 0.816496253 -0.333334565 -0.471404314
vn 2.98023171e-08 -0.333334476 0.942808509
vn 5.96046412e-08 -0.333334476 0.942808509
vn 5.96046412e-08 -0.333334476 0.942808509
vn -0.816496074 -0.333334506 -0.471404284
vn -0.816496134 -0.333334506 -0.471404344
vn -0.816496134 -0.333334506 -0.471404344
vn 0 1 0
vn 0 1 0
vn 0 1 0
vn 0.816496253 -0.333334476 -0.471404225
vn 0.816496134 -0.333334386 -0.471404195
vn 0.816496134 -0.333334386 -0.471404195
vn 0.816496253 -0.333334476 -0.471404344
vn 0.816496253 -0.333334476 -0.471404314
vn 0.816496253 -0.333334476 -0.471404314
vn 0 -1 0
vn 0 -1 0
vn 0 -1 0
vn 0 -1 0
vn 0 -1 0
vn 0 -1 0
vn -2.98023171e-08 0.333334476 -0.942808509
vn -5.96046412e-08 0.333334476 -0.942808509
vn -5.96046412e-08 0.333334476 -0.942808509
vn -0.816496134 0.333334535 0.471404284
vn -0.816496253 0.333334565 0.471404314
vn -0.816496253 0.333334565 0.471404314
vn 0.816496074 0.333334476 0.471404195
vn 0.816496134 0.333334506 0.471404344
vn 0.816496134 0.333334506 0.471404344
vn 0 -1 0
vn 0 -1 0
vn 0 -1 0
vn 0 -0.333334535 0.942808568
vn 0 -0.333334535 0.942808568
vn 0 -0.333334535 0.942808568
vn -0.816496074 -0.333334506 -0.471404284
vn -0.816496134 -0.333334506 -0.471404344
vn -0.816496134 -0.333334506 -0.471404344
vn 0.816496253 -0.333334476 -0.471404225
vn 0.816496134 -0.333334386 -0.471404195
vn 0.816496134 -0.333334386 -0.471404195
vn 0 1 0
vn 0 1 0
vn 0 1 0
vn -0.816496074 -0.333334476 -0.471404225
vn -0.816496253 -0.333334535 -0.471404344
vn -0.816496253 -0.333334535 -0.471404344
vn 0.816496253 -0.333334476 -0.471404344
vn 0.816496253 -0.333334476 -0.471404314
vn 0.816496253 -0.333334476 -0.471404314
vn 0 -0.333334535 0.942808568
vn 2.98023171e-08 -0.333334476 0.942808509
vn 2.98023171e-08 -0.333334476 0.942808509
vn 0 1 0
vn 0 1 0
vn 0 1 0
vn 0 -1 0
vn 0 -1 0
vn 0 -1 0
vn -0.816496134 0.333334535 0.471404284
vn -0.816496253 0.333334565 0.471404314
vn -0.816496253 0.333334565 0.471404314
vn 0.816496134 0.333334535 -0.471404284
vn 0.816496253 0.333334565 -0.471404314
vn 0.816496253 0.333334565 -0.471404314
vn 2.98023171e-08 0.333334476 0.942808509
vn 5.96046412e-08 0.333334476 0.942808509
vn 5.96046412e-08 0.333334476 0.942808509
vn -0.816496074 0.333334506 -0.471404284
vn -0.816496134 0.333334506 -0.471404344
vn -0.816496134 0.333334506 -0.471404344
vn 0 -1 0
vn 0 -1 0
vn 0 -1 0
vn 0 -0.333334535 -0.942808568
vn -2.98023171e-08 -0.333334476 -0.942808509
vn -2.98023171e-08 -0.333334476 -0.942808509
vn 0 -0.333334535 -0.942808568
vn 0 -0.333334535 -0.942808568
vn 0 -0.333334535 -0.942808568
vn 0.816496074 -0.333334506 0.471404284
vn 0.816496134 -0.333334506 0.471404344
vn 0.816496134 -0.333334506 0.471404344
vn -0.816496253 -0.333334476 0.471404225
vn -0.816496134 -0.333334386 0.471404195
vn -0.816496134 -0.333334386 0.471404195
vn 0 1 0
vn 0 1 0
vn 0 1 0
vn 0.816496134 0.333334446 -0.471404403
vn 0.816496253 0.333334476 -0.471404344
vn 0.816496253 0.333334476 -0.471404344
vn 0.816496134 0.333334535 -0.471404284
vn 0.816496253 0.333334565 -0.471404314
vn 0.816496253 0.333334565 -0.471404314
vn 2.98023171e-08 0.333334476 0.942808509
vn 5.96046412e-08 0.333334476 0.942808509
vn 5.96046412e-08 0.333334476 0.942808509
vn -0.816496074 0.333334506 -0.471404284
vn -0.816496134 0.333334506 -0.471404344
vn -0.816496134 0.333334506 -0.471404344
vn 0 -1 0
vn 0 -1 0
vn 0 -1 0
vn 0 0.333334535 0.942808568
vn 0 0.333334535 0.942808568
vn 0 0.333334535 0.942808568
vn -0.816496074 0.333334506 -0.471404284
vn -0.816496134 0.333334506 -0.471404344
vn -0.816496134 0.333334506 -0.471404344
vn 0.816496253 0.333334476 -0.471404225
vn 0.816496134 0.333334386 -0.471404195
vn 0.816496134 0.333334386 -0.471404195
vn 0 -1 0
vn 0 -1 0
vn 0 -1 0
vn 0 1 0
vn 0 1 0
vn 0 1 0
vn 0 1 0
vn 0 1 0
vn 0 1 0
vn 0.816496074 -0.333334476 0.471404195
vn 0.816496134 -0.333334506 0.471404344
vn 0.816496134 -0.333334506 0.471404344
vn 0 0.333334535 0.942808568
vn 0 0.333334535 0.942808568
vn 0 0.333334535 0.942808568
vn -0.816496074 0.333334506 -0.471404284
vn -0.816496134 0.333334506 -0.471404344
vn -0.816496134 0.333334506 -0.471404344
vn 0.816496253 0.333334476 -0.471404225
vn 0.816496134 0.333334386 -0.471404195
vn 0.816496134 0.333334386 -0.471404195
vn 0 -1 0
vn 0 -1 0
vn 0 -1 0
vn -2.98023171e-08 -0.333334476 -0.942808509
vn -5.96046412e-08 -0.333334476 -0.942808509
vn -5.96046412e-08 -0.333334476 -0.942808509
vn -0.816496134 -0.333334535 0.471404284
vn -0.816496253 -0.333334565 0.471404314
vn -0.816496253 -0.333334565 0.471404314
vn 0.816496074 -0.333334476 0.471404195
vn 0.816496134 -0.333334506 0.471404344
vn 0.816496134 -0.333334506 0.471404344
vn 0 1 0
vn 0 1 0
vn 0 1 0
vn -0.816496074 0.333334506 -0.471404284
vn -0.816496134 0.333334506 -0.471404344
vn -0.816496134 0.333334506 -0.471404344
vn -0.816496074 0.333334476 -0.471404225
vn -0.816496253 0.333334535 -0.471404344
vn -0.816496253 0.333334535 -0.471404344
vn 0.816496253 0.333334476 -0.471404344
vn 0.816496253 0.333334476 -0.471404314
vn 0.816496253 0.333334476 -0.471404314
vn 0 0.333334535 0.942808568
vn 2.98023171e-08 0.333334476 0.942808509
vn 2.98023171e-08 0.333334476 0.942808509
vn 0 -1 0
vn 0 -1 0
vn 0 -1 0
vn 0 1 0
vn 0 1 0
vn 0 1 0
vn -2.98023171e-08 -0.333334476 -0.942808509
vn -5.96046412e-08 -0.333334476 -0.942808509
vn -5.96046412e-08 -0.333334476 -0.942808509
vn -0.816496134 -0.333334535 0.471404284
vn -0.816496253 -0.333334565 0.471404314
vn -0.816496253 -0.333334565 0.471404314
vn 0.816496074 -0.333334476 0.471404195
vn 0.816496134 -0.333334506 0.471404344
vn 0.816496134 -0.333334506 0.471404344
vn 0 1 0
vn 0 1 0
vn 0 1 0
vn 0.38114962 0.396791637 0.835033655
vn 0.38114965 0.396791667 0.835033715
vn 0.38114962 0.396791667 0.835033715
vn -0.287448823 0.733133078 -0.616351366
vn -0.287448853 0.733133078 -0.616351366
vn -0.287448823 0.733133078 -0.616351366
vn 0.695119798 -0.560539961 -0.450114787
vn 0.695119798 -0.560539961 -0.450114816
vn 0.695119917 -0.56054002 -0.450114846
vn -0.788821518 -0.569385827 0.231431201
vn -0.788821518 -0.569385827 0.231431201
vn -0.788821459 -0.569385827 0.231431201
vn 0.463216662 0.378098398 0.801543534
vn 0.463216603 0.378098339 0.801543474
vn 0.463216603 0.378098369 0.801543474
vn 0.669599831 -0.168455154 -0.72336632
vn 0.669599891 -0.168455169 -0.72336638
vn 0.669599891 -0.168455184 -0.72336638
vn -0.446480602 -0.859812438 0.247745156
vn -0.446480632 -0.859812438 0.247745141
vn -0.446480572 -0.859812379 0.247745126
vn -0.686334431 0.650169849 -0.325920761
vn -0.686334491 0.650169909 -0.325920731
vn -0.686334431 0.650169849 -0.325920701
vn -0.892014742 -0.381710649 0.242088184
vn -0.892014742 -0.381710649 0.242088169
vn -0.892014742 -0.381710649 0.242088169
vn 0.0821171254 0.921738803 0.379017711
vn 0.0821171179 0.921738744 0.379017651
vn 0.0821171179 0.921738803 0.379017711
vn 0.723486125 -0.580024123 0.374352485
vn 0.723486185 -0.580024123 0.374352515
vn 0.723486185 -0.580024123 0.374352515
vn 0.0864084587 0.0399964154 -0.995456636
vn 0.0864084512 0.0399964154 -0.995456576
vn 0.0864084437 0.0399964154 -0.995456576
vn -0.226435095 -0.832040429 -0.506394923
vn -0.226435095 -0.832040429 -0.506394923
vn -0.226435095 -0.832040429 -0.506394923
vn -0.69877547 0.694676995 -0.170694649
vn -0.69877547 0.694676936 -0.170694649
vn -0.69877547 0.694676995 -0.170694649
vn 0.0349567048 -0.204294339 0.978285134
vn 0.0349567048 -0.204294324 0.978285134
vn 0.0349567048 -0.204294324 0.978285134
vn 0.890253544 0.34165737 -0.30119583
vn 0.890253484 0.341657341 -0.301195771
vn 0.890253484 0.341657341 -0.301195771
vn 0.930389583 0.190391585 0.313251078
vn 0.930389643 0.190391585 0.313251078
vn 0.930389643 0.1903916 0.313251108
vn 0.0220537018 -0.278932691 -0.960057378
vn 0.0220536999 -0.278932661 -0.960057378
vn 0.0220537018 -0.278932691 -0.960057437
vn -0.393589139 -0.735270381 0.551783562
vn -0.393589139 -0.735270381 0.551783562
vn -0.393589139 -0.735270381 0.551783562
vn -0.558844626 0.823810995 0.0950160995
vn -0.558844626 0.823810995 0.0950160921
vn -0.558844686 0.823811054 0.095016107
vn -0.533013701 0.204822034 0.820941031
vn -0.533013701 0.204822049 0.820941091
vn -0.533013761 0.204822063 0.82094115
vn 0.871513128 0.488910645 0.0378325209
vn 0.871513128 0.488910615 0.0378325209
vn 0.871513128 0.488910586 0.0378325209
vn 0.17163448 -0.983935714 -0.0491113923
vn 0.171634495 -0.983935833 -0.0491113961
vn 0.17163451 -0.983935833 -0.0491113961
vn -0.510132074 0.290205479 -0.809657991
vn -0.510132074 0.290205479 -0.809657991
vn -0.510132074 0.290205449 -0.809657991
vn -0.627086103 -0.776960611 -0.0556349978
vn -0.627086103 -0.776960611 -0.0556349978
vn -0.627086103 -0.776960611 -0.0556349978
vn -0.493260741 0.803228199 0.333943576
vn -0.493260741 0.80322814 0.333943576
vn -0.493260741 0.803228199 0.333943576
vn 0.746176839 -0.218256906 0.628954887
vn 0.746176779 -0.218256891 0.628954828
vn 0.74617672 -0.218256876 0.628954828
vn 0.374178737 0.191986114 -0.907265961
vn 0.374178737 0.191986099 -0.907266021
vn 0.374178737 0.191986114 -0.907266021
vn 0.6652897 -0.559595764 -0.494208515
vn 0.66528976 -0.559595823 -0.494208574
vn 0.66528976 -0.559595823 -0.494208574
vn -0.775954843 0.201151997 -0.597856104
vn -0.775954843 0.201151997 -0.597856045
vn -0.775954783 0.201151997 -0.597856045
vn -0.320495188 -0.497344226 0.806183279
vn -0.320495158 -0.497344226 0.806183219
vn -0.320495188 -0.497344255 0.806183279
vn 0.43116045 0.855787575 0.28588146
vn 0.43116045 0.855787575 0.28588146
vn 0.43116048 0.855787635 0.28588146
vn 0.298763514 -0.123176947 0.946344495
vn 0.298763484 -0.12317694 0.946344495
vn 0.298763484 -0.123176925 0.946344435
vn 0.78179878 -0.11125841 -0.613524437
vn 0.78179878 -0.111258417 -0.613524437
vn 0.78179884 -0.111258417 -0.613524437
vn -0.696907461 -0.682254434 -0.221017838
vn -0.696907461 -0.682254434 -0.221017838
vn -0.696907401 -0.682254374 -0.221017808
vn -0.383647054 0.916687846 -0.111795992
vn -0.383647084 0.916687906 -0.111795992
vn -0.383647054 0.916687846 -0.111795992
vn -0.837259948 -0.24152486 0.490572572
vn -0.837259948 -0.241524845 0.490572572
vn -0.837259948 -0.241524845 0.490572572
vn 0.46893397 0.738518953 0.48444894
vn 0.46893397 0.738518953 0.484448969
vn 0.46893397 0.738518953 0.484448999
vn 0.599251926 -0.798991084 -0.0501038879
vn 0.599251926 -0.798991084 -0.0501038916
vn 0.599251866 -0.798991024 -0.0501038879
vn -0.230926573 0.301997393 -0.924916506
vn -0.230926573 0.301997393 -0.924916565
vn -0.230926588 0.301997423 -0.924916565
vn -0.565717161 -0.577560186 -0.588547707
vn -0.565717101 -0.577560127 -0.588547647
vn -0.565717161 -0.577560186 -0.588547707
vn -0.519395173 0.810763478 0.269983798
vn -0.519395173 0.810763478 0.269983798
vn -0.519395173 0.810763478 0.269983798
vn 0.264352083 -0.513608694 0.816286743
vn 0.264352083 -0.513608694 0.816286743
vn 0.264352083 -0.513608694 0.816286743
vn 0.820757866 0.28040415 -0.497724861
vn 0.820757866 0.28040415 -0.497724861
vn 0.820757866 0.28040415 -0.497724861
vn 0.981442213 -0.158171475 -0.108410336
vn 0.981442273 -0.158171475 -0.108410336
vn 0.981442273 -0.158171475 -0.108410336
vn -0.418471336 0.127197087 -0.899279058
vn -0.418471336 0.127197087 -0.899279058
vn -0.418471336 0.127197087 -0.899279058
vn -0.416611344 -0.788147151 0.453055203
vn -0.416611344 -0.788147151 0.453055203
vn -0.416611314 -0.788147151 0.453055203
vn -0.146359861 0.81912154 0.554633796
vn -0.146359861 0.819121599 0.554633796
vn -0.146359861 0.819121599 0.554633796
vn -0.0470324978 -0.08198791 0.995522916
vn -0.0470324941 -0.0819879025 0.995522916
vn -0.0470324941 -0.0819879025 0.995522916
vn 0.956991971 0.0527433604 -0.285279989
vn 0.956991851 0.0527433529 -0.285279959
vn 0.956991911 0.0527433567 -0.285279989
vn -0.429765373 -0.798826396 -0.4209252
vn -0.429765344 -0.798826396 -0.42092523
vn -0.429765344 -0.798826337 -0.4209252
vn -0.48019886 0.828071594 -0.289320827
vn -0.48019886 0.828071594 -0.289320827
vn -0.48019889 0.828071594 -0.289320797
vn -0.901618779 -0.430758595 0.0391233601
vn -0.901618838 -0.430758595 0.0391233601
vn -0.901618779 -0.430758566 0.0391233563
vn 0.0344856717 0.76055795 0.648353696
vn 0.0344856679 0.76055789 0.648353636
vn 0.0344856679 0.76055783 0.648353636
vn 0.701208889 -0.672322094 0.237253383
vn 0.701208889 -0.672322094 0.237253368
vn 0.701208889 -0.672322094 0.237253383
vn 0.16593653 0.342515945 -0.924742162
vn 0.165936515 0.342515886 -0.924742103
vn 0.165936515 0.342515886 -0.924742103
vn 0.0519468077 -0.662044108 -0.747662544
vn 0.0519468077 -0.662044048 -0.747662604
vn 0.0519468002 -0.662043989 -0.747662544
vn -0.765960038 0.622923672 -0.158969745
vn -0.765959978 0.622923553 -0.158969715
vn -0.765960038 0.622923672 -0.158969745
vn -0.137476712 -0.483546555 0.864455223
vn -0.137476727 -0.483546585 0.864455342
vn -0.137476727 -0.483546585 0.864455283
vn 0.851492524 0.522667348 0.0421814248
vn 0.851492524 0.522667348 0.0421814248
vn 0.851492584 0.522667348 0.0421814248
vn 0.894290209 0.0177096669 0.447136819
vn 0.894290328 0.0177096687 0.447136879
vn 0.894290209 0.0177096669 0.447136819
vn 0.116083965 0.140682295 -0.983225822
vn 0.116083972 0.140682295 -0.983225882
vn 0.116083957 0.14068228 -0.983225763
vn -0.435630322 -0.885633945 0.160868689
vn -0.435630322 -0.885633945 0.160868689
vn -0.435630322 -0.885633945 0.160868689
vn -0.574742794 0.727242351 0.375219047
vn -0.574742794 0.727242351 0.375219047
vn -0.574742794 0.727242351 0.375219047
vn -0.471316695 -0.135644704 0.87147069
vn -0.471316665 -0.135644689 0.87147063
vn -0.471316695 -0.135644704 0.87147069
vn 0.972449481 0.161082685 0.168506622
vn 0.972449422 0.16108267 0.168506607
vn 0.972449422 0.16108267 0.168506607
vn -0.10920018 -0.81542176 -0.568474054
vn -0.109200165 -0.815421641 -0.568473995
vn -0.109200165 -0.8154217 -0.568473995
vn -0.391932547 0.789983749 -0.471502393
vn -0.391932517 0.78998369 -0.471502334
vn -0.391932547 0.789983749 -0.471502364
vn -0.741439462 -0.489184797 -0.459309995
vn -0.741439402 -0.489184797 -0.459309965
vn -0.741439521 -0.489184856 -0.459310025
vn -0.385438949 0.663838506 0.640901864
vn -0.385439008 0.663838506 0.640901923
vn -0.385438979 0.663838506 0.640901923
vn 0.570896864 -0.652170897 0.498748332
vn 0.570896864 -0.652170897 0.498748332
vn 0.570896804 -0.652170837 0.498748302
vn 0.555980861 0.477517635 -0.680339694
vn 0.555980861 0.477517635 -0.680339694
vn 0.55598098 0.477517664 -0.680339813
vn 0.546702981 -0.587942898 -0.596186996
vn 0.546702981 -0.587942958 -0.596187055
vn 0.546702981 -0.587942958 -0.596187055
vn -0.791273534 0.343870252 -0.505608082
vn -0.791273534 0.343870252 -0.505608082
vn -0.791273534 0.343870282 -0.505608082
vn -0.312701195 -0.525893986 0.790982604
vn -0.312701195 -0.525893927 0.790982604
vn -0.312701195 -0.525893986 0.790982604
vn 0.557272494 0.769964576 0.310808152
vn 0.557272553 0.769964695 0.310808182
vn 0.557272553 0.769964755 0.310808182
vn 0.364181042 -0.319110513 0.87495172
vn 0.364181042 -0.319110543 0.874951839
vn 0.364181042 -0.319110543 0.874951839
vn 0.722404778 -0.0256446395 -0.69099468
vn 0.722404778 -0.0256446395 -0.69099462
vn 0.722404778 -0.0256446395 -0.69099468
vn -0.753673255 -0.592947125 -0.283531815
vn -0.753673255 -0.592947125 -0.283531815
vn -0.753673196 -0.592947125 -0.283531815
vn -0.332886368 0.937694669 0.0995763242
vn -0.332886368 0.937694669 0.0995763168
vn -0.332886338 0.937694609 0.0995763093
vn -0.637027085 -0.239046767 0.732839048
vn -0.637027085 -0.239046752 0.732839048
vn -0.637027085 -0.239046752 0.732839048
vn 0.790425777 0.474744916 0.38709721
vn 0.790425837 0.474744976 0.387097269
vn 0.790425837 0.474744976 0.387097269
vn 0.304736286 -0.83305347 -0.461690128
vn 0.304736316 -0.83305347 -0.461690128
vn 0.304736286 -0.83305341 -0.461690068
vn -0.458138496 0.597354472 -0.658237457
vn -0.458138585 0.597354531 -0.658237576
vn -0.458138555 0.597354531 -0.658237576
vn -0.440796077 -0.298284948 -0.846596122
vn -0.440796018 -0.298284918 -0.846596003
vn -0.440796077 -0.298284948 -0.846596122
vn -0.647489965 0.535526752 0.542188168
vn -0.647489905 0.535526752 0.542188108
vn -0.647489965 0.535526752 0.542188227
vn 0.291576147 -0.800321281 0.523898125
vn 0.291576087 -0.800321221 0.523898065
vn 0.291576117 -0.800321221 0.523898065
vn 0.796725988 0.563074112 -0.219488546
vn 0.796725988 0.563074112 -0.219488531
vn 0.796725988 0.563074112 -0.219488531
vn 0.702372789 -0.711745083 0.00955355819
vn 0.702372789 -0.711745143 0.00955355819
vn 0.702372789 -0.711745143 0.00955355819
vn -0.28312856 0.176284701 -0.942741752
vn -0.28312856 0.176284701 -0.942741752
vn -0.28312856 0.176284701 -0.942741752
vn -0.789260685 -0.30336979 0.533885956
vn -0.789260745 -0.30336979 0.533886015
vn -0.789260745 -0.30336979 0.533886015
vn 0.370013922 0.838833451 0.399309397
vn 0.370013893 0.838833511 0.399309397
vn 0.370013952 0.838833511 0.399309456
vn 0.022961339 -0.315271139 0.948723793
vn 0.0229613371 -0.315271139 0.948723793
vn 0.0229613408 -0.315271139 0.948723793
vn 0.915208519 -0.0701756403 -0.396823317
vn 0.915208519 -0.0701756403 -0.396823317
vn 0.915208519 -0.0701756403 -0.396823317
vn -0.635090113 -0.567119241 -0.524439037
vn -0.635090053 -0.567119181 -0.524439037
vn -0.635090113 -0.567119241 -0.524439037
vn -0.303083718 0.952568114 -0.0274655428
vn -0.303083718 0.952568054 -0.0274655409
vn -0.303083718 0.952568054 -0.0274655409
vn -0.982240319 -0.177689254 0.0602558963
vn -0.9822402 -0.177689224 0.0602558851
vn -0.9822402 -0.177689224 0.0602558814
vn 0.289010137 0.545204759 0.786908448
vn 0.289010137 0.545204759 0.786908448
vn 0.289010137 0.545204759 0.786908448
vn 0.496159166 -0.868221045 -0.00428402424
vn 0.496159196 -0.868221104 -0.00428402424
vn 0.496159166 -0.868220985 -0.00428402424
vn 0.197074607 0.50070107 -0.842887878
vn 0.197074607 0.50070107 -0.842887938
vn 0.197074592 0.50070107 -0.842887819
vn -0.149433702 -0.471984446 -0.868849933
vn -0.149433702 -0.471984476 -0.868849933
vn -0.149433687 -0.471984446 -0.868849933
vn -0.516178191 0.856451213 0.0071775089
vn -0.516178131 0.856451094 0.00717750797
vn -0.516178131 0.856451094 0.00717750797
vn -0.308693886 -0.58155787 0.752661049
vn -0.308693856 -0.58155781 0.75266093
vn -0.308693886 -0.58155787 0.75266099
vn 0.974305332 0.197092548 0.109012261
vn 0.974305391 0.197092533 0.109012261
vn 0.974305332 0.197092548 0.109012268
vn 0.834129572 -0.355795145 0.421470672
vn 0.834129572 -0.355795145 0.421470672
vn 0.834129632 -0.355795175 0.421470672
vn 0.14432019 0.11034213 -0.983359754
vn 0.14432019 0.11034213 -0.983359694
vn 0.144320205 0.110342138 -0.983359694
vn -0.751951158 -0.640307486 0.156766653
vn -0.751951158 -0.640307486 0.156766653
vn -0.751951218 -0.640307486 0.156766653
vn -0.226500958 0.885761201 0.405122608
vn -0.226500973 0.885761261 0.405122608
vn -0.226500958 0.885761321 0.405122608
vn -0.589523077 -0.0636134893 0.805242777
vn -0.589523017 -0.0636134818 0.805242717
vn -0.589523077 -0.0636134893 0.805242777
vn 0.957616448 0.0096428683 0.287884891
vn 0.957616508 0.00964286923 0.287884921
vn 0.957616448 0.00964286923 0.287884921
vn -0.161462814 -0.787796319 -0.594396055
vn -0.161462799 -0.787796319 -0.594396114
vn -0.161462814 -0.787796319 -0.594396114
vn -0.206631541 0.841766655 -0.49873054
vn -0.206631571 0.841766775 -0.4987306
vn -0.206631556 0.841766715 -0.49873054
vn -0.904194236 -0.347353041 -0.248553202
vn -0.904194236 -0.347353071 -0.248553202
vn -0.904194176 -0.347353041 -0.248553187
vn -0.0927479118 0.681920528 0.725521982
vn -0.0927479118 0.681920528 0.725522041
vn -0.0927479118 0.681920528 0.725521982
vn 0.569936216 -0.755372405 0.323396504
vn 0.569936216 -0.755372405 0.323396504
vn 0.569936216 -0.755372405 0.323396504
vn 0.427009672 0.420803875 -0.80036664
vn 0.427009642 0.420803905 -0.80036664
vn 0.427009672 0.420803905 -0.80036664
vn 0.491340518 -0.464099824 -0.737018228
vn 0.491340518 -0.464099824 -0.737018228
vn 0.491340548 -0.464099854 -0.737018228
vn -0.809515715 0.453439683 -0.37293005
vn -0.809515655 0.453439623 -0.37292999
vn -0.809515715 0.453439683 -0.37293005
vn -0.280220598 -0.670051634 0.687391579
vn -0.280220568 -0.670051575 0.68739152
vn -0.280220598 -0.670051575 0.687391579
vn 0.598395884 0.680711865 0.422556162
vn 0.598395824 0.680711865 0.422556162
vn 0.598395884 0.680711865 0.422556162
vn 0.460718513 -0.512622952 0.724538624
vn 0.460718542 -0.512622952 0.724538624
vn 0.460718513 -0.512622952 0.724538624
vn 0.653576016 0.209846973 -0.72718823
vn 0.653576016 0.209846973 -0.72718823
vn 0.653576016 0.209846973 -0.72718823
vn -0.748306215 -0.548854113 -0.372554809
vn -0.748306215 -0.548854113 -0.372554809
vn -0.748306215 -0.548854113 -0.372554809
vn -0.365988851 0.85163039 0.375203699
vn -0.365988851 0.85163039 0.375203699
vn -0.365988851 0.85163039 0.375203699
vn -0.449475527 -0.431110561 0.782378078
vn -0.449475527 -0.431110591 0.782378137
vn -0.449475497 -0.431110561 0.782378018
vn 0.379642904 0.882305145 0.278224528
vn 0.379642904 0.882305145 0.278224528
vn 0.379642874 0.882305145 0.278224528
vn 0.736606836 -0.591128647 -0.328599125
vn 0.736606836 -0.591128647 -0.328599125
vn 0.736606836 -0.591128588 -0.328599125
vn -0.666773796 0.139933512 -0.732004941
vn -0.666773736 0.139933527 -0.732004941
vn -0.666773796 0.139933541 -0.732005
vn -0.763730466 -0.641684711 -0.0704021901
vn -0.763730526 -0.641684771 -0.0704021975
vn -0.763730526 -0.64168483 -0.0704021975
vn 0.569635272 -0.068633996 -0.819026887
vn 0.569635272 -0.068633996 -0.819026887
vn 0.569635272 -0.068633996 -0.819026887
vn -0.35391292 0.931608379 0.0827733725
vn -0.35391292 0.931608438 0.08277338
vn -0.35391292 0.931608379 0.08277338
vn 0.548009038 -0.221278265 0.806673408
vn 0.548009038 -0.22127828 0.806673348
vn 0.548009098 -0.221278295 0.806673467
vn -0.481325507 0.395043254 0.782474697
vn -0.481325448 0.395043224 0.782474697
vn -0.481325507 0.395043254 0.782474756
vn 0.133476883 -0.979536653 0.150638059
vn 0.133476883 -0.979536593 0.150638059
vn 0.133476898 -0.979536772 0.150638074
vn -0.541387916 0.139005899 -0.829202414
vn -0.541387856 0.139005885 -0.829202354
vn -0.541387796 0.13900587 -0.829202354
vn 0.889236569 0.445489466 -0.103911944
vn 0.88923645 0.445489407 -0.103911929
vn 0.88923645 0.445489407 -0.103911929
vn -0.271019518 0.78055644 -0.563276172
vn -0.271019518 0.78055644 -0.563276172
vn -0.271019518 0.78055644 -0.563276172
vn 0.191493198 0.311182797 0.93085748
vn 0.191493228 0.311182857 0.930857539
vn 0.191493198 0.311182797 0.93085742
vn -0.741278231 -0.670937598 0.0186924711
vn -0.741278231 -0.670937598 0.0186924692
vn -0.741278231 -0.670937657 0.0186924711
vn 0.820804298 -0.42080012 -0.38627407
vn 0.820804238 -0.42080006 -0.38627398
vn 0.820804298 -0.42080009 -0.38627401
vn -0.53904599 -0.280140787 -0.79432404
vn -0.53904599 -0.280140787 -0.794323981
vn -0.53904599 -0.280140758 -0.794323921
vn 0.806796908 -0.585569859 0.0786562338
vn 0.806796908 -0.585569859 0.0786562338
vn 0.806796849 -0.585569799 0.0786562264
vn 0.288022667 0.951138318 -0.11126063
vn 0.288022667 0.951138258 -0.11126063
vn 0.288022667 0.951138258 -0.111260623
vn -0.555775344 -0.085422948 0.826932132
vn -0.555775344 -0.085422948 0.826932132
vn -0.555775344 -0.085422948 0.826932073
vn -0.89434284 0.402986258 0.194301292
vn -0.89434284 0.402986288 0.194301292
vn -0.89434278 0.402986228 0.194301292
vn 0.441378802 -0.261480063 0.858378053
vn 0.441378832 -0.261480063 0.858378112
vn 0.441378802 -0.261480063 0.858378053
vn -0.117088318 -0.809858084 -0.574822009
vn -0.117088318 -0.809858024 -0.574822009
vn -0.117088303 -0.809858024 -0.574821949
vn 0.570052147 0.668351531 -0.477856427
vn 0.570052147 0.668351531 -0.477856398
vn 0.570052147 0.668351471 -0.477856398
vn -0.686143279 0.148581773 -0.712131202
vn -0.686143219 0.148581773 -0.712131202
vn -0.686143279 0.148581773 -0.712131202
vn 0.130541429 -0.981869578 0.137445003
vn 0.130541444 -0.981869578 0.137445003
vn 0.130541444 -0.981869519 0.137445003
vn 0.86565876 0.415481895 -0.27930218
vn 0.86565876 0.415481895 -0.27930221
vn 0.8656587 0.415481865 -0.27930218
vn -0.310053945 0.417810768 0.853991091
vn -0.310053945 0.417810768 0.853991032
vn -0.310053945 0.417810738 0.853991032
vn 0.110292509 0.79858768 0.591686785
vn 0.110292509 0.79858768 0.591686726
vn 0.110292509 0.79858768 0.591686726
vn -0.973570645 -0.169663161 -0.152887374
vn -0.973570645 -0.169663161 -0.152887374
vn -0.973570704 -0.169663146 -0.152887359
vn 0.450435728 0.169809535 -0.876511574
vn 0.450435698 0.169809535 -0.876511514
vn 0.450435728 0.169809535 -0.876511455
vn 0.412839055 -0.798729658 0.437715411
vn 0.412839055 -0.798729658 0.437715411
vn 0.412839085 -0.798729718 0.437715441
vn 0.947354555 -0.310354441 0.0787367448
vn 0.947354555 -0.310354441 0.0787367448
vn 0.947354555 -0.310354441 0.0787367448
vn -0.330475092 0.292892128 0.897218108
vn -0.330475092 0.292892128 0.897218168
vn -0.330475122 0.292892128 0.897218168
vn -0.0473180972 0.767373204 -0.639452338
vn -0.0473181009 0.767373264 -0.639452398
vn -0.0473181009 0.767373323 -0.639452398
vn -0.569560647 -0.74991107 -0.336502463
vn -0.569560647 -0.74991107 -0.336502463
vn -0.569560647 -0.749911129 -0.336502492
vn -0.204674348 -0.277271897 -0.938737869
vn -0.204674333 -0.277271837 -0.93873775
vn -0.204674348 -0.277271867 -0.938737869
vn 0.35953036 -0.782796919 0.50790447
vn 0.35953033 -0.7827968 0.50790441
vn 0.359530389 -0.782796919 0.50790453
vn 0.68092382 0.732290506 -0.00967058074
vn 0.68092382 0.732290506 -0.00967058074
vn 0.68092376 0.732290447 -0.00967057981
vn -0.835778713 0.32777071 0.440500081
vn -0.835778713 0.32777071 0.440500081
vn -0.835778713 0.32777071 0.440500081
vn -0.659460843 0.751556993 0.0165333021
vn -0.659460902 0.751557052 0.016533304
vn -0.659460902 0.751556993 0.016533304
vn -0.417573571 -0.800471246 -0.429974735
vn -0.417573512 -0.800471127 -0.429974705
vn -0.417573541 -0.800471187 -0.429974735
vn 0.806913912 0.27599892 -0.52222079
vn 0.806913912 0.27599892 -0.52222079
vn 0.806913972 0.27599892 -0.52222079
vn 0.270123482 -0.227084383 0.935663342
vn 0.270123482 -0.227084398 0.935663402
vn 0.270123482 -0.227084383 0.935663402
vn 0.757180333 0.353074193 0.549560428
vn 0.757180214 0.353074163 0.549560368
vn 0.757180214 0.353074163 0.549560368
vn -0.868127584 0.283589125 0.407347143
vn -0.868127644 0.283589095 0.407347143
vn -0.868127644 0.283589095 0.407347143
vn 0.0658883005 0.361949056 -0.929866552
vn 0.0658883005 0.361949027 -0.929866433
vn 0.0658882856 0.361948997 -0.929866374
vn 0.0450591557 -0.998618007 -0.0270495843
vn 0.0450591557 -0.998618007 -0.0270495825
vn 0.0450591519 -0.998618007 -0.0270495843
vn 0.605749249 -0.674957991 -0.421306938
vn 0.60574919 -0.674957991 -0.421306938
vn 0.60574919 -0.674957991 -0.421306938
vn 0.0232196338 -0.105831876 0.994112909
vn 0.0232196338 -0.105831876 0.994112909
vn 0.023219632 -0.105831876 0.994112849
vn 0.305221319 0.92037034 -0.244455293
vn 0.305221319 0.92037034 -0.244455308
vn 0.305221319 0.92037034 -0.244455293
vn -0.93418622 -0.139585361 -0.328347474
vn -0.934186161 -0.139585376 -0.328347474
vn -0.93418622 -0.139585361 -0.328347445
vn -0.635631621 0.348050863 -0.689081252
vn -0.635631621 0.348050863 -0.689081252
vn -0.63563168 0.348050892 -0.689081311
vn 0.0668090507 -0.994535685 -0.0802203566
vn 0.0668090582 -0.994535625 -0.0802203566
vn 0.0668090656 -0.994535744 -0.080220364
vn 0.902093649 0.407272458 -0.142675132
vn 0.902093649 0.407272458 -0.142675132
vn 0.902093649 0.407272458 -0.142675132
vn -0.333268225 0.23921591 0.911980212
vn -0.333268225 0.239215896 0.911980212
vn -0.333268225 0.23921591 0.911980271
vn -0.0579285361 0.854354143 0.516452789
vn -0.0579285324 0.854354084 0.516452789
vn -0.0579285249 0.854353964 0.51645273
vn -0.901770532 -0.230152339 -0.365841329
vn -0.901770532 -0.230152354 -0.365841329
vn -0.901770532 -0.230152354 -0.365841329
vn 0.647594333 0.109579705 -0.754064918
vn 0.647594333 0.109579705 -0.754064918
vn 0.647594333 0.109579705 -0.754064918
vn 0.312104106 -0.733780861 0.603453994
vn 0.312104106 -0.733780801 0.603453994
vn 0.312104106 -0.733780801 0.603453994
vn 0.931269348 -0.315469921 0.182252839
vn 0.931269407 -0.31546995 0.182252854
vn 0.931269348 -0.31546995 0.182252854
vn -0.417943448 0.315111279 0.852072895
vn -0.417943358 0.31511125 0.852072775
vn -0.417943388 0.31511125 0.852072835
vn 0.0258636456 0.753344715 -0.657117069
vn 0.0258636456 0.753344715 -0.657117009
vn 0.0258636456 0.753344715 -0.657117069
vn -0.539188981 -0.75298661 -0.377208918
vn -0.539188981 -0.75298661 -0.377208948
vn -0.539188921 -0.752986491 -0.377208889
vn 0.0964504853 -0.370426893 -0.923840463
vn 0.0964504853 -0.370426893 -0.923840404
vn 0.0964504927 -0.370426893 -0.923840463
vn 0.286794871 -0.688016534 0.666619837
vn 0.286794871 -0.688016534 0.666619837
vn 0.286794871 -0.688016534 0.666619897
vn 0.572690427 0.814356029 0.0940748006
vn 0.572690427 0.814355969 0.0940748006
vn 0.572690368 0.81435591 0.0940747932
vn -0.955933571 0.244080454 0.163143605
vn -0.955933452 0.244080424 0.16314359
vn -0.955933571 0.244080469 0.16314362
vn -0.666848063 0.731186986 -0.143802494
vn -0.666848063 0.731187046 -0.143802479
vn -0.666848063 0.731186986 -0.143802479
vn -0.348922968 -0.851207733 -0.392043442
vn -0.348922998 -0.851207852 -0.392043471
vn -0.348922968 -0.851207793 -0.392043412
vn 0.862147033 0.242964551 -0.444601655
vn 0.862147093 0.242964566 -0.444601655
vn 0.862147093 0.242964536 -0.444601655
vn 0.15362899 -0.122943729 0.980450332
vn 0.15362899 -0.122943729 0.980450451
vn 0.153629005 -0.122943737 0.980450451
vn 0.543182492 0.511588395 0.665755332
vn 0.543182492 0.511588395 0.665755332
vn 0.543182492 0.511588395 0.665755332
vn -0.96988368 0.20295997 0.134658575
vn -0.969883561 0.20295997 0.13465859
vn -0.969883621 0.202959985 0.134658605
vn 0.270710886 0.265262246 -0.925392568
vn 0.270710856 0.265262276 -0.925392568
vn 0.270710886 0.265262276 -0.925392628
vn 0.155994117 -0.979820788 0.124967806
vn 0.155994117 -0.979820907 0.124967813
vn 0.155994117 -0.979820907 0.124967813
vn 0.751534343 -0.625430346 -0.209840536
vn 0.751534343 -0.625430346 -0.209840536
vn 0.751534343 -0.625430405 -0.209840551
vn -0.0853682011 0.0977071747 0.991547048
vn -0.0853682011 0.0977071747 0.991547048
vn -0.0853681937 0.0977071673 0.991547048
vn 0.186221421 0.893693805 -0.408207148
vn 0.186221391 0.893693626 -0.408207089
vn 0.186221406 0.893693805 -0.408207178
vn -0.85238719 -0.365970612 -0.373499095
vn -0.85238719 -0.365970641 -0.373499125
vn -0.85238719 -0.365970612 -0.373499095
vn -0.357251346 0.00265318761 -0.934004545
vn -0.357251316 0.00265318761 -0.934004486
vn -0.357251346 0.00265318761 -0.934004486
vn 0.195642039 -0.940037608 0.279380351
vn 0.195642009 -0.940037608 0.279380351
vn 0.195642039 -0.940037668 0.279380381
vn 0.840531766 0.540502608 0.0369226076
vn 0.840531766 0.540502608 0.0369226076
vn 0.840531826 0.540502608 0.0369226076
vn -0.678924024 0.396877557 0.617697597
vn -0.678924084 0.396877617 0.617697656
vn -0.678924084 0.396877587 0.617697656
vn -0.367247641 0.866599679 0.337837309
vn -0.367247671 0.866599798 0.337837338
vn -0.367247641 0.866599679 0.337837309
vn -0.726898432 -0.516046882 -0.453116357
vn -0.726898432 -0.516046882 -0.453116357
vn -0.726898372 -0.516046882 -0.453116298
vn 0.736153424 0.181508318 -0.652022183
vn 0.736153364 0.181508318 -0.652022183
vn 0.736153424 0.181508318 -0.652022183
vn 0.357994169 -0.532060742 0.7673015
vn 0.357994139 -0.532060742 0.76730144
vn 0.357994139 -0.532060742 0.76730144
vn 0.897818565 0.0448371656 0.438077152
vn 0.897818446 0.0448371619 0.438077092
vn 0.897818565 0.0448371656 0.438077152
vn -0.681708395 0.429511845 0.592278123
vn -0.681708336 0.429511786 0.592278004
vn -0.681708395 0.429511845 0.592278063
vn 0.0318975449 0.481973618 -0.875604987
vn 0.0318975449 0.481973648 -0.875604987
vn 0.0318975411 0.481973588 -0.875604868
vn -0.248007461 -0.956319511 -0.154743001
vn -0.248007432 -0.956319392 -0.154742971
vn -0.248007476 -0.956319511 -0.154743001
vn 0.378790081 -0.564699352 -0.733234465
vn 0.37879011 -0.564699411 -0.733234406
vn 0.37879011 -0.564699411 -0.733234465
vn 0.256848276 -0.387197733 0.885498106
vn 0.256848276 -0.387197763 0.885498047
vn 0.256848276 -0.387197733 0.885498047
vn 0.361097336 0.929529369 -0.074724786
vn 0.361097366 0.929529428 -0.074724786
vn 0.361097336 0.929529428 -0.074724786
vn -0.996738315 0.0223712586 -0.0775391236
vn -0.996738255 0.0223712567 -0.0775391161
vn -0.996738374 0.0223712586 -0.0775391236
vn -0.660994411 0.414325267 -0.625636518
vn -0.660994411 0.414325267 -0.625636458
vn -0.660994411 0.414325267 -0.625636458
vn -0.0295864847 -0.99504596 -0.0949104577
vn -0.0295864884 -0.995046079 -0.0949104652
vn -0.0295864902 -0.995046079 -0.0949104652
vn 0.918480814 0.328661263 -0.219942629
vn 0.918480814 0.328661263 -0.219942629
vn 0.918480814 0.328661263 -0.219942629
vn -0.22789593 0.252061725 0.940493584
vn -0.22789593 0.252061725 0.940493584
vn -0.22789593 0.252061725 0.940493584
vn 0.183189139 0.743504584 0.643150687
vn 0.183189124 0.743504584 0.643150628
vn 0.183189124 0.743504584 0.643150628
vn -0.983304381 -0.0563905276 -0.173009604
vn -0.98330456 -0.0563905388 -0.173009619
vn -0.98330456 -0.0563905425 -0.173009634
vn 0.480045676 0.176683664 -0.85926652
vn 0.480045676 0.176683664 -0.85926652
vn 0.480045706 0.176683664 -0.85926652
vn 0.320063353 -0.863793135 0.389128417
vn 0.320063353 -0.863793135 0.389128417
vn 0.320063323 -0.863793075 0.389128357
vn 0.892782629 -0.447979003 0.0474759713
vn 0.892782688 -0.447979033 0.047475975
vn 0.892782569 -0.447978973 0.0474759713
vn -0.299120396 0.245692 0.922042549
vn -0.299120367 0.245692015 0.922042549
vn -0.299120367 0.245691985 0.922042549
vn 0.0709855258 0.826340377 -0.558679283
vn 0.0709855258 0.826340437 -0.558679342
vn 0.0709855184 0.826340318 -0.558679283
vn -0.664651871 -0.624052167 -0.410848975
vn -0.664651871 -0.624052167 -0.410849005
vn -0.66465193 -0.624052167 -0.410848975
vn -0.113155127 -0.235787779 -0.965194285
vn -0.113155141 -0.235787809 -0.965194345
vn -0.113155141 -0.235787809 -0.965194345
vn 0.316638798 -0.80327332 0.504471958
vn 0.316638768 -0.803273261 0.504471898
vn 0.316638768 -0.803273261 0.504471898
vn 0.672711432 0.734773695 0.0869885758
vn 0.672711432 0.734773695 0.0869885758
vn 0.672711372 0.734773576 0.0869885683
vn -0.876197755 0.304299444 0.373736918
vn -0.876197755 0.304299444 0.373736918
vn -0.876197755 0.304299444 0.373736918
vn -0.608178258 0.792557836 0.0443985909
vn -0.608178198 0.792557776 0.0443985835
vn -0.608178258 0.792557955 0.0443985909
vn -0.469904959 -0.755606174 -0.456342667
vn -0.469904959 -0.755606174 -0.456342667
vn -0.469904929 -0.755606174 -0.456342667
vn 0.82321316 0.239947543 -0.514534056
vn 0.82321316 0.239947543 -0.514534056
vn 0.8232131 0.239947528 -0.514534056
vn 0.254875213 -0.276897788 0.926480651
vn 0.254875183 -0.276897758 0.926480532
vn 0.254875213 -0.276897788 0.926480651
vn 0.748106182 0.299137682 0.592329144
vn 0.748106182 0.299137682 0.592329144
vn 0.748106182 0.299137682 0.592329144
vn -0.87491399 0.23190932 0.425139517
vn -0.874913931 0.23190932 0.425139457
vn -0.87491405 0.231909335 0.425139517
vn 0.0722295195 0.458721757 -0.885639429
vn 0.0722295195 0.458721757 -0.885639429
vn 0.0722295195 0.458721757 -0.885639429
vn 0.0545779355 -0.989768803 -0.1318288
vn 0.0545779429 -0.989768922 -0.131828815
vn 0.0545779355 -0.989768803 -0.1318288
vn 0.619906306 -0.654972434 -0.432119638
vn 0.619906247 -0.654972434 -0.432119608
vn 0.619906306 -0.654972434 -0.432119608
vn 0.033978153 -0.113980606 0.992901742
vn 0.033978153 -0.113980606 0.992901742
vn 0.0339781567 -0.113980621 0.992901802
vn 0.278907508 0.930237055 -0.238473192
vn 0.278907508 0.930237114 -0.238473222
vn 0.278907537 0.930237174 -0.238473222
vn -0.932794273 -0.161281735 -0.322308868
vn -0.932794273 -0.161281735 -0.322308868
vn -0.932794273 -0.161281735 -0.322308868
vn -0.632431328 0.265448868 -0.727713943
vn -0.632431328 0.265448868 -0.727713943
vn -0.632431328 0.265448868 -0.727713943
vn 0.151983738 -0.98778677 -0.0343262367
vn 0.151983723 -0.98778671 -0.034326233
vn 0.151983738 -0.98778677 -0.0343262367
vn 0.870640695 0.475760639 -0.125046313
vn 0.870640755 0.475760609 -0.125046313
vn 0.870640635 0.475760579 -0.125046298
vn -0.39018482 0.246593475 0.887100577
vn -0.39018479 0.246593446 0.887100518
vn -0.390184879 0.246593505 0.887100697
vn -0.272301674 0.90186584 0.335395098
vn -0.272301704 0.9018659 0.335395128
vn -0.272301674 0.90186584 0.335395098
vn -0.763562739 -0.416719228 -0.493271559
vn -0.763562739 -0.416719228 -0.493271559
vn -0.763562739 -0.416719228 -0.493271559
vn 0.782165825 0.0955302119 -0.615703285
vn 0.782165885 0.0955302119 -0.615703344
vn 0.782165885 0.0955302119 -0.615703344
vn 0.253718644 -0.580686152 0.773582816
vn 0.253718644 -0.580686152 0.773582816
vn 0.253718674 -0.580686212 0.773582876
vn 0.892552853 -0.19424352 0.406962961
vn 0.892552912 -0.194243535 0.406962961
vn 0.892552853 -0.19424352 0.406962961
vn -0.623200357 0.334066242 0.707121611
vn -0.623200357 0.334066242 0.70712167
vn -0.623200357 0.334066242 0.70712167
vn 0.102008611 0.696313322 -0.71045202
vn 0.102008611 0.696313322 -0.71045202
vn 0.102008611 0.696313322 -0.71045202
vn -0.371372044 -0.836140752 -0.403672487
vn -0.371372044 -0.836140752 -0.403672487
vn -0.371372014 -0.836140692 -0.403672457
vn 0.275271833 -0.352986425 -0.894218028
vn 0.275271833 -0.352986425 -0.894218087
vn 0.275271833 -0.352986425 -0.894218087
vn 0.317663103 -0.621672988 0.71596992
vn 0.317663133 -0.621672988 0.71596998
vn 0.317663103 -0.621672988 0.71596992
vn 0.403827786 0.904025376 0.140218616
vn 0.403827757 0.904025316 0.140218601
vn 0.403827757 0.904025316 0.140218601
vn -0.996775568 0.0706552118 0.0380302258
vn -0.996775508 0.0706552118 0.0380302221
vn -0.996775687 0.0706552267 0.0380302332
vn -0.698652923 0.608373463 -0.376518279
vn -0.698652804 0.608373404 -0.37651822
vn -0.698652864 0.608373463 -0.376518279
vn -0.276347697 -0.951023757 -0.138513163
vn -0.276347637 -0.951023698 -0.138513163
vn -0.276347667 -0.951023698 -0.138513163
vn 0.870597363 0.165029228 -0.46349296
vn 0.870597303 0.165029228 -0.46349296
vn 0.870597303 0.165029228 -0.46349293
vn 0.104432322 0.177634224 0.978539765
vn 0.1044323 0.177634209 0.978539705
vn 0.1044323 0.177634194 0.978539646
vn 0 0 0
vn 0 0 0
vn 0 0 0
vn 0 0 0
vn 0 0 0
vn 0 0 0
vn 0 0 0
vn 0 0 0
vn 0 0 0
vn 0 0 0
vn 0 0 0
vn 0 0 0
vn 0 0 0
vn 0 0 0
vn 0 0 0
vn 0 0 0
vn 0 0 0
vn 0 0 0
vn 0 0 0
vn 0 0 0
vn 0 0 0
vn 0 0 0
vn 0 0 0
vn 0 0 0
vn 0 0 0
vn 0 0 0
vn 0 0 0
vn 0 0 0
vn 0 0 0
vn 0 0 0
vn 0 0 0
vn 0 0 0
vn 0 0 0
vn 0 0 0
vn 0 0 0
vn 0 0 0
vn 0 0 0
vn 0 0 0
vn 0 0 0
vn 0 0 0
vn 0 0 0
vn 0 0 0
vn 0 0 0
vn 0 0 0
vn 0 0 0
vn 0 0 0
vn 0 0 0
vn 0 0 0
vn 0 0 0
vn 0 0 0
vn 0 0 0
vn 0 0 0
vn 0 0 0
vn 0 0 0
vn 0 0 0
vn 0 0 0
vn 0 0 0
vn 0 0 0
vn 0 0 0
vn 0 0 0
vn 0 0 0
vn 0 0 0
vn 0 0 0
vn 0 0 0
vn 0 0 0
vn 0 0 0
vn 0 0 0
vn -0.547774613 -0.666898549 -0.505162597
vn -0.547774613 -0.666898549 -0.505162597
vn -0.547774613 -0.666898549 -0.505162597
vn 0.286415249 0.732436121 -0.617659867
vn 0.286415219 0.732436061 -0.617659807
vn 0.286415219 0.732436061 -0.617659807
vn -0.546479404 0.38554284 0.74344933
vn -0.546479464 0.38554287 0.74344939
vn -0.546479404 0.38554281 0.743449271
vn 0.807838202 -0.451080889 0.379372478
vn 0.807838202 -0.451080889 0.379372478
vn 0.807838202 -0.451080889 0.379372478
vn 0.520205021 -0.718076229 0.462334543
vn 0.520205021 -0.718076229 0.462334573
vn 0.520205021 -0.718076229 0.462334573
vn 0.490922064 0.29119283 -0.821098208
vn 0.490922093 0.29119283 -0.821098208
vn 0.490922064 0.2911928 -0.821098208
vn -0.899595499 -0.353032023 -0.257091761
vn -0.899595618 -0.353032082 -0.25709179
vn -0.899595499 -0.353032053 -0.257091761
vn -0.111542642 0.779918849 0.615860939
vn -0.111542642 0.779918849 0.615860939
vn -0.11154265 0.779918909 0.615860939
vn -0.713112712 0.686079443 0.144101739
vn -0.713112712 0.686079443 0.144101754
vn -0.713112652 0.686079383 0.144101724
vn 0.739442647 0.144628614 0.657500625
vn 0.739442706 0.144628629 0.657500684
vn 0.739442766 0.144628629 0.657500684
vn -0.385778964 -0.913687348 0.127866894
vn -0.385779023 -0.913687408 0.127866894
vn -0.385778993 -0.913687408 0.127866909
vn 0.359447271 0.0829810724 -0.929468513
vn 0.3594473 0.0829810798 -0.929468572
vn 0.359447271 0.0829810798 -0.929468572
vn -0.292114139 0.200592384 -0.935110748
vn -0.292114109 0.200592354 -0.935110629
vn -0.292114139 0.200592384 -0.935110748
vn 0.21279645 0.854784429 0.473351091
vn 0.21279645 0.854784429 0.473351091
vn 0.212796435 0.854784429 0.473351091
vn -0.734800756 -0.475106895 0.484088033
vn -0.734800816 -0.475106895 0.484088063
vn -0.734800696 -0.475106835 0.484087974
vn 0.814118147 -0.580269933 -0.0223289952
vn 0.814118028 -0.580269873 -0.0223289914
vn 0.814118087 -0.580269873 -0.0223289933
vn 0.671807647 -0.738033235 0.063098751
vn 0.671807647 -0.738033235 0.063098751
vn 0.671807647 -0.738033175 0.063098751
vn -0.112347186 0.267573565 -0.956965208
vn -0.112347186 0.267573565 -0.956965268
vn -0.112347186 0.267573565 -0.956965268
vn -0.876759887 -0.315394193 0.363068402
vn -0.876759887 -0.315394193 0.363068372
vn -0.876759768 -0.315394163 0.363068312
vn 0.317296326 0.785856366 0.530803859
vn 0.317296326 0.785856366 0.530803859
vn 0.317296326 0.785856366 0.530803859
vn -0.669653118 -0.197001949 0.716069162
vn -0.669653118 -0.197001919 0.716069102
vn -0.669653118 -0.197001934 0.716069102
vn 0.7124874 -0.701641738 0.00776735926
vn 0.712487519 -0.701641858 0.00776736066
vn 0.712487519 -0.701641858 0.00776736019
vn -0.455204338 0.00297966087 -0.890381992
vn -0.455204368 0.00297966087 -0.890382111
vn -0.455204338 0.00297966087 -0.890382051
vn 0.4123694 0.895663798 0.166546568
vn 0.41236943 0.895663738 0.166546568
vn 0.4123694 0.895663857 0.166546568
vn -0.920950532 0.105383538 -0.375159144
vn -0.920950592 0.105383545 -0.375159174
vn -0.920950592 0.105383545 -0.375159174
vn 0.190632761 0.751458764 0.631639779
vn 0.190632775 0.751458764 0.631639779
vn 0.190632775 0.751458764 0.631639779
vn 0.0633676872 -0.870262802 0.488494843
vn 0.0633676872 -0.870262802 0.488494873
vn 0.0633676872 -0.870262742 0.488494843
vn 0.666954398 0.013414803 -0.744977713
vn 0.666954458 0.0134148039 -0.744977713
vn 0.666954458 0.0134148039 -0.744977772
vn -0.0450203866 -0.394359052 -0.917852938
vn -0.0450203903 -0.394359082 -0.917852938
vn -0.045020394 -0.394359112 -0.917852998
vn 0.188438997 0.979793608 -0.0670459643
vn 0.188439026 0.979793787 -0.0670459718
vn 0.188439012 0.979793668 -0.0670459643
vn -0.873429537 -0.140316769 0.466295987
vn -0.873429537 -0.140316799 0.466295987
vn -0.873429537 -0.140316784 0.466296017
vn 0.730010748 -0.445119143 0.51860702
vn 0.730010748 -0.445119172 0.51860702
vn 0.730010748 -0.445119143 0.51860702
vn 0.44040975 -0.386342734 0.810418844
vn 0.44040972 -0.386342704 0.810418844
vn 0.44040972 -0.386342704 0.810418785
vn 0.699170828 0.278941751 -0.658294559
vn 0.699170828 0.27894178 -0.658294618
vn 0.699170828 0.27894178 -0.658294618
vn -0.594276309 -0.688084841 -0.416383237
vn -0.594276249 -0.688084722 -0.416383177
vn -0.594276309 -0.688084841 -0.416383237
vn -0.545315027 0.795486927 0.264257491
vn -0.545315027 0.795486927 0.264257491
vn -0.545315087 0.795486987 0.264257491
vn -0.644788325 -0.764170349 0.0170778651
vn -0.644788265 -0.764170289 0.0170778651
vn -0.644788325 -0.764170349 0.0170778651
vn 0.127315447 0.307711273 -0.942923427
vn 0.127315432 0.307711273 -0.942923427
vn 0.127315447 0.307711273 -0.942923427
vn -0.36072883 0.752879202 0.550497591
vn -0.36072886 0.752879202 0.550497591
vn -0.36072883 0.752879202 0.550497591
vn 0.87820518 -0.296417594 0.375356376
vn 0.87820518 -0.296417594 0.375356376
vn 0.87820518 -0.296417594 0.375356376
vn 0.79807055 0.322419405 0.50904721
vn 0.79807061 0.322419405 0.50904721
vn 0.79807055 0.322419405 0.50904721
vn -0.0257381443 -0.999495804 0.0185889043
vn -0.0257381462 -0.999495864 0.0185889062
vn -0.0257381462 -0.999495864 0.0185889062
vn -0.831983387 0.362733185 0.419795424
vn -0.831983447 0.362733185 0.419795424
vn -0.831983387 0.362733185 0.419795394
vn 0.0596483909 0.314344287 -0.947433233
vn 0.0596483909 0.314344287 -0.947433233
vn 0.0596483909 0.314344257 -0.947433174
vn -0.484710842 0.853700161 0.190398186
vn -0.484710872 0.853700221 0.190398186
vn -0.484710842 0.853700161 0.190398186
vn 0.955802321 0.08978495 0.279965311
vn 0.955802321 0.08978495 0.279965311
vn 0.955802321 0.08978495 0.279965311
vn -0.427726984 -0.746865809 0.509157062
vn -0.427727044 -0.746865988 0.509157121
vn -0.427726984 -0.746865869 0.509157062
vn -0.0433646254 -0.196618736 -0.979520559
vn -0.0433646254 -0.196618721 -0.979520619
vn -0.0433646254 -0.196618721 -0.979520619
vn -0.919424653 -0.239197776 0.312158078
vn -0.919424713 -0.239197761 0.312158078
vn -0.919424713 -0.239197761 0.312158078
vn -0.0298979711 0.872885585 -0.487008125
vn -0.0298979692 0.872885585 -0.487008184
vn -0.0298979655 0.872885466 -0.487008125
vn 0.609745324 0.0790193304 0.788648546
vn 0.609745383 0.0790193304 0.788648546
vn 0.609745324 0.0790193304 0.788648546
vn 0.339567721 -0.712701499 -0.61379981
vn 0.339567721 -0.712701499 -0.61379987
vn 0.339567751 -0.712701619 -0.61379993
vn -0.183770001 -0.953028321 0.240760148
vn -0.183770001 -0.953028321 0.240760148
vn -0.183770016 -0.953028381 0.240760162
vn 0.0845114216 0.082618475 -0.992991447
vn 0.0845114142 0.082618475 -0.992991388
vn 0.0845114365 0.0826184899 -0.992991507
vn -0.752705991 0.575623155 0.319517881
vn -0.752705991 0.575623095 0.319517851
vn -0.752705991 0.575623095 0.319517881
vn 0.851965845 0.294796705 0.432722986
vn 0.851965845 0.294796705 0.432722986
vn 0.851965845 0.294796675 0.432722986
vn 0.68377316 0.515758514 0.516185522
vn 0.68377316 0.515758514 0.516185522
vn 0.68377316 0.515758514 0.516185522
vn 0.276783705 -0.959425867 -0.0537862703
vn 0.276783675 -0.959425688 -0.0537862629
vn 0.276783645 -0.959425688 -0.0537862629
vn -0.885149598 0.0662544817 0.460565329
vn -0.885149658 0.0662544891 0.460565329
vn -0.885149598 0.0662544817 0.460565329
vn -0.0754144862 0.377416193 -0.922967851
vn -0.0754144862 0.377416193 -0.922967851
vn -0.0754144862 0.377416193 -0.922967851
vn -0.922416151 0.365564793 0.124542736
vn -0.922416151 0.365564793 0.124542736
vn -0.922416151 0.365564793 0.124542736
vn 0.627821922 0.457897305 0.629420161
vn 0.627821922 0.457897305 0.629420221
vn 0.627821863 0.457897246 0.629420102
vn -0.00258242805 -0.982248724 0.187565088
vn -0.00258242805 -0.982248843 0.187565103
vn -0.00258242851 -0.982248902 0.187565118
vn 0.297176242 0.158788309 -0.941526711
vn 0.297176242 0.158788323 -0.941526771
vn 0.297176212 0.158788309 -0.941526651
vn -0.750084579 -0.640740216 0.163784072
vn -0.750084579 -0.640740156 0.163784087
vn -0.750084579 -0.640740156 0.163784072
vn -0.152225494 0.477182478 -0.865519702
vn -0.152225465 0.477182418 -0.865519643
vn -0.152225479 0.477182418 -0.865519643
vn 0.0385602415 0.665604711 0.745307684
vn 0.0385602415 0.665604711 0.745307684
vn 0.0385602377 0.665604711 0.745307684
vn 0.863740385 -0.502049029 -0.0435795076
vn 0.863740385 -0.502049088 -0.0435795076
vn 0.863740385 -0.502049088 -0.0435795076
vn 0.50740695 -0.770985842 0.384862185
vn 0.50740701 -0.770985842 0.384862214
vn 0.50740701 -0.770985842 0.384862214
vn -0.0784526244 -0.113673411 -0.990415812
vn -0.0784526244 -0.113673411 -0.990415871
vn -0.0784526244 -0.113673411 -0.990415871
vn -0.913660944 0.0332666747 0.405113608
vn -0.913660944 0.0332666747 0.405113608
vn -0.913660944 0.0332666747 0.405113608
vn 0.484702438 0.851401567 0.200446784
vn 0.484702438 0.851401627 0.200446784
vn 0.484702468 0.851401567 0.200446784
vn -0.0768861175 0.979251206 0.187497914
vn -0.07688611 0.979251206 0.187497899
vn -0.07688611 0.979251206 0.187497899
vn 0.888009906 -0.331653178 0.318503499
vn 0.888009846 -0.331653148 0.318503499
vn 0.888009965 -0.331653208 0.318503559
vn -0.729521334 -0.489197791 0.478000313
vn -0.729521215 -0.489197791 0.478000283
vn -0.729521275 -0.489197791 0.478000313
vn -0.0815974101 -0.158395618 -0.983998299
vn -0.0815974101 -0.158395618 -0.983998299
vn -0.0815974176 -0.158395633 -0.983998358
vn -0.98685658 0.0548647717 -0.152000085
vn -0.98685652 0.0548647717 -0.152000085
vn -0.98685658 0.0548647717 -0.152000085
vn 0.448080838 0.781548321 -0.434057266
vn 0.448080838 0.781548262 -0.434057266
vn 0.448080868 0.781548262 -0.434057266
vn 0.187131867 0.0117394263 0.982264578
vn 0.187131882 0.0117394282 0.982264698
vn 0.187131882 0.0117394282 0.982264698
vn 0.351644278 -0.848155379 -0.396205544
vn 0.351644278 -0.848155379 -0.396205515
vn 0.351644278 -0.848155379 -0.396205515
vn -0.0277765319 -0.982635796 -0.18345426
vn -0.02777653 -0.982635736 -0.18345423
vn -0.02777653 -0.982635736 -0.18345423
vn -0.0601061247 0.501997888 -0.86277771
vn -0.0601061285 0.501997888 -0.86277771
vn -0.0601061285 0.501997888 -0.86277771
vn -0.77002722 0.251523048 0.586339593
vn -0.77002722 0.251523048 0.586339593
vn -0.77002722 0.251523077 0.586339593
vn 0.85790956 0.229113594 0.459889263
vn 0.85790956 0.229113594 0.459889263
vn 0.85790956 0.229113579 0.459889293
vn 0.672893167 0.358296722 0.6471771
vn 0.672893226 0.358296752 0.64717716
vn 0.672893167 0.358296692 0.647177041
vn 0.216772914 -0.952701092 -0.213002935
vn 0.216772914 -0.952701032 -0.21300292
vn 0.216772914 -0.952701032 -0.21300292
vn -0.912702918 0.0515811965 0.405355245
vn -0.912702799 0.0515811928 0.405355155
vn -0.912702918 0.0515811965 0.405355215
vn 0.023033971 0.542823136 -0.839531064
vn 0.0230339766 0.542823195 -0.839531124
vn 0.0230339747 0.542823195 -0.839531124
vn -0.673162639 0.641920865 0.367137104
vn -0.67316258 0.641920865 0.367137104
vn -0.67316258 0.641920865 0.367137074
vn 0.818245113 0.0100726616 0.574781299
vn 0.818245113 0.0100726616 0.574781239
vn 0.818245113 0.0100726616 0.574781299
vn -0.388868093 -0.921236992 -0.0102003803
vn -0.388868093 -0.921236992 -0.0102003803
vn -0.388868093 -0.921236992 -0.0102003794
vn 0.243790969 0.26925239 -0.931702375
vn 0.243790925 0.26925233 -0.931702197
vn 0.243790954 0.26925239 -0.931702316
vn -0.899297714 -0.436650217 0.0245019346
vn -0.899297655 -0.436650246 0.0245019365
vn -0.899297714 -0.436650246 0.0245019365
vn -0.0343341045 0.8005445 -0.598288894
vn -0.0343341045 0.80054456 -0.598288834
vn -0.0343341045 0.80054456 -0.598288894
vn 0.2575652 0.284735769 0.923355639
vn 0.25756523 0.284735769 0.923355699
vn 0.25756523 0.284735799 0.923355758
vn 0.676077187 -0.64863342 -0.349562943
vn 0.676077247 -0.64863348 -0.349563003
vn 0.676077247 -0.64863348 -0.349562973
vn 0.197862089 -0.976892114 0.0808234066
vn 0.197862074 -0.976892173 0.0808234066
vn 0.197862104 -0.976892173 0.080823414
vn -0.0832232013 0.244435966 -0.96608752
vn -0.0832232013 0.244435951 -0.96608752
vn -0.0832231939 0.244435921 -0.966087461
vn -0.857533336 0.206513286 0.471156955
vn -0.857533336 0.206513286 0.471156955
vn -0.857533276 0.206513286 0.471156955
vn 0.742894053 0.525947273 0.414111078
vn 0.742893994 0.525947213 0.414111048
vn 0.742894053 0.525947273 0.414111108
vn 0.343601853 0.790823758 0.506493449
vn 0.343601793 0.790823698 0.50649339
vn 0.343601853 0.790823758 0.506493449
vn 0.639418423 -0.762502491 0.0986609608
vn 0.639418423 -0.762502491 0.0986609533
vn 0.639418423 -0.762502551 0.0986609608
vn -0.893538117 -0.265274256 0.362241834
vn -0.893538177 -0.265274286 0.362241864
vn -0.893538177 -0.265274286 0.362241864
vn -0.08947476 0.23695311 -0.967392087
vn -0.08947476 0.236953139 -0.967392147
vn -0.0894747451 0.236953095 -0.967392087
vn -0.916105688 0.326151788 0.233185008
vn -0.916105747 0.326151788 0.233185023
vn -0.916105688 0.326151788 0.233185008
vn 0.681949675 0.543663323 0.489259541
vn 0.681949675 0.543663323 0.489259541
vn 0.681949675 0.543663323 0.489259541
vn 0.0886731073 -0.960787535 0.262724966
vn 0.0886731073 -0.960787535 0.262724966
vn 0.0886730999 -0.960787535 0.262724966
vn 0.145482987 0.09097258 -0.985169351
vn 0.145482987 0.09097258 -0.985169411
vn 0.145482987 0.09097258 -0.985169411
vn -0.455018222 -0.890296817 -0.0181639809
vn -0.455018252 -0.890296876 -0.0181639809
vn -0.455018222 -0.890296817 -0.0181639809
vn -0.578050971 0.679068327 -0.452463835
vn -0.578050911 0.679068267 -0.452463806
vn -0.578050911 0.679068267 -0.452463806
vn 0.156991646 0.274815351 0.948593676
vn 0.156991661 0.274815351 0.948593736
vn 0.156991661 0.274815381 0.948593795
vn 0.876072645 -0.0635918528 -0.477967322
vn 0.876072645 -0.0635918528 -0.477967352
vn 0.876072645 -0.0635918528 -0.477967322
vn 0.229662329 -0.429762304 0.87324661
vn 0.229662284 -0.429762244 0.873246491
vn 0.229662329 -0.429762304 0.87324661
vn -0.200059742 -0.707834005 -0.67745626
vn -0.200059786 -0.707834125 -0.677456319
vn -0.200059742 -0.707834005 -0.67745626
vn -0.802242279 0.585351825 0.117347762
vn -0.802242339 0.585351884 0.117347777
vn -0.802242279 0.585351825 0.117347762
vn 0.77263999 0.552242756 -0.313138038
vn 0.77263999 0.552242756 -0.313138038
vn 0.77263999 0.552242756 -0.313138038
vn -0.570412219 0.558369875 0.602372825
vn -0.570412219 0.558369815 0.602372885
vn -0.570412219 0.558369875 0.602372825
vn 0.818250537 -0.294001639 0.493993074
vn 0.818250418 -0.294001579 0.493993074
vn 0.818250537 -0.294001639 0.493993074
vn -0.516167581 -0.803069651 -0.29774192
vn -0.516167521 -0.803069592 -0.29774189
vn -0.516167521 -0.803069592 -0.29774189
vn 0.268329203 0.538701117 -0.798624098
vn 0.268329203 0.538701117 -0.798624158
vn 0.268329203 0.538701117 -0.798624158
vn -0.917617023 -0.376786649 -0.126533628
vn -0.917617023 -0.376786619 -0.126533628
vn -0.917617023 -0.376786649 -0.126533628
vn 0.0238731634 0.940439701 -0.339121222
vn 0.0238731634 0.940439761 -0.339121222
vn 0.0238731634 0.940439761 -0.339121222
vn 0.233164147 -0.00972059928 0.972388804
vn 0.233164161 -0.00972060021 0.972388804
vn 0.233164161 -0.00972060021 0.972388864
vn 0.660589516 -0.553938031 -0.506728888
vn 0.660589516 -0.553938091 -0.506728888
vn 0.660589397 -0.553937972 -0.506728828
vn 0.0489524454 -0.987152755 -0.152095482
vn 0.0489524454 -0.987152755 -0.152095482
vn 0.0489524454 -0.987152755 -0.152095482
vn -0.043302916 0.4712542 -0.880933762
vn -0.043302916 0.47125417 -0.880933762
vn -0.043302916 0.47125417 -0.880933762
vn -0.818007529 0.214898974 0.533555925
vn -0.818007648 0.214898989 0.533555984
vn -0.818007588 0.214898959 0.533555925
vn 0.812357962 0.300999671 0.499473453
vn 0.812357962 0.300999671 0.499473453
vn 0.812357962 0.300999671 0.499473453
vn 0.442592651 0.601539254 0.665027976
vn 0.44259271 0.601539314 0.665028036
vn 0.44259271 0.601539314 0.665028036
vn 0.514046133 -0.854897082 -0.0700532198
vn 0.514046133 -0.854897082 -0.0700532198
vn 0.514046133 -0.854897141 -0.0700532198
vn -0.934183419 -0.196228921 0.297985733
vn -0.934183419 -0.196228936 0.297985733
vn -0.934183419 -0.196228921 0.297985733
vn -0.0224478487 0.449584246 -0.89295578
vn -0.0224478506 0.449584246 -0.89295578
vn -0.0224478487 0.449584246 -0.89295578
vn -0.911984384 0.249649018 0.325514555
vn -0.911984444 0.249649048 0.325514615
vn -0.911984444 0.249649048 0.325514615
vn 0.683755338 0.288936317 0.670070469
vn 0.683755338 0.288936317 0.670070529
vn 0.683755338 0.288936317 0.670070529
vn 0.0506945029 -0.991264939 -0.121753447
vn 0.0506945029 -0.991264999 -0.121753454
vn 0.0506945066 -0.991264939 -0.121753447
vn 0.177532092 0.452686876 -0.873817444
vn 0.177532092 0.452686876 -0.873817444
vn 0.177532092 0.452686906 -0.873817503
vn -0.572407126 -0.814036429 -0.0984629169
vn -0.572407067 -0.81403631 -0.098462902
vn -0.572407126 -0.814036369 -0.098462902
vn -0.501884818 0.801676989 -0.324693292
vn -0.501884758 0.801676929 -0.324693233
vn -0.501884818 0.801676989 -0.324693263
vn 0.23989065 0.124339357 0.962804317
vn 0.239890635 0.124339357 0.962804377
vn 0.23989065 0.124339357 0.962804377
vn 0.834413469 -0.111981198 -0.53964293
vn 0.834413469 -0.111981198 -0.53964287
vn 0.834413469 -0.111981191 -0.53964287
vn 0.223906353 -0.705666721 0.672235489
vn 0.223906338 -0.705666661 0.672235489
vn 0.223906338 -0.705666661 0.672235489
vn -0.361040294 -0.430324018 -0.827327669
vn -0.361040354 -0.430324048 -0.827327669
vn -0.361040354 -0.430324078 -0.827327788
vn -0.687556982 0.617756724 0.381630838
vn -0.687557042 0.617756724 0.381630868
vn -0.687556863 0.617756665 0.381630778
vn 0.824690938 0.518233001 -0.226537704
vn 0.824690878 0.518233001 -0.226537704
vn 0.824690878 0.518233001 -0.226537704
vn -0.483681381 0.465559542 0.741152227
vn -0.483681351 0.465559542 0.741152227
vn -0.483681351 0.465559512 0.741152167
vn 0.734355867 -0.56110096 0.381951988
vn 0.734355807 -0.56110096 0.381951988
vn 0.734355807 -0.56110096 0.381951988
vn -0.639481425 -0.583573043 -0.500505924
vn -0.639481366 -0.583573043 -0.500505924
vn -0.639481366 -0.583573043 -0.500505924
vn 0.38880825 0.67911309 -0.622602344
vn 0.388808221 0.67911303 -0.622602284
vn 0.388808221 0.67911303 -0.622602284
vn -0.988886535 -0.147419676 0.0192571096
vn -0.988886595 -0.147419691 0.0192571115
vn -0.988886595 -0.147419691 0.0192571115
vn 0.189635277 0.978598177 -0.0799009651
vn 0.189635247 0.978598058 -0.0799009576
vn 0.189635247 0.978598118 -0.0799009576
vn 0.405742377 -0.350323647 0.844183922
vn 0.405742347 -0.350323617 0.844183922
vn 0.405742377 -0.350323647 0.844183922
vn 0.393503755 -0.480852902 -0.783540189
vn 0.393503785 -0.480852932 -0.783540189
vn 0.393503785 -0.480852932 -0.783540189
vn -0.17256701 -0.841754377 -0.511537313
vn -0.17256698 -0.841754198 -0.511537254
vn -0.17256698 -0.841754258 -0.511537254
vn 0.022762334 0.775074899 -0.631459117
vn 0.0227623358 0.775074959 -0.631459177
vn 0.0227623358 0.775074959 -0.631459177
vn -0.728780687 0.137793645 0.670739532
vn -0.728780687 0.137793645 0.670739532
vn -0.728780687 0.137793645 0.670739472
vn 0.878585696 -0.0711131468 0.472260654
vn 0.878585637 -0.0711131394 0.472260624
vn 0.878585756 -0.0711131543 0.472260684
vn 0.631825089 0.17194061 0.755799949
vn 0.631825089 0.17194061 0.755799949
vn 0.63182503 0.171940595 0.75579989
vn 0.272059888 -0.834851563 -0.478545964
vn 0.272059888 -0.834851503 -0.478545964
vn 0.272059888 -0.834851503 -0.478545964
vn -0.927131414 -0.108467378 0.358695149
vn -0.927131414 -0.108467378 0.358695149
vn -0.927131414 -0.108467378 0.358695149
vn 0.0232440773 0.771380246 -0.63594991
vn 0.0232440773 0.771380246 -0.63594991
vn 0.0232440792 0.771380246 -0.63594991
vn -0.69353801 0.451370865 0.56148845
vn -0.69353801 0.451370895 0.56148845
vn -0.69353801 0.451370895 0.56148845
vn 0.618745923 -0.520129144 0.588743806
vn 0.618745863 -0.520129085 0.588743746
vn 0.618745863 -0.520129144 0.588743746
vn -0.445663154 -0.620107532 -0.645640016
vn -0.445663154 -0.620107532 -0.645640016
vn -0.445663154 -0.620107532 -0.645640016
vn 0.520454764 0.688863695 -0.504572749
vn 0.520454764 0.688863695 -0.504572749
vn 0.520454764 0.688863695 -0.504572749
vn -0.969166279 -0.175651833 -0.172809437
vn -0.969166279 -0.175651833 -0.172809452
vn -0.969166279 -0.175651833 -0.172809437
vn 0.162565976 0.98659265 0.0143921645
vn 0.162565991 0.98659277 0.0143921664
vn 0.162566006 0.98659277 0.0143921664
vn 0.257841557 -0.393223256 0.882549286
vn 0.257841557 -0.393223256 0.882549226
vn 0.257841557 -0.393223256 0.882549226
vn 0.54876399 -0.417722344 -0.724131286
vn 0.54876399 -0.417722344 -0.724131346
vn 0.54876399 -0.417722344 -0.724131286
vn 0 0 0
vn 0 0 0
vn 0 0 0
vn 0 0 0
vn 0 0 0
vn 0 0 0
vn 0 0 0
vn 0 0 0
vn 0 0 0
vn 0 0 0
vn 0 0 0
vn 0 0 0
vn 0 0 0
vn 0 0 0
vn 0 0 0
vn 0 0 0
vn 0 0 0
vn 0 0 0
vn 0 0 0
vn 0 0 0
vn 0 0 0
vn 0 0 0
vn 0 0 0
vn 0 0 0
vn 0 0 0
vn 0 0 0
vn 0 0 0
vn 0 0 0
vn 0 0 0
vn 0 0 0
vn 0 0 0
vn 0 0 0
vn 0 0 0
vn 0 0 0
vn 0 0 0
vn 0 0 0
vn 0 0 0
vn 0 0 0
vn 0 0 0
vn 0 0 0
vn 0 0 0
vn 0 0 0
vn 0.493269384 -0.5484882 -0.675163686
vn 0.493269414 -0.5484882 -0.675163686
vn 0.493269414 -0.5484882 -0.675163686
vn -0.12716727 -0.534864724 0.835313141
vn -0.127167299 -0.534864783 0.835313261
vn -0.127167284 -0.534864724 0.835313141
vn 0.526467204 0.824153423 0.208814412
vn 0.526467204 0.824153364 0.208814412
vn 0.526467204 0.824153423 0.208814412
vn -0.892568648 0.259200215 -0.368966907
vn -0.892568588 0.259200215 -0.368966877
vn -0.892568588 0.259200215 -0.368966907
vn 0.663849652 -0.656891286 -0.357487619
vn 0.663849652 -0.656891286 -0.357487619
vn 0.663849652 -0.656891227 -0.357487619
vn -0.267128766 -0.266501844 0.926077247
vn -0.267128766 -0.266501844 0.926077187
vn -0.267128766 -0.266501844 0.926077247
vn 0.410978585 0.911405623 0.020885041
vn 0.410978615 0.911405683 0.020885041
vn 0.410978585 0.911405623 0.0208850391
vn -0.807697475 0.0119846594 -0.589475393
vn -0.807697475 0.0119846603 -0.589475393
vn -0.807697356 0.0119846584 -0.589475334
vn -0.966430664 0.181706503 -0.181643978
vn -0.966430604 0.181706473 -0.181643948
vn -0.966430604 0.181706488 -0.181643963
vn 0.114007466 -0.955250859 0.272943348
vn 0.114007466 -0.955250919 0.272943348
vn 0.114007443 -0.95525074 0.272943288
vn 0.533529162 0.176266134 -0.827210307
vn 0.533529103 0.176266119 -0.827210307
vn 0.533529103 0.176266134 -0.827210248
vn 0.31889388 0.597279489 0.735910356
vn 0.31889388 0.597279489 0.735910356
vn 0.31889385 0.597279429 0.735910296
vn 0.223395258 0.515743732 0.827105165
vn 0.223395258 0.515743792 0.827105105
vn 0.223395273 0.515743792 0.827105165
vn -0.888721466 -0.444066525 0.113925993
vn -0.888721466 -0.444066525 0.113925993
vn -0.888721466 -0.444066525 0.113925993
vn -0.0363035947 0.62278837 -0.781547606
vn -0.0363035947 0.62278837 -0.781547606
vn -0.0363035947 0.62278837 -0.781547546
vn 0.701629341 -0.694465339 -0.159481421
vn 0.701629221 -0.69446522 -0.159481406
vn 0.701629341 -0.69446528 -0.159481421
vn 0.710039258 -0.65350014 0.262262791
vn 0.710039258 -0.65350014 0.262262791
vn 0.710039258 -0.65350014 0.262262791
vn -0.604483247 0.16598469 0.779133558
vn -0.604483247 0.165984675 0.779133499
vn -0.604483247 0.16598469 0.779133558
vn 0.425869197 0.860153377 -0.280662805
vn 0.425869226 0.860153377 -0.280662835
vn 0.425869226 0.860153317 -0.280662835
vn -0.531427741 -0.372631878 -0.760743022
vn -0.531427741 -0.372631878 -0.760743082
vn -0.531427741 -0.372631878 -0.760743082
vn -0.520539403 -0.308662593 -0.796094298
vn -0.520539463 -0.308662593 -0.796094239
vn -0.520539343 -0.308662564 -0.796094239
vn 0.150211573 -0.77066052 0.6192891
vn 0.150211558 -0.77066046 0.619289041
vn 0.150211558 -0.77066046 0.619289041
vn 0.882026672 0.364044338 -0.29916656
vn 0.882026613 0.364044338 -0.29916656
vn 0.882026672 0.364044368 -0.29916656
vn -0.51170218 0.71527338 0.475967348
vn -0.51170218 0.715273321 0.475967318
vn -0.51170218 0.71527338 0.475967348
vn -0.753799021 0.579839885 0.309148282
vn -0.753799081 0.579839945 0.309148312
vn -0.753799081 0.579839945 0.309148282
vn -0.336615413 -0.928321123 -0.157828867
vn -0.336615443 -0.928321123 -0.157828867
vn -0.336615413 -0.928321123 -0.157828867
vn 0.375919193 0.367393553 -0.850709617
vn 0.375919133 0.367393523 -0.850709558
vn 0.375919193 0.367393553 -0.850709617
vn 0.7144894 -0.0189150851 0.69939059
vn 0.714489341 -0.0189150851 0.69939059
vn 0.714489341 -0.0189150833 0.699390531
vn 0.711616039 0.00457501551 0.702553689
vn 0.711616039 0.00457501551 0.702553689
vn 0.711616039 0.00457501551 0.702553749
vn -0.882073581 -0.212649763 0.420388192
vn -0.882073581 -0.212649763 0.420388192
vn -0.882073581 -0.212649763 0.420388192
vn -0.0458204485 0.899791479 -0.433907598
vn -0.0458204485 0.899791479 -0.433907598
vn -0.0458204448 0.899791479 -0.433907568
vn 0.216276228 -0.691718996 -0.689020634
vn 0.216276228 -0.691718996 -0.689020634
vn 0.216276228 -0.691718996 -0.689020634
vn 0.366475135 -0.859303713 -0.356781691
vn 0.366475105 -0.859303713 -0.356781721
vn 0.366475075 -0.859303713 -0.356781691
vn -0.204191402 -0.103355087 0.973459542
vn -0.204191387 -0.103355087 0.973459661
vn -0.204191387 -0.103355087 0.973459661
vn 0.675221682 0.727188706 -0.123580955
vn 0.675221682 0.727188706 -0.123580962
vn 0.675221622 0.727188706 -0.123580955
vn -0.837503791 0.235464782 -0.493095905
vn -0.83750385 0.235464811 -0.493095994
vn -0.83750385 0.235464796 -0.493095905
vn -0.900641263 0.204730585 -0.383315474
vn -0.900641203 0.20473057 -0.383315474
vn -0.900641203 0.204730585 -0.383315504
vn 0.0670808703 -0.97974056 0.188702404
vn 0.0670808703 -0.97974056 0.188702404
vn 0.0670808703 -0.97974056 0.188702404
vn 0.708556354 0.262588829 -0.654977143
vn 0.708556354 0.262588829 -0.654977083
vn 0.708556294 0.262588829 -0.654977083
vn 0.124999784 0.512420177 0.849588513
vn 0.124999769 0.512420118 0.849588394
vn 0.124999791 0.512420177 0.849588573
vn -0.296708435 0.581104338 0.757813811
vn -0.296708494 0.581104398 0.757813871
vn -0.296708465 0.581104398 0.757813871
vn -0.608008623 -0.79069525 -0.0715988874
vn -0.608008683 -0.790695369 -0.0715988949
vn -0.608008683 -0.790695429 -0.0715988949
vn -0.0305319205 0.522220552 -0.852263689
vn -0.0305319186 0.522220552 -0.852263689
vn -0.0305319224 0.522220612 -0.852263808
vn 0.935249031 -0.312629938 0.166047454
vn 0.935249031 -0.312629938 0.166047454
vn 0.935248971 -0.312629938 0.166047454
vn 0.773653448 -0.200851604 0.600931764
vn 0.773653448 -0.200851619 0.600931764
vn 0.773653448 -0.200851589 0.600931764
vn -0.841197968 0.0340283848 0.539655387
vn -0.841197968 0.0340283811 0.539655387
vn -0.841198027 0.0340283886 0.539655387
vn 0.145350963 0.882760942 -0.446773142
vn 0.145350963 0.882760942 -0.446773142
vn 0.145350963 0.882760942 -0.446773142
vn -0.0778053328 -0.715937555 -0.693815351
vn -0.0778053328 -0.715937614 -0.693815351
vn -0.0778053328 -0.715937555 -0.693815351
vn 0.105670892 -0.521068811 -0.846948028
vn 0.105670899 -0.521068811 -0.846948087
vn 0.105670884 -0.521068811 -0.846947968
vn 0.902299404 0.222063109 0.369518191
vn 0.902299464 0.222063109 0.369518191
vn 0.902299464 0.222063109 0.369518191
vn -0.500109792 0.845134497 -0.188780129
vn -0.500109792 0.845134497 -0.188780129
vn -0.500109792 0.845134497 -0.188780129
vn -0.507849693 -0.546132028 0.666204512
vn -0.507849693 -0.546132028 0.666204572
vn -0.507849693 -0.546131968 0.666204572
vn -0.299532741 0.140975639 -0.943613231
vn -0.299532712 0.140975639 -0.943613172
vn -0.299532741 0.140975639 -0.943613291
vn -0.0767710358 -0.969492674 0.232788011
vn -0.0767710358 -0.969492555 0.232788011
vn -0.0767710358 -0.969492614 0.232788026
vn 0.951996088 0.291140646 0.0945542008
vn 0.951996148 0.291140646 0.0945542082
vn 0.951996088 0.291140646 0.0945542157
vn -0.575687766 0.537386298 0.616278708
vn -0.575687826 0.537386358 0.616278768
vn -0.575687826 0.537386358 0.616278708
vn -0.877251506 0.425440907 0.222327903
vn -0.877251565 0.425440937 0.222327918
vn -0.877251565 0.425440967 0.222327918
vn -0.119462237 -0.98989445 -0.0764052793
vn -0.119462222 -0.98989439 -0.0764052793
vn -0.119462222 -0.98989439 -0.0764052793
vn 0.335909367 0.363274187 -0.869020641
vn 0.335909337 0.363274157 -0.869020522
vn 0.335909337 0.363274127 -0.869020522
vn 0.660799146 0.201177806 0.723098874
vn 0.660799146 0.201177806 0.723098934
vn 0.660799146 0.201177821 0.723098934
vn 0.997292519 -0.0591359362 -0.0437092297
vn 0.997292519 -0.0591359362 -0.043709226
vn 0.997292519 -0.0591359362 -0.0437092297
vn -0.264623016 0.876054049 0.403117716
vn -0.264623016 0.876054049 0.403117716
vn -0.264623016 0.876054049 0.403117716
vn -0.378851771 -0.0703104362 -0.922782719
vn -0.378851712 -0.0703104287 -0.92278254
vn -0.378851742 -0.0703104362 -0.922782719
vn -0.353818238 -0.746606648 0.563374937
vn -0.353818208 -0.746606708 0.563374937
vn -0.353818238 -0.746606648 0.563374937
vn 0.219897792 0.0534132347 -0.974059522
vn 0.219897807 0.0534132421 -0.974059522
vn 0.219897836 0.0534132458 -0.974059641
vn 0.584417939 -0.68396014 0.436639696
vn 0.584417999 -0.68396014 0.436639726
vn 0.584417939 -0.68396014 0.436639726
vn 0.154605851 0.891417503 0.425995052
vn 0.154605851 0.891417563 0.425995082
vn 0.154605851 0.891417563 0.425995082
vn -0.95892179 -0.260870516 0.111425035
vn -0.95892179 -0.260870516 0.111425035
vn -0.95892179 -0.260870516 0.111425035
vn -0.874303937 -0.458111495 -0.160394728
vn -0.874303997 -0.458111554 -0.160394743
vn -0.874303997 -0.458111554 -0.160394743
vn 0.560352921 -0.556565642 0.613383532
vn 0.560352921 -0.556565642 0.613383532
vn 0.560352921 -0.556565642 0.613383532
vn 0.477637887 0.120739236 -0.87022084
vn 0.477637857 0.120739214 -0.870220661
vn 0.477637887 0.120739236 -0.87022078
vn -0.163685933 0.89393723 0.417232811
vn -0.163685933 0.89393723 0.417232811
vn -0.163685933 0.89393723 0.417232811
vn 0.497213364 0.756738186 0.424412847
vn 0.497213334 0.756738186 0.424412817
vn 0.497213364 0.756738186 0.424412847
vn -0.78714633 0.358271658 -0.502038002
vn -0.78714627 0.358271629 -0.502037942
vn -0.78714633 0.358271658 -0.502038002
vn 0.605662704 -0.484364718 -0.631318927
vn 0.605662704 -0.484364748 -0.631318927
vn 0.605662704 -0.484364748 -0.631318927
vn -0.315729618 -0.630644679 0.708944261
vn -0.315729648 -0.630644739 0.708944321
vn -0.315729678 -0.630644798 0.708944261
vn 0.748116612 0.428650171 -0.506537795
vn 0.748116612 0.428650141 -0.506537795
vn 0.748116612 0.428650141 -0.506537795
vn -0.479769319 0.694028974 0.536791503
vn -0.479769319 0.694029033 0.536791503
vn -0.479769319 0.694029033 0.536791503
vn -0.637895286 -0.424021095 -0.642880797
vn -0.637895226 -0.424021095 -0.642880857
vn -0.637895286 -0.424021095 -0.642880797
vn 0.369548291 -0.698657274 0.612627208
vn 0.369548291 -0.698657274 0.612627208
vn 0.369548261 -0.698657274 0.612627149
vn -0.328375429 -0.0893076807 -0.940315843
vn -0.328375429 -0.0893076882 -0.940315783
vn -0.328375429 -0.0893076882 -0.940315783
vn -0.111833222 -0.87210393 0.47636953
vn -0.111833215 -0.87210393 0.4763695
vn -0.111833215 -0.87210393 0.4763695
vn 0.967133522 0.254161716 -0.00738900341
vn 0.967133522 0.254161716 -0.00738900341
vn 0.967133522 0.254161716 -0.00738900341
vn -0.526928008 0.707242906 0.471332371
vn -0.526928067 0.707242966 0.471332461
vn -0.526928008 0.707242906 0.471332431
vn -0.936140299 0.150919348 -0.317591995
vn -0.936140358 0.150919348 -0.317591965
vn -0.936140299 0.150919348 -0.317591995
vn 0.0923762247 -0.939068973 0.331083477
vn 0.0923762247 -0.939068913 0.331083477
vn 0.0923762247 -0.939068913 0.331083477
vn 0.636903703 0.151076257 -0.75599575
vn 0.636903703 0.151076257 -0.75599575
vn 0.636903644 0.151076257 -0.75599575
vn 0.206880942 0.63709414 0.742503405
vn 0.206880942 0.63709414 0.742503405
vn 0.206880957 0.63709414 0.742503464
vn 0.722802401 0.18862246 0.664814472
vn 0.722802401 0.18862246 0.664814472
vn 0.722802401 0.18862246 0.664814472
vn -0.856384873 -0.184829339 0.482123554
vn -0.856384873 -0.184829339 0.482123584
vn -0.856384814 -0.184829324 0.482123524
vn -0.118380338 0.792956054 -0.597667813
vn -0.118380331 0.792956054 -0.597667813
vn -0.118380331 0.792956054 -0.597667813
vn 0.251960963 -0.79674983 -0.549277246
vn 0.251960963 -0.796749771 -0.549277186
vn 0.251960963 -0.796749771 -0.549277186
vn 0.423336893 -0.88315028 -0.202068031
vn 0.423336864 -0.88315022 -0.202068031
vn 0.423336864 -0.88315022 -0.202068031
vn -0.0717555657 0.116391003 0.990608096
vn -0.0717555732 0.116391003 0.990608156
vn -0.0717555732 0.116391003 0.990608156
vn 0.561486781 0.734003842 -0.382061511
vn 0.561486781 0.734003842 -0.382061511
vn 0.561486781 0.734003782 -0.382061511
vn -0.913071871 0.0327632912 -0.406480491
vn -0.913071871 0.0327632912 -0.406480491
vn -0.913071752 0.0327632874 -0.406480461
vn -0.904955685 -0.147444814 -0.39914304
vn -0.904955685 -0.1474448 -0.39914307
vn -0.904955685 -0.1474448 -0.39914307
vn 0.21227625 -0.747155607 0.629839182
vn 0.21227622 -0.747155547 0.629839122
vn 0.21227622 -0.747155547 0.629839182
vn 0.685031593 0.0270627495 -0.728010535
vn 0.685031593 0.0270627458 -0.728010416
vn 0.685031533 0.0270627458 -0.728010416
vn 0.00764613179 0.867536843 0.497314125
vn 0.00764613179 0.867536783 0.497314095
vn 0.00764613179 0.867536843 0.497314095
vn -0.206675857 0.806582034 0.553814411
vn -0.206675902 0.806582153 0.553814471
vn -0.206675872 0.806582093 0.553814411
vn -0.796649396 -0.60413301 -0.0193156153
vn -0.796649456 -0.60413301 -0.0193156153
vn -0.796649396 -0.60413301 -0.0193156153
vn 0.225401327 0.284319878 -0.931856513
vn 0.225401327 0.284319878 -0.931856513
vn 0.225401327 0.284319878 -0.931856513
vn 0.777921677 -0.486768544 0.397359133
vn 0.777921677 -0.486768544 0.397359133
vn 0.777921677 -0.486768544 0.397359133
vn 0.775534868 -0.284751177 0.563438118
vn 0.775534868 -0.284751177 0.563438118
vn 0.775534868 -0.284751177 0.563438118
vn -0.783030689 0.201997072 0.588268816
vn -0.783030689 0.201997072 0.588268816
vn -0.783030629 0.201997072 0.588268816
vn 0.247381032 0.818558812 -0.51842469
vn 0.247381032 0.818558812 -0.51842469
vn 0.247380987 0.818558753 -0.51842463
vn -0.239885047 -0.735804737 -0.633282363
vn -0.239885062 -0.735804737 -0.633282363
vn -0.239885062 -0.735804737 -0.633282423
vn -0.216728836 -0.453981608 -0.864250779
vn -0.216728806 -0.453981549 -0.86425072
vn -0.216728836 -0.453981608 -0.864250779
vn 0.475074619 -0.640735626 0.603126884
vn 0.475074619 -0.640735626 0.603126884
vn 0.475074559 -0.640735567 0.603126824
vn 0.587519228 0.789731622 -0.176479593
vn 0.587519169 0.789731562 -0.176479593
vn 0.587519288 0.789731681 -0.176479608
vn -0.845864773 0.304985344 0.437603444
vn -0.845864773 0.304985344 0.437603444
vn -0.845864713 0.304985315 0.437603354
vn -0.907429099 -0.139931113 -0.396221846
vn -0.907429099 -0.139931113 -0.396221846
vn -0.907429099 -0.139931113 -0.396221846
vn 0.306907147 -0.845484793 0.436993927
vn 0.306907088 -0.845484674 0.436993867
vn 0.306907088 -0.845484674 0.436993867
vn 0.643335521 0.254604936 -0.722008169
vn 0.643335521 0.254604906 -0.722008169
vn 0.643335521 0.254604906 -0.722008169
vn -0.0428139009 0.730810761 0.681236088
vn -0.0428138971 0.730810761 0.681236088
vn -0.0428138971 0.730810761 0.681236088
vn 0.421622962 0.486462176 0.765237629
vn 0.421622962 0.486462176 0.765237629
vn 0.421622962 0.486462206 0.765237689
vn -0.671513915 0.593878508 -0.443144917
vn -0.671513915 0.593878508 -0.443144947
vn -0.671513915 0.593878508 -0.443144947
vn 0.705210328 -0.25695914 -0.660795152
vn 0.705210388 -0.25695914 -0.660795212
vn 0.705210328 -0.25695914 -0.660795152
vn -0.455317914 -0.823387861 0.338700354
vn -0.455317944 -0.823387861 0.338700354
vn -0.455317944 -0.823387921 0.338700354
vn 0.359073609 0.885883987 0.29372713
vn 0.359073639 0.885884047 0.29372716
vn 0.359073669 0.885884106 0.29372716
vn -0.958381772 -0.0787907764 0.274401844
vn -0.958381832 -0.0787907839 0.274401873
vn -0.958381772 -0.0787907839 0.274401844
vn 0.0690910444 -0.0744247511 -0.99483031
vn 0.0690910444 -0.0744247511 -0.99483037
vn 0.0690910444 -0.0744247511 -0.99483031
vn 0.530217409 -0.732661605 0.426704317
vn 0.530217409 -0.732661605 0.426704347
vn 0.53021735 -0.732661486 0.426704288
vn 0.00717087975 -0.994574845 -0.103776254
vn 0.00717088021 -0.994574785 -0.103776254
vn 0.00717088021 -0.994574785 -0.103776254
vn -0.933458924 0.309497297 0.181289405
vn -0.933458984 0.309497297 0.181289405
vn -0.933458984 0.309497297 0.181289405
vn 0.591472685 0.259767383 0.763335407
vn 0.591472685 0.259767383 0.763335407
vn 0.591472685 0.259767383 0.763335407
vn 0.334804475 0.425301164 -0.840847731
vn 0.334804446 0.425301105 -0.840847671
vn 0.334804416 0.425301105 -0.840847671
vn 0.128040075 0.990893781 0.0416584425
vn 0.128040075 0.990893781 0.0416584387
vn 0.128040075 0.990893722 0.0416584387
vn -0.489138037 -0.23791337 -0.839131176
vn -0.489138067 -0.23791337 -0.839131236
vn -0.489138067 -0.23791337 -0.839131236
vn 0.892057061 -0.451890886 0.00536888745
vn 0.892057002 -0.451890856 0.00536888698
vn 0.892057002 -0.451890856 0.00536888698
vn -0.530958891 -0.301088512 0.792103767
vn -0.530958891 -0.301088512 0.792103767
vn -0.530958891 -0.301088512 0.792103708
vn -0.68389982 0.0594964288 0.72714591
vn -0.683899879 0.0594964363 0.72714597
vn -0.68389982 0.0594964288 0.727145851
vn -0.377809167 0.378985643 -0.844766319
vn -0.377809167 0.378985643 -0.844766319
vn -0.377809167 0.378985643 -0.844766319
vn 0.81304127 0.519008338 0.263807267
vn 0.81304121 0.519008338 0.263807267
vn 0.81304127 0.519008338 0.263807267
vn 0.248672843 -0.957492173 -0.146186501
vn 0.248672858 -0.957492232 -0.146186516
vn 0.248672843 -0.957492173 -0.146186501
vn 0 0 0
vn 0 0 0
vn 0 0 0
vn 0 0 0
vn 0 0 0
vn 0 0 0
vn 0 0 0
vn 0 0 0
vn 0 0 0
vn 0 0 0
vn 0 0 0
vn 0 0 0
vn 0 0 0
vn 0 0 0
vn 0 0 0
vn 0 0 0
vn 0 0 0
vn 0 0 0
vn 0 0 0
vn 0 0 0
vn 0 0 0
vn 0 0 0
vn 0 0 0
vn 0 0 0
vn 0 0 0
vn 0 0 0
vn 0 0 0
vn 0 0 0
vn 0 0 0
vn 0 0 0
vn 0 0 0
vn 0 0 0
vn 0 0 0
vn 0 0 0
vn -0.913770914 -0.395495027 -0.0927704275
vn -0.913770854 -0.395494998 -0.09277042
vn -0.913770914 -0.395495027 -0.09277042
vn 0.59637022 -0.36768651 -0.713546991
vn 0.596370161 -0.36768651 -0.713547051
vn 0.596370161 -0.36768651 -0.713547051
vn -0.0561555102 0.994167566 -0.0920731947
vn -0.0561555065 0.994167507 -0.0920731872
vn -0.0561555102 0.994167566 -0.0920731947
vn 0.37355575 -0.230988532 0.898387611
vn 0.373555779 -0.230988532 0.898387671
vn 0.373555779 -0.230988517 0.898387671
vn -0.019620128 -0.431210428 0.902038157
vn -0.019620128 -0.431210399 0.902038097
vn -0.019620128 -0.431210399 0.902038097
vn 0.270672739 0.958038867 0.0943278894
vn 0.270672739 0.958038926 0.0943278894
vn 0.270672709 0.958038807 0.0943278745
vn 0.658105791 -0.47646755 -0.582988441
vn 0.658105731 -0.47646749 -0.582988381
vn 0.658105791 -0.47646755 -0.582988441
vn -0.909161985 -0.0503695756 -0.413385391
vn -0.909161985 -0.0503695756 -0.413385391
vn -0.909161985 -0.0503695756 -0.413385391
vn -0.943773985 -0.179468974 -0.277635843
vn -0.943773925 -0.179468974 -0.277635843
vn -0.943773985 -0.179468974 -0.277635843
vn 0.084070757 0.949998319 0.300724596
vn 0.0840707496 0.949998319 0.300724596
vn 0.084070757 0.949998319 0.300724596
vn 0.248171613 -0.610842228 0.75185293
vn 0.248171583 -0.610842228 0.75185287
vn 0.248171583 -0.610842228 0.75185287
vn 0.611526072 -0.159685984 -0.774942875
vn 0.611526072 -0.159685984 -0.774942875
vn 0.611526012 -0.159685969 -0.774942756
vn 0.983429611 -0.177423269 -0.0372431204
vn 0.98342967 -0.177423283 -0.0372431241
vn 0.983429611 -0.177423269 -0.0372431204
vn -0.460927784 -0.52608341 -0.71468991
vn -0.460927844 -0.526083469 -0.71468997
vn -0.460927814 -0.526083469 -0.71468997
vn -0.354097456 -0.271796793 0.894841611
vn -0.354097456 -0.271796793 0.894841611
vn -0.354097456 -0.271796793 0.894841611
vn -0.168404505 0.975303531 -0.142908812
vn -0.16840452 0.97530359 -0.142908826
vn -0.168404505 0.975303531 -0.142908812
vn 0.222460896 -0.289354473 0.931012869
vn 0.222460926 -0.289354503 0.931012928
vn 0.22246094 -0.289354503 0.931012988
vn 0.751794755 0.547482431 -0.367515773
vn 0.751794636 0.547482371 -0.367515743
vn 0.751794636 0.547482371 -0.367515743
vn -0.137798592 -0.80602622 -0.575615525
vn -0.137798592 -0.80602622 -0.575615525
vn -0.137798622 -0.80602628 -0.575615585
vn -0.836457372 0.547897995 0.0121191526
vn -0.836457372 0.547897995 0.0121191526
vn -0.836457372 0.547898054 0.0121191526
vn -0.862528324 0.424637258 0.275187433
vn -0.862528324 0.424637258 0.275187433
vn -0.862528324 0.424637258 0.275187433
vn 0.74885428 0.648951769 0.134457752
vn 0.74885428 0.648951828 0.134457737
vn 0.74885422 0.648951769 0.134457737
vn 0.162047967 -0.815701067 0.555312872
vn 0.162047967 -0.815700948 0.555312872
vn 0.162047952 -0.815700948 0.555312812
vn -0.0483745225 -0.257895678 -0.964960933
vn -0.0483745262 -0.257895678 -0.964961052
vn -0.0483745188 -0.257895648 -0.964960933
vn 0.55615449 -0.691788852 -0.460565239
vn 0.55615449 -0.691788852 -0.460565239
vn 0.55615449 -0.691788852 -0.460565239
vn -0.304184169 0.680860162 -0.666259348
vn -0.304184169 0.680860162 -0.666259289
vn -0.304184169 0.680860162 -0.666259348
vn -0.796712935 -0.436763972 0.417715043
vn -0.796712816 -0.436763912 0.417715013
vn -0.796712875 -0.436763942 0.417715013
vn 0.544745207 0.447690785 0.709101915
vn 0.544745266 0.447690845 0.709102035
vn 0.544745266 0.447690845 0.709101975
vn 0.787317514 0.142417595 0.599873662
vn 0.787317514 0.14241761 0.599873662
vn 0.787317514 0.14241761 0.599873662
vn 0.020191839 -0.932422161 -0.360806465
vn 0.0201918371 -0.932422161 -0.360806465
vn 0.0201918371 -0.932422101 -0.360806435
vn -0.843653202 0.138501734 0.518716216
vn -0.843653202 0.138501734 0.518716216
vn -0.843653202 0.138501734 0.518716216
vn 0.0361422971 0.651503503 -0.757784188
vn 0.0361423008 0.651503503 -0.757784188
vn 0.0361423008 0.651503503 -0.757784188
vn -0.264754862 0.16506432 0.950083494
vn -0.264754862 0.16506432 0.950083494
vn -0.264754862 0.16506432 0.950083494
vn 0.867919564 -0.496182024 -0.0227827281
vn 0.867919564 -0.496182054 -0.0227827299
vn 0.867919564 -0.496182054 -0.0227827299
vn -0.706582189 -0.543338954 -0.453348041
vn -0.706582189 -0.543338895 -0.453348041
vn -0.706582189 -0.543338895 -0.453348011
vn 0.103417777 0.874456286 -0.473952502
vn 0.103417769 0.874456227 -0.473952502
vn 0.103417769 0.874456227 -0.473952502
vn -0.851932406 -0.510605395 -0.11616122
vn -0.851932406 -0.510605395 -0.11616122
vn -0.851932406 -0.510605395 -0.11616122
vn -0.169344857 0.972183943 -0.161804929
vn -0.169344828 0.972183824 -0.161804914
vn -0.169344842 0.972183883 -0.161804914
vn 0.34129104 -0.12844792 0.931139946
vn 0.34129107 -0.12844792 0.931139946
vn 0.34129104 -0.12844792 0.931139946
vn 0.679991663 -0.333133638 -0.653171659
vn 0.679991722 -0.333133668 -0.653171718
vn 0.679991663 -0.333133638 -0.653171659
vn -0.402297288 -0.866174757 0.296476036
vn -0.402297258 -0.866174757 0.296476036
vn -0.402297318 -0.866174817 0.296476036
vn -0.1657594 0.127084851 -0.97794342
vn -0.165759385 0.127084851 -0.97794342
vn -0.165759385 0.127084851 -0.97794342
vn -0.41692698 0.752818048 0.509349465
vn -0.41692698 0.752818048 0.509349465
vn -0.41692698 0.752818048 0.509349465
vn 0.984981179 -0.0137317544 0.172114894
vn 0.984981179 -0.0137317544 0.172114894
vn 0.984981179 -0.0137317553 0.172114894
vn 0.912593782 0.353745401 0.205028579
vn 0.912593842 0.353745401 0.205028594
vn 0.912593842 0.353745401 0.205028594
vn 0.0792519078 -0.906870425 -0.413890123
vn 0.0792519078 -0.906870425 -0.413890123
vn 0.0792519078 -0.906870425 -0.413890123
vn -0.530153453 -0.0646194369 0.845435798
vn -0.530153453 -0.0646194369 0.845435798
vn -0.530153453 -0.0646194369 0.845435858
vn -0.461697817 0.617743671 -0.636575162
vn -0.461697787 0.617743671 -0.636575162
vn -0.461697817 0.617743671 -0.636575162
vn -0.902767479 0.386355042 0.189052075
vn -0.902767479 0.386354983 0.18905206
vn -0.902767539 0.386355042 0.189052075
vn 0.69473505 0.514782667 0.502336264
vn 0.694735169 0.514782727 0.502336323
vn 0.694735169 0.514782727 0.502336323
vn 0.0202186033 -0.95704639 0.289229035
vn 0.0202186033 -0.95704639 0.289229035
vn 0.0202186033 -0.95704639 0.289229035
vn 0.187809035 0.055915799 -0.980612636
vn 0.18780905 0.0559158064 -0.980612695
vn 0.18780902 0.055915799 -0.980612636
vn -0.616166592 -0.603811502 0.505717754
vn -0.616166592 -0.603811502 0.505717754
vn -0.616166592 -0.603811502 0.505717754
vn -0.484015614 0.389815062 -0.783436716
vn -0.484015644 0.389815092 -0.783436656
vn -0.484015644 0.389815092 -0.783436716
vn 0.31114918 0.737034619 0.599971771
vn 0.31114918 0.737034678 0.599971771
vn 0.31114918 0.737034619 0.599971771
vn 0.789041758 -0.523037314 -0.322250128
vn 0.789041758 -0.523037314 -0.322250128
vn 0.789041758 -0.523037314 -0.322250128
vn 0.472285122 -0.860715628 0.190040499
vn 0.472285092 -0.860715568 0.190040499
vn 0.472285092 -0.860715628 0.190040484
vn -0.357020855 -0.0148438355 -0.933978558
vn -0.357020825 -0.0148438346 -0.933978498
vn -0.357020825 -0.0148438346 -0.933978438
vn -0.756263673 0.114531487 0.644164383
vn -0.756263673 0.114531487 0.644164383
vn -0.756263614 0.114531487 0.644164383
vn 0.640999734 0.761028707 0.099772729
vn 0.640999734 0.761028647 0.0997727215
vn 0.640999794 0.761028826 0.0997727439
vn 0.124637872 0.987227201 0.099236168
vn 0.124637894 0.987227261 0.0992361754
vn 0.124637887 0.987227261 0.0992361754
vn 0.862894356 -0.46619457 0.195131138
vn 0.862894177 -0.46619451 0.195131093
vn 0.862894237 -0.466194481 0.195131108
vn -0.700656056 -0.313610315 0.640881896
vn -0.700656056 -0.313610315 0.640881896
vn -0.700656056 -0.313610345 0.640881896
vn -0.286865234 -0.207418427 -0.935246468
vn -0.286865205 -0.207418397 -0.935246348
vn -0.286865234 -0.207418427 -0.935246468
vn -0.822454631 0.182984918 0.538595259
vn -0.822454572 0.182984918 0.538595259
vn -0.822454572 0.182984903 0.538595259
vn 0.263710976 0.826675653 -0.497055143
vn 0.263711005 0.826675653 -0.497055173
vn 0.263710976 0.826675653 -0.497055173
vn 0.743732035 -0.273798734 0.609833479
vn 0.743732095 -0.273798734 0.609833539
vn 0.743731976 -0.273798704 0.609833479
vn -0.184989735 -0.735860705 -0.651373804
vn -0.184989735 -0.735860646 -0.651373804
vn -0.184989735 -0.735860705 -0.651373804
vn -0.511610866 -0.771978676 -0.377231091
vn -0.511610806 -0.771978617 -0.377231091
vn -0.511610866 -0.771978736 -0.377231121
vn -0.102878943 0.793243468 -0.600150645
vn -0.102878943 0.793243527 -0.600150585
vn -0.102878928 0.793243408 -0.600150585
vn -0.353131682 0.221665487 0.908934772
vn -0.353131682 0.221665487 0.908934772
vn -0.353131682 0.221665487 0.908934772
vn 0.96762532 -0.2429308 0.068453379
vn 0.96762532 -0.2429308 0.068453379
vn 0.96762526 -0.2429308 0.068453379
vn 0.894804478 0.196950212 0.400668681
vn 0.894804597 0.196950257 0.40066874
vn 0.894804537 0.196950212 0.40066871
vn -0.0539999343 -0.970686078 -0.234205917
vn -0.0539999418 -0.970686138 -0.234205961
vn -0.0539999418 -0.970686138 -0.234205961
vn -0.717275023 0.224113673 0.659764707
vn -0.717275083 0.224113703 0.659764767
vn -0.717275083 0.224113703 0.659764767
vn -0.123533301 0.549622834 -0.826229036
vn -0.123533286 0.549622774 -0.826228976
vn -0.123533301 0.549622774 -0.826228976
vn -0.333320171 0.548765302 0.766651332
vn -0.333320171 0.548765361 0.766651332
vn -0.333320171 0.548765302 0.766651332
vn 0.938807607 -0.292128295 0.182486817
vn 0.938807547 -0.292128295 0.182486802
vn 0.938807487 -0.292128265 0.182486787
vn -0.583423853 -0.80430609 -0.112730712
vn -0.583423913 -0.804306149 -0.112730712
vn -0.583423853 -0.804306209 -0.112730712
vn -0.0220605209 0.54767108 -0.836402893
vn -0.0220605209 0.54767108 -0.836402893
vn -0.0220605209 0.54767108 -0.836402893
vn -0.80793637 -0.533190966 0.250890702
vn -0.80793637 -0.533190966 0.250890702
vn -0.80793637 -0.533190966 0.250890702
vn -0.286134243 0.875265419 -0.389919817
vn -0.286134243 0.875265479 -0.389919847
vn -0.286134273 0.875265539 -0.389919877
vn 0.557161927 0.163957447 0.814056873
vn 0.557161868 0.163957447 0.814056873
vn 0.557161868 0.163957432 0.814056754
vn 0.536907792 -0.506032705 -0.675026655
vn 0.536907792 -0.506032705 -0.675026655
vn 0.536907673 -0.506032646 -0.675026596
vn -0.133014753 -0.973687053 0.185042247
vn -0.133014753 -0.973686993 0.185042247
vn -0.133014739 -0.973686993 0.185042247
vn -0.217748195 0.190163568 -0.957300127
vn -0.217748195 0.190163583 -0.957300127
vn -0.217748195 0.190163553 -0.957300127
vn -0.601374805 0.536934018 0.591650307
vn -0.601374745 0.536934018 0.591650307
vn -0.601374805 0.536934018 0.591650248
vn 0.952140212 0.246593505 0.180612192
vn 0.952140152 0.24659349 0.180612177
vn 0.952140152 0.246593505 0.180612177
vn 0.734394908 0.658163369 0.1657864
vn 0.734394908 0.658163369 0.1657864
vn 0.734394908 0.658163369 0.1657864
vn 0.38852039 -0.916861534 -0.0917437002
vn 0.38852039 -0.916861534 -0.0917437002
vn 0.38852033 -0.916861475 -0.0917436928
vn -0.64079845 0.015216765 0.767558455
vn -0.64079839 0.015216765 0.767558396
vn -0.64079839 0.015216765 0.767558396
vn -0.482106626 0.243479311 -0.841600299
vn -0.482106596 0.243479311 -0.841600299
vn -0.482106656 0.243479326 -0.841600358
vn -0.81149894 0.220117018 0.541311324
vn -0.81149894 0.220117003 0.541311324
vn -0.81149894 0.220117018 0.541311324
vn 0.80631268 0.41008991 0.426246434
vn 0.80631268 0.41008994 0.426246464
vn 0.80631274 0.41008997 0.426246494
vn 0.113586098 -0.9926458 -0.0418629274
vn 0.113586113 -0.99264586 -0.0418629348
vn 0.113586098 -0.992645741 -0.0418629237
vn -0.108399197 0.362449408 -0.925678194
vn -0.108399197 0.362449408 -0.925678194
vn -0.10839919 0.362449408 -0.925678134
vn -0.421439797 -0.798167825 0.430484086
vn -0.421439826 -0.798167884 0.430484086
vn -0.421439826 -0.798167884 0.430484116
vn -0.617076159 0.368426144 -0.695326805
vn -0.617076159 0.368426144 -0.695326746
vn -0.617076159 0.368426144 -0.695326746
vn 0.175977558 0.698700666 0.693433046
vn 0.175977543 0.698700607 0.693432987
vn 0.175977543 0.698700607 0.693432987
vn 0.862537503 -0.268960893 -0.428589523
vn 0.862537563 -0.268960893 -0.428589523
vn 0.862537563 -0.268960893 -0.428589523
vn 0.501264453 -0.812242091 0.298323363
vn 0.501264453 -0.812242031 0.298323363
vn 0.501264453 -0.812242031 0.298323333
vn -0.200162932 -0.0720253661 -0.977111638
vn -0.200162962 -0.0720253736 -0.977111697
vn -0.200162932 -0.0720253661 -0.977111578
vn -0.856479526 0.0696709156 0.511457562
vn -0.856479526 0.0696709156 0.511457562
vn -0.856479585 0.0696709156 0.511457562
vn 0.555381358 0.81458801 0.167325586
vn 0.555381358 0.81458801 0.167325586
vn 0.555381358 0.81458801 0.167325586
vn 0.00873919204 0.997077465 0.0758957118
vn 0.00873919204 0.997077465 0.0758957118
vn 0.00873919111 0.997077346 0.0758957043
vn 0.939861178 -0.340615481 -0.025338944
vn 0.939861238 -0.340615481 -0.025338944
vn 0.939861178 -0.340615481 -0.025338944
vn -0.474805534 -0.390194297 0.788865149
vn -0.474805534 -0.390194297 0.788865089
vn -0.474805534 -0.390194297 0.788865089
vn -0.473790467 -0.266261727 -0.839420915
vn -0.473790407 -0.266261667 -0.839420795
vn -0.473790407 -0.266261697 -0.839420795
vn -0.938673854 -0.319528878 0.129587054
vn -0.938673794 -0.319528878 0.129587039
vn -0.938673794 -0.319528878 0.129587039
vn -0.00723631587 0.852497041 -0.522682071
vn -0.0072363154 0.852497041 -0.522682071
vn -0.0072363154 0.852496982 -0.522682011
vn 0.423993081 0.159222394 0.891559362
vn 0.423993081 0.159222394 0.891559422
vn 0.423993081 0.159222394 0.891559362
vn 0.521921456 -0.692195058 -0.498461515
vn 0.521921515 -0.692195058 -0.498461545
vn 0.521921515 -0.692195117 -0.498461545
vn -0.0962090939 -0.973876894 -0.205688119
vn -0.0962090939 -0.973876894 -0.205688134
vn -0.0962090939 -0.973876834 -0.205688104
vn -0.27845788 0.537847459 -0.795726955
vn -0.27845788 0.537847459 -0.795726955
vn -0.27845788 0.537847459 -0.795726955
vn -0.579591215 0.234712765 0.780374169
vn -0.579591215 0.234712765 0.780374229
vn -0.579591155 0.234712765 0.780374169
vn 0.954259098 0.20131819 0.221044123
vn 0.954259098 0.20131819 0.221044123
vn 0.954259098 0.20131819 0.221044123
vn 0.734394312 0.564195096 0.37729162
vn 0.734394312 0.564195096 0.37729162
vn 0.734394312 0.564195096 0.37729162
vn 0.321891814 -0.941201031 -0.102598205
vn 0.321891785 -0.941200972 -0.102598198
vn 0.321891785 -0.941200972 -0.102598198
vn -0.78554523 0.0180736147 0.618540108
vn -0.78554529 0.0180736147 0.618540168
vn -0.78554529 0.0180736147 0.618540168
vn -0.27074331 0.358931065 -0.893233776
vn -0.27074331 0.358931065 -0.893233776
vn -0.270743281 0.358931065 -0.893233776
vn -0.618638992 0.5294258 0.580511987
vn -0.618638992 0.52942574 0.580511928
vn -0.618638992 0.5294258 0.580512047
vn 0.94466269 0.270097345 0.186171323
vn 0.94466269 0.270097345 0.186171323
vn 0.94466269 0.270097345 0.186171323
vn -0.11258284 -0.974422455 0.19448933
vn -0.11258284 -0.974422395 0.194489315
vn -0.112582847 -0.974422455 0.194489315
vn -0.213440806 0.17489928 -0.961172879
vn -0.213440806 0.17489928 -0.961172879
vn -0.213440776 0.174899265 -0.961172879
vn -0.552319407 -0.765239358 0.330684394
vn -0.552319348 -0.765239298 0.330684364
vn -0.552319348 -0.765239298 0.330684364
vn -0.601839483 0.731089056 -0.321400166
vn -0.601839483 0.731089115 -0.321400166
vn -0.601839483 0.731089056 -0.321400166
vn 0.573450744 0.343162656 0.743904352
vn 0.573450744 0.343162656 0.743904352
vn 0.573450744 0.343162656 0.743904352
vn 0.580705643 -0.309012979 -0.753187835
vn 0.580705643 -0.309012979 -0.753187835
vn 0.580705643 -0.309012979 -0.753187835
vn 0.0344903506 -0.935736775 0.351008803
vn 0.0344903506 -0.935736775 0.351008803
vn 0.0344903506 -0.935736775 0.351008803
vn -0.224914238 -0.0175097752 -0.97422117
vn -0.224914223 -0.0175097771 -0.97422123
vn -0.224914238 -0.0175097771 -0.97422123
vn -0.699592292 0.515894055 0.494392544
vn -0.699592292 0.515894055 0.494392514
vn -0.699592292 0.515894055 0.494392514
vn 0.890015543 0.437353462 0.128819034
vn 0.890015483 0.437353432 0.128819019
vn 0.890015543 0.437353432 0.128819019
vn 0 0 0
vn 0 0 0
vn 0 0 0
vn 0 0 0
vn 0 0 0
vn 0 0 0
vn 0 0 0
vn 0 0 0
vn 0 0 0
vn 0 0 0
vn 0 0 0
vn 0 0 0
vn 0 0 0
vn 0 0 0
vn 0 0 0
vn 0 0 0
vn 0 0 0
vn 0 0 0
vn 0 0 0
vn 0 0 0
vn 0 0 0
vn 0 0 0
vn 0 0 0
vn 0 0 0
vn 0 0 0
vn 0 0 0
vn 0 0 0
vn 0 0 0
vn 0 0 0
vn 0 0 0
vn 0 0 0
vn 0 0 0
vn 0 0 0
vn 0.904999971 -0.20714204 0.371573895
vn 0.904999971 -0.20714204 0.371573865
vn 0.904999971 -0.207142025 0.371573865
vn -0.561260581 -0.827594757 0.00857342407
vn -0.561260581 -0.827594757 0.00857342407
vn -0.561260581 -0.827594757 0.008573425
vn -0.436642528 0.704691708 0.559243083
vn -0.436642498 0.704691768 0.559243083
vn -0.436642498 0.704691768 0.559243083
vn 0.0929086655 0.330033958 -0.939385772
vn 0.0929086655 0.330033958 -0.939385772
vn 0.0929086655 0.330033928 -0.939385772
vn 0.989453316 -0.134229004 0.0544492193
vn 0.989453256 -0.134228989 0.0544492081
vn 0.989453256 -0.134228989 0.0544492118
vn -0.254382879 0.817677975 0.516422451
vn -0.254382879 0.817677915 0.516422451
vn -0.254382879 0.817677915 0.516422451
vn -0.268949509 0.112787411 -0.95652765
vn -0.268949509 0.112787403 -0.95652771
vn -0.268949509 0.112787403 -0.95652765
vn -0.466127068 -0.796239674 0.385652781
vn -0.466127008 -0.796239614 0.385652691
vn -0.466127008 -0.796239614 0.385652721
vn 0.171139479 -0.138301909 -0.975491643
vn 0.171139449 -0.138301894 -0.975491583
vn 0.171139464 -0.138301894 -0.975491583
vn 0.409948707 -0.749442816 0.519882441
vn 0.409948647 -0.749442697 0.519882381
vn 0.409948647 -0.749442697 0.519882381
vn 0.404853761 0.86724937 0.289779007
vn 0.404853761 0.86724937 0.289779037
vn 0.404853761 0.86724937 0.289779037
vn -0.98594147 0.0204950087 0.165829048
vn -0.985941529 0.0204950087 0.165829048
vn -0.985941529 0.0204950087 0.165829048
vn -0.96474874 -0.0641797781 -0.255227208
vn -0.964748681 -0.0641797706 -0.255227208
vn -0.964748621 -0.0641797706 -0.255227208
vn 0.366641879 -0.918028057 0.150990456
vn 0.366641879 -0.918028057 0.150990456
vn 0.366641879 -0.918028057 0.150990456
vn 0.510360718 0.445993304 -0.735270023
vn 0.510360718 0.445993245 -0.735270023
vn 0.510360718 0.445993274 -0.735270023
vn 0.0877480954 0.53621757 0.839506388
vn 0.0877480879 0.53621763 0.839506328
vn 0.0877480879 0.53621763 0.839506388
vn 0.781569779 0.451828867 0.430115372
vn 0.781569898 0.451828927 0.430115432
vn 0.781569839 0.451828897 0.430115402
vn -0.704855502 -0.17327936 0.687861025
vn -0.704855561 -0.17327936 0.687861085
vn -0.704855621 -0.17327939 0.687861145
vn -0.372058868 0.588863969 -0.717503667
vn -0.372058868 0.588863969 -0.717503667
vn -0.372058868 0.588863969 -0.717503726
vn 0.295344979 -0.867410421 -0.400462806
vn 0.295345008 -0.867410541 -0.400462836
vn 0.295344979 -0.867410421 -0.400462776
vn 0.746193647 -0.659309804 -0.0922258049
vn 0.746193647 -0.659309804 -0.0922258049
vn 0.746193647 -0.659309804 -0.0922258049
vn -0.0255911294 0.345396668 0.938107789
vn -0.0255911313 0.345396698 0.938107848
vn -0.0255911313 0.345396668 0.938107789
vn 0.14774999 0.761139274 -0.63153547
vn 0.14774999 0.761139214 -0.631535411
vn 0.14774999 0.761139214 -0.631535411
vn -0.868355989 -0.447225749 -0.214352414
vn -0.868356049 -0.447225749 -0.214352414
vn -0.868355989 -0.447225749 -0.214352414
vn -0.634904265 -0.538623691 -0.553878307
vn -0.634904265 -0.538623691 -0.553878307
vn -0.634904206 -0.538623631 -0.553878248
vn 0.551591694 -0.613005757 0.565659285
vn 0.551591694 -0.613005817 0.565659285
vn 0.551591694 -0.613005817 0.565659285
vn 0.599556446 0.529375792 -0.600244403
vn 0.599556446 0.529375792 -0.600244462
vn 0.599556446 0.529375792 -0.600244403
vn -0.516244709 0.62225616 0.588462889
vn -0.516244769 0.622256219 0.588462949
vn -0.516244769 0.622256219 0.588462949
vn -0.821485221 0.426438957 0.378565401
vn -0.821485281 0.426438987 0.378565371
vn -0.821485281 0.426439017 0.378565401
vn -0.127756298 -0.990937948 -0.0414780006
vn -0.127756283 -0.990937829 -0.0414779969
vn -0.127756283 -0.990937889 -0.0414779969
vn 0.165058628 0.35363999 -0.920703173
vn 0.165058658 0.35364005 -0.920703292
vn 0.165058628 0.35363999 -0.920703173
vn 0.784175038 0.210853159 0.583618462
vn 0.784174979 0.210853159 0.583618462
vn 0.784174979 0.210853159 0.583618462
vn 0.935506165 0.351074308 -0.0396867469
vn 0.935506225 0.351074338 -0.0396867469
vn 0.935506165 0.351074308 -0.0396867432
vn -0.625569999 0.744039178 0.234665319
vn -0.625570059 0.744039237 0.234665349
vn -0.625570059 0.744039237 0.234665349
vn -0.251886189 -0.37893036 -0.890485883
vn -0.251886189 -0.37893042 -0.890485942
vn -0.251886189 -0.37893039 -0.890485883
vn -0.0580466986 -0.716167688 0.695510089
vn -0.058046706 -0.716167748 0.695510149
vn -0.058046706 -0.716167748 0.695510149
vn 0.338874191 -0.112433381 -0.934089482
vn 0.338874161 -0.112433374 -0.934089422
vn 0.338874191 -0.112433374 -0.934089422
vn 0.63316071 -0.436620563 0.639116585
vn 0.63316071 -0.436620563 0.639116585
vn 0.63316071 -0.436620563 0.639116585
vn -0.0705891401 0.97428596 0.213971853
vn -0.0705891401 0.97428596 0.213971853
vn -0.0705891401 0.97428596 0.213971853
vn -0.901455104 -0.42522645 0.0810008496
vn -0.901455104 -0.42522645 0.0810008496
vn -0.901455104 -0.42522645 0.0810008496
vn -0.776201129 -0.541267753 -0.323328286
vn -0.776201069 -0.541267693 -0.323328227
vn -0.776201069 -0.541267693 -0.323328227
vn 0.733325183 -0.612300575 0.295502961
vn 0.733325303 -0.612300634 0.29550299
vn 0.733325303 -0.612300634 0.29550299
vn 0.331405699 0.583483219 -0.741429389
vn 0.331405729 0.583483279 -0.741429448
vn 0.331405699 0.583483219 -0.741429389
vn -0.288529545 0.570085108 0.76925528
vn -0.288529545 0.570085108 0.76925528
vn -0.288529575 0.570085108 0.76925534
vn 0.473136514 0.810979486 0.344171613
vn 0.473136544 0.810979426 0.344171613
vn 0.473136574 0.810979545 0.344171613
vn -0.976640821 0.196069747 -0.087915957
vn -0.976640821 0.196069762 -0.0879159644
vn -0.97664094 0.196069777 -0.0879159793
vn 0.37193808 -0.248450741 -0.894390464
vn 0.37193808 -0.248450741 -0.894390404
vn 0.37193805 -0.248450741 -0.894390464
vn 0.131564945 -0.758601069 0.638134003
vn 0.131564945 -0.758601069 0.638134062
vn 0.131564945 -0.758601069 0.638134062
vn 0.658459604 0.261102378 -0.705872893
vn 0.658459604 0.261102378 -0.705872893
vn 0.658459604 0.261102378 -0.705872893
vn -0.146982536 0.770595431 0.620144188
vn -0.146982536 0.770595431 0.620144188
vn -0.146982536 0.770595372 0.620144188
vn -0.867030263 -0.252056926 -0.42979753
vn -0.867030263 -0.252056926 -0.42979753
vn -0.867030263 -0.252056926 -0.42979753
vn 0.355561733 -0.779620409 0.515526831
vn 0.355561733 -0.779620409 0.515526831
vn 0.355561733 -0.779620349 0.515526831
vn -0.514206111 -0.172746271 -0.840089738
vn -0.514206111 -0.172746271 -0.840089798
vn -0.514206111 -0.172746271 -0.840089798
vn 0.519950211 -0.817799151 0.246690735
vn 0.519950211 -0.817799091 0.246690735
vn 0.519950211 -0.817799091 0.24669075
vn 0.629014194 0.763700843 -0.145265862
vn 0.629014194 0.763700843 -0.145265862
vn 0.629014194 0.763700843 -0.145265862
vn -0.634759009 0.226843566 0.738663018
vn -0.634759009 0.226843581 0.738663018
vn -0.634759009 0.226843581 0.738663018
vn -0.996685147 0.0719602853 -0.0379512236
vn -0.996685207 0.0719602928 -0.0379512273
vn -0.996685207 0.0719602853 -0.0379512273
vn 0.256414473 -0.912250638 0.31945315
vn 0.256414503 -0.912250757 0.31945321
vn 0.256414503 -0.912250698 0.31945321
vn 0.380211264 0.152835697 -0.912184477
vn 0.380211234 0.152835697 -0.912184477
vn 0.380211264 0.152835697 -0.912184477
vn 0.360061139 0.687455654 0.630682588
vn 0.360061169 0.687455773 0.630682588
vn 0.360061169 0.687455773 0.630682647
vn 0.79877758 0.481263846 0.361025661
vn 0.798777521 0.481263816 0.361025661
vn 0.79877758 0.481263816 0.361025661
vn -0.668848395 -0.131391883 0.731695354
vn -0.668848395 -0.131391883 0.731695354
vn -0.668848336 -0.131391883 0.731695294
vn -0.41100654 0.540342927 -0.734236538
vn -0.41100654 0.540342867 -0.734236538
vn -0.41100654 0.540342867 -0.734236538
vn 0.281077087 -0.890215516 -0.358485967
vn 0.281077057 -0.890215397 -0.358485907
vn 0.281077057 -0.890215397 -0.358485907
vn 0.621151984 -0.723033845 -0.302311361
vn 0.621152043 -0.723033905 -0.30231145
vn 0.621152043 -0.723033905 -0.30231145
vn 0.517725468 0.700306118 0.491458833
vn 0.517725468 0.700306118 0.491458863
vn 0.517725408 0.700305998 0.491458774
vn -0.44505012 0.411281317 -0.795473456
vn -0.44505018 0.411281347 -0.795473516
vn -0.44505018 0.411281317 -0.795473516
vn -0.693825841 -0.388553798 0.606326222
vn -0.693825841 -0.388553828 0.606326282
vn -0.693825781 -0.388553828 0.606326282
vn -0.467208445 -0.0668792278 -0.881614149
vn -0.467208415 -0.0668792278 -0.881614149
vn -0.467208415 -0.0668792278 -0.881614149
vn 0.741321206 -0.67018044 0.0360705368
vn 0.741321206 -0.6701805 0.0360705368
vn 0.741321206 -0.67018044 0.0360705368
vn 0.376715511 0.919932842 0.108668573
vn 0.376715571 0.919932902 0.108668573
vn 0.376715541 0.919932961 0.108668581
vn -0.6508286 -0.182875261 0.736870944
vn -0.6508286 -0.182875261 0.736870885
vn -0.6508286 -0.182875246 0.736870944
vn 0 0 0
vn 0 0 0
vn 0 0 0
vn 0 0 0
vn 0 0 0
vn 0 0 0
vn 0 0 0
vn 0 0 0
vn 0 0 0
vn 0 0 0
vn 0 0 0
vn 0 0 0
vn 0 0 0
vn 0 0 0
vn 0 0 0
vn 0 0 0
vn 0 0 0
vn 0 0 0
vn 0.876929104 0.476210207 -0.0649541989
vn 0.876929104 0.476210237 -0.0649541989
vn 0.876929104 0.476210207 -0.0649541989
vn -0.632093191 0.539838016 0.555907309
vn -0.632093251 0.539838016 0.555907309
vn -0.632093251 0.539838016 0.555907309
vn -0.382046312 -0.121400505 -0.916134596
vn -0.382046282 -0.121400476 -0.916134536
vn -0.382046282 -0.12140049 -0.916134536
vn 0.137210742 -0.894647241 0.425181657
vn 0.137210742 -0.894647181 0.425181657
vn 0.137210757 -0.894647241 0.425181717
vn -0.287135154 -0.634657681 -0.717469931
vn -0.287135154 -0.634657621 -0.717469931
vn -0.287135154 -0.634657681 -0.717469931
vn 0.824081659 -0.350598186 0.44493863
vn 0.824081659 -0.350598186 0.44493863
vn 0.824081659 -0.350598186 0.44493863
vn 0.193915948 0.894034505 -0.403855026
vn 0.193915948 0.894034505 -0.403855026
vn 0.193915948 0.894034505 -0.403855056
vn -0.730872989 0.0912350416 0.676388144
vn -0.730872989 0.0912350416 0.676388144
vn -0.730872869 0.0912350267 0.676388085
vn -0.869431615 -0.41582334 -0.266795009
vn -0.869431615 -0.4158234 -0.266795009
vn -0.869431555 -0.41582334 -0.266795009
vn 0.61184901 -0.706223726 0.356214851
vn 0.61184895 -0.706223667 0.356214792
vn 0.61184895 -0.706223667 0.356214821
vn 0.420242131 0.434179753 -0.796796322
vn 0.420242161 0.434179783 -0.796796441
vn 0.420242101 0.434179723 -0.796796322
vn -0.162660524 0.687866509 0.707376301
vn -0.162660524 0.687866509 0.707376301
vn -0.162660524 0.687866509 0.707376301
vn 0.410375774 0.84643811 0.339314461
vn 0.410375804 0.84643811 0.339314461
vn 0.410375774 0.84643811 0.339314461
vn -0.9548437 -0.0483864024 0.293142319
vn -0.95484364 -0.048386395 0.293142289
vn -0.95484364 -0.048386395 0.293142289
vn 0.0431313664 -0.0142587265 -0.998967648
vn 0.0431313701 -0.0142587265 -0.998967648
vn 0.0431313664 -0.0142587265 -0.998967648
vn 0.501337051 -0.783792675 0.366510808
vn 0.501337051 -0.783792675 0.366510838
vn 0.501337111 -0.783792675 0.366510838
vn 0.559363186 0.198417097 -0.804825187
vn 0.559363067 0.198417068 -0.804825127
vn 0.559363186 0.198417112 -0.804825187
vn -0.157312065 0.843916535 0.512891471
vn -0.157312065 0.843916535 0.512891471
vn -0.157312065 0.843916535 0.512891471
vn -0.877367675 -0.382358134 -0.289876282
vn -0.877367675 -0.382358134 -0.289876282
vn -0.877367735 -0.382358134 -0.289876282
vn 0.475314975 -0.659977794 0.581811845
vn 0.475315005 -0.659977794 0.581811845
vn 0.475314945 -0.659977734 0.581811845
vn -0.614419162 -0.538956165 -0.576207757
vn -0.614419162 -0.538956165 -0.576207757
vn -0.614419162 -0.538956165 -0.576207757
vn 0.812798321 -0.540478647 0.217351109
vn 0.81279844 -0.540478766 0.217351139
vn 0.81279844 -0.540478766 0.217351153
vn 0.271961421 0.829667985 -0.487532526
vn 0.271961421 0.829667985 -0.487532526
vn 0.271961421 0.829667926 -0.487532556
vn -0.470344603 0.249784768 0.84639442
vn -0.470344573 0.249784768 0.84639442
vn -0.470344603 0.249784768 0.84639442
vn -0.989211261 -0.131822318 -0.0639058128
vn -0.989211261 -0.131822318 -0.0639058128
vn -0.989211321 -0.131822318 -0.0639058128
vn 0.413695216 -0.792783439 0.44760555
vn 0.413695186 -0.792783439 0.44760555
vn 0.413695186 -0.792783439 0.44760555
vn 0.382730335 0.101741515 -0.918240726
vn 0.382730335 0.101741515 -0.918240786
vn 0.382730335 0.101741515 -0.918240845
vn 0.192779988 0.822861195 0.534542203
vn 0.192779988 0.822861195 0.534542203
vn 0.192779988 0.822861195 0.534542203
vn 0.664687037 0.728220463 0.166991457
vn 0.664687037 0.728220522 0.166991472
vn 0.664687037 0.728220522 0.166991472
vn -0.70411557 0.0221932828 0.709738433
vn -0.704115629 0.0221932828 0.709738433
vn -0.704115629 0.0221932828 0.709738433
vn -0.424678206 0.13517198 -0.895196557
vn -0.424678206 0.135171965 -0.895196617
vn -0.424678206 0.13517198 -0.895196617
vn 0.464107007 -0.885586679 0.0184652843
vn 0.464107007 -0.885586679 0.0184652843
vn 0.464107007 -0.885586619 0.0184652843
vn 0.729397953 -0.597941756 -0.332331419
vn 0.729397893 -0.597941756 -0.332331419
vn 0.729397893 -0.597941756 -0.332331419
vn 0.0549587347 0.0709746778 0.995962977
vn 0.0549587272 0.0709746704 0.995962858
vn 0.0549587309 0.0709746704 0.995962918
vn 0.103131957 0.908431411 -0.405112714
vn 0.10313195 0.908431292 -0.405112654
vn 0.103131957 0.908431351 -0.405112684
vn -0.8874982 -0.381458104 -0.258528054
vn -0.8874982 -0.381458074 -0.258528024
vn -0.88749814 -0.381458074 -0.258528024
vn -0.941777349 -0.18428959 -0.281234324
vn -0.941777349 -0.18428959 -0.281234354
vn -0.941777289 -0.18428959 -0.281234324
vn 0.337531477 -0.761201024 0.55375582
vn 0.337531477 -0.761201024 0.55375582
vn 0.337531477 -0.761201024 0.55375582
vn 0.575897396 0.103308052 -0.81096828
vn 0.575897455 0.103308067 -0.810968339
vn 0.575897515 0.103308067 -0.810968399
vn 0.028347522 0.842182279 0.53844732
vn 0.028347522 0.842182279 0.53844732
vn 0.028347522 0.842182279 0.53844738
vn 0.244935229 0.87392509 0.419835091
vn 0.244935215 0.873925149 0.41983512
vn 0.244935259 0.873925209 0.41983515
vn -0.623613954 0.160869479 -0.765001178
vn -0.623613894 0.160869464 -0.765001118
vn -0.623613894 0.160869464 -0.765001059
vn 0.826813161 -0.452930272 -0.333517969
vn 0.826813161 -0.452930272 -0.333517969
vn 0.826813161 -0.452930272 -0.333517969
vn -0.448136419 -0.58186096 0.678683758
vn -0.448136419 -0.58186096 0.678683758
vn -0.448136419 -0.58186096 0.678683698
vn 0.894522786 0.440663457 -0.0751311556
vn 0.894522846 0.440663487 -0.0751311556
vn 0.894522786 0.440663457 -0.0751311556
vn -0.622377574 0.593882799 0.509852469
vn -0.622377515 0.593882799 0.509852469
vn -0.622377515 0.593882859 0.509852409
vn -0.369286895 -0.162797004 -0.914945066
vn -0.369286865 -0.162797004 -0.914945066
vn -0.369286835 -0.162797004 -0.914945006
vn 0.0971421301 -0.871750236 0.480223894
vn 0.0971421227 -0.871750176 0.480223864
vn 0.0971421227 -0.871750236 0.480223864
vn 0 0 0
vn 0 0 0
vn 0 0 0
vn 0 0 0
vn 0 0 0
vn 0 0 0
vn 0 0 0
vn 0 0 0
vn 0 0 0
vn 0 0 0
vn 0 0 0
vn 0 0 0
vn 0.511783957 0.729296863 0.454096258
vn 0.511783898 0.729296744 0.454096198
vn 0.511783898 0.729296803 0.454096228
vn 0.237417415 -0.0189286061 -0.971223295
vn 0.237417415 -0.0189286061 -0.971223235
vn 0.237417415 -0.0189286042 -0.971223235
vn 0.231372938 -0.879011333 0.41689986
vn 0.231372938 -0.879011452 0.41689986
vn 0.231372938 -0.879011393 0.41689986
vn -0.980567992 0.168648824 0.100220256
vn -0.980567873 0.168648794 0.100220248
vn -0.980567932 0.168648794 0.100220241
vn 0.766937137 -0.196593776 0.610866904
vn 0.766937137 -0.196593761 0.610866964
vn 0.766937137 -0.196593776 0.610866904
vn 0.258820415 0.72619468 -0.636909127
vn 0.258820415 0.72619468 -0.636909068
vn 0.258820415 0.72619468 -0.636909127
vn -0.237140045 -0.824749649 -0.513373852
vn -0.23714003 -0.824749589 -0.513373792
vn -0.23714003 -0.824749589 -0.513373792
vn -0.788617313 0.295148939 0.539416254
vn -0.788617313 0.295148939 0.539416254
vn -0.788617253 0.295148879 0.539416194
vn -0.941303372 -0.0694373325 -0.330342829
vn -0.941303372 -0.0694373325 -0.330342859
vn -0.941303372 -0.0694373325 -0.330342829
vn 0.161348566 0.920515478 0.355834246
vn 0.161348566 0.920515418 0.355834246
vn 0.161348566 0.920515418 0.355834246
vn 0.148034394 -0.669459879 0.727948725
vn 0.148034409 -0.669459879 0.727948666
vn 0.148034409 -0.669459879 0.727948725
vn 0.63193047 -0.181632772 -0.753440976
vn 0.63193053 -0.181632772 -0.753441036
vn 0.63193059 -0.181632787 -0.753441036
vn 0.663682818 -0.193580493 -0.722531497
vn 0.663682878 -0.193580493 -0.722531497
vn 0.663682818 -0.193580493 -0.722531557
vn -0.895466268 -0.357317299 -0.26545164
vn -0.895466268 -0.357317299 -0.26545164
vn -0.895466268 -0.357317299 -0.26545164
vn 0.29497543 -0.437442243 0.849490285
vn 0.29497543 -0.437442273 0.849490345
vn 0.29497543 -0.437442213 0.849490225
vn -0.0631892011 0.988344431 0.138500541
vn -0.0631892085 0.988344431 0.138500556
vn -0.0631892085 0.988344431 0.138500556
vn 0.553871155 -0.513449073 0.655436218
vn 0.553871214 -0.513449192 0.655436277
vn 0.553871214 -0.513449192 0.655436218
vn 0.258510798 -0.259678036 -0.930451214
vn 0.258510828 -0.259678066 -0.930451274
vn 0.258510828 -0.259678036 -0.930451274
vn -0.967328429 -0.206477046 0.147115797
vn -0.967328429 -0.206477031 0.147115797
vn -0.96732837 -0.206477001 0.147115782
vn 0.154939771 0.979610085 0.127897277
vn 0.154939786 0.979610085 0.127897277
vn 0.154939771 0.979610026 0.127897277
vn -0.597730815 -0.592093289 0.540502846
vn -0.597730815 -0.592093289 0.540502846
vn -0.597730815 -0.592093289 0.540502846
vn 0.158608779 0.854461074 0.494711518
vn 0.158608764 0.854461074 0.494711488
vn 0.158608794 0.854461193 0.494711548
vn 0.873197258 -0.461513937 -0.156625181
vn 0.873197258 -0.461513937 -0.156625167
vn 0.873197258 -0.461513937 -0.156625181
vn -0.434075534 0.199146479 -0.878589332
vn -0.434075505 0.199146464 -0.878589213
vn -0.434075475 0.199146464 -0.878589213
vn -0.882573366 -0.268160373 -0.386205047
vn -0.882573366 -0.268160373 -0.386205077
vn -0.882573247 -0.268160373 -0.386205047
vn -0.069106929 0.922076166 0.380788505
vn -0.0691069216 0.922076106 0.380788475
vn -0.0691069216 0.922076046 0.380788445
vn 0.255872875 -0.641120017 0.723529041
vn 0.255872875 -0.641120017 0.7235291
vn 0.255872875 -0.641120017 0.723529041
vn 0.695810616 -0.0127961282 -0.718111277
vn 0.695810616 -0.0127961272 -0.718111336
vn 0.695810556 -0.0127961272 -0.718111277
vn 0.983062029 0.0196019243 -0.182222188
vn 0.983062029 0.0196019225 -0.182222173
vn 0.983061969 0.0196019225 -0.182222173
vn -0.470958203 -0.44824484 -0.759786189
vn -0.470958173 -0.44824481 -0.759786129
vn -0.470958173 -0.44824481 -0.759786129
vn -0.172412127 -0.506854415 0.844613969
vn -0.172412112 -0.506854355 0.84461391
vn -0.172412097 -0.506854355 0.84461385
vn -0.33968246 0.935486317 0.0973716229
vn -0.33968246 0.935486317 0.0973716155
vn -0.33968246 0.935486257 0.0973716155
vn 0.300708354 -0.374262005 0.877212822
vn 0.300708383 -0.374262035 0.877212822
vn 0.300708383 -0.374262035 0.877212822
vn 0.741918266 -0.0749283135 -0.666290522
vn 0.741918266 -0.074928306 -0.666290522
vn 0.741918266 -0.074928306 -0.666290522
vn -0.794194877 -0.512547135 -0.326419741
vn -0.794194937 -0.512547135 -0.326419801
vn -0.794194937 -0.512547076 -0.326419771
vn -0.24843365 0.961738586 0.115496524
vn -0.248433635 0.961738527 0.115496516
vn -0.248433694 0.961738706 0.115496539
vn -0.576366127 -0.789051116 0.212603629
vn -0.576366186 -0.789051175 0.212603658
vn -0.576366186 -0.789051175 0.212603658
vn -0.233938038 0.757535458 0.609436691
vn -0.233938023 0.757535517 0.609436691
vn -0.233938023 0.757535458 0.609436691
vn 0.961079895 -0.24536927 0.126961917
vn 0.961079955 -0.245369285 0.126961917
vn 0.961079955 -0.24536927 0.126961917
vn -0.150777787 0.27688393 -0.949000239
vn -0.150777802 0.27688396 -0.949000239
vn -0.150777787 0.27688396 -0.949000239
vn -0.661584198 -0.449850947 -0.599950433
vn -0.661584198 -0.449850917 -0.599950373
vn -0.661584198 -0.449850917 -0.599950373
vn -0.404249012 0.83365649 0.376297325
vn -0.404249012 0.833656549 0.376297355
vn -0.404248983 0.83365643 0.376297355
vn 0.24637264 -0.617539644 0.746957481
vn 0.24637264 -0.617539585 0.746957421
vn 0.24637264 -0.617539585 0.746957481
vn 0.819464922 0.233731866 -0.523303628
vn 0.819464862 0.233731851 -0.523303628
vn 0.819464862 0.233731851 -0.523303568
vn 0.955643833 0.286988139 0.0662013739
vn 0.955643892 0.286988169 0.0662013739
vn 0.955643773 0.286988139 0.0662013665
vn -0.167915553 -0.393875331 -0.90369606
vn -0.167915553 -0.393875331 -0.90369606
vn -0.167915568 -0.393875331 -0.90369606
vn -0.191840142 -0.684839427 0.702988088
vn -0.191840127 -0.684839427 0.702988088
vn -0.191840127 -0.684839427 0.702988088
vn -0.59588486 0.791725934 0.134503588
vn -0.595884919 0.791725993 0.134503603
vn -0.59588486 0.791725874 0.134503573
vn 0.284590036 -0.503483176 0.815789878
vn 0.284590065 -0.503483236 0.815789938
vn 0.284590065 -0.503483176 0.815789938
vn 0.493266672 0.868738711 -0.0445082299
vn 0.493266642 0.868738711 -0.0445082262
vn 0.493266732 0.86873883 -0.0445082374
vn 0.205427796 -0.542086482 -0.81482619
vn 0.205427796 -0.542086422 -0.81482619
vn 0.205427796 -0.542086482 -0.81482619
vn -0.983276606 0.176833689 0.0435538441
vn -0.983276606 0.176833704 0.0435538441
vn -0.983276546 0.176833689 0.0435538441
vn -0.962305069 0.0327091105 0.269998133
vn -0.962305129 0.0327091143 0.269998163
vn -0.962305129 0.0327091143 0.269998163
vn 0.409405947 0.90508759 0.114905857
vn 0.409405887 0.905087471 0.114905842
vn 0.409405917 0.905087531 0.114905842
vn 0.484829992 -0.660396695 0.573424935
vn 0.484829992 -0.660396636 0.573424876
vn 0.484830022 -0.660396755 0.573424995
vn 0.0680756718 -0.277416974 -0.958334804
vn 0.0680756718 -0.277416974 -0.958334744
vn 0.0680756718 -0.277416974 -0.958334804
vn 0.371620744 -0.29678756 -0.87966764
vn 0.371620744 -0.29678756 -0.87966764
vn 0.371620744 -0.29678756 -0.87966764
vn -0.928361356 -0.355991393 0.10684213
vn -0.928361297 -0.355991393 0.106842123
vn -0.928361297 -0.355991393 0.106842123
vn 0.57703042 -0.346465886 0.739592671
vn 0.57703042 -0.346465886 0.739592671
vn 0.57703042 -0.346465886 0.739592671
vn -0.0202909466 0.999241829 0.0332279578
vn -0.0202909485 0.999241889 0.0332279578
vn -0.0202909447 0.999241769 0.0332279541
vn 0.809341729 -0.493696153 0.318166971
vn 0.809341729 -0.493696153 0.318166971
vn 0.809341729 -0.493696153 0.318166971
vn -0.182024598 -0.238062873 -0.954040349
vn -0.182024613 -0.238062873 -0.954040349
vn -0.182024598 -0.238062859 -0.954040349
vn -0.787157655 -0.25266239 0.562622964
vn -0.787157655 -0.25266239 0.562622964
vn -0.787157536 -0.252662331 0.562622905
vn 0.159840956 0.984421253 0.0732507482
vn 0.159840956 0.984421253 0.0732507482
vn 0.159840956 0.984421253 0.0732507482
vn -0.28799361 -0.555747509 0.779874623
vn -0.28799361 -0.555747509 0.779874623
vn -0.28799361 -0.555747509 0.779874623
vn 0.997942984 0.0624722019 -0.0143848984
vn 0.997942924 0.0624721944 -0.0143848974
vn 0.997942924 0.0624721944 -0.0143848974
vn -0.319707572 -0.423774391 -0.847468138
vn -0.319707602 -0.423774421 -0.847468138
vn -0.319707602 -0.423774391 -0.847468138
vn -0.390247464 0.917053759 0.0819728598
vn -0.390247464 0.917053759 0.0819728598
vn -0.390247434 0.91705364 0.0819728523
vn -0.491672158 -0.864909112 -0.10094928
vn -0.491672099 -0.864909053 -0.100949287
vn -0.491672099 -0.864909112 -0.100949287
vn -0.654508531 0.755941391 0.0130841732
vn -0.654508531 0.755941391 0.0130841732
vn -0.654508531 0.755941391 0.0130841732
vn 0.516806543 -0.00830587652 0.856061876
vn 0.516806602 -0.00830587652 0.856061876
vn 0.516806662 -0.00830587652 0.856061876
vn 0.629381418 0.11727643 -0.768196106
vn 0.629381418 0.11727643 -0.768196046
vn 0.629381418 0.11727643 -0.768196106
vn 0.269388318 -0.854936838 -0.443297863
vn 0.269388318 -0.854936838 -0.443297893
vn 0.269388318 -0.854936838 -0.443297863
vn -0.370532036 0.627989888 -0.684349895
vn -0.370532036 0.627989888 -0.684349895
vn -0.370532036 0.627989888 -0.684349895
vn -0.697208345 -0.18843241 0.691660106
vn -0.697208345 -0.18843241 0.691660106
vn -0.697208345 -0.18843241 0.691660106
vn 0.798352718 0.415380895 0.435994983
vn 0.798352778 0.415380895 0.435994983
vn 0.798352718 0.415380895 0.435994983
vn 0.41861707 0.65370959 0.63041544
vn 0.41861701 0.653709531 0.63041538
vn 0.41861707 0.65370959 0.63041544
vn 0.685343444 -0.667059541 -0.292123258
vn 0.685343444 -0.667059541 -0.292123258
vn 0.685343444 -0.667059541 -0.292123258
vn -0.750779331 -0.473397017 0.46067965
vn -0.750779271 -0.473396957 0.46067965
vn -0.750779271 -0.473397017 0.46067965
vn -0.35316813 0.486746013 -0.798968554
vn -0.35316807 0.486745954 -0.798968494
vn -0.353168041 0.486745954 -0.798968494
vn -0.790484011 -0.306367695 0.530352533
vn -0.790484071 -0.306367755 0.530352592
vn -0.790484071 -0.306367755 0.530352592
vn 0.137887821 0.980047882 0.143153742
vn 0.137887821 0.980047941 0.143153742
vn 0.137887821 0.980047941 0.143153742
vn 0.814413011 -0.498171955 0.297584146
vn 0.814412951 -0.498171896 0.297584116
vn 0.814412951 -0.498171896 0.297584116
vn -0.161819816 -0.175508201 -0.971087635
vn -0.161819831 -0.175508201 -0.971087635
vn -0.161819801 -0.175508201 -0.971087635
vn -0.645100713 -0.516708374 -0.56290096
vn -0.645100713 -0.516708374 -0.56290108
vn -0.645100594 -0.516708314 -0.56290096
vn -0.174540788 0.978888571 -0.10636089
vn -0.174540788 0.978888571 -0.106360883
vn -0.174540788 0.978888571 -0.10636089
vn -0.114969015 -0.256755292 0.959613919
vn -0.114969015 -0.256755292 0.959613919
vn -0.114969 -0.256755263 0.95961386
vn 0.934610426 -0.205424279 -0.290352106
vn 0.934610367 -0.205424279 -0.290352106
vn 0.934610367 -0.205424279 -0.290352106
vn 0.972869456 0.0483802333 0.226239488
vn 0.972869456 0.0483802371 0.226239502
vn 0.972869456 0.0483802371 0.226239502
vn -0.13304171 -0.627661169 -0.767034173
vn -0.13304171 -0.627661228 -0.767034173
vn -0.13304171 -0.627661228 -0.767034173
vn -0.51075238 -0.330541939 0.793646038
vn -0.510752261 -0.330541879 0.793646038
vn -0.51075238 -0.330541939 0.793646097
vn -0.32907328 0.909822404 -0.252851784
vn -0.32907328 0.909822404 -0.252851784
vn -0.32907325 0.909822285 -0.252851725
vn -0.156607211 -0.113934219 0.981067359
vn -0.156607211 -0.113934219 0.981067359
vn -0.156607211 -0.113934219 0.9810673
vn 0.859424233 -0.44364506 -0.254104346
vn 0.859424233 -0.44364506 -0.254104346
vn 0.859424233 -0.44364506 -0.254104346
vn -0.753418624 -0.416936845 -0.508452654
vn -0.753418624 -0.416936845 -0.508452654
vn -0.753418624 -0.416936815 -0.508452654
vn 0.0505938306 0.974521399 -0.218513936
vn 0.0505938269 0.974521399 -0.218513936
vn 0.0505938344 0.974521399 -0.218513966
vn -0.85592103 -0.489099741 -0.16787076
vn -0.85592103 -0.489099771 -0.167870745
vn -0.85592103 -0.489099741 -0.167870745
vn -0.20190151 0.914764524 0.349916369
vn -0.201901555 0.914764702 0.349916428
vn -0.20190154 0.914764643 0.349916428
vn 0.544142365 -0.501562953 0.672564983
vn 0.544142425 -0.501563013 0.672565043
vn 0.544142365 -0.501562953 0.672564983
vn 0.513690174 0.0758922249 -0.854612648
vn 0.513690233 0.0758922324 -0.854612708
vn 0.513690174 0.0758922249 -0.854612648
vn -0.624772966 -0.713880479 -0.316280544
vn -0.624773026 -0.713880539 -0.316280574
vn -0.624773026 -0.713880539 -0.316280574
vn -0.189132974 0.850164115 -0.491375417
vn -0.189132944 0.850164056 -0.491375387
vn -0.189132974 0.850164115 -0.491375446
vn -0.129697531 0.145920664 0.980757713
vn -0.129697517 0.145920649 0.980757654
vn -0.129697531 0.145920664 0.980757713
vn 0.943608999 -0.282205343 -0.173095852
vn 0.94360894 -0.282205343 -0.173095852
vn 0.943609059 -0.282205343 -0.173095852
vn 0 0 0
vn 0 0 0
vn 0 0 0
vn 0 0 0
vn 0 0 0
vn 0 0 0
vn 0 0 0
vn 0 0 0
vn 0 0 0
vn 0 0 0
vn 0 0 0
vn 0 0 0
vn 0 0 0
vn 0 0 0
vn 0 0 0
vn 0 0 0
vn 0 0 0
vn 0 0 0
vn 0 0 0
vn 0 0 0
vn 0 0 0
vn 0 0 0
vn 0 0 0
vn 0 0 0
vn 0 0 0
vn 0 0 0
vn -0.835247576 -0.532465935 0.137264594
vn -0.835247517 -0.532465935 0.13726458
vn -0.835247576 -0.532465994 0.13726458
vn 0.26141265 -0.0327233411 -0.964672267
vn 0.261412591 -0.0327233411 -0.964672267
vn 0.261412621 -0.0327233449 -0.964672267
vn -0.161809176 0.949311793 0.269490033
vn -0.161809206 0.949311852 0.269490063
vn -0.161809176 0.949311733 0.269490004
vn 0.735647321 -0.384120405 0.5579198
vn 0.735647321 -0.384120375 0.5579198
vn 0.735647321 -0.384120435 0.5579198
vn 0.0739025176 -0.790845096 0.607538104
vn 0.073902525 -0.790845096 0.607538104
vn 0.0739025176 -0.790845037 0.607538104
vn -0.547655106 0.710172176 0.442413211
vn -0.547655106 0.710172176 0.442413211
vn -0.547655046 0.710172057 0.442413151
vn 0.913531303 0.356796175 -0.195338011
vn 0.913531363 0.356796205 -0.195338026
vn 0.913531303 0.356796175 -0.195338011
vn -0.439783722 -0.27612412 -0.854602575
vn -0.439783722 -0.27612412 -0.854602575
vn -0.439783752 -0.276124179 -0.854602695
vn -0.477726221 -0.872577906 -0.101909041
vn -0.477726251 -0.872577906 -0.101909041
vn -0.477726251 -0.872577965 -0.101909049
vn -0.531048477 0.603257835 0.595035732
vn -0.531048417 0.603257775 0.595035672
vn -0.531048417 0.603257775 0.595035672
vn 0.900799453 -0.158388436 0.404318392
vn 0.900799513 -0.158388436 0.404318392
vn 0.900799513 -0.158388436 0.404318392
vn 0.10797476 0.427707613 -0.897445023
vn 0.107974753 0.427707613 -0.897444963
vn 0.107974768 0.427707672 -0.897445083
vn 0.684744418 0.692114592 -0.228260025
vn 0.684744358 0.692114532 -0.228260025
vn 0.684744358 0.692114532 -0.228260025
vn -0.672419131 -0.0596725568 -0.737761319
vn -0.672419131 -0.0596725531 -0.737761259
vn -0.672419071 -0.0596725419 -0.737761259
vn 0.447838753 -0.886641502 0.115357414
vn 0.447838753 -0.886641502 0.115357414
vn 0.447838724 -0.886641443 0.115357399
vn -0.460164845 0.254198998 0.850665152
vn -0.460164845 0.254198998 0.850665092
vn -0.460164815 0.254198998 0.850665152
vn 0.0324993841 0.651676297 0.757800639
vn 0.0324993841 0.651676357 0.757800698
vn 0.0324993841 0.651676297 0.757800698
vn -0.252446681 0.478839129 -0.840823293
vn -0.252446681 0.478839129 -0.840823293
vn -0.252446651 0.47883904 -0.840823233
vn 0.898757339 -0.423248291 -0.114438489
vn 0.898757339 -0.423248261 -0.114438482
vn 0.898757279 -0.423248231 -0.114438474
vn -0.678810239 -0.707266212 0.197461694
vn -0.678810239 -0.707266212 0.197461709
vn -0.678810298 -0.707266271 0.197461724
vn -0.591444254 -0.784234464 0.187536657
vn -0.591444254 -0.784234464 0.187536657
vn -0.591444254 -0.784234464 0.187536672
vn -0.430321217 0.832833052 0.348156065
vn -0.430321217 0.832833052 0.348156065
vn -0.430321246 0.832833052 0.348156095
vn 0.882600546 -0.132737502 0.450995564
vn 0.882600546 -0.132737517 0.450995564
vn 0.882600546 -0.132737502 0.450995564
vn 0.139163867 0.0841389373 -0.986688375
vn 0.139163867 0.0841389373 -0.986688375
vn 0.139163867 0.0841389447 -0.986688435
vn 0.0199547745 -0.284421206 -0.958491743
vn 0.0199547708 -0.284421176 -0.958491683
vn 0.0199547745 -0.284421206 -0.958491802
vn -0.949246883 0.0826020092 0.303491682
vn -0.949246943 0.0826020092 0.303491652
vn -0.949246883 0.0826020092 0.303491622
vn 0.470832258 -0.681795239 0.559885859
vn 0.470832288 -0.681795299 0.559885919
vn 0.470832258 -0.681795239 0.559885859
vn 0.458455175 0.883613467 0.0951111019
vn 0.458455175 0.883613467 0.0951111019
vn 0.458455175 0.883613467 0.0951111093
vn 0.512062311 0.853058517 0.100416854
vn 0.512062252 0.853058398 0.100416847
vn 0.512062311 0.853058457 0.100416854
vn -0.595487058 0.0610075518 -0.80104506
vn -0.595487058 0.0610075518 -0.80104506
vn -0.595487058 0.0610075481 -0.801045001
vn 0.638805032 -0.760470271 -0.116675042
vn 0.638805032 -0.760470271 -0.116675042
vn 0.638805091 -0.760470331 -0.116675057
vn -0.555382252 -0.153580666 0.817290425
vn -0.555382252 -0.153580666 0.817290485
vn -0.555382192 -0.153580651 0.817290366
vn -0.335504025 -0.0666382462 0.939678848
vn -0.335504025 -0.0666382462 0.939678848
vn -0.335504025 -0.0666382462 0.939678848
vn -0.145197675 0.928892791 -0.340699106
vn -0.145197675 0.928892791 -0.340699106
vn -0.145197675 0.928892791 -0.340699106
vn 0.976608634 -0.213975519 -0.0212163646
vn 0.976608694 -0.213975519 -0.0212163646
vn 0.976608515 -0.213975489 -0.0212163627
vn -0.495907277 -0.648279071 -0.57776314
vn -0.495907277 -0.648279071 -0.57776314
vn -0.495907217 -0.648279011 -0.577763081
vn -0.53287673 -0.754080117 -0.38393423
vn -0.53287679 -0.754080057 -0.3839342
vn -0.53287679 -0.754080117 -0.38393423
vn -0.609125614 0.763819277 0.213415012
vn -0.609125674 0.763819277 0.213415012
vn -0.609125674 0.763819218 0.213414997
vn 0.456401318 -0.305890173 0.835541248
vn 0.456401318 -0.305890203 0.835541189
vn 0.456401318 -0.305890173 0.835541189
vn 0.685594141 0.296150178 -0.665023148
vn 0.685594141 0.296150178 -0.665023148
vn 0.685594141 0.296150148 -0.665023148
vn 0.811229706 0.384185433 -0.440803677
vn 0.811229765 0.384185463 -0.440803707
vn 0.811229765 0.384185433 -0.440803677
vn 0.196866497 -0.931149662 0.306926548
vn 0.196866482 -0.931149662 0.306926548
vn 0.196866497 -0.931149662 0.306926548
vn -0.250696093 0.564261913 0.786612868
vn -0.250696093 0.564261913 0.786612928
vn -0.250696093 0.564261913 0.786612928
vn -0.757386327 -0.017304441 -0.652737677
vn -0.757386327 -0.017304441 -0.652737737
vn -0.757386327 -0.017304441 -0.652737677
vn 0 0 0
vn 0 0 0
vn 0 0 0
vn 0 0 0
vn 0 0 0
vn 0 0 0
vn 0 0 0
vn 0 0 0
vn 0 0 0
vn 0 0 0
vn 0 0 0
vn 0 0 0
vn 0 0 0
vn 0 0 0
vn 0 0 0
vn 0 0 0
vn 0 0 0
vn 0 0 0
vn 0 0 0
vn 0 0 0
vn 0 0 0
vn 0 0 0
vn 0 0 0
vn 0 0 0
vn 0 0 0
vn 0 0 0
vn 0 0 0
vn 0 0 0
vn 0 0 0
vn 0 0 0
vn 0 0 0
vn 0 0 0
vn 0 0 0
vn 0 0 0
vn 0 0 0
vn 0 0 0
vn 0 0 0
vn 0 0 0
vn 0 0 0
vn 0 0 0
vn 0 0 0
vn 0 0 0
vn 0 0 0
vn 0 0 0
vn 0 0 0
vn 0 0 0
vn 0 0 0
vn 0 0 0
vn 0 0 0
vn 0 0 0
vn 0 0 0
vn 0 0 0
vn 0 0 0
vn 0 0 0
vn 0 0 0
vn 0 0 0
vn 0 0 0
vn 0 0 0
vn 0 0 0
vn 0 0 0
vn 0 0 0
vn 0 0 0
vn 0 0 0
vn 0 0 0
vn 0 0 0
vn 0 0 0
vn 0 0 0
vn 0 0 0
vn 0 0 0
vn 0 0 0
vn 0 0 0
vn 0 0 0
vn 0 0 0
vn 0 0 0
vn 0 0 0
vn 0 0 0
vn 0 0 0
vn 0 0 0
vn 0 0 0
vn 0 0 0
vn 0 0 0
vn 0 0 0
vn 0 0 0
vn 0 0 0
vn 0 0 0
vn 0 0 0
vn 0 0 0
vn 0 0 0
vn 0 0 0
vn 0 0 0
vn 0 0 0
vn 0 0 0
vn 0 0 0
vn 0 0 0
vn 0 0 0
vn 0 0 0
vn 0 0 0
vn 0 0 0
vn 0 0 0
vn 0 0 0
vn 0 0 0
vn 0 0 0
vn 0 0 0
vn 0 0 0
vn 0 0 0
vn 0 0 0
vn 0 0 0
vn 0 0 0
vn 0 0 0
vn 0 0 0
vn 0 0 0
vn 0 0 0
vn 0 0 0
vn 0 0 0
vn 0 0 0
vn 0 0 0
vn 0 0 0
vn 0 0 0
vn 0 0 0
g tet_0
f 7/1/1 8/2/2 9/3/3
f 15/1/4 17/2/5 18/3/6
f 15/4/7 18/5/8 16/6/9
f 15/7/10 16/8/11 17/9/12
f 16/10/13 18/11/14 17/12/15
f 49/1/37 51/2/38 52/3/39
f 49/4/40 52/5/41 50/6/42
f 49/7/43 50/8/44 51/9/45
f 50/10/46 52/11/47 51/12/48
f 5/1/103 109/3/104 108/2/105
f 5/4/106 107/6/107 109/5/108
f 5/7/109 108/9/110 107/8/111
f 107/10/112 108/12/113 109/11/114
f 7/1/133 127/3/134 126/2/135
f 7/4/136 125/6/137 127/5/138
f 7/7/139 126/9/140 125/8/141
f 125/10/142 126/12/143 127/11/144
g tet_1
f 19/13/16 20/14/17 21/15/18
f 36/13/34 37/14/35 38/15/36
f 53/13/49 54/14/50 55/15/51
f 72/37/73 74/38/74 75/39/75
f 72/40/76 75/41/77 73/42/78
f 72/13/79 73/14/80 74/15/81
f 73/43/82 75/44/83 74/45/84
f 10/37/145 130/39/146 129/38/147
f 10/40/148 128/42/149 130/41/150
f 10/13/151 129/15/152 128/14/153
f 128/43/154 129/45/155 130/44/156
f 19/37/166 146/39/167 145/38/168
f 19/40/169 144/42/170 146/41/171
f 19/13/172 145/15/173 144/14/174
f 144/43/175 145/45/176 146/44/177
f 53/40/190 158/42/191 159/41/192
g tet_3
f 24/16/19 25/17/20 26/18/21
f 59/16/55 60/17/56 61/18/57
f 113/58/115 114/59/116 115/60/117
f 133/16/157 135/18/158 134/17/159
g tet_7
f 31/19/22 33/20/23 34/21/24
f 31/22/25 34/23/26 32/24/27
f 31/25/28 32/26/29 33/27/30
f 32/28/31 34/29/32 33/30/33
f 67/19/61 69/20/62 70/21/63
f 67/22/64 70/23/65 68/24/66
f 67/25/67 68/26/68 69/27/69
f 68/28/70 70/29/71 69/30/72
f 88/22/100 90/23/101 89/24/102
f 142/25/163 14/27/164 13/26/165
f 154/19/178 34/21/179 33/20/180
f 154/22/181 32/24/182 34/23/183
f 154/25/184 33/27/185 32/26/186
f 32/28/187 33/30/188 34/29/189
f 170/19/208 70/21/209 69/20/210
f 170/22/211 68/24/212 70/23/213
f 170/25/214 69/27/215 68/26/216
f 68/28/217 69/30/218 70/29/219
g tet_2
f 56/31/52 58/32/53 57/33/54
f 76/46/85 78/47/86 79/48/87
f 76/31/88 79/32/89 77/33/90
f 76/49/91 77/50/92 78/51/93
f 77/52/94 79/53/95 78/54/96
f 56/46/193 162/48/194 161/47/195
f 56/31/196 160/33/197 162/32/198
f 56/49/199 161/51/200 160/50/201
f 160/52/202 161/54/203 162/53/204
g tet_5
f 63/34/58 64/35/59 65/36/60
f 117/61/118 119/62/119 120/63/120
f 117/64/121 120/65/122 118/66/123
f 117/67/124 118/68/125 119/69/126
f 118/34/127 120/36/128 119/35/129
f 138/34/160 140/36/161 139/35/162
g tet_4
f 82/55/97 83/56/98 84/57/99
f 164/55/205 166/57/206 165/56/207
g tet_6
f 121/70/130 122/71/131 123/72/132
g 
f 212/10/220 214/10/221 211/10/222
f 213/10/223 211/10/224 214/10/225
f 213/10/226 214/10/227 212/10/228
f 213/10/229 212/10/230 211/10/231
f 215/10/232 217/10/233 216/10/234
f 218/10/235 216/10/236 217/10/237
f 218/10/238 217/10/239 215/10/240
f 218/10/241 215/10/242 216/10/243
f 219/10/244 221/10/245 220/10/246
f 222/10/247 220/10/248 221/10/249
f 222/10/250 221/10/251 219/10/252
f 222/10/253 219/10/254 220/10/255
f 223/10/256 225/10/257 224/10/258
f 226/10/259 224/10/260 225/10/261
f 226/10/262 225/10/263 223/10/264
f 226/10/265 223/10/266 224/10/267
f 227/10/268 229/10/269 228/10/270
f 230/10/271 228/10/272 229/10/273
f 230/10/274 229/10/275 227/10/276
f 230/10/277 227/10/278 228/10/279
f 231/10/280 233/10/281 232/10/282
f 234/10/283 232/10/284 233/10/285
f 234/10/286 233/10/287 231/10/288
f 234/10/289 231/10/290 232/10/291
f 235/10/292 237/10/293 236/10/294
f 238/10/295 236/10/296 237/10/297
f 238/10/298 237/10/299 235/10/300
f 238/10/301 235/10/302 236/10/303
f 239/10/304 241/10/305 240/10/306
f 242/10/307 240/10/308 241/10/309
f 242/10/310 241/10/311 239/10/312
f 242/10/313 239/10/314 240/10/315
f 243/10/316 245/10/317 244/10/318
f 246/10/319 244/10/320 245/10/321
f 246/10/322 245/10/323 243/10/324
f 246/10/325 243/10/326 244/10/327
f 247/10/328 249/10/329 248/10/330
f 250/10/331 248/10/332 249/10/333
f 250/10/334 249/10/335 247/10/336
f 250/10/337 247/10/338 248/10/339
f 251/10/340 253/10/341 252/10/342
f 254/10/343 252/10/344 253/10/345
f 254/10/346 253/10/347 251/10/348
f 254/10/349 251/10/350 252/10/351
f 255/10/352 257/10/353 256/10/354
f 258/10/355 256/10/356 257/10/357
f 258/10/358 257/10/359 255/10/360
f 258/10/361 255/10/362 256/10/363
f 259/10/364 261/10/365 260/10/366
f 262/10/367 260/10/368 261/10/369
f 262/10/370 261/10/371 259/10/372
f 262/10/373 259/10/374 260/10/375
f 263/10/376 265/10/377 264/10/378
f 266/10/379 264/10/380 265/10/381
f 266/10/382 265/10/383 263/10/384
f 266/10/385 263/10/386 264/10/387
f 267/10/388 269/10/389 268/10/390
f 270/10/391 268/10/392 269/10/393
f 270/10/394 269/10/395 267/10/396
f 270/10/397 267/10/398 268/10/399
f 271/10/400 273/10/401 272/10/402
f 274/10/403 272/10/404 273/10/405
f 274/10/406 273/10/407 271/10/408
f 274/10/409 271/10/410 272/10/411
f 275/10/412 277/10/413 276/10/414
f 278/10/415 276/10/416 277/10/417
f 278/10/418 277/10/419 275/10/420
f 278/10/421 275/10/422 276/10/423
f 279/10/424 281/10/425 280/10/426
f 282/10/427 280/10/428 281/10/429
f 282/10/430 281/10/431 279/10/432
f 282/10/433 279/10/434 280/10/435
f 283/10/436 285/10/437 284/10/438
f 286/10/439 284/10/440 285/10/441
f 286/10/442 285/10/443 283/10/444
f 286/10/445 283/10/446 284/10/447
f 287/10/448 289/10/449 288/10/450
f 290/10/451 288/10/452 289/10/453
f 290/10/454 289/10/455 287/10/456
f 290/10/457 287/10/458 288/10/459
f 291/10/460 293/10/461 292/10/462
f 294/10/463 292/10/464 293/10/465
f 294/10/466 293/10/467 291/10/468
f 294/10/469 291/10/470 292/10/471
f 295/10/472 297/10/473 296/10/474
f 298/10/475 296/10/476 297/10/477
f 298/10/478 297/10/479 295/10/480
f 298/10/481 295/10/482 296/10/483
f 299/10/484 301/10/485 300/10/486
f 302/10/487 300/10/488 301/10/489
f 302/10/490 301/10/491 299/10/492
f 302/10/493 299/10/494 300/10/495
f 303/10/496 305/10/497 304/10/498
f 306/10/499 304/10/500 305/10/501
f 306/10/502 305/10/503 303/10/504
f 306/10/505 303/10/506 304/10/507
f 307/10/508 309/10/509 308/10/510
f 310/10/511 308/10/512 309/10/513
f 310/10/514 309/10/515 307/10/516
f 310/10/517 307/10/518 308/10/519
f 311/10/520 313/10/521 312/10/522
f 314/10/523 312/10/524 313/10/525
f 314/10/526 313/10/527 311/10/528
f 314/10/529 311/10/530 312/10/531
f 315/10/532 317/10/533 316/10/534
f 318/10/535 316/10/536 317/10/537
f 318/10/538 317/10/539 315/10/540
f 318/10/541 315/10/542 316/10/543
f 319/10/544 321/10/545 320/10/546
f 322/10/547 320/10/548 321/10/549
f 322/10/550 321/10/551 319/10/552
f 322/10/553 319/10/554 320/10/555
f 323/10/556 325/10/557 324/10/558
f 326/10/559 324/10/560 325/10/561
f 326/10/562 325/10/563 323/10/564
f 326/10/565 323/10/566 324/10/567
f 327/10/568 329/10/569 328/10/570
f 330/10/571 328/10/572 329/10/573
f 330/10/574 329/10/575 327/10/576
f 330/10/577 327/10/578 328/10/579
f 331/10/580 333/10/581 332/10/582
f 334/10/583 332/10/584 333/10/585
f 334/10/586 333/10/587 331/10/588
f 334/10/589 331/10/590 332/10/591
f 335/10/592 337/10/593 336/10/594
f 338/10/595 336/10/596 337/10/597
f 338/10/598 337/10/599 335/10/600
f 338/10/601 335/10/602 336/10/603
f 339/10/604 341/10/605 340/10/606
f 342/10/607 340/10/608 341/10/609
f 342/10/610 341/10/611 339/10/612
f 342/10/613 339/10/614 340/10/615
f 343/10/616 345/10/617 344/10/618
f 346/10/619 344/10/620 345/10/621
f 346/10/622 345/10/623 343/10/624
f 346/10/625 343/10/626 344/10/627
f 347/10/628 349/10/629 348/10/630
f 350/10/631 348/10/632 349/10/633
f 350/10/634 349/10/635 347/10/636
f 350/10/637 347/10/638 348/10/639
f 351/10/640 353/10/641 352/10/642
f 354/10/643 352/10/644 353/10/645
f 354/10/646 353/10/647 351/10/648
f 354/10/649 351/10/650 352/10/651
f 355/10/652 357/10/653 356/10/654
f 358/10/655 356/10/656 357/10/657
f 358/10/658 357/10/659 355/10/660
f 358/10/661 355/10/662 356/10/663
f 359/10/664 361/10/665 360/10/666
f 362/10/667 360/10/668 361/10/669
f 362/10/670 361/10/671 359/10/672
f 362/10/673 359/10/674 360/10/675
f 363/10/676 365/10/677 364/10/678
f 366/10/679 364/10/680 365/10/681
f 366/10/682 365/10/683 363/10/684
f 366/10/685 363/10/686 364/10/687
f 367/10/688 369/10/689 368/10/690
f 370/10/691 368/10/692 369/10/693
f 370/10/694 369/10/695 367/10/696
f 370/10/697 367/10/698 368/10/699
f 371/10/700 373/10/701 372/10/702
f 374/10/703 372/10/704 373/10/705
f 374/10/706 373/10/707 371/10/708
f 374/10/709 371/10/710 372/10/711
f 375/10/712 377/10/713 376/10/714
f 378/10/715 376/10/716 377/10/717
f 378/10/718 377/10/719 375/10/720
f 378/10/721 375/10/722 376/10/723
f 379/10/724 381/10/725 380/10/726
f 382/10/727 380/10/728 381/10/729
f 382/10/730 381/10/731 379/10/732
f 382/10/733 379/10/734 380/10/735
f 383/10/736 385/10/737 384/10/738
f 386/10/739 384/10/740 385/10/741
f 386/10/742 385/10/743 383/10/744
f 386/10/745 383/10/746 384/10/747
f 387/10/748 389/10/749 388/10/750
f 390/10/751 388/10/752 389/10/753
f 390/10/754 389/10/755 387/10/756
f 390/10/757 387/10/758 388/10/759
f 391/10/760 393/10/761 392/10/762
f 394/10/763 392/10/764 393/10/765
f 394/10/766 393/10/767 391/10/768
f 394/10/769 391/10/770 392/10/771
f 395/10/772 397/10/773 396/10/774
f 398/10/775 396/10/776 397/10/777
f 398/10/778 397/10/779 395/10/780
f 398/10/781 395/10/782 396/10/783
f 399/10/784 401/10/785 400/10/786
f 402/10/787 400/10/788 401/10/789
f 402/10/790 401/10/791 399/10/792
f 402/10/793 399/10/794 400/10/795
f 403/10/796 405/10/797 404/10/798
f 406/10/799 404/10/800 405/10/801
f 406/10/802 405/10/803 403/10/804
f 406/10/805 403/10/806 404/10/807
f 407/10/808 409/10/809 408/10/810
f 410/10/811 408/10/812 409/10/813
f 410/10/814 409/10/815 407/10/816
f 410/10/817 407/10/818 408/10/819
f 411/10/820 413/10/821 412/10/822
f 414/10/823 412/10/824 413/10/825
f 414/10/826 413/10/827 411/10/828
f 414/10/829 411/10/830 412/10/831
f 415/10/832 417/10/833 416/10/834
f 418/10/835 416/10/836 417/10/837
f 418/10/838 417/10/839 415/10/840
f 418/10/841 415/10/842 416/10/843
f 419/10/844 421/10/845 420/10/846
f 422/10/847 420/10/848 421/10/849
f 422/10/850 421/10/851 419/10/852
f 422/10/853 419/10/854 420/10/855
f 423/10/856 425/10/857 424/10/858
f 426/10/859 424/10/860 425/10/861
f 426/10/862 425/10/863 423/10/864
f 426/10/865 423/10/866 424/10/867
f 427/10/868 429/10/869 428/10/870
f 430/10/871 428/10/872 429/10/873
f 430/10/874 429/10/875 427/10/876
f 430/10/877 427/10/878 428/10/879
f 431/10/880 433/10/881 432/10/882
f 434/10/883 432/10/884 433/10/885
f 434/10/886 433/10/887 431/10/888
f 434/10/889 431/10/890 432/10/891
f 435/10/892 437/10/893 436/10/894
f 438/10/895 436/10/896 437/10/897
f 438/10/898 437/10/899 435/10/900
f 438/10/901 435/10/902 436/10/903
f 439/10/904 441/10/905 440/10/906
f 442/10/907 440/10/908 441/10/909
f 442/10/910 441/10/911 439/10/912
f 442/10/913 439/10/914 440/10/915
f 443/10/916 445/10/917 444/10/918
f 446/10/919 444/10/920 445/10/921
f 446/10/922 445/10/923 443/10/924
f 446/10/925 443/10/926 444/10/927
f 447/10/928 449/10/929 448/10/930
f 450/10/931 448/10/932 449/10/933
f 450/10/934 449/10/935 447/10/936
f 450/10/937 447/10/938 448/10/939
f 451/10/940 453/10/941 452/10/942
f 454/10/943 452/10/944 453/10/945
f 454/10/946 453/10/947 451/10/948
f 454/10/949 451/10/950 452/10/951
f 455/10/952 457/10/953 456/10/954
f 458/10/955 456/10/956 457/10/957
f 458/10/958 457/10/959 455/10/960
f 458/10/961 455/10/962 456/10/963
f 459/10/964 461/10/965 460/10/966
f 462/10/967 460/10/968 461/10/969
f 462/10/970 461/10/971 459/10/972
f 462/10/973 459/10/974 460/10/975
f 463/10/976 465/10/977 464/10/978
f 466/10/979 464/10/980 465/10/981
f 466/10/982 465/10/983 463/10/984
f 466/10/985 463/10/986 464/10/987
f 467/10/988 469/10/989 468/10/990
f 470/10/991 468/10/992 469/10/993
f 470/10/994 469/10/995 467/10/996
f 470/10/997 467/10/998 468/10/999
f 471/10/1000 473/10/1001 472/10/1002
f 474/10/1003 472/10/1004 473/10/1005
f 474/10/1006 473/10/1007 471/10/1008
f 474/10/1009 471/10/1010 472/10/1011
f 475/10/1012 477/10/1013 476/10/1014
f 478/10/1015 476/10/1016 477/10/1017
f 478/10/1018 477/10/1019 475/10/1020
f 478/10/1021 475/10/1022 476/10/1023
l 545/10/1024 544/10/1025 543/10/1026 542/10/1027 541/10/1028 540/10/1029 539/10/1030 538/10/1031 537/10/1032 536/10/1033 535/10/1034 534/10/1035 533/10/1036 532/10/1037 531/10/1038 530/10/1039 529/10/1040 528/10/1041 527/10/1042 526/10/1043 525/10/1044 524/10/1045 523/10/1046 522/10/1047 521/10/1048 520/10/1049 519/10/1050 518/10/1051 517/10/1052 516/10/1053 515/10/1054 514/10/1055 513/10/1056 512/10/1057 511/10/1058 510/10/1059 509/10/1060 508/10/1061 507/10/1062 506/10/1063 505/10/1064 504/10/1065 503/10/1066 502/10/1067 501/10/1068 500/10/1069 499/10/1070 498/10/1071 497/10/1072 496/10/1073 495/10/1074 494/10/1075 493/10/1076 492/10/1077 491/10/1078 490/10/1079 489/10/1080 488/10/1081 487/10/1082 486/10/1083 485/10/1084 484/10/1085 483/10/1086 482/10/1087 481/10/1088 480/10/1089 479/10/1090
f 547/10/1091 549/10/1092 546/10/1093
f 548/10/1094 546/10/1095 549/10/1096
f 548/10/1097 549/10/1098 547/10/1099
f 548/10/1100 547/10/1101 546/10/1102
f 550/10/1103 552/10/1104 551/10/1105
f 553/10/1106 551/10/1107 552/10/1108
f 553/10/1109 552/10/1110 550/10/1111
f 553/10/1112 550/10/1113 551/10/1114
f 554/10/1115 556/10/1116 555/10/1117
f 557/10/1118 555/10/1119 556/10/1120
f 557/10/1121 556/10/1122 554/10/1123
f 557/10/1124 554/10/1125 555/10/1126
f 558/10/1127 560/10/1128 559/10/1129
f 561/10/1130 559/10/1131 560/10/1132
f 561/10/1133 560/10/1134 558/10/1135
f 561/10/1136 558/10/1137 559/10/1138
f 562/10/1139 564/10/1140 563/10/1141
f 565/10/1142 563/10/1143 564/10/1144
f 565/10/1145 564/10/1146 562/10/1147
f 565/10/1148 562/10/1149 563/10/1150
f 566/10/1151 568/10/1152 567/10/1153
f 569/10/1154 567/10/1155 568/10/1156
f 569/10/1157 568/10/1158 566/10/1159
f 569/10/1160 566/10/1161 567/10/1162
f 570/10/1163 572/10/1164 571/10/1165
f 573/10/1166 571/10/1167 572/10/1168
f 573/10/1169 572/10/1170 570/10/1171
f 573/10/1172 570/10/1173 571/10/1174
f 574/10/1175 576/10/1176 575/10/1177
f 577/10/1178 575/10/1179 576/10/1180
f 577/10/1181 576/10/1182 574/10/1183
f 577/10/1184 574/10/1185 575/10/1186
f 578/10/1187 580/10/1188 579/10/1189
f 581/10/1190 579/10/1191 580/10/1192
f 581/10/1193 580/10/1194 578/10/1195
f 581/10/1196 578/10/1197 579/10/1198
f 582/10/1199 584/10/1200 583/10/1201
f 585/10/1202 583/10/1203 584/10/1204
f 585/10/1205 584/10/1206 582/10/1207
f 585/10/1208 582/10/1209 583/10/1210
f 586/10/1211 588/10/1212 587/10/1213
f 589/10/1214 587/10/1215 588/10/1216
f 589/10/1217 588/10/1218 586/10/1219
f 589/10/1220 586/10/1221 587/10/1222
f 590/10/1223 592/10/1224 591/10/1225
f 593/10/1226 591/10/1227 592/10/1228
f 593/10/1229 592/10/1230 590/10/1231
f 593/10/1232 590/10/1233 591/10/1234
f 594/10/1235 596/10/1236 595/10/1237
f 597/10/1238 595/10/1239 596/10/1240
f 597/10/1241 596/10/1242 594/10/1243
f 597/10/1244 594/10/1245 595/10/1246
f 598/10/1247 600/10/1248 599/10/1249
f 601/10/1250 599/10/1251 600/10/1252
f 601/10/1253 600/10/1254 598/10/1255
f 601/10/1256 598/10/1257 599/10/1258
f 602/10/1259 604/10/1260 603/10/1261
f 605/10/1262 603/10/1263 604/10/1264
f 605/10/1265 604/10/1266 602/10/1267
f 605/10/1268 602/10/1269 603/10/1270
f 606/10/1271 608/10/1272 607/10/1273
f 609/10/1274 607/10/1275 608/10/1276
f 609/10/1277 608/10/1278 606/10/1279
f 609/10/1280 606/10/1281 607/10/1282
f 610/10/1283 612/10/1284 611/10/1285
f 613/10/1286 611/10/1287 612/10/1288
f 613/10/1289 612/10/1290 610/10/1291
f 613/10/1292 610/10/1293 611/10/1294
f 614/10/1295 616/10/1296 615/10/1297
f 617/10/1298 615/10/1299 616/10/1300
f 617/10/1301 616/10/1302 614/10/1303
f 617/10/1304 614/10/1305 615/10/1306
f 618/10/1307 620/10/1308 619/10/1309
f 621/10/1310 619/10/1311 620/10/1312
f 621/10/1313 620/10/1314 618/10/1315
f 621/10/1316 618/10/1317 619/10/1318
f 622/10/1319 624/10/1320 623/10/1321
f 625/10/1322 623/10/1323 624/10/1324
f 625/10/1325 624/10/1326 622/10/1327
f 625/10/1328 622/10/1329 623/10/1330
f 626/10/1331 628/10/1332 627/10/1333
f 629/10/1334 627/10/1335 628/10/1336
f 629/10/1337 628/10/1338 626/10/1339
f 629/10/1340 626/10/1341 627/10/1342
f 630/10/1343 632/10/1344 631/10/1345
f 633/10/1346 631/10/1347 632/10/1348
f 633/10/1349 632/10/1350 630/10/1351
f 633/10/1352 630/10/1353 631/10/1354
f 634/10/1355 636/10/1356 635/10/1357
f 637/10/1358 635/10/1359 636/10/1360
f 637/10/1361 636/10/1362 634/10/1363
f 637/10/1364 634/10/1365 635/10/1366
f 638/10/1367 640/10/1368 639/10/1369
f 641/10/1370 639/10/1371 640/10/1372
f 641/10/1373 640/10/1374 638/10/1375
f 641/10/1376 638/10/1377 639/10/1378
f 642/10/1379 644/10/1380 643/10/1381
f 645/10/1382 643/10/1383 644/10/1384
f 645/10/1385 644/10/1386 642/10/1387
f 645/10/1388 642/10/1389 643/10/1390
f 646/10/1391 648/10/1392 647/10/1393
f 649/10/1394 647/10/1395 648/10/1396
f 649/10/1397 648/10/1398 646/10/1399
f 649/10/1400 646/10/1401 647/10/1402
f 650/10/1403 652/10/1404 651/10/1405
f 653/10/1406 651/10/1407 652/10/1408
f 653/10/1409 652/10/1410 650/10/1411
f 653/10/1412 650/10/1413 651/10/1414
f 654/10/1415 656/10/1416 655/10/1417
f 657/10/1418 655/10/1419 656/10/1420
f 657/10/1421 656/10/1422 654/10/1423
f 657/10/1424 654/10/1425 655/10/1426
f 658/10/1427 660/10/1428 659/10/1429
f 661/10/1430 659/10/1431 660/10/1432
f 661/10/1433 660/10/1434 658/10/1435
f 661/10/1436 658/10/1437 659/10/1438
f 662/10/1439 664/10/1440 663/10/1441
f 665/10/1442 663/10/1443 664/10/1444
f 665/10/1445 664/10/1446 662/10/1447
f 665/10/1448 662/10/1449 663/10/1450
f 666/10/1451 668/10/1452 667/10/1453
f 669/10/1454 667/10/1455 668/10/1456
f 669/10/1457 668/10/1458 666/10/1459
f 669/10/1460 666/10/1461 667/10/1462
f 670/10/1463 672/10/1464 671/10/1465
f 673/10/1466 671/10/1467 672/10/1468
f 673/10/1469 672/10/1470 670/10/1471
f 673/10/1472 670/10/1473 671/10/1474
f 674/10/1475 676/10/1476 675/10/1477
f 677/10/1478 675/10/1479 676/10/1480
f 677/10/1481 676/10/1482 674/10/1483
f 677/10/1484 674/10/1485 675/10/1486
f 678/10/1487 680/10/1488 679/10/1489
f 681/10/1490 679/10/1491 680/10/1492
f 681/10/1493 680/10/1494 678/10/1495
f 681/10/1496 678/10/1497 679/10/1498
f 682/10/1499 684/10/1500 683/10/1501
f 685/10/1502 683/10/1503 684/10/1504
f 685/10/1505 684/10/1506 682/10/1507
f 685/10/1508 682/10/1509 683/10/1510
f 686/10/1511 688/10/1512 687/10/1513
f 689/10/1514 687/10/1515 688/10/1516
f 689/10/1517 688/10/1518 686/10/1519
f 689/10/1520 686/10/1521 687/10/1522
f 690/10/1523 692/10/1524 691/10/1525
f 693/10/1526 691/10/1527 692/10/1528
f 693/10/1529 692/10/1530 690/10/1531
f 693/10/1532 690/10/1533 691/10/1534
f 694/10/1535 696/10/1536 695/10/1537
f 697/10/1538 695/10/1539 696/10/1540
f 697/10/1541 696/10/1542 694/10/1543
f 697/10/1544 694/10/1545 695/10/1546
f 698/10/1547 700/10/1548 699/10/1549
f 701/10/1550 699/10/1551 700/10/1552
f 701/10/1553 700/10/1554 698/10/1555
f 701/10/1556 698/10/1557 699/10/1558
f 702/10/1559 704/10/1560 703/10/1561
f 705/10/1562 703/10/1563 704/10/1564
f 705/10/1565 704/10/1566 702/10/1567
f 705/10/1568 702/10/1569 703/10/1570
f 706/10/1571 708/10/1572 707/10/1573
f 709/10/1574 707/10/1575 708/10/1576
f 709/10/1577 708/10/1578 706/10/1579
f 709/10/1580 706/10/1581 707/10/1582
f 710/10/1583 712/10/1584 711/10/1585
f 713/10/1586 711/10/1587 712/10/1588
f 713/10/1589 712/10/1590 710/10/1591
f 713/10/1592 710/10/1593 711/10/1594
l 755/10/1595 754/10/1596 753/10/1597 752/10/1598 751/10/1599 750/10/1600 749/10/1601 748/10/1602 747/10/1603 746/10/1604 745/10/1605 744/10/1606 743/10/1607 742/10/1608 741/10/1609 740/10/1610 739/10/1611 738/10/1612 737/10/1613 736/10/1614 735/10/1615 734/10/1616 733/10/1617 732/10/1618 731/10/1619 730/10/1620 729/10/1621 728/10/1622 727/10/1623 726/10/1624 725/10/1625 724/10/1626 723/10/1627 722/10/1628 721/10/1629 720/10/1630 719/10/1631 718/10/1632 717/10/1633 716/10/1634 715/10/1635 714/10/1636
f 757/10/1637 759/10/1638 756/10/1639
f 758/10/1640 756/10/1641 759/10/1642
f 758/10/1643 759/10/1644 757/10/1645
f 758/10/1646 757/10/1647 756/10/1648
f 760/10/1649 762/10/1650 761/10/1651
f 763/10/1652 761/10/1653 762/10/1654
f 763/10/1655 762/10/1656 760/10/1657
f 763/10/1658 760/10/1659 761/10/1660
f 764/10/1661 766/10/1662 765/10/1663
f 767/10/1664 765/10/1665 766/10/1666
f 767/10/1667 766/10/1668 764/10/1669
f 767/10/1670 764/10/1671 765/10/1672
f 768/10/1673 770/10/1674 769/10/1675
f 771/10/1676 769/10/1677 770/10/1678
f 771/10/1679 770/10/1680 768/10/1681
f 771/10/1682 768/10/1683 769/10/1684
f 772/10/1685 774/10/1686 773/10/1687
f 775/10/1688 773/10/1689 774/10/1690
f 775/10/1691 774/10/1692 772/10/1693
f 775/10/1694 772/10/1695 773/10/1696
f 776/10/1697 778/10/1698 777/10/1699
f 779/10/1700 777/10/1701 778/10/1702
f 779/10/1703 778/10/1704 776/10/1705
f 779/10/1706 776/10/1707 777/10/1708
f 780/10/1709 782/10/1710 781/10/1711
f 783/10/1712 781/10/1713 782/10/1714
f 783/10/1715 782/10/1716 780/10/1717
f 783/10/1718 780/10/1719 781/10/1720
f 784/10/1721 786/10/1722 785/10/1723
f 787/10/1724 785/10/1725 786/10/1726
f 787/10/1727 786/10/1728 784/10/1729
f 787/10/1730 784/10/1731 785/10/1732
f 788/10/1733 790/10/1734 789/10/1735
f 791/10/1736 789/10/1737 790/10/1738
f 791/10/1739 790/10/1740 788/10/1741
f 791/10/1742 788/10/1743 789/10/1744
f 792/10/1745 794/10/1746 793/10/1747
f 795/10/1748 793/10/1749 794/10/1750
f 795/10/1751 794/10/1752 792/10/1753
f 795/10/1754 792/10/1755 793/10/1756
f 796/10/1757 798/10/1758 797/10/1759
f 799/10/1760 797/10/1761 798/10/1762
f 799/10/1763 798/10/1764 796/10/1765
f 799/10/1766 796/10/1767 797/10/1768
f 800/10/1769 802/10/1770 801/10/1771
f 803/10/1772 801/10/1773 802/10/1774
f 803/10/1775 802/10/1776 800/10/1777
f 803/10/1778 800/10/1779 801/10/1780
f 804/10/1781 806/10/1782 805/10/1783
f 807/10/1784 805/10/1785 806/10/1786
f 807/10/1787 806/10/1788 804/10/1789
f 807/10/1790 804/10/1791 805/10/1792
f 808/10/1793 810/10/1794 809/10/1795
f 811/10/1796 809/10/1797 810/10/1798
f 811/10/1799 810/10/1800 808/10/1801
f 811/10/1802 808/10/1803 809/10/1804
f 812/10/1805 814/10/1806 813/10/1807
f 815/10/1808 813/10/1809 814/10/1810
f 815/10/1811 814/10/1812 812/10/1813
f 815/10/1814 812/10/1815 813/10/1816
f 816/10/1817 818/10/1818 817/10/1819
f 819/10/1820 817/10/1821 818/10/1822
f 819/10/1823 818/10/1824 816/10/1825
f 819/10/1826 816/10/1827 817/10/1828
f 820/10/1829 822/10/1830 821/10/1831
f 823/10/1832 821/10/1833 822/10/1834
f 823/10/1835 822/10/1836 820/10/1837
f 823/10/1838 820/10/1839 821/10/1840
f 824/10/1841 826/10/1842 825/10/1843
f 827/10/1844 825/10/1845 826/10/1846
f 827/10/1847 826/10/1848 824/10/1849
f 827/10/1850 824/10/1851 825/10/1852
f 828/10/1853 830/10/1854 829/10/1855
f 831/10/1856 829/10/1857 830/10/1858
f 831/10/1859 830/10/1860 828/10/1861
f 831/10/1862 828/10/1863 829/10/1864
f 832/10/1865 834/10/1866 833/10/1867
f 835/10/1868 833/10/1869 834/10/1870
f 835/10/1871 834/10/1872 832/10/1873
f 835/10/1874 832/10/1875 833/10/1876
f 836/10/1877 838/10/1878 837/10/1879
f 839/10/1880 837/10/1881 838/10/1882
f 839/10/1883 838/10/1884 836/10/1885
f 839/10/1886 836/10/1887 837/10/1888
f 840/10/1889 842/10/1890 841/10/1891
f 843/10/1892 841/10/1893 842/10/1894
f 843/10/1895 842/10/1896 840/10/1897
f 843/10/1898 840/10/1899 841/10/1900
f 844/10/1901 846/10/1902 845/10/1903
f 847/10/1904 845/10/1905 846/10/1906
f 847/10/1907 846/10/1908 844/10/1909
f 847/10/1910 844/10/1911 845/10/1912
f 848/10/1913 850/10/1914 849/10/1915
f 851/10/1916 849/10/1917 850/10/1918
f 851/10/1919 850/10/1920 848/10/1921
f 851/10/1922 848/10/1923 849/10/1924
f 852/10/1925 854/10/1926 853/10/1927
f 855/10/1928 853/10/1929 854/10/1930
f 855/10/1931 854/10/1932 852/10/1933
f 855/10/1934 852/10/1935 853/10/1936
f 856/10/1937 858/10/1938 857/10/1939
f 859/10/1940 857/10/1941 858/10/1942
f 859/10/1943 858/10/1944 856/10/1945
f 859/10/1946 856/10/1947 857/10/1948
f 860/10/1949 862/10/1950 861/10/1951
f 863/10/1952 861/10/1953 862/10/1954
f 863/10/1955 862/10/1956 860/10/1957
f 863/10/1958 860/10/1959 861/10/1960
f 864/10/1961 866/10/1962 865/10/1963
f 867/10/1964 865/10/1965 866/10/1966
f 867/10/1967 866/10/1968 864/10/1969
f 867/10/1970 864/10/1971 865/10/1972
f 868/10/1973 870/10/1974 869/10/1975
f 871/10/1976 869/10/1977 870/10/1978
f 871/10/1979 870/10/1980 868/10/1981
f 871/10/1982 868/10/1983 869/10/1984
f 872/10/1985 874/10/1986 873/10/1987
f 875/10/1988 873/10/1989 874/10/1990
f 875/10/1991 874/10/1992 872/10/1993
f 875/10/1994 872/10/1995 873/10/1996
f 876/10/1997 878/10/1998 877/10/1999
f 879/10/2000 877/10/2001 878/10/2002
f 879/10/2003 878/10/2004 876/10/2005
f 879/10/2006 876/10/2007 877/10/2008
f 880/10/2009 882/10/2010 881/10/2011
f 883/10/2012 881/10/2013 882/10/2014
f 883/10/2015 882/10/2016 880/10/2017
f 883/10/2018 880/10/2019 881/10/2020
f 884/10/2021 886/10/2022 885/10/2023
f 887/10/2024 885/10/2025 886/10/2026
f 887/10/2027 886/10/2028 884/10/2029
f 887/10/2030 884/10/2031 885/10/2032
f 888/10/2033 890/10/2034 889/10/2035
f 891/10/2036 889/10/2037 890/10/2038
f 891/10/2039 890/10/2040 888/10/2041
f 891/10/2042 888/10/2043 889/10/2044
l 925/10/2045 924/10/2046 923/10/2047 922/10/2048 921/10/2049 920/10/2050 919/10/2051 918/10/2052 917/10/2053 916/10/2054 915/10/2055 914/10/2056 913/10/2057 912/10/2058 911/10/2059 910/10/2060 909/10/2061 908/10/2062 907/10/2063 906/10/2064 905/10/2065 904/10/2066 903/10/2067 902/10/2068 901/10/2069 900/10/2070 899/10/2071 898/10/2072 897/10/2073 896/10/2074 895/10/2075 894/10/2076 893/10/2077 892/10/2078
f 927/10/2079 929/10/2080 926/10/2081
f 928/10/2082 926/10/2083 929/10/2084
f 928/10/2085 929/10/2086 927/10/2087
f 928/10/2088 927/10/2089 926/10/2090
f 930/10/2091 932/10/2092 931/10/2093
f 933/10/2094 931/10/2095 932/10/2096
f 933/10/2097 932/10/2098 930/10/2099
f 933/10/2100 930/10/2101 931/10/2102
f 934/10/2103 936/10/2104 935/10/2105
f 937/10/2106 935/10/2107 936/10/2108
f 937/10/2109 936/10/2110 934/10/2111
f 937/10/2112 934/10/2113 935/10/2114
f 938/10/2115 940/10/2116 939/10/2117
f 941/10/2118 939/10/2119 940/10/2120
f 941/10/2121 940/10/2122 938/10/2123
f 941/10/2124 938/10/2125 939/10/2126
f 942/10/2127 944/10/2128 943/10/2129
f 945/10/2130 943/10/2131 944/10/2132
f 945/10/2133 944/10/2134 942/10/2135
f 945/10/2136 942/10/2137 943/10/2138
f 946/10/2139 948/10/2140 947/10/2141
f 949/10/2142 947/10/2143 948/10/2144
f 949/10/2145 948/10/2146 946/10/2147
f 949/10/2148 946/10/2149 947/10/2150
f 950/10/2151 952/10/2152 951/10/2153
f 953/10/2154 951/10/2155 952/10/2156
f 953/10/2157 952/10/2158 950/10/2159
f 953/10/2160 950/10/2161 951/10/2162
f 954/10/2163 956/10/2164 955/10/2165
f 957/10/2166 955/10/2167 956/10/2168
f 957/10/2169 956/10/2170 954/10/2171
f 957/10/2172 954/10/2173 955/10/2174
f 958/10/2175 960/10/2176 959/10/2177
f 961/10/2178 959/10/2179 960/10/2180
f 961/10/2181 960/10/2182 958/10/2183
f 961/10/2184 958/10/2185 959/10/2186
f 962/10/2187 964/10/2188 963/10/2189
f 965/10/2190 963/10/2191 964/10/2192
f 965/10/2193 964/10/2194 962/10/2195
f 965/10/2196 962/10/2197 963/10/2198
f 966/10/2199 968/10/2200 967/10/2201
f 969/10/2202 967/10/2203 968/10/2204
f 969/10/2205 968/10/2206 966/10/2207
f 969/10/2208 966/10/2209 967/10/2210
f 970/10/2211 972/10/2212 971/10/2213
f 973/10/2214 971/10/2215 972/10/2216
f 973/10/2217 972/10/2218 970/10/2219
f 973/10/2220 970/10/2221 971/10/2222
f 974/10/2223 976/10/2224 975/10/2225
f 977/10/2226 975/10/2227 976/10/2228
f 977/10/2229 976/10/2230 974/10/2231
f 977/10/2232 974/10/2233 975/10/2234
f 978/10/2235 980/10/2236 979/10/2237
f 981/10/2238 979/10/2239 980/10/2240
f 981/10/2241 980/10/2242 978/10/2243
f 981/10/2244 978/10/2245 979/10/2246
f 982/10/2247 984/10/2248 983/10/2249
f 985/10/2250 983/10/2251 984/10/2252
f 985/10/2253 984/10/2254 982/10/2255
f 985/10/2256 982/10/2257 983/10/2258
f 986/10/2259 988/10/2260 987/10/2261
f 989/10/2262 987/10/2263 988/10/2264
f 989/10/2265 988/10/2266 986/10/2267
f 989/10/2268 986/10/2269 987/10/2270
f 990/10/2271 992/10/2272 991/10/2273
f 993/10/2274 991/10/2275 992/10/2276
f 993/10/2277 992/10/2278 990/10/2279
f 993/10/2280 990/10/2281 991/10/2282
f 994/10/2283 996/10/2284 995/10/2285
f 997/10/2286 995/10/2287 996/10/2288
f 997/10/2289 996/10/2290 994/10/2291
f 997/10/2292 994/10/2293 995/10/2294
f 998/10/2295 1000/10/2296 999/10/2297
f 1001/10/2298 999/10/2299 1000/10/2300
f 1001/10/2301 1000/10/2302 998/10/2303
f 1001/10/2304 998/10/2305 999/10/2306
f 1002/10/2307 1004/10/2308 1003/10/2309
f 1005/10/2310 1003/10/2311 1004/10/2312
f 1005/10/2313 1004/10/2314 1002/10/2315
f 1005/10/2316 1002/10/2317 1003/10/2318
f 1006/10/2319 1008/10/2320 1007/10/2321
f 1009/10/2322 1007/10/2323 1008/10/2324
f 1009/10/2325 1008/10/2326 1006/10/2327
f 1009/10/2328 1006/10/2329 1007/10/2330
f 1010/10/2331 1012/10/2332 1011/10/2333
f 1013/10/2334 1011/10/2335 1012/10/2336
f 1013/10/2337 1012/10/2338 1010/10/2339
f 1013/10/2340 1010/10/2341 1011/10/2342
f 1014/10/2343 1016/10/2344 1015/10/2345
f 1017/10/2346 1015/10/2347 1016/10/2348
f 1017/10/2349 1016/10/2350 1014/10/2351
f 1017/10/2352 1014/10/2353 1015/10/2354
f 1018/10/2355 1020/10/2356 1019/10/2357
f 1021/10/2358 1019/10/2359 1020/10/2360
f 1021/10/2361 1020/10/2362 1018/10/2363
f 1021/10/2364 1018/10/2365 1019/10/2366
f 1022/10/2367 1024/10/2368 1023/10/2369
f 1025/10/2370 1023/10/2371 1024/10/2372
f 1025/10/2373 1024/10/2374 1022/10/2375
f 1025/10/2376 1022/10/2377 1023/10/2378
f 1026/10/2379 1028/10/2380 1027/10/2381
f 1029/10/2382 1027/10/2383 1028/10/2384
f 1029/10/2385 1028/10/2386 1026/10/2387
f 1029/10/2388 1026/10/2389 1027/10/2390
f 1030/10/2391 1032/10/2392 1031/10/2393
f 1033/10/2394 1031/10/2395 1032/10/2396
f 1033/10/2397 1032/10/2398 1030/10/2399
f 1033/10/2400 1030/10/2401 1031/10/2402
f 1034/10/2403 1036/10/2404 1035/10/2405
f 1037/10/2406 1035/10/2407 1036/10/2408
f 1037/10/2409 1036/10/2410 1034/10/2411
f 1037/10/2412 1034/10/2413 1035/10/2414
f 1038/10/2415 1040/10/2416 1039/10/2417
f 1041/10/2418 1039/10/2419 1040/10/2420
f 1041/10/2421 1040/10/2422 1038/10/2423
f 1041/10/2424 1038/10/2425 1039/10/2426
f 1042/10/2427 1044/10/2428 1043/10/2429
f 1045/10/2430 1043/10/2431 1044/10/2432
f 1045/10/2433 1044/10/2434 1042/10/2435
f 1045/10/2436 1042/10/2437 1043/10/2438
f 1046/10/2439 1048/10/2440 1047/10/2441
f 1049/10/2442 1047/10/2443 1048/10/2444
f 1049/10/2445 1048/10/2446 1046/10/2447
f 1049/10/2448 1046/10/2449 1047/10/2450
f 1050/10/2451 1052/10/2452 1051/10/2453
f 1053/10/2454 1051/10/2455 1052/10/2456
f 1053/10/2457 1052/10/2458 1050/10/2459
f 1053/10/2460 1050/10/2461 1051/10/2462
f 1054/10/2463 1056/10/2464 1055/10/2465
f 1057/10/2466 1055/10/2467 1056/10/2468
f 1057/10/2469 1056/10/2470 1054/10/2471
f 1057/10/2472 1054/10/2473 1055/10/2474
l 1090/10/2475 1089/10/2476 1088/10/2477 1087/10/2478 1086/10/2479 1085/10/2480 1084/10/2481 1083/10/2482 1082/10/2483 1081/10/2484 1080/10/2485 1079/10/2486 1078/10/2487 1077/10/2488 1076/10/2489 1075/10/2490 1074/10/2491 1073/10/2492 1072/10/2493 1071/10/2494 1070/10/2495 1069/10/2496 1068/10/2497 1067/10/2498 1066/10/2499 1065/10/2500 1064/10/2501 1063/10/2502 1062/10/2503 1061/10/2504 1060/10/2505 1059/10/2506 1058/10/2507
f 1092/10/2508 1094/10/2509 1091/10/2510
f 1093/10/2511 1091/10/2512 1094/10/2513
f 1093/10/2514 1094/10/2515 1092/10/2516
f 1093/10/2517 1092/10/2518 1091/10/2519
f 1095/10/2520 1097/10/2521 1096/10/2522
f 1098/10/2523 1096/10/2524 1097/10/2525
f 1098/10/2526 1097/10/2527 1095/10/2528
f 1098/10/2529 1095/10/2530 1096/10/2531
f 1099/10/2532 1101/10/2533 1100/10/2534
f 1102/10/2535 1100/10/2536 1101/10/2537
f 1102/10/2538 1101/10/2539 1099/10/2540
f 1102/10/2541 1099/10/2542 1100/10/2543
f 1103/10/2544 1105/10/2545 1104/10/2546
f 1106/10/2547 1104/10/2548 1105/10/2549
f 1106/10/2550 1105/10/2551 1103/10/2552
f 1106/10/2553 1103/10/2554 1104/10/2555
f 1107/10/2556 1109/10/2557 1108/10/2558
f 1110/10/2559 1108/10/2560 1109/10/2561
f 1110/10/2562 1109/10/2563 1107/10/2564
f 1110/10/2565 1107/10/2566 1108/10/2567
f 1111/10/2568 1113/10/2569 1112/10/2570
f 1114/10/2571 1112/10/2572 1113/10/2573
f 1114/10/2574 1113/10/2575 1111/10/2576
f 1114/10/2577 1111/10/2578 1112/10/2579
f 1115/10/2580 1117/10/2581 1116/10/2582
f 1118/10/2583 1116/10/2584 1117/10/2585
f 1118/10/2586 1117/10/2587 1115/10/2588
f 1118/10/2589 1115/10/2590 1116/10/2591
f 1119/10/2592 1121/10/2593 1120/10/2594
f 1122/10/2595 1120/10/2596 1121/10/2597
f 1122/10/2598 1121/10/2599 1119/10/2600
f 1122/10/2601 1119/10/2602 1120/10/2603
f 1123/10/2604 1125/10/2605 1124/10/2606
f 1126/10/2607 1124/10/2608 1125/10/2609
f 1126/10/2610 1125/10/2611 1123/10/2612
f 1126/10/2613 1123/10/2614 1124/10/2615
f 1127/10/2616 1129/10/2617 1128/10/2618
f 1130/10/2619 1128/10/2620 1129/10/2621
f 1130/10/2622 1129/10/2623 1127/10/2624
f 1130/10/2625 1127/10/2626 1128/10/2627
f 1131/10/2628 1133/10/2629 1132/10/2630
f 1134/10/2631 1132/10/2632 1133/10/2633
f 1134/10/2634 1133/10/2635 1131/10/2636
f 1134/10/2637 1131/10/2638 1132/10/2639
f 1135/10/2640 1137/10/2641 1136/10/2642
f 1138/10/2643 1136/10/2644 1137/10/2645
f 1138/10/2646 1137/10/2647 1135/10/2648
f 1138/10/2649 1135/10/2650 1136/10/2651
f 1139/10/2652 1141/10/2653 1140/10/2654
f 1142/10/2655 1140/10/2656 1141/10/2657
f 1142/10/2658 1141/10/2659 1139/10/2660
f 1142/10/2661 1139/10/2662 1140/10/2663
f 1143/10/2664 1145/10/2665 1144/10/2666
f 1146/10/2667 1144/10/2668 1145/10/2669
f 1146/10/2670 1145/10/2671 1143/10/2672
f 1146/10/2673 1143/10/2674 1144/10/2675
f 1147/10/2676 1149/10/2677 1148/10/2678
f 1150/10/2679 1148/10/2680 1149/10/2681
f 1150/10/2682 1149/10/2683 1147/10/2684
f 1150/10/2685 1147/10/2686 1148/10/2687
f 1151/10/2688 1153/10/2689 1152/10/2690
f 1154/10/2691 1152/10/2692 1153/10/2693
f 1154/10/2694 1153/10/2695 1151/10/2696
f 1154/10/2697 1151/10/2698 1152/10/2699
f 1155/10/2700 1157/10/2701 1156/10/2702
f 1158/10/2703 1156/10/2704 1157/10/2705
f 1158/10/2706 1157/10/2707 1155/10/2708
f 1158/10/2709 1155/10/2710 1156/10/2711
f 1159/10/2712 1161/10/2713 1160/10/2714
f 1162/10/2715 1160/10/2716 1161/10/2717
f 1162/10/2718 1161/10/2719 1159/10/2720
f 1162/10/2721 1159/10/2722 1160/10/2723
l 1180/10/2724 1179/10/2725 1178/10/2726 1177/10/2727 1176/10/2728 1175/10/2729 1174/10/2730 1173/10/2731 1172/10/2732 1171/10/2733 1170/10/2734 1169/10/2735 1168/10/2736 1167/10/2737 1166/10/2738 1165/10/2739 1164/10/2740 1163/10/2741
f 1182/10/2742 1184/10/2743 1181/10/2744
f 1183/10/2745 1181/10/2746 1184/10/2747
f 1183/10/2748 1184/10/2749 1182/10/2750
f 1183/10/2751 1182/10/2752 1181/10/2753
f 1185/10/2754 1187/10/2755 1186/10/2756
f 1188/10/2757 1186/10/2758 1187/10/2759
f 1188/10/2760 1187/10/2761 1185/10/2762
f 1188/10/2763 1185/10/2764 1186/10/2765
f 1189/10/2766 1191/10/2767 1190/10/2768
f 1192/10/2769 1190/10/2770 1191/10/2771
f 1192/10/2772 1191/10/2773 1189/10/2774
f 1192/10/2775 1189/10/2776 1190/10/2777
f 1193/10/2778 1195/10/2779 1194/10/2780
f 1196/10/2781 1194/10/2782 1195/10/2783
f 1196/10/2784 1195/10/2785 1193/10/2786
f 1196/10/2787 1193/10/2788 1194/10/2789
f 1197/10/2790 1199/10/2791 1198/10/2792
f 1200/10/2793 1198/10/2794 1199/10/2795
f 1200/10/2796 1199/10/2797 1197/10/2798
f 1200/10/2799 1197/10/2800 1198/10/2801
f 1201/10/2802 1203/10/2803 1202/10/2804
f 1204/10/2805 1202/10/2806 1203/10/2807
f 1204/10/2808 1203/10/2809 1201/10/2810
f 1204/10/2811 1201/10/2812 1202/10/2813
f 1205/10/2814 1207/10/2815 1206/10/2816
f 1208/10/2817 1206/10/2818 1207/10/2819
f 1208/10/2820 1207/10/2821 1205/10/2822
f 1208/10/2823 1205/10/2824 1206/10/2825
f 1209/10/2826 1211/10/2827 1210/10/2828
f 1212/10/2829 1210/10/2830 1211/10/2831
f 1212/10/2832 1211/10/2833 1209/10/2834
f 1212/10/2835 1209/10/2836 1210/10/2837
f 1213/10/2838 1215/10/2839 1214/10/2840
f 1216/10/2841 1214/10/2842 1215/10/2843
f 1216/10/2844 1215/10/2845 1213/10/2846
f 1216/10/2847 1213/10/2848 1214/10/2849
f 1217/10/2850 1219/10/2851 1218/10/2852
f 1220/10/2853 1218/10/2854 1219/10/2855
f 1220/10/2856 1219/10/2857 1217/10/2858
f 1220/10/2859 1217/10/2860 1218/10/2861
f 1221/10/2862 1223/10/2863 1222/10/2864
f 1224/10/2865 1222/10/2866 1223/10/2867
f 1224/10/2868 1223/10/2869 1221/10/2870
f 1224/10/2871 1221/10/2872 1222/10/2873
f 1225/10/2874 1227/10/2875 1226/10/2876
f 1228/10/2877 1226/10/2878 1227/10/2879
f 1228/10/2880 1227/10/2881 1225/10/2882
f 1228/10/2883 1225/10/2884 1226/10/2885
l 1240/10/2886 1239/10/2887 1238/10/2888 1237/10/2889 1236/10/2890 1235/10/2891 1234/10/2892 1233/10/2893 1232/10/2894 1231/10/2895 1230/10/2896 1229/10/2897
f 1242/10/2898 1244/10/2899 1241/10/2900
f 1243/10/2901 1241/10/2902 1244/10/2903
f 1243/10/2904 1244/10/2905 1242/10/2906
f 1243/10/2907 1242/10/2908 1241/10/2909
f 1245/10/2910 1247/10/2911 1246/10/2912
f 1248/10/2913 1246/10/2914 1247/10/2915
f 1248/10/2916 1247/10/2917 1245/10/2918
f 1248/10/2919 1245/10/2920 1246/10/2921
f 1249/10/2922 1251/10/2923 1250/10/2924
f 1252/10/2925 1250/10/2926 1251/10/2927
f 1252/10/2928 1251/10/2929 1249/10/2930
f 1252/10/2931 1249/10/2932 1250/10/2933
f 1253/10/2934 1255/10/2935 1254/10/2936
f 1256/10/2937 1254/10/2938 1255/10/2939
f 1256/10/2940 1255/10/2941 1253/10/2942
f 1256/10/2943 1253/10/2944 1254/10/2945
f 1257/10/2946 1259/10/2947 1258/10/2948
f 1260/10/2949 1258/10/2950 1259/10/2951
f 1260/10/2952 1259/10/2953 1257/10/2954
f 1260/10/2955 1257/10/2956 1258/10/2957
f 1261/10/2958 1263/10/2959 1262/10/2960
f 1264/10/2961 1262/10/2962 1263/10/2963
f 1264/10/2964 1263/10/2965 1261/10/2966
f 1264/10/2967 1261/10/2968 1262/10/2969
f 1265/10/2970 1267/10/2971 1266/10/2972
f 1268/10/2973 1266/10/2974 1267/10/2975
f 1268/10/2976 1267/10/2977 1265/10/2978
f 1268/10/2979 1265/10/2980 1266/10/2981
f 1269/10/2982 1271/10/2983 1270/10/2984
f 1272/10/2985 1270/10/2986 1271/10/2987
f 1272/10/2988 1271/10/2989 1269/10/2990
f 1272/10/2991 1269/10/2992 1270/10/2993
f 1273/10/2994 1275/10/2995 1274/10/2996
f 1276/10/2997 1274/10/2998 1275/10/2999
f 1276/10/3000 1275/10/3001 1273/10/3002
f 1276/10/3003 1273/10/3004 1274/10/3005
f 1277/10/3006 1279/10/3007 1278/10/3008
f 1280/10/3009 1278/10/3010 1279/10/3011
f 1280/10/3012 1279/10/3013 1277/10/3014
f 1280/10/3015 1277/10/3016 1278/10/3017
f 1281/10/3018 1283/10/3019 1282/10/3020
f 1284/10/3021 1282/10/3022 1283/10/3023
f 1284/10/3024 1283/10/3025 1281/10/3026
f 1284/10/3027 1281/10/3028 1282/10/3029
f 1285/10/3030 1287/10/3031 1286/10/3032
f 1288/10/3033 1286/10/3034 1287/10/3035
f 1288/10/3036 1287/10/3037 1285/10/3038
f 1288/10/3039 1285/10/3040 1286/10/3041
f 1289/10/3042 1291/10/3043 1290/10/3044
f 1292/10/3045 1290/10/3046 1291/10/3047
f 1292/10/3048 1291/10/3049 1289/10/3050
f 1292/10/3051 1289/10/3052 1290/10/3053
f 1293/10/3054 1295/10/3055 1294/10/3056
f 1296/10/3057 1294/10/3058 1295/10/3059
f 1296/10/3060 1295/10/3061 1293/10/3062
f 1296/10/3063 1293/10/3064 1294/10/3065
f 1297/10/3066 1299/10/3067 1298/10/3068
f 1300/10/3069 1298/10/3070 1299/10/3071
f 1300/10/3072 1299/10/3073 1297/10/3074
f 1300/10/3075 1297/10/3076 1298/10/3077
f 1301/10/3078 1303/10/3079 1302/10/3080
f 1304/10/3081 1302/10/3082 1303/10/3083
f 1304/10/3084 1303/10/3085 1301/10/3086
f 1304/10/3087 1301/10/3088 1302/10/3089
f 1305/10/3090 1307/10/3091 1306/10/3092
f 1308/10/3093 1306/10/3094 1307/10/3095
f 1308/10/3096 1307/10/3097 1305/10/3098
f 1308/10/3099 1305/10/3100 1306/10/3101
f 1309/10/3102 1311/10/3103 1310/10/3104
f 1312/10/3105 1310/10/3106 1311/10/3107
f 1312/10/3108 1311/10/3109 1309/10/3110
f 1312/10/3111 1309/10/3112 1310/10/3113
f 1313/10/3114 1315/10/3115 1314/10/3116
f 1316/10/3117 1314/10/3118 1315/10/3119
f 1316/10/3120 1315/10/3121 1313/10/3122
f 1316/10/3123 1313/10/3124 1314/10/3125
f 1317/10/3126 1319/10/3127 1318/10/3128
f 1320/10/3129 1318/10/3130 1319/10/3131
f 1320/10/3132 1319/10/3133 1317/10/3134
f 1320/10/3135 1317/10/3136 1318/10/3137
f 1321/10/3138 1323/10/3139 1322/10/3140
f 1324/10/3141 1322/10/3142 1323/10/3143
f 1324/10/3144 1323/10/3145 1321/10/3146
f 1324/10/3147 1321/10/3148 1322/10/3149
f 1325/10/3150 1327/10/3151 1326/10/3152
f 1328/10/3153 1326/10/3154 1327/10/3155
f 1328/10/3156 1327/10/3157 1325/10/3158
f 1328/10/3159 1325/10/3160 1326/10/3161
f 1329/10/3162 1331/10/3163 1330/10/3164
f 1332/10/3165 1330/10/3166 1331/10/3167
f 1332/10/3168 1331/10/3169 1329/10/3170
f 1332/10/3171 1329/10/3172 1330/10/3173
f 1333/10/3174 1335/10/3175 1334/10/3176
f 1336/10/3177 1334/10/3178 1335/10/3179
f 1336/10/3180 1335/10/3181 1333/10/3182
f 1336/10/3183 1333/10/3184 1334/10/3185
f 1337/10/3186 1339/10/3187 1338/10/3188
f 1340/10/3189 1338/10/3190 1339/10/3191
f 1340/10/3192 1339/10/3193 1337/10/3194
f 1340/10/3195 1337/10/3196 1338/10/3197
f 1341/10/3198 1343/10/3199 1342/10/3200
f 1344/10/3201 1342/10/3202 1343/10/3203
f 1344/10/3204 1343/10/3205 1341/10/3206
f 1344/10/3207 1341/10/3208 1342/10/3209
l 1370/10/3210 1369/10/3211 1368/10/3212 1367/10/3213 1366/10/3214 1365/10/3215 1364/10/3216 1363/10/3217 1362/10/3218 1361/10/3219 1360/10/3220 1359/10/3221 1358/10/3222 1357/10/3223 1356/10/3224 1355/10/3225 1354/10/3226 1353/10/3227 1352/10/3228 1351/10/3229 1350/10/3230 1349/10/3231 1348/10/3232 1347/10/3233 1346/10/3234 1345/10/3235
f 1372/10/3236 1374/10/3237 1371/10/3238
f 1373/10/3239 1371/10/3240 1374/10/3241
f 1373/10/3242 1374/10/3243 1372/10/3244
f 1373/10/3245 1372/10/3246 1371/10/3247
f 1375/10/3248 1377/10/3249 1376/10/3250
f 1378/10/3251 1376/10/3252 1377/10/3253
f 1378/10/3254 1377/10/3255 1375/10/3256
f 1378/10/3257 1375/10/3258 1376/10/3259
f 1379/10/3260 1381/10/3261 1380/10/3262
f 1382/10/3263 1380/10/3264 1381/10/3265
f 1382/10/3266 1381/10/3267 1379/10/3268
f 1382/10/3269 1379/10/3270 1380/10/3271
f 1383/10/3272 1385/10/3273 1384/10/3274
f 1386/10/3275 1384/10/3276 1385/10/3277
f 1386/10/3278 1385/10/3279 1383/10/3280
f 1386/10/3281 1383/10/3282 1384/10/3283
f 1387/10/3284 1389/10/3285 1388/10/3286
f 1390/10/3287 1388/10/3288 1389/10/3289
f 1390/10/3290 1389/10/3291 1387/10/3292
f 1390/10/3293 1387/10/3294 1388/10/3295
f 1391/10/3296 1393/10/3297 1392/10/3298
f 1394/10/3299 1392/10/3300 1393/10/3301
f 1394/10/3302 1393/10/3303 1391/10/3304
f 1394/10/3305 1391/10/3306 1392/10/3307
f 1395/10/3308 1397/10/3309 1396/10/3310
f 1398/10/3311 1396/10/3312 1397/10/3313
f 1398/10/3314 1397/10/3315 1395/10/3316
f 1398/10/3317 1395/10/3318 1396/10/3319
f 1399/10/3320 1401/10/3321 1400/10/3322
f 1402/10/3323 1400/10/3324 1401/10/3325
f 1402/10/3326 1401/10/3327 1399/10/3328
f 1402/10/3329 1399/10/3330 1400/10/3331
f 1403/10/3332 1405/10/3333 1404/10/3334
f 1406/10/3335 1404/10/3336 1405/10/3337
f 1406/10/3338 1405/10/3339 1403/10/3340
f 1406/10/3341 1403/10/3342 1404/10/3343
f 1407/10/3344 1409/10/3345 1408/10/3346
f 1410/10/3347 1408/10/3348 1409/10/3349
f 1410/10/3350 1409/10/3351 1407/10/3352
f 1410/10/3353 1407/10/3354 1408/10/3355
f 1411/10/3356 1413/10/3357 1412/10/3358
f 1414/10/3359 1412/10/3360 1413/10/3361
f 1414/10/3362 1413/10/3363 1411/10/3364
f 1414/10/3365 1411/10/3366 1412/10/3367
l 1425/10/3368 1424/10/3369 1423/10/3370 1422/10/3371 1421/10/3372 1420/10/3373 1419/10/3374 1418/10/3375 1417/10/3376 1416/10/3377 1415/10/3378
f 176/10/3379 178/10/3380 175/10/3381
f 177/10/3382 175/10/3383 178/10/3384
f 177/10/3385 178/10/3386 176/10/3387
f 177/10/3388 176/10/3389 175/10/3390
f 179/10/3391 181/10/3392 180/10/3393
f 182/10/3394 180/10/3395 181/10/3396
f 182/10/3397 181/10/3398 179/10/3399
f 182/10/3400 179/10/3401 180/10/3402
f 183/10/3403 185/10/3404 184/10/3405
f 186/10/3406 184/10/3407 185/10/3408
f 186/10/3409 185/10/3410 183/10/3411
f 186/10/3412 183/10/3413 184/10/3414
f 187/10/3415 189/10/3416 188/10/3417
f 190/10/3418 188/10/3419 189/10/3420
f 190/10/3421 189/10/3422 187/10/3423
f 190/10/3424 187/10/3425 188/10/3426
f 191/10/3427 193/10/3428 192/10/3429
f 194/10/3430 192/10/3431 193/10/3432
f 194/10/3433 193/10/3434 191/10/3435
f 194/10/3436 191/10/3437 192/10/3438
f 195/10/3439 197/10/3440 196/10/3441
f 198/10/3442 196/10/3443 197/10/3444
f 198/10/3445 197/10/3446 195/10/3447
f 198/10/3448 195/10/3449 196/10/3450
f 199/10/3451 201/10/3452 200/10/3453
f 202/10/3454 200/10/3455 201/10/3456
f 202/10/3457 201/10/3458 199/10/3459
f 202/10/3460 199/10/3461 200/10/3462
f 203/10/3463 205/10/3464 204/10/3465
f 206/10/3466 204/10/3467 205/10/3468
f 206/10/3469 205/10/3470 203/10/3471
f 206/10/3472 203/10/3473 204/10/3474
f 207/10/3475 209/10/3476 208/10/3477
f 210/10/3478 208/10/3479 209/10/3480
f 210/10/3481 209/10/3482 207/10/3483
f 210/10/3484 207/10/3485 208/10/3486
