# Blender 4.1.1
# www.blender.org
mtllib tetrascapeBlender_AC_6R3Q.mtl
o Tetrahedrons_Chain_A
v 117.120003 108.820007 109.639992
v 118.919998 107.940010 107.499992
v 116.019997 107.910011 107.079994
v 117.250000 105.990005 108.909996
v 120.080002 109.430008 105.269989
v 120.620003 106.570007 105.549995
v 121.800003 108.470009 107.439995
v 119.300003 110.680008 102.739990
v 121.599998 111.710007 104.229996
v 118.889999 112.110008 105.259995
v 119.809998 112.750008 107.959991
v 116.970001 112.220009 107.479996
v 118.190002 114.680008 106.469994
v 121.519997 111.430008 109.949989
v 121.540001 114.350006 109.719994
v 122.720001 112.700005 107.599991
v 122.830002 114.850006 105.609993
v 123.820000 112.170006 104.939995
v 125.300003 113.850006 106.829994
v 121.900002 117.020004 107.339989
v 120.570000 116.520004 104.779991
v 123.279999 117.640007 104.819992
v 121.860001 115.940010 110.059990
v 122.000000 118.830009 109.639992
v 124.309998 117.150009 109.009995
v 127.019997 116.070007 108.759995
v 126.620003 118.830009 109.649994
v 126.070000 118.090004 106.869995
v 124.709999 120.640007 106.349991
v 124.769997 118.570007 104.279991
v 127.220001 120.010010 104.969994
v 122.489998 122.140007 107.549995
v 125.000000 123.510010 106.879990
v 124.910004 121.610008 109.109993
v 127.809998 121.370010 109.489990
v 125.970001 120.220009 111.459991
v 126.239998 123.130005 111.229996
v 129.740005 123.440010 108.739990
v 129.229996 121.180008 106.939995
v 130.669998 120.750008 109.449989
v 130.399994 125.410011 110.799995
v 129.570007 126.300011 108.129990
v 132.179993 125.040009 108.499992
v 129.229996 125.190010 113.469994
v 131.889999 126.380005 113.129990
v 131.509995 123.500008 112.719994
v 133.899994 122.860008 111.159996
v 132.020004 120.740005 111.899994
v 133.699997 121.990005 113.949989
v 134.440002 124.270004 108.639992
v 136.660004 123.260010 110.269989
v 135.089996 125.540009 111.199989
v 135.460007 125.840004 114.089989
v 133.919998 127.840004 112.599991
v 136.820007 127.670006 112.239990
v 137.300003 123.600006 114.499992
v 134.729996 123.670006 115.909996
v 136.860001 125.540009 116.649994
v 139.500000 124.590004 112.849991
v 138.279999 121.990005 112.259995
v 139.929993 122.320007 114.659996
v 140.130005 126.900009 114.539993
v 139.429993 127.290009 111.729996
v 142.000000 126.070007 112.439995
v 140.910004 125.450005 116.969994
v 138.850006 127.530006 117.099991
v 141.649994 128.260010 116.639992
v 143.220001 123.980011 115.929993
v 140.990005 122.520004 117.149994
v 142.770004 124.150009 118.819992
v 144.880005 126.320007 115.319992
v 144.110001 124.470009 113.179993
v 146.039993 123.630005 115.219994
v 144.119995 129.090012 115.889992
v 146.940002 128.310013 115.939995
v 145.130005 127.370010 118.039993
v 146.429993 125.140007 119.429993
v 143.860001 126.180008 120.399994
v 146.300003 127.780006 120.699989
v 147.330002 122.650009 118.179993
v 148.750000 123.720009 120.509995
v 148.940002 125.090004 117.919991
v 149.779999 127.800011 118.639992
v 151.779999 125.690010 118.279991
v 150.000000 125.640007 120.599991
v 148.270004 129.520020 120.459991
v 151.179993 129.810013 120.239990
v 150.029999 127.450005 121.539993
v 152.220001 125.490005 121.449989
v 149.669998 124.790009 122.719994
v 151.460007 126.730011 123.999992
v 154.210007 127.270004 120.229996
v 153.520004 124.720009 118.949989
v 155.050003 124.740005 121.449989
v 154.389999 129.300018 122.329994
v 153.460007 130.040009 119.649994
v 156.270004 129.340012 120.089989
v 153.039993 129.540009 124.919991
v 155.740005 130.610016 124.579994
v 155.309998 127.710007 124.609993
v 157.750000 126.750008 123.309990
v 155.880005 124.840004 124.489990
v 157.479996 126.580009 126.219994
v 159.190002 129.290009 123.039993
v 158.429993 127.780006 120.649994
v 160.539993 126.770004 122.409996
v 158.550003 131.990021 123.979996
v 161.330002 131.060013 123.969994
v 159.410004 129.950012 125.889992
v 160.820007 127.520004 126.729996
v 158.119995 128.060013 127.719994
v 160.369995 129.690018 128.649979
v 163.220001 127.650009 125.039993
v 161.850006 125.090004 125.459991
v 163.339996 126.330009 127.659996
v 164.160004 130.350021 125.669991
v 166.080002 128.170013 125.359993
v 164.320007 128.240021 127.699989
v 163.190002 132.820023 126.929993
v 166.020004 132.090012 127.119995
v 164.000000 130.550018 128.589981
v 161.949997 129.910019 130.579987
v 164.550003 130.950012 131.439987
v 164.339996 128.240021 130.349991
v 165.419998 125.680008 129.409988
v 163.860001 125.780006 131.889984
v 166.539993 126.950005 131.799988
v 165.220001 123.230011 127.809990
v 167.399994 123.540009 129.749985
v 167.369995 125.140007 127.289993
v 168.779999 127.690010 126.959991
v 168.119995 126.070007 124.609993
v 170.190002 125.170006 126.479996
v 171.779999 123.090004 127.789993
v 172.820007 124.450005 125.409996
v 170.580002 122.580009 125.169991
v 169.570007 119.860008 124.719994
v 171.630005 120.980011 122.959991
v 168.889999 122.010010 122.849991
v 166.960007 120.810005 120.989990
v 168.649994 123.040009 120.119995
v 166.500000 123.510010 122.049995
v 164.270004 119.750008 121.469994
v 166.589996 117.950005 121.499992
v 165.669998 119.130005 118.979996
v 162.479996 122.040009 121.079994
v 162.830002 120.890007 123.749992
v 161.369995 119.400009 121.699989
v 162.850006 124.930008 120.759995
v 160.190002 123.740005 120.399994
v 162.289993 123.250008 118.419991
v 161.169998 121.200005 116.659996
v 163.860001 122.240005 116.159996
v 161.520004 123.940010 115.679993
v 158.429993 121.520004 117.659996
v 159.729996 118.900009 117.759995
v 158.919998 120.030006 115.179993
v 157.940002 123.560005 119.689995
v 155.750000 122.660011 117.979996
v 157.910004 124.290009 116.849991
v 158.149994 123.970009 113.949989
v 159.720001 126.020004 115.339989
v 156.820007 126.330009 115.059990
v 158.779999 121.450005 112.589989
v 157.130005 123.470009 111.249992
v 156.059998 121.970009 113.529991
v 153.770004 123.560005 114.439995
v 154.229996 120.880005 115.539993
v 153.330002 121.190010 112.769989
v 154.199997 126.390007 115.069992
v 151.570007 125.460007 114.169991
v 153.809998 125.540009 112.289993
v 155.449997 125.650009 109.859993
v 152.639999 126.480011 109.769989
v 153.330002 123.650009 110.109993
v 150.649994 122.810005 110.949989
v 152.779999 120.820007 110.669991
v 151.639999 122.090004 108.289993
v 149.330002 125.410011 110.629990
v 149.240005 124.030006 113.219994
v 147.720001 122.970009 110.939995
v 149.679993 125.540009 107.729996
v 150.369995 127.850006 109.389992
v 147.559998 127.100006 109.019989
v 147.960007 123.240005 107.129990
v 146.779999 125.910011 107.429993
v 147.850006 124.500008 109.769989
v 145.479996 124.470009 108.079994
v 146.300003 121.850006 109.099991
v 145.369995 122.120010 106.329994
v 145.320007 126.670006 106.159996
v 145.350006 127.240005 109.029991
v 143.000000 126.000008 107.799995
v 147.050003 126.680008 103.789993
v 144.259995 127.560005 103.579994
v 144.869995 124.730011 104.009995
v 142.350006 123.350006 104.579994
v 144.820007 121.810005 104.239990
v 143.580002 123.120010 101.929993
v 140.300003 125.280006 103.789993
v 140.759995 124.710007 106.629990
v 139.520004 122.690010 104.909996
v 140.940002 127.560005 102.059990
v 138.179993 126.590004 102.229996
v 140.220001 124.970009 100.879990
v 141.570007 122.640007 99.739990
v 140.839996 124.890007 98.016991
v 138.759995 123.150009 99.111992
v 137.779999 120.530006 98.246994
v 136.839996 122.960007 96.903992
v 135.979996 122.370010 99.642990
v 138.330002 118.900009 100.619995
v 139.520004 118.190010 98.033989
v 136.639999 117.840004 98.466995
v 136.009995 119.190010 102.379990
v 138.529999 120.530006 103.039993
v 138.330002 117.610008 103.249992
v 133.429993 120.290009 101.559990
v 133.929993 119.670006 104.379990
v 133.619995 117.500008 102.439995
v 135.339996 115.280006 103.269989
v 133.240005 114.840004 101.269989
v 132.520004 115.330009 104.069992
v 138.259995 115.280006 103.089989
v 136.869995 113.060005 104.409996
v 136.949997 115.710007 105.669991
v 135.750000 117.720009 107.429993
v 138.619995 117.150009 107.599991
v 136.679993 115.170006 108.539993
v 135.449997 112.660011 109.439995
v 137.360001 114.060005 111.169991
v 138.289993 112.730011 108.729996
v 139.779999 111.470009 106.539993
v 140.779999 111.280006 109.289993
v 140.860001 113.850006 107.869995
v 141.130005 116.710007 107.289993
v 143.440002 115.180008 108.259995
v 141.210007 115.760010 110.069992
v 139.300003 115.920006 112.289993
v 142.139999 116.520004 112.739990
v 141.289993 113.770004 112.209991
v 141.199997 110.900009 111.589989
v 142.529999 111.830009 114.029991
v 143.740005 112.360008 111.419991
v 145.389999 113.250008 109.169991
v 146.630005 111.890007 111.459991
v 145.580002 114.610008 111.759995
v 145.199997 115.160011 114.609993
v 144.699997 117.270004 112.639992
v 147.440002 116.380005 113.169991
v 146.009995 112.580009 115.739990
v 143.460007 113.790009 116.529991
v 145.979996 114.970009 117.429993
v 148.809998 112.630005 114.879990
v 147.100006 110.350006 114.169991
v 147.940002 110.750008 116.949989
v 149.600006 114.970009 116.439995
v 149.940002 114.970009 113.529991
v 151.649994 113.270004 115.209991
v 147.919998 116.550011 118.259995
v 150.789993 116.270004 118.789993
v 149.000000 113.970009 119.129990
v 147.990005 111.240005 119.469994
v 149.479996 112.530006 121.639992
v 150.869995 111.710007 119.189995
v 152.669998 110.880005 117.039993
v 153.429993 110.440010 119.839989
v 153.380005 113.160011 118.739990
v 153.550003 116.050011 118.329994
v 155.809998 114.600006 119.519989
v 153.330002 114.970009 121.039993
v 151.309998 115.050011 123.159996
v 154.070007 115.830009 123.739990
v 153.419998 113.020004 123.229996
v 155.979996 111.810005 122.469994
v 153.600006 110.130005 122.789993
v 154.869995 111.330009 125.139992
v 157.630005 112.490005 120.149994
v 158.889999 111.490005 122.599991
v 157.710007 114.180008 122.549995
v 157.220001 114.860008 125.359993
v 156.970001 116.910011 123.289993
v 159.610001 115.870010 123.999992
v 155.589996 113.220009 127.159996
v 157.869995 114.730011 128.209991
v 158.330002 112.400009 126.509995
v 159.279999 110.300011 124.699989
v 159.059998 109.770004 127.569992
v 161.139999 111.570007 126.559990
v 162.429993 112.880005 128.849991
v 163.389999 113.400009 126.129990
v 163.839996 110.790009 127.369995
v 160.529999 114.250008 130.619980
v 163.389999 114.850006 130.789978
v 162.389999 112.260010 131.709991
v 161.690002 110.390007 133.849991
v 161.880005 113.260010 134.419983
v 164.300003 111.710007 133.859985
v 166.199997 112.610008 135.909988
v 166.770004 113.080009 133.069992
v 166.889999 110.360008 134.159988
v 166.100006 111.600006 138.649979
v 165.949997 114.480011 138.149979
v 168.460007 113.050011 137.709991
v 163.710007 117.310005 134.839981
v 161.690002 119.000008 133.559982
v 164.490005 119.150009 132.709991
v 163.690002 120.200005 135.329987
v 158.940002 118.240005 134.239990
v 159.759995 118.390007 131.429977
v 159.479996 120.840004 133.009979
v 156.509995 116.950005 135.239990
v 157.179993 119.670006 136.089981
v 158.779999 117.410011 137.039978
v 153.610001 117.220009 135.579987
v 154.970001 114.800011 136.499985
v 154.679993 115.320007 133.629990
v 152.410004 119.500008 136.989990
v 150.729996 117.700005 135.399979
v 152.600006 119.510010 134.059982
v 155.190002 119.760010 132.709991
v 152.899994 121.340004 131.789978
v 152.949997 118.440010 131.359985
v 153.880005 115.750008 130.659988
v 152.169998 117.240005 128.799988
v 151.059998 116.200005 131.309982
v 148.699997 117.910011 131.679977
v 149.330002 115.810005 133.639984
v 148.369995 115.080009 130.969986
v 148.690002 119.110008 129.009979
v 148.820007 120.820007 131.389984
v 146.350006 119.380005 130.749985
v 148.199997 116.560005 127.639992
v 150.589996 118.130005 127.009995
v 147.949997 119.090004 126.169991
v 145.529999 116.110008 128.769989
v 147.679993 114.170006 129.239990
v 146.500000 114.430008 126.579994
v 144.089996 118.480011 127.849991
v 144.160004 117.830009 130.699982
v 142.610001 116.170006 128.859985
v 145.509995 120.560005 126.349991
v 142.619995 120.220009 126.009995
v 144.470001 118.210007 124.949989
v 145.929993 116.140007 123.489990
v 143.630005 117.460007 122.249992
v 143.220001 115.600006 124.479996
v 141.880005 114.070007 126.579994
v 140.940002 113.890007 123.809990
v 140.529999 116.350006 125.339989
v 139.990005 118.400009 123.319992
v 139.710007 119.040009 126.169991
v 137.779999 117.260010 124.869995
v 141.710007 119.320007 121.129990
v 138.800003 119.410011 120.849991
v 140.179993 116.830009 120.849991
v 137.949997 115.070007 121.539993
v 140.630005 113.950005 121.159996
v 139.119995 114.970009 118.859993
v 135.589996 116.770004 121.969994
v 136.279999 114.700005 123.919991
v 135.259995 113.940010 121.279991
v 135.539993 118.940010 119.999992
v 135.100006 119.520004 122.839989
v 133.059998 118.080009 121.299995
v 137.289993 121.020004 118.899994
v 134.750000 120.390007 117.579994
v 136.960007 118.470009 117.479996
v 136.050003 116.230011 115.839989
v 138.779999 116.250008 116.899994
v 138.020004 118.110008 114.769989
v 134.660004 113.690010 115.339989
v 133.350006 116.230011 114.689995
v 133.750000 115.460007 117.489990
v 133.929993 110.870010 115.579994
v 136.729996 111.690010 115.879990
v 135.440002 111.790009 113.249992
v 132.729996 108.830009 117.309990
v 132.869995 108.400009 114.409996
v 131.039993 110.410011 115.499992
v 132.910004 106.540009 119.119995
v 130.690002 108.440010 119.379990
v 133.410004 109.250008 120.119995
v 135.360001 105.160011 118.309990
v 132.839996 103.680008 118.489990
v 134.169998 104.610008 120.929993
v 136.610001 106.190010 115.869995
v 138.229996 104.790009 117.859993
v 137.169998 107.460007 118.449989
v 136.520004 110.100006 119.519989
v 139.250000 109.050011 119.759995
v 137.080002 107.880005 121.339989
v 138.149994 105.270004 122.149994
v 135.449997 106.060005 122.969994
v 137.789993 107.390007 124.139992
v 140.809998 105.390007 120.919991
v 139.169998 102.970009 120.649994
v 140.339996 103.670006 123.239990
v 141.619995 107.790009 119.459991
v 143.619995 106.220009 120.919991
v 141.630005 107.790009 122.389992
v 141.559998 106.800011 125.139992
v 139.059998 107.470009 123.759995
v 140.899994 109.600006 124.569992
v 140.800003 104.150009 126.139992
v 142.830002 105.730011 127.549995
v 143.440002 104.560005 124.929993
v 145.750000 106.040009 123.929993
v 144.619995 103.850006 122.349991
v 146.070007 103.270004 124.839989
v 145.729996 108.960007 123.669991
v 148.229996 107.570007 124.269989
v 146.130005 107.730011 126.299995
v 144.429993 107.610008 128.689987
v 147.199997 108.550011 128.899979
v 146.649994 105.720009 128.369980
v 148.970001 104.380005 127.199989
v 146.740005 102.800011 128.229980
v 148.500000 104.230011 130.079987
v 150.270004 105.050011 124.659996
v 151.869995 104.060005 126.899994
v 150.699997 106.740005 127.009995
v 149.869995 109.380005 127.979996
v 152.710007 108.650009 127.959991
v 150.880005 107.380005 129.859985
v 152.149994 104.890007 130.739990
v 149.809998 105.920006 132.169983
v 152.389999 107.310005 132.379990
v 152.910004 102.530006 129.169983
v 154.509995 103.320007 131.499985
v 154.559998 104.950005 129.069992
v 155.500000 106.920006 127.109993
v 157.410004 105.620010 128.919983
v 155.500000 107.580009 129.959991
v 157.309998 109.420006 131.349991
v 158.250000 106.760010 130.549988
v 156.309998 107.040009 132.729980
v 156.440002 104.210007 133.479980
v 157.619995 106.250008 135.229980
v 158.869995 105.620010 132.659988
v 161.119995 107.150009 131.579987
v 160.149994 104.780006 130.159988
v 161.570007 104.480011 132.699982
v 153.059998 101.600006 144.179977
v 150.960007 99.704010 144.949997
v 151.149994 100.640007 142.179993
v 150.270004 102.470009 144.279984
v 150.130005 105.270004 143.439987
v 149.759995 104.570007 146.259979
v 147.699997 103.880005 144.299988
v 151.960007 107.420006 142.649979
v 149.059998 107.860008 142.549988
v 150.339996 106.060005 140.629990
v 150.929993 103.810005 138.829987
v 149.740005 106.270004 137.769989
v 148.149994 104.490005 139.469986
v 146.029999 106.030006 140.779984
v 146.039993 103.110008 140.949982
v 145.419998 104.430008 138.409988
v 146.470001 108.550011 139.349991
v 146.850006 108.430008 142.249985
v 144.149994 108.260010 141.119980
v 148.350006 108.900009 137.129990
v 145.869995 110.470009 137.219986
v 145.770004 107.590004 136.669983
v 142.979996 106.950005 137.319992
v 144.779999 104.850006 136.369980
v 143.869995 106.940010 134.529984
v 141.779999 107.810005 139.859985
v 140.130005 107.620010 137.449982
v 142.139999 109.740005 137.689987
v 142.580002 110.690010 134.949982
v 143.940002 111.990005 137.199982
v 141.050003 112.320007 136.839981
v 143.369995 108.980011 132.709991
v 141.570007 111.240005 132.259979
v 140.630005 108.890007 133.729980
v 138.149994 109.960007 134.879990
v 139.029999 107.250008 135.559982
v 138.029999 107.830009 132.869980
v 137.589996 112.310005 136.539978
v 135.679993 111.480011 134.479980
v 138.250000 112.640007 133.699982
v 138.210007 111.960007 130.849991
v 140.250000 113.790009 131.889984
v 137.460007 114.660011 131.729980
v 135.559998 110.720009 130.909988
v 137.839996 109.260010 129.779984
v 136.729996 111.570007 128.359985
v 134.039993 110.770004 133.409988
v 132.639999 110.520004 130.849991
v 133.919998 113.050011 131.569992
v 134.600006 114.670006 129.219986
v 134.660004 115.870010 131.889984
v 132.100006 115.160011 130.669983
v 131.880005 114.920006 128.149979
v 132.600006 112.600006 129.789978
v 133.690002 112.880005 127.089989
v 130.809998 112.730011 127.639992
v 132.330002 110.280006 127.089989
v 131.820007 112.200005 124.939995
v 130.130005 115.570007 127.529991
v 129.789993 114.080009 130.029984
v 128.009995 113.560005 127.759995
v 130.759995 116.040009 124.699989
v 131.889999 117.790009 126.769989
v 129.029999 117.910011 126.139992
v 131.860001 113.740005 123.259995
v 130.570007 115.910011 121.779991
v 128.960007 114.110008 123.439995
v 126.970001 112.190010 124.409996
v 126.610001 113.480011 121.809990
v 126.309998 115.050011 124.269989
v 126.430000 117.830009 123.359993
v 125.629997 117.220009 126.109993
v 123.839996 116.570007 123.879990
v 128.720001 118.960007 121.919991
v 126.040001 120.050011 121.499992
v 126.709999 117.390007 120.479996
v 124.300003 115.800011 119.989990
v 126.830002 115.060005 118.709991
v 125.419998 117.470009 117.849991
v 122.199997 117.690010 120.769989
v 122.169998 114.960007 121.809990
v 121.570000 115.450005 118.989990
v 122.910004 119.680008 118.729996
v 122.919998 120.420006 121.569992
v 120.379997 119.920006 120.199989
v 124.940002 119.440010 116.639992
v 122.559998 121.080009 116.179993
v 122.330002 118.160011 116.299995
v 121.199997 115.470009 116.459991
v 120.540001 117.200005 114.189995
v 119.480003 117.800011 116.849991
v 118.260002 120.440010 117.239990
v 117.849998 118.330009 119.229996
v 116.580002 118.130005 116.599991
v 119.800003 122.920006 117.019989
v 116.919998 122.930008 116.459991
v 118.769997 121.620010 114.599991
v 117.029999 119.730011 113.189995
v 119.889999 119.840004 112.569992
v 118.139999 122.040009 111.769989
v 115.430000 117.710007 114.589989
v 114.550003 118.740005 111.989990
v 114.449997 120.460007 114.359993
v 114.330002 123.260010 113.489990
v 114.010002 122.590004 116.329994
v 111.900002 121.910011 114.419991
v 116.220001 124.640007 111.739990
v 113.370003 125.310005 111.629990
v 114.309998 122.730011 110.609993
v 111.730003 121.340004 110.559990
v 111.809998 124.270004 110.579994
v 112.580002 122.760010 112.979996
v 110.029999 121.120010 112.929993
v 108.820000 121.200005 110.269989
v 110.059998 123.610008 111.379990
v 110.669998 125.540009 109.269989
v 110.940002 126.310005 112.079994
v 108.279999 125.890007 110.929993
v 109.669998 123.910011 107.049995
v 112.339996 125.100006 106.899994
v 109.959999 126.800011 106.719994
v 106.809998 123.860008 107.709991
v 108.269997 121.340004 107.299995
v 107.709999 123.100006 105.019989
v 106.010002 126.670006 107.649994
v 105.669998 125.100006 110.099991
v 103.970001 124.570007 107.769989
v 103.459999 126.650009 106.219994
v 105.419998 124.530006 105.739990
v 105.940002 127.250008 104.779991
v 103.919998 125.290009 103.969994
v 106.510002 125.360008 102.619995
v 104.580002 127.520004 102.199989
v 101.690002 126.040009 105.719994
v 102.690002 123.290009 105.729996
v 101.209999 124.310005 103.409996
v 101.360001 128.740021 104.629990
v 101.889999 128.370010 107.489990
v 99.292000 127.600006 106.369995
v 100.290001 127.930008 102.029991
v 102.730003 129.550018 102.169991
v 100.139999 130.730011 102.859993
v 97.845001 126.650009 103.009995
v 99.827003 125.080009 101.519989
v 98.213997 127.090004 100.139992
v 96.567001 128.950012 104.279991
v 96.911003 126.460007 105.779991
v 94.973999 126.600006 103.589989
v 97.830002 131.590012 104.139992
v 94.915001 131.370010 104.329994
v 96.287003 130.590012 101.859993
v 94.345001 128.869995 100.489990
v 96.884003 129.550003 99.189995
v 94.825996 131.600006 99.536995
v 93.272003 126.380005 101.589989
v 91.671997 127.960007 99.713989
v 92.149002 128.960022 102.429993
v 92.376999 130.550018 104.869995
v 89.747002 130.080017 103.669991
v 91.669998 131.850021 102.339989
v 90.809998 131.970001 99.543991
v 93.163002 133.479996 100.419991
v 90.487999 134.310013 101.279991
v 88.393997 130.309998 99.686989
v 90.531998 129.619995 97.807991
v 88.880997 132.000000 97.338989
v 87.274002 129.070023 102.089989
v 85.490997 130.059998 99.987991
v 86.976997 131.950012 101.659996
v 87.946999 134.500015 102.739990
v 85.068001 133.980011 102.579994
v 86.619003 134.429993 100.129990
v 87.541000 134.990005 97.410995
v 85.209000 136.399994 98.489990
v 85.027000 133.550003 97.835991
v 83.955002 130.820007 97.827995
v 82.763000 132.869995 96.104996
v 82.398003 133.009995 99.008995
v 81.349998 133.170013 101.739990
v 79.593002 133.720001 99.461990
v 81.718002 135.610001 100.169991
v 82.917000 137.590012 101.969994
v 80.176003 137.960007 100.999992
v 82.433998 138.270004 99.159996
v 84.155998 140.240005 97.840996
v 81.277000 140.729996 98.071991
v 82.266998 138.649994 96.259995
v 86.022003 142.500000 97.920990
v 85.959999 140.729996 95.584991
v 87.030998 139.750000 98.132996
v 85.871002 143.869995 100.499992
v 85.484001 145.369995 98.013992
v 88.140999 144.360001 98.712990
v 83.823997 142.880020 102.349991
v 86.314003 144.010010 103.389992
v 86.346001 141.420013 102.029991
v 89.212997 141.170013 101.489990
v 87.357002 139.100006 100.559990
v 87.924004 139.380020 103.419991
v 90.906998 143.110001 100.089989
v 92.009003 141.510010 102.289993
v 90.050003 143.620010 102.849991
v 87.930000 144.860016 104.439995
v 90.712997 145.000015 105.349991
v 89.272003 142.450012 105.419991
v 91.098999 140.180008 105.699989
v 88.206001 139.770020 105.929993
v 89.652000 141.190018 108.039993
v 93.169998 139.470016 103.759995
v 93.385002 138.540009 106.529991
v 93.764999 141.380020 105.899994
v 93.624001 142.510010 108.599991
v 94.557999 144.160019 106.359993
v 96.228996 141.970016 107.369995
v 91.768997 143.750015 110.489990
v 93.123001 141.250015 111.199989
v 91.031998 141.260010 109.139992
v 89.442001 142.220016 111.389992
v 89.094002 144.430008 109.509995
v 89.810997 144.980011 112.289993
v 87.336998 144.140015 113.619995
v 89.197998 145.950012 114.989990
v 89.920998 143.140015 114.569992
v 89.225998 141.350021 116.789993
v 91.864998 142.620010 116.699989
v 91.194000 140.510010 114.789993
v 86.918999 139.620010 116.289993
v 86.695999 141.840012 118.179993
v 88.313004 139.500015 118.859993
v 86.424004 139.170013 113.439995
v 85.669998 137.120010 115.389992
v 88.498001 137.630020 114.819992
v 89.873001 136.590012 117.189995
v 91.417000 137.800018 115.009995
v 90.117996 135.200012 114.619995
v 87.430000 135.550018 118.429993
v 89.133003 137.430008 119.889992
v 90.052002 134.690018 119.409996
v 84.668999 136.050018 117.579994
v 85.279999 133.770020 119.319992
v 86.130997 133.740021 116.519989
v 87.183998 132.900009 113.919991
v 85.106003 131.310013 115.239990
v 87.827003 131.360016 116.329994
v 87.953003 129.450012 118.539993
v 89.621002 131.850021 118.589989
v 90.212997 129.700012 116.689995
v 78.641998 140.850021 124.459991
v 75.886002 140.280014 125.279991
v 78.086998 139.880020 127.169991
v 77.779999 138.080017 124.889992
v 74.107002 142.600021 125.389992
v 72.983002 139.900009 125.369995
v 74.246002 140.980011 122.959991
v 75.079002 139.910019 120.359993
v 73.667000 142.470016 120.499992
v 72.237999 139.980011 121.069992
v 75.008003 137.590012 118.579994
v 77.362999 138.080017 120.249992
v 76.786003 139.840012 117.979996
v 77.304001 140.830017 115.269989
v 79.540001 140.280014 117.079994
v 77.771004 142.570023 117.579994
v 74.907997 140.730011 113.589989
v 77.257004 139.120010 112.889992
v 77.334999 142.040009 112.599991
v 76.875999 143.640015 110.189995
v 79.402000 142.190018 110.529991
v 78.816002 144.530014 112.199989
v 76.178001 145.780014 108.309990
v 74.086998 144.030014 109.379990
v 76.038002 142.980011 107.459991
v 77.952003 147.140015 106.419991
v 76.996002 148.550018 108.799995
v 75.139000 147.930008 106.619995
v 72.827003 149.620010 107.239990
v 72.549004 147.390015 105.369995
v 74.079002 149.760010 104.589989
v 75.726997 149.410019 102.199989
v 75.873001 151.910019 103.719986
v 73.473000 151.280014 102.159996
v 72.748001 152.449997 99.575981
v 72.404999 154.010010 102.029984
v 70.654999 151.720016 101.489983
v 72.736000 154.800003 97.827988
v 70.269997 153.279999 98.248985
v 72.458000 152.119995 96.679985
v 73.226997 149.289993 96.671989
v 74.646004 151.199997 94.960991
v 71.882004 150.449997 94.340996
v 70.834999 148.240005 92.730995
v 71.878998 150.639999 91.416992
v 69.351997 150.759995 92.895996
v 69.067001 146.520004 94.308990
v 71.823997 145.690002 93.769989
v 69.852997 145.720001 91.601990
v 68.848999 143.149994 90.621994
v 70.964996 144.550003 89.156990
v 68.235001 145.610001 89.161995
v 67.931000 140.610001 89.488991
v 66.750999 141.610001 91.973991
v 69.509003 140.630005 91.956993
v 69.478996 139.369995 87.332993
v 66.847000 140.520004 86.767990
v 67.057999 138.059998 88.337990
v 64.470001 136.880005 89.049995
v 66.949997 135.660004 90.019989
v 66.246002 135.490005 87.180992
v 65.174004 133.190002 85.726990
v 67.804001 133.020004 87.006996
v 67.436996 134.690002 84.627991
v 63.386002 133.720001 83.468994
v 62.277000 132.889999 86.050995
v 63.769001 130.970001 84.414993
v 60.976002 130.130005 84.151993
v 62.530998 129.339996 86.505989
v 63.131001 128.160004 83.889992
v 62.881001 125.280006 84.351990
v 64.791000 126.860008 85.918991
v 65.289001 126.360008 83.075989
v 61.033001 123.960007 86.200989
v 63.840000 123.130005 86.092995
v 62.043999 122.520004 83.860992
v 62.868999 120.670006 81.739990
v 60.044998 121.390007 82.036995
v 61.337002 119.680008 84.031990
v 65.263000 122.230011 81.085991
v 64.719002 119.720009 79.677994
v 65.517998 119.670006 82.495995
v 65.970001 119.050011 85.323990
v 67.622002 117.780006 83.263992
v 64.805000 117.030006 83.549995
v 62.750999 116.160011 81.651993
v 62.346001 115.780006 84.527992
v 64.344002 114.180008 83.103989
v 64.855003 111.500008 82.029991
v 64.746002 111.920006 84.927994
v 67.000000 112.970009 83.377991
v 69.524002 112.350006 84.731995
v 68.945999 115.100006 83.890991
v 69.519997 113.040009 81.884995
v 71.575996 110.280006 85.020996
v 69.260002 110.310005 86.814995
v 71.318001 112.380005 87.047989
v 71.490997 113.440010 89.772995
v 71.033997 115.260010 87.518990
v 73.643997 113.970009 87.855995
v 76.207001 112.880005 86.951996
v 76.040001 115.650009 87.866989
v 74.809998 114.870010 85.325989
v 73.505997 114.800011 82.702995
v 75.732002 116.650009 83.182991
v 73.138000 117.120010 84.459991
v 73.419998 119.070007 86.629990
v 70.853996 117.720009 86.192993
v 71.805000 119.720009 84.273994
v 76.228996 119.730011 86.125992
v 75.392998 118.810005 88.779991
v 74.598000 121.470009 87.829994
v 76.046997 120.790009 83.398994
v 73.637001 119.830009 84.762993
v 75.682999 117.920006 83.886993
v 73.688004 121.230011 81.717995
v 75.989998 123.030006 81.516991
v 74.295998 123.080009 83.906990
v 75.870003 124.380005 86.004990
v 73.121002 123.530006 86.551994
v 73.623001 125.800011 84.765991
v 78.542999 123.260010 86.429993
v 78.040001 126.100006 86.974991
v 78.068001 125.120010 84.212990
v 76.598999 126.970009 82.482994
v 77.890999 124.610008 81.333992
v 79.521004 126.830009 82.327995
v 73.727997 127.510010 82.713989
v 75.500000 129.509995 81.506996
v 75.633003 128.979996 84.385994
v 75.947998 129.130005 87.294991
v 75.906998 131.580002 85.696991
v 78.205002 129.770004 85.540993
v 79.393997 130.869995 83.099991
v 80.523003 128.460007 84.320992
v 80.836998 131.059998 85.643990
v 77.569000 133.160004 82.892990
v 77.778999 131.240005 80.683990
v 79.997002 133.070007 81.255989
v 75.558998 133.619995 84.973991
v 76.702003 135.889999 83.511993
v 78.345001 134.399994 85.428993
v 81.125000 135.080002 84.805992
v 80.514999 133.410004 87.130989
v 79.819000 136.250000 87.152992
v 80.472000 136.960007 82.652992
v 82.052002 134.559998 82.075989
v 83.226997 136.750000 83.628990
v 79.122002 138.889999 84.396996
v 77.654999 137.630005 82.197990
v 79.738998 139.600006 81.623993
v 78.862000 138.520004 87.291992
v 78.792000 141.210007 86.148994
v 81.301003 139.699997 86.179993
v 83.168999 140.710007 84.158989
v 84.077003 138.770004 86.155991
v 83.464996 141.520004 86.959991
v 82.288002 140.869995 81.369995
v 84.186996 142.839996 82.423996
v 81.393997 142.880005 83.307991
v 78.547997 143.440002 83.712990
v 80.344002 145.559998 82.780991
v 80.541000 144.580002 85.534996
v 79.472000 144.380005 88.254990
v 81.764000 146.119995 87.704994
v 82.081001 143.210007 87.617989
v 78.415001 142.710007 90.418991
v 76.725998 143.369995 88.116989
v 77.425003 145.449997 90.060989
v 77.612999 140.259995 91.810989
v 78.702003 142.520004 93.328995
v 80.450996 140.949997 91.576996
v 77.268997 137.479996 90.954994
v 74.978996 139.309998 90.952995
v 76.114998 138.389999 93.490990
v 74.121002 139.050003 95.533989
v 76.763000 138.059998 96.329994
v 74.848000 136.250000 95.047989
v 73.500999 133.729996 94.435989
v 73.796997 134.589996 97.218994
v 76.142998 133.710007 95.701996
v 74.056999 131.559998 92.539993
v 71.920998 133.490005 91.980995
v 71.596001 131.520004 94.127991
v 69.489998 129.509995 93.816994
v 69.321999 131.479996 95.975990
v 71.336998 129.360001 96.086990
v 66.982002 130.660004 92.838989
v 66.927002 128.339996 94.619995
v 67.870003 128.050003 91.860992
v 66.239998 126.990005 89.669991
v 69.066002 127.620010 89.220993
v 67.125999 129.779999 89.615990
v 65.945000 131.910004 91.235992
v 66.196999 132.240005 88.335991
v 68.588997 132.279999 90.027992
v 70.025002 134.800003 90.459991
v 70.814003 133.020004 88.269989
v 71.334999 132.240005 91.046989
v 71.293999 137.369995 91.073990
v 68.819000 136.589996 92.436989
v 68.766998 137.300003 89.592995
v 73.093002 138.660004 89.151993
v 74.142998 137.649994 91.695992
v 72.411003 140.009995 91.657990
v 72.875000 141.339996 94.228989
v 70.653999 142.190002 92.517990
v 73.416000 142.759995 91.725990
v 74.998001 145.220001 91.974991
v 72.917000 145.020004 89.921989
v 75.380997 143.449997 89.665993
v 77.639999 144.410004 92.947990
v 75.321999 144.289993 94.735992
v 76.417999 146.880005 93.920990
v 77.874001 147.309998 96.426994
v 75.176003 146.169998 96.475990
v 75.561996 148.990005 95.772995
v 80.337997 148.740005 97.107994
v 79.934998 145.990005 98.039993
v 78.351997 148.179993 99.184990
v 80.466003 151.350006 95.778992
v 82.389999 149.250000 95.079994
v 82.547997 150.580002 97.689995
v 80.106003 154.229996 96.157982
v 77.776001 152.509995 95.724983
v 79.640999 153.029999 93.525986
v 78.783997 154.080002 90.925987
v 79.362999 151.220001 91.239990
v 81.545998 153.169998 91.304985
v 79.257004 156.669998 89.657982
v 76.609001 156.029999 90.732986
v 77.581001 154.679993 88.322983
v 77.677002 154.009995 85.471985
v 75.299004 155.300003 86.594986
v 75.907997 152.509995 87.268982
v 73.377998 151.050003 87.496994
v 75.059998 151.449997 89.862991
v 75.921997 149.619995 87.739990
v 70.952003 152.389999 86.544983
v 71.070000 149.470001 86.634995
v 72.657997 150.940002 84.658989
v 74.599998 151.929993 82.701988
v 72.705002 149.830002 81.949989
v 74.886002 149.229996 83.814995
v 76.705002 148.059998 85.785995
v 76.213997 146.690002 83.243996
v 74.101997 146.820007 85.269989
v 71.695000 146.710007 86.937996
v 72.779999 144.250000 85.777992
v 71.499001 146.240005 84.051994
v 72.184998 145.970001 81.216995
v 69.695999 147.300003 81.999992
v 69.981003 144.410004 82.347992
v 74.961998 146.410004 80.392990
v 73.258003 144.570007 78.876991
v 74.170998 143.839996 81.563995
v 72.223999 141.820007 82.390991
v 74.528999 142.419998 84.097992
v 74.913002 141.009995 81.556992
v 70.593002 141.619995 79.964989
v 71.111000 144.240005 81.177994
v 69.342003 142.330002 82.518990
v 71.068001 143.080002 77.466995
v 69.908997 140.389999 77.396996
v 72.718002 140.759995 78.145996
v 75.452003 139.960007 78.833992
v 74.000000 138.539993 76.722992
v 73.199997 138.210007 79.522995
v 71.417000 137.320007 81.667992
v 72.820999 135.350006 80.009995
v 70.643997 136.940002 78.865990
v 68.658997 138.220001 77.133995
v 68.769997 135.300003 77.321991
v 70.908997 136.759995 75.953995
v 73.346001 137.669998 74.599991
v 71.801003 135.429993 73.502991
v 73.310997 135.089996 75.990990
v 72.372002 132.669998 77.355995
v 74.714996 134.110001 78.368996
v 74.885002 132.619995 75.850990
v 70.251999 131.919998 75.477989
v 69.669998 132.110001 78.342995
v 71.339996 129.929993 77.331993
v 69.611000 133.139999 72.890991
v 69.207001 130.259995 73.298996
v 71.921997 131.350006 73.138992
v 73.444000 129.169998 74.363991
v 74.843002 131.520004 73.307991
v 73.585999 129.610001 71.470993
v 71.208000 127.320007 74.789993
v 72.866997 128.160004 77.054993
v 73.966003 126.360008 75.020996
v 68.528000 128.119995 73.915993
v 69.236000 125.280006 74.066994
v 70.417000 126.980011 71.989990
v 71.870003 128.080002 69.697990
v 70.511002 125.500008 69.463989
v 72.921997 125.740005 71.108994
v 75.494003 125.910011 72.503990
v 75.095001 123.910011 70.399994
v 73.719002 123.620010 72.970993
v 71.287003 122.070007 73.477989
v 73.186996 122.570007 75.651993
v 73.900002 120.740005 73.473991
v 68.450996 122.380005 74.140991
v 69.236000 120.950005 71.708992
v 69.600998 123.850006 71.880989
v 66.185997 123.760010 75.387993
v 68.427002 122.840004 77.034996
v 66.588997 120.900009 75.842995
v 63.334000 124.030006 74.770996
v 65.248001 126.000008 73.749992
v 64.621002 125.920006 76.610992
v 64.780998 128.660004 77.637993
v 65.809998 126.430008 79.238991
v 62.923000 126.740005 78.850990
v 64.834999 131.199997 79.088989
v 64.117996 131.149994 76.248993
v 66.878998 130.619995 77.071991
v 64.331001 133.559998 80.749992
v 66.797997 132.020004 81.103989
v 64.230003 130.880005 81.937996
v 61.705002 134.500000 81.652992
v 63.158001 135.979996 79.585991
v 64.117996 136.000000 82.353989
v 64.154999 138.429993 83.994995
v 66.296997 137.940002 82.055992
v 66.111000 136.300003 84.479996
v 64.488998 140.889999 85.543991
v 66.836998 139.320007 84.769989
v 64.990997 138.300003 86.799995
v 64.906998 143.369995 87.056992
v 66.371002 142.910004 84.560989
v 67.021004 141.339996 86.947990
v 65.450996 145.699997 88.749992
v 63.164001 143.960007 89.336990
v 63.122002 145.690002 86.971992
v 66.696999 148.199997 87.865990
v 68.239998 146.270004 89.440994
v 66.078003 147.789993 90.700989
v 68.721001 147.419998 91.911995
v 66.334999 146.380005 93.256996
v 66.796997 149.270004 93.123993
v 66.542000 151.830002 94.527985
v 69.178001 150.899994 93.653992
v 67.803001 149.550003 95.861992
v 69.007004 148.850006 98.439995
v 69.851997 147.460007 96.004990
v 67.185997 146.970001 97.118996
v 70.539001 147.509995 100.549995
v 68.390999 149.380020 101.259995
v 70.880997 150.380005 100.089989
v 72.374001 145.740021 101.989990
v 72.971001 146.539993 99.234993
v 70.762001 144.690002 99.775993
v 73.678001 143.620010 103.539993
v 75.185997 146.010010 102.759995
v 74.407997 144.050003 100.729996
v 76.328003 142.440018 103.959991
v 74.295998 140.970016 102.449989
v 73.996002 141.330017 105.339989
v 71.660004 141.110016 107.089989
v 74.310997 141.600021 108.239990
v 73.682999 138.990021 107.069992
v 76.411003 138.320023 107.909996
v 75.029999 136.650009 105.939995
v 74.169998 136.630020 108.739990
v 75.171997 136.360016 111.479996
v 77.028999 136.210022 109.219994
v 75.123001 134.030014 109.699989
v 74.708000 131.840012 111.589989
v 77.427002 132.670013 110.889992
v 75.764000 131.280014 108.909996
v 76.542000 130.650009 106.159996
v 74.904999 128.760010 107.689995
v 77.721001 129.170013 108.399994
v 76.852997 133.240021 104.839989
v 77.136002 133.040009 107.749992
v 74.500999 132.720016 106.509995
v 76.074997 132.900009 102.039993
v 78.875999 133.410019 102.729996
v 76.884003 135.540009 103.019989
v 75.488998 137.730011 101.669991
v 78.415001 137.590012 101.599991
v 77.039001 138.260010 104.099991
v 72.685997 136.900009 101.839989
v 73.924004 137.330002 99.221992
v 73.355003 139.619995 100.969994
v 70.978996 141.310013 101.239990
v 72.712997 141.580002 98.891991
v 73.651001 142.480011 101.519989
v 69.384003 141.070023 103.679993
v 68.250000 140.250015 101.109993
v 68.694000 143.090012 101.669991
v 68.772003 145.949997 101.049995
v 68.018997 145.060013 103.739990
v 66.200996 144.620010 101.479996
v 64.255997 146.050003 99.823990
v 63.743999 145.670013 102.679993
v 63.618999 143.380005 100.859993
v 64.547997 145.589996 96.945992
v 64.902000 148.279999 98.038994
v 62.235001 147.070007 97.963989
v 66.054001 143.289993 97.956993
v 65.235001 143.380005 95.145996
v 63.228001 142.990005 97.243996
v 60.701000 142.750000 98.705994
v 61.256001 140.979996 96.437996
v 60.719002 143.820007 95.979996
v 60.557999 146.479996 94.760994
v 58.938999 144.279999 93.698990
v 61.844002 144.279999 93.313995
v 62.625000 141.520004 92.712990
v 64.625999 143.660004 92.637993
v 62.550999 143.520004 90.573990
v 61.945000 139.429993 94.649994
v 62.159000 138.770004 91.802994
v 59.918999 140.399994 92.766991
v 58.763000 141.880005 90.522995
v 57.314999 141.710007 93.062996
v 57.578999 139.339996 91.358994
v 60.008999 143.910004 88.811989
v 57.903999 142.179993 87.736992
v 60.546001 141.070007 88.344994
v 59.445999 138.360001 88.547989
v 62.325001 138.800003 88.864990
v 61.077999 139.110001 86.232994
v 56.625000 138.850006 87.923996
v 57.362999 137.500000 90.420990
v 57.692001 136.119995 87.859993
v 55.477001 141.429993 87.166992
v 54.527000 138.979996 85.882996
v 57.209999 139.990005 85.292992
v 58.051998 139.080002 82.639992
v 59.500000 141.250000 83.966995
v 56.789001 141.699997 82.950989
v 59.073002 137.449997 80.425995
v 56.969002 139.440002 79.940994
v 56.366001 137.000000 81.450989
v 59.383999 134.660004 79.615990
v 61.289001 135.860001 81.488991
v 61.287998 136.669998 78.674995
v 63.085999 138.830002 77.824989
v 64.134003 136.119995 78.249992
v 63.280998 137.740005 80.538994
v 61.312000 141.139999 77.552994
v 64.102997 141.320007 76.680992
v 63.467999 141.169998 79.536995
v 63.084999 143.089996 81.719994
v 65.771004 142.589996 80.659996
v 64.413002 140.529999 82.234993
v 60.807999 142.630005 83.504990
v 60.561001 144.509995 81.274994
v 62.234001 145.179993 83.583992
v 61.852001 147.630005 85.151993
v 64.120003 147.410004 83.311989
v 64.072998 145.820007 85.773994
v 61.144001 150.250000 86.263992
v 61.505001 147.949997 88.043991
v 59.179001 148.070007 86.266991
v 61.679001 152.690002 87.783981
v 59.034000 152.250000 86.603981
v 61.331001 152.820007 84.877983
v 62.389000 152.929993 90.616982
v 62.554001 155.270004 88.860985
v 64.475998 153.080002 88.565987
v 65.584999 150.990005 86.834991
v 67.233002 153.289993 87.597984
v 64.996002 153.649994 85.737984
v 62.950001 154.179993 83.711983
v 65.749001 154.869995 83.183983
v 64.209000 156.410004 85.145988
v 66.401001 158.199997 85.902985
v 63.930000 158.160004 87.475983
v 63.931999 159.300003 84.776985
v 69.291000 158.250000 86.380981
v 68.153999 159.729996 84.122986
v 68.213997 156.800003 84.073982
v 67.404999 154.460007 82.500984
v 70.241997 154.960007 83.036987
v 68.773003 156.699997 81.199982
v 70.170998 158.559998 79.420982
v 67.471001 159.190002 80.368988
v 67.876999 157.029999 78.429985
v 65.401001 156.479996 76.965988
v 66.616997 154.399994 78.632988
v 67.910004 155.210007 76.133987
v 70.662003 154.630005 75.314987
v 68.632004 155.250000 73.294983
v 68.526001 152.710007 74.749985
v 67.769997 150.679993 76.720993
v 69.166000 149.889999 74.268990
v 66.385002 150.800003 74.141991
v 65.195999 148.679993 72.502991
v 64.459000 151.479996 72.041992
v 63.556999 150.110001 74.468994
v 62.798000 152.100006 76.476982
v 63.166000 149.300003 77.257996
v 60.862999 150.080002 75.619995
v 59.168999 147.729996 75.158989
v 58.571999 150.259995 73.802994
v 58.136002 150.009995 76.688995
v 55.380001 150.990005 76.864990
v 57.314999 151.669998 78.955986
v 56.321999 148.919998 78.719994
v 54.514000 147.399994 80.452995
v 53.785999 150.110001 79.585991
v 55.958000 149.720001 81.514992
v 51.761002 147.860001 79.557991
v 52.591999 148.720001 82.231995
v 52.319000 145.860001 81.632996
v 50.339001 143.779999 82.202995
v 51.502998 145.339996 84.396996
v 53.143002 143.380005 82.954994
v 49.883999 141.139999 81.012993
v 48.127998 143.380005 80.322990
v 48.006001 142.199997 82.998993
v 45.778000 142.610001 84.854996
v 47.646000 140.389999 85.278992
v 45.762001 140.309998 83.035995
v 53.000999 150.270004 87.727989
v 54.221001 151.750000 89.946983
v 52.042999 152.960007 88.405983
v 54.683998 152.610001 87.185982
v 56.486000 154.399994 85.724983
v 54.174999 153.220001 84.364983
v 56.452999 151.529999 85.112991
v 57.793999 149.660004 83.300995
v 56.285000 148.649994 85.598991
v 58.819000 150.059998 86.016991
v 59.195000 148.220001 81.166992
v 59.605999 151.100006 81.505989
v 57.043999 150.100006 80.501991
v 61.207001 147.139999 79.331993
v 58.539001 145.940002 79.452995
v 60.401001 145.600006 81.690994
v 63.021000 145.869995 77.412994
v 64.078003 147.720001 79.425995
v 62.450001 148.740005 77.213989
v 62.172001 144.309998 75.085991
v 63.720001 143.029999 77.222992
v 65.000999 144.979996 75.445992
v 67.056999 143.039993 74.668991
v 67.649002 145.070007 76.696991
v 67.324997 145.860001 73.891991
v 69.575996 147.669998 73.432991
v 67.582001 147.250000 71.328995
v 69.454002 145.110001 72.023994
v 116.510002 111.870010 124.609993
v 117.470001 114.520004 125.399994
v 119.389999 112.380005 124.829994
v 117.730003 112.260010 127.239990
v 117.949997 116.950005 123.839989
v 119.349998 116.540009 126.379990
v 116.480003 117.110008 126.369995
v 114.220001 116.440010 128.099991
v 113.949997 118.560005 126.099991
v 115.639999 118.980011 128.459991
v 115.540001 121.890007 128.799988
v 118.059998 120.450005 129.199982
v 115.879997 120.150009 131.129990
v 114.330002 119.310005 133.469986
v 117.180000 119.930008 133.749985
v 116.330002 117.510010 132.319992
v 116.489998 115.120010 130.639984
v 117.540001 115.060005 133.369980
v 118.919998 116.610008 131.309982
v 120.669998 118.470009 129.869980
v 121.809998 116.130005 131.209991
v 120.750000 118.350006 132.789978
v 119.559998 119.920006 134.959991
v 122.389999 119.140007 135.089981
v 120.290001 117.120010 135.409988
v 121.680000 114.620010 134.749985
v 118.849998 114.570007 135.519989
v 120.900002 115.180008 137.519989
v 124.379997 115.560005 134.149979
v 122.910004 113.970009 132.179977
v 123.889999 112.710007 134.629990
v 125.059998 116.970009 136.619980
v 125.669998 118.190010 134.029984
v 127.190002 115.860008 134.949982
v 124.910004 114.660011 138.409988
v 123.279999 117.030006 138.949982
v 126.190002 117.140007 139.319992
v 127.120003 113.180008 137.189987
v 124.400002 112.100006 137.089981
v 125.860001 112.170006 139.629990
v 129.339996 115.050011 137.589981
v 128.919998 113.810005 134.959991
v 129.880005 112.190010 137.209991
v 128.929993 117.680008 138.809982
v 131.570007 116.410011 138.919983
v 129.360001 115.320007 140.509979
v 127.760002 113.880005 142.489990
v 130.559998 114.540009 143.059982
v 129.910004 112.500008 141.059982
v 130.380005 110.260010 139.229980
v 131.610001 110.260010 141.889984
v 132.550003 112.130005 139.849991
v 133.979996 114.160011 141.399979
v 134.309998 114.050011 138.489990
v 135.449997 111.950005 140.179977
v 133.580002 112.890007 144.009979
v 132.550003 115.590004 143.529984
v 135.440002 115.130005 143.749985
v 135.139999 110.490005 143.359985
v 132.259995 110.270004 143.829987
v 134.070007 110.850006 146.059982
v 136.710007 109.290009 141.199982
v 137.509995 108.890007 143.989990
v 137.809998 111.530006 142.729980
v 138.300003 114.420006 142.789978
v 140.479996 112.550011 143.369980
v 138.289993 112.890007 145.289978
v 138.339996 110.430008 146.889984
v 136.410004 112.550011 147.509979
v 139.259995 112.960007 148.049988
v 140.660004 109.180008 145.609985
v 138.070007 107.800011 145.629990
v 139.589996 108.080009 148.109985
v 142.720001 111.180008 146.169983
v 142.160004 110.390007 143.399979
v 143.490005 108.520004 145.219986
v 142.509995 111.130005 149.089981
v 142.169998 113.650009 147.639984
v 144.820007 112.410011 147.799988
v 140.750000 109.380005 150.639984
v 143.289993 110.290016 151.789978
v 143.279999 108.350006 149.589981
v 143.889999 106.150009 147.759979
v 144.899994 106.080009 150.509979
v 146.009995 107.990005 148.589981
v 147.910004 108.590004 150.739990
v 147.350006 110.600006 148.679977
v 148.880005 108.190010 148.009979
v 149.020004 106.260017 152.129990
v 147.039993 107.950012 153.469986
v 149.750000 108.960014 152.989990
v 151.509995 105.450012 153.449982
v 151.050003 108.270012 152.789978
v 151.550003 106.330009 150.649979
v 153.009995 107.530014 154.859985
v 153.199997 104.740013 155.729980
v 150.720001 106.240013 156.159988
v 148.880005 107.880013 157.739990
v 150.410004 105.730019 159.029984
v 148.229996 105.080017 157.179977
v 145.429993 104.710014 157.939987
v 147.309998 102.470016 158.139984
v 146.460007 103.440018 155.509979
v 143.860001 105.390015 160.319992
v 142.500000 104.860016 157.779984
v 144.080002 107.310013 158.119980
v 144.300003 110.210014 158.429977
v 142.369995 109.080017 156.539978
v 145.240005 108.930016 155.969986
v 146.740005 111.660019 159.169983
v 144.619995 111.260017 161.149979
v 144.199997 113.100014 158.909988
v 142.419998 115.410019 159.229980
v 144.649994 115.520012 157.329987
v 145.179993 115.530014 160.209991
v 140.240005 117.340012 158.929977
v 141.070007 116.460014 161.599991
v 139.669998 114.610016 159.819992
v 139.240005 118.320015 156.359985
v 139.979996 120.220016 158.459991
v 137.589996 118.570015 158.769989
v 140.850006 116.790016 154.449982
v 138.500000 118.260017 153.519989
v 138.169998 115.860016 155.169983
v 137.369995 113.590012 156.829987
v 135.949997 114.140015 154.339981
v 135.630005 115.930016 156.629990
v 135.179993 118.350014 158.229980
v 132.899994 116.750015 157.319992
v 134.460007 118.310013 155.389984
v 134.300003 117.350014 152.619980
v 135.479996 119.970016 153.199982
v 132.589996 119.560013 153.509979
v 132.619995 114.990013 153.079987
v 135.419998 114.670013 152.289978
v 133.470001 115.680008 150.359985
v 130.130005 113.530014 153.519989
v 130.369995 115.350006 151.239990
v 130.220001 116.420013 153.969986
v 129.559998 118.360016 151.869980
v 130.289993 119.290016 154.549988
v 127.720001 117.950012 154.109985
v 130.740005 118.980011 149.259979
v 127.830002 118.930008 149.579987
v 129.350006 116.430008 149.669983
v 127.180000 114.750008 150.699982
v 129.899994 113.670006 150.479980
v 128.339996 114.210007 148.059982
v 125.110001 116.820007 150.569992
v 125.470001 115.260017 153.019989
v 124.349998 114.000008 150.629990
v 125.720001 119.550011 149.689987
v 123.010002 118.480011 149.389984
v 125.180000 117.460007 147.709991
v 124.400002 114.800011 146.749985
v 126.839996 116.060005 145.739990
v 124.220001 117.110008 144.959991
v 121.739998 114.530006 147.959991
v 123.730003 112.400009 148.289978
v 122.500000 112.850006 145.679977
v 120.470001 116.800011 146.619980
v 120.410004 116.610008 149.539978
v 118.820000 114.760010 147.919983
v 120.800003 115.920006 143.839981
v 121.669998 118.600006 144.639984
v 118.809998 117.960007 144.499985
v 122.080002 113.330009 143.329987
v 120.129997 114.400009 141.429977
v 119.250000 113.440010 144.059982
v 116.610001 114.560005 144.689987
v 117.790001 112.510010 146.419983
v 116.849998 111.800011 143.739990
v 116.269997 116.090004 142.209991
v 116.410004 117.480011 144.789978
v 114.059998 115.870010 144.119980
v 118.129997 116.220009 139.949982
v 115.239998 116.450005 139.489990
v 116.400002 113.880005 140.299988
v 117.199997 111.090004 140.689987
v 115.480003 111.810005 138.439987
v 114.430000 111.890007 141.169983
v 112.209999 113.810005 141.039978
v 112.599998 112.180008 143.449982
v 111.669998 110.930008 140.969986
v 112.800003 116.460007 139.959991
v 110.070000 115.410011 139.849991
v 112.160004 114.250008 138.149979
v 111.940002 111.450005 137.299988
v 113.860001 113.230011 135.989990
v 110.989998 113.600006 135.539978
v 112.650002 108.800011 138.309982
v 110.589996 109.080009 136.249985
v 110.050003 109.970009 138.979980
v 107.370003 111.170006 138.969986
v 109.419998 112.200005 140.789978
v 108.250000 109.550011 141.249985
v 109.300003 107.860008 143.399979
v 106.959999 106.990005 141.859985
v 106.730003 109.230011 143.739990
v 106.099998 109.570007 146.579987
v 104.220001 110.500008 144.539978
v 106.750000 111.900009 144.939987
v 108.459999 108.240005 147.699982
v 105.779999 107.210007 148.289978
v 106.660004 109.760010 149.449982
v 105.860001 112.350006 150.569992
v 108.169998 110.920013 151.679977
v 105.470001 109.890015 152.119980
v 105.589996 114.950005 149.249985
v 105.169998 114.720016 152.139984
v 103.220001 113.570007 150.279984
v 105.080002 117.590004 148.099991
v 105.389999 115.270004 146.339981
v 107.709999 116.340004 147.779984
v 102.900002 119.420006 148.799988
v 104.470001 119.880005 146.369980
v 105.690002 120.320007 148.999985
v 108.480003 120.400009 148.129990
v 107.830002 120.410011 150.989990
v 107.250000 122.770004 149.349991
v 109.199997 118.310005 146.219986
v 110.610001 120.870010 146.179977
v 107.820000 120.720009 145.289978
v 106.860001 123.490005 145.329987
v 105.089996 121.330009 144.439987
v 107.360001 122.150009 142.779984
v 109.300003 124.670006 146.439987
v 106.690002 125.350006 147.589981
v 107.419998 126.340004 144.929977
v 111.169998 123.800011 144.359985
v 111.650002 123.070007 147.149979
v 111.980003 125.850006 146.289978
v 110.180000 125.500008 142.179977
v 110.050003 122.580009 141.939987
v 112.639999 123.940010 141.829987
v 110.980003 128.180008 143.059982
v 108.139999 127.450005 142.949982
v 109.660004 127.820007 140.469986
v 113.889999 128.490021 142.929977
v 112.459999 129.110016 145.409988
v 112.169998 130.860016 143.079987
v 115.709999 126.600006 141.639984
v 116.739998 129.120010 142.709991
v 115.050003 129.130020 140.319992
v 117.779999 128.990021 139.249985
v 116.959999 131.280014 140.889984
v 115.879997 130.950012 138.179977
v 116.769997 132.480011 135.849991
v 118.190002 130.040009 136.629990
v 118.400002 132.450012 138.279984
v 119.279999 132.120010 141.059982
v 119.339996 134.770020 139.809982
v 121.239998 132.710022 138.959991
v 117.750000 130.560013 143.009979
v 120.660004 130.750015 143.249985
v 119.470001 129.200012 141.069992
v 119.099998 128.150009 138.359985
v 120.769997 126.690010 140.269989
v 121.699997 129.240021 139.159988
v 123.070000 131.790009 138.739990
v 124.540001 129.270020 138.449982
v 123.680000 130.170013 141.109985
v 123.440002 130.930008 143.929977
v 125.980003 129.900009 142.899979
v 123.680000 128.100021 143.179977
v 124.300003 125.810005 141.469986
v 122.070000 125.660011 143.359985
v 124.820000 125.670006 144.349991
v 126.570000 124.000008 141.029984
v 126.580002 125.840004 143.309982
v 126.879997 126.880005 140.589981
v 128.419998 126.630005 143.069992
v 127.949997 129.270020 141.909988
v 129.770004 127.390007 140.589981
v 127.519997 125.570007 145.649979
v 130.300003 125.200005 144.809982
v 128.149994 123.730011 143.459991
v 126.440002 121.940010 141.909988
v 128.830002 120.890007 143.229980
v 129.100006 122.660011 140.909988
v 130.330002 124.440010 138.939987
v 131.350006 121.720009 139.289978
v 131.779999 123.720009 141.379990
v 133.089996 122.830009 143.849991
v 132.690002 125.690010 143.349991
v 134.649994 124.190010 141.779984
v 134.190002 120.170006 144.369980
v 131.770004 121.040009 145.749985
v 134.350006 122.240005 146.429977
v 135.289993 118.530006 142.199982
v 136.089996 118.020004 144.969986
v 137.009995 120.440010 143.599991
v 138.300003 123.000008 142.969986
v 139.850006 120.840004 144.189987
v 137.820007 122.250008 145.759979
v 137.470001 120.210007 147.839981
v 135.830002 122.640007 147.879990
v 138.690002 122.790009 148.509979
v 139.669998 118.460007 147.029984
v 136.949997 117.390007 147.259979
v 138.440002 118.140007 149.669983
v 141.600006 118.730011 144.849991
v 142.429993 117.530006 147.389984
v 141.860001 120.400009 147.239990
v 141.679993 121.030006 150.089981
v 141.509995 123.180008 148.099991
v 144.059998 121.810005 148.559982
v 140.059998 119.050011 151.519989
v 141.550003 121.080017 153.019989
v 142.990005 118.920013 151.649979
v 145.750000 119.870010 151.489990
v 145.089996 117.150009 150.629990
v 145.000000 117.850014 153.479980
v 146.449997 122.580009 150.629990
v 148.559998 120.700005 151.399979
v 146.770004 121.810013 153.439987
v 147.929993 120.730019 155.899979
v 145.339996 122.110016 155.979980
v 147.800003 123.630013 155.489990
v 148.699997 117.900017 155.919983
v 149.789993 119.740013 157.929977
v 150.639999 119.950012 155.139984
v 152.619995 119.910019 152.979980
v 153.399994 120.790016 155.659988
v 151.649994 122.470016 154.019989
v 154.429993 120.340004 150.709991
v 151.690002 119.410011 150.239990
v 153.660004 117.620010 151.469986
v 157.350006 120.490005 150.499985
v 155.710007 122.770004 149.689987
v 155.710007 120.330009 148.079987
v 158.509995 119.070015 152.789978
v 160.240005 120.060005 150.639984
v 158.449997 117.790009 150.149979
v 157.949997 116.770004 147.449982
v 157.100006 115.220009 149.789978
v 159.949997 115.480011 149.159988
v 159.179993 117.190010 144.829987
v 156.570007 118.390007 145.439987
v 156.800003 115.500008 145.079987
v 156.000000 112.680008 144.899979
v 155.070007 114.600006 142.889984
v 154.029999 114.720009 145.619980
v 153.009995 115.610008 148.219986
v 151.160004 115.160011 145.989990
v 152.990005 117.450005 145.929977
v 153.229996 118.510010 143.219986
v 154.660004 119.800011 145.419983
v 151.740005 120.000008 145.249985
v 151.610001 116.480011 141.859985
v 154.279999 117.140007 140.849991
v 152.089996 119.070007 140.569992
v 150.449997 114.290009 143.429977
v 149.190002 115.120010 140.919983
v 149.070007 116.870010 143.269989
v 148.509995 119.620010 142.449982
v 148.210007 118.840004 145.259979
v 146.309998 117.860008 143.249985
v 148.419998 119.070007 139.569992
v 145.960007 119.760010 141.009979
v 147.240005 117.170006 141.469986
v 146.130005 117.240005 139.469986
v 148.710007 116.420006 138.359985
v 147.119995 118.480011 137.009979
v 144.149994 119.020004 140.689987
v 144.589996 116.340004 141.799988
v 143.270004 116.660011 139.199982
v 144.070007 121.180008 138.709991
v 144.419998 121.810005 141.549988
v 141.839996 120.820007 140.579987
v 143.039993 119.450005 136.579987
v 145.350006 121.190010 136.079987
v 142.690002 122.360008 136.409988
v 142.389999 116.670006 137.209991
v 140.990005 118.040009 135.029984
v 140.470001 118.800011 137.819992
v 139.490005 121.560005 137.899979
v 139.479996 119.920006 140.329987
v 137.610001 119.320007 138.149979
v 140.699997 124.060005 136.959991
v 137.779999 123.790009 137.059982
v 139.330002 122.290009 135.069992
v 139.940002 120.410011 132.909988
v 138.029999 122.590004 132.459991
v 137.309998 120.350006 134.209991
v 134.800003 121.510010 135.179977
v 135.830002 119.040009 136.369980
v 134.759995 119.020004 133.639984
v 133.220001 123.070007 133.269989
v 134.490005 124.400009 135.549988
v 132.210007 122.620010 135.979980
v 133.309998 121.910011 130.579987
v 131.750000 124.340004 131.079987
v 130.850006 121.770004 132.149979
v 129.619995 119.360008 133.289978
v 128.820007 120.300011 130.629990
v 128.050003 121.820007 133.019989
v 126.430000 123.920006 131.769989
v 126.660004 123.790009 134.689987
v 125.129997 121.750008 133.249985
v 124.160004 125.190010 130.419983
v 126.089996 123.610008 128.879990
v 126.870003 126.210007 129.989990
v 121.709999 124.940010 132.009979
v 121.940002 127.060005 129.999985
v 123.529999 127.190010 132.459991
v 125.169998 129.620010 132.409988
v 125.610001 127.600006 134.479980
v 123.190002 129.240021 134.529984
v 127.470001 130.960022 131.199982
v 125.419998 132.530014 132.589981
v 124.809998 131.270020 130.009979
v 130.050003 132.350021 131.159988
v 128.889999 131.350021 128.669983
v 129.929993 129.470016 130.659988
v 131.089996 135.090012 131.249985
v 132.899994 132.820023 131.649979
v 130.929993 133.510010 133.709991
v 128.630005 132.900009 135.419983
v 131.190002 133.640015 136.619980
v 130.889999 131.050018 135.299988
v 133.330002 129.860016 134.199982
v 130.889999 128.260010 134.389984
v 132.339996 129.010010 136.819992
v 134.809998 131.050018 131.969986
v 136.179993 129.280014 133.849991
v 135.330002 131.950012 134.709991
v 134.850006 134.540009 135.989990
v 137.440002 133.190018 136.319992
v 135.039993 132.100021 137.619980
v 133.309998 130.280014 139.109985
v 135.800003 131.240021 140.309982
v 135.889999 129.340012 138.089981
v 136.740005 127.800011 135.749985
v 137.820007 127.150009 138.399979
v 138.619995 129.630020 137.059982
v 139.639999 131.520020 139.049988
v 139.750000 132.190018 136.199982
v 141.500000 130.110016 137.289978
v 139.070007 130.050018 141.529984
v 137.940002 132.730011 141.109985
v 140.809998 132.410019 141.589981
v 137.619995 127.830009 142.769989
v 140.300003 128.550018 143.719986
v 139.960007 127.300011 141.089981
v 142.600006 128.050018 140.079987
v 141.970001 125.230011 140.589981
v 142.300003 127.090004 142.829987
v 144.039993 129.890015 138.309982
v 145.520004 128.230011 140.219986
v 143.869995 130.450012 141.179977
v 144.259995 130.850021 144.049988
v 145.880005 128.880020 142.619980
v 143.020004 128.380020 143.069992
v 143.990005 128.510010 145.789978
v 145.740005 130.730011 146.579987
v 146.500000 128.980011 144.349991
v 148.470001 130.580017 142.889984
v 148.039993 127.780006 142.169983
v 149.360001 128.450012 144.699982
v 148.169998 133.430008 142.279984
v 150.800003 132.350021 142.959991
v 148.729996 132.570023 145.019989
v 147.210007 131.990021 147.459991
v 149.720001 133.500015 147.619980
v 149.770004 130.640015 146.969986
v 152.100006 129.740021 145.439987
v 150.389999 127.790009 146.809982
v 152.110001 129.580017 148.369980
v 154.440002 131.460022 145.819992
v 152.860001 131.650009 143.359985
v 154.520004 129.290009 143.859985
v 154.850006 133.580017 147.799988
v 157.149994 132.170013 146.659988
v 155.360001 130.790009 148.519989
v 154.080002 128.640015 150.049988
v 155.880005 130.520020 151.389984
v 156.960007 128.550018 149.509979
v 159.470001 127.270004 150.339981
v 159.529999 129.620010 148.589981
v 158.550003 127.050011 147.569992
v 159.550003 124.260010 143.989990
v 158.639999 126.580009 145.519989
v 157.339996 125.900009 142.979980
v 160.080002 126.960007 142.989990
v 161.149994 127.410011 140.299988
v 162.970001 126.930008 142.539978
v 161.490005 129.450012 142.379990
v 159.419998 125.980011 138.409988
v 162.050003 126.960007 137.549988
v 159.880005 128.860016 138.089981
v 157.940002 123.680008 139.459991
v 157.270004 124.790009 136.829987
v 156.639999 126.300011 139.259979
v 153.960007 127.250008 138.549988
v 155.779999 126.320007 136.459991
v 156.309998 128.850021 137.849991
v 156.259995 127.820007 135.099991
v 158.229996 129.840012 135.879990
v 155.399994 130.560013 135.649979
v 156.460007 125.060005 134.119980
v 154.710007 126.990005 132.759979
v 154.000000 125.990005 135.419983
v 151.860001 127.830009 136.229980
v 152.460007 125.470009 137.859985
v 151.199997 125.150009 135.239990
v 151.759995 129.410019 133.759979
v 151.929993 130.750015 136.359985
v 149.460007 129.380020 135.579987
v 153.470001 128.580017 131.529984
v 150.880005 129.830017 130.999985
v 150.990005 127.120010 132.099991
v 148.449997 126.210007 133.229980
v 150.699997 124.350006 133.009979
v 149.309998 125.260010 130.589981
v 146.990005 127.540009 135.389984
v 145.520004 126.340004 133.159988
v 147.100006 128.770020 132.739990
v 147.059998 128.770020 129.809982
v 148.500000 130.870010 131.249985
v 145.570007 130.810013 131.289978
v 147.979996 126.840004 127.799995
v 145.630005 128.500015 127.269989
v 145.490005 126.360008 129.259979
v 144.660004 124.540009 131.409988
v 143.059998 124.740005 128.959991
v 143.119995 126.970009 130.869980
v 142.600006 129.450012 132.339981
v 140.369995 127.920006 131.219986
v 142.190002 129.360016 129.439987
v 141.619995 128.130020 126.839989
v 143.490005 130.380020 127.019989
v 140.619995 130.820023 127.439995
v 139.539993 126.310005 127.799995
v 141.960007 125.230011 126.569992
v 139.979996 126.630005 124.929993
v 137.539993 128.180008 128.849991
v 138.380005 125.890007 130.459991
v 136.740005 125.480011 128.069992
v 136.940002 129.630020 126.369995
v 138.149994 131.040009 128.639984
v 135.369995 130.150009 128.789978
v 137.940002 129.120010 123.669991
v 135.229996 130.160019 124.049995
v 135.860001 127.400009 124.809990
v 133.750000 126.140007 126.399994
v 136.100006 124.590004 125.599991
v 134.119995 125.390007 123.589989
v 132.460007 126.690010 128.969986
v 130.860001 125.750008 126.699989
v 131.979996 128.460022 126.689995
v 131.380005 128.850021 123.849991
v 132.960007 130.840012 125.289993
v 130.100006 130.550018 125.859993
v 132.210007 127.230011 121.549995
v 129.660004 128.660019 121.479996
v 129.990005 126.340004 123.239990
v 129.509995 124.130005 125.109993
v 127.620003 124.630005 122.919991
v 127.790001 126.500008 125.169991
v 126.430000 128.900009 124.169991
v 126.949997 128.600021 127.039993
v 124.940002 126.920006 125.729996
v 125.720001 127.760010 121.569992
v 127.489998 130.090012 121.709991
v 124.650002 130.370010 122.369995
v 123.830002 125.810005 122.649994
v 126.129997 124.900009 121.089989
v 123.919998 126.310005 119.769989
v 123.160004 125.560005 125.489990
v 121.199997 124.790009 123.449989
v 121.860001 127.610008 123.859993
v 122.220001 130.520020 123.699989
v 119.529999 129.380020 123.969994
v 121.010002 129.060013 121.459991
v 119.910004 126.720009 120.099991
v 121.919998 128.380020 118.759995
v 119.209999 129.410019 119.179993
v 117.690002 126.100006 121.909996
v 119.750000 124.090004 121.379990
v 117.839996 124.810005 119.279991
v 116.190002 128.590012 121.529991
v 116.910004 127.710007 124.229996
v 114.870003 126.250008 122.709991
v 115.680000 128.410019 118.649994
v 117.269997 130.630020 119.719994
v 114.389999 130.510010 120.239990
v 112.750000 128.520020 118.699989
v 114.230003 127.700005 121.089989
v 114.120003 125.930008 118.759995
v 113.360001 124.700005 121.299995
v 111.650002 124.370010 118.949989
v 111.839996 126.980011 120.269989
v 111.519997 129.620010 121.499992
v 109.160004 127.990005 120.899994
v 110.709999 129.190018 118.719994
v 110.139999 127.830009 116.189995
v 111.820000 130.230011 116.209991
v 108.949997 130.450012 116.739990
v 110.629997 124.990005 115.679993
v 108.349998 126.330009 114.419991
v 108.339996 125.810005 117.309990
v 106.239998 127.740005 117.989990
v 107.180000 125.820007 119.999992
v 105.580002 124.900009 117.719994
v 105.410004 128.940018 115.449989
v 106.510002 130.630020 117.569992
v 103.849998 129.430008 117.879990
v 104.370003 126.460007 114.289993
v 106.419998 127.990005 112.869995
v 103.699997 129.030014 113.069992
v 102.110001 125.960007 116.079994
v 104.239998 123.960007 115.819992
v 102.379997 124.420006 113.609993
v 100.580002 128.380020 115.449989
v 101.160004 127.700005 118.239990
v 99.249001 126.100006 116.709991
v 101.599998 130.390015 113.569992
v 98.718002 130.110016 113.989990
v 100.199997 128.020020 112.569992
v 98.606003 125.570007 112.779991
v 100.800003 125.730011 110.839989
v 98.348999 127.280006 110.419991
v 97.834999 124.460007 115.379990
v 96.154999 123.980011 113.029991
v 96.292000 126.660011 114.209991
v 96.147003 129.520020 114.819992
v 93.686996 127.980011 114.409996
v 95.448997 128.550018 112.139992
v 96.658997 129.170013 109.549995
v 93.766998 129.460022 109.919991
v 94.977997 126.790009 109.849991
v 92.990997 125.030006 111.089989
v 95.484001 123.910011 110.019989
v 93.438004 124.930008 108.189995
v 90.885002 127.010010 111.569992
v 91.906998 125.380005 113.779991
v 90.264999 124.150009 111.699989
v 90.410004 128.010010 108.859993
v 91.338997 129.830017 110.949989
v 88.609001 128.770020 111.039993
v 91.641998 127.280006 106.299995
v 88.813004 128.030014 106.399994
v 89.689003 125.480011 107.549995
v 89.579002 122.960007 109.039993
v 87.845001 123.370010 106.709991
v 87.344002 124.850006 109.189995
v 85.674004 127.070007 108.249992
v 86.277000 126.790009 111.099991
v 84.477997 124.880005 109.799995
v 86.408997 128.950012 106.129990
v 83.607002 128.180008 106.489990
v 85.536003 126.240005 105.439995
v 84.258003 123.620010 105.749992
v 86.778000 123.850006 104.279991
v 84.303001 124.930008 103.129990
v 81.815002 124.630005 107.009995
v 83.252998 122.370010 108.209991
v 81.804001 122.020004 105.679993
v 81.804001 127.560005 107.089989
v 79.273003 126.080009 107.109993
v 80.915001 126.160011 104.679993
v 80.466003 124.490005 102.309990
v 81.814003 127.080009 102.049995
v 78.952003 126.970009 102.659996
v 81.278000 122.260010 100.589989
v 78.449997 123.000008 100.799995
v 79.806000 121.730011 103.069992
v 77.646004 119.760010 103.239990
v 78.710999 120.990005 105.679993
v 80.336998 119.070007 104.169991
v 81.132004 116.260010 103.949989
v 81.338997 117.640007 106.519989
v 83.167000 118.330009 104.339989
v 80.900002 115.120010 101.259995
v 79.910004 113.630005 103.569992
v 82.792000 113.970009 103.179993
v 82.828003 117.130005 100.349991
v 80.015999 117.340004 99.555992
v 81.700996 115.220009 98.442993
v 85.249001 115.700005 101.169991
v 84.634003 118.320007 102.329994
v 85.462997 118.120010 99.525993
v 85.049004 112.950005 102.149994
v 87.473000 113.840004 100.759995
v 84.977997 113.480011 99.269989
v 84.920998 114.940010 96.726990
v 82.914001 112.880005 97.280991
v 85.698997 112.120010 96.781990
v 84.767998 117.860008 96.699989
v 86.018997 116.440010 94.464989
v 87.352997 116.540009 97.071991
v 89.586998 114.710007 96.560989
v 89.362999 116.060005 99.149994
v 90.066002 117.600006 96.753990
v 89.345001 111.870010 95.884995
v 91.644997 113.410011 94.928993
v 88.983002 113.910011 93.808990
v 86.402000 113.400009 92.518990
v 88.864998 113.370010 90.930992
v 87.835999 115.900009 91.993996
v 88.122002 117.180008 89.373993
v 88.297997 118.790009 91.815994
v 85.723999 117.660011 90.985992
v 83.723000 118.670006 89.096992
v 84.251999 120.120010 91.584991
v 82.875999 117.540009 91.663994
v 81.751999 117.690010 94.364990
v 82.317001 115.080009 93.158989
v 80.106003 116.720009 92.145996
v 77.968002 116.710007 90.142990
v 77.584999 118.110008 92.687996
v 77.656998 115.180008 92.623993
v 75.249001 113.600006 93.160995
v 77.302002 113.890007 95.230995
v 77.838997 112.260010 92.852989
v 73.414001 112.190010 91.363991
v 72.573997 114.680008 92.654991
v 72.890999 112.240005 94.245995
v 70.614998 110.930008 95.539993
v 72.128998 112.980011 96.976990
v 73.342003 110.370010 96.451996
v 69.598000 108.230011 95.003990
v 68.059998 110.570007 94.148994
v 68.278999 109.920006 96.997993
v 66.579002 107.890007 98.238991
v 65.362999 110.130005 96.798996
v 66.692001 110.590004 99.369995
v 63.963001 110.160011 100.349991
v 64.546997 112.410011 98.563995
v 65.530998 112.440010 101.319992
v 64.567001 114.870010 102.639992
v 62.689999 112.720009 101.979996
v 63.868000 114.340004 99.841995
v 64.887001 117.230011 100.929993
v 66.554001 116.910011 103.319992
v 63.695999 117.500008 103.599991
v 62.884998 120.250008 104.209991
v 62.931999 118.220009 106.329994
v 60.896999 118.090004 104.229996
v 62.145000 122.280006 102.239990
v 64.666000 122.520004 103.709991
v 62.117001 122.930008 105.099991
v 62.828999 123.770004 107.809990
v 60.040001 123.170006 107.149994
v 61.312000 125.580009 106.069992
v 60.478001 128.220016 107.029991
v 59.730000 127.330009 104.339989
v 62.519001 127.990005 104.939995
v 61.986000 130.100021 108.689995
v 59.737000 128.610016 109.829994
v 59.243999 130.730011 107.879990
v 56.327000 130.670013 108.139992
v 57.561001 131.970016 105.829994
v 57.777000 133.200012 108.479996
v 55.408001 133.970016 110.019989
v 55.671001 134.790009 107.219994
v 57.393002 135.990021 109.269989
v 60.018002 137.210022 109.709991
v 57.858002 137.630020 111.649994
v 57.724998 138.890015 109.009995
v 56.849998 141.680008 108.869995
v 57.278999 140.160019 106.409996
v 59.568001 140.960022 108.049995
v 54.270000 142.810013 109.679993
v 56.129002 144.410019 108.069992
v 56.749001 143.820023 110.879990
v 59.301998 145.250015 111.039993
v 58.634998 143.210022 113.029991
v 57.205002 145.770020 113.009995
v 60.473999 147.730011 110.019989
v 60.505001 145.320023 108.369995
v 62.207001 145.490021 110.739990
v 61.129002 150.470016 109.199989
v 58.724998 149.950012 110.789993
v 58.841999 149.090012 107.999992
v 62.230999 153.180008 109.119987
v 62.291000 151.510010 106.719994
v 64.024002 150.870010 108.989990
v 60.551998 155.020020 110.659988
v 62.393002 156.070023 108.639984
v 63.443001 154.940018 111.129982
v 66.320999 154.430008 111.349983
v 64.552002 153.820023 113.599983
v 65.098000 156.610016 112.879982
v 69.239998 154.500015 111.589981
v 67.897003 156.170013 109.589981
v 67.990997 153.260010 109.239983
v 66.570000 150.730011 108.809990
v 65.069000 153.240021 109.029984
v 66.371002 152.100021 111.389984
v 69.410004 150.830017 109.529991
v 68.487999 149.000015 107.429993
v 67.804001 148.490021 110.239990
v 69.227997 147.430008 112.569992
v 70.718002 148.190018 110.159996
v 69.001999 145.820023 110.139992
v 66.867996 146.220016 113.809990
v 68.121002 148.580017 115.029991
v 69.487999 145.990021 115.099991
v 64.486000 145.810013 112.159996
v 65.083000 143.970016 114.359993
v 66.753998 143.960022 111.949989
v 68.781998 143.250015 109.959991
v 67.413002 141.150009 111.469994
v 69.343002 142.900009 112.819992
v 70.752998 143.890015 115.179993
v 71.139000 141.130020 114.299995
v 68.584000 141.950012 115.479996
v 66.676003 139.950012 114.509995
v 65.761002 142.120010 116.239990
v 67.442001 139.990021 117.329994
v 68.558998 138.290009 112.989990
v 66.169998 139.370010 111.679993
v 65.912003 137.240021 113.679993
v 71.415001 138.930008 113.149994
v 70.553001 136.180008 112.629990
v 70.142998 137.360016 115.279991
v 68.105003 135.680008 116.529991
v 69.258003 137.930008 118.009995
v 70.882004 135.560013 117.459991
v 67.827003 133.740021 114.359993
v 65.466003 135.130020 115.379990
v 66.794998 133.100021 117.019989
v 70.584000 132.750015 114.219994
v 69.237000 133.690018 111.789993
v 68.407997 131.180008 113.049995
v 73.155998 132.380020 115.569992
v 71.630997 130.050018 114.659996
v 70.666000 131.640015 116.929993
v 68.808998 129.420013 116.489990
v 68.333000 131.320023 118.669991
v 70.560997 129.420013 118.839989
v 67.709000 128.830017 113.839989
v 68.183998 126.650009 115.749992
v 70.449997 128.030014 114.499992
v 72.734001 127.460007 116.239990
v 73.135002 128.920013 113.739990
v 72.467003 126.070007 113.679993
v 71.412003 125.460007 117.939995
v 72.528999 127.890007 119.139992
v 74.316002 125.820007 118.089989
v 68.987999 124.190010 116.899994
v 70.747002 122.720009 118.729996
v 71.624001 123.280006 115.989990
v 73.317001 123.460007 113.599991
v 72.425003 120.840004 114.579994
v 74.406998 122.380005 116.099991
v 76.239998 123.220009 118.219994
v 76.870003 120.870010 116.599991
v 74.674004 120.770004 118.529991
v 74.366997 117.910011 119.129990
v 72.056999 119.710007 119.319992
v 74.216003 119.880005 121.289993
v 73.247002 115.230011 118.759995
v 75.717003 115.590004 120.289993
v 75.724998 115.990005 117.389992
v 70.440002 114.520004 119.209991
v 71.945000 113.240005 117.039993
v 71.196999 116.070007 116.839989
v 72.903999 116.600006 114.519989
v 70.862000 118.550011 115.309990
v 70.065002 115.980011 114.139992
v 75.260002 114.860008 114.469994
v 75.362999 117.500008 113.199989
v 73.758003 115.360008 112.009995
v 72.627998 113.320007 110.229996
v 74.474998 115.320007 109.169991
v 71.774002 116.110008 109.989990
v 71.649002 118.660011 108.559990
v 69.857002 118.160011 110.819992
v 69.463997 116.730011 108.289993
v 71.828003 121.280006 107.249992
v 72.748001 118.870010 105.849991
v 74.264999 119.910011 108.129990
v 72.050003 124.030006 108.219994
v 69.461998 123.000008 107.309990
v 71.597000 123.520004 105.369995
v 70.332001 123.200005 102.749992
v 73.213997 123.690010 102.939995
v 71.315002 125.830009 103.589989
v 70.240997 128.520020 104.039993
v 71.890999 127.970009 101.679993
v 73.112000 128.020020 104.349991
v 68.623001 130.930008 103.689995
v 69.918999 130.400009 106.259995
v 67.653000 128.760010 105.399994
v 67.081001 133.370010 103.189995
v 66.737000 131.050018 101.449989
v 69.221001 132.590012 101.349991
v 65.355003 135.280014 104.599991
v 64.338997 132.620010 103.899994
v 64.818001 134.610016 101.799995
v 63.471001 133.550018 106.039993
v 63.168999 136.460022 106.149994
v 65.404999 135.170013 107.529991
v 62.563000 131.740021 103.919991
v 61.448002 131.520020 106.619995
v 64.222000 130.720016 106.109993
v 65.030998 129.310013 108.549995
v 67.061996 130.250015 106.659996
v 65.320000 128.010010 105.939995
v 66.379997 125.310005 105.559990
v 65.924004 127.040009 103.239990
v 63.645000 125.940010 104.719994
v 67.025002 122.450005 105.549995
v 67.402000 124.030006 107.989990
v 69.174004 124.440010 105.689995
v 67.261002 121.090004 102.969994
v 64.960999 120.550011 104.699989
v 67.622002 119.580009 105.449989
v 68.241997 116.720009 105.419991
v 66.671997 117.850006 107.619995
v 69.526001 118.470009 107.379990
v 71.140999 116.880005 105.019989
v 69.369003 116.520004 102.719994
v 69.750999 114.330009 104.629990
v 72.442001 113.210007 104.349991
v 71.571999 115.380005 102.589989
v 70.421997 112.700005 102.289993
v 74.710999 113.850006 106.089989
v 75.181000 112.790009 103.399994
v 74.070000 111.050011 105.489990
v 72.388000 109.090004 106.859993
v 75.200996 109.390007 107.619995
v 74.501999 108.190010 105.039993
v 76.820000 107.440010 103.409996
v 74.122002 106.690010 102.549995
v 75.337997 105.390007 104.879990
v 76.900002 103.790009 106.779991
v 76.135002 102.650009 104.189995
v 74.100998 103.110008 106.249992
v 72.023003 101.150009 105.609993
v 71.316002 103.630005 106.999992
v 72.848999 101.560005 108.389992
v 72.654999 100.030006 110.889992
v 72.892998 102.950005 110.969994
v 75.181999 101.320007 110.149994
v 71.900002 99.188011 113.589989
v 73.748001 97.555008 112.009995
v 70.917999 97.701004 111.259995
v 69.154999 98.363007 114.199989
v 69.666000 100.260010 112.019989
v 70.035004 101.090004 114.809990
v 68.065002 102.220009 112.959991
v 70.417999 103.790009 113.739990
v 68.292000 103.280006 115.689995
v 65.341003 103.300011 112.949989
v 65.824997 100.540009 112.119995
v 66.709999 102.750008 110.419991
v 65.456001 104.260010 108.239990
v 66.289001 101.490005 107.809990
v 68.305000 103.590004 108.109993
v 63.046001 105.520004 107.149994
v 65.680000 106.680008 106.599991
v 64.542999 106.840004 109.299995
v 65.745003 109.320007 110.299995
v 65.834999 106.880005 111.929993
v 63.292000 108.280006 111.519989
v 67.426003 110.880005 108.479996
v 66.692001 111.970009 111.099991
v 64.664001 111.710007 108.999992
v 62.341999 111.840004 110.779991
v 61.972000 111.260010 107.929993
v 62.780998 113.940010 108.789993
v 62.153999 110.200005 113.209991
v 60.819000 112.810005 113.089989
v 63.743000 112.660011 113.219994
v 66.570999 113.290009 113.659996
v 64.497002 114.800011 115.079994
v 64.866997 115.170006 112.199989
v 64.386002 116.140007 109.469994
v 64.875999 118.050011 111.639992
v 62.361000 116.550011 111.549995
v 59.727001 115.410011 112.149994
v 60.108002 118.320007 112.159996
v 61.293999 116.680008 114.279991
v 62.938000 115.820007 116.549995
v 61.077999 118.070007 116.849991
v 63.491001 118.370010 115.209991
v 65.405998 119.470009 113.289993
v 64.808998 120.930008 115.749992
v 62.790001 120.740005 113.639992
v 60.375000 120.870010 111.979996
v 61.463001 123.310005 113.179993
v 60.193001 121.290009 114.879990
v 61.130001 121.730011 117.619995
v 59.208000 119.590004 117.059990
v 58.370998 122.400009 116.889992
v 63.901001 121.690010 118.569992
v 61.948002 123.460007 119.839989
v 62.888000 124.020004 117.119995
v 60.851002 125.960007 116.289993
v 63.286999 125.620010 114.689995
v 63.424000 126.900009 117.329994
v 59.605000 126.040009 118.939995
v 58.083000 125.060005 116.629990
v 58.740002 127.910011 116.849991
v 60.910000 124.590004 121.119995
v 59.368999 127.010010 121.689995
v 61.931999 127.200005 120.279991
v 62.042999 129.830017 118.999992
v 64.359001 128.040009 118.869995
v 63.625000 129.310013 121.409996
v 59.490002 130.820023 120.039993
v 60.109001 131.090012 117.189995
v 61.542999 132.710022 119.159996
v 60.151001 130.760010 122.889992
v 57.860001 129.240021 121.889992
v 57.748001 132.160019 121.969994
v 62.827999 130.130020 123.899994
v 61.171001 132.110016 125.289993
v 62.307999 132.730011 122.659996
v 62.987000 134.040009 120.129990
v 63.629002 135.350021 122.669991
v 60.840000 135.120010 121.809990
v 59.283001 135.940018 124.149994
v 57.926998 135.370010 121.619995
v 59.591000 137.770020 121.889992
v 60.061001 134.840012 126.749992
v 58.474998 137.290009 126.619995
v 61.284000 137.320023 125.789993
v 63.938999 138.070023 124.809990
v 62.519001 139.820023 126.689995
v 61.571999 139.560013 123.929993
v 59.305000 141.390015 123.619995
v 60.150002 139.720016 121.369995
v 61.833000 141.950012 122.249992
v 56.786999 142.890015 123.679993
v 58.962002 143.600021 125.509995
v 57.486000 141.100021 125.899994
v 54.408001 144.590012 123.519989
v 54.124001 141.720016 124.049995
v 54.967999 142.640015 121.399994
v 56.433998 142.960022 118.879990
v 53.529999 142.570023 118.849991
v 55.293999 140.360016 119.599991
v 53.884998 137.790009 119.719994
v 56.674999 137.970016 120.589989
v 56.013000 138.200012 117.749992
v 56.124001 135.950012 115.869995
v 58.567001 137.430008 116.539993
v 56.493000 138.690018 114.899994
v 56.108002 133.640015 114.079994
v 53.580002 134.850021 114.929993
v 55.201000 133.350021 116.849991
v 56.014999 131.380020 112.219994
v 58.575001 132.230011 113.359993
v 57.222000 133.910019 111.379990
v 53.917000 130.830017 110.249992
v 54.160999 129.150009 112.639992
v 56.185001 128.990021 110.529991
v 56.528000 126.620010 108.839989
v 58.110001 126.920006 111.279991
v 58.647999 128.640015 108.979996
v 59.227001 125.770004 108.079994
v 57.367001 126.730011 106.029991
v 56.910999 124.140007 107.319992
v 57.058998 121.670006 108.889992
v 59.484001 122.790009 107.679993
v 57.417000 121.590004 105.979996
v 58.263000 119.150009 104.599991
v 56.707001 121.180008 103.169991
v 55.437000 119.560005 105.249992
v 59.208000 116.730011 105.949989
v 61.116001 118.480011 104.579994
v 59.230000 116.880005 103.019989
v 61.923000 117.510010 102.059990
v 59.625000 117.760010 100.259995
v 60.550999 115.110008 101.089989
v 62.497002 114.380005 99.024994
v 60.272999 112.580009 99.644989
v 62.452000 112.930008 101.569992
v 64.848000 114.750008 97.316994
v 64.497002 116.410011 99.706993
v 62.750000 116.800011 97.386993
v 65.231003 115.130005 94.436989
v 66.459000 112.840004 95.786995
v 67.470001 115.550011 96.280991
v 70.109001 116.670006 95.674995
v 69.792000 114.780006 97.896996
v 68.690002 117.490005 98.101990
v 72.642998 115.230011 95.372993
v 72.195999 116.930008 97.713989
v 72.569000 118.140007 95.071991
v 75.347000 117.810005 95.938995
v 73.736000 120.020004 96.996994
v 74.612999 120.050011 94.200989
v 76.443001 122.130005 93.239990
v 73.549004 122.580009 93.165993
v 74.778000 120.650009 91.336990
v 78.803001 123.680008 92.458992
v 79.016998 120.780006 92.848991
v 78.621002 122.550011 95.154991
v 80.731003 122.780006 90.442993
v 81.289001 122.370010 93.288994
v 81.363998 125.070007 92.158989
v 83.847000 125.260010 90.615990
v 83.926003 124.410011 93.418991
v 83.292999 127.190010 92.748993
v 82.674004 128.479996 95.309990
v 82.767998 130.070007 92.855995
v 85.240997 128.990005 93.995995
v 82.849998 126.270004 97.224991
v 82.085999 125.740005 94.445992
v 80.235001 127.140007 96.232994
v 77.971001 125.450005 97.005989
v 77.515999 127.870010 95.426994
v 78.318001 128.080002 98.236992
v 75.513000 123.890007 97.327995
v 77.817001 123.370010 99.060989
v 77.917000 122.620010 96.227989
v 73.397003 125.260010 95.834991
v 73.136002 124.870010 98.727989
v 72.924004 122.580009 96.920990
v 71.325996 120.690010 98.493996
v 72.785004 119.760010 96.129990
v 70.440002 121.490005 95.816994
v 69.984001 121.970009 92.963989
v 68.268997 123.260010 94.960991
v 68.070000 120.370010 94.501991
v 65.453003 119.310005 93.718994
v 65.809998 122.190010 94.109993
v 65.851997 120.390007 96.414993
v 62.779999 118.330009 94.401993
v 63.643002 118.400009 91.602989
v 63.088001 120.900009 93.029991
v 62.338001 116.160011 96.315994
v 60.053001 117.450005 95.020996
v 61.618000 118.900009 97.029991
v 63.712002 120.940010 96.845993
v 61.804001 121.000008 99.067993
v 60.915001 121.670006 96.356995
v 59.568001 122.500008 93.890991
v 59.286999 124.100006 96.325989
v 57.999001 121.480011 96.145996
v 57.618999 120.960007 99.004990
v 56.499001 119.120010 97.021996
v 55.347000 121.790009 97.351990
v 59.894001 121.040009 100.849991
v 57.202999 121.680008 101.809990
v 58.599998 123.530006 100.019989
v 56.493000 125.170006 98.816994
v 59.310001 125.840004 98.357994
v 58.119999 126.250008 100.999992
v 54.313000 123.930008 100.329994
v 54.330002 123.790009 97.399994
v 53.808998 126.340004 98.747993
v 54.720001 121.980011 102.469994
v 52.416000 123.780006 102.559990
v 55.116001 124.830009 102.999992
v 57.435001 126.620010 103.069992
v 55.375000 126.810005 105.139992
v 54.785000 127.680008 102.409996
v 54.389000 129.440002 100.099991
v 53.701000 130.380020 102.789993
v 52.073002 128.310013 101.489990
v 50.686001 127.250008 103.839989
v 50.057999 126.210007 101.169991
v 49.240002 128.920013 101.919991
v 50.145000 127.730011 106.679993
v 48.713001 125.610008 105.259995
v 48.130001 128.420013 104.669991
v 47.979000 127.360008 108.619995
v 48.477001 130.010010 107.469994
v 50.381001 128.860016 109.379990
v 51.181000 131.520020 110.289993
v 53.220001 129.570023 109.509995
v 51.687000 129.180008 111.979996
v 52.317001 126.770004 113.519989
v 52.094002 129.360016 114.869995
v 54.367001 128.820023 113.109993
v 50.080002 125.110008 112.599991
v 51.778999 124.190010 114.809990
v 52.837002 124.270004 112.069992
v 53.062000 122.430008 109.809990
v 54.611000 121.950005 112.239990
v 55.300999 124.190010 110.489990
v 52.007000 123.260010 107.199989
v 50.502998 121.370010 108.859993
v 53.002998 120.530006 107.579994
v 52.997002 118.440010 105.519989
v 53.334999 117.720009 108.339989
v 55.483002 119.110008 106.919991
v 54.417000 118.310005 102.959991
v 51.563000 118.970009 103.019989
v 52.452999 116.250008 103.659996
v 52.518002 113.520004 102.589989
v 50.372002 115.350006 101.799995
v 50.458000 114.290009 104.529991
v 53.573002 111.700005 100.549995
v 51.980999 110.650009 102.769989
v 54.683998 111.670006 103.259995
v 53.990002 112.260010 106.039993
v 56.193001 113.690010 104.749992
v 56.486000 110.850006 105.419991
v 52.362999 109.820007 106.179993
v 51.073002 112.450005 106.229996
v 52.632000 111.540009 108.539993
v 54.362999 107.690010 106.279991
v 52.298000 107.660011 104.199989
v 51.577000 107.120010 106.989990
v 57.292000 107.720009 106.219994
v 55.882000 105.900009 108.039993
v 55.859001 108.790009 108.549995
v 54.019001 109.200005 110.789993
v 55.705002 111.400009 109.859993
v 56.910000 109.130005 111.259995
v 53.069000 106.480011 111.339989
v 51.147999 108.610008 110.739990
v 52.599998 108.620010 113.289993
v 54.575001 104.170006 110.349991
v 52.993999 103.950005 112.809990
v 55.443001 105.560005 112.779991
v 57.566002 107.260010 113.869995
v 56.862000 104.760010 115.219994
v 55.009998 107.030006 115.279991
v 53.333000 109.310005 116.029991
v 52.126999 106.670006 115.659996
v 53.125999 108.160011 113.339989
v 51.584000 111.630005 115.629990
v 54.368000 111.720009 114.719994
v 53.759998 111.750008 117.589989
v 49.629002 113.430008 114.399994
v 49.549999 112.930008 117.279991
v 48.777000 110.810005 115.419991
v 50.081001 113.960007 111.549995
v 50.123001 116.170006 113.489990
v 47.594002 114.840004 112.829994
v 45.360001 116.570007 113.609993
v 44.855999 113.800011 112.799995
v 45.695000 115.770004 110.809990
v 44.638000 117.310005 108.549995
v 43.750999 114.560005 108.979996
v 46.483002 115.090004 108.069992
v 43.842999 118.980011 106.279991
v 46.209999 119.690010 107.849991
v 43.535999 119.990005 109.009995
v 41.834999 117.410011 104.839989
v 44.687000 116.900009 104.399994
v 43.466000 119.370010 103.399994
v 44.186001 120.150009 100.669991
v 42.023998 118.220009 101.119995
v 44.804001 117.450005 101.629990
v 45.426998 121.210007 98.234993
v 46.622002 121.770004 100.849991
v 44.083000 123.020004 100.109993
v 44.582001 122.880005 95.981995
v 44.953999 120.000008 95.609993
v 47.277000 121.740005 96.024994
v 49.388000 121.970009 94.006996
v 49.736000 120.160011 96.285995
v 49.801998 123.070007 96.692993
v 51.164001 121.510010 91.723991
v 50.972000 124.180008 92.907990
v 48.722000 123.090004 91.379990
v 51.873001 118.930008 90.513992
v 53.965000 120.890007 91.118996
v 52.070999 121.400009 88.939995
v 49.212002 118.010010 91.316994
v 51.570000 117.190010 92.851990
v 51.131001 116.120010 90.160995
v 47.219002 115.980011 92.006996
v 46.651001 117.930008 89.895996
v 46.744999 118.780006 92.695992
v 46.459000 117.860008 95.462990
v 44.077000 118.350006 93.827995
v 45.712002 120.600006 94.746994
v 49.141998 117.980011 96.632996
v 47.980999 115.400009 95.892990
v 46.915001 116.880005 98.183990
v 46.223999 114.490005 99.728989
v 44.625999 116.930008 100.009995
v 47.353001 116.830009 101.079994
v 47.938000 117.390007 103.899994
v 48.200001 119.510010 101.889992
v 50.115002 117.300011 101.939995
v 48.598999 115.270004 105.809990
v 46.013000 116.640007 105.969994
v 48.470001 118.070007 106.699989
v 49.356998 118.650009 109.429993
v 47.349998 120.350006 108.149994
v 50.132000 120.420006 107.229996
v 52.053001 118.260010 110.509995
v 49.876999 116.470009 111.319992
v 49.911999 119.250008 112.239990
v 50.823002 121.490005 113.889992
v 51.311001 118.740005 114.759995
v 48.589001 119.820007 114.789993
v 46.287998 120.290009 116.539993
v 47.584000 117.660011 116.489990
v 46.013000 118.560005 114.189995
vn 0.0410 0.9357 -0.3503
vn -0.8870 -0.1531 0.4356
vn 0.7288 -0.1394 0.6704
vn 0.1160 -0.6453 -0.7550
vn -0.8048 -0.2064 -0.5566
vn 0.1503 -0.7426 0.6527
vn -0.1472 0.8561 0.4954
vn 0.7999 0.0930 -0.5929
vn -0.9110 -0.4042 0.0812
vn 0.6015 -0.6269 -0.4952
vn 0.3718 0.1685 0.9129
vn -0.0627 0.8636 -0.5003
vn 0.1512 -0.9722 0.1789
vn -0.7498 0.1035 -0.6536
vn 0.8318 0.4052 -0.3795
vn -0.2313 0.4655 0.8543
vn -0.0772 -0.8601 -0.5042
vn -0.7378 0.0580 0.6725
vn -0.0654 0.7695 -0.6353
vn 0.8833 0.0308 0.4677
vn -0.9105 -0.2549 -0.3257
vn 0.4669 -0.8101 0.3545
vn -0.0851 0.6791 0.7291
vn 0.5293 0.3846 -0.7563
vn -0.6316 -0.6304 0.4513
vn 0.1338 -0.2899 -0.9477
vn 0.8777 -0.0059 0.4792
vn -0.3821 0.9239 0.0181
vn 0.2902 -0.8909 -0.3495
vn -0.9988 0.0491 0.0048
vn 0.3665 0.7234 -0.5852
vn 0.3409 0.1190 0.9325
vn -0.3434 -0.7227 -0.5998
vn -0.0365 -0.3115 0.9495
vn -0.5655 0.8179 -0.1058
vn 0.9453 0.2158 -0.2445
vn -0.8525 -0.3818 0.3571
vn 0.5452 -0.7316 -0.4093
vn 0.5156 0.4265 0.7431
vn -0.2091 0.6884 -0.6945
vn -0.3998 -0.8553 0.3296
vn -0.3550 0.2043 -0.9122
vn 0.9949 -0.0933 -0.0393
vn -0.2394 0.7438 0.6241
vn -0.0048 -0.8616 -0.5075
vn -0.8771 0.1182 0.4655
vn 0.1460 0.7583 -0.6353
vn 0.7350 -0.0146 0.6779
vn -0.7297 0.5191 -0.4450
vn -0.2123 -0.9762 -0.0455
vn 0.0737 0.2783 0.9577
vn 0.8665 0.1763 -0.4669
vn -0.9542 0.0070 0.2990
vn 0.0391 -0.2062 -0.9777
vn 0.5075 -0.6981 0.5050
vn 0.4084 0.8965 0.1719
vn -0.6297 -0.7015 -0.3338
vn -0.4175 0.9022 -0.1086
vn 0.8488 -0.0369 -0.5274
vn 0.1967 -0.1636 0.9667
vn -0.5100 0.1570 -0.8457
vn -0.6238 -0.3263 0.7102
vn 0.4232 0.8559 0.2972
vn 0.7092 -0.6858 -0.1630
vn -0.9137 0.4052 0.0310
vn -0.0331 -0.8692 -0.4934
vn 0.3237 -0.1576 0.9329
vn 0.6270 0.6227 -0.4681
vn -0.8364 -0.5238 0.1615
vn -0.0792 0.4886 -0.8689
vn 0.7843 -0.6194 -0.0361
vn 0.1308 0.6551 0.7441
vn -0.4292 -0.4913 -0.7579
vn -0.6742 0.5944 0.4383
vn 0.7548 0.5564 -0.3476
vn 0.3476 -0.6596 0.6664
vn -0.6568 0.4461 -0.6080
vn -0.4205 -0.8139 0.4010
vn 0.2629 0.6315 0.7295
vn 0.8116 -0.2624 -0.5219
vn -0.9647 0.0792 0.2513
vn 0.0741 -0.3805 -0.9218
vn 0.4631 -0.6021 0.6504
vn 0.4242 0.9053 0.0200
vn -0.7042 -0.6860 -0.1833
vn -0.2905 0.8853 -0.3631
vn 0.8546 -0.2767 -0.4394
vn 0.1416 0.0786 0.9868
vn -0.4448 -0.0670 -0.8931
vn -0.6961 0.0251 0.7175
vn 0.5481 0.8357 0.0362
vn 0.5946 -0.7919 0.1392
vn -0.8241 0.5402 -0.1705
vn -0.1762 -0.9577 -0.2277
vn 0.2520 0.0728 0.9650
vn 0.7487 0.3439 -0.5667
vn -0.9334 -0.2974 0.2006
vn 0.0785 0.2216 -0.9720
vn 0.6413 -0.7338 0.2243
vn 0.2142 0.8094 0.5469
vn -0.4841 -0.6484 -0.5875
vn -0.5546 0.8238 0.1170
vn 0.8727 0.2459 -0.4218
vn 0.1663 -0.4208 0.8918
vn -0.4970 0.2391 -0.8341
vn -0.6011 -0.5213 0.6057
vn 0.2955 0.8353 0.4635
vn 0.7999 -0.5527 -0.2337
vn 0.0733 0.2348 -0.9693
vn 0.1899 -0.9738 0.1247
vn -0.9244 0.2003 0.3245
vn 0.6625 0.5393 0.5199
vn -0.7583 -0.6517 -0.0133
vn -0.1221 0.6688 -0.7333
vn 0.8599 -0.4926 -0.1336
vn 0.0191 0.4752 0.8797
vn -0.3420 -0.3420 -0.8752
vn -0.7640 0.3452 0.5451
vn 0.6541 0.7384 -0.1641
vn 0.4506 -0.7426 0.4954
vn -0.7246 0.4556 -0.5171
vn -0.2528 -0.9538 0.1623
vn 0.1229 0.4639 0.8773
vn 0.8524 0.0313 -0.5219
vn -0.9417 -0.1980 0.2721
vn 0.1096 -0.1752 -0.9784
vn 0.6251 -0.5873 0.5141
vn 0.2088 0.9589 0.1923
vn -0.6274 -0.7344 -0.2590
vn -0.3840 0.8794 -0.2816
vn 0.8824 -0.1355 -0.4506
vn 0.1284 -0.0088 0.9917
vn -0.4878 -0.0605 -0.8709
vn -0.6402 -0.1586 0.7516
vn 0.4061 0.9093 0.0908
vn 0.7225 -0.6909 0.0267
vn -0.8709 0.4903 -0.0328
vn -0.1175 -0.9156 -0.3846
vn 0.3067 -0.0730 0.9490
vn 0.6833 0.4992 -0.5327
vn -0.9521 -0.2733 0.1368
vn 0.1140 0.3506 -0.9296
vn 0.5952 -0.7918 0.1374
vn 0.2417 0.7155 0.6554
vn -0.3847 -0.4930 -0.7804
vn -0.6371 0.7146 0.2889
vn 0.8711 0.4142 -0.2640
vn 0.1496 -0.6376 0.7557
vn -0.5732 0.1754 -0.8005
vn -0.5062 -0.5582 0.6574
vn 0.2530 0.8686 0.4260
vn 0.8253 -0.4882 -0.2838
vn 0.0724 0.2026 -0.9766
vn 0.1606 -0.9756 0.1500
vn -0.9143 0.2427 0.3243
vn 0.6844 0.5318 0.4988
vn -0.9351 -0.3534 -0.0270
vn 0.1865 0.5036 -0.8436
vn 0.6434 -0.7605 0.0874
vn 0.1050 0.6112 0.7845
vn -0.4682 -0.5781 -0.6683
vn -0.3526 0.9336 -0.0630
vn 0.9819 0.0001 -0.1895
vn -0.1613 -0.3575 0.9199
vn -0.8382 -0.1624 -0.5207
vn -0.2120 0.5479 0.8092
vn 0.6615 0.4881 -0.5694
vn 0.3918 -0.8758 0.2818
vn -0.5829 0.4771 -0.6577
vn -0.5709 -0.4157 0.7080
vn 0.6334 0.6522 0.4165
vn 0.5199 -0.7132 -0.4702
vn 0.2762 -0.0284 0.9607
vn -0.8767 0.4743 -0.0807
vn -0.0903 -0.9328 -0.3490
vn 0.6922 0.4885 -0.5312
vn -0.8242 -0.3495 0.4455
vn 0.4264 0.6925 0.5820
vn -0.2461 0.4077 -0.8793
vn 0.6431 -0.7513 -0.1483
vn -0.8139 0.2128 0.5406
vn 0.7115 -0.3637 0.6013
vn 0.3307 0.8321 -0.4453
vn -0.2272 -0.6790 -0.6981
vn 0.6976 -0.6480 -0.3058
vn 0.4402 0.8522 0.2828
vn -0.5025 -0.3888 0.7722
vn -0.6333 0.1869 -0.7510
vn 0.1118 0.1604 0.9807
vn 0.8906 -0.1890 -0.4136
vn -0.3965 0.8135 -0.4255
vn -0.6053 -0.7826 -0.1455
vn 0.7623 0.6247 0.1691
vn 0.1428 -0.8462 0.5133
vn -0.0524 -0.2074 -0.9769
vn -0.8535 0.4285 0.2964
vn 0.9810 -0.1404 -0.1339
vn -0.1907 0.1321 0.9727
vn -0.4978 -0.8023 -0.3294
vn -0.2926 0.8086 -0.5105
vn 0.3847 -0.7132 0.5860
vn 0.5817 0.8123 0.0411
vn -0.9200 0.2308 0.3167
vn -0.0472 -0.3311 -0.9424
vn 0.3568 0.2118 0.9099
vn 0.6302 -0.6188 -0.4689
vn -0.0933 0.8452 -0.5262
vn -0.8937 -0.4401 0.0878
vn 0.9799 0.1956 0.0399
vn -0.2245 -0.7139 0.6633
vn -0.2431 -0.3140 -0.9178
vn -0.5122 0.8305 0.2189
vn 0.7408 -0.6582 0.1339
vn -0.0022 0.6589 0.7522
vn -0.8748 -0.4841 -0.0190
vn 0.1352 0.4831 -0.8651
vn 0.2240 -0.4189 0.8800
vn 0.8230 0.4150 -0.3878
vn -0.6991 0.7024 0.1340
vn -0.3493 -0.6991 -0.6239
vn 0.5627 0.3947 0.7263
vn 0.3218 -0.9237 -0.2079
vn 0.0668 0.5664 -0.8214
vn -0.9516 -0.0382 0.3049
vn 0.9868 -0.1278 -0.0994
vn -0.2643 -0.1711 0.9491
vn -0.4799 -0.6409 -0.5991
vn -0.2449 0.9363 -0.2519
vn 0.6509 -0.6387 0.4104
vn 0.2694 0.9365 0.2242
vn -0.9161 -0.1803 0.3581
vn -0.0037 -0.1202 -0.9927
vn 0.2561 0.1395 0.9565
vn 0.8087 -0.2614 -0.5269
vn -0.3817 0.8465 -0.3712
vn -0.6856 -0.7256 -0.0588
vn 0.8431 0.4619 0.2754
vn -0.0503 -0.8924 0.4484
vn -0.0034 -0.1238 -0.9923
vn -0.7882 0.5541 0.2679
vn 0.9324 -0.3482 0.0969
vn -0.2466 0.5205 0.8175
vn -0.6318 -0.7672 -0.1106
vn -0.0525 0.5931 -0.8035
vn 0.1222 0.1640 -0.9789
vn 0.0594 0.8668 0.4951
vn 0.7146 -0.6193 0.3253
vn -0.8960 -0.4140 0.1603
vn 0.5044 0.4458 0.7395
vn 0.4459 -0.8640 -0.2339
vn -0.0108 0.5976 -0.8018
vn -0.9380 -0.1777 0.2976
vn 0.9983 0.0541 -0.0212
vn -0.3001 -0.3220 0.8979
vn -0.3136 -0.6372 -0.7040
vn -0.3858 0.9057 -0.1758
vn 0.6202 -0.6426 0.4500
vn 0.2799 0.9372 0.2083
vn -0.9316 -0.1505 0.3308
vn 0.0290 -0.1440 -0.9891
vn 0.1812 0.0741 0.9806
vn 0.8667 -0.0539 -0.4958
vn -0.5096 0.8040 -0.3063
vn -0.5381 -0.8238 -0.1783
vn 0.6772 0.7348 0.0378
vn 0.2428 -0.7110 0.6600
vn -0.0156 -0.3929 -0.9194
vn -0.9037 0.3673 0.2201
vn 0.9632 -0.2687 0.0021
vn -0.1731 0.6257 0.7606
vn -0.5763 -0.8108 0.1022
vn -0.2127 0.4535 -0.8655
vn -0.2759 -0.5467 0.7906
vn 0.8868 0.4257 0.1801
vn -0.6830 0.7109 -0.1678
vn 0.0721 -0.5916 -0.8030
vn 0.7558 -0.0676 -0.6514
vn -0.2447 0.9608 0.1301
vn 0.2778 -0.3933 0.8765
vn -0.7886 -0.5016 -0.3557
vn 0.7938 0.5713 0.2084
vn -0.1464 -0.0188 -0.9890
vn -0.8093 0.3796 0.4483
vn 0.1626 -0.9298 0.3301
vn -0.2921 0.8042 -0.5176
vn 0.9969 -0.0708 -0.0347
vn -0.4076 -0.8199 -0.4021
vn -0.2962 0.0887 0.9510
vn 0.1779 -0.2850 -0.9419
vn 0.3498 0.9261 0.1416
vn 0.4595 -0.6275 0.6285
vn -0.9850 -0.0129 0.1718
vn 0.6460 0.2281 -0.7285
vn -0.9244 0.2563 -0.2826
vn 0.2445 0.5000 0.8308
vn 0.0338 -0.9830 0.1807
vn -0.0105 0.9855 -0.1695
vn -0.0538 -0.4852 -0.8727
vn -0.7836 -0.2474 0.5699
vn 0.8460 -0.2496 0.4712
vn -0.9029 -0.3989 -0.1600
vn 0.1809 0.7068 -0.6839
vn 0.6960 -0.7147 -0.0690
vn 0.0268 0.4072 0.9130
vn -0.2310 -0.2261 -0.9463
vn -0.7512 0.5158 0.4119
vn 0.8339 0.5516 0.0172
vn 0.1499 -0.8430 0.5166
vn -0.4748 0.5836 -0.6588
vn -0.5207 -0.8436 0.1311
vn 0.0831 0.4800 0.8733
vn 0.9118 -0.2200 -0.3468
vn -0.9921 0.1069 0.0651
vn 0.2535 -0.2152 -0.9431
vn 0.2932 -0.7445 0.5998
vn 0.4467 0.8505 0.2778
vn -0.6407 -0.5740 -0.5099
vn -0.1692 0.9619 -0.2149
vn 0.9360 -0.2396 -0.2578
vn -0.1235 -0.1508 0.9808
vn -0.1866 0.2130 -0.9591
vn -0.8618 -0.0811 0.5007
vn 0.5506 0.7307 0.4037
vn 0.5004 -0.8640 0.0565
vn -0.7222 0.6328 -0.2793
vn -0.1373 -0.8825 -0.4498
vn -0.0336 -0.1224 0.9919
vn 0.8906 0.3726 -0.2610
vn -0.9538 -0.2921 -0.0708
vn 0.2946 0.3866 -0.8739
vn 0.5747 -0.7858 0.2283
vn 0.0854 0.6907 0.7181
vn -0.4578 -0.4733 -0.7526
vn -0.4708 0.8619 0.1883
vn 0.9497 0.1887 -0.2500
vn -0.0211 -0.5774 0.8162
vn -0.2677 0.4638 -0.8446
vn -0.7493 -0.5849 0.3106
vn 0.2040 0.6805 0.7038
vn 0.8130 -0.5583 -0.1653
vn -0.9181 0.3815 -0.1073
vn 0.2197 -0.5650 -0.7953
vn 0.0305 -0.5615 0.8269
vn 0.6636 0.7441 0.0775
vn -0.8148 -0.4600 -0.3528
vn 0.1805 0.8191 -0.5445
vn 0.7840 -0.6183 -0.0550
vn -0.1510 0.2585 0.9541
vn -0.0812 -0.0935 -0.9923
vn -0.8548 0.3625 0.3714
vn 0.7495 0.6259 0.2157
vn 0.1855 -0.8954 0.4049
vn -0.4697 0.6170 -0.6314
vn -0.4399 -0.8978 -0.0217
vn -0.0498 0.3737 0.9262
vn 0.9571 -0.0934 -0.2744
vn -0.9969 0.0500 -0.0610
vn 0.3825 -0.1518 -0.9114
vn 0.2556 -0.7570 0.6013
vn 0.3553 0.8581 0.3708
vn -0.5794 -0.6204 -0.5286
vn -0.2165 0.9458 -0.2419
vn 0.9612 -0.1852 -0.2044
vn -0.1659 -0.1388 0.9763
vn -0.2237 0.1331 -0.9655
vn -0.8423 -0.1320 0.5226
vn 0.4829 0.8047 0.3454
vn 0.5826 -0.8069 0.0972
vn -0.7454 0.5565 -0.3670
vn -0.0880 -0.9373 -0.3373
vn -0.0448 -0.0011 0.9990
vn 0.8767 0.3791 -0.2961
vn -0.9663 -0.2314 -0.1125
vn 0.3654 0.3345 -0.8687
vn 0.5062 -0.8139 0.2852
vn 0.0940 0.7130 0.6948
vn -0.3414 -0.5200 -0.7830
vn -0.5978 0.7830 0.1720
vn 0.9249 0.3257 -0.1961
vn 0.0162 -0.5872 0.8093
vn 0.2166 0.6917 -0.6889
vn -0.9407 -0.3135 -0.1300
vn 0.1007 0.3958 0.9128
vn 0.6245 -0.7752 -0.0953
vn -0.6380 0.7660 -0.0788
vn 0.1546 -0.4021 -0.9025
vn -0.3834 -0.6919 0.6118
vn 0.8704 0.3256 0.3694
vn -0.6736 -0.7203 -0.1656
vn -0.1115 0.7243 -0.6804
vn 0.9221 -0.3807 -0.0696
vn -0.1336 0.3771 0.9165
vn 0.3834 -0.7540 -0.5334
vn -0.9689 0.1083 -0.2223
vn 0.4898 0.8439 -0.2192
vn 0.0975 -0.2001 0.9749
vn -0.4719 0.8802 0.0509
vn -0.0879 -0.3739 -0.9233
vn -0.4071 -0.6353 0.6562
vn 0.9679 0.1291 0.2156
vn -0.9963 -0.0622 -0.0593
vn 0.3214 0.7443 -0.5855
vn 0.4086 -0.8611 -0.3025
vn 0.2676 0.1783 0.9469
vn -0.1678 -0.7148 -0.6789
vn 0.9501 -0.0457 0.3084
vn -0.6093 -0.1367 0.7811
vn -0.1728 0.8949 -0.4114
vn 0.2728 -0.9617 0.0283
vn 0.5716 0.4898 -0.6582
vn 0.1121 0.4058 0.9070
vn -0.9587 0.0685 -0.2761
vn -0.5144 0.3687 -0.7743
vn 0.7470 0.6246 0.2278
vn 0.3746 -0.8946 -0.2438
vn -0.6062 -0.0973 0.7893
vn 0.1442 0.4214 0.8953
vn 0.7414 -0.6432 -0.1915
vn -0.0161 0.7117 -0.7023
vn -0.8716 -0.4901 -0.0007
vn 0.8981 0.4358 0.0597
vn -0.1461 -0.5748 0.8051
vn -0.0428 -0.5655 -0.8236
vn -0.7108 0.7020 -0.0437
vn 0.2853 -0.8778 0.3848
vn 0.2558 0.7358 0.6270
vn -0.9916 0.0021 -0.1294
vn 0.4500 0.1386 -0.8822
vn 0.1928 -0.1842 0.9638
vn 0.8119 0.3930 -0.4316
vn -0.7616 0.6442 -0.0699
vn -0.2425 -0.8537 -0.4609
vn 0.5532 0.6510 0.5197
vn 0.3687 -0.9218 0.1195
vn 0.0224 0.2408 -0.9703
vn -0.9430 0.0267 0.3317
vn 0.9988 -0.0435 -0.0233
vn -0.3073 0.1069 0.9456
vn -0.3787 -0.8447 -0.3782
vn -0.3136 0.7792 -0.5427
vn 0.5052 -0.4818 0.7160
vn 0.3686 0.9239 -0.1025
vn -0.9665 0.0506 0.2515
vn 0.0959 -0.4930 -0.8648
vn 0.2664 0.4955 0.8267
vn 0.8031 -0.4422 -0.3995
vn -0.3885 0.6400 -0.6630
vn -0.6791 -0.6961 0.2332
vn 0.8316 0.5456 0.1040
vn 0.0053 -0.7447 0.6674
vn -0.0363 -0.3807 -0.9240
vn -0.8008 0.5794 0.1518
vn 0.8648 -0.4767 0.1577
vn -0.1637 0.6481 0.7437
vn -0.7446 -0.6666 -0.0355
vn 0.0435 0.4970 -0.8666
vn 0.3816 -0.3377 0.8604
vn 0.6063 0.6973 -0.3823
vn -0.9005 0.4009 0.1688
vn -0.0856 -0.7573 -0.6474
vn 0.3905 0.6074 0.6917
vn 0.6220 -0.7662 -0.1613
vn -0.1306 0.5078 -0.8515
vn -0.8811 -0.3468 0.3215
vn 0.9587 0.2828 0.0307
vn -0.2712 -0.3583 0.8933
vn -0.1176 -0.7125 -0.6917
vn -0.5699 0.7880 -0.2329
vn 0.7661 -0.5141 0.3857
vn -0.0082 0.9242 0.3818
vn -0.8590 -0.4594 0.2260
vn 0.0972 0.0520 -0.9939
vn 0.1942 0.1349 0.9716
vn 0.8487 0.0763 -0.5234
vn -0.6463 0.6981 -0.3082
vn -0.3986 -0.9063 -0.1402
vn 0.5647 0.6578 0.4985
vn 0.3746 -0.9194 0.1199
vn -0.0059 0.2375 -0.9714
vn -0.9347 0.0225 0.3547
vn 0.9829 0.1357 0.1246
vn -0.4015 -0.3405 0.8502
vn -0.1517 -0.6663 -0.7301
vn -0.4295 0.8695 -0.2441
vn 0.7728 -0.3822 0.5067
vn -0.4622 0.6860 0.5619
vn -0.6445 -0.7301 -0.2270
vn 0.3318 0.4258 -0.8418
vn -0.3158 -0.4737 0.8222
vn 0.7813 0.5808 0.2284
vn -0.7389 0.5669 -0.3643
vn 0.2714 -0.6749 -0.6862
vn 0.3916 -0.0333 -0.9195
vn -0.1188 0.9529 0.2790
vn 0.6139 -0.4619 0.6401
vn -0.8889 -0.4582 0.0010
vn -0.1404 0.1200 0.9828
vn 0.7002 0.6386 -0.3192
vn -0.8564 0.1805 -0.4837
vn 0.2942 -0.9387 -0.1800
vn 0.8941 -0.4347 0.1076
vn -0.0458 0.4436 -0.8950
vn -0.1288 0.6844 0.7177
vn -0.7192 -0.6915 0.0678
vn -0.5426 -0.5467 -0.6377
vn -0.2645 0.9611 -0.0796
vn 0.9705 -0.0978 -0.2202
vn -0.1605 -0.3155 0.9353
vn -0.1949 0.2155 -0.9568
vn -0.8597 -0.0897 0.5028
vn 0.5467 0.7343 0.4024
vn 0.5085 -0.8596 0.0505
vn -0.7745 0.6178 -0.1360
vn -0.1842 -0.8682 -0.4608
vn 0.1322 -0.1635 0.9776
vn 0.8266 0.4127 -0.3826
vn -0.9705 -0.2409 0.0048
vn 0.2366 0.4144 -0.8788
vn 0.5456 -0.8267 0.1371
vn 0.1855 0.6506 0.7365
vn -0.3729 -0.4110 -0.8319
vn -0.5765 0.7675 0.2805
vn 0.9286 0.3253 -0.1785
vn 0.0223 -0.6822 0.7308
vn -0.4040 0.3672 -0.8378
vn -0.6616 -0.5928 0.4591
vn 0.2476 0.7536 0.6089
vn 0.8179 -0.5290 -0.2265
vn -0.9469 0.3215 0.0032
vn 0.1632 -0.5524 -0.8175
vn 0.1640 -0.5554 0.8152
vn 0.6184 0.7858 -0.0021
vn -0.0641 -0.9384 -0.3395
vn -0.4279 0.6198 -0.6579
vn 0.9615 0.2499 0.1145
vn -0.4679 0.0691 0.8811
vn -0.3755 -0.2310 -0.8976
vn -0.7146 0.4169 0.5617
vn 0.7560 0.6450 -0.1120
vn 0.3341 -0.8292 0.4481
vn -0.6116 0.6456 -0.4574
vn -0.4386 -0.8975 0.0464
vn 0.1917 0.3262 0.9256
vn 0.8548 -0.0702 -0.5141
vn -0.9881 0.0069 0.1535
vn 0.1871 -0.0859 -0.9786
vn 0.4100 -0.7724 0.4850
vn 0.3935 0.8543 0.3397
vn -0.6113 -0.6390 -0.4669
vn -0.3051 0.9370 -0.1700
vn 0.9309 -0.1160 -0.3465
vn -0.0129 -0.1816 0.9833
vn -0.4364 0.0297 -0.8993
vn -0.7015 -0.0557 0.7105
vn 0.5449 0.8281 0.1320
vn 0.5941 -0.8025 0.0552
vn -0.7892 0.5579 -0.2568
vn -0.1364 -0.9385 -0.3173
vn 0.1034 0.0043 0.9946
vn 0.8243 0.3772 -0.4221
vn -0.9298 -0.3421 0.1356
vn 0.0880 0.3678 -0.9257
vn 0.6511 -0.7483 0.1269
vn 0.1902 0.7217 0.6656
vn -0.6002 -0.5207 -0.6071
vn -0.4708 0.8278 0.3051
vn 0.8334 0.2510 -0.4924
vn 0.2377 -0.5610 0.7930
vn -0.5418 0.3376 -0.7697
vn -0.5710 -0.5742 0.5868
vn 0.3462 0.7758 0.5275
vn 0.7687 -0.5384 -0.3453
vn -0.9291 0.3603 -0.0834
vn 0.1366 -0.7307 -0.6689
vn 0.1333 -0.3601 0.9234
vn 0.6593 0.7325 -0.1696
vn -0.7856 0.5223 0.3316
vn 0.2991 0.3702 -0.8795
vn -0.2622 -0.9587 -0.1102
vn 0.7496 0.0669 0.6585
vn -0.1701 -0.2597 -0.9506
vn -0.8706 0.0883 0.4841
vn 0.4854 0.8740 0.0218
vn 0.5571 -0.7024 0.4431
vn -0.6369 0.5710 -0.5180
vn -0.3880 -0.9152 0.1088
vn 0.1574 0.4044 0.9009
vn 0.8682 -0.0603 -0.4925
vn 0.1157 0.2610 0.9584
vn 0.6095 -0.7628 -0.2159
vn 0.2220 0.7793 -0.5861
vn -0.9484 -0.2748 -0.1579
vn 0.9837 0.0950 0.1526
vn -0.3700 -0.6833 0.6294
vn -0.1670 -0.2910 -0.9421
vn -0.4469 0.8802 0.1598
vn 0.7298 -0.6704 -0.1339
vn 0.0178 0.3315 0.9433
vn -0.8837 -0.4292 -0.1867
vn 0.1380 0.7668 -0.6269
vn 0.0289 -0.6198 0.7842
vn 0.9139 0.3712 -0.1645
vn -0.6362 0.7482 0.1884
vn -0.3084 -0.4983 -0.8103
vn 0.5512 0.0504 0.8328
vn 0.2091 -0.8459 -0.4906
vn 0.2093 0.7846 -0.5836
vn -0.9701 0.0108 0.2424
vn 0.9600 -0.2448 -0.1359
vn -0.3304 -0.4083 0.8509
vn -0.5430 -0.3407 -0.7675
vn -0.0845 0.9951 0.0522
vn 0.4127 -0.8864 0.2097
vn 0.4724 0.7167 0.5130
vn -0.9660 -0.0157 0.2580
vn 0.0811 0.1842 -0.9795
vn 0.2655 -0.1992 0.9433
vn 0.7619 -0.2082 -0.6133
vn -0.2406 0.9673 -0.0802
vn -0.7881 -0.5627 -0.2494
vn 0.9080 0.2267 0.3522
vn -0.2136 -0.9515 0.2212
vn -0.0154 0.1269 -0.9918
vn -0.6819 0.5990 0.4197
vn 0.7668 -0.6345 -0.0969
vn -0.0874 0.2782 0.9565
vn -0.8427 -0.4523 -0.2921
vn 0.1628 0.8085 -0.5655
vn 0.2628 -0.7200 0.6423
vn 0.7869 0.5920 -0.1744
vn -0.7444 0.5419 0.3903
vn -0.3056 -0.4141 -0.8574
vn 0.5162 0.3623 0.7760
vn 0.4499 -0.8238 -0.3449
vn -0.0401 0.6870 -0.7256
vn -0.9278 -0.2270 0.2960
vn 0.9702 0.0665 0.2332
vn -0.4660 -0.5819 0.6665
vn -0.0972 -0.3980 -0.9122
vn -0.4086 0.9127 0.0111
vn 0.6059 -0.7757 0.1766
vn 0.1871 0.7224 0.6657
vn -0.9529 -0.2917 0.0830
vn 0.1609 0.3460 -0.9244
vn 0.2004 -0.3846 0.9011
vn 0.8500 0.0893 -0.5192
vn -0.4193 0.9014 0.1081
vn -0.6292 -0.6035 -0.4898
vn 0.7802 0.4172 0.4660
vn 0.0670 -0.9959 0.0606
vn 0.0011 0.2732 -0.9619
vn -0.8477 0.3054 0.4338
vn 0.9600 -0.2629 0.0966
vn -0.4327 0.0113 0.9015
vn -0.4704 -0.6570 -0.5891
vn -0.0582 0.9111 -0.4082
vn 0.3295 0.6488 -0.6860
vn -0.2782 0.4954 0.8229
vn 0.7308 -0.6432 0.2283
vn -0.7822 -0.5028 -0.3679
vn 0.1917 -0.1003 0.9763
vn 0.7517 -0.3932 -0.5294
vn -0.0935 0.9698 -0.2254
vn -0.8499 -0.4769 -0.2243
vn 0.9349 0.2342 0.2667
vn -0.2455 -0.8852 0.3952
vn -0.0583 -0.0526 -0.9969
vn -0.6295 0.7021 0.3328
vn 0.7939 -0.6032 0.0766
vn -0.1755 0.4405 0.8804
vn -0.8012 -0.5354 -0.2673
vn 0.1815 0.6999 -0.6908
vn -0.0160 -0.5361 0.8440
vn 0.8795 0.4695 -0.0781
vn -0.7370 0.6757 0.0179
vn -0.1263 -0.6091 -0.7830
vn 0.3362 0.1233 0.9337
vn 0.5039 -0.7440 -0.4389
vn 0.1356 0.8426 -0.5212
vn -0.9744 -0.2237 0.0239
vn 0.9556 0.0536 0.2899
vn -0.4907 -0.6478 0.5827
vn -0.0403 -0.3093 -0.9501
vn -0.4236 0.9026 0.0770
vn 0.5233 -0.8333 0.1782
vn 0.1477 0.6503 0.7452
vn -0.9732 -0.2218 -0.0607
vn 0.3006 0.4065 -0.8628
vn 0.2251 -0.5820 0.7814
vn 0.8451 0.3503 -0.4039
vn -0.5670 0.7666 0.3014
vn -0.5007 -0.5356 -0.6800
vn 0.5524 0.2914 0.7810
vn 0.1992 -0.9575 -0.2088
vn 0.2175 0.5690 -0.7930
vn -0.9701 0.0956 0.2230
vn 0.9596 -0.2729 0.0677
vn -0.4485 -0.1404 0.8827
vn -0.4575 -0.5517 -0.6974
vn -0.0545 0.9663 -0.2516
vn 0.3501 -0.8294 0.4353
vn 0.4769 0.7964 0.3718
vn -0.9798 0.0846 0.1809
vn 0.1544 -0.0527 -0.9866
vn 0.1922 -0.0224 0.9811
vn 0.7858 -0.3600 -0.5029
vn -0.1736 0.9436 -0.2820
vn -0.8045 -0.5614 -0.1940
vn 0.8161 0.3046 0.4911
vn -0.1235 -0.9832 0.1344
vn 0.1061 0.1931 -0.9754
vn -0.8011 0.4857 0.3499
vn 0.8442 -0.5308 -0.0742
vn -0.1863 0.2010 0.9617
vn -0.7583 -0.5279 -0.3825
vn 0.1009 0.8579 -0.5038
vn 0.1788 -0.6888 0.7026
vn 0.7949 0.6004 -0.0879
vn -0.7991 0.5428 0.2584
vn -0.1720 -0.4546 -0.8739
vn 0.4557 0.2342 0.8588
vn 0.5122 -0.7249 -0.4606
vn -0.0380 0.8080 -0.5880
vn -0.9298 -0.3155 0.1897
vn 0.9879 0.0830 0.1309
vn -0.3666 -0.6714 0.6441
vn -0.1918 -0.2987 -0.9349
vn -0.4316 0.8876 0.1608
vn 0.6610 -0.7388 0.1314
vn 0.1375 0.7001 0.7006
vn -0.9272 -0.3671 0.0740
vn 0.1302 0.4052 -0.9049
vn 0.0159 0.0064 -0.9999
vn 0.4889 0.8005 0.3468
vn 0.4422 -0.8327 0.3333
vn -0.9475 0.0237 0.3189
vn 0.7474 0.3446 0.5681
vn 0.0534 -0.9971 -0.0543
vn 0.0731 0.3860 -0.9196
vn -0.8751 0.2633 0.4060
vn 0.9513 -0.3083 -0.0069
vn -0.3789 -0.1146 0.9183
vn -0.5312 -0.5431 -0.6503
vn -0.0397 0.9647 -0.2605
vn 0.3883 -0.8175 0.4254
vn 0.5520 0.7983 0.2408
vn -0.9364 0.1311 0.3255
vn -0.0055 -0.1129 -0.9936
vn 0.2252 -0.0280 0.9739
vn 0.7261 -0.4464 -0.5229
vn -0.0852 0.9510 -0.2972
vn -0.8655 -0.4762 -0.1550
vn 0.9163 0.2672 0.2984
vn -0.2185 -0.9049 0.3653
vn -0.0285 -0.0294 -0.9992
vn -0.6663 0.6664 0.3346
vn -0.1195 0.9726 0.1995
vn -0.4075 -0.5430 0.7342
vn 0.9755 -0.2099 -0.0662
vn -0.4496 -0.2196 -0.8658
vn 0.3646 -0.6510 0.6658
vn 0.7356 0.5940 -0.3256
vn -0.7111 0.5540 0.4328
vn -0.3899 -0.4989 -0.7740
vn 0.6479 0.2382 0.7235
vn 0.3813 -0.7317 -0.5650
vn -0.1740 0.8052 -0.5669
vn -0.8574 -0.3103 0.4105
vn 0.9832 0.0492 -0.1758
vn -0.1674 -0.5872 0.7919
vn -0.4640 -0.3798 -0.8003
vn -0.3514 0.9180 0.1839
vn 0.5515 -0.8335 0.0327
vn 0.4658 0.7302 0.4998
vn -0.8909 -0.1723 0.4203
vn -0.1283 0.2755 -0.9527
vn 0.4629 -0.2285 0.8565
vn 0.6675 0.0247 -0.7442
vn -0.4365 0.8960 0.0812
vn -0.6950 -0.6919 -0.1954
vn 0.8918 0.3175 0.3225
vn 0.0038 -0.9977 -0.0672
vn -0.1887 0.3923 -0.9003
vn -0.7075 0.2904 0.6443
vn 0.8274 -0.4158 -0.3775
vn 0.0633 0.0226 0.9977
vn -0.7972 -0.5386 -0.2727
vn -0.0930 0.9334 -0.3464
vn 0.4258 -0.8069 0.4095
vn 0.6898 0.7134 -0.1237
vn -0.7237 0.3376 0.6019
vn -0.3903 -0.2414 -0.8885
vn 0.6624 0.0449 0.7478
vn 0.3952 -0.5083 -0.7651
vn -0.2279 0.9260 -0.3009
vn -0.8280 -0.4633 0.3160
vn 0.9693 0.1547 -0.1914
vn -0.1027 -0.8290 0.5498
vn -0.4956 -0.1090 -0.8617
vn -0.3696 0.7805 0.5043
vn 0.5826 -0.7844 -0.2129
vn 0.4033 0.5186 0.7539
vn -0.9087 -0.3221 0.2657
vn -0.0769 0.5872 -0.8058
vn 0.4320 -0.5684 0.7002
vn 0.7025 0.3672 -0.6096
vn -0.4908 0.7522 0.4396
vn -0.6440 -0.5513 -0.5304
vn 0.8602 0.1610 0.4840
vn 0.0306 -0.8940 -0.4470
vn -0.1328 0.7132 -0.6882
vn -0.7580 0.0192 0.6520
vn 0.8831 -0.1473 -0.4454
vn 0.0206 -0.3966 0.9178
vn -0.7222 -0.4357 -0.5372
vn -0.1809 0.9813 0.0657
vn 0.4956 -0.8685 -0.0108
vn 0.5981 0.7204 0.3512
vn -0.8033 -0.0840 0.5897
vn -0.2897 0.2316 -0.9287
vn 0.4306 -0.1717 0.8861
vn 0.6343 -0.2469 -0.7326
vn -0.2331 0.9695 -0.0760
vn -0.8319 -0.5494 -0.0781
vn 0.9318 0.0863 0.3525
vn -0.2512 -0.9671 -0.0397
vn -0.0476 0.3969 -0.9166
vn -0.6323 0.4844 0.6046
vn 0.9114 -0.3357 -0.2379
vn -0.3476 -0.5067 0.7889
vn -0.6157 -0.1294 -0.7773
vn 0.0511 0.9726 0.2266
vn 0.1482 0.4575 0.8768
vn -0.9042 -0.4270 -0.0039
vn 0.7007 -0.7011 -0.1322
vn 0.0548 0.6706 -0.7398
vn -0.6905 0.5852 -0.4251
vn -0.1293 -0.9425 -0.3081
vn -0.0938 0.0423 0.9947
vn 0.9123 0.3145 -0.2625
vn -0.9818 -0.1854 0.0410
vn 0.2833 0.0841 -0.9553
vn 0.5000 -0.7523 0.4289
vn 0.1968 0.8527 0.4839
vn -0.4059 -0.5394 -0.7378
vn -0.4202 0.9072 0.0205
vn 0.9834 0.0937 -0.1553
vn -0.1559 -0.4607 0.8738
vn -0.1192 0.4938 -0.8613
vn -0.8379 -0.5015 0.2152
vn 0.1950 0.6508 0.7338
vn 0.7610 -0.6428 -0.0879
vn -0.8161 0.4674 -0.3398
vn 0.2725 -0.7081 -0.6514
vn -0.2016 -0.4218 0.8840
vn 0.7427 0.6608 0.1085
vn -0.6801 -0.5675 -0.4642
vn 0.1219 0.8549 -0.5042
vn 0.8704 -0.4907 0.0401
vn -0.3135 0.2026 0.9277
vn -0.0548 -0.1656 -0.9847
vn -0.8587 0.4020 0.3179
vn 0.7525 0.6295 0.1936
vn 0.1604 -0.8663 0.4731
vn -0.2944 0.7522 -0.5895
vn -0.5074 -0.8280 -0.2386
vn -0.1778 0.2357 0.9554
vn 0.9786 -0.1597 -0.1296
vn -0.9392 0.2966 -0.1732
vn 0.5131 -0.0043 -0.8583
vn -0.0092 -0.9226 0.3856
vn 0.4347 0.6290 0.6446
vn 0.7545 0.5217 0.3982
vn 0.3452 -0.8690 -0.3546
vn -0.4089 0.5255 -0.7461
vn -0.6913 -0.1754 0.7009
vn 0.5201 -0.3268 0.7891
vn 0.1197 -0.6323 -0.7654
vn 0.3273 0.9073 -0.2639
vn -0.9694 0.0514 0.2399
vn -0.0715 -0.7779 -0.6243
vn -0.4774 0.7869 -0.3911
vn 0.9641 0.2275 0.1371
vn -0.4150 -0.2380 0.8782
vn -0.3571 0.7786 0.5160
vn 0.7390 0.3076 -0.5994
vn -0.7316 -0.4003 -0.5518
vn 0.3524 -0.6872 0.6353
vn -0.2912 0.6030 -0.7427
vn 0.4840 0.5355 0.6921
vn 0.6081 -0.7061 -0.3628
vn -0.8007 -0.4330 0.4141
vn 0.6737 0.7030 -0.2280
vn -0.9036 0.4187 0.0908
vn 0.2528 -0.4370 0.8632
vn -0.0234 -0.6845 -0.7286
vn -0.0807 0.8947 0.4394
vn 0.0575 0.1199 -0.9911
vn -0.8026 -0.5534 0.2228
vn 0.8245 -0.4611 0.3280
vn -0.5190 0.7655 -0.3804
vn 0.9430 0.2866 0.1693
vn -0.0064 -0.7600 -0.6499
vn -0.4172 -0.2908 0.8610
vn 0.3347 0.5597 -0.7581
vn -0.1435 0.5758 0.8049
vn 0.6738 -0.7077 0.2124
vn -0.8655 -0.4292 -0.2584
vn 0.8112 0.5664 0.1455
vn -0.7051 0.5397 -0.4599
vn -0.3475 -0.3181 0.8821
vn 0.2418 -0.7871 -0.5675
vn -0.7290 0.4968 0.4709
vn 0.5289 0.6391 -0.5584
vn -0.4015 -0.7041 -0.5857
vn 0.5997 -0.4308 0.6744
vn -0.1008 0.9431 0.3169
vn 0.9546 -0.2824 0.0944
vn -0.2723 -0.0643 -0.9600
vn -0.5817 -0.5985 0.5508
vn 0.7367 0.5813 -0.3454
vn 0.0338 -0.0215 0.9992
vn 0.1103 -0.9273 -0.3578
vn -0.8810 0.3689 -0.2963
vn 0.8745 0.4778 0.0836
vn -0.7090 0.5167 0.4799
vn 0.0776 -0.9130 0.4006
vn -0.2435 -0.0815 -0.9665
vn -0.7268 0.4319 -0.5340
vn -0.4045 -0.5489 0.7315
vn 0.5850 0.7062 0.3988
vn 0.5452 -0.5897 -0.5958
vn 0.0405 -0.9410 -0.3360
vn 0.3063 0.0289 0.9515
vn -0.9417 0.3311 -0.0590
vn 0.5938 0.5804 -0.5572
vn -0.3093 0.8675 0.3895
vn -0.3543 -0.7561 0.5503
vn 0.9996 -0.0268 -0.0005
vn -0.3371 -0.0841 -0.9377
vn -0.3968 -0.7977 -0.4541
vn 0.6856 -0.3013 0.6627
vn -0.7218 0.5053 0.4729
vn 0.4319 0.5931 -0.6795
vn -0.1345 0.6289 0.7658
vn -0.2150 -0.9322 0.2913
vn 0.9520 0.0444 -0.3029
vn -0.6030 0.2592 -0.7545
vn -0.2379 -0.6687 -0.7045
vn 0.7950 -0.3253 0.5121
vn -0.7722 0.1176 0.6244
vn 0.2152 0.8757 -0.4323
vn 0.6132 0.7187 0.3277
vn -0.2397 -0.6061 0.7584
vn 0.4557 -0.5296 -0.7154
vn -0.8311 0.4145 -0.3708
vn -0.6040 -0.7347 -0.3089
vn 0.7328 -0.3842 0.5616
vn -0.5245 0.6569 0.5417
vn 0.3958 0.4601 -0.7948
vn 0.9284 0.3585 -0.0981
vn -0.2380 -0.0469 0.9701
vn -0.0475 -0.9149 -0.4009
vn -0.6427 0.6027 -0.4730
vn 0.9937 -0.0636 -0.0923
vn -0.2244 0.5809 0.7825
vn -0.3821 -0.9131 0.1423
vn -0.3867 0.3967 -0.8325
vn -0.8877 -0.2423 0.3916
vn 0.6527 0.1753 0.7370
vn -0.0966 0.8211 -0.5625
vn 0.3318 -0.7542 -0.5667
vn 0.9110 -0.4114 -0.0277
vn 0.0850 0.9943 0.0645
vn -0.4970 -0.3447 0.7963
vn -0.4989 -0.2391 -0.8330
vn -0.7962 0.4770 -0.3722
vn 0.3013 0.4577 0.8365
vn 0.7400 0.0130 -0.6725
vn -0.2442 -0.9469 0.2089
vn 0.6913 -0.4770 0.5427
vn 0.3480 0.8974 -0.2712
vn -0.8302 0.1164 0.5452
vn -0.2101 -0.5372 -0.8168
vn -0.6968 0.4868 -0.5268
vn 0.1819 0.4971 0.8484
vn 0.8410 -0.0643 -0.5372
vn -0.3258 -0.9205 0.2157
vn 0.5474 -0.4927 0.6764
vn 0.4280 0.8815 -0.1996
vn -0.9199 0.1518 0.3615
vn -0.0560 -0.5405 -0.8395
vn -0.4293 0.4800 -0.7650
vn -0.0371 0.5746 0.8176
vn 0.9537 -0.2002 -0.2245
vn -0.4883 -0.8555 0.1723
vn -0.4302 -0.3305 0.8400
vn 0.8306 0.5079 0.2284
vn -0.6345 0.6021 -0.4847
vn 0.2332 -0.7786 -0.5825
vn 0.7663 -0.1110 -0.6328
vn -0.0680 0.9580 0.2787
vn 0.1494 -0.5714 0.8069
vn -0.8486 -0.2739 -0.4525
vn 0.0401 0.1747 -0.9838
vn -0.2943 0.8304 0.4731
vn 0.9061 -0.2670 0.3283
vn -0.6511 -0.7366 0.1829
vn -0.7058 0.1715 0.6873
vn 0.6348 0.7722 -0.0246
vn -0.4277 -0.1069 -0.8976
vn 0.4984 -0.8347 0.2341
vn -0.7750 0.3308 -0.5384
vn 0.2258 0.6719 0.7054
vn 0.7896 -0.1329 -0.5990
vn -0.2405 -0.8696 0.4312
vn 0.1314 0.7718 -0.6221
vn -0.7224 0.2193 0.6558
vn 0.8520 -0.1826 0.4906
vn -0.2617 -0.8100 -0.5248
vn -0.0706 0.4758 0.8767
vn -0.5164 0.5014 -0.6943
vn -0.3740 -0.9231 0.0897
vn 0.9604 -0.0549 -0.2733
vn -0.9161 0.3352 0.2199
vn 0.6547 0.7534 0.0605
vn 0.0048 -0.3719 -0.9283
vn 0.2567 -0.7171 0.6480
vn 0.6774 0.0055 -0.7356
vn -0.4341 0.8990 0.0577
vn 0.4512 -0.2088 0.8677
vn -0.6925 -0.6961 -0.1895
vn 0.2734 0.4023 -0.8737
vn -0.9830 -0.1833 -0.0104
vn 0.2134 0.6363 0.7414
vn 0.4969 -0.8560 0.1427
vn -0.4303 0.1801 0.8845
vn -0.4323 0.5644 -0.7033
vn -0.1118 -0.9658 -0.2339
vn 0.9740 0.2206 0.0521
vn 0.6462 0.5696 -0.5079
vn -0.5011 -0.5857 -0.6371
vn -0.6446 0.5855 0.4917
vn 0.4988 -0.5694 0.6534
vn 0.4674 -0.8335 0.2945
vn -0.9875 -0.1149 0.1074
vn 0.2121 0.1781 -0.9609
vn 0.3083 0.7697 0.5590
vn -0.4814 -0.7319 -0.4822
vn 0.2033 -0.2960 0.9333
vn -0.5740 0.8184 0.0266
vn 0.8535 0.2091 -0.4773
vn -0.8006 -0.4373 0.4097
vn 0.6469 -0.6998 -0.3029
vn 0.4404 0.5883 0.6782
vn -0.2870 0.5490 -0.7850
vn 0.2793 -0.7320 0.6215
vn -0.6215 -0.3681 -0.6916
vn 0.8080 0.3822 -0.4484
vn -0.4658 0.7179 0.5174
vn 0.1733 -0.9462 -0.2734
vn -0.7353 0.0222 0.6774
vn -0.2692 0.5331 -0.8021
vn 0.8308 0.3901 0.3969
vn -0.1576 0.9168 0.3669
vn -0.3617 -0.6800 0.6379
vn 0.9818 -0.1453 -0.1220
vn -0.4627 -0.0913 -0.8818
vn -0.5482 -0.5575 0.6234
vn 0.3955 -0.5849 -0.7081
vn 0.7339 0.4478 0.5108
vn -0.5801 0.6944 -0.4257
vn 0.3359 -0.8925 0.3011
vn -0.9154 -0.1036 -0.3890
vn 0.6173 0.3717 -0.6934
vn -0.0372 0.6230 0.7814
vn -0.2275 -0.7695 -0.5968
vn -0.2440 -0.2243 0.9435
vn -0.5105 0.8088 -0.2921
vn 0.9813 0.1844 -0.0555
vn -0.8364 -0.5285 0.1450
vn 0.7919 -0.6078 0.0590
vn 0.0712 0.7109 0.6997
vn -0.0276 0.4253 -0.9046
vn -0.0757 -0.7045 0.7057
vn -0.1496 -0.4104 -0.8996
vn 0.9126 0.4075 0.0329
vn -0.6880 0.7074 0.1620
vn 0.2860 -0.9581 0.0184
vn -0.9931 0.0518 0.1049
vn 0.2651 0.4117 -0.8719
vn 0.4411 0.4955 0.7483
vn -0.6111 -0.5664 -0.5529
vn 0.1933 -0.4634 0.8648
vn -0.4384 0.8799 0.1830
vn 0.8553 0.1492 -0.4963
vn -0.7323 -0.5469 0.4057
vn 0.6225 -0.5959 -0.5074
vn 0.5057 0.4685 0.7244
vn -0.3955 0.6743 -0.6237
vn 0.1904 -0.9037 0.3836
vn -0.7255 -0.0753 -0.6841
vn 0.8280 0.3604 -0.4296
vn -0.2922 0.6175 0.7303
vn 0.0728 -0.8190 -0.5692
vn -0.6544 -0.1661 0.7377
vn -0.3130 0.7689 -0.5575
vn 0.8950 0.2163 0.3902
vn -0.8405 -0.5080 -0.1886
vn 0.6953 -0.6249 0.3551
vn -0.1858 0.7115 0.6777
vn 0.3312 0.4211 -0.8444
vn -0.2753 -0.7434 0.6096
vn 0.0690 -0.3456 -0.9358
vn 0.8873 0.3592 0.2894
vn -0.6813 0.7311 0.0356
vn 0.4043 -0.9111 -0.0801
vn -0.9929 -0.0674 -0.0978
vn 0.3660 0.5934 -0.7169
vn 0.2214 0.3862 0.8954
vn -0.2562 -0.7490 -0.6111
vn -0.0917 -0.2982 0.9501
vn -0.5999 0.7832 -0.1631
vn 0.9487 0.2626 -0.1762
vn -0.7956 -0.5649 0.2189
vn 0.7615 -0.5873 -0.2742
vn 0.2626 0.5308 0.8058
vn -0.2284 0.6212 -0.7496
vn -0.0752 -0.8063 0.5867
vn -0.1859 -0.2592 -0.9478
vn 0.9244 0.3754 0.0675
vn -0.6622 0.6897 0.2928
vn -0.6221 0.7599 -0.1886
vn 0.8318 0.1069 -0.5447
vn -0.4453 -0.8631 -0.2385
vn 0.2358 -0.0034 0.9718
vn 0.3250 -0.8188 -0.4732
vn -0.2253 0.7046 -0.6729
vn 0.7158 0.3384 0.6108
vn -0.8152 -0.2248 0.5337
vn -0.9229 0.3675 0.1150
vn 0.6590 0.7519 -0.0159
vn 0.0521 -0.5062 -0.8609
vn 0.2118 -0.6132 0.7610
vn 0.8442 -0.2504 0.4740
vn 0.2115 0.2636 -0.9412
vn -0.4311 0.7692 0.4718
vn -0.6243 -0.7812 -0.0038
vn -0.7250 -0.0693 -0.6852
vn 0.3425 0.9390 0.0310
vn 0.7472 -0.6188 -0.2425
vn -0.3641 -0.2502 0.8971
vn -0.8749 0.4811 -0.0556
vn 0.5967 0.4714 0.6494
vn 0.4320 -0.0119 -0.9018
vn -0.1540 -0.9393 0.3066
vn 0.4728 -0.5079 0.7200
vn 0.6544 0.5856 -0.4784
vn -0.7190 0.5629 0.4077
vn -0.4089 -0.6407 -0.6498
vn -0.5018 0.6192 -0.6040
vn 0.5270 0.5354 0.6600
vn 0.6206 -0.5663 -0.5424
vn -0.6458 -0.5883 0.4866
vn 0.4955 0.4475 -0.7444
vn -0.0298 0.6091 0.7925
vn 0.4656 -0.8494 0.2484
vn -0.9324 -0.2059 -0.2970
vn -0.8304 0.2731 0.4856
vn 0.2497 -0.9314 0.2648
vn 0.7441 0.6253 0.2352
vn -0.1640 0.0330 -0.9859
vn 0.4276 -0.3850 0.8179
vn -0.9050 -0.4067 -0.1249
vn 0.5680 -0.2008 -0.7982
vn -0.0907 0.9903 0.1048
vn -0.6384 0.4685 -0.6108
vn 0.0919 -0.9540 -0.2852
vn -0.3472 0.0372 0.9371
vn 0.8933 0.4475 -0.0419
vn 0.5356 -0.4371 0.7225
vn -0.8738 -0.4753 -0.1027
vn 0.5060 -0.0441 -0.8614
vn -0.1681 0.9557 0.2417
vn -0.7849 0.4306 -0.4456
vn 0.1802 -0.8864 -0.4263
vn -0.1992 -0.1306 0.9712
vn 0.8031 0.5878 -0.0981
vn 0.9391 -0.3434 0.0082
vn -0.6000 -0.6612 0.4503
vn -0.2984 0.1324 -0.9452
vn -0.0407 0.8728 0.4864
vn -0.6711 0.3663 0.6446
vn -0.4581 -0.6141 -0.6427
vn 0.7033 -0.5031 0.5023
vn 0.4259 0.7508 -0.5049
vn 0.4305 0.5071 -0.7467
vn -0.1791 -0.9385 -0.2951
vn -0.8609 0.4430 0.2503
vn 0.6111 -0.0095 0.7915
vn 0.3873 -0.9195 -0.0673
vn -0.9009 0.0152 -0.4337
vn 0.6032 0.6502 -0.4620
vn -0.0892 0.2524 0.9635
vn 0.4310 -0.3457 -0.8335
vn -0.6773 -0.6598 0.3255
vn -0.4510 0.8706 -0.1965
vn 0.6974 0.1362 0.7036
vn -0.6202 -0.3316 -0.7109
vn 0.5409 -0.7622 0.3557
vn -0.5326 0.4046 0.7433
vn 0.6114 0.6895 -0.3883
vn 0.9593 0.1513 -0.2385
vn -0.0801 -0.1399 0.9869
vn -0.3394 -0.8094 -0.4793
vn -0.5393 0.7981 -0.2686
vn -0.9545 -0.1661 0.2476
vn 0.5842 -0.6694 0.4589
vn 0.2645 0.9214 0.2849
vn 0.1072 -0.0870 -0.9904
vn 0.8070 -0.3720 -0.4587
vn 0.2660 0.3842 0.8841
vn -0.6678 -0.7310 0.1401
vn -0.4035 0.7192 -0.5656
vn 0.7355 -0.6537 0.1784
vn 0.3936 0.8977 -0.1977
vn -0.5911 0.0652 0.8040
vn -0.5375 -0.3070 -0.7854
vn -0.4771 0.8571 0.1943
vn 0.9415 0.0586 0.3318
vn 0.0039 -0.1608 -0.9870
vn -0.4680 -0.7544 0.4603
vn 0.5259 0.8343 -0.1657
vn -0.3584 0.0143 0.9335
vn 0.5907 -0.7980 -0.1189
vn -0.7597 -0.0507 -0.6483
vn 0.5617 0.3655 0.7423
vn -0.6538 0.6962 -0.2966
vn -0.4968 -0.8061 0.3216
vn 0.5871 -0.2546 -0.7685
vn -0.4111 0.5654 0.7150
vn 0.7653 0.4931 -0.4136
vn -0.6846 -0.2004 -0.7008
vn 0.3291 -0.8564 0.3980
vn -0.1480 0.9777 -0.1492
vn 0.5687 -0.1320 0.8119
vn 0.4601 -0.3940 -0.7957
vn -0.8820 -0.4520 0.1335
vn 0.4789 0.8773 0.0323
vn -0.7497 0.0057 0.6617
vn 0.6371 -0.7374 0.2244
vn -0.3674 -0.1468 -0.9184
vn 0.2153 0.3493 0.9120
vn -0.2936 0.7550 -0.5863
vn -0.7352 -0.6746 0.0665
vn 0.8132 -0.4293 -0.3929
vn -0.5315 0.7047 0.4700
vn 0.9673 0.2536 0.0055
vn -0.3174 -0.0809 -0.9448
vn -0.1186 -0.8757 0.4680
vn 0.8222 0.0971 -0.5608
vn 0.1250 0.4899 0.8627
vn -0.1629 -0.9683 0.1894
vn -0.7837 0.3818 -0.4900
vn 0.6469 0.5984 0.4727
vn -0.9175 0.3939 0.0557
vn 0.0039 -0.9023 0.4311
vn 0.2677 -0.0904 -0.9593
vn -0.0876 0.4605 0.8834
vn 0.3584 0.6416 -0.6781
vn -0.8971 -0.3289 -0.2951
vn 0.6279 -0.7733 0.0883
vn -0.4453 0.8954 0.0014
vn 0.7675 0.0075 0.6410
vn 0.3365 -0.2012 -0.9199
vn -0.6573 -0.7011 0.2764
vn 0.5434 0.8394 -0.0024
vn -0.6483 0.0243 0.7610
vn 0.6052 -0.7893 0.1039
vn -0.5007 -0.0746 -0.8624
vn 0.2996 0.4496 0.8415
vn -0.5417 0.6403 -0.5446
vn -0.5580 -0.7975 0.2297
vn 0.7988 -0.2939 -0.5250
vn -0.5936 0.5576 0.5803
vn 0.8079 0.5295 -0.2588
vn -0.4985 -0.2710 -0.8234
vn 0.2846 -0.8165 0.5024
vn -0.2410 0.9639 -0.1129
vn 0.3660 -0.1459 0.9191
vn 0.6901 -0.2540 -0.6776
vn -0.8151 -0.5650 -0.1281
vn 0.5815 0.7819 0.2246
vn -0.9331 0.1754 0.3139
vn 0.3550 -0.8179 0.4528
vn -0.0022 -0.1400 -0.9902
vn -0.0776 0.4467 0.8913
vn 0.0014 0.6927 -0.7212
vn -0.7765 -0.6162 -0.1318
vn 0.8511 -0.5237 -0.0379
vn -0.6110 0.7753 0.1600
vn 0.9269 0.2397 0.2887
vn 0.0025 -0.2272 -0.9738
vn -0.3186 -0.7887 0.5258
vn 0.3414 0.9167 -0.2077
vn -0.3177 -0.0288 0.9478
vn 0.7353 -0.6658 -0.1269
vn -0.7585 -0.2217 -0.6128
vn 0.5130 0.6005 0.6134
vn -0.8314 0.4655 -0.3036
vn -0.2460 -0.8403 0.4832
vn 0.5643 -0.2252 -0.7942
vn -0.4396 0.4937 0.7503
vn 0.3272 0.6531 -0.6829
vn -0.6604 -0.6202 -0.4234
vn 0.7727 -0.5267 0.3542
vn -0.4877 0.8414 0.2327
vn 0.9675 0.1013 0.2316
vn -0.0915 -0.1769 -0.9800
vn -0.3882 -0.7642 0.5150
vn 0.0261 -0.8580 0.5130
vn 0.6649 -0.0394 -0.7459
vn 0.2255 0.7602 0.6092
vn -0.9161 0.1376 -0.3766
vn 0.4600 0.8775 -0.1357
vn 0.6827 -0.7207 0.1202
vn -0.5655 -0.2067 -0.7984
vn -0.5787 0.0480 0.8142
vn -0.2232 -0.5977 0.7700
vn 0.1264 -0.5505 -0.8252
vn 0.8437 0.4987 0.1988
vn -0.7462 0.6497 -0.1454
vn 0.8978 0.1077 -0.4271
vn -0.1363 -0.9592 0.2478
vn -0.7118 0.2826 -0.6430
vn -0.0496 0.5673 0.8220
vn -0.9621 -0.1195 0.2450
vn 0.1769 -0.4431 -0.8788
vn 0.5770 -0.4143 0.7039
vn 0.2081 0.9756 -0.0697
vn 0.4565 0.5752 -0.6788
vn 0.4009 -0.9160 -0.0178
vn -0.9752 -0.0579 -0.2136
vn 0.1184 0.3987 0.9094
vn 0.0936 -0.5412 0.8357
vn -0.4411 -0.5536 -0.7064
vn 0.9045 0.2865 -0.3158
vn -0.5573 0.8089 0.1874
vn -0.5249 0.4818 -0.7016
vn 0.5662 -0.7022 -0.4317
vn -0.6281 -0.4289 0.6493
vn 0.5868 0.6491 0.4842
vn 0.0711 0.5246 -0.8484
vn 0.3496 -0.9253 -0.1471
vn -0.9578 -0.0483 0.2832
vn 0.5363 0.4502 0.7139
vn -0.7380 0.4377 -0.5135
vn 0.4409 -0.6901 -0.5740
vn -0.3761 -0.4356 0.8178
vn 0.6743 0.6878 0.2688
vn 0.5797 -0.5632 0.5889
vn -0.7184 -0.5675 -0.4023
vn 0.5550 0.4003 -0.7292
vn -0.4166 0.7302 0.5415
vn -0.9051 0.4018 -0.1395
vn 0.3002 -0.4475 -0.8424
vn -0.0447 -0.6745 0.7369
vn 0.6493 0.7197 0.2459
vn 0.3616 0.7441 -0.5618
vn 0.1024 -0.8666 -0.4884
vn -0.9686 0.1635 0.1876
vn 0.5041 -0.0409 0.8627
vn -0.8902 -0.2840 0.3561
vn -0.1252 0.4675 -0.8751
vn 0.5797 -0.8043 -0.1307
vn 0.4353 0.6217 0.6512
vn 0.7114 0.6875 -0.1456
vn -0.3033 -0.3578 -0.8832
vn -0.7750 0.4168 0.4751
vn 0.3687 -0.7464 0.5540
vn -0.6570 -0.7539 -0.0018
vn -0.4627 0.8474 -0.2603
vn 0.7322 -0.1920 -0.6535
vn 0.3899 0.1003 0.9154
vn 0.5011 0.7959 0.3397
vn -0.3974 0.2135 -0.8925
vn -0.7298 -0.2340 0.6424
vn 0.6266 -0.7742 -0.0890
vn -0.2757 0.4510 0.8489
vn 0.1294 0.6881 -0.7140
vn -0.7106 -0.6441 -0.2832
vn 0.8575 -0.4930 0.1473
vn 0.1563 0.6237 0.7659
vn 0.3227 0.4234 -0.8465
vn -0.9775 -0.1963 -0.0770
vn 0.4990 -0.8521 0.1579
vn -0.5002 -0.4705 -0.7269
vn -0.1495 0.9859 -0.0756
vn 0.9767 -0.1956 -0.0879
vn -0.3266 -0.3201 0.8893
vn -0.1161 0.5576 0.8219
vn 0.3664 0.5671 -0.7376
vn -0.8847 -0.3768 -0.2744
vn 0.6350 -0.7489 0.1897
vn -0.9226 -0.2217 0.3156
vn 0.1374 0.9894 0.0472
vn 0.1135 -0.3073 -0.9448
vn 0.6713 -0.4588 0.5821
vn -0.9320 -0.1189 -0.3424
vn -0.0048 0.6539 0.7566
vn 0.5839 0.3469 -0.7340
vn 0.3513 -0.8791 0.3221
vn -0.8294 0.4458 -0.3368
vn -0.1736 -0.3806 0.9083
vn 0.7387 0.6718 0.0551
vn 0.2645 -0.7347 -0.6247
vn 0.9792 -0.1721 -0.1071
vn -0.3302 -0.4646 0.8217
vn -0.4903 -0.3483 -0.7989
vn -0.1586 0.9839 0.0830
vn -0.9497 0.2022 0.2393
vn 0.1608 -0.9842 0.0748
vn 0.6109 0.4862 0.6249
vn 0.1778 0.2941 -0.9391
vn -0.0461 -0.5453 -0.8370
vn 0.8176 -0.2521 0.5176
vn -0.8124 -0.1746 0.5563
vn 0.0407 0.9705 -0.2377
vn -0.0349 0.3122 0.9494
vn 0.2825 -0.9590 -0.0239
vn 0.6578 0.5534 -0.5109
vn -0.9060 0.0906 -0.4135
vn -0.5439 -0.6878 -0.4807
vn 0.9450 -0.0353 -0.3252
vn -0.0212 -0.1867 0.9822
vn -0.3794 0.9084 -0.1757
vn 0.5987 0.6584 0.4561
vn 0.3527 -0.9253 0.1396
vn -0.0302 0.1979 -0.9798
vn -0.9206 0.0681 0.3845
vn -0.0546 -0.2101 -0.9762
vn 0.9594 0.0345 0.2800
vn -0.4751 -0.7096 0.5204
vn -0.4296 0.8863 0.1730
vn 0.4654 0.8626 0.1982
vn 0.1126 -0.6220 0.7749
vn 0.3953 -0.4127 -0.8206
vn -0.9731 0.1734 -0.1514
vn 0.9753 -0.1803 0.1278
vn -0.3131 0.6471 0.6951
vn -0.5102 -0.8558 0.0850
vn -0.1510 0.3891 -0.9087
vn -0.2613 0.2398 0.9350
vn 0.8573 0.4580 -0.2351
vn -0.7177 0.2919 -0.6323
vn 0.1221 -0.9902 -0.0673
vn 0.1225 0.9236 0.3633
vn 0.4215 -0.6620 0.6198
vn 0.4322 -0.0633 -0.8995
vn -0.9765 -0.1982 -0.0843
vn 0.8782 0.2421 0.4124
vn -0.7405 0.2424 0.6268
vn -0.0238 -0.9834 -0.1797
vn -0.1139 0.4986 -0.8593
vn 0.2008 -0.1539 0.9675
vn 0.1594 0.9611 -0.2255
vn -0.9557 -0.2307 -0.1826
vn 0.5955 -0.5764 -0.5596
vn -0.2766 0.7001 0.6583
vn 0.9714 -0.2045 0.1204
vn -0.1568 0.3341 -0.9294
vn -0.5380 -0.8291 0.1518
vn 0.4549 0.8330 0.3151
vn -0.2059 -0.5863 0.7835
vn 0.6016 -0.4885 -0.6321
vn -0.8498 0.2420 -0.4683
vn 0.7812 0.0453 0.6227
vn -0.6912 0.6642 0.2846
vn -0.3915 -0.9199 0.0217
vn 0.3022 0.2100 -0.9298
vn -0.1275 0.1255 0.9839
vn 0.7820 0.5426 -0.3066
vn -0.8230 0.2978 -0.4837
vn 0.1690 -0.9663 -0.1939
vn 0.0512 0.8848 0.4632
vn 0.6446 -0.6354 0.4252
vn 0.2334 0.1139 -0.9657
vn -0.9280 -0.3645 0.0772
vn 0.7986 0.4668 0.3798
vn -0.6969 -0.1018 0.7099
vn 0.2674 -0.9044 -0.3324
vn -0.3695 0.5397 -0.7564
vn 0.6125 -0.6676 0.4234
vn -0.0919 0.7963 0.5979
vn -0.8981 -0.4161 -0.1423
vn 0.3776 0.2865 -0.8805
vn 0.6974 0.6917 -0.1876
vn -0.8123 0.4386 0.3844
vn 0.3586 -0.6651 0.6550
vn -0.2446 -0.4658 -0.8504
vn -0.5740 0.1686 -0.8013
vn -0.5737 -0.2867 0.7672
vn 0.4866 0.8396 0.2415
vn 0.6596 -0.7222 -0.2081
vn -0.1858 -0.2220 -0.9572
vn -0.0767 -0.8271 0.5568
vn -0.6626 0.6773 0.3196
vn 0.9251 0.3707 0.0824
vn -0.6190 -0.3954 0.6786
vn -0.2651 -0.3110 -0.9127
vn 0.9362 -0.2938 0.1927
vn -0.0516 0.9978 0.0410
vn -0.1269 0.7337 -0.6675
vn 0.6125 -0.6936 -0.3791
vn -0.8844 -0.4163 0.2110
vn 0.3999 0.3756 0.8361
vn 0.6186 -0.3675 0.6944
vn -0.3136 -0.7428 -0.5915
vn 0.4815 0.6844 -0.5475
vn -0.7868 0.4262 0.4464
vn -0.5592 0.3833 -0.7351
vn 0.6795 -0.6221 -0.3888
vn -0.5859 -0.4997 0.6380
vn 0.4662 0.7391 0.4862
vn 0.9704 0.2233 0.0917
vn -0.1232 -0.9879 0.0945
vn -0.3266 0.2931 -0.8986
vn -0.5204 0.4701 0.7129
vn -0.2979 -0.4568 0.8382
vn -0.4913 -0.3855 -0.7811
vn 0.9826 -0.1383 -0.1239
vn -0.1927 0.9790 0.0669
vn 0.1233 -0.9909 0.0530
vn -0.9483 0.2306 0.2181
vn 0.2150 0.3132 -0.9250
vn 0.6103 0.4475 0.6537
vn -0.9256 -0.3001 -0.2307
vn 0.3209 -0.4973 0.8060
vn -0.0057 0.9805 0.1966
vn 0.6111 -0.1823 -0.7703
vn -0.7094 -0.0515 0.7029
vn 0.1505 -0.9086 -0.3896
vn 0.8509 0.3303 0.4086
vn -0.2910 0.6283 -0.7215
vn 0.3831 -0.7160 0.5836
vn -0.9940 -0.1008 -0.0433
vn 0.3836 -0.0807 -0.9200
vn 0.2268 0.8971 0.3791
vn -0.0777 -0.8274 0.5563
vn -0.1104 0.8049 0.5831
vn -0.7113 -0.0028 -0.7029
vn 0.8995 0.0257 -0.4361
vn -0.8829 0.4308 -0.1867
vn -0.0629 -0.5417 0.8382
vn 0.6984 0.7070 0.1112
vn 0.2492 -0.5957 -0.7636
vn 0.6142 -0.7354 -0.2863
vn 0.3880 0.4679 0.7941
vn -0.8906 -0.3849 0.2422
vn -0.1111 0.6522 -0.7498
vn 0.1885 0.7709 -0.6084
vn -0.5339 0.3163 0.7841
vn 0.8636 -0.3890 0.3208
vn -0.5175 -0.6986 -0.4942
vn 0.1678 -0.4455 0.8794
vn 0.2259 0.9715 0.0711
vn -0.9639 -0.1010 -0.2465
vn 0.5692 -0.4264 -0.7029
vn -0.6722 0.6292 0.3902
vn 0.8789 0.1208 0.4615
vn 0.1070 0.1907 -0.9758
vn -0.3137 -0.9413 0.1247
vn 0.2452 -0.6753 0.6956
vn 0.7482 0.0887 -0.6575
vn -0.1651 0.8839 0.4376
vn -0.8285 -0.2963 -0.4752
vn -0.3167 0.6111 -0.7254
vn 0.9658 0.1792 0.1874
vn -0.1141 -0.9497 -0.2918
vn -0.5353 0.1609 0.8292
vn 0.3417 -0.4120 0.8447
vn 0.5848 -0.2716 -0.7643
vn 0.0088 0.9961 0.0876
vn -0.9354 -0.3109 -0.1683
vn -0.2930 -0.7086 -0.6419
vn 0.2597 0.8216 -0.5075
vn 0.7852 -0.3286 0.5249
vn -0.7506 0.2175 0.6239
vn -0.4535 -0.3798 -0.8063
vn 0.3539 0.9103 -0.2145
vn 0.7577 -0.5947 0.2689
vn -0.6562 0.0643 0.7519
vn 0.1122 -0.7002 -0.7051
vn 0.2688 0.8895 -0.3696
vn 0.5771 -0.2198 0.7866
vn -0.9573 0.0312 0.2875
vn -0.7336 0.6737 -0.0898
vn 0.8292 0.4513 0.3297
vn 0.1798 -0.4155 -0.8916
vn -0.2753 -0.7085 0.6498
vn 0.5354 -0.4220 0.7316
vn 0.6036 0.2389 -0.7607
vn -0.4429 0.8276 0.3448
vn -0.6971 -0.6437 -0.3156
vn 0.5770 0.5928 0.5617
vn 0.5696 -0.6852 -0.4540
vn -0.4733 0.5485 -0.6893
vn -0.6736 -0.4556 0.5820
vn 0.8055 -0.5906 -0.0489
vn -0.6668 -0.3965 0.6310
vn -0.4088 0.0835 -0.9088
vn 0.2712 0.9051 0.3274
vn 0.7103 -0.1546 0.6867
vn -0.5592 0.7837 0.2704
vn -0.5791 -0.8121 -0.0711
vn 0.4271 0.1839 -0.8853
vn -0.8254 -0.0468 -0.5626
vn -0.2544 0.1753 0.9511
vn 0.5859 0.7401 -0.3301
vn 0.4927 -0.8683 -0.0581
vn 0.7612 -0.1819 0.6225
vn -0.4361 0.8637 0.2526
vn -0.6677 -0.7419 0.0623
vn 0.3433 0.0613 -0.9372
vn -0.3142 0.6266 -0.7132
vn -0.7648 -0.2318 0.6011
vn 0.7226 0.4394 0.5337
vn 0.3557 -0.8336 -0.4226
vn 0.1336 -0.7636 0.6317
vn -0.1854 0.8333 0.5207
vn -0.7740 -0.1957 -0.6021
vn 0.8258 0.1262 -0.5496
vn -0.1343 0.8451 -0.5175
vn -0.8488 -0.2404 0.4709
vn 0.7281 0.1342 0.6722
vn 0.2543 -0.7373 -0.6258
vn -0.4963 -0.1864 -0.8479
vn -0.3169 -0.6225 0.7156
vn -0.1668 0.9439 0.2851
vn 0.9793 -0.1347 -0.1511
vn -0.5393 0.7617 0.3590
vn -0.6086 -0.6703 -0.4246
vn 0.5023 -0.4352 0.7472
vn 0.6462 0.3441 -0.6811
vn 0.0242 0.2775 -0.9604
vn 0.1690 -0.9833 0.0674
vn -0.8984 0.2105 0.3855
vn 0.7036 0.4956 0.5093
vn -0.8595 -0.1449 -0.4902
vn 0.7451 -0.4583 -0.4846
vn -0.0778 -0.3756 0.9235
vn 0.1944 0.9796 0.0510
vn 0.6244 -0.4405 0.6451
vn -0.3138 -0.6724 -0.6704
vn 0.4756 0.7419 -0.4726
vn -0.7856 0.3687 0.4969
vn -0.9928 -0.0469 0.1098
vn 0.2225 0.1207 -0.9674
vn 0.4125 -0.8474 0.3342
vn 0.3581 0.7724 0.5246
vn -0.6970 -0.3900 -0.6017
vn -0.2266 0.9547 0.1926
vn 0.8930 -0.0494 -0.4473
vn 0.0281 -0.5158 0.8562
vn -0.1217 0.5653 -0.8158
vn -0.8935 -0.2968 0.3371
vn 0.4617 0.5322 0.7097
vn 0.5541 -0.7999 -0.2307
vn -0.7085 0.7040 0.0484
vn -0.1180 -0.5361 -0.8359
vn -0.0723 -0.6010 0.7960
vn 0.9005 0.4348 -0.0068
vn -0.9123 -0.2851 -0.2940
vn 0.2544 0.8444 -0.4714
vn 0.6581 -0.7194 -0.2222
vn -0.0018 0.1582 0.9874
vn -0.2628 0.1070 -0.9589
vn -0.6951 0.4178 0.5851
vn 0.8802 0.4478 0.1573
vn 0.0766 -0.9729 0.2182
vn -0.3790 0.8377 -0.3933
vn -0.6527 -0.7475 -0.1233
vn 0.1699 0.1352 0.9762
vn 0.8592 -0.2251 -0.4594
vn -0.8979 0.4402 -0.0041
vn 0.2873 -0.1838 -0.9401
vn -0.0521 -0.8610 0.5059
vn 0.6618 0.6060 0.4413
vn -0.7391 -0.3819 -0.5548
vn -0.0314 0.9983 -0.0497
vn 0.8791 -0.3263 -0.3474
vn -0.1098 -0.2920 0.9501
vn -0.1577 0.4772 -0.8645
vn -0.8628 -0.0850 0.4983
vn 0.6525 0.5193 0.5519
vn 0.3685 -0.9107 -0.1867
vn -0.5932 0.7606 -0.2639
vn -0.2945 -0.8307 -0.4724
vn -0.0582 -0.1423 0.9881
vn 0.9447 0.2117 -0.2507
vn -0.9862 -0.1639 0.0219
vn 0.2473 0.4392 -0.8637
vn 0.4852 -0.8710 0.0772
vn 0.2546 0.5953 0.7621
vn -0.6463 -0.2656 -0.7154
vn -0.2867 0.8700 0.4010
vn 0.9117 0.1001 -0.3984
vn 0.0211 -0.7033 0.7105
vn -0.2735 0.5735 -0.7722
vn -0.8009 -0.4706 0.3703
vn 0.4066 0.5724 0.7121
vn 0.6699 -0.6747 -0.3098
vn -0.7705 0.6276 -0.1111
vn 0.0523 -0.6087 -0.7917
vn -0.1281 -0.5433 0.8297
vn 0.8491 0.5226 0.0765
vn -0.8646 -0.3868 -0.3207
vn 0.1736 0.8676 -0.4660
vn 0.7428 -0.6397 -0.1974
vn -0.0502 0.1562 0.9864
vn -0.1705 0.1528 -0.9734
vn -0.7696 0.3511 0.5333
vn 0.8391 0.4724 0.2696
vn 0.1028 -0.9798 0.1714
vn -0.4040 0.6429 -0.6508
vn -0.5671 -0.8224 0.0447
vn 0.0473 0.4259 0.9035
vn 0.9213 -0.2477 -0.2997
vn -0.9816 0.1644 0.0967
vn 0.2405 -0.0206 -0.9704
vn 0.2336 -0.8761 0.4216
vn 0.5090 0.7333 0.4508
vn -0.6603 -0.4188 -0.6233
vn -0.1473 0.9887 0.0267
vn 0.9277 -0.1901 -0.3212
vn -0.1197 -0.3775 0.9182
vn -0.2408 0.4393 -0.8654
vn -0.8319 -0.1680 0.5289
vn 0.6095 0.5957 0.5230
vn 0.4610 -0.8680 -0.1846
vn -0.6853 0.7250 -0.0682
vn -0.2595 -0.7620 -0.5933
vn 0.0553 -0.3216 0.9453
vn 0.8899 0.3584 -0.2821
vn -0.9818 -0.1748 -0.0736
vn 0.2986 0.5363 -0.7894
vn 0.4933 -0.8696 0.0206
vn 0.1873 0.5088 0.8403
vn -0.4629 -0.2795 -0.8412
vn -0.4602 0.8013 0.3822
vn 0.9522 0.2270 -0.2045
vn -0.0308 -0.7496 0.6612
vn -0.2076 0.5909 -0.7796
vn -0.8304 -0.4739 0.2929
vn 0.3496 0.5553 0.7546
vn 0.6892 -0.6722 -0.2702
vn -0.7460 0.3638 0.5578
vn -0.2055 0.1389 -0.9688
vn 0.1046 -0.9780 0.1805
vn 0.8491 0.4745 0.2322
vn -0.7351 -0.5696 -0.3678
vn -0.3290 0.9373 0.1149
vn 0.7747 -0.0081 -0.6322
vn 0.2914 -0.3610 0.8859
vn -0.4281 0.1392 0.8930
vn -0.4058 0.6279 -0.6641
vn -0.1485 -0.9428 -0.2984
vn 0.9819 0.1764 0.0695
vn -0.6083 0.6966 -0.3804
vn 0.7742 -0.1398 -0.6174
vn -0.5014 -0.8589 0.1042
vn 0.3368 0.3011 0.8921
vn -0.4719 0.2770 -0.8370
vn 0.7404 0.6435 0.1943
vn 0.3775 -0.9179 -0.1223
vn -0.6466 -0.0025 0.7628
vn 0.2193 0.2678 0.9382
vn 0.7975 -0.4349 -0.4181
vn -0.2509 0.8102 -0.5298
vn -0.7664 -0.6423 0.0108
vn 0.8150 0.3937 0.4251
vn -0.0625 -0.9698 0.2358
vn 0.0593 0.0996 -0.9933
vn -0.8123 0.4773 0.3353
vn -0.6921 -0.0246 0.7214
vn -0.1677 -0.7417 -0.6494
vn 0.9074 -0.1121 0.4051
vn -0.0485 0.8783 -0.4756
vn 0.1938 0.1673 -0.9667
vn 0.4255 -0.8599 0.2819
vn -0.9887 -0.0572 0.1384
vn 0.3696 0.7508 0.5474
vn -0.5950 -0.3589 -0.7191
vn 0.9421 -0.2877 -0.1724
vn -0.2993 -0.3534 0.8863
vn -0.0452 0.9990 0.0048
vn 0.6590 0.7510 0.0427
vn 0.3398 -0.7728 0.5360
vn -0.1212 -0.2847 -0.9509
vn -0.8765 0.3046 0.3728
vn 0.9350 0.0267 -0.3536
vn 0.0158 0.1624 0.9866
vn -0.4047 -0.8957 -0.1841
vn -0.5466 0.7077 -0.4477
vn 0.3870 -0.5325 0.7528
vn 0.5692 0.8054 -0.1653
vn -0.9277 0.2895 0.2356
vn -0.0261 -0.5639 -0.8254
vn 0.4628 0.4112 0.7853
vn 0.6402 -0.5875 -0.4949
vn -0.3305 0.7206 -0.6095
vn -0.7732 -0.5476 0.3200
vn 0.9151 0.3266 -0.2366
vn 0.0480 -0.5446 0.8373
vn -0.3575 -0.5637 -0.7446
vn -0.6061 0.7825 0.1426
vn 0.8995 -0.4263 0.0958
vn -0.0515 0.8073 0.5879
vn -0.7068 -0.6548 0.2677
vn -0.1409 0.2741 -0.9513
vn 0.2710 -0.0053 0.9626
vn 0.7427 0.3784 -0.5524
vn -0.8197 0.5614 -0.1138
vn -0.1907 -0.9357 -0.2970
vn 0.2601 -0.1565 0.9528
vn 0.3411 -0.7518 -0.5643
vn 0.3964 0.8620 -0.3161
vn -0.9966 0.0421 -0.0713
vn 0.9615 0.0317 -0.2729
vn -0.0652 -0.1961 0.9784
vn -0.4680 -0.7176 -0.5158
vn -0.4281 0.8835 -0.1900
vn 0.8595 -0.4221 0.2883
vn 0.0091 0.9719 0.2350
vn -0.7636 -0.4475 0.4655
vn -0.1070 -0.1007 -0.9891
vn 0.1991 0.3123 0.9289
vn 0.8414 0.0091 -0.5404
vn -0.6718 0.6102 -0.4200
vn -0.3668 -0.9298 0.0290
vn 0.6558 0.6768 0.3346
vn 0.2298 -0.9012 0.3675
vn 0.0327 -0.0301 -0.9990
vn -0.9203 0.2544 0.2972
vn 0.9737 -0.2262 -0.0268
vn -0.2370 0.3456 0.9080
vn -0.5376 -0.8199 -0.1966
vn -0.2008 0.7006 -0.6847
vn 0.5239 -0.4209 0.7405
vn 0.4247 0.8676 -0.2587
vn -0.9376 0.1644 0.3064
vn -0.0105 -0.6130 -0.7900
vn 0.3341 0.4412 0.8329
vn 0.7519 -0.4917 -0.4391
vn -0.3560 0.6917 -0.6283
vn -0.7284 -0.6446 0.2321
vn 0.8585 0.5103 0.0508
vn -0.0601 -0.6279 0.7760
vn -0.0293 -0.5202 -0.8535
vn -0.7692 0.6385 0.0257
vn 0.9061 -0.3603 0.2216
vn -0.2039 0.7827 0.5880
vn -0.6844 -0.7145 0.1449
vn -0.0184 0.2915 -0.9564
vn 0.2467 -0.0684 0.9667
vn 0.7360 0.4613 -0.4955
vn -0.8480 0.5217 -0.0933
vn -0.1333 -0.9158 -0.3789
vn 0.4340 0.7137 0.5497
vn 0.5621 -0.8268 0.0219
vn -0.0908 0.3171 -0.9441
vn -0.9048 -0.2068 0.3722
vn 0.9932 0.0712 -0.0922
vn -0.2422 -0.0498 0.9690
vn -0.3200 -0.8253 -0.4653
vn -0.4335 0.8030 -0.4091
vn 0.7060 -0.4388 0.5558
vn 0.0618 0.9922 0.1079
vn -0.9014 -0.3123 0.3000
vn 0.1336 -0.2425 -0.9609
vn 0.2224 0.1972 0.9548
vn 0.8081 0.1522 -0.5691
vn -0.7402 0.6006 -0.3023
vn -0.2898 -0.9534 -0.0835
vn 0.5910 0.7093 0.3841
vn 0.2862 -0.8945 0.3435
vn 0.0683 0.0114 -0.9976
vn -0.9478 0.1712 0.2691
vn 0.9699 -0.2375 -0.0529
vn -0.1924 0.4068 0.8930
vn -0.5525 -0.8254 -0.1161
vn -0.2231 0.6555 -0.7215
vn 0.6962 -0.2580 0.6698
vn 0.1691 0.9359 -0.3089
vn -0.9057 -0.0564 0.4201
vn 0.0425 -0.6215 -0.7822
vn 0.3985 0.4179 0.8164
vn 0.6989 -0.0834 -0.7103
vn -0.7472 0.5740 -0.3349
vn -0.3504 -0.9087 0.2269
vn -0.3653 -0.8196 -0.4413
vn 0.2941 0.6510 -0.6997
vn 0.7812 -0.2453 0.5741
vn -0.7118 0.4129 0.5681
vn 0.4728 0.7901 0.3902
vn 0.6012 -0.4588 -0.6543
vn -0.8294 0.3067 -0.4669
vn -0.2435 -0.6381 0.7305
vn -0.4496 -0.8932 0.0072
vn -0.0827 0.4091 -0.9088
vn 0.9675 -0.1096 0.2277
vn -0.4364 0.5961 0.6739
vn 0.5412 0.8255 -0.1603
vn 0.0496 -0.5904 -0.8056
vn -0.9529 0.2518 0.1693
vn 0.3621 -0.4866 0.7951
vn 0.6007 0.4664 -0.6494
vn 0.3783 -0.9010 0.2125
vn -0.9100 -0.1080 -0.4003
vn -0.0691 0.5396 0.8391
vn 0.9713 0.1798 0.1555
vn -0.3510 -0.5860 0.7303
vn -0.1154 -0.4592 -0.8808
vn -0.5047 0.8633 -0.0046
vn -0.9844 -0.1688 0.0491
vn 0.4800 -0.8678 -0.1284
vn 0.3074 0.4293 0.8492
vn 0.1960 0.6092 -0.7684
vn 0.0354 -0.3200 0.9468
vn -0.6408 -0.5641 -0.5208
vn 0.9093 -0.0679 -0.4105
vn -0.3058 0.9519 -0.0174
vn 0.0320 -0.9994 0.0108
vn -0.6529 0.3175 0.6877
vn -0.2908 0.3143 -0.9037
vn 0.9079 0.3656 0.2051
vn -0.8819 -0.4453 0.1548
vn 0.6720 -0.3600 0.6472
vn -0.0956 0.9864 0.1334
vn 0.3077 -0.1841 -0.9335
vn -0.3202 -0.1245 0.9391
vn -0.0426 -0.8714 -0.4887
vn 0.9448 0.3273 0.0133
vn -0.5812 0.6678 -0.4649
vn 0.0809 -0.7666 0.6370
vn -0.9654 0.1609 -0.2051
vn 0.4886 -0.2147 -0.8457
vn 0.3959 0.8198 0.4138
vn -0.5315 -0.8374 -0.1276
vn -0.0804 0.3033 0.9495
vn -0.3476 0.7119 -0.6103
vn 0.9605 -0.1797 -0.2123
vn -0.9087 0.0061 0.4174
vn 0.4608 -0.8598 0.2202
vn 0.5363 0.7662 0.3540
vn -0.0870 0.0854 -0.9925
vn 0.0467 -0.3242 0.9448
vn -0.6894 -0.5235 -0.5006
vn 0.8910 -0.1225 -0.4371
vn -0.2487 0.9686 -0.0079
vn 0.1143 -0.9463 0.3025
vn -0.8447 0.3722 0.3847
vn -0.0476 0.0286 -0.9985
vn 0.7781 0.5449 0.3124
vn -0.7763 -0.4387 -0.4526
vn 0.1658 -0.4421 0.8815
vn -0.2026 0.9681 0.1473
vn 0.8131 -0.0881 -0.5754
vn -0.3018 -0.6653 -0.6829
vn 0.2980 -0.4830 0.8234
vn -0.7572 0.6124 0.2272
vn 0.7599 0.5357 -0.3681
vn -0.4911 0.8023 0.3393
vn -0.6053 -0.5394 -0.5854
vn 0.3005 -0.5565 0.7746
vn 0.7956 0.2936 -0.5300
vn -0.9335 0.1700 0.3157
vn 0.1585 0.4980 -0.8526
vn 0.1271 -0.9795 -0.1565
vn 0.6491 0.3125 0.6936
vn -0.7651 -0.0520 -0.6419
vn -0.1003 0.8138 0.5723
vn 0.8597 0.0542 -0.5078
vn 0.0057 -0.8164 0.5774
vn -0.2839 0.9065 -0.3125
vn -0.8011 -0.5131 0.3082
vn 0.6467 0.0937 0.7570
vn 0.4371 -0.4882 -0.7554
vn -0.7213 0.4711 0.5077
vn -0.2421 -0.0296 -0.9698
vn 0.0966 -0.9329 0.3469
vn 0.8638 0.4909 0.1132
vn -0.9955 -0.0667 -0.0667
vn 0.2857 0.9311 -0.2266
vn 0.4234 -0.6406 -0.6406
vn 0.2875 -0.2225 0.9316
vn -0.6180 0.3561 -0.7009
vn -0.3259 0.2816 0.9025
vn 0.9209 0.3604 -0.1487
vn 0.0226 -0.9984 -0.0526
vn -0.2773 -0.1159 -0.9538
vn -0.4455 -0.6957 0.5634
vn -0.2686 0.9092 0.3180
vn 0.9927 -0.0957 0.0729
vn -0.8428 0.0836 0.5318
vn -0.0904 0.5122 -0.8541
vn 0.1702 -0.9643 -0.2029
vn 0.7644 0.3685 0.5290
vn -0.9490 0.0464 -0.3120
vn 0.2480 0.8626 0.4409
vn 0.6015 -0.1612 -0.7824
vn 0.0989 -0.7477 0.6566
vn -0.3921 0.7870 -0.4763
vn -0.5385 -0.1953 0.8197
vn 0.9423 0.2041 0.2654
vn -0.0134 -0.7942 -0.6075
vn -0.3948 0.7907 0.4679
vn -0.6384 -0.3290 -0.6958
vn 0.1723 -0.7292 0.6623
vn 0.8610 0.2672 -0.4328
vn -0.8891 -0.0447 0.4555
vn -0.0185 0.7113 -0.7027
vn 0.2037 -0.8816 -0.4257
vn 0.7059 0.2166 0.6743
vn -0.5573 -0.3753 -0.7407
vn -0.4713 0.7815 0.4089
vn 0.8836 0.2942 -0.3643
vn 0.1439 -0.7036 0.6959
vn -0.2483 0.7081 -0.6610
vn -0.7593 -0.6429 0.1009
vn 0.2006 0.4238 0.8833
vn 0.8088 -0.4909 -0.3240
vn -0.8959 0.4428 -0.0351
vn 0.2371 -0.3432 -0.9088
vn -0.0274 -0.7611 0.6481
vn 0.6888 0.6616 0.2964
vn -0.6893 -0.4559 -0.5631
vn -0.0097 0.9818 -0.1897
vn 0.9035 -0.3720 -0.2128
vn -0.2048 -0.1542 0.9666
vn -0.1710 0.2286 -0.9584
vn -0.8566 0.0524 0.5133
vn 0.6572 0.6481 0.3847
vn 0.3698 -0.9272 0.0599
vn -0.5772 0.6975 -0.4246
vn -0.2597 -0.9032 -0.3418
vn -0.1200 0.0280 0.9924
vn 0.9571 0.1781 -0.2286
vn -0.9928 -0.1133 -0.0377
vn 0.3305 0.3167 -0.8891
vn 0.4290 -0.8759 0.2207
vn 0.2331 0.6704 0.7044
vn 0.0096 -0.5906 -0.8069
vn -0.7890 0.6127 -0.0455
vn 0.8398 0.5421 0.0280
vn -0.0615 -0.5635 0.8238
vn -0.1688 0.3341 -0.9273
vn -0.5829 -0.7932 0.1764
vn -0.2114 0.7246 0.6559
vn 0.9601 -0.2630 0.0949
vn -0.9346 0.3014 0.1890
vn 0.0632 -0.3167 -0.9464
vn 0.2408 -0.7481 0.6183
vn 0.6305 0.7639 0.1375
vn -0.4680 -0.8690 -0.1608
vn -0.5389 0.7459 -0.3915
vn 0.9007 -0.0210 -0.4339
vn 0.1071 0.1439 0.9838
vn -0.2919 -0.0862 -0.9525
vn -0.7694 -0.2051 0.6050
vn 0.3156 0.9342 0.1664
vn 0.7477 -0.6392 0.1797
vn 0.2413 -0.9406 0.2386
vn -0.3023 0.4857 0.8202
vn -0.7372 -0.0048 -0.6757
vn 0.8009 0.4595 -0.3840
vn -0.3102 0.9482 -0.0677
vn -0.7404 -0.5706 0.3554
vn 0.7855 -0.0500 0.6168
vn 0.2670 -0.3287 -0.9059
vn 0.0481 0.3649 0.9298
vn -0.8633 0.2779 -0.4212
vn 0.0534 -0.9981 0.0298
vn 0.7623 0.3564 -0.5402
vn -0.8955 -0.3921 0.2105
vn 0.1057 0.8682 0.4848
vn 0.0710 0.1566 -0.9851
vn 0.7203 -0.6304 0.2893
vn -0.8845 0.4664 -0.0124
vn 0.2308 -0.2528 0.9396
vn 0.7036 0.6118 -0.3614
vn -0.0495 -0.8243 -0.5640
vn 0.5829 -0.7994 0.1455
vn 0.4575 0.8191 0.3461
vn -0.8631 -0.1295 0.4882
vn -0.1791 0.1076 -0.9779
vn 0.2237 -0.1252 0.9666
vn 0.8070 -0.1933 -0.5580
vn -0.2955 0.9428 -0.1540
vn -0.7390 -0.6240 -0.2541
vn 0.9141 0.3199 0.2491
vn -0.1096 -0.9528 0.2832
vn -0.1173 0.0678 -0.9908
vn -0.6886 0.5623 0.4578
vn 0.7872 -0.5948 -0.1629
vn -0.0401 0.2391 0.9702
vn -0.8371 -0.4802 -0.2620
vn 0.0889 0.8330 -0.5462
vn 0.3962 -0.7079 0.5847
vn 0.6648 0.7355 -0.1306
vn -0.8235 0.3678 0.4320
vn -0.2370 -0.3976 -0.8864
vn 0.4971 0.3160 0.8081
vn 0.5637 -0.6572 -0.5003
vn -0.2084 0.7793 -0.5910
vn -0.8529 -0.4386 0.2831
vn 0.9545 0.2451 0.1699
vn -0.2699 -0.7401 0.6160
vn -0.1019 -0.3033 -0.9474
vn -0.5806 0.7984 0.1596
vn 0.1605 0.9686 -0.1900
vn -0.4935 -0.0902 0.8651
vn 0.8753 -0.4794 0.0642
vn -0.5440 -0.3999 -0.7377
vn 0.2624 -0.3769 0.8883
vn 0.8164 0.3114 -0.4863
vn -0.6220 0.7707 0.1382
vn -0.4570 -0.7067 -0.5401
vn 0.7044 0.3672 0.6074
vn 0.2140 -0.9504 -0.2256
vn -0.0306 0.5417 -0.8400
vn -0.8887 0.0432 0.4565
vn 0.9921 -0.0626 -0.1084
vn -0.2494 -0.2631 0.9320
vn -0.4470 -0.6134 -0.6511
vn -0.2959 0.9396 -0.1720
vn 0.6147 -0.7309 0.2964
vn 0.4153 0.8862 0.2055
vn -0.8718 -0.0766 0.4838
vn -0.1557 -0.0763 -0.9849
vn 0.4093 0.1096 0.9058
vn 0.6997 -0.3095 -0.6439
vn -0.3702 0.8765 -0.3078
vn -0.7352 -0.6762 0.0472
vn 0.9212 0.3207 0.2202
vn -0.1261 -0.9235 0.3623
vn -0.1169 -0.0127 -0.9931
vn -0.6753 0.6126 0.4107
vn 0.8596 -0.4810 -0.1727
vn -0.0005 0.3522 0.9359
vn -0.7655 -0.6321 -0.1198
vn -0.0923 0.7593 -0.6442
vn 0.3460 -0.6571 0.6697
vn 0.7468 0.5915 -0.3040
vn -0.7152 0.5583 0.4204
vn -0.3767 -0.4921 -0.7848
vn 0.5083 0.5365 0.6737
vn 0.4866 -0.8539 -0.1845
vn -0.0846 0.5251 -0.8468
vn -0.9104 -0.2070 0.3583
vn 0.8204 0.1583 -0.5494
vn 0.2561 -0.0957 0.9619
vn -0.4535 -0.8364 -0.3079
vn -0.6241 0.7744 -0.1040
vn 0.2964 -0.8734 0.3865
vn 0.8014 0.5585 -0.2140
vn -0.5757 0.4779 0.6635
vn -0.5240 -0.1644 -0.8357
vn 0.2891 0.2848 0.9140
vn 0.7165 -0.5615 -0.4139
vn -0.1615 0.8084 -0.5661
vn -0.8444 -0.5316 0.0661
vn 0.8017 0.5966 -0.0366
vn 0.0766 -0.6127 0.7866
vn -0.0532 -0.5407 -0.8395
vn -0.8262 0.5562 0.0898
vn -0.5502 -0.8210 0.1528
vn 0.9638 -0.2523 -0.0863
vn -0.1117 0.6232 0.7741
vn -0.3026 0.4496 -0.8404
vn 0.4968 -0.5381 0.6809
vn -0.3854 -0.6125 -0.6901
vn 0.6260 0.6447 -0.4387
vn -0.7364 0.5058 0.4492
vn 0.6636 -0.4600 -0.5899
vn -0.4433 -0.6722 0.5929
vn -0.6902 0.4543 -0.5632
vn 0.4718 0.6791 0.5624
vn 0.5069 -0.0965 0.8566
vn -0.9779 0.0719 0.1961
vn 0.1641 -0.8012 -0.5754
vn 0.3087 0.8239 -0.4753
vn -0.4718 0.8720 -0.1304
vn -0.5363 -0.7353 -0.4144
vn 0.1091 -0.1744 0.9786
vn 0.8999 0.0379 -0.4345
vn -0.9244 0.3455 0.1618
vn 0.1748 -0.0340 -0.9840
vn 0.0846 -0.9177 0.3883
vn 0.6659 0.6073 0.4334
vn -0.4361 -0.4835 -0.7590
vn -0.2694 0.9628 -0.0189
vn 0.9938 -0.0715 -0.0856
vn -0.2881 -0.4081 0.8663
vn -0.2673 0.2988 -0.9161
vn -0.8200 -0.1775 0.5441
vn 0.5458 0.7143 0.4380
vn 0.5436 -0.8368 -0.0661
vn -0.7074 0.7003 -0.0958
vn -0.2304 -0.7867 -0.5727
vn 0.0585 -0.2891 0.9555
vn 0.8810 0.3739 -0.2900
vn -0.9863 -0.1377 -0.0912
vn 0.3468 0.4664 -0.8137
vn 0.4522 -0.8873 0.0908
vn 0.1864 0.5557 0.8102
vn -0.4396 -0.2807 -0.8532
vn -0.4883 0.7817 0.3879
vn 0.9477 0.2604 -0.1845
vn -0.0201 -0.7600 0.6496
vn -0.3045 0.7411 -0.5983
vn -0.7522 -0.6418 0.1491
vn 0.2908 0.3805 0.8779
vn 0.7656 -0.4790 -0.4295
vn -0.9048 0.4209 0.0640
vn 0.1349 -0.3685 -0.9198
vn 0.0702 -0.7410 0.6678
vn 0.7004 0.6883 0.1888
vn -0.8073 -0.4073 -0.4270
vn 0.1666 0.9041 -0.3935
vn 0.7962 -0.5829 -0.1625
vn -0.1546 0.0890 0.9840
vn -0.5914 -0.0628 -0.8039
vn -0.4041 0.6328 0.6604
vn 0.9007 0.3356 -0.2760
vn 0.0949 -0.9038 0.4173
vn -0.3319 -0.0956 -0.9385
vn -0.4995 -0.6289 0.5958
vn -0.1475 0.9387 0.3116
vn 0.9767 -0.2123 0.0324
vn -0.8436 0.5154 -0.1505
vn 0.0775 -0.7220 -0.6875
vn -0.0186 -0.4084 0.9126
vn 0.7849 0.6152 -0.0735
vn 0.6856 0.7025 -0.1911
vn 0.0018 -0.6747 -0.7381
vn -0.9017 0.4277 0.0629
vn 0.2152 -0.4516 0.8659
vn -0.3429 -0.5347 -0.7723
vn -0.7670 0.4375 0.4694
vn 0.6298 0.7007 -0.3352
vn 0.4787 -0.6041 0.6372
vn -0.7069 0.2760 -0.6513
vn -0.2120 -0.9117 0.3520
vn 0.0287 0.6542 0.7558
vn 0.8884 -0.0185 -0.4586
vn -0.9815 -0.0647 0.1803
vn 0.1725 -0.1888 -0.9668
vn 0.4892 -0.6663 0.5628
vn 0.3202 0.9206 0.2235
vn -0.4800 -0.7380 -0.4744
vn -0.5069 0.8546 -0.1126
vn 0.9166 0.1038 -0.3861
vn 0.0703 -0.2199 0.9730
vn -0.5680 -0.0776 -0.8194
vn -0.5609 -0.1675 0.8107
vn 0.3877 0.9205 0.0489
vn 0.7374 -0.6743 -0.0393
vn -0.5797 0.6946 0.4260
vn -0.5333 -0.5170 -0.6696
vn 0.3434 -0.6225 0.7032
vn 0.7692 0.4437 -0.4598
vn -0.9492 -0.0962 0.2996
vn 0.0505 0.6765 -0.7347
vn 0.3342 -0.8818 -0.3327
vn 0.5654 0.3015 0.7678
vn -0.1747 -0.4997 -0.8484
vn -0.7745 0.6012 0.1969
vn 0.8299 0.5492 -0.0987
vn 0.1204 -0.6500 0.7503
vn 0.0388 0.5962 0.8019
vn -0.4650 0.4741 -0.7477
vn -0.5018 -0.8331 0.2328
vn 0.9271 -0.2388 -0.2889
vn 0.8681 0.0133 0.4961
vn -0.6528 -0.5786 0.4890
vn 0.1460 -0.3687 -0.9180
vn -0.3598 0.9307 -0.0650
vn -0.0382 -0.9830 -0.1796
vn 0.1536 0.1522 0.9763
vn -0.8642 0.4225 -0.2731
vn 0.7496 0.4071 -0.5218
vn 0.4138 -0.8671 0.2773
vn 0.6693 0.7364 0.0985
vn -0.7917 0.1909 0.5802
vn -0.2900 -0.0598 -0.9551
vn 0.3084 0.2236 0.9246
vn 0.6579 -0.6191 -0.4289
vn -0.0683 0.8394 -0.5393
vn -0.8963 -0.4415 0.0420
vn -0.0633 0.4766 0.8768
vn -0.3564 -0.9286 0.1028
vn 0.9551 -0.0388 -0.2936
vn -0.5378 0.4897 -0.6862
vn 0.6394 -0.7238 0.2595
vn 0.1604 0.8104 0.5635
vn -0.9368 -0.3216 0.1375
vn 0.1383 0.2365 -0.9617
vn 0.3596 -0.2890 0.8872
vn 0.7573 0.2666 -0.5962
vn -0.6129 0.7795 0.1295
vn -0.5062 -0.7540 -0.4186
vn 0.6593 0.5335 0.5298
vn 0.2886 -0.9572 -0.0219
vn -0.0469 0.3563 -0.9332
vn -0.9024 0.0648 0.4261
vn 0.9983 -0.0215 -0.0542
vn -0.2828 -0.0359 0.9585
vn -0.3762 -0.7873 -0.4884
vn -0.3383 0.8453 -0.4135
vn 0.5010 -0.6120 0.6119
vn 0.4349 0.9005 -0.0016
vn -0.9449 0.0895 0.3149
vn 0.0083 -0.3758 -0.9267
vn 0.3101 0.2672 0.9124
vn 0.7900 -0.2644 -0.5532
vn -0.4680 0.7719 -0.4302
vn -0.6313 -0.7722 0.0722
vn 0.8322 0.4889 0.2615
vn -0.0503 -0.8653 0.4988
vn 0.0155 -0.1801 -0.9835
vn -0.7984 0.5582 0.2259
vn 0.8283 -0.5602 -0.0113
vn -0.0007 0.5790 0.8153
vn -0.8037 -0.5950 0.0110
vn -0.0229 0.5760 -0.8171
vn 0.5089 -0.4926 0.7059
vn 0.5867 0.7013 -0.4049
vn -0.8050 0.4314 0.4073
vn -0.2926 -0.6408 -0.7097
vn 0.5701 0.5053 0.6478
vn 0.5400 -0.7336 -0.4126
vn -0.3253 0.6202 -0.7138
vn -0.7850 -0.3907 0.4808
vn 0.9483 0.2835 -0.1429
vn -0.0711 -0.5196 0.8514
vn -0.2951 -0.5725 -0.7649
vn -0.5843 0.8095 0.0575
vn 0.7564 -0.6396 0.1367
vn 0.2006 0.8596 0.4700
vn -0.8403 -0.3952 0.3712
vn -0.1163 0.1749 -0.9777
vn 0.4416 -0.0317 0.8967
vn 0.6905 0.1469 -0.7083
vn -0.6632 0.7483 -0.0182
vn -0.4720 -0.8653 -0.1688
vn 0.7288 0.5521 0.4050
vn 0.2815 -0.9591 -0.0287
vn -0.1852 0.3230 -0.9281
vn -0.8283 0.0855 0.5537
vn 0.9110 -0.2199 -0.3490
vn 0.0326 0.0663 0.9973
vn -0.6444 -0.7178 -0.2638
vn -0.3004 0.8737 -0.3826
vn 0.7041 -0.6032 0.3747
vn 0.3523 0.9348 -0.0461
vn -0.8071 -0.0218 0.5900
vn -0.2475 -0.3093 -0.9182
vn 0.4679 0.2760 0.8396
vn 0.6752 -0.1456 -0.7231
vn -0.6375 0.7193 -0.2759
vn -0.5050 -0.8482 0.1599
vn 0.7812 0.5620 0.2718
vn 0.1570 -0.9467 0.2814
vn -0.1087 0.0412 -0.9932
vn -0.8286 0.3441 0.4416
vn 0.8377 -0.4885 -0.2441
vn 0.1278 0.4632 0.8770
vn -0.7553 -0.6516 0.0701
vn -0.2093 0.6769 -0.7057
vn 0.6428 -0.4975 0.5824
vn 0.4574 0.7963 -0.3958
vn -0.7830 0.3014 0.5441
vn -0.3171 -0.6014 -0.7333
vn 0.6133 0.4283 0.6636
vn 0.5228 -0.6139 -0.5914
vn -0.4359 0.7081 -0.5556
vn -0.7013 -0.5213 0.4862
vn 0.8839 0.4539 -0.1127
vn 0.0524 -0.6523 0.7561
vn -0.2369 -0.4850 -0.8418
vn -0.7015 0.6844 0.1986
vn 0.7939 -0.6060 0.0489
vn 0.1984 0.8461 0.4948
vn -0.7908 -0.4510 0.4137
vn -0.2015 0.2106 -0.9566
vn 0.5431 -0.0627 0.8373
vn 0.5983 0.2153 -0.7718
vn -0.6848 0.7213 0.1038
vn -0.4581 -0.8733 -0.1659
vn 0.7295 0.6446 0.2288
vn 0.3625 -0.9320 0.0035
vn -0.3599 0.2162 -0.9076
vn -0.7328 0.0732 0.6765
vn 0.9058 -0.1342 -0.4019
vn 0.0810 0.0447 0.9957
vn -0.5929 -0.7648 -0.2521
vn -0.3956 0.8524 -0.3419
vn 0.7268 -0.5670 0.3877
vn 0.3361 0.9339 -0.1219
vn -0.7843 0.0081 0.6204
vn -0.2795 -0.3750 -0.8839
vn 0.5340 0.3435 0.7726
vn 0.6187 -0.3739 -0.6909
vn -0.5325 0.7475 -0.3970
vn -0.6193 -0.7183 0.3170
vn 0.8591 0.5078 -0.0636
vn 0.1262 -0.7946 0.5939
vn -0.2749 -0.3048 -0.9119
vn -0.7090 0.5927 0.3822
vn 0.8328 -0.5417 -0.1136
vn 0.1134 0.6251 0.7722
vn -0.7742 -0.6082 0.1751
vn -0.1724 0.5251 -0.8334
vn -0.0183 -0.0328 -0.9993
vn 0.0409 0.9526 0.3015
vn 0.8042 -0.4910 0.3350
vn -0.8265 -0.4287 0.3647
vn 0.6100 0.6261 0.4857
vn 0.5032 -0.8272 -0.2500
vn -0.3438 0.4436 -0.8276
vn -0.7676 -0.2439 0.5928
vn 0.9173 0.2540 -0.3066
vn 0.0566 -0.4160 0.9076
vn -0.3978 -0.6544 -0.6431
vn -0.5749 0.8172 0.0411
vn 0.8125 -0.5698 0.1232
vn 0.1482 0.8887 0.4338
vn -0.7907 -0.4470 0.4184
vn -0.1706 0.1276 -0.9770
vn 0.5673 -0.0497 0.8220
vn 0.5737 0.2396 -0.7832
vn -0.7061 0.6974 0.1230
vn -0.4324 -0.8872 -0.1611
vn 0.6965 0.6528 0.2979
vn 0.3292 -0.9330 0.1454
vn -0.1894 0.1365 -0.9724
vn -0.8364 0.1441 0.5288
vn 0.9200 -0.1392 -0.3664
vn 0.0526 0.1388 0.9889
vn -0.5600 -0.8047 -0.1972
vn -0.4127 0.8045 -0.4272
vn 0.7134 -0.5193 0.4705
vn 0.3361 0.9188 -0.2068
vn -0.8091 0.0662 0.5839
vn -0.2410 -0.4668 -0.8509
vn 0.4986 0.4335 0.7506
vn 0.6487 -0.4215 -0.6337
vn -0.5382 0.6875 -0.4875
vn -0.6118 -0.6995 0.3693
vn 0.8499 0.5246 -0.0488
vn 0.1068 -0.7508 0.6518
vn -0.2169 -0.3721 -0.9025
vn -0.7421 0.5992 0.3003
vn 0.8695 -0.4911 -0.0533
vn 0.0427 0.6708 0.7404
vn -0.7413 -0.6470 0.1787
vn -0.1718 0.4674 -0.8672
vn 0.6340 -0.3535 0.6878
vn 0.4896 0.6036 -0.6292
vn -0.7297 0.5135 0.4515
vn -0.3955 -0.7637 -0.5103
vn 0.5945 0.6607 0.4584
vn 0.5186 -0.8311 -0.2010
vn -0.3421 0.3932 -0.8534
vn -0.7708 -0.2233 0.5967
vn 0.9515 0.1095 -0.2875
vn -0.0314 -0.2100 0.9772
vn -0.4189 -0.7490 -0.5133
vn -0.5011 0.8473 -0.1762
vn 0.8058 -0.5379 0.2477
vn 0.1320 0.9483 0.2887
vn -0.8060 -0.3775 0.4559
vn -0.1301 -0.0330 -0.9910
vn 0.4397 0.1297 0.8887
vn 0.6859 0.0778 -0.7235
vn -0.7022 0.6995 -0.1324
vn -0.4216 -0.9062 -0.0337
vn 0.6951 0.6933 0.1899
vn 0.3486 -0.9012 0.2577
vn -0.2194 0.0032 -0.9756
vn -0.8233 0.2026 0.5302
vn 0.9481 -0.2059 -0.2422
vn -0.0544 0.2228 0.9734
vn -0.5714 -0.7974 -0.1941
vn -0.3207 0.7803 -0.5370
vn 0.7396 -0.4635 0.4881
vn 0.2482 0.9565 -0.1533
vn -0.8381 -0.0427 0.5438
vn -0.1501 -0.4488 -0.8809
vn 0.4296 0.4456 0.7854
vn 0.7079 -0.3821 -0.5940
vn -0.5370 0.6722 -0.5096
vn -0.5999 -0.7345 0.3172
vn 0.8169 0.5648 -0.1173
vn 0.1517 -0.6498 0.7448
vn -0.1855 -0.4982 -0.8470
vn -0.7807 0.5839 0.2226
vn 0.9472 -0.3171 0.0472
vn -0.1286 0.7637 0.6327
vn -0.6151 -0.7474 0.2510
vn -0.2028 0.3025 -0.9313
vn 0.5084 -0.1476 0.8484
vn 0.5375 0.5775 -0.6144
vn -0.8689 0.4486 0.2094
vn -0.1779 -0.8789 -0.4425
vn 0.5447 0.6365 0.5460
vn 0.5395 -0.8189 -0.1957
vn -0.2618 0.4391 -0.8595
vn -0.8235 -0.2548 0.5069
vn 0.9356 0.0131 -0.3528
vn 0.0238 -0.0272 0.9993
vn -0.4749 -0.8085 -0.3475
vn -0.4834 0.8226 -0.2995
vn 0.8834 -0.4451 0.1463
vn 0.0366 0.9393 0.3411
vn -0.7117 -0.5036 0.4897
vn -0.2088 0.0105 -0.9779
vn 0.8643 -0.0695 0.4981
vn 0.1083 0.6316 -0.7677
vn -0.7116 0.3395 0.6151
vn -0.2614 -0.9005 -0.3476
vn 0.2309 -0.3321 -0.9145
vn -0.6752 0.7338 -0.0752
vn 0.8249 0.3487 0.4449
vn -0.3797 -0.7488 0.5432
vn -0.9325 -0.2815 0.2263
vn 0.2014 0.8725 0.4451
vn 0.0862 0.1020 -0.9910
vn 0.6445 -0.6940 0.3208
vn -0.8959 0.4315 -0.1056
vn 0.1555 -0.2117 0.9649
vn 0.7101 0.6242 -0.3258
vn 0.0275 -0.8454 -0.5335
vn -0.1888 0.5495 0.8139
vn -0.8177 -0.5182 -0.2509
vn 0.7501 -0.6331 0.1908
vn 0.2583 0.6020 -0.7556
vn -0.5119 -0.4454 0.7346
vn -0.3950 0.9007 -0.1810
vn -0.0492 -0.5583 -0.8282
vn 0.9559 0.1025 0.2753
vn -0.9954 0.0868 0.0405
vn 0.3971 0.2823 0.8733
vn 0.3528 0.5832 -0.7317
vn 0.2457 -0.9522 -0.1813
vn -0.5958 0.6907 0.4099
vn -0.1633 -0.8848 0.4364
vn 0.9550 0.2660 0.1313
vn -0.1951 -0.0729 -0.9781
vn -0.1416 0.0017 0.9899
vn -0.8849 -0.0507 -0.4631
vn 0.5565 -0.7910 -0.2544
vn 0.4684 0.8406 -0.2719
vn -0.5443 -0.7622 0.3504
vn -0.2755 0.8434 0.4613
vn -0.1508 0.0907 -0.9844
vn 0.9696 -0.1723 0.1737
vn -0.9782 0.0347 0.2046
vn 0.5054 -0.2403 0.8287
vn 0.3056 0.8943 -0.3270
vn 0.1676 -0.6884 -0.7057
vn -0.4701 0.4313 0.7700
vn 0.1037 -0.9783 0.1793
vn 0.9024 0.4153 -0.1149
vn -0.5360 0.1323 -0.8338
vn -0.4470 -0.7835 -0.4316
vn 0.9873 -0.1559 0.0316
vn -0.3496 0.1132 0.9300
vn -0.1914 0.8257 -0.5306
vn -0.0616 -0.9059 -0.4191
vn 0.7067 0.5355 -0.4623
vn 0.2343 -0.0954 0.9675
vn -0.8802 0.4669 -0.0849
vn -0.3079 0.9342 -0.1800
vn 0.9235 0.0229 0.3830
vn 0.0054 -0.5202 -0.8540
vn -0.6214 -0.4355 0.6513
vn 0.4152 -0.7967 -0.4392
vn 0.3738 0.8353 -0.4032
vn 0.2015 -0.0164 0.9794
vn -0.9903 -0.0213 -0.1373
vn -0.4609 0.8188 0.3424
vn 0.9825 0.0746 0.1707
vn -0.1620 -0.0872 -0.9829
vn -0.3607 -0.8053 0.4705
vn 0.5345 -0.8378 0.1115
vn 0.3573 0.5221 -0.7745
vn 0.0651 0.5510 0.8320
vn -0.9571 -0.2349 -0.1696
vn -0.6109 0.7044 -0.3613
vn 0.9080 0.3924 0.1470
vn 0.0633 -0.7549 -0.6528
vn -0.3605 -0.3421 0.8678
vn 0.6016 -0.3674 0.7093
vn 0.4788 -0.0061 -0.8779
vn -0.2593 0.9371 0.2337
vn -0.8227 -0.5647 -0.0656
vn 0.7603 -0.2778 0.5872
vn 0.0193 -0.5332 -0.8458
vn 0.0849 0.9723 -0.2178
vn -0.8642 -0.1632 0.4759
vn 0.3565 -0.5625 0.7460
vn -0.1933 -0.5787 -0.7923
vn 0.6793 0.6899 -0.2501
vn -0.8412 0.4528 0.2954
vn 0.1661 -0.4190 0.8927
vn -0.2246 -0.7131 -0.6641
vn 0.8210 0.4873 -0.2974
vn -0.7618 0.6441 0.0683
vn -0.9076 -0.1586 -0.3888
vn 0.6849 -0.4861 -0.5428
vn 0.0229 -0.3361 0.9415
vn 0.2013 0.9795 -0.0093
vn 0.9503 0.2350 0.2040
vn -0.1559 -0.9650 0.2109
vn -0.1844 0.1607 -0.9696
vn -0.6093 0.5659 0.5554
vn -0.9546 -0.2925 0.0571
vn 0.4660 -0.5228 -0.7138
vn 0.4523 -0.1617 0.8771
vn 0.0362 0.9746 -0.2211
vn 0.8557 0.3860 -0.3445
vn 0.1444 -0.9553 0.2581
vn -0.6987 0.0490 -0.7137
vn -0.3009 0.5177 0.8009
vn -0.8410 -0.3987 0.3658
vn 0.2957 -0.5229 -0.7994
vn 0.7135 -0.0291 0.7000
vn -0.1670 0.9490 -0.2675
vn 0.3465 0.4492 -0.8235
vn 0.6227 -0.7354 0.2672
vn -0.9052 -0.3819 -0.1864
vn -0.0659 0.6672 0.7420
vn 0.0910 -0.1837 0.9788
vn -0.0269 -0.8650 -0.5011
vn 0.7807 0.5401 -0.3143
vn -0.8457 0.5071 -0.1664
vn 0.4968 -0.1724 0.8505
vn -0.4607 -0.8392 -0.2890
vn 0.6428 0.2893 -0.7093
vn -0.6776 0.7205 0.1474
vn 0.2145 -0.1115 -0.9703
vn 0.2936 -0.8130 0.5029
vn -0.9865 0.1226 0.1082
vn 0.4780 0.8018 0.3586
vn -0.9543 -0.2984 0.0179
vn 0.5601 -0.7024 -0.4392
vn 0.3213 0.1477 0.9354
vn 0.0708 0.8540 -0.5154
vn -0.0722 -0.6846 0.7253
vn -0.4181 -0.3554 -0.8360
vn 0.9640 0.2049 -0.1697
vn -0.4754 0.8341 0.2800
vn 0.4275 -0.6990 -0.5733
vn -0.7403 -0.4094 0.5333
vn -0.3687 0.7236 -0.5835
vn 0.6808 0.3852 0.6230
vn -0.8837 0.2566 -0.3914
vn 0.0835 -0.9964 0.0115
vn 0.0673 0.3521 0.9335
vn 0.7345 0.3897 -0.5555
vn 0.5284 0.1250 0.8398
vn -0.7453 -0.6453 0.1677
vn 0.5939 -0.3576 -0.7206
vn -0.3800 0.8793 -0.2870
vn -0.8947 0.3559 -0.2700
vn 0.1041 -0.9336 -0.3427
vn 0.0723 -0.0000 0.9974
vn 0.7184 0.5793 -0.3851
vn -0.1328 -0.7046 0.6971
vn -0.7174 -0.0748 -0.6927
vn 0.8936 -0.1219 -0.4321
vn -0.0447 0.9025 0.4284
vn -0.1364 -0.9238 -0.3577
vn -0.8178 0.2885 0.4980
vn 0.1694 0.6281 -0.7595
vn 0.7853 0.0061 0.6191
vn -0.0179 -0.8803 0.4740
vn -0.0727 0.7410 0.6675
vn -0.7689 0.0518 -0.6373
vn 0.8595 0.0883 -0.5034
vn 0.0702 0.1287 -0.9892
vn -0.0386 0.8913 0.4518
vn 0.7982 -0.5043 0.3294
vn -0.8310 -0.5153 0.2095
vn -0.2363 0.4270 0.8728
vn 0.1488 0.7122 -0.6860
vn -0.7476 -0.5973 -0.2904
vn 0.8345 -0.5409 0.1050
vn 0.1053 0.9279 0.3577
vn -0.0247 0.0263 -0.9993
vn -0.8528 -0.3954 0.3413
vn 0.7715 -0.5611 0.3000
vn -0.5912 0.5952 -0.5443
vn 0.8689 0.4633 0.1744
vn 0.1720 -0.8484 -0.5006
vn -0.4466 -0.2122 0.8692
vn 0.3990 0.5706 -0.7178
vn -0.5308 0.5736 0.6238
vn 0.7307 -0.4554 0.5086
vn -0.5985 -0.6870 -0.4121
vn 0.3665 0.9295 0.0419
vn -0.7077 -0.0456 -0.7050
vn -0.3973 -0.2443 0.8846
vn 0.7357 -0.6397 -0.2226
vn -0.6584 0.7484 0.0794
vn 0.7627 0.2908 -0.5777
vn -0.4452 -0.7955 -0.4111
vn 0.3418 -0.2417 0.9081
vn -0.1827 0.5646 -0.8049
vn 0.2432 0.5871 0.7721
vn 0.7553 -0.6253 -0.1963
vn -0.8177 -0.5278 0.2296
vn 0.5123 0.8187 -0.2594
vn -0.9643 0.2337 0.1245
vn 0.3679 -0.3656 0.8550
vn 0.0847 -0.6875 -0.7212
vn -0.2165 0.8431 0.4922
vn 0.0144 0.1814 -0.9833
vn -0.6948 -0.6908 0.2001
vn 0.8968 -0.3356 0.2882
vn -0.7148 0.6013 -0.3572
vn 0.8313 0.5329 0.1582
vn 0.1906 -0.7243 -0.6626
vn -0.3056 -0.4090 0.8598
vn 0.1399 0.7292 -0.6698
vn -0.4349 0.3762 0.8181
vn 0.8823 -0.4013 0.2458
vn -0.5870 -0.7054 -0.3974
vn 0.3407 0.9249 0.1689
vn -0.8753 0.0476 -0.4812
vn -0.1261 -0.4744 0.8712
vn 0.6613 -0.4994 -0.5597
vn -0.0667 0.9226 0.3799
vn 0.4687 0.0379 -0.8826
vn -0.9178 -0.3765 -0.1264
vn 0.5160 -0.5829 0.6277
vn -0.5390 0.5732 -0.6172
vn 0.4372 0.5746 0.6919
vn 0.7018 -0.4834 -0.5232
vn -0.5999 -0.6634 0.4472
vn 0.3375 0.8793 -0.3359
vn -0.9263 0.1130 0.3594
vn 0.6021 -0.3301 0.7270
vn -0.0120 -0.6604 -0.7508
vn -0.1504 0.8640 0.4805
vn -0.2988 0.0900 -0.9501
vn -0.5225 -0.7253 0.4483
vn 0.9733 -0.2286 0.0226
vn -0.8746 0.4667 -0.1310
vn 0.7445 0.6661 -0.0461
vn 0.1223 -0.6885 -0.7149
vn 0.0091 -0.4461 0.8949
vn -0.0281 0.6649 -0.7464
vn -0.5184 0.3507 0.7799
vn 0.9500 -0.1518 0.2730
vn -0.4032 -0.8626 -0.3054
vn 0.2863 0.9187 0.2720
vn -0.8166 0.0634 -0.5737
vn -0.2067 -0.5395 0.8162
vn 0.7363 -0.4422 -0.5121
vn -0.7358 0.5245 0.4284
vn 0.4881 0.5803 -0.6519
vn -0.3857 -0.7881 -0.4797
vn 0.6344 -0.3162 0.7054
vn -0.2176 -0.1780 -0.9597
vn -0.2986 0.9217 0.2477
vn 0.9873 -0.0768 0.1391
vn -0.4726 -0.6673 0.5756
vn -0.5348 0.1078 0.8381
vn 0.8450 0.5294 0.0753
vn -0.5322 0.3301 -0.7796
vn 0.2229 -0.9658 -0.1326
vn -0.1324 0.8484 0.5125
vn 0.2841 -0.7266 0.6256
vn 0.7065 0.1377 -0.6941
vn -0.8585 -0.2582 -0.4431
vn 0.6642 0.4554 0.5928
vn -0.9178 0.1111 0.3811
vn 0.2206 -0.9735 -0.0601
vn 0.0337 0.4054 -0.9135
vn -0.5802 -0.7912 0.1934
vn 0.3148 0.4015 0.8601
vn -0.5243 0.6790 -0.5138
vn 0.7891 -0.2910 -0.5410
vn -0.7338 -0.1680 0.6583
vn 0.7706 -0.6041 0.2031
vn 0.2974 0.9528 0.0617
vn -0.3340 -0.1818 -0.9249
vn 0.6805 0.3835 0.6244
vn -0.5375 -0.6956 0.4767
vn 0.4640 -0.4159 -0.7822
vn -0.6052 0.7297 -0.3184
vn -0.9156 -0.1281 -0.3812
vn 0.4433 -0.8895 0.1108
vn -0.0686 0.4499 0.8904
vn 0.5426 0.5671 -0.6197
vn 0.9880 -0.0260 -0.1524
vn -0.2026 -0.3112 0.9285
vn -0.4530 -0.6001 -0.6593
vn -0.3323 0.9362 -0.1147
vn -0.8912 0.2036 0.4054
vn 0.1649 -0.9855 0.0408
vn 0.7147 0.4796 0.5091
vn 0.0118 0.3002 -0.9538
vn -0.8209 -0.2411 -0.5177
vn 0.7805 -0.5199 -0.3472
vn -0.1423 -0.2183 0.9655
vn 0.1813 0.9782 -0.1012
vn 0.8105 0.4997 -0.3056
vn 0.2724 -0.7144 0.6445
vn -0.4526 -0.4183 -0.7875
vn -0.6295 0.6347 0.4483
vn -0.7287 -0.3385 0.5954
vn 0.4628 -0.7745 -0.4312
vn 0.6566 0.5258 0.5408
vn -0.3932 0.5883 -0.7066
vn 0.3241 -0.3546 0.8771
vn 0.0218 -0.7282 -0.6851
vn 0.5916 0.7510 -0.2932
vn -0.9380 0.3318 0.1005
vn -0.5891 -0.0306 -0.8075
vn 0.4882 0.8724 0.0244
vn 0.6593 -0.7508 -0.0394
vn -0.5599 -0.0892 0.8237
vn 0.8238 0.2055 -0.5283
vn -0.7208 0.6484 -0.2448
vn 0.2019 0.0777 0.9763
vn -0.3055 -0.9305 -0.2020
vn -0.9214 -0.3788 0.0866
vn 0.0499 0.8718 0.4873
vn 0.2114 0.1463 -0.9664
vn 0.6609 -0.6400 0.3919
vn 0.9316 0.3543 0.0811
vn -0.5922 0.7070 -0.3865
vn -0.3377 -0.2599 0.9047
vn -0.0011 -0.8018 -0.5976
vn -0.9357 -0.2120 0.2819
vn 0.2619 0.8949 0.3613
vn 0.0511 0.0150 -0.9986
vn 0.6225 -0.6973 0.3553
vn 0.9788 0.2042 -0.0181
vn -0.5044 0.7440 -0.4383
vn -0.3023 -0.0959 0.9484
vn -0.1715 -0.8524 -0.4940
vn -0.8419 -0.1772 -0.5098
vn -0.1250 0.8017 0.5844
vn 0.7485 0.1690 -0.6412
vn 0.2202 -0.7949 0.5654
vn 0.1454 -0.2265 0.9631
vn -0.0689 0.9924 -0.1023
vn -0.8451 -0.4274 -0.3211
vn 0.7705 -0.3373 -0.5408
vn 0.3474 0.6708 0.6553
vn -0.7776 0.3890 -0.4939
vn -0.2913 -0.8221 0.4892
vn 0.7223 -0.2372 -0.6496
vn -0.6023 -0.0330 0.7976
vn 0.0165 0.9312 -0.3641
vn -0.3395 -0.6263 -0.7018
vn 0.9251 -0.2692 0.2677
vn -0.6468 0.0222 -0.7623
vn -0.2562 0.6918 0.6752
vn 0.9209 0.1924 -0.3390
vn -0.0186 -0.9046 0.4258
vn 0.5986 0.1336 0.7898
vn -0.0776 0.8592 -0.5057
vn -0.9054 -0.2881 0.3118
vn 0.3857 -0.7053 -0.5948
vn -0.2874 0.6031 0.7441
vn 0.8465 0.3477 -0.4031
vn -0.7148 -0.0320 -0.6986
vn 0.1556 -0.9202 0.3591
vn 0.6991 -0.7075 -0.1034
vn -0.1530 0.4496 -0.8800
vn 0.3066 0.6766 0.6695
vn -0.8515 -0.4192 0.3148
vn -0.9963 0.0819 -0.0272
vn 0.4123 0.7991 -0.4376
vn 0.2807 -0.8282 -0.4851
vn 0.3045 -0.0509 0.9512
vn 0.7730 0.5113 0.3756
vn 0.2278 -0.3162 -0.9210
vn -0.8040 0.5933 -0.0398
vn -0.1956 -0.7872 0.5848
vn 0.2914 -0.2974 0.9092
vn 0.0861 -0.7615 -0.6424
vn 0.5766 0.7591 -0.3021
vn -0.9534 0.2994 0.0370
vn 0.5089 -0.3786 -0.7731
vn 0.6343 0.2054 0.7453
vn -0.6771 -0.6653 0.3146
vn -0.4641 0.8381 -0.2868
vn 0.3686 0.9296 -0.0026
vn -0.1247 -0.3057 0.9439
vn 0.6359 -0.6142 -0.4674
vn -0.8805 -0.0119 -0.4739
vn -0.9003 -0.3170 0.2983
vn 0.6871 -0.6915 0.2230
vn 0.2227 0.8567 0.4653
vn -0.0097 0.1505 -0.9886
vn -0.5568 -0.4766 0.6803
vn 0.0768 -0.5642 -0.8221
vn 0.9119 0.1690 0.3740
vn -0.4323 0.8709 -0.2337
vn 0.8703 -0.2510 -0.4237
vn -0.4975 -0.8285 0.2570
vn -0.5470 0.5273 -0.6502
vn 0.1721 0.5516 0.8162
vn -0.3126 -0.5591 -0.7679
vn 0.8176 -0.4132 0.4010
vn -0.7215 0.0493 0.6907
vn 0.2161 0.9215 -0.3228
vn 0.0890 -0.9782 0.1875
vn 0.3339 0.1951 -0.9222
vn 0.5387 0.5175 0.6649
vn -0.9610 0.2675 0.0703
vn 0.8050 -0.5188 -0.2879
vn -0.8240 -0.4380 -0.3594
vn 0.0635 0.9344 -0.3505
vn -0.0432 0.0238 0.9988
vn 0.2349 -0.4544 -0.8593
vn 0.0309 -0.6619 0.7490
vn -0.9206 0.3843 -0.0689
vn 0.6561 0.7333 0.1785
vn -0.4207 -0.8757 -0.2370
vn 0.9816 -0.0394 -0.1869
vn -0.1476 0.1892 0.9708
vn -0.4144 0.7275 -0.5468
vn 0.4282 -0.8792 0.2092
vn -0.2360 0.0342 -0.9711
vn 0.6386 0.7390 0.2144
vn -0.8302 0.1068 0.5471
vn 0.6238 -0.4653 -0.6280
vn -0.7207 -0.6334 0.2820
vn -0.4107 0.7871 -0.4602
vn 0.5072 0.3122 0.8033
vn -0.3803 -0.5863 -0.7152
vn 0.7430 -0.4808 0.4656
vn -0.7137 0.2277 0.6624
vn 0.3525 0.8398 -0.4129
vn -0.1442 -0.9806 0.1330
vn 0.5657 0.1468 -0.8115
vn 0.4628 0.3821 0.7998
vn -0.8831 0.4533 -0.1211
vn 0.7548 -0.6372 -0.1558
vn -0.7828 -0.2672 -0.5620
vn 0.2900 0.9244 -0.2476
vn -0.2601 -0.0191 0.9654
vn 0.2903 -0.4115 -0.8640
vn -0.2332 -0.7235 0.6497
vn -0.7996 0.5796 -0.1570
vn 0.7444 0.5548 0.3715
vn -0.4540 -0.7081 -0.5408
vn 0.9819 -0.1856 0.0390
vn -0.3755 0.0023 0.9268
vn -0.1543 0.8922 -0.4245
vn 0.3241 -0.9287 0.1804
vn -0.1569 0.1119 -0.9812
vn 0.6887 0.6583 0.3039
vn -0.8541 0.1586 0.4954
vn 0.6033 -0.4485 -0.6595
vn -0.8234 -0.5537 0.1246
vn -0.2547 0.9049 -0.3410
vn 0.4743 0.0959 0.8751
vn -0.3544 -0.3971 -0.8466
vn 0.5273 -0.6892 0.4970
vn -0.7633 0.3085 0.5676
vn 0.5890 0.7780 -0.2188
vn -0.4172 -0.8918 -0.1751
vn 0.7288 0.1635 -0.6649
vn 0.3822 0.0150 0.9239
vn -0.6940 0.7152 -0.0830
vn 0.5920 -0.7911 -0.1540
vn -0.7459 -0.0104 -0.6660
vn 0.5304 0.8412 -0.1053
vn -0.3774 -0.0398 0.9252
vn 0.2483 -0.3761 -0.8927
vn -0.3860 -0.7242 0.5714
vn -0.6764 0.7265 -0.1212
vn 0.8162 0.3735 0.4409
vn -0.6632 -0.5769 -0.4767
vn 0.8929 -0.4502 0.0065
vn -0.3026 0.1490 0.9414
vn 0.0730 0.8788 -0.4717
vn -0.0998 -0.9579 0.2693
vn 0.0704 0.0632 -0.9955
vn 0.8266 0.3770 0.4179
vn -0.7972 0.5178 0.3106
vn 0.7256 -0.5284 -0.4407
vn -0.8398 -0.5425 0.0218
vn -0.1607 0.8430 -0.5133
vn 0.2738 0.2268 0.9347
vn -0.1077 -0.6269 -0.7716
vn 0.4201 -0.4839 0.7677
vn -0.8976 0.3442 0.2755
vn 0.5831 0.7655 -0.2722
vn -0.6235 -0.7214 0.3013
vn 0.7859 -0.4107 -0.4622
vn 0.3137 0.5229 0.7926
vn -0.4777 0.6100 -0.6322
vn 0.3635 0.6374 -0.6794
vn 0.7517 -0.3573 0.5543
vn -0.4614 -0.7560 -0.4643
vn -0.6518 0.4768 0.5897
vn 0.5267 0.6904 -0.4959
vn 0.0594 0.1756 0.9827
vn 0.3713 -0.9074 -0.1968
vn -0.9561 0.0410 -0.2903
vn 0.8513 -0.2447 0.4641
vn -0.1334 0.9899 0.0481
vn -0.7673 -0.4613 0.4454
vn 0.0483 -0.2862 -0.9570
vn -0.6735 0.3386 -0.6571
vn -0.3034 0.2097 0.9295
vn 0.8821 0.4393 -0.1701
vn 0.0959 -0.9901 -0.1025
vn 0.1712 -0.6267 0.7602
vn 0.3750 0.9010 0.2181
vn -0.9852 0.0787 -0.1524
vn 0.4397 -0.3518 -0.8264
vn 0.0273 0.6122 -0.7903
vn -0.4747 0.4530 0.7546
vn 0.9327 -0.2249 0.2819
vn -0.4846 -0.8393 -0.2465
vn -0.1339 -0.6265 0.7679
vn 0.5379 0.7876 0.3007
vn -0.8887 0.3126 -0.3354
vn 0.4848 -0.4751 -0.7344
vn 0.5076 0.5212 -0.6861
vn -0.6217 0.6095 0.4919
vn 0.6418 -0.4118 0.6469
vn -0.5278 -0.7193 -0.4517
vn -0.7114 -0.4734 0.5194
vn 0.4682 0.6516 0.5968
vn -0.4142 0.4879 -0.7683
vn 0.6592 -0.6680 -0.3453
vn 0.0796 -0.5119 0.8553
vn 0.3322 0.9334 0.1357
vn -0.9581 0.0267 -0.2850
vn 0.5474 -0.4483 -0.7066
vn -0.9841 -0.1336 -0.1174
vn 0.1654 0.5361 0.8278
vn 0.3672 0.4887 -0.7914
vn 0.4505 -0.8892 0.0799
vn 0.8470 0.4520 -0.2799
vn -0.7284 0.6799 0.0848
vn 0.1374 -0.4511 0.8818
vn -0.2566 -0.6803 -0.6865
vn -0.9261 -0.3763 -0.0262
vn 0.1282 0.5209 0.8439
vn 0.1364 0.6044 -0.7849
vn 0.6624 -0.7484 -0.0333
vn 0.3921 -0.5285 0.7530
vn -0.1205 0.9507 0.2859
vn -0.8867 -0.3884 -0.2507
vn 0.6141 -0.0324 -0.7885
vn -0.5616 0.4560 -0.6904
vn -0.5874 -0.3517 0.7289
vn 0.6524 0.6535 0.3838
vn 0.4958 -0.7583 -0.4233
vn 0.5002 -0.6750 0.5423
vn -0.6687 0.4635 0.5814
vn -0.4737 -0.4591 -0.7515
vn 0.6426 0.6703 -0.3712
vn -0.2569 0.9620 0.0928
vn -0.8184 -0.5455 -0.1808
vn 0.4303 -0.3147 0.8460
vn 0.6437 -0.1019 -0.7584
vn 0.1804 -0.7618 -0.6222
vn -0.6100 -0.3034 0.7320
vn -0.4329 0.7465 -0.5053
vn 0.8610 0.3202 0.3952
vn -0.1767 -0.1057 -0.9786
vn -0.3846 -0.7803 0.4932
vn -0.4245 0.8444 0.3268
vn 0.9865 0.0415 0.1583
vn 0.1842 -0.5641 -0.8049
vn -0.3044 -0.5827 0.7536
vn -0.7142 0.6654 -0.2169
vn 0.8351 0.4809 0.2671
vn 0.0374 0.3918 0.9193
vn -0.8904 -0.4325 -0.1419
vn 0.7232 -0.6831 -0.1015
vn 0.1299 0.7244 -0.6770
vn -0.2230 -0.1461 -0.9638
vn -0.3251 -0.7763 0.5400
vn -0.4435 0.8369 0.3208
vn 0.9908 0.0870 0.1034
vn -0.4131 0.6165 -0.6703
vn -0.4557 -0.8893 -0.0388
vn -0.1024 0.3865 0.9166
vn 0.9717 -0.1136 -0.2069
vn -0.4555 0.5980 -0.6594
vn -0.1048 -0.9525 -0.2859
vn -0.4121 0.1237 0.9027
vn 0.9719 0.2316 0.0428
vn -0.9738 -0.1720 -0.1487
vn 0.4572 0.1161 -0.8818
vn 0.4034 -0.7743 0.4875
vn 0.1128 0.8319 0.5433
vn -0.0708 0.6500 0.7566
vn 0.9620 -0.1309 -0.2395
vn -0.4955 0.3561 -0.7922
vn -0.3960 -0.8758 0.2759
vn 0.1075 -0.5290 -0.8418
vn 0.2989 0.9415 -0.1557
vn 0.5543 -0.4117 0.7234
vn -0.9616 -0.0016 0.2746
vn -0.3414 0.6733 0.6559
vn 0.9986 -0.0310 0.0435
vn -0.2853 0.2591 -0.9227
vn -0.3726 -0.9003 0.2252
vn 0.3381 -0.4041 -0.8500
vn 0.4550 0.8762 0.1592
vn 0.1934 -0.6187 0.7614
vn -0.9868 0.1461 -0.0693
vn -0.5110 0.7624 0.3970
vn 0.7970 -0.1992 0.5702
vn 0.3027 0.2435 -0.9215
vn -0.5890 -0.8068 -0.0462
vn 0.5144 -0.8284 -0.2216
vn 0.6241 0.7807 0.0316
vn -0.4416 -0.1110 0.8903
vn -0.6958 0.1591 -0.7004
vn 0.2478 0.1001 -0.9636
vn 0.4702 0.6997 0.5378
vn 0.2706 -0.9068 0.3232
vn -0.9888 0.1086 0.1028
vn 0.3628 -0.9277 0.0886
vn 0.5365 0.5050 -0.6761
vn 0.0553 0.4651 0.8836
vn -0.9544 -0.0433 -0.2953
vn 0.9163 0.1433 0.3741
vn 0.0459 -0.6660 -0.7445
vn -0.3584 0.8669 -0.3465
vn -0.6028 -0.3458 0.7191
vn 0.1159 -0.2066 -0.9715
vn 0.6111 -0.5785 0.5403
vn -0.9475 -0.1755 0.2673
vn 0.2220 0.9610 0.1647
vn 0.0866 -0.9289 -0.3600
vn 0.8040 0.5353 -0.2590
vn -0.0699 -0.0341 0.9970
vn -0.8207 0.4294 -0.3768
vn 0.8465 -0.5322 0.0157
vn -0.4197 -0.0692 -0.9050
vn 0.2036 0.9581 0.2013
vn -0.6313 -0.3574 0.6882
vn 0.6270 0.0672 -0.7761
vn -0.1487 -0.9629 0.2251
vn -0.8720 0.4272 -0.2390
vn 0.3936 0.4682 0.7911
vn 0.0072 -0.5855 -0.8107
vn 0.9125 0.0137 0.4089
vn -0.6565 -0.3555 0.6652
vn -0.2636 0.9282 -0.2628
vn 0.5168 -0.8550 0.0439
vn 0.2358 0.4914 -0.8384
vn 0.2269 0.5672 0.7917
vn -0.9793 -0.2022 0.0040
vn 0.9617 -0.0852 -0.2605
vn -0.5429 -0.6696 -0.5069
vn -0.3237 0.9218 -0.2134
vn -0.0940 -0.1694 0.9811
vn 0.1689 -0.1810 -0.9689
vn 0.4973 -0.6660 0.5560
vn -0.9794 -0.0749 0.1878
vn 0.3126 0.9225 0.2264
vn 0.0220 -0.7934 -0.6083
vn 0.9275 0.3565 0.1126
vn -0.3652 -0.2719 0.8903
vn -0.5838 0.7083 -0.3968
vn 0.7096 -0.6968 0.1045
vn -0.0953 0.2387 -0.9664
vn 0.2545 0.8164 0.5184
vn -0.8686 -0.3572 0.3434
vn 0.7183 -0.6505 0.2468
vn -0.4062 -0.2677 -0.8737
vn 0.3933 0.9159 -0.0799
vn -0.7058 0.0023 0.7084
vn 0.4283 -0.8463 0.3168
vn -0.6334 -0.2048 -0.7462
vn 0.7061 0.6292 -0.3250
vn -0.5023 0.4219 0.7548
vn -0.8930 0.1202 0.4338
vn -0.0405 0.3343 -0.9416
vn 0.2427 -0.9701 -0.0025
vn 0.6886 0.5165 0.5090
vn -0.9759 -0.1609 0.1475
vn 0.1677 0.9822 -0.0848
vn 0.2919 -0.4597 -0.8388
vn 0.5160 -0.3606 0.7770
vn -0.0144 0.4994 -0.8662
vn -0.6054 0.4533 0.6542
vn 0.9329 -0.0146 0.3598
vn -0.3143 -0.9376 -0.1487
vn -0.7507 -0.5469 0.3705
vn 0.4961 0.4345 0.7517
vn -0.3676 0.7029 -0.6089
vn 0.6213 -0.5922 -0.5130
vn 0.9147 0.2953 -0.2758
vn -0.4777 0.7628 0.4357
vn 0.0752 -0.7600 0.6456
vn -0.5126 -0.2990 -0.8049
vn -0.9912 -0.0913 0.0955
vn 0.3947 0.2831 0.8741
vn 0.2075 0.6864 -0.6970
vn 0.3900 -0.8799 -0.2714
vn 0.7223 -0.5431 0.4282
vn 0.2262 0.9711 0.0761
vn -0.8695 -0.1759 0.4615
vn -0.0787 -0.2527 -0.9643
vn 0.5529 0.3154 -0.7712
vn -0.5955 0.7424 0.3070
vn 0.6009 -0.2792 0.7489
vn -0.5592 -0.7786 -0.2847
vn 0.6723 0.6901 -0.2680
vn -0.8330 0.1220 -0.5397
vn -0.2143 0.1010 0.9715
vn 0.3741 -0.9129 -0.1635
vn -0.6385 0.7049 -0.3090
vn 0.7510 -0.0772 -0.6558
vn -0.4782 -0.8757 0.0665
vn 0.3638 0.2493 0.8975
vn -0.0659 -0.0133 -0.9977
vn 0.0822 0.9449 0.3168
vn 0.8045 -0.5199 0.2872
vn -0.8225 -0.4109 0.3932
vn 0.5969 0.5323 -0.6003
vn -0.9546 0.2165 -0.2048
vn 0.1962 0.2289 0.9535
vn 0.1622 -0.9758 -0.1469
vn -0.0180 0.9044 -0.4264
vn -0.0073 -0.7042 -0.7099
vn -0.8048 -0.1094 0.5834
vn 0.8291 -0.0907 0.5516
vn -0.7165 0.2787 -0.6395
vn 0.8940 0.2420 -0.3771
vn -0.0471 -0.9887 0.1423
vn -0.1306 0.4693 0.8733
vn 0.0619 -0.2185 -0.9739
vn -0.2019 0.9731 0.1112
vn 0.8700 -0.2141 0.4442
vn -0.7301 -0.5407 0.4178
vn 0.5705 0.6084 -0.5518
vn -0.7937 -0.2878 -0.5359
vn -0.3086 0.4847 0.8184
vn 0.5313 -0.8031 0.2696
vn -0.3561 0.7773 -0.5187
vn 0.6751 -0.4886 -0.5528
vn -0.7504 -0.6184 0.2336
vn 0.4328 0.3309 0.8385
vn 0.1531 -0.2054 0.9666
vn 0.0362 -0.8479 -0.5290
vn 0.7087 0.6274 -0.3227
vn -0.8977 0.4259 -0.1130
vn -0.2788 -0.3634 -0.8889
vn 0.9350 -0.2922 0.2011
vn -0.6179 -0.3439 0.7070
vn -0.0384 0.9991 -0.0186
vn 0.6165 0.7728 0.1511
vn 0.1456 -0.6819 0.7168
vn 0.1862 -0.4084 -0.8936
vn -0.9471 0.3195 0.0295
vn -0.4278 -0.8740 -0.2304
vn 0.9823 -0.1336 0.1309
vn -0.4057 0.3531 0.8430
vn -0.1503 0.6538 -0.7416
vn 0.5680 0.8068 -0.1626
vn 0.1021 -0.2963 0.9496
vn 0.2872 -0.7385 -0.6100
vn -0.9573 0.2266 -0.1793
vn -0.7478 0.3312 0.5754
vn 0.2785 -0.9104 0.3060
vn 0.7744 0.6292 0.0666
vn -0.3070 -0.0496 -0.9504
vn 0.5691 -0.5545 -0.6072
vn 0.3986 0.0065 0.9171
vn -0.9218 -0.3857 0.0390
vn -0.0475 0.9351 -0.3513
vn -0.6842 0.7054 0.1851
vn -0.0059 -0.6718 0.7407
vn 0.9044 0.4223 -0.0612
vn -0.2148 -0.4559 -0.8637
vn -0.6608 0.7495 0.0399
vn -0.3146 -0.7526 0.5785
vn 0.8897 0.3195 0.3260
vn 0.0857 -0.3163 -0.9448
vn 0.5560 -0.8276 -0.0769
vn -0.1918 0.1813 0.9645
vn -0.8602 -0.1272 -0.4938
vn 0.4958 0.7747 -0.3925
vn 0.3361 0.8125 0.4762
vn -0.9573 -0.1552 0.2440
vn 0.5466 -0.7936 0.2673
vn 0.0738 0.1371 -0.9878
vn -0.4203 -0.7407 -0.5241
vn -0.1880 -0.1319 0.9733
vn -0.3815 0.8746 -0.2994
vn 0.9884 -0.0012 -0.1519
vn 0.7469 -0.2239 0.6261
vn -0.6146 0.6574 0.4361
vn -0.5064 -0.8320 -0.2263
vn 0.3755 0.3981 -0.8369
vn 0.1088 -0.3974 0.9112
vn 0.2230 0.9742 0.0342
vn -0.9456 -0.1176 -0.3034
vn 0.6149 -0.4583 -0.6418
vn -0.1014 0.8043 0.5855
vn 0.9670 -0.2479 -0.0592
vn -0.3475 0.2066 -0.9146
vn -0.5176 -0.7627 0.3877
vn 0.4491 -0.1411 0.8823
vn 0.3957 -0.6191 -0.6783
vn 0.1324 0.9472 -0.2920
vn -0.9781 -0.1877 0.0898
vn 0.0200 -0.9494 -0.3136
vn -0.3958 0.5788 -0.7130
vn 0.9314 0.3056 0.1979
vn -0.5556 0.0651 0.8289
vn -0.1983 0.9111 0.3614
vn 0.3951 0.0846 -0.9147
vn -0.8454 -0.5318 -0.0498
vn 0.6490 -0.4648 0.6023
vn 0.9213 -0.3605 -0.1456
vn -0.5977 -0.3061 -0.7409
vn 0.0318 0.9994 0.0124
vn -0.3550 -0.3331 0.8735
vn -0.9551 0.2574 0.1470
vn 0.2594 0.2034 -0.9441
vn 0.1134 -0.9788 0.1708
vn 0.5834 0.5197 0.6242
vn 0.9709 0.1120 -0.2117
vn -0.3981 -0.6794 -0.6164
vn -0.4718 0.8732 -0.1224
vn -0.1033 -0.3056 0.9465
vn -0.7260 -0.5858 0.3603
vn -0.2963 0.4047 -0.8651
vn 0.8228 -0.5479 -0.1509
vn 0.1986 0.7283 0.6559
vn 0.2350 0.9401 -0.2471
vn 0.2173 -0.6093 -0.7626
vn -0.9772 -0.0555 0.2049
vn 0.5249 -0.2734 0.8061
vn -0.6422 0.6065 -0.4688
vn 0.8744 0.0017 -0.4851
vn -0.3686 -0.9294 0.0165
vn 0.1376 0.3209 0.9371
vn 0.6162 0.2897 0.7324
vn 0.4631 -0.6711 -0.5789
vn -0.2587 0.7921 -0.5529
vn -0.8196 -0.4114 0.3988
s 0
f 1//1 2//1 3//1
f 1//2 3//2 4//2
f 1//3 4//3 2//3
f 2//4 4//4 3//4
f 2//5 5//5 6//5
f 2//6 6//6 7//6
f 2//7 7//7 5//7
f 5//8 7//8 6//8
f 5//9 10//9 8//9
f 5//10 8//10 9//10
f 5//11 9//11 10//11
f 10//12 9//12 8//12
f 10//13 11//13 12//13
f 10//14 12//14 13//14
f 10//15 13//15 11//15
f 11//16 13//16 12//16
f 11//17 16//17 14//17
f 11//18 14//18 15//18
f 11//19 15//19 16//19
f 16//20 15//20 14//20
f 16//21 17//21 18//21
f 16//22 18//22 19//22
f 16//23 19//23 17//23
f 17//24 19//24 18//24
f 17//25 20//25 21//25
f 17//26 21//26 22//26
f 17//27 22//27 20//27
f 20//28 22//28 21//28
f 20//29 25//29 23//29
f 20//30 23//30 24//30
f 20//31 24//31 25//31
f 25//32 24//32 23//32
f 25//33 28//33 26//33
f 25//34 26//34 27//34
f 25//35 27//35 28//35
f 28//36 27//36 26//36
f 28//37 29//37 30//37
f 28//38 30//38 31//38
f 28//39 31//39 29//39
f 29//40 31//40 30//40
f 29//41 34//41 32//41
f 29//42 32//42 33//42
f 29//43 33//43 34//43
f 34//44 33//44 32//44
f 34//45 35//45 36//45
f 34//46 36//46 37//46
f 34//47 37//47 35//47
f 35//48 37//48 36//48
f 35//49 38//49 39//49
f 35//50 39//50 40//50
f 35//51 40//51 38//51
f 38//52 40//52 39//52
f 38//53 41//53 42//53
f 38//54 42//54 43//54
f 38//55 43//55 41//55
f 41//56 43//56 42//56
f 41//57 46//57 44//57
f 41//58 44//58 45//58
f 41//59 45//59 46//59
f 46//60 45//60 44//60
f 46//61 47//61 48//61
f 46//62 48//62 49//62
f 46//63 49//63 47//63
f 47//64 49//64 48//64
f 47//65 52//65 50//65
f 47//66 50//66 51//66
f 47//67 51//67 52//67
f 52//68 51//68 50//68
f 52//69 53//69 54//69
f 52//70 54//70 55//70
f 52//71 55//71 53//71
f 53//72 55//72 54//72
f 53//73 56//73 57//73
f 53//74 57//74 58//74
f 53//75 58//75 56//75
f 56//76 58//76 57//76
f 56//77 59//77 60//77
f 56//78 60//78 61//78
f 56//79 61//79 59//79
f 59//80 61//80 60//80
f 59//81 62//81 63//81
f 59//82 63//82 64//82
f 59//83 64//83 62//83
f 62//84 64//84 63//84
f 62//85 65//85 66//85
f 62//86 66//86 67//86
f 62//87 67//87 65//87
f 65//88 67//88 66//88
f 65//89 68//89 69//89
f 65//90 69//90 70//90
f 65//91 70//91 68//91
f 68//92 70//92 69//92
f 68//93 71//93 72//93
f 68//94 72//94 73//94
f 68//95 73//95 71//95
f 71//96 73//96 72//96
f 71//97 76//97 74//97
f 71//98 74//98 75//98
f 71//99 75//99 76//99
f 76//100 75//100 74//100
f 76//101 77//101 78//101
f 76//102 78//102 79//102
f 76//103 79//103 77//103
f 77//104 79//104 78//104
f 77//105 82//105 80//105
f 77//106 80//106 81//106
f 77//107 81//107 82//107
f 82//108 81//108 80//108
f 82//109 83//109 84//109
f 82//110 84//110 85//110
f 82//111 85//111 83//111
f 83//112 85//112 84//112
f 83//113 88//113 86//113
f 83//114 86//114 87//114
f 83//115 87//115 88//115
f 88//116 87//116 86//116
f 88//117 89//117 90//117
f 88//118 90//118 91//118
f 88//119 91//119 89//119
f 89//120 91//120 90//120
f 89//121 92//121 93//121
f 89//122 93//122 94//122
f 89//123 94//123 92//123
f 92//124 94//124 93//124
f 92//125 95//125 96//125
f 92//126 96//126 97//126
f 92//127 97//127 95//127
f 95//128 97//128 96//128
f 95//129 100//129 98//129
f 95//130 98//130 99//130
f 95//131 99//131 100//131
f 100//132 99//132 98//132
f 100//133 101//133 102//133
f 100//134 102//134 103//134
f 100//135 103//135 101//135
f 101//136 103//136 102//136
f 101//137 104//137 105//137
f 101//138 105//138 106//138
f 101//139 106//139 104//139
f 104//140 106//140 105//140
f 104//141 109//141 107//141
f 104//142 107//142 108//142
f 104//143 108//143 109//143
f 109//144 108//144 107//144
f 109//145 110//145 111//145
f 109//146 111//146 112//146
f 109//147 112//147 110//147
f 110//148 112//148 111//148
f 110//149 113//149 114//149
f 110//150 114//150 115//150
f 110//151 115//151 113//151
f 113//152 115//152 114//152
f 113//153 116//153 117//153
f 113//154 117//154 118//154
f 113//155 118//155 116//155
f 116//156 118//156 117//156
f 116//157 121//157 119//157
f 116//158 119//158 120//158
f 116//159 120//159 121//159
f 121//160 120//160 119//160
f 121//161 124//161 122//161
f 121//162 122//162 123//162
f 121//163 123//163 124//163
f 124//164 123//164 122//164
f 124//165 125//165 126//165
f 124//166 126//166 127//166
f 124//167 127//167 125//167
f 125//168 127//168 126//168
f 125//169 130//169 128//169
f 125//170 128//170 129//170
f 125//171 129//171 130//171
f 130//172 129//172 128//172
f 130//173 133//173 131//173
f 130//174 131//174 132//174
f 130//175 132//175 133//175
f 133//176 132//176 131//176
f 133//177 136//177 134//177
f 133//178 134//178 135//178
f 133//179 135//179 136//179
f 136//180 135//180 134//180
f 136//181 139//181 137//181
f 136//182 137//182 138//182
f 136//183 138//183 139//183
f 139//184 138//184 137//184
f 139//185 140//185 141//185
f 139//186 141//186 142//186
f 139//187 142//187 140//187
f 140//188 142//188 141//188
f 140//189 143//189 144//189
f 140//190 144//190 145//190
f 140//191 145//191 143//191
f 143//192 145//192 144//192
f 143//193 146//193 147//193
f 143//194 147//194 148//194
f 143//195 148//195 146//195
f 146//196 148//196 147//196
f 146//197 151//197 149//197
f 146//198 149//198 150//198
f 146//199 150//199 151//199
f 151//200 150//200 149//200
f 151//201 152//201 153//201
f 151//202 153//202 154//202
f 151//203 154//203 152//203
f 152//204 154//204 153//204
f 152//205 155//205 156//205
f 152//206 156//206 157//206
f 152//207 157//207 155//207
f 155//208 157//208 156//208
f 155//209 160//209 158//209
f 155//210 158//210 159//210
f 155//211 159//211 160//211
f 160//212 159//212 158//212
f 160//213 161//213 162//213
f 160//214 162//214 163//214
f 160//215 163//215 161//215
f 161//216 163//216 162//216
f 161//217 166//217 164//217
f 161//218 164//218 165//218
f 161//219 165//219 166//219
f 166//220 165//220 164//220
f 166//221 167//221 168//221
f 166//222 168//222 169//222
f 166//223 169//223 167//223
f 167//224 169//224 168//224
f 167//225 172//225 170//225
f 167//226 170//226 171//226
f 167//227 171//227 172//227
f 172//228 171//228 170//228
f 172//229 175//229 173//229
f 172//230 173//230 174//230
f 172//231 174//231 175//231
f 175//232 174//232 173//232
f 175//233 176//233 177//233
f 175//234 177//234 178//234
f 175//235 178//235 176//235
f 176//236 178//236 177//236
f 176//237 179//237 180//237
f 176//238 180//238 181//238
f 176//239 181//239 179//239
f 179//240 181//240 180//240
f 179//241 182//241 183//241
f 179//242 183//242 184//242
f 179//243 184//243 182//243
f 182//244 184//244 183//244
f 182//245 185//245 186//245
f 182//246 186//246 187//246
f 182//247 187//247 185//247
f 185//248 187//248 186//248
f 185//249 188//249 189//249
f 185//250 189//250 190//250
f 185//251 190//251 188//251
f 188//252 190//252 189//252
f 188//253 191//253 192//253
f 188//254 192//254 193//254
f 188//255 193//255 191//255
f 191//256 193//256 192//256
f 191//257 196//257 194//257
f 191//258 194//258 195//258
f 191//259 195//259 196//259
f 196//260 195//260 194//260
f 196//261 197//261 198//261
f 196//262 198//262 199//262
f 196//263 199//263 197//263
f 197//264 199//264 198//264
f 197//265 200//265 201//265
f 197//266 201//266 202//266
f 197//267 202//267 200//267
f 200//268 202//268 201//268
f 200//269 205//269 203//269
f 200//270 203//270 204//270
f 200//271 204//271 205//271
f 205//272 204//272 203//272
f 205//273 208//273 206//273
f 205//274 206//274 207//274
f 205//275 207//275 208//275
f 208//276 207//276 206//276
f 208//277 209//277 210//277
f 208//278 210//278 211//278
f 208//279 211//279 209//279
f 209//280 211//280 210//280
f 209//281 212//281 213//281
f 209//282 213//282 214//282
f 209//283 214//283 212//283
f 212//284 214//284 213//284
f 212//285 215//285 216//285
f 212//286 216//286 217//286
f 212//287 217//287 215//287
f 215//288 217//288 216//288
f 215//289 220//289 218//289
f 215//290 218//290 219//290
f 215//291 219//291 220//291
f 220//292 219//292 218//292
f 220//293 221//293 222//293
f 220//294 222//294 223//294
f 220//295 223//295 221//295
f 221//296 223//296 222//296
f 221//297 226//297 224//297
f 221//298 224//298 225//298
f 221//299 225//299 226//299
f 226//300 225//300 224//300
f 226//301 229//301 227//301
f 226//302 227//302 228//302
f 226//303 228//303 229//303
f 229//304 228//304 227//304
f 229//305 232//305 230//305
f 229//306 230//306 231//306
f 229//307 231//307 232//307
f 232//308 231//308 230//308
f 232//309 235//309 233//309
f 232//310 233//310 234//310
f 232//311 234//311 235//311
f 235//312 234//312 233//312
f 235//313 238//313 236//313
f 235//314 236//314 237//314
f 235//315 237//315 238//315
f 238//316 237//316 236//316
f 238//317 241//317 239//317
f 238//318 239//318 240//318
f 238//319 240//319 241//319
f 241//320 240//320 239//320
f 241//321 244//321 242//321
f 241//322 242//322 243//322
f 241//323 243//323 244//323
f 244//324 243//324 242//324
f 244//325 247//325 245//325
f 244//326 245//326 246//326
f 244//327 246//327 247//327
f 247//328 246//328 245//328
f 247//329 248//329 249//329
f 247//330 249//330 250//330
f 247//331 250//331 248//331
f 248//332 250//332 249//332
f 248//333 251//333 252//333
f 248//334 252//334 253//334
f 248//335 253//335 251//335
f 251//336 253//336 252//336
f 251//337 254//337 255//337
f 251//338 255//338 256//338
f 251//339 256//339 254//339
f 254//340 256//340 255//340
f 254//341 257//341 258//341
f 254//342 258//342 259//342
f 254//343 259//343 257//343
f 257//344 259//344 258//344
f 257//345 262//345 260//345
f 257//346 260//346 261//346
f 257//347 261//347 262//347
f 262//348 261//348 260//348
f 262//349 265//349 263//349
f 262//350 263//350 264//350
f 262//351 264//351 265//351
f 265//352 264//352 263//352
f 265//353 268//353 266//353
f 265//354 266//354 267//354
f 265//355 267//355 268//355
f 268//356 267//356 266//356
f 268//357 271//357 269//357
f 268//358 269//358 270//358
f 268//359 270//359 271//359
f 271//360 270//360 269//360
f 271//361 274//361 272//361
f 271//362 272//362 273//362
f 271//363 273//363 274//363
f 274//364 273//364 272//364
f 274//365 275//365 276//365
f 274//366 276//366 277//366
f 274//367 277//367 275//367
f 275//368 277//368 276//368
f 275//369 280//369 278//369
f 275//370 278//370 279//370
f 275//371 279//371 280//371
f 280//372 279//372 278//372
f 280//373 281//373 282//373
f 280//374 282//374 283//374
f 280//375 283//375 281//375
f 281//376 283//376 282//376
f 281//377 286//377 284//377
f 281//378 284//378 285//378
f 281//379 285//379 286//379
f 286//380 285//380 284//380
f 286//381 289//381 287//381
f 286//382 287//382 288//382
f 286//383 288//383 289//383
f 289//384 288//384 287//384
f 289//385 290//385 291//385
f 289//386 291//386 292//386
f 289//387 292//387 290//387
f 290//388 292//388 291//388
f 290//389 295//389 293//389
f 290//390 293//390 294//390
f 290//391 294//391 295//391
f 295//392 294//392 293//392
f 295//393 298//393 296//393
f 295//394 296//394 297//394
f 295//395 297//395 298//395
f 298//396 297//396 296//396
f 298//397 299//397 300//397
f 298//398 300//398 301//398
f 298//399 301//399 299//399
f 299//400 301//400 300//400
f 299//401 302//401 303//401
f 299//402 303//402 304//402
f 299//403 304//403 302//403
f 302//404 304//404 303//404
f 305//405 306//405 307//405
f 305//406 307//406 308//406
f 305//407 308//407 306//407
f 306//408 308//408 307//408
f 306//409 309//409 310//409
f 306//410 310//410 311//410
f 306//411 311//411 309//411
f 309//412 311//412 310//412
f 309//413 312//413 313//413
f 309//414 313//414 314//414
f 309//415 314//415 312//415
f 312//416 314//416 313//416
f 312//417 315//417 316//417
f 312//418 316//418 317//418
f 312//419 317//419 315//419
f 315//420 317//420 316//420
f 315//421 320//421 318//421
f 315//422 318//422 319//422
f 315//423 319//423 320//423
f 320//424 319//424 318//424
f 320//425 323//425 321//425
f 320//426 321//426 322//426
f 320//427 322//427 323//427
f 323//428 322//428 321//428
f 323//429 326//429 324//429
f 323//430 324//430 325//430
f 323//431 325//431 326//431
f 326//432 325//432 324//432
f 326//433 327//433 328//433
f 326//434 328//434 329//434
f 326//435 329//435 327//435
f 327//436 329//436 328//436
f 327//437 330//437 331//437
f 327//438 331//438 332//438
f 327//439 332//439 330//439
f 330//440 332//440 331//440
f 330//441 333//441 334//441
f 330//442 334//442 335//442
f 330//443 335//443 333//443
f 333//444 335//444 334//444
f 333//445 336//445 337//445
f 333//446 337//446 338//446
f 333//447 338//447 336//447
f 336//448 338//448 337//448
f 336//449 339//449 340//449
f 336//450 340//450 341//450
f 336//451 341//451 339//451
f 339//452 341//452 340//452
f 339//453 344//453 342//453
f 339//454 342//454 343//454
f 339//455 343//455 344//455
f 344//456 343//456 342//456
f 344//457 347//457 345//457
f 344//458 345//458 346//458
f 344//459 346//459 347//459
f 347//460 346//460 345//460
f 347//461 350//461 348//461
f 347//462 348//462 349//462
f 347//463 349//463 350//463
f 350//464 349//464 348//464
f 350//465 351//465 352//465
f 350//466 352//466 353//466
f 350//467 353//467 351//467
f 351//468 353//468 352//468
f 351//469 356//469 354//469
f 351//470 354//470 355//470
f 351//471 355//471 356//471
f 356//472 355//472 354//472
f 356//473 357//473 358//473
f 356//474 358//474 359//474
f 356//475 359//475 357//475
f 357//476 359//476 358//476
f 357//477 360//477 361//477
f 357//478 361//478 362//478
f 357//479 362//479 360//479
f 360//480 362//480 361//480
f 360//481 363//481 364//481
f 360//482 364//482 365//482
f 360//483 365//483 363//483
f 363//484 365//484 364//484
f 363//485 368//485 366//485
f 363//486 366//486 367//486
f 363//487 367//487 368//487
f 368//488 367//488 366//488
f 368//489 369//489 370//489
f 368//490 370//490 371//490
f 368//491 371//491 369//491
f 369//492 371//492 370//492
f 369//493 372//493 373//493
f 369//494 373//494 374//494
f 369//495 374//495 372//495
f 372//496 374//496 373//496
f 372//497 375//497 376//497
f 372//498 376//498 377//498
f 372//499 377//499 375//499
f 375//500 377//500 376//500
f 375//501 378//501 379//501
f 375//502 379//502 380//502
f 375//503 380//503 378//503
f 378//504 380//504 379//504
f 378//505 381//505 382//505
f 378//506 382//506 383//506
f 378//507 383//507 381//507
f 381//508 383//508 382//508
f 381//509 384//509 385//509
f 381//510 385//510 386//510
f 381//511 386//511 384//511
f 384//512 386//512 385//512
f 384//513 389//513 387//513
f 384//514 387//514 388//514
f 384//515 388//515 389//515
f 389//516 388//516 387//516
f 389//517 392//517 390//517
f 389//518 390//518 391//518
f 389//519 391//519 392//519
f 392//520 391//520 390//520
f 392//521 393//521 394//521
f 392//522 394//522 395//522
f 392//523 395//523 393//523
f 393//524 395//524 394//524
f 393//525 396//525 397//525
f 393//526 397//526 398//526
f 393//527 398//527 396//527
f 396//528 398//528 397//528
f 396//529 401//529 399//529
f 396//530 399//530 400//530
f 396//531 400//531 401//531
f 401//532 400//532 399//532
f 401//533 402//533 403//533
f 401//534 403//534 404//534
f 401//535 404//535 402//535
f 402//536 404//536 403//536
f 402//537 407//537 405//537
f 402//538 405//538 406//538
f 402//539 406//539 407//539
f 407//540 406//540 405//540
f 407//541 408//541 409//541
f 407//542 409//542 410//542
f 407//543 410//543 408//543
f 408//544 410//544 409//544
f 408//545 413//545 411//545
f 408//546 411//546 412//546
f 408//547 412//547 413//547
f 413//548 412//548 411//548
f 413//549 416//549 414//549
f 413//550 414//550 415//550
f 413//551 415//551 416//551
f 416//552 415//552 414//552
f 416//553 417//553 418//553
f 416//554 418//554 419//554
f 416//555 419//555 417//555
f 417//556 419//556 418//556
f 417//557 422//557 420//557
f 417//558 420//558 421//558
f 417//559 421//559 422//559
f 422//560 421//560 420//560
f 422//561 425//561 423//561
f 422//562 423//562 424//562
f 422//563 424//563 425//563
f 425//564 424//564 423//564
f 425//565 426//565 427//565
f 425//566 427//566 428//566
f 425//567 428//567 426//567
f 426//568 428//568 427//568
f 426//569 431//569 429//569
f 426//570 429//570 430//570
f 426//571 430//571 431//571
f 431//572 430//572 429//572
f 431//573 434//573 432//573
f 431//574 432//574 433//574
f 431//575 433//575 434//575
f 434//576 433//576 432//576
f 434//577 437//577 435//577
f 434//578 435//578 436//578
f 434//579 436//579 437//579
f 437//580 436//580 435//580
f 437//581 440//581 438//581
f 437//582 438//582 439//582
f 437//583 439//583 440//583
f 440//584 439//584 438//584
f 440//585 441//585 442//585
f 440//586 442//586 443//586
f 440//587 443//587 441//587
f 441//588 443//588 442//588
f 444//589 447//589 445//589
f 444//590 445//590 446//590
f 444//591 446//591 447//591
f 447//592 446//592 445//592
f 447//593 448//593 449//593
f 447//594 449//594 450//594
f 447//595 450//595 448//595
f 448//596 450//596 449//596
f 448//597 453//597 451//597
f 448//598 451//598 452//598
f 448//599 452//599 453//599
f 453//600 452//600 451//600
f 453//601 456//601 454//601
f 453//602 454//602 455//602
f 453//603 455//603 456//603
f 456//604 455//604 454//604
f 456//605 457//605 458//605
f 456//606 458//606 459//606
f 456//607 459//607 457//607
f 457//608 459//608 458//608
f 457//609 460//609 461//609
f 457//610 461//610 462//610
f 457//611 462//611 460//611
f 460//612 462//612 461//612
f 460//613 465//613 463//613
f 460//614 463//614 464//614
f 460//615 464//615 465//615
f 465//616 464//616 463//616
f 465//617 466//617 467//617
f 465//618 467//618 468//618
f 465//619 468//619 466//619
f 466//620 468//620 467//620
f 466//621 471//621 469//621
f 466//622 469//622 470//622
f 466//623 470//623 471//623
f 471//624 470//624 469//624
f 471//625 472//625 473//625
f 471//626 473//626 474//626
f 471//627 474//627 472//627
f 472//628 474//628 473//628
f 472//629 477//629 475//629
f 472//630 475//630 476//630
f 472//631 476//631 477//631
f 477//632 476//632 475//632
f 477//633 478//633 479//633
f 477//634 479//634 480//634
f 477//635 480//635 478//635
f 478//636 480//636 479//636
f 478//637 483//637 481//637
f 478//638 481//638 482//638
f 478//639 482//639 483//639
f 483//640 482//640 481//640
f 483//641 484//641 485//641
f 483//642 485//642 486//642
f 483//643 486//643 484//643
f 484//644 486//644 485//644
f 484//645 487//645 488//645
f 484//646 488//646 489//646
f 484//647 489//647 487//647
f 487//648 489//648 488//648
f 487//649 492//649 490//649
f 487//650 490//650 491//650
f 487//651 491//651 492//651
f 492//652 491//652 490//652
f 492//653 493//653 494//653
f 492//654 494//654 495//654
f 492//655 495//655 493//655
f 493//656 495//656 494//656
f 493//657 498//657 496//657
f 493//658 496//658 497//658
f 493//659 497//659 498//659
f 498//660 497//660 496//660
f 498//661 499//661 500//661
f 498//662 500//662 501//662
f 498//663 501//663 499//663
f 499//664 501//664 500//664
f 499//665 502//665 503//665
f 499//666 503//666 504//666
f 499//667 504//667 502//667
f 502//668 504//668 503//668
f 502//669 505//669 506//669
f 502//670 506//670 507//670
f 502//671 507//671 505//671
f 505//672 507//672 506//672
f 505//673 510//673 508//673
f 505//674 508//674 509//674
f 505//675 509//675 510//675
f 510//676 509//676 508//676
f 510//677 513//677 511//677
f 510//678 511//678 512//678
f 510//679 512//679 513//679
f 513//680 512//680 511//680
f 513//681 514//681 515//681
f 513//682 515//682 516//682
f 513//683 516//683 514//683
f 514//684 516//684 515//684
f 514//685 519//685 517//685
f 514//686 517//686 518//686
f 514//687 518//687 519//687
f 519//688 518//688 517//688
f 519//689 520//689 521//689
f 519//690 521//690 522//690
f 519//691 522//691 520//691
f 520//692 522//692 521//692
f 520//693 523//693 524//693
f 520//694 524//694 525//694
f 520//695 525//695 523//695
f 523//696 525//696 524//696
f 523//697 526//697 527//697
f 523//698 527//698 528//698
f 523//699 528//699 526//699
f 526//700 528//700 527//700
f 526//701 531//701 529//701
f 526//702 529//702 530//702
f 526//703 530//703 531//703
f 531//704 530//704 529//704
f 531//705 534//705 532//705
f 531//706 532//706 533//706
f 531//707 533//707 534//707
f 534//708 533//708 532//708
f 534//709 535//709 536//709
f 534//710 536//710 537//710
f 534//711 537//711 535//711
f 535//712 537//712 536//712
f 535//713 540//713 538//713
f 535//714 538//714 539//714
f 535//715 539//715 540//715
f 540//716 539//716 538//716
f 540//717 541//717 542//717
f 540//718 542//718 543//718
f 540//719 543//719 541//719
f 541//720 543//720 542//720
f 541//721 546//721 544//721
f 541//722 544//722 545//722
f 541//723 545//723 546//723
f 546//724 545//724 544//724
f 546//725 547//725 548//725
f 546//726 548//726 549//726
f 546//727 549//727 547//727
f 547//728 549//728 548//728
f 547//729 552//729 550//729
f 547//730 550//730 551//730
f 547//731 551//731 552//731
f 552//732 551//732 550//732
f 552//733 553//733 554//733
f 552//734 554//734 555//734
f 552//735 555//735 553//735
f 553//736 555//736 554//736
f 553//737 558//737 556//737
f 553//738 556//738 557//738
f 553//739 557//739 558//739
f 558//740 557//740 556//740
f 558//741 559//741 560//741
f 558//742 560//742 561//742
f 558//743 561//743 559//743
f 559//744 561//744 560//744
f 559//745 562//745 563//745
f 559//746 563//746 564//746
f 559//747 564//747 562//747
f 562//748 564//748 563//748
f 562//749 565//749 566//749
f 562//750 566//750 567//750
f 562//751 567//751 565//751
f 565//752 567//752 566//752
f 565//753 568//753 569//753
f 565//754 569//754 570//754
f 565//755 570//755 568//755
f 568//756 570//756 569//756
f 568//757 573//757 571//757
f 568//758 571//758 572//758
f 568//759 572//759 573//759
f 573//760 572//760 571//760
f 573//761 574//761 575//761
f 573//762 575//762 576//762
f 573//763 576//763 574//763
f 574//764 576//764 575//764
f 574//765 577//765 578//765
f 574//766 578//766 579//766
f 574//767 579//767 577//767
f 577//768 579//768 578//768
f 577//769 580//769 581//769
f 577//770 581//770 582//770
f 577//771 582//771 580//771
f 580//772 582//772 581//772
f 580//773 583//773 584//773
f 580//774 584//774 585//774
f 580//775 585//775 583//775
f 583//776 585//776 584//776
f 583//777 586//777 587//777
f 583//778 587//778 588//778
f 583//779 588//779 586//779
f 586//780 588//780 587//780
f 586//781 589//781 590//781
f 586//782 590//782 591//782
f 586//783 591//783 589//783
f 589//784 591//784 590//784
f 589//785 594//785 592//785
f 589//786 592//786 593//786
f 589//787 593//787 594//787
f 594//788 593//788 592//788
f 594//789 595//789 596//789
f 594//790 596//790 597//790
f 594//791 597//791 595//791
f 595//792 597//792 596//792
f 595//793 600//793 598//793
f 595//794 598//794 599//794
f 595//795 599//795 600//795
f 600//796 599//796 598//796
f 600//797 603//797 601//797
f 600//798 601//798 602//798
f 600//799 602//799 603//799
f 603//800 602//800 601//800
f 603//801 604//801 605//801
f 603//802 605//802 606//802
f 603//803 606//803 604//803
f 604//804 606//804 605//804
f 604//805 607//805 608//805
f 604//806 608//806 609//806
f 604//807 609//807 607//807
f 607//808 609//808 608//808
f 607//809 612//809 610//809
f 607//810 610//810 611//810
f 607//811 611//811 612//811
f 612//812 611//812 610//812
f 612//813 615//813 613//813
f 612//814 613//814 614//814
f 612//815 614//815 615//815
f 615//816 614//816 613//816
f 615//817 618//817 616//817
f 615//818 616//818 617//818
f 615//819 617//819 618//819
f 618//820 617//820 616//820
f 618//821 621//821 619//821
f 618//822 619//822 620//822
f 618//823 620//823 621//823
f 621//824 620//824 619//824
f 621//825 624//825 622//825
f 621//826 622//826 623//826
f 621//827 623//827 624//827
f 624//828 623//828 622//828
f 624//829 627//829 625//829
f 624//830 625//830 626//830
f 624//831 626//831 627//831
f 627//832 626//832 625//832
f 627//833 628//833 629//833
f 627//834 629//834 630//834
f 627//835 630//835 628//835
f 628//836 630//836 629//836
f 628//837 631//837 632//837
f 628//838 632//838 633//838
f 628//839 633//839 631//839
f 631//840 633//840 632//840
f 631//841 634//841 635//841
f 631//842 635//842 636//842
f 631//843 636//843 634//843
f 634//844 636//844 635//844
f 634//845 639//845 637//845
f 634//846 637//846 638//846
f 634//847 638//847 639//847
f 639//848 638//848 637//848
f 639//849 640//849 641//849
f 639//850 641//850 642//850
f 639//851 642//851 640//851
f 640//852 642//852 641//852
f 640//853 645//853 643//853
f 640//854 643//854 644//854
f 640//855 644//855 645//855
f 645//856 644//856 643//856
f 645//857 648//857 646//857
f 645//858 646//858 647//858
f 645//859 647//859 648//859
f 648//860 647//860 646//860
f 648//861 649//861 650//861
f 648//862 650//862 651//862
f 648//863 651//863 649//863
f 649//864 651//864 650//864
f 649//865 654//865 652//865
f 649//866 652//866 653//866
f 649//867 653//867 654//867
f 654//868 653//868 652//868
f 654//869 655//869 656//869
f 654//870 656//870 657//870
f 654//871 657//871 655//871
f 655//872 657//872 656//872
f 655//873 658//873 659//873
f 655//874 659//874 660//874
f 655//875 660//875 658//875
f 658//876 660//876 659//876
f 658//877 663//877 661//877
f 658//878 661//878 662//878
f 658//879 662//879 663//879
f 663//880 662//880 661//880
f 663//881 666//881 664//881
f 663//882 664//882 665//882
f 663//883 665//883 666//883
f 666//884 665//884 664//884
f 666//885 667//885 668//885
f 666//886 668//886 669//886
f 666//887 669//887 667//887
f 667//888 669//888 668//888
f 667//889 670//889 671//889
f 667//890 671//890 672//890
f 667//891 672//891 670//891
f 670//892 672//892 671//892
f 670//893 675//893 673//893
f 670//894 673//894 674//894
f 670//895 674//895 675//895
f 675//896 674//896 673//896
f 675//897 676//897 677//897
f 675//898 677//898 678//898
f 675//899 678//899 676//899
f 676//900 678//900 677//900
f 676//901 679//901 680//901
f 676//902 680//902 681//902
f 676//903 681//903 679//903
f 679//904 681//904 680//904
f 679//905 684//905 682//905
f 679//906 682//906 683//906
f 679//907 683//907 684//907
f 684//908 683//908 682//908
f 684//909 687//909 685//909
f 684//910 685//910 686//910
f 684//911 686//911 687//911
f 687//912 686//912 685//912
f 687//913 688//913 689//913
f 687//914 689//914 690//914
f 687//915 690//915 688//915
f 688//916 690//916 689//916
f 691//917 692//917 693//917
f 691//918 693//918 694//918
f 691//919 694//919 692//919
f 692//920 694//920 693//920
f 692//921 697//921 695//921
f 692//922 695//922 696//922
f 692//923 696//923 697//923
f 697//924 696//924 695//924
f 697//925 698//925 699//925
f 697//926 699//926 700//926
f 697//927 700//927 698//927
f 698//928 700//928 699//928
f 698//929 703//929 701//929
f 698//930 701//930 702//930
f 698//931 702//931 703//931
f 703//932 702//932 701//932
f 703//933 704//933 705//933
f 703//934 705//934 706//934
f 703//935 706//935 704//935
f 704//936 706//936 705//936
f 704//937 709//937 707//937
f 704//938 707//938 708//938
f 704//939 708//939 709//939
f 709//940 708//940 707//940
f 709//941 710//941 711//941
f 709//942 711//942 712//942
f 709//943 712//943 710//943
f 710//944 712//944 711//944
f 710//945 713//945 714//945
f 710//946 714//946 715//946
f 710//947 715//947 713//947
f 713//948 715//948 714//948
f 713//949 718//949 716//949
f 713//950 716//950 717//950
f 713//951 717//951 718//951
f 718//952 717//952 716//952
f 718//953 721//953 719//953
f 718//954 719//954 720//954
f 718//955 720//955 721//955
f 721//956 720//956 719//956
f 721//957 724//957 722//957
f 721//958 722//958 723//958
f 721//959 723//959 724//959
f 724//960 723//960 722//960
f 724//961 725//961 726//961
f 724//962 726//962 727//962
f 724//963 727//963 725//963
f 725//964 727//964 726//964
f 725//965 730//965 728//965
f 725//966 728//966 729//966
f 725//967 729//967 730//967
f 730//968 729//968 728//968
f 730//969 733//969 731//969
f 730//970 731//970 732//970
f 730//971 732//971 733//971
f 733//972 732//972 731//972
f 733//973 734//973 735//973
f 733//974 735//974 736//974
f 733//975 736//975 734//975
f 734//976 736//976 735//976
f 734//977 739//977 737//977
f 734//978 737//978 738//978
f 734//979 738//979 739//979
f 739//980 738//980 737//980
f 739//981 740//981 741//981
f 739//982 741//982 742//982
f 739//983 742//983 740//983
f 740//984 742//984 741//984
f 740//985 743//985 744//985
f 740//986 744//986 745//986
f 740//987 745//987 743//987
f 743//988 745//988 744//988
f 743//989 748//989 746//989
f 743//990 746//990 747//990
f 743//991 747//991 748//991
f 748//992 747//992 746//992
f 748//993 751//993 749//993
f 748//994 749//994 750//994
f 748//995 750//995 751//995
f 751//996 750//996 749//996
f 751//997 752//997 753//997
f 751//998 753//998 754//998
f 751//999 754//999 752//999
f 752//1000 754//1000 753//1000
f 752//1001 757//1001 755//1001
f 752//1002 755//1002 756//1002
f 752//1003 756//1003 757//1003
f 757//1004 756//1004 755//1004
f 757//1005 760//1005 758//1005
f 757//1006 758//1006 759//1006
f 757//1007 759//1007 760//1007
f 760//1008 759//1008 758//1008
f 760//1009 761//1009 762//1009
f 760//1010 762//1010 763//1010
f 760//1011 763//1011 761//1011
f 761//1012 763//1012 762//1012
f 761//1013 766//1013 764//1013
f 761//1014 764//1014 765//1014
f 761//1015 765//1015 766//1015
f 766//1016 765//1016 764//1016
f 766//1017 767//1017 768//1017
f 766//1018 768//1018 769//1018
f 766//1019 769//1019 767//1019
f 767//1020 769//1020 768//1020
f 767//1021 772//1021 770//1021
f 767//1022 770//1022 771//1022
f 767//1023 771//1023 772//1023
f 772//1024 771//1024 770//1024
f 772//1025 775//1025 773//1025
f 772//1026 773//1026 774//1026
f 772//1027 774//1027 775//1027
f 775//1028 774//1028 773//1028
f 775//1029 778//1029 776//1029
f 775//1030 776//1030 777//1030
f 775//1031 777//1031 778//1031
f 778//1032 777//1032 776//1032
f 778//1033 781//1033 779//1033
f 778//1034 779//1034 780//1034
f 778//1035 780//1035 781//1035
f 781//1036 780//1036 779//1036
f 781//1037 782//1037 783//1037
f 781//1038 783//1038 784//1038
f 781//1039 784//1039 782//1039
f 782//1040 784//1040 783//1040
f 782//1041 787//1041 785//1041
f 782//1042 785//1042 786//1042
f 782//1043 786//1043 787//1043
f 787//1044 786//1044 785//1044
f 787//1045 790//1045 788//1045
f 787//1046 788//1046 789//1046
f 787//1047 789//1047 790//1047
f 790//1048 789//1048 788//1048
f 790//1049 793//1049 791//1049
f 790//1050 791//1050 792//1050
f 790//1051 792//1051 793//1051
f 793//1052 792//1052 791//1052
f 793//1053 796//1053 794//1053
f 793//1054 794//1054 795//1054
f 793//1055 795//1055 796//1055
f 796//1056 795//1056 794//1056
f 796//1057 797//1057 798//1057
f 796//1058 798//1058 799//1058
f 796//1059 799//1059 797//1059
f 797//1060 799//1060 798//1060
f 797//1061 800//1061 801//1061
f 797//1062 801//1062 802//1062
f 797//1063 802//1063 800//1063
f 800//1064 802//1064 801//1064
f 800//1065 803//1065 804//1065
f 800//1066 804//1066 805//1066
f 800//1067 805//1067 803//1067
f 803//1068 805//1068 804//1068
f 803//1069 808//1069 806//1069
f 803//1070 806//1070 807//1070
f 803//1071 807//1071 808//1071
f 808//1072 807//1072 806//1072
f 808//1073 809//1073 810//1073
f 808//1074 810//1074 811//1074
f 808//1075 811//1075 809//1075
f 809//1076 811//1076 810//1076
f 809//1077 814//1077 812//1077
f 809//1078 812//1078 813//1078
f 809//1079 813//1079 814//1079
f 814//1080 813//1080 812//1080
f 814//1081 815//1081 816//1081
f 814//1082 816//1082 817//1082
f 814//1083 817//1083 815//1083
f 815//1084 817//1084 816//1084
f 815//1085 820//1085 818//1085
f 815//1086 818//1086 819//1086
f 815//1087 819//1087 820//1087
f 820//1088 819//1088 818//1088
f 820//1089 823//1089 821//1089
f 820//1090 821//1090 822//1090
f 820//1091 822//1091 823//1091
f 823//1092 822//1092 821//1092
f 823//1093 824//1093 825//1093
f 823//1094 825//1094 826//1094
f 823//1095 826//1095 824//1095
f 824//1096 826//1096 825//1096
f 824//1097 827//1097 828//1097
f 824//1098 828//1098 829//1098
f 824//1099 829//1099 827//1099
f 827//1100 829//1100 828//1100
f 827//1101 832//1101 830//1101
f 827//1102 830//1102 831//1102
f 827//1103 831//1103 832//1103
f 832//1104 831//1104 830//1104
f 832//1105 833//1105 834//1105
f 832//1106 834//1106 835//1106
f 832//1107 835//1107 833//1107
f 833//1108 835//1108 834//1108
f 833//1109 836//1109 837//1109
f 833//1110 837//1110 838//1110
f 833//1111 838//1111 836//1111
f 836//1112 838//1112 837//1112
f 836//1113 839//1113 840//1113
f 836//1114 840//1114 841//1114
f 836//1115 841//1115 839//1115
f 839//1116 841//1116 840//1116
f 839//1117 844//1117 842//1117
f 839//1118 842//1118 843//1118
f 839//1119 843//1119 844//1119
f 844//1120 843//1120 842//1120
f 844//1121 845//1121 846//1121
f 844//1122 846//1122 847//1122
f 844//1123 847//1123 845//1123
f 845//1124 847//1124 846//1124
f 845//1125 850//1125 848//1125
f 845//1126 848//1126 849//1126
f 845//1127 849//1127 850//1127
f 850//1128 849//1128 848//1128
f 850//1129 853//1129 851//1129
f 850//1130 851//1130 852//1130
f 850//1131 852//1131 853//1131
f 853//1132 852//1132 851//1132
f 853//1133 854//1133 855//1133
f 853//1134 855//1134 856//1134
f 853//1135 856//1135 854//1135
f 854//1136 856//1136 855//1136
f 854//1137 857//1137 858//1137
f 854//1138 858//1138 859//1138
f 854//1139 859//1139 857//1139
f 857//1140 859//1140 858//1140
f 857//1141 860//1141 861//1141
f 857//1142 861//1142 862//1142
f 857//1143 862//1143 860//1143
f 860//1144 862//1144 861//1144
f 860//1145 865//1145 863//1145
f 860//1146 863//1146 864//1146
f 860//1147 864//1147 865//1147
f 865//1148 864//1148 863//1148
f 865//1149 868//1149 866//1149
f 865//1150 866//1150 867//1150
f 865//1151 867//1151 868//1151
f 868//1152 867//1152 866//1152
f 868//1153 869//1153 870//1153
f 868//1154 870//1154 871//1154
f 868//1155 871//1155 869//1155
f 869//1156 871//1156 870//1156
f 869//1157 874//1157 872//1157
f 869//1158 872//1158 873//1158
f 869//1159 873//1159 874//1159
f 874//1160 873//1160 872//1160
f 874//1161 875//1161 876//1161
f 874//1162 876//1162 877//1162
f 874//1163 877//1163 875//1163
f 875//1164 877//1164 876//1164
f 875//1165 880//1165 878//1165
f 875//1166 878//1166 879//1166
f 875//1167 879//1167 880//1167
f 880//1168 879//1168 878//1168
f 880//1169 883//1169 881//1169
f 880//1170 881//1170 882//1170
f 880//1171 882//1171 883//1171
f 883//1172 882//1172 881//1172
f 883//1173 886//1173 884//1173
f 883//1174 884//1174 885//1174
f 883//1175 885//1175 886//1175
f 886//1176 885//1176 884//1176
f 886//1177 887//1177 888//1177
f 886//1178 888//1178 889//1178
f 886//1179 889//1179 887//1179
f 887//1180 889//1180 888//1180
f 887//1181 890//1181 891//1181
f 887//1182 891//1182 892//1182
f 887//1183 892//1183 890//1183
f 890//1184 892//1184 891//1184
f 890//1185 895//1185 893//1185
f 890//1186 893//1186 894//1186
f 890//1187 894//1187 895//1187
f 895//1188 894//1188 893//1188
f 895//1189 898//1189 896//1189
f 895//1190 896//1190 897//1190
f 895//1191 897//1191 898//1191
f 898//1192 897//1192 896//1192
f 898//1193 899//1193 900//1193
f 898//1194 900//1194 901//1194
f 898//1195 901//1195 899//1195
f 899//1196 901//1196 900//1196
f 899//1197 904//1197 902//1197
f 899//1198 902//1198 903//1198
f 899//1199 903//1199 904//1199
f 904//1200 903//1200 902//1200
f 904//1201 905//1201 906//1201
f 904//1202 906//1202 907//1202
f 904//1203 907//1203 905//1203
f 905//1204 907//1204 906//1204
f 905//1205 908//1205 909//1205
f 905//1206 909//1206 910//1206
f 905//1207 910//1207 908//1207
f 908//1208 910//1208 909//1208
f 908//1209 911//1209 912//1209
f 908//1210 912//1210 913//1210
f 908//1211 913//1211 911//1211
f 911//1212 913//1212 912//1212
f 911//1213 916//1213 914//1213
f 911//1214 914//1214 915//1214
f 911//1215 915//1215 916//1215
f 916//1216 915//1216 914//1216
f 916//1217 917//1217 918//1217
f 916//1218 918//1218 919//1218
f 916//1219 919//1219 917//1219
f 917//1220 919//1220 918//1220
f 917//1221 922//1221 920//1221
f 917//1222 920//1222 921//1222
f 917//1223 921//1223 922//1223
f 922//1224 921//1224 920//1224
f 922//1225 925//1225 923//1225
f 922//1226 923//1226 924//1226
f 922//1227 924//1227 925//1227
f 925//1228 924//1228 923//1228
f 925//1229 926//1229 927//1229
f 925//1230 927//1230 928//1230
f 925//1231 928//1231 926//1231
f 926//1232 928//1232 927//1232
f 926//1233 931//1233 929//1233
f 926//1234 929//1234 930//1234
f 926//1235 930//1235 931//1235
f 931//1236 930//1236 929//1236
f 931//1237 934//1237 932//1237
f 931//1238 932//1238 933//1238
f 931//1239 933//1239 934//1239
f 934//1240 933//1240 932//1240
f 934//1241 937//1241 935//1241
f 934//1242 935//1242 936//1242
f 934//1243 936//1243 937//1243
f 937//1244 936//1244 935//1244
f 937//1245 940//1245 938//1245
f 937//1246 938//1246 939//1246
f 937//1247 939//1247 940//1247
f 940//1248 939//1248 938//1248
f 940//1249 941//1249 942//1249
f 940//1250 942//1250 943//1250
f 940//1251 943//1251 941//1251
f 941//1252 943//1252 942//1252
f 941//1253 946//1253 944//1253
f 941//1254 944//1254 945//1254
f 941//1255 945//1255 946//1255
f 946//1256 945//1256 944//1256
f 946//1257 947//1257 948//1257
f 946//1258 948//1258 949//1258
f 946//1259 949//1259 947//1259
f 947//1260 949//1260 948//1260
f 947//1261 950//1261 951//1261
f 947//1262 951//1262 952//1262
f 947//1263 952//1263 950//1263
f 950//1264 952//1264 951//1264
f 950//1265 955//1265 953//1265
f 950//1266 953//1266 954//1266
f 950//1267 954//1267 955//1267
f 955//1268 954//1268 953//1268
f 955//1269 958//1269 956//1269
f 955//1270 956//1270 957//1270
f 955//1271 957//1271 958//1271
f 958//1272 957//1272 956//1272
f 958//1273 961//1273 959//1273
f 958//1274 959//1274 960//1274
f 958//1275 960//1275 961//1275
f 961//1276 960//1276 959//1276
f 961//1277 964//1277 962//1277
f 961//1278 962//1278 963//1278
f 961//1279 963//1279 964//1279
f 964//1280 963//1280 962//1280
f 964//1281 967//1281 965//1281
f 964//1282 965//1282 966//1282
f 964//1283 966//1283 967//1283
f 967//1284 966//1284 965//1284
f 967//1285 968//1285 969//1285
f 967//1286 969//1286 970//1286
f 967//1287 970//1287 968//1287
f 968//1288 970//1288 969//1288
f 968//1289 971//1289 972//1289
f 968//1290 972//1290 973//1290
f 968//1291 973//1291 971//1291
f 971//1292 973//1292 972//1292
f 971//1293 976//1293 974//1293
f 971//1294 974//1294 975//1294
f 971//1295 975//1295 976//1295
f 976//1296 975//1296 974//1296
f 976//1297 977//1297 978//1297
f 976//1298 978//1298 979//1298
f 976//1299 979//1299 977//1299
f 977//1300 979//1300 978//1300
f 977//1301 980//1301 981//1301
f 977//1302 981//1302 982//1302
f 977//1303 982//1303 980//1303
f 980//1304 982//1304 981//1304
f 980//1305 985//1305 983//1305
f 980//1306 983//1306 984//1306
f 980//1307 984//1307 985//1307
f 985//1308 984//1308 983//1308
f 985//1309 988//1309 986//1309
f 985//1310 986//1310 987//1310
f 985//1311 987//1311 988//1311
f 988//1312 987//1312 986//1312
f 988//1313 991//1313 989//1313
f 988//1314 989//1314 990//1314
f 988//1315 990//1315 991//1315
f 991//1316 990//1316 989//1316
f 991//1317 992//1317 993//1317
f 991//1318 993//1318 994//1318
f 991//1319 994//1319 992//1319
f 992//1320 994//1320 993//1320
f 992//1321 995//1321 996//1321
f 992//1322 996//1322 997//1322
f 992//1323 997//1323 995//1323
f 995//1324 997//1324 996//1324
f 995//1325 998//1325 999//1325
f 995//1326 999//1326 1000//1326
f 995//1327 1000//1327 998//1327
f 998//1328 1000//1328 999//1328
f 998//1329 1003//1329 1001//1329
f 998//1330 1001//1330 1002//1330
f 998//1331 1002//1331 1003//1331
f 1003//1332 1002//1332 1001//1332
f 1003//1333 1004//1333 1005//1333
f 1003//1334 1005//1334 1006//1334
f 1003//1335 1006//1335 1004//1335
f 1004//1336 1006//1336 1005//1336
f 1004//1337 1007//1337 1008//1337
f 1004//1338 1008//1338 1009//1338
f 1004//1339 1009//1339 1007//1339
f 1007//1340 1009//1340 1008//1340
f 1007//1341 1010//1341 1011//1341
f 1007//1342 1011//1342 1012//1342
f 1007//1343 1012//1343 1010//1343
f 1010//1344 1012//1344 1011//1344
f 1010//1345 1015//1345 1013//1345
f 1010//1346 1013//1346 1014//1346
f 1010//1347 1014//1347 1015//1347
f 1015//1348 1014//1348 1013//1348
f 1015//1349 1016//1349 1017//1349
f 1015//1350 1017//1350 1018//1350
f 1015//1351 1018//1351 1016//1351
f 1016//1352 1018//1352 1017//1352
f 1016//1353 1019//1353 1020//1353
f 1016//1354 1020//1354 1021//1354
f 1016//1355 1021//1355 1019//1355
f 1019//1356 1021//1356 1020//1356
f 1019//1357 1022//1357 1023//1357
f 1019//1358 1023//1358 1024//1358
f 1019//1359 1024//1359 1022//1359
f 1022//1360 1024//1360 1023//1360
f 1022//1361 1025//1361 1026//1361
f 1022//1362 1026//1362 1027//1362
f 1022//1363 1027//1363 1025//1363
f 1025//1364 1027//1364 1026//1364
f 1025//1365 1030//1365 1028//1365
f 1025//1366 1028//1366 1029//1366
f 1025//1367 1029//1367 1030//1367
f 1030//1368 1029//1368 1028//1368
f 1030//1369 1033//1369 1031//1369
f 1030//1370 1031//1370 1032//1370
f 1030//1371 1032//1371 1033//1371
f 1033//1372 1032//1372 1031//1372
f 1033//1373 1036//1373 1034//1373
f 1033//1374 1034//1374 1035//1374
f 1033//1375 1035//1375 1036//1375
f 1036//1376 1035//1376 1034//1376
f 1036//1377 1037//1377 1038//1377
f 1036//1378 1038//1378 1039//1378
f 1036//1379 1039//1379 1037//1379
f 1037//1380 1039//1380 1038//1380
f 1037//1381 1040//1381 1041//1381
f 1037//1382 1041//1382 1042//1382
f 1037//1383 1042//1383 1040//1383
f 1040//1384 1042//1384 1041//1384
f 1040//1385 1043//1385 1044//1385
f 1040//1386 1044//1386 1045//1386
f 1040//1387 1045//1387 1043//1387
f 1043//1388 1045//1388 1044//1388
f 1043//1389 1046//1389 1047//1389
f 1043//1390 1047//1390 1048//1390
f 1043//1391 1048//1391 1046//1391
f 1046//1392 1048//1392 1047//1392
f 1046//1393 1051//1393 1049//1393
f 1046//1394 1049//1394 1050//1394
f 1046//1395 1050//1395 1051//1395
f 1051//1396 1050//1396 1049//1396
f 1051//1397 1054//1397 1052//1397
f 1051//1398 1052//1398 1053//1398
f 1051//1399 1053//1399 1054//1399
f 1054//1400 1053//1400 1052//1400
f 1054//1401 1057//1401 1055//1401
f 1054//1402 1055//1402 1056//1402
f 1054//1403 1056//1403 1057//1403
f 1057//1404 1056//1404 1055//1404
f 1057//1405 1060//1405 1058//1405
f 1057//1406 1058//1406 1059//1406
f 1057//1407 1059//1407 1060//1407
f 1060//1408 1059//1408 1058//1408
f 1060//1409 1063//1409 1061//1409
f 1060//1410 1061//1410 1062//1410
f 1060//1411 1062//1411 1063//1411
f 1063//1412 1062//1412 1061//1412
f 1063//1413 1064//1413 1065//1413
f 1063//1414 1065//1414 1066//1414
f 1063//1415 1066//1415 1064//1415
f 1064//1416 1066//1416 1065//1416
f 1064//1417 1067//1417 1068//1417
f 1064//1418 1068//1418 1069//1418
f 1064//1419 1069//1419 1067//1419
f 1067//1420 1069//1420 1068//1420
f 1067//1421 1072//1421 1070//1421
f 1067//1422 1070//1422 1071//1422
f 1067//1423 1071//1423 1072//1423
f 1072//1424 1071//1424 1070//1424
f 1072//1425 1073//1425 1074//1425
f 1072//1426 1074//1426 1075//1426
f 1072//1427 1075//1427 1073//1427
f 1073//1428 1075//1428 1074//1428
f 1073//1429 1078//1429 1076//1429
f 1073//1430 1076//1430 1077//1430
f 1073//1431 1077//1431 1078//1431
f 1078//1432 1077//1432 1076//1432
f 1078//1433 1079//1433 1080//1433
f 1078//1434 1080//1434 1081//1434
f 1078//1435 1081//1435 1079//1435
f 1079//1436 1081//1436 1080//1436
f 1079//1437 1084//1437 1082//1437
f 1079//1438 1082//1438 1083//1438
f 1079//1439 1083//1439 1084//1439
f 1084//1440 1083//1440 1082//1440
f 1084//1441 1087//1441 1085//1441
f 1084//1442 1085//1442 1086//1442
f 1084//1443 1086//1443 1087//1443
f 1087//1444 1086//1444 1085//1444
f 1087//1445 1088//1445 1089//1445
f 1087//1446 1089//1446 1090//1446
f 1087//1447 1090//1447 1088//1447
f 1088//1448 1090//1448 1089//1448
f 1088//1449 1091//1449 1092//1449
f 1088//1450 1092//1450 1093//1450
f 1088//1451 1093//1451 1091//1451
f 1091//1452 1093//1452 1092//1452
f 1091//1453 1096//1453 1094//1453
f 1091//1454 1094//1454 1095//1454
f 1091//1455 1095//1455 1096//1455
f 1096//1456 1095//1456 1094//1456
f 1096//1457 1099//1457 1097//1457
f 1096//1458 1097//1458 1098//1458
f 1096//1459 1098//1459 1099//1459
f 1099//1460 1098//1460 1097//1460
f 1099//1461 1102//1461 1100//1461
f 1099//1462 1100//1462 1101//1462
f 1099//1463 1101//1463 1102//1463
f 1102//1464 1101//1464 1100//1464
f 1102//1465 1103//1465 1104//1465
f 1102//1466 1104//1466 1105//1466
f 1102//1467 1105//1467 1103//1467
f 1103//1468 1105//1468 1104//1468
f 1103//1469 1108//1469 1106//1469
f 1103//1470 1106//1470 1107//1470
f 1103//1471 1107//1471 1108//1471
f 1108//1472 1107//1472 1106//1472
f 1108//1473 1109//1473 1110//1473
f 1108//1474 1110//1474 1111//1474
f 1108//1475 1111//1475 1109//1475
f 1109//1476 1111//1476 1110//1476
f 1109//1477 1114//1477 1112//1477
f 1109//1478 1112//1478 1113//1478
f 1109//1479 1113//1479 1114//1479
f 1114//1480 1113//1480 1112//1480
f 1114//1481 1115//1481 1116//1481
f 1114//1482 1116//1482 1117//1482
f 1114//1483 1117//1483 1115//1483
f 1115//1484 1117//1484 1116//1484
f 1115//1485 1118//1485 1119//1485
f 1115//1486 1119//1486 1120//1486
f 1115//1487 1120//1487 1118//1487
f 1118//1488 1120//1488 1119//1488
f 1118//1489 1123//1489 1121//1489
f 1118//1490 1121//1490 1122//1490
f 1118//1491 1122//1491 1123//1491
f 1123//1492 1122//1492 1121//1492
f 1123//1493 1124//1493 1125//1493
f 1123//1494 1125//1494 1126//1494
f 1123//1495 1126//1495 1124//1495
f 1124//1496 1126//1496 1125//1496
f 1124//1497 1127//1497 1128//1497
f 1124//1498 1128//1498 1129//1498
f 1124//1499 1129//1499 1127//1499
f 1127//1500 1129//1500 1128//1500
f 1127//1501 1132//1501 1130//1501
f 1127//1502 1130//1502 1131//1502
f 1127//1503 1131//1503 1132//1503
f 1132//1504 1131//1504 1130//1504
f 1132//1505 1133//1505 1134//1505
f 1132//1506 1134//1506 1135//1506
f 1132//1507 1135//1507 1133//1507
f 1133//1508 1135//1508 1134//1508
f 1133//1509 1138//1509 1136//1509
f 1133//1510 1136//1510 1137//1510
f 1133//1511 1137//1511 1138//1511
f 1138//1512 1137//1512 1136//1512
f 1138//1513 1139//1513 1140//1513
f 1138//1514 1140//1514 1141//1514
f 1138//1515 1141//1515 1139//1515
f 1139//1516 1141//1516 1140//1516
f 1139//1517 1144//1517 1142//1517
f 1139//1518 1142//1518 1143//1518
f 1139//1519 1143//1519 1144//1519
f 1144//1520 1143//1520 1142//1520
f 1144//1521 1145//1521 1146//1521
f 1144//1522 1146//1522 1147//1522
f 1144//1523 1147//1523 1145//1523
f 1145//1524 1147//1524 1146//1524
f 1145//1525 1148//1525 1149//1525
f 1145//1526 1149//1526 1150//1526
f 1145//1527 1150//1527 1148//1527
f 1148//1528 1150//1528 1149//1528
f 1148//1529 1151//1529 1152//1529
f 1148//1530 1152//1530 1153//1530
f 1148//1531 1153//1531 1151//1531
f 1151//1532 1153//1532 1152//1532
f 1151//1533 1156//1533 1154//1533
f 1151//1534 1154//1534 1155//1534
f 1151//1535 1155//1535 1156//1535
f 1156//1536 1155//1536 1154//1536
f 1156//1537 1159//1537 1157//1537
f 1156//1538 1157//1538 1158//1538
f 1156//1539 1158//1539 1159//1539
f 1159//1540 1158//1540 1157//1540
f 1159//1541 1162//1541 1160//1541
f 1159//1542 1160//1542 1161//1542
f 1159//1543 1161//1543 1162//1543
f 1162//1544 1161//1544 1160//1544
f 1162//1545 1163//1545 1164//1545
f 1162//1546 1164//1546 1165//1546
f 1162//1547 1165//1547 1163//1547
f 1163//1548 1165//1548 1164//1548
f 1163//1549 1168//1549 1166//1549
f 1163//1550 1166//1550 1167//1550
f 1163//1551 1167//1551 1168//1551
f 1168//1552 1167//1552 1166//1552
f 1168//1553 1171//1553 1169//1553
f 1168//1554 1169//1554 1170//1554
f 1168//1555 1170//1555 1171//1555
f 1171//1556 1170//1556 1169//1556
f 1171//1557 1174//1557 1172//1557
f 1171//1558 1172//1558 1173//1558
f 1171//1559 1173//1559 1174//1559
f 1174//1560 1173//1560 1172//1560
f 1174//1561 1177//1561 1175//1561
f 1174//1562 1175//1562 1176//1562
f 1174//1563 1176//1563 1177//1563
f 1177//1564 1176//1564 1175//1564
f 1177//1565 1180//1565 1178//1565
f 1177//1566 1178//1566 1179//1566
f 1177//1567 1179//1567 1180//1567
f 1180//1568 1179//1568 1178//1568
f 1180//1569 1183//1569 1181//1569
f 1180//1570 1181//1570 1182//1570
f 1180//1571 1182//1571 1183//1571
f 1183//1572 1182//1572 1181//1572
f 1183//1573 1186//1573 1184//1573
f 1183//1574 1184//1574 1185//1574
f 1183//1575 1185//1575 1186//1575
f 1186//1576 1185//1576 1184//1576
f 1186//1577 1189//1577 1187//1577
f 1186//1578 1187//1578 1188//1578
f 1186//1579 1188//1579 1189//1579
f 1189//1580 1188//1580 1187//1580
f 1189//1581 1192//1581 1190//1581
f 1189//1582 1190//1582 1191//1582
f 1189//1583 1191//1583 1192//1583
f 1192//1584 1191//1584 1190//1584
f 1192//1585 1195//1585 1193//1585
f 1192//1586 1193//1586 1194//1586
f 1192//1587 1194//1587 1195//1587
f 1195//1588 1194//1588 1193//1588
f 1195//1589 1196//1589 1197//1589
f 1195//1590 1197//1590 1198//1590
f 1195//1591 1198//1591 1196//1591
f 1196//1592 1198//1592 1197//1592
f 1196//1593 1201//1593 1199//1593
f 1196//1594 1199//1594 1200//1594
f 1196//1595 1200//1595 1201//1595
f 1201//1596 1200//1596 1199//1596
f 1201//1597 1202//1597 1203//1597
f 1201//1598 1203//1598 1204//1598
f 1201//1599 1204//1599 1202//1599
f 1202//1600 1204//1600 1203//1600
f 1202//1601 1207//1601 1205//1601
f 1202//1602 1205//1602 1206//1602
f 1202//1603 1206//1603 1207//1603
f 1207//1604 1206//1604 1205//1604
f 1207//1605 1208//1605 1209//1605
f 1207//1606 1209//1606 1210//1606
f 1207//1607 1210//1607 1208//1607
f 1208//1608 1210//1608 1209//1608
f 1211//1609 1214//1609 1212//1609
f 1211//1610 1212//1610 1213//1610
f 1211//1611 1213//1611 1214//1611
f 1214//1612 1213//1612 1212//1612
f 1214//1613 1217//1613 1215//1613
f 1214//1614 1215//1614 1216//1614
f 1214//1615 1216//1615 1217//1615
f 1217//1616 1216//1616 1215//1616
f 1217//1617 1218//1617 1219//1617
f 1217//1618 1219//1618 1220//1618
f 1217//1619 1220//1619 1218//1619
f 1218//1620 1220//1620 1219//1620
f 1218//1621 1221//1621 1222//1621
f 1218//1622 1222//1622 1223//1622
f 1218//1623 1223//1623 1221//1623
f 1221//1624 1223//1624 1222//1624
f 1221//1625 1224//1625 1225//1625
f 1221//1626 1225//1626 1226//1626
f 1221//1627 1226//1627 1224//1627
f 1224//1628 1226//1628 1225//1628
f 1224//1629 1227//1629 1228//1629
f 1224//1630 1228//1630 1229//1630
f 1224//1631 1229//1631 1227//1631
f 1227//1632 1229//1632 1228//1632
f 1227//1633 1232//1633 1230//1633
f 1227//1634 1230//1634 1231//1634
f 1227//1635 1231//1635 1232//1635
f 1232//1636 1231//1636 1230//1636
f 1232//1637 1235//1637 1233//1637
f 1232//1638 1233//1638 1234//1638
f 1232//1639 1234//1639 1235//1639
f 1235//1640 1234//1640 1233//1640
f 1235//1641 1236//1641 1237//1641
f 1235//1642 1237//1642 1238//1642
f 1235//1643 1238//1643 1236//1643
f 1236//1644 1238//1644 1237//1644
f 1239//1645 1240//1645 1241//1645
f 1239//1646 1241//1646 1242//1646
f 1239//1647 1242//1647 1240//1647
f 1240//1648 1242//1648 1241//1648
f 1240//1649 1245//1649 1243//1649
f 1240//1650 1243//1650 1244//1650
f 1240//1651 1244//1651 1245//1651
f 1245//1652 1244//1652 1243//1652
f 1245//1653 1248//1653 1246//1653
f 1245//1654 1246//1654 1247//1654
f 1245//1655 1247//1655 1248//1655
f 1248//1656 1247//1656 1246//1656
f 1248//1657 1251//1657 1249//1657
f 1248//1658 1249//1658 1250//1658
f 1248//1659 1250//1659 1251//1659
f 1251//1660 1250//1660 1249//1660
f 1251//1661 1254//1661 1252//1661
f 1251//1662 1252//1662 1253//1662
f 1251//1663 1253//1663 1254//1663
f 1254//1664 1253//1664 1252//1664
f 1254//1665 1257//1665 1255//1665
f 1254//1666 1255//1666 1256//1666
f 1254//1667 1256//1667 1257//1667
f 1257//1668 1256//1668 1255//1668
f 1257//1669 1260//1669 1258//1669
f 1257//1670 1258//1670 1259//1670
f 1257//1671 1259//1671 1260//1671
f 1260//1672 1259//1672 1258//1672
f 1260//1673 1263//1673 1261//1673
f 1260//1674 1261//1674 1262//1674
f 1260//1675 1262//1675 1263//1675
f 1263//1676 1262//1676 1261//1676
f 1263//1677 1264//1677 1265//1677
f 1263//1678 1265//1678 1266//1678
f 1263//1679 1266//1679 1264//1679
f 1264//1680 1266//1680 1265//1680
f 1264//1681 1267//1681 1268//1681
f 1264//1682 1268//1682 1269//1682
f 1264//1683 1269//1683 1267//1683
f 1267//1684 1269//1684 1268//1684
f 1267//1685 1270//1685 1271//1685
f 1267//1686 1271//1686 1272//1686
f 1267//1687 1272//1687 1270//1687
f 1270//1688 1272//1688 1271//1688
f 1270//1689 1273//1689 1274//1689
f 1270//1690 1274//1690 1275//1690
f 1270//1691 1275//1691 1273//1691
f 1273//1692 1275//1692 1274//1692
f 1273//1693 1276//1693 1277//1693
f 1273//1694 1277//1694 1278//1694
f 1273//1695 1278//1695 1276//1695
f 1276//1696 1278//1696 1277//1696
f 1276//1697 1279//1697 1280//1697
f 1276//1698 1280//1698 1281//1698
f 1276//1699 1281//1699 1279//1699
f 1279//1700 1281//1700 1280//1700
f 1279//1701 1284//1701 1282//1701
f 1279//1702 1282//1702 1283//1702
f 1279//1703 1283//1703 1284//1703
f 1284//1704 1283//1704 1282//1704
f 1284//1705 1287//1705 1285//1705
f 1284//1706 1285//1706 1286//1706
f 1284//1707 1286//1707 1287//1707
f 1287//1708 1286//1708 1285//1708
f 1287//1709 1290//1709 1288//1709
f 1287//1710 1288//1710 1289//1710
f 1287//1711 1289//1711 1290//1711
f 1290//1712 1289//1712 1288//1712
f 1290//1713 1291//1713 1292//1713
f 1290//1714 1292//1714 1293//1714
f 1290//1715 1293//1715 1291//1715
f 1291//1716 1293//1716 1292//1716
f 1291//1717 1294//1717 1295//1717
f 1291//1718 1295//1718 1296//1718
f 1291//1719 1296//1719 1294//1719
f 1294//1720 1296//1720 1295//1720
f 1294//1721 1297//1721 1298//1721
f 1294//1722 1298//1722 1299//1722
f 1294//1723 1299//1723 1297//1723
f 1297//1724 1299//1724 1298//1724
f 1297//1725 1302//1725 1300//1725
f 1297//1726 1300//1726 1301//1726
f 1297//1727 1301//1727 1302//1727
f 1302//1728 1301//1728 1300//1728
f 1302//1729 1305//1729 1303//1729
f 1302//1730 1303//1730 1304//1730
f 1302//1731 1304//1731 1305//1731
f 1305//1732 1304//1732 1303//1732
f 1305//1733 1306//1733 1307//1733
f 1305//1734 1307//1734 1308//1734
f 1305//1735 1308//1735 1306//1735
f 1306//1736 1308//1736 1307//1736
f 1306//1737 1309//1737 1310//1737
f 1306//1738 1310//1738 1311//1738
f 1306//1739 1311//1739 1309//1739
f 1309//1740 1311//1740 1310//1740
f 1309//1741 1312//1741 1313//1741
f 1309//1742 1313//1742 1314//1742
f 1309//1743 1314//1743 1312//1743
f 1312//1744 1314//1744 1313//1744
f 1312//1745 1315//1745 1316//1745
f 1312//1746 1316//1746 1317//1746
f 1312//1747 1317//1747 1315//1747
f 1315//1748 1317//1748 1316//1748
f 1315//1749 1320//1749 1318//1749
f 1315//1750 1318//1750 1319//1750
f 1315//1751 1319//1751 1320//1751
f 1320//1752 1319//1752 1318//1752
f 1320//1753 1323//1753 1321//1753
f 1320//1754 1321//1754 1322//1754
f 1320//1755 1322//1755 1323//1755
f 1323//1756 1322//1756 1321//1756
f 1323//1757 1324//1757 1325//1757
f 1323//1758 1325//1758 1326//1758
f 1323//1759 1326//1759 1324//1759
f 1324//1760 1326//1760 1325//1760
f 1324//1761 1327//1761 1328//1761
f 1324//1762 1328//1762 1329//1762
f 1324//1763 1329//1763 1327//1763
f 1327//1764 1329//1764 1328//1764
f 1327//1765 1330//1765 1331//1765
f 1327//1766 1331//1766 1332//1766
f 1327//1767 1332//1767 1330//1767
f 1330//1768 1332//1768 1331//1768
f 1330//1769 1335//1769 1333//1769
f 1330//1770 1333//1770 1334//1770
f 1330//1771 1334//1771 1335//1771
f 1335//1772 1334//1772 1333//1772
f 1335//1773 1338//1773 1336//1773
f 1335//1774 1336//1774 1337//1774
f 1335//1775 1337//1775 1338//1775
f 1338//1776 1337//1776 1336//1776
f 1338//1777 1339//1777 1340//1777
f 1338//1778 1340//1778 1341//1778
f 1338//1779 1341//1779 1339//1779
f 1339//1780 1341//1780 1340//1780
f 1339//1781 1344//1781 1342//1781
f 1339//1782 1342//1782 1343//1782
f 1339//1783 1343//1783 1344//1783
f 1344//1784 1343//1784 1342//1784
f 1344//1785 1345//1785 1346//1785
f 1344//1786 1346//1786 1347//1786
f 1344//1787 1347//1787 1345//1787
f 1345//1788 1347//1788 1346//1788
f 1345//1789 1350//1789 1348//1789
f 1345//1790 1348//1790 1349//1790
f 1345//1791 1349//1791 1350//1791
f 1350//1792 1349//1792 1348//1792
f 1350//1793 1351//1793 1352//1793
f 1350//1794 1352//1794 1353//1794
f 1350//1795 1353//1795 1351//1795
f 1351//1796 1353//1796 1352//1796
f 1351//1797 1354//1797 1355//1797
f 1351//1798 1355//1798 1356//1798
f 1351//1799 1356//1799 1354//1799
f 1354//1800 1356//1800 1355//1800
f 1354//1801 1357//1801 1358//1801
f 1354//1802 1358//1802 1359//1802
f 1354//1803 1359//1803 1357//1803
f 1357//1804 1359//1804 1358//1804
f 1357//1805 1362//1805 1360//1805
f 1357//1806 1360//1806 1361//1806
f 1357//1807 1361//1807 1362//1807
f 1362//1808 1361//1808 1360//1808
f 1362//1809 1365//1809 1363//1809
f 1362//1810 1363//1810 1364//1810
f 1362//1811 1364//1811 1365//1811
f 1365//1812 1364//1812 1363//1812
f 1365//1813 1368//1813 1366//1813
f 1365//1814 1366//1814 1367//1814
f 1365//1815 1367//1815 1368//1815
f 1368//1816 1367//1816 1366//1816
f 1368//1817 1369//1817 1370//1817
f 1368//1818 1370//1818 1371//1818
f 1368//1819 1371//1819 1369//1819
f 1369//1820 1371//1820 1370//1820
f 1369//1821 1372//1821 1373//1821
f 1369//1822 1373//1822 1374//1822
f 1369//1823 1374//1823 1372//1823
f 1372//1824 1374//1824 1373//1824
f 1372//1825 1377//1825 1375//1825
f 1372//1826 1375//1826 1376//1826
f 1372//1827 1376//1827 1377//1827
f 1377//1828 1376//1828 1375//1828
f 1377//1829 1378//1829 1379//1829
f 1377//1830 1379//1830 1380//1830
f 1377//1831 1380//1831 1378//1831
f 1378//1832 1380//1832 1379//1832
f 1378//1833 1383//1833 1381//1833
f 1378//1834 1381//1834 1382//1834
f 1378//1835 1382//1835 1383//1835
f 1383//1836 1382//1836 1381//1836
f 1383//1837 1384//1837 1385//1837
f 1383//1838 1385//1838 1386//1838
f 1383//1839 1386//1839 1384//1839
f 1384//1840 1386//1840 1385//1840
f 1384//1841 1387//1841 1388//1841
f 1384//1842 1388//1842 1389//1842
f 1384//1843 1389//1843 1387//1843
f 1387//1844 1389//1844 1388//1844
f 1387//1845 1392//1845 1390//1845
f 1387//1846 1390//1846 1391//1846
f 1387//1847 1391//1847 1392//1847
f 1392//1848 1391//1848 1390//1848
f 1392//1849 1393//1849 1394//1849
f 1392//1850 1394//1850 1395//1850
f 1392//1851 1395//1851 1393//1851
f 1393//1852 1395//1852 1394//1852
f 1393//1853 1396//1853 1397//1853
f 1393//1854 1397//1854 1398//1854
f 1393//1855 1398//1855 1396//1855
f 1396//1856 1398//1856 1397//1856
f 1396//1857 1399//1857 1400//1857
f 1396//1858 1400//1858 1401//1858
f 1396//1859 1401//1859 1399//1859
f 1399//1860 1401//1860 1400//1860
f 1399//1861 1402//1861 1403//1861
f 1399//1862 1403//1862 1404//1862
f 1399//1863 1404//1863 1402//1863
f 1402//1864 1404//1864 1403//1864
f 1402//1865 1407//1865 1405//1865
f 1402//1866 1405//1866 1406//1866
f 1402//1867 1406//1867 1407//1867
f 1407//1868 1406//1868 1405//1868
f 1407//1869 1408//1869 1409//1869
f 1407//1870 1409//1870 1410//1870
f 1407//1871 1410//1871 1408//1871
f 1408//1872 1410//1872 1409//1872
f 1408//1873 1411//1873 1412//1873
f 1408//1874 1412//1874 1413//1874
f 1408//1875 1413//1875 1411//1875
f 1411//1876 1413//1876 1412//1876
f 1411//1877 1416//1877 1414//1877
f 1411//1878 1414//1878 1415//1878
f 1411//1879 1415//1879 1416//1879
f 1416//1880 1415//1880 1414//1880
f 1416//1881 1419//1881 1417//1881
f 1416//1882 1417//1882 1418//1882
f 1416//1883 1418//1883 1419//1883
f 1419//1884 1418//1884 1417//1884
f 1419//1885 1420//1885 1421//1885
f 1419//1886 1421//1886 1422//1886
f 1419//1887 1422//1887 1420//1887
f 1420//1888 1422//1888 1421//1888
f 1420//1889 1425//1889 1423//1889
f 1420//1890 1423//1890 1424//1890
f 1420//1891 1424//1891 1425//1891
f 1425//1892 1424//1892 1423//1892
f 1425//1893 1426//1893 1427//1893
f 1425//1894 1427//1894 1428//1894
f 1425//1895 1428//1895 1426//1895
f 1426//1896 1428//1896 1427//1896
f 1426//1897 1431//1897 1429//1897
f 1426//1898 1429//1898 1430//1898
f 1426//1899 1430//1899 1431//1899
f 1431//1900 1430//1900 1429//1900
f 1431//1901 1434//1901 1432//1901
f 1431//1902 1432//1902 1433//1902
f 1431//1903 1433//1903 1434//1903
f 1434//1904 1433//1904 1432//1904
f 1434//1905 1437//1905 1435//1905
f 1434//1906 1435//1906 1436//1906
f 1434//1907 1436//1907 1437//1907
f 1437//1908 1436//1908 1435//1908
f 1437//1909 1438//1909 1439//1909
f 1437//1910 1439//1910 1440//1910
f 1437//1911 1440//1911 1438//1911
f 1438//1912 1440//1912 1439//1912
f 1438//1913 1443//1913 1441//1913
f 1438//1914 1441//1914 1442//1914
f 1438//1915 1442//1915 1443//1915
f 1443//1916 1442//1916 1441//1916
f 1443//1917 1444//1917 1445//1917
f 1443//1918 1445//1918 1446//1918
f 1443//1919 1446//1919 1444//1919
f 1444//1920 1446//1920 1445//1920
f 1444//1921 1447//1921 1448//1921
f 1444//1922 1448//1922 1449//1922
f 1444//1923 1449//1923 1447//1923
f 1447//1924 1449//1924 1448//1924
f 1447//1925 1450//1925 1451//1925
f 1447//1926 1451//1926 1452//1926
f 1447//1927 1452//1927 1450//1927
f 1450//1928 1452//1928 1451//1928
f 1450//1929 1455//1929 1453//1929
f 1450//1930 1453//1930 1454//1930
f 1450//1931 1454//1931 1455//1931
f 1455//1932 1454//1932 1453//1932
f 1455//1933 1456//1933 1457//1933
f 1455//1934 1457//1934 1458//1934
f 1455//1935 1458//1935 1456//1935
f 1456//1936 1458//1936 1457//1936
f 1456//1937 1461//1937 1459//1937
f 1456//1938 1459//1938 1460//1938
f 1456//1939 1460//1939 1461//1939
f 1461//1940 1460//1940 1459//1940
f 1461//1941 1462//1941 1463//1941
f 1461//1942 1463//1942 1464//1942
f 1461//1943 1464//1943 1462//1943
f 1462//1944 1464//1944 1463//1944
f 1462//1945 1465//1945 1466//1945
f 1462//1946 1466//1946 1467//1946
f 1462//1947 1467//1947 1465//1947
f 1465//1948 1467//1948 1466//1948
f 1465//1949 1468//1949 1469//1949
f 1465//1950 1469//1950 1470//1950
f 1465//1951 1470//1951 1468//1951
f 1468//1952 1470//1952 1469//1952
f 1468//1953 1471//1953 1472//1953
f 1468//1954 1472//1954 1473//1954
f 1468//1955 1473//1955 1471//1955
f 1471//1956 1473//1956 1472//1956
f 1471//1957 1474//1957 1475//1957
f 1471//1958 1475//1958 1476//1958
f 1471//1959 1476//1959 1474//1959
f 1474//1960 1476//1960 1475//1960
f 1474//1961 1477//1961 1478//1961
f 1474//1962 1478//1962 1479//1962
f 1474//1963 1479//1963 1477//1963
f 1477//1964 1479//1964 1478//1964
f 1477//1965 1482//1965 1480//1965
f 1477//1966 1480//1966 1481//1966
f 1477//1967 1481//1967 1482//1967
f 1482//1968 1481//1968 1480//1968
f 1482//1969 1485//1969 1483//1969
f 1482//1970 1483//1970 1484//1970
f 1482//1971 1484//1971 1485//1971
f 1485//1972 1484//1972 1483//1972
f 1485//1973 1488//1973 1486//1973
f 1485//1974 1486//1974 1487//1974
f 1485//1975 1487//1975 1488//1975
f 1488//1976 1487//1976 1486//1976
f 1488//1977 1489//1977 1490//1977
f 1488//1978 1490//1978 1491//1978
f 1488//1979 1491//1979 1489//1979
f 1489//1980 1491//1980 1490//1980
f 1489//1981 1494//1981 1492//1981
f 1489//1982 1492//1982 1493//1982
f 1489//1983 1493//1983 1494//1983
f 1494//1984 1493//1984 1492//1984
f 1494//1985 1497//1985 1495//1985
f 1494//1986 1495//1986 1496//1986
f 1494//1987 1496//1987 1497//1987
f 1497//1988 1496//1988 1495//1988
f 1497//1989 1500//1989 1498//1989
f 1497//1990 1498//1990 1499//1990
f 1497//1991 1499//1991 1500//1991
f 1500//1992 1499//1992 1498//1992
f 1500//1993 1503//1993 1501//1993
f 1500//1994 1501//1994 1502//1994
f 1500//1995 1502//1995 1503//1995
f 1503//1996 1502//1996 1501//1996
f 1503//1997 1504//1997 1505//1997
f 1503//1998 1505//1998 1506//1998
f 1503//1999 1506//1999 1504//1999
f 1504//2000 1506//2000 1505//2000
f 1504//2001 1509//2001 1507//2001
f 1504//2002 1507//2002 1508//2002
f 1504//2003 1508//2003 1509//2003
f 1509//2004 1508//2004 1507//2004
f 1509//2005 1510//2005 1511//2005
f 1509//2006 1511//2006 1512//2006
f 1509//2007 1512//2007 1510//2007
f 1510//2008 1512//2008 1511//2008
f 1510//2009 1515//2009 1513//2009
f 1510//2010 1513//2010 1514//2010
f 1510//2011 1514//2011 1515//2011
f 1515//2012 1514//2012 1513//2012
f 1515//2013 1518//2013 1516//2013
f 1515//2014 1516//2014 1517//2014
f 1515//2015 1517//2015 1518//2015
f 1518//2016 1517//2016 1516//2016
f 1518//2017 1521//2017 1519//2017
f 1518//2018 1519//2018 1520//2018
f 1518//2019 1520//2019 1521//2019
f 1521//2020 1520//2020 1519//2020
f 1521//2021 1522//2021 1523//2021
f 1521//2022 1523//2022 1524//2022
f 1521//2023 1524//2023 1522//2023
f 1522//2024 1524//2024 1523//2024
f 1522//2025 1525//2025 1526//2025
f 1522//2026 1526//2026 1527//2026
f 1522//2027 1527//2027 1525//2027
f 1525//2028 1527//2028 1526//2028
f 1525//2029 1530//2029 1528//2029
f 1525//2030 1528//2030 1529//2030
f 1525//2031 1529//2031 1530//2031
f 1530//2032 1529//2032 1528//2032
f 1530//2033 1533//2033 1531//2033
f 1530//2034 1531//2034 1532//2034
f 1530//2035 1532//2035 1533//2035
f 1533//2036 1532//2036 1531//2036
f 1533//2037 1534//2037 1535//2037
f 1533//2038 1535//2038 1536//2038
f 1533//2039 1536//2039 1534//2039
f 1534//2040 1536//2040 1535//2040
f 1534//2041 1537//2041 1538//2041
f 1534//2042 1538//2042 1539//2042
f 1534//2043 1539//2043 1537//2043
f 1537//2044 1539//2044 1538//2044
f 1537//2045 1542//2045 1540//2045
f 1537//2046 1540//2046 1541//2046
f 1537//2047 1541//2047 1542//2047
f 1542//2048 1541//2048 1540//2048
f 1542//2049 1543//2049 1544//2049
f 1542//2050 1544//2050 1545//2050
f 1542//2051 1545//2051 1543//2051
f 1543//2052 1545//2052 1544//2052
f 1543//2053 1548//2053 1546//2053
f 1543//2054 1546//2054 1547//2054
f 1543//2055 1547//2055 1548//2055
f 1548//2056 1547//2056 1546//2056
f 1548//2057 1549//2057 1550//2057
f 1548//2058 1550//2058 1551//2058
f 1548//2059 1551//2059 1549//2059
f 1549//2060 1551//2060 1550//2060
f 1549//2061 1554//2061 1552//2061
f 1549//2062 1552//2062 1553//2062
f 1549//2063 1553//2063 1554//2063
f 1554//2064 1553//2064 1552//2064
f 1554//2065 1555//2065 1556//2065
f 1554//2066 1556//2066 1557//2066
f 1554//2067 1557//2067 1555//2067
f 1555//2068 1557//2068 1556//2068
f 1555//2069 1560//2069 1558//2069
f 1555//2070 1558//2070 1559//2070
f 1555//2071 1559//2071 1560//2071
f 1560//2072 1559//2072 1558//2072
f 1560//2073 1561//2073 1562//2073
f 1560//2074 1562//2074 1563//2074
f 1560//2075 1563//2075 1561//2075
f 1561//2076 1563//2076 1562//2076
f 1561//2077 1564//2077 1565//2077
f 1561//2078 1565//2078 1566//2078
f 1561//2079 1566//2079 1564//2079
f 1564//2080 1566//2080 1565//2080
f 1564//2081 1567//2081 1568//2081
f 1564//2082 1568//2082 1569//2082
f 1564//2083 1569//2083 1567//2083
f 1567//2084 1569//2084 1568//2084
f 1567//2085 1572//2085 1570//2085
f 1567//2086 1570//2086 1571//2086
f 1567//2087 1571//2087 1572//2087
f 1572//2088 1571//2088 1570//2088
f 1572//2089 1573//2089 1574//2089
f 1572//2090 1574//2090 1575//2090
f 1572//2091 1575//2091 1573//2091
f 1573//2092 1575//2092 1574//2092
f 1573//2093 1578//2093 1576//2093
f 1573//2094 1576//2094 1577//2094
f 1573//2095 1577//2095 1578//2095
f 1578//2096 1577//2096 1576//2096
f 1578//2097 1581//2097 1579//2097
f 1578//2098 1579//2098 1580//2098
f 1578//2099 1580//2099 1581//2099
f 1581//2100 1580//2100 1579//2100
f 1581//2101 1584//2101 1582//2101
f 1581//2102 1582//2102 1583//2102
f 1581//2103 1583//2103 1584//2103
f 1584//2104 1583//2104 1582//2104
f 1584//2105 1585//2105 1586//2105
f 1584//2106 1586//2106 1587//2106
f 1584//2107 1587//2107 1585//2107
f 1585//2108 1587//2108 1586//2108
f 1585//2109 1588//2109 1589//2109
f 1585//2110 1589//2110 1590//2110
f 1585//2111 1590//2111 1588//2111
f 1588//2112 1590//2112 1589//2112
f 1588//2113 1593//2113 1591//2113
f 1588//2114 1591//2114 1592//2114
f 1588//2115 1592//2115 1593//2115
f 1593//2116 1592//2116 1591//2116
f 1593//2117 1594//2117 1595//2117
f 1593//2118 1595//2118 1596//2118
f 1593//2119 1596//2119 1594//2119
f 1594//2120 1596//2120 1595//2120
f 1594//2121 1597//2121 1598//2121
f 1594//2122 1598//2122 1599//2122
f 1594//2123 1599//2123 1597//2123
f 1597//2124 1599//2124 1598//2124
f 1597//2125 1600//2125 1601//2125
f 1597//2126 1601//2126 1602//2126
f 1597//2127 1602//2127 1600//2127
f 1600//2128 1602//2128 1601//2128
f 1600//2129 1603//2129 1604//2129
f 1600//2130 1604//2130 1605//2130
f 1600//2131 1605//2131 1603//2131
f 1603//2132 1605//2132 1604//2132
f 1603//2133 1606//2133 1607//2133
f 1603//2134 1607//2134 1608//2134
f 1603//2135 1608//2135 1606//2135
f 1606//2136 1608//2136 1607//2136
f 1606//2137 1609//2137 1610//2137
f 1606//2138 1610//2138 1611//2138
f 1606//2139 1611//2139 1609//2139
f 1609//2140 1611//2140 1610//2140
f 1609//2141 1614//2141 1612//2141
f 1609//2142 1612//2142 1613//2142
f 1609//2143 1613//2143 1614//2143
f 1614//2144 1613//2144 1612//2144
f 1614//2145 1615//2145 1616//2145
f 1614//2146 1616//2146 1617//2146
f 1614//2147 1617//2147 1615//2147
f 1615//2148 1617//2148 1616//2148
f 1615//2149 1620//2149 1618//2149
f 1615//2150 1618//2150 1619//2150
f 1615//2151 1619//2151 1620//2151
f 1620//2152 1619//2152 1618//2152
f 1620//2153 1623//2153 1621//2153
f 1620//2154 1621//2154 1622//2154
f 1620//2155 1622//2155 1623//2155
f 1623//2156 1622//2156 1621//2156
f 1623//2157 1624//2157 1625//2157
f 1623//2158 1625//2158 1626//2158
f 1623//2159 1626//2159 1624//2159
f 1624//2160 1626//2160 1625//2160
f 1624//2161 1627//2161 1628//2161
f 1624//2162 1628//2162 1629//2162
f 1624//2163 1629//2163 1627//2163
f 1627//2164 1629//2164 1628//2164
f 1627//2165 1632//2165 1630//2165
f 1627//2166 1630//2166 1631//2166
f 1627//2167 1631//2167 1632//2167
f 1632//2168 1631//2168 1630//2168
f 1632//2169 1635//2169 1633//2169
f 1632//2170 1633//2170 1634//2170
f 1632//2171 1634//2171 1635//2171
f 1635//2172 1634//2172 1633//2172
f 1635//2173 1636//2173 1637//2173
f 1635//2174 1637//2174 1638//2174
f 1635//2175 1638//2175 1636//2175
f 1636//2176 1638//2176 1637//2176
f 1636//2177 1639//2177 1640//2177
f 1636//2178 1640//2178 1641//2178
f 1636//2179 1641//2179 1639//2179
f 1639//2180 1641//2180 1640//2180
f 1639//2181 1644//2181 1642//2181
f 1639//2182 1642//2182 1643//2182
f 1639//2183 1643//2183 1644//2183
f 1644//2184 1643//2184 1642//2184
f 1644//2185 1645//2185 1646//2185
f 1644//2186 1646//2186 1647//2186
f 1644//2187 1647//2187 1645//2187
f 1645//2188 1647//2188 1646//2188
f 1645//2189 1648//2189 1649//2189
f 1645//2190 1649//2190 1650//2190
f 1645//2191 1650//2191 1648//2191
f 1648//2192 1650//2192 1649//2192
f 1648//2193 1651//2193 1652//2193
f 1648//2194 1652//2194 1653//2194
f 1648//2195 1653//2195 1651//2195
f 1651//2196 1653//2196 1652//2196
f 1651//2197 1656//2197 1654//2197
f 1651//2198 1654//2198 1655//2198
f 1651//2199 1655//2199 1656//2199
f 1656//2200 1655//2200 1654//2200
f 1656//2201 1659//2201 1657//2201
f 1656//2202 1657//2202 1658//2202
f 1656//2203 1658//2203 1659//2203
f 1659//2204 1658//2204 1657//2204
f 1659//2205 1660//2205 1661//2205
f 1659//2206 1661//2206 1662//2206
f 1659//2207 1662//2207 1660//2207
f 1660//2208 1662//2208 1661//2208
f 1660//2209 1665//2209 1663//2209
f 1660//2210 1663//2210 1664//2210
f 1660//2211 1664//2211 1665//2211
f 1665//2212 1664//2212 1663//2212
f 1665//2213 1668//2213 1666//2213
f 1665//2214 1666//2214 1667//2214
f 1665//2215 1667//2215 1668//2215
f 1668//2216 1667//2216 1666//2216
f 1668//2217 1671//2217 1669//2217
f 1668//2218 1669//2218 1670//2218
f 1668//2219 1670//2219 1671//2219
f 1671//2220 1670//2220 1669//2220
f 1671//2221 1674//2221 1672//2221
f 1671//2222 1672//2222 1673//2222
f 1671//2223 1673//2223 1674//2223
f 1674//2224 1673//2224 1672//2224
f 1674//2225 1675//2225 1676//2225
f 1674//2226 1676//2226 1677//2226
f 1674//2227 1677//2227 1675//2227
f 1675//2228 1677//2228 1676//2228
f 1675//2229 1678//2229 1679//2229
f 1675//2230 1679//2230 1680//2230
f 1675//2231 1680//2231 1678//2231
f 1678//2232 1680//2232 1679//2232
f 1678//2233 1683//2233 1681//2233
f 1678//2234 1681//2234 1682//2234
f 1678//2235 1682//2235 1683//2235
f 1683//2236 1682//2236 1681//2236
f 1683//2237 1684//2237 1685//2237
f 1683//2238 1685//2238 1686//2238
f 1683//2239 1686//2239 1684//2239
f 1684//2240 1686//2240 1685//2240
f 1684//2241 1689//2241 1687//2241
f 1684//2242 1687//2242 1688//2242
f 1684//2243 1688//2243 1689//2243
f 1689//2244 1688//2244 1687//2244
f 1689//2245 1690//2245 1691//2245
f 1689//2246 1691//2246 1692//2246
f 1689//2247 1692//2247 1690//2247
f 1690//2248 1692//2248 1691//2248
f 1690//2249 1695//2249 1693//2249
f 1690//2250 1693//2250 1694//2250
f 1690//2251 1694//2251 1695//2251
f 1695//2252 1694//2252 1693//2252
f 1695//2253 1696//2253 1697//2253
f 1695//2254 1697//2254 1698//2254
f 1695//2255 1698//2255 1696//2255
f 1696//2256 1698//2256 1697//2256
f 1696//2257 1701//2257 1699//2257
f 1696//2258 1699//2258 1700//2258
f 1696//2259 1700//2259 1701//2259
f 1701//2260 1700//2260 1699//2260
f 1701//2261 1704//2261 1702//2261
f 1701//2262 1702//2262 1703//2262
f 1701//2263 1703//2263 1704//2263
f 1704//2264 1703//2264 1702//2264
f 1704//2265 1705//2265 1706//2265
f 1704//2266 1706//2266 1707//2266
f 1704//2267 1707//2267 1705//2267
f 1705//2268 1707//2268 1706//2268
f 1705//2269 1708//2269 1709//2269
f 1705//2270 1709//2270 1710//2270
f 1705//2271 1710//2271 1708//2271
f 1708//2272 1710//2272 1709//2272
f 1708//2273 1713//2273 1711//2273
f 1708//2274 1711//2274 1712//2274
f 1708//2275 1712//2275 1713//2275
f 1713//2276 1712//2276 1711//2276
f 1713//2277 1716//2277 1714//2277
f 1713//2278 1714//2278 1715//2278
f 1713//2279 1715//2279 1716//2279
f 1716//2280 1715//2280 1714//2280
f 1716//2281 1717//2281 1718//2281
f 1716//2282 1718//2282 1719//2282
f 1716//2283 1719//2283 1717//2283
f 1717//2284 1719//2284 1718//2284
f 1720//2285 1723//2285 1721//2285
f 1720//2286 1721//2286 1722//2286
f 1720//2287 1722//2287 1723//2287
f 1723//2288 1722//2288 1721//2288
f 1723//2289 1724//2289 1725//2289
f 1723//2290 1725//2290 1726//2290
f 1723//2291 1726//2291 1724//2291
f 1724//2292 1726//2292 1725//2292
f 1724//2293 1727//2293 1728//2293
f 1724//2294 1728//2294 1729//2294
f 1724//2295 1729//2295 1727//2295
f 1727//2296 1729//2296 1728//2296
f 1727//2297 1732//2297 1730//2297
f 1727//2298 1730//2298 1731//2298
f 1727//2299 1731//2299 1732//2299
f 1732//2300 1731//2300 1730//2300
f 1732//2301 1735//2301 1733//2301
f 1732//2302 1733//2302 1734//2302
f 1732//2303 1734//2303 1735//2303
f 1735//2304 1734//2304 1733//2304
f 1735//2305 1736//2305 1737//2305
f 1735//2306 1737//2306 1738//2306
f 1735//2307 1738//2307 1736//2307
f 1736//2308 1738//2308 1737//2308
f 1736//2309 1741//2309 1739//2309
f 1736//2310 1739//2310 1740//2310
f 1736//2311 1740//2311 1741//2311
f 1741//2312 1740//2312 1739//2312
f 1741//2313 1742//2313 1743//2313
f 1741//2314 1743//2314 1744//2314
f 1741//2315 1744//2315 1742//2315
f 1742//2316 1744//2316 1743//2316
f 1742//2317 1745//2317 1746//2317
f 1742//2318 1746//2318 1747//2318
f 1742//2319 1747//2319 1745//2319
f 1745//2320 1747//2320 1746//2320
f 1745//2321 1750//2321 1748//2321
f 1745//2322 1748//2322 1749//2322
f 1745//2323 1749//2323 1750//2323
f 1750//2324 1749//2324 1748//2324
f 1750//2325 1751//2325 1752//2325
f 1750//2326 1752//2326 1753//2326
f 1750//2327 1753//2327 1751//2327
f 1751//2328 1753//2328 1752//2328
f 1751//2329 1756//2329 1754//2329
f 1751//2330 1754//2330 1755//2330
f 1751//2331 1755//2331 1756//2331
f 1756//2332 1755//2332 1754//2332
f 1756//2333 1757//2333 1758//2333
f 1756//2334 1758//2334 1759//2334
f 1756//2335 1759//2335 1757//2335
f 1757//2336 1759//2336 1758//2336
f 1757//2337 1762//2337 1760//2337
f 1757//2338 1760//2338 1761//2338
f 1757//2339 1761//2339 1762//2339
f 1762//2340 1761//2340 1760//2340
f 1762//2341 1765//2341 1763//2341
f 1762//2342 1763//2342 1764//2342
f 1762//2343 1764//2343 1765//2343
f 1765//2344 1764//2344 1763//2344
f 1765//2345 1768//2345 1766//2345
f 1765//2346 1766//2346 1767//2346
f 1765//2347 1767//2347 1768//2347
f 1768//2348 1767//2348 1766//2348
f 1768//2349 1769//2349 1770//2349
f 1768//2350 1770//2350 1771//2350
f 1768//2351 1771//2351 1769//2351
f 1769//2352 1771//2352 1770//2352
f 1769//2353 1772//2353 1773//2353
f 1769//2354 1773//2354 1774//2354
f 1769//2355 1774//2355 1772//2355
f 1772//2356 1774//2356 1773//2356
f 1772//2357 1775//2357 1776//2357
f 1772//2358 1776//2358 1777//2358
f 1772//2359 1777//2359 1775//2359
f 1775//2360 1777//2360 1776//2360
f 1775//2361 1778//2361 1779//2361
f 1775//2362 1779//2362 1780//2362
f 1775//2363 1780//2363 1778//2363
f 1778//2364 1780//2364 1779//2364
f 1778//2365 1783//2365 1781//2365
f 1778//2366 1781//2366 1782//2366
f 1778//2367 1782//2367 1783//2367
f 1783//2368 1782//2368 1781//2368
f 1783//2369 1784//2369 1785//2369
f 1783//2370 1785//2370 1786//2370
f 1783//2371 1786//2371 1784//2371
f 1784//2372 1786//2372 1785//2372
f 1784//2373 1789//2373 1787//2373
f 1784//2374 1787//2374 1788//2374
f 1784//2375 1788//2375 1789//2375
f 1789//2376 1788//2376 1787//2376
f 1789//2377 1790//2377 1791//2377
f 1789//2378 1791//2378 1792//2378
f 1789//2379 1792//2379 1790//2379
f 1790//2380 1792//2380 1791//2380
f 1790//2381 1795//2381 1793//2381
f 1790//2382 1793//2382 1794//2382
f 1790//2383 1794//2383 1795//2383
f 1795//2384 1794//2384 1793//2384
f 1795//2385 1798//2385 1796//2385
f 1795//2386 1796//2386 1797//2386
f 1795//2387 1797//2387 1798//2387
f 1798//2388 1797//2388 1796//2388
f 1798//2389 1799//2389 1800//2389
f 1798//2390 1800//2390 1801//2390
f 1798//2391 1801//2391 1799//2391
f 1799//2392 1801//2392 1800//2392
f 1799//2393 1802//2393 1803//2393
f 1799//2394 1803//2394 1804//2394
f 1799//2395 1804//2395 1802//2395
f 1802//2396 1804//2396 1803//2396
f 1802//2397 1805//2397 1806//2397
f 1802//2398 1806//2398 1807//2398
f 1802//2399 1807//2399 1805//2399
f 1805//2400 1807//2400 1806//2400
f 1805//2401 1810//2401 1808//2401
f 1805//2402 1808//2402 1809//2402
f 1805//2403 1809//2403 1810//2403
f 1810//2404 1809//2404 1808//2404
f 1810//2405 1813//2405 1811//2405
f 1810//2406 1811//2406 1812//2406
f 1810//2407 1812//2407 1813//2407
f 1813//2408 1812//2408 1811//2408
f 1813//2409 1814//2409 1815//2409
f 1813//2410 1815//2410 1816//2410
f 1813//2411 1816//2411 1814//2411
f 1814//2412 1816//2412 1815//2412
f 1814//2413 1817//2413 1818//2413
f 1814//2414 1818//2414 1819//2414
f 1814//2415 1819//2415 1817//2415
f 1817//2416 1819//2416 1818//2416
f 1817//2417 1820//2417 1821//2417
f 1817//2418 1821//2418 1822//2418
f 1817//2419 1822//2419 1820//2419
f 1820//2420 1822//2420 1821//2420
f 1820//2421 1823//2421 1824//2421
f 1820//2422 1824//2422 1825//2422
f 1820//2423 1825//2423 1823//2423
f 1823//2424 1825//2424 1824//2424
f 1823//2425 1828//2425 1826//2425
f 1823//2426 1826//2426 1827//2426
f 1823//2427 1827//2427 1828//2427
f 1828//2428 1827//2428 1826//2428
f 1828//2429 1831//2429 1829//2429
f 1828//2430 1829//2430 1830//2430
f 1828//2431 1830//2431 1831//2431
f 1831//2432 1830//2432 1829//2432
f 1831//2433 1834//2433 1832//2433
f 1831//2434 1832//2434 1833//2434
f 1831//2435 1833//2435 1834//2435
f 1834//2436 1833//2436 1832//2436
f 1834//2437 1835//2437 1836//2437
f 1834//2438 1836//2438 1837//2438
f 1834//2439 1837//2439 1835//2439
f 1835//2440 1837//2440 1836//2440
f 1835//2441 1840//2441 1838//2441
f 1835//2442 1838//2442 1839//2442
f 1835//2443 1839//2443 1840//2443
f 1840//2444 1839//2444 1838//2444
f 1840//2445 1841//2445 1842//2445
f 1840//2446 1842//2446 1843//2446
f 1840//2447 1843//2447 1841//2447
f 1841//2448 1843//2448 1842//2448
f 1841//2449 1844//2449 1845//2449
f 1841//2450 1845//2450 1846//2450
f 1841//2451 1846//2451 1844//2451
f 1844//2452 1846//2452 1845//2452
f 1844//2453 1847//2453 1848//2453
f 1844//2454 1848//2454 1849//2454
f 1844//2455 1849//2455 1847//2455
f 1847//2456 1849//2456 1848//2456
f 1847//2457 1850//2457 1851//2457
f 1847//2458 1851//2458 1852//2458
f 1847//2459 1852//2459 1850//2459
f 1850//2460 1852//2460 1851//2460
f 1850//2461 1853//2461 1854//2461
f 1850//2462 1854//2462 1855//2462
f 1850//2463 1855//2463 1853//2463
f 1853//2464 1855//2464 1854//2464
f 1853//2465 1858//2465 1856//2465
f 1853//2466 1856//2466 1857//2466
f 1853//2467 1857//2467 1858//2467
f 1858//2468 1857//2468 1856//2468
f 1858//2469 1859//2469 1860//2469
f 1858//2470 1860//2470 1861//2470
f 1858//2471 1861//2471 1859//2471
f 1859//2472 1861//2472 1860//2472
f 1859//2473 1864//2473 1862//2473
f 1859//2474 1862//2474 1863//2474
f 1859//2475 1863//2475 1864//2475
f 1864//2476 1863//2476 1862//2476
f 1864//2477 1867//2477 1865//2477
f 1864//2478 1865//2478 1866//2478
f 1864//2479 1866//2479 1867//2479
f 1867//2480 1866//2480 1865//2480
f 1867//2481 1870//2481 1868//2481
f 1867//2482 1868//2482 1869//2482
f 1867//2483 1869//2483 1870//2483
f 1870//2484 1869//2484 1868//2484
f 1870//2485 1871//2485 1872//2485
f 1870//2486 1872//2486 1873//2486
f 1870//2487 1873//2487 1871//2487
f 1871//2488 1873//2488 1872//2488
f 1871//2489 1874//2489 1875//2489
f 1871//2490 1875//2490 1876//2490
f 1871//2491 1876//2491 1874//2491
f 1874//2492 1876//2492 1875//2492
f 1874//2493 1877//2493 1878//2493
f 1874//2494 1878//2494 1879//2494
f 1874//2495 1879//2495 1877//2495
f 1877//2496 1879//2496 1878//2496
f 1877//2497 1882//2497 1880//2497
f 1877//2498 1880//2498 1881//2498
f 1877//2499 1881//2499 1882//2499
f 1882//2500 1881//2500 1880//2500
f 1882//2501 1885//2501 1883//2501
f 1882//2502 1883//2502 1884//2502
f 1882//2503 1884//2503 1885//2503
f 1885//2504 1884//2504 1883//2504
f 1885//2505 1886//2505 1887//2505
f 1885//2506 1887//2506 1888//2506
f 1885//2507 1888//2507 1886//2507
f 1886//2508 1888//2508 1887//2508
f 1886//2509 1891//2509 1889//2509
f 1886//2510 1889//2510 1890//2510
f 1886//2511 1890//2511 1891//2511
f 1891//2512 1890//2512 1889//2512
f 1891//2513 1892//2513 1893//2513
f 1891//2514 1893//2514 1894//2514
f 1891//2515 1894//2515 1892//2515
f 1892//2516 1894//2516 1893//2516
f 1892//2517 1895//2517 1896//2517
f 1892//2518 1896//2518 1897//2518
f 1892//2519 1897//2519 1895//2519
f 1895//2520 1897//2520 1896//2520
f 1895//2521 1900//2521 1898//2521
f 1895//2522 1898//2522 1899//2522
f 1895//2523 1899//2523 1900//2523
f 1900//2524 1899//2524 1898//2524
f 1900//2525 1901//2525 1902//2525
f 1900//2526 1902//2526 1903//2526
f 1900//2527 1903//2527 1901//2527
f 1901//2528 1903//2528 1902//2528
f 1901//2529 1906//2529 1904//2529
f 1901//2530 1904//2530 1905//2530
f 1901//2531 1905//2531 1906//2531
f 1906//2532 1905//2532 1904//2532
f 1906//2533 1909//2533 1907//2533
f 1906//2534 1907//2534 1908//2534
f 1906//2535 1908//2535 1909//2535
f 1909//2536 1908//2536 1907//2536
f 1909//2537 1910//2537 1911//2537
f 1909//2538 1911//2538 1912//2538
f 1909//2539 1912//2539 1910//2539
f 1910//2540 1912//2540 1911//2540
f 1910//2541 1913//2541 1914//2541
f 1910//2542 1914//2542 1915//2542
f 1910//2543 1915//2543 1913//2543
f 1913//2544 1915//2544 1914//2544
f 1913//2545 1916//2545 1917//2545
f 1913//2546 1917//2546 1918//2546
f 1913//2547 1918//2547 1916//2547
f 1916//2548 1918//2548 1917//2548
f 1916//2549 1919//2549 1920//2549
f 1916//2550 1920//2550 1921//2550
f 1916//2551 1921//2551 1919//2551
f 1919//2552 1921//2552 1920//2552
f 1919//2553 1924//2553 1922//2553
f 1919//2554 1922//2554 1923//2554
f 1919//2555 1923//2555 1924//2555
f 1924//2556 1923//2556 1922//2556
f 1924//2557 1925//2557 1926//2557
f 1924//2558 1926//2558 1927//2558
f 1924//2559 1927//2559 1925//2559
f 1925//2560 1927//2560 1926//2560
f 1925//2561 1930//2561 1928//2561
f 1925//2562 1928//2562 1929//2562
f 1925//2563 1929//2563 1930//2563
f 1930//2564 1929//2564 1928//2564
f 1930//2565 1931//2565 1932//2565
f 1930//2566 1932//2566 1933//2566
f 1930//2567 1933//2567 1931//2567
f 1931//2568 1933//2568 1932//2568
f 1931//2569 1936//2569 1934//2569
f 1931//2570 1934//2570 1935//2570
f 1931//2571 1935//2571 1936//2571
f 1936//2572 1935//2572 1934//2572
f 1936//2573 1939//2573 1937//2573
f 1936//2574 1937//2574 1938//2574
f 1936//2575 1938//2575 1939//2575
f 1939//2576 1938//2576 1937//2576
f 1939//2577 1942//2577 1940//2577
f 1939//2578 1940//2578 1941//2578
f 1939//2579 1941//2579 1942//2579
f 1942//2580 1941//2580 1940//2580
f 1942//2581 1945//2581 1943//2581
f 1942//2582 1943//2582 1944//2582
f 1942//2583 1944//2583 1945//2583
f 1945//2584 1944//2584 1943//2584
f 1945//2585 1948//2585 1946//2585
f 1945//2586 1946//2586 1947//2586
f 1945//2587 1947//2587 1948//2587
f 1948//2588 1947//2588 1946//2588
f 1948//2589 1951//2589 1949//2589
f 1948//2590 1949//2590 1950//2590
f 1948//2591 1950//2591 1951//2591
f 1951//2592 1950//2592 1949//2592
f 1951//2593 1952//2593 1953//2593
f 1951//2594 1953//2594 1954//2594
f 1951//2595 1954//2595 1952//2595
f 1952//2596 1954//2596 1953//2596
f 1952//2597 1957//2597 1955//2597
f 1952//2598 1955//2598 1956//2598
f 1952//2599 1956//2599 1957//2599
f 1957//2600 1956//2600 1955//2600
f 1957//2601 1958//2601 1959//2601
f 1957//2602 1959//2602 1960//2602
f 1957//2603 1960//2603 1958//2603
f 1958//2604 1960//2604 1959//2604
f 1958//2605 1963//2605 1961//2605
f 1958//2606 1961//2606 1962//2606
f 1958//2607 1962//2607 1963//2607
f 1963//2608 1962//2608 1961//2608
f 1963//2609 1966//2609 1964//2609
f 1963//2610 1964//2610 1965//2610
f 1963//2611 1965//2611 1966//2611
f 1966//2612 1965//2612 1964//2612
f 1966//2613 1969//2613 1967//2613
f 1966//2614 1967//2614 1968//2614
f 1966//2615 1968//2615 1969//2615
f 1969//2616 1968//2616 1967//2616
f 1969//2617 1970//2617 1971//2617
f 1969//2618 1971//2618 1972//2618
f 1969//2619 1972//2619 1970//2619
f 1970//2620 1972//2620 1971//2620
f 1970//2621 1975//2621 1973//2621
f 1970//2622 1973//2622 1974//2622
f 1970//2623 1974//2623 1975//2623
f 1975//2624 1974//2624 1973//2624
f 1975//2625 1976//2625 1977//2625
f 1975//2626 1977//2626 1978//2626
f 1975//2627 1978//2627 1976//2627
f 1976//2628 1978//2628 1977//2628
f 1976//2629 1981//2629 1979//2629
f 1976//2630 1979//2630 1980//2630
f 1976//2631 1980//2631 1981//2631
f 1981//2632 1980//2632 1979//2632
f 1981//2633 1984//2633 1982//2633
f 1981//2634 1982//2634 1983//2634
f 1981//2635 1983//2635 1984//2635
f 1984//2636 1983//2636 1982//2636
f 1984//2637 1985//2637 1986//2637
f 1984//2638 1986//2638 1987//2638
f 1984//2639 1987//2639 1985//2639
f 1985//2640 1987//2640 1986//2640
f 1985//2641 1990//2641 1988//2641
f 1985//2642 1988//2642 1989//2642
f 1985//2643 1989//2643 1990//2643
f 1990//2644 1989//2644 1988//2644
f 1990//2645 1993//2645 1991//2645
f 1990//2646 1991//2646 1992//2646
f 1990//2647 1992//2647 1993//2647
f 1993//2648 1992//2648 1991//2648
f 1993//2649 1996//2649 1994//2649
f 1993//2650 1994//2650 1995//2650
f 1993//2651 1995//2651 1996//2651
f 1996//2652 1995//2652 1994//2652
f 1996//2653 1999//2653 1997//2653
f 1996//2654 1997//2654 1998//2654
f 1996//2655 1998//2655 1999//2655
f 1999//2656 1998//2656 1997//2656
f 1999//2657 2000//2657 2001//2657
f 1999//2658 2001//2658 2002//2658
f 1999//2659 2002//2659 2000//2659
f 2000//2660 2002//2660 2001//2660
f 2000//2661 2005//2661 2003//2661
f 2000//2662 2003//2662 2004//2662
f 2000//2663 2004//2663 2005//2663
f 2005//2664 2004//2664 2003//2664
f 2005//2665 2006//2665 2007//2665
f 2005//2666 2007//2666 2008//2666
f 2005//2667 2008//2667 2006//2667
f 2006//2668 2008//2668 2007//2668
f 2006//2669 2009//2669 2010//2669
f 2006//2670 2010//2670 2011//2670
f 2006//2671 2011//2671 2009//2671
f 2009//2672 2011//2672 2010//2672
f 2009//2673 2012//2673 2013//2673
f 2009//2674 2013//2674 2014//2674
f 2009//2675 2014//2675 2012//2675
f 2012//2676 2014//2676 2013//2676
f 2012//2677 2015//2677 2016//2677
f 2012//2678 2016//2678 2017//2678
f 2012//2679 2017//2679 2015//2679
f 2015//2680 2017//2680 2016//2680
f 2015//2681 2020//2681 2018//2681
f 2015//2682 2018//2682 2019//2682
f 2015//2683 2019//2683 2020//2683
f 2020//2684 2019//2684 2018//2684
f 2020//2685 2021//2685 2022//2685
f 2020//2686 2022//2686 2023//2686
f 2020//2687 2023//2687 2021//2687
f 2021//2688 2023//2688 2022//2688
f 2021//2689 2026//2689 2024//2689
f 2021//2690 2024//2690 2025//2690
f 2021//2691 2025//2691 2026//2691
f 2026//2692 2025//2692 2024//2692
f 2026//2693 2027//2693 2028//2693
f 2026//2694 2028//2694 2029//2694
f 2026//2695 2029//2695 2027//2695
f 2027//2696 2029//2696 2028//2696
f 2027//2697 2032//2697 2030//2697
f 2027//2698 2030//2698 2031//2698
f 2027//2699 2031//2699 2032//2699
f 2032//2700 2031//2700 2030//2700
f 2032//2701 2033//2701 2034//2701
f 2032//2702 2034//2702 2035//2702
f 2032//2703 2035//2703 2033//2703
f 2033//2704 2035//2704 2034//2704
f 2033//2705 2036//2705 2037//2705
f 2033//2706 2037//2706 2038//2706
f 2033//2707 2038//2707 2036//2707
f 2036//2708 2038//2708 2037//2708
f 2036//2709 2041//2709 2039//2709
f 2036//2710 2039//2710 2040//2710
f 2036//2711 2040//2711 2041//2711
f 2041//2712 2040//2712 2039//2712
f 2041//2713 2044//2713 2042//2713
f 2041//2714 2042//2714 2043//2714
f 2041//2715 2043//2715 2044//2715
f 2044//2716 2043//2716 2042//2716
f 2044//2717 2047//2717 2045//2717
f 2044//2718 2045//2718 2046//2718
f 2044//2719 2046//2719 2047//2719
f 2047//2720 2046//2720 2045//2720
f 2047//2721 2048//2721 2049//2721
f 2047//2722 2049//2722 2050//2722
f 2047//2723 2050//2723 2048//2723
f 2048//2724 2050//2724 2049//2724
f 2048//2725 2051//2725 2052//2725
f 2048//2726 2052//2726 2053//2726
f 2048//2727 2053//2727 2051//2727
f 2051//2728 2053//2728 2052//2728
f 2051//2729 2056//2729 2054//2729
f 2051//2730 2054//2730 2055//2730
f 2051//2731 2055//2731 2056//2731
f 2056//2732 2055//2732 2054//2732
f 2056//2733 2057//2733 2058//2733
f 2056//2734 2058//2734 2059//2734
f 2056//2735 2059//2735 2057//2735
f 2057//2736 2059//2736 2058//2736
f 2057//2737 2060//2737 2061//2737
f 2057//2738 2061//2738 2062//2738
f 2057//2739 2062//2739 2060//2739
f 2060//2740 2062//2740 2061//2740
f 2060//2741 2063//2741 2064//2741
f 2060//2742 2064//2742 2065//2742
f 2060//2743 2065//2743 2063//2743
f 2063//2744 2065//2744 2064//2744
f 2063//2745 2068//2745 2066//2745
f 2063//2746 2066//2746 2067//2746
f 2063//2747 2067//2747 2068//2747
f 2068//2748 2067//2748 2066//2748
f 2068//2749 2069//2749 2070//2749
f 2068//2750 2070//2750 2071//2750
f 2068//2751 2071//2751 2069//2751
f 2069//2752 2071//2752 2070//2752
f 2069//2753 2074//2753 2072//2753
f 2069//2754 2072//2754 2073//2754
f 2069//2755 2073//2755 2074//2755
f 2074//2756 2073//2756 2072//2756
f 2074//2757 2075//2757 2076//2757
f 2074//2758 2076//2758 2077//2758
f 2074//2759 2077//2759 2075//2759
f 2075//2760 2077//2760 2076//2760
f 2075//2761 2078//2761 2079//2761
f 2075//2762 2079//2762 2080//2762
f 2075//2763 2080//2763 2078//2763
f 2078//2764 2080//2764 2079//2764
f 2078//2765 2083//2765 2081//2765
f 2078//2766 2081//2766 2082//2766
f 2078//2767 2082//2767 2083//2767
f 2083//2768 2082//2768 2081//2768
f 2083//2769 2086//2769 2084//2769
f 2083//2770 2084//2770 2085//2770
f 2083//2771 2085//2771 2086//2771
f 2086//2772 2085//2772 2084//2772
f 2086//2773 2089//2773 2087//2773
f 2086//2774 2087//2774 2088//2774
f 2086//2775 2088//2775 2089//2775
f 2089//2776 2088//2776 2087//2776
f 2089//2777 2090//2777 2091//2777
f 2089//2778 2091//2778 2092//2778
f 2089//2779 2092//2779 2090//2779
f 2090//2780 2092//2780 2091//2780
f 2090//2781 2093//2781 2094//2781
f 2090//2782 2094//2782 2095//2782
f 2090//2783 2095//2783 2093//2783
f 2093//2784 2095//2784 2094//2784
f 2093//2785 2098//2785 2096//2785
f 2093//2786 2096//2786 2097//2786
f 2093//2787 2097//2787 2098//2787
f 2098//2788 2097//2788 2096//2788
f 2098//2789 2099//2789 2100//2789
f 2098//2790 2100//2790 2101//2790
f 2098//2791 2101//2791 2099//2791
f 2099//2792 2101//2792 2100//2792
f 2099//2793 2104//2793 2102//2793
f 2099//2794 2102//2794 2103//2794
f 2099//2795 2103//2795 2104//2795
f 2104//2796 2103//2796 2102//2796
f 2104//2797 2107//2797 2105//2797
f 2104//2798 2105//2798 2106//2798
f 2104//2799 2106//2799 2107//2799
f 2107//2800 2106//2800 2105//2800
f 2107//2801 2108//2801 2109//2801
f 2107//2802 2109//2802 2110//2802
f 2107//2803 2110//2803 2108//2803
f 2108//2804 2110//2804 2109//2804
f 2108//2805 2111//2805 2112//2805
f 2108//2806 2112//2806 2113//2806
f 2108//2807 2113//2807 2111//2807
f 2111//2808 2113//2808 2112//2808
f 2111//2809 2116//2809 2114//2809
f 2111//2810 2114//2810 2115//2810
f 2111//2811 2115//2811 2116//2811
f 2116//2812 2115//2812 2114//2812
f 2116//2813 2119//2813 2117//2813
f 2116//2814 2117//2814 2118//2814
f 2116//2815 2118//2815 2119//2815
f 2119//2816 2118//2816 2117//2816
f 2119//2817 2120//2817 2121//2817
f 2119//2818 2121//2818 2122//2818
f 2119//2819 2122//2819 2120//2819
f 2120//2820 2122//2820 2121//2820
f 2120//2821 2123//2821 2124//2821
f 2120//2822 2124//2822 2125//2822
f 2120//2823 2125//2823 2123//2823
f 2123//2824 2125//2824 2124//2824
f 2123//2825 2126//2825 2127//2825
f 2123//2826 2127//2826 2128//2826
f 2123//2827 2128//2827 2126//2827
f 2126//2828 2128//2828 2127//2828
f 2126//2829 2129//2829 2130//2829
f 2126//2830 2130//2830 2131//2830
f 2126//2831 2131//2831 2129//2831
f 2129//2832 2131//2832 2130//2832
f 2129//2833 2132//2833 2133//2833
f 2129//2834 2133//2834 2134//2834
f 2129//2835 2134//2835 2132//2835
f 2132//2836 2134//2836 2133//2836
f 2132//2837 2137//2837 2135//2837
f 2132//2838 2135//2838 2136//2838
f 2132//2839 2136//2839 2137//2839
f 2137//2840 2136//2840 2135//2840
f 2137//2841 2140//2841 2138//2841
f 2137//2842 2138//2842 2139//2842
f 2137//2843 2139//2843 2140//2843
f 2140//2844 2139//2844 2138//2844
f 2140//2845 2141//2845 2142//2845
f 2140//2846 2142//2846 2143//2846
f 2140//2847 2143//2847 2141//2847
f 2141//2848 2143//2848 2142//2848
f 2141//2849 2144//2849 2145//2849
f 2141//2850 2145//2850 2146//2850
f 2141//2851 2146//2851 2144//2851
f 2144//2852 2146//2852 2145//2852
f 2144//2853 2149//2853 2147//2853
f 2144//2854 2147//2854 2148//2854
f 2144//2855 2148//2855 2149//2855
f 2149//2856 2148//2856 2147//2856
f 2149//2857 2150//2857 2151//2857
f 2149//2858 2151//2858 2152//2858
f 2149//2859 2152//2859 2150//2859
f 2150//2860 2152//2860 2151//2860
f 2150//2861 2155//2861 2153//2861
f 2150//2862 2153//2862 2154//2862
f 2150//2863 2154//2863 2155//2863
f 2155//2864 2154//2864 2153//2864
f 2155//2865 2156//2865 2157//2865
f 2155//2866 2157//2866 2158//2866
f 2155//2867 2158//2867 2156//2867
f 2156//2868 2158//2868 2157//2868
f 2156//2869 2161//2869 2159//2869
f 2156//2870 2159//2870 2160//2870
f 2156//2871 2160//2871 2161//2871
f 2161//2872 2160//2872 2159//2872
f 2161//2873 2164//2873 2162//2873
f 2161//2874 2162//2874 2163//2874
f 2161//2875 2163//2875 2164//2875
f 2164//2876 2163//2876 2162//2876
f 2164//2877 2167//2877 2165//2877
f 2164//2878 2165//2878 2166//2878
f 2164//2879 2166//2879 2167//2879
f 2167//2880 2166//2880 2165//2880
f 2167//2881 2170//2881 2168//2881
f 2167//2882 2168//2882 2169//2882
f 2167//2883 2169//2883 2170//2883
f 2170//2884 2169//2884 2168//2884
f 2170//2885 2173//2885 2171//2885
f 2170//2886 2171//2886 2172//2886
f 2170//2887 2172//2887 2173//2887
f 2173//2888 2172//2888 2171//2888
f 2173//2889 2174//2889 2175//2889
f 2173//2890 2175//2890 2176//2890
f 2173//2891 2176//2891 2174//2891
f 2174//2892 2176//2892 2175//2892
f 2174//2893 2177//2893 2178//2893
f 2174//2894 2178//2894 2179//2894
f 2174//2895 2179//2895 2177//2895
f 2177//2896 2179//2896 2178//2896
f 2177//2897 2182//2897 2180//2897
f 2177//2898 2180//2898 2181//2898
f 2177//2899 2181//2899 2182//2899
f 2182//2900 2181//2900 2180//2900
f 2182//2901 2183//2901 2184//2901
f 2182//2902 2184//2902 2185//2902
f 2182//2903 2185//2903 2183//2903
f 2183//2904 2185//2904 2184//2904
f 2183//2905 2188//2905 2186//2905
f 2183//2906 2186//2906 2187//2906
f 2183//2907 2187//2907 2188//2907
f 2188//2908 2187//2908 2186//2908
f 2188//2909 2189//2909 2190//2909
f 2188//2910 2190//2910 2191//2910
f 2188//2911 2191//2911 2189//2911
f 2189//2912 2191//2912 2190//2912
f 2189//2913 2194//2913 2192//2913
f 2189//2914 2192//2914 2193//2914
f 2189//2915 2193//2915 2194//2915
f 2194//2916 2193//2916 2192//2916
f 2194//2917 2195//2917 2196//2917
f 2194//2918 2196//2918 2197//2918
f 2194//2919 2197//2919 2195//2919
f 2195//2920 2197//2920 2196//2920
f 2195//2921 2200//2921 2198//2921
f 2195//2922 2198//2922 2199//2922
f 2195//2923 2199//2923 2200//2923
f 2200//2924 2199//2924 2198//2924
f 2200//2925 2201//2925 2202//2925
f 2200//2926 2202//2926 2203//2926
f 2200//2927 2203//2927 2201//2927
f 2201//2928 2203//2928 2202//2928
f 2201//2929 2206//2929 2204//2929
f 2201//2930 2204//2930 2205//2930
f 2201//2931 2205//2931 2206//2931
f 2206//2932 2205//2932 2204//2932
f 2206//2933 2209//2933 2207//2933
f 2206//2934 2207//2934 2208//2934
f 2206//2935 2208//2935 2209//2935
f 2209//2936 2208//2936 2207//2936
f 2209//2937 2212//2937 2210//2937
f 2209//2938 2210//2938 2211//2938
f 2209//2939 2211//2939 2212//2939
f 2212//2940 2211//2940 2210//2940
f 2212//2941 2215//2941 2213//2941
f 2212//2942 2213//2942 2214//2942
f 2212//2943 2214//2943 2215//2943
f 2215//2944 2214//2944 2213//2944
f 2215//2945 2218//2945 2216//2945
f 2215//2946 2216//2946 2217//2946
f 2215//2947 2217//2947 2218//2947
f 2218//2948 2217//2948 2216//2948
f 2218//2949 2221//2949 2219//2949
f 2218//2950 2219//2950 2220//2950
f 2218//2951 2220//2951 2221//2951
f 2221//2952 2220//2952 2219//2952
f 2221//2953 2224//2953 2222//2953
f 2221//2954 2222//2954 2223//2954
f 2221//2955 2223//2955 2224//2955
f 2224//2956 2223//2956 2222//2956
f 2224//2957 2225//2957 2226//2957
f 2224//2958 2226//2958 2227//2958
f 2224//2959 2227//2959 2225//2959
f 2225//2960 2227//2960 2226//2960
f 2225//2961 2230//2961 2228//2961
f 2225//2962 2228//2962 2229//2962
f 2225//2963 2229//2963 2230//2963
f 2230//2964 2229//2964 2228//2964
f 2230//2965 2231//2965 2232//2965
f 2230//2966 2232//2966 2233//2966
f 2230//2967 2233//2967 2231//2967
f 2231//2968 2233//2968 2232//2968
f 2231//2969 2234//2969 2235//2969
f 2231//2970 2235//2970 2236//2970
f 2231//2971 2236//2971 2234//2971
f 2234//2972 2236//2972 2235//2972
f 2234//2973 2239//2973 2237//2973
f 2234//2974 2237//2974 2238//2974
f 2234//2975 2238//2975 2239//2975
f 2239//2976 2238//2976 2237//2976
f 2239//2977 2240//2977 2241//2977
f 2239//2978 2241//2978 2242//2978
f 2239//2979 2242//2979 2240//2979
f 2240//2980 2242//2980 2241//2980
f 2240//2981 2243//2981 2244//2981
f 2240//2982 2244//2982 2245//2982
f 2240//2983 2245//2983 2243//2983
f 2243//2984 2245//2984 2244//2984
f 2243//2985 2246//2985 2247//2985
f 2243//2986 2247//2986 2248//2986
f 2243//2987 2248//2987 2246//2987
f 2246//2988 2248//2988 2247//2988
f 2246//2989 2251//2989 2249//2989
f 2246//2990 2249//2990 2250//2990
f 2246//2991 2250//2991 2251//2991
f 2251//2992 2250//2992 2249//2992
f 2251//2993 2254//2993 2252//2993
f 2251//2994 2252//2994 2253//2994
f 2251//2995 2253//2995 2254//2995
f 2254//2996 2253//2996 2252//2996
f 2254//2997 2255//2997 2256//2997
f 2254//2998 2256//2998 2257//2998
f 2254//2999 2257//2999 2255//2999
f 2255//3000 2257//3000 2256//3000
f 2255//3001 2260//3001 2258//3001
f 2255//3002 2258//3002 2259//3002
f 2255//3003 2259//3003 2260//3003
f 2260//3004 2259//3004 2258//3004
f 2260//3005 2263//3005 2261//3005
f 2260//3006 2261//3006 2262//3006
f 2260//3007 2262//3007 2263//3007
f 2263//3008 2262//3008 2261//3008
f 2263//3009 2264//3009 2265//3009
f 2263//3010 2265//3010 2266//3010
f 2263//3011 2266//3011 2264//3011
f 2264//3012 2266//3012 2265//3012
f 2264//3013 2267//3013 2268//3013
f 2264//3014 2268//3014 2269//3014
f 2264//3015 2269//3015 2267//3015
f 2267//3016 2269//3016 2268//3016
f 2267//3017 2272//3017 2270//3017
f 2267//3018 2270//3018 2271//3018
f 2267//3019 2271//3019 2272//3019
f 2272//3020 2271//3020 2270//3020
f 2272//3021 2275//3021 2273//3021
f 2272//3022 2273//3022 2274//3022
f 2272//3023 2274//3023 2275//3023
f 2275//3024 2274//3024 2273//3024
f 2275//3025 2278//3025 2276//3025
f 2275//3026 2276//3026 2277//3026
f 2275//3027 2277//3027 2278//3027
f 2278//3028 2277//3028 2276//3028
f 2278//3029 2279//3029 2280//3029
f 2278//3030 2280//3030 2281//3030
f 2278//3031 2281//3031 2279//3031
f 2279//3032 2281//3032 2280//3032
f 2279//3033 2282//3033 2283//3033
f 2279//3034 2283//3034 2284//3034
f 2279//3035 2284//3035 2282//3035
f 2282//3036 2284//3036 2283//3036
f 2282//3037 2285//3037 2286//3037
f 2282//3038 2286//3038 2287//3038
f 2282//3039 2287//3039 2285//3039
f 2285//3040 2287//3040 2286//3040
f 2285//3041 2290//3041 2288//3041
f 2285//3042 2288//3042 2289//3042
f 2285//3043 2289//3043 2290//3043
f 2290//3044 2289//3044 2288//3044
f 2290//3045 2291//3045 2292//3045
f 2290//3046 2292//3046 2293//3046
f 2290//3047 2293//3047 2291//3047
f 2291//3048 2293//3048 2292//3048
f 2291//3049 2296//3049 2294//3049
f 2291//3050 2294//3050 2295//3050
f 2291//3051 2295//3051 2296//3051
f 2296//3052 2295//3052 2294//3052
f 2296//3053 2299//3053 2297//3053
f 2296//3054 2297//3054 2298//3054
f 2296//3055 2298//3055 2299//3055
f 2299//3056 2298//3056 2297//3056
f 2299//3057 2300//3057 2301//3057
f 2299//3058 2301//3058 2302//3058
f 2299//3059 2302//3059 2300//3059
f 2300//3060 2302//3060 2301//3060
f 2300//3061 2305//3061 2303//3061
f 2300//3062 2303//3062 2304//3062
f 2300//3063 2304//3063 2305//3063
f 2305//3064 2304//3064 2303//3064
f 2305//3065 2308//3065 2306//3065
f 2305//3066 2306//3066 2307//3066
f 2305//3067 2307//3067 2308//3067
f 2308//3068 2307//3068 2306//3068
f 2308//3069 2309//3069 2310//3069
f 2308//3070 2310//3070 2311//3070
f 2308//3071 2311//3071 2309//3071
f 2309//3072 2311//3072 2310//3072
f 2309//3073 2312//3073 2313//3073
f 2309//3074 2313//3074 2314//3074
f 2309//3075 2314//3075 2312//3075
f 2312//3076 2314//3076 2313//3076
f 2312//3077 2317//3077 2315//3077
f 2312//3078 2315//3078 2316//3078
f 2312//3079 2316//3079 2317//3079
f 2317//3080 2316//3080 2315//3080
f 2317//3081 2318//3081 2319//3081
f 2317//3082 2319//3082 2320//3082
f 2317//3083 2320//3083 2318//3083
f 2318//3084 2320//3084 2319//3084
f 2318//3085 2323//3085 2321//3085
f 2318//3086 2321//3086 2322//3086
f 2318//3087 2322//3087 2323//3087
f 2323//3088 2322//3088 2321//3088
f 2323//3089 2326//3089 2324//3089
f 2323//3090 2324//3090 2325//3090
f 2323//3091 2325//3091 2326//3091
f 2326//3092 2325//3092 2324//3092
f 2326//3093 2327//3093 2328//3093
f 2326//3094 2328//3094 2329//3094
f 2326//3095 2329//3095 2327//3095
f 2327//3096 2329//3096 2328//3096
f 2327//3097 2330//3097 2331//3097
f 2327//3098 2331//3098 2332//3098
f 2327//3099 2332//3099 2330//3099
f 2330//3100 2332//3100 2331//3100
f 2330//3101 2335//3101 2333//3101
f 2330//3102 2333//3102 2334//3102
f 2330//3103 2334//3103 2335//3103
f 2335//3104 2334//3104 2333//3104
f 2335//3105 2338//3105 2336//3105
f 2335//3106 2336//3106 2337//3106
f 2335//3107 2337//3107 2338//3107
f 2338//3108 2337//3108 2336//3108
f 2338//3109 2339//3109 2340//3109
f 2338//3110 2340//3110 2341//3110
f 2338//3111 2341//3111 2339//3111
f 2339//3112 2341//3112 2340//3112
f 2339//3113 2344//3113 2342//3113
f 2339//3114 2342//3114 2343//3114
f 2339//3115 2343//3115 2344//3115
f 2344//3116 2343//3116 2342//3116
f 2344//3117 2345//3117 2346//3117
f 2344//3118 2346//3118 2347//3118
f 2344//3119 2347//3119 2345//3119
f 2345//3120 2347//3120 2346//3120
f 2345//3121 2348//3121 2349//3121
f 2345//3122 2349//3122 2350//3122
f 2345//3123 2350//3123 2348//3123
f 2348//3124 2350//3124 2349//3124
f 2348//3125 2353//3125 2351//3125
f 2348//3126 2351//3126 2352//3126
f 2348//3127 2352//3127 2353//3127
f 2353//3128 2352//3128 2351//3128
f 2353//3129 2356//3129 2354//3129
f 2353//3130 2354//3130 2355//3130
f 2353//3131 2355//3131 2356//3131
f 2356//3132 2355//3132 2354//3132
f 2356//3133 2359//3133 2357//3133
f 2356//3134 2357//3134 2358//3134
f 2356//3135 2358//3135 2359//3135
f 2359//3136 2358//3136 2357//3136
f 2359//3137 2360//3137 2361//3137
f 2359//3138 2361//3138 2362//3138
f 2359//3139 2362//3139 2360//3139
f 2360//3140 2362//3140 2361//3140
f 2360//3141 2363//3141 2364//3141
f 2360//3142 2364//3142 2365//3142
f 2360//3143 2365//3143 2363//3143
f 2363//3144 2365//3144 2364//3144
f 2363//3145 2368//3145 2366//3145
f 2363//3146 2366//3146 2367//3146
f 2363//3147 2367//3147 2368//3147
f 2368//3148 2367//3148 2366//3148
f 2368//3149 2371//3149 2369//3149
f 2368//3150 2369//3150 2370//3150
f 2368//3151 2370//3151 2371//3151
f 2371//3152 2370//3152 2369//3152
f 2371//3153 2374//3153 2372//3153
f 2371//3154 2372//3154 2373//3154
f 2371//3155 2373//3155 2374//3155
f 2374//3156 2373//3156 2372//3156
f 2374//3157 2375//3157 2376//3157
f 2374//3158 2376//3158 2377//3158
f 2374//3159 2377//3159 2375//3159
f 2375//3160 2377//3160 2376//3160
f 2375//3161 2380//3161 2378//3161
f 2375//3162 2378//3162 2379//3162
f 2375//3163 2379//3163 2380//3163
f 2380//3164 2379//3164 2378//3164
f 2380//3165 2381//3165 2382//3165
f 2380//3166 2382//3166 2383//3166
f 2380//3167 2383//3167 2381//3167
f 2381//3168 2383//3168 2382//3168
f 2381//3169 2384//3169 2385//3169
f 2381//3170 2385//3170 2386//3170
f 2381//3171 2386//3171 2384//3171
f 2384//3172 2386//3172 2385//3172
f 2384//3173 2389//3173 2387//3173
f 2384//3174 2387//3174 2388//3174
f 2384//3175 2388//3175 2389//3175
f 2389//3176 2388//3176 2387//3176
f 2389//3177 2392//3177 2390//3177
f 2389//3178 2390//3178 2391//3178
f 2389//3179 2391//3179 2392//3179
f 2392//3180 2391//3180 2390//3180
f 2392//3181 2395//3181 2393//3181
f 2392//3182 2393//3182 2394//3182
f 2392//3183 2394//3183 2395//3183
f 2395//3184 2394//3184 2393//3184
f 2395//3185 2396//3185 2397//3185
f 2395//3186 2397//3186 2398//3186
f 2395//3187 2398//3187 2396//3187
f 2396//3188 2398//3188 2397//3188
f 2396//3189 2399//3189 2400//3189
f 2396//3190 2400//3190 2401//3190
f 2396//3191 2401//3191 2399//3191
f 2399//3192 2401//3192 2400//3192
f 2399//3193 2404//3193 2402//3193
f 2399//3194 2402//3194 2403//3194
f 2399//3195 2403//3195 2404//3195
f 2404//3196 2403//3196 2402//3196
f 2404//3197 2407//3197 2405//3197
f 2404//3198 2405//3198 2406//3198
f 2404//3199 2406//3199 2407//3199
f 2407//3200 2406//3200 2405//3200
f 2407//3201 2408//3201 2409//3201
f 2407//3202 2409//3202 2410//3202
f 2407//3203 2410//3203 2408//3203
f 2408//3204 2410//3204 2409//3204
f 2408//3205 2413//3205 2411//3205
f 2408//3206 2411//3206 2412//3206
f 2408//3207 2412//3207 2413//3207
f 2413//3208 2412//3208 2411//3208
f 2413//3209 2414//3209 2415//3209
f 2413//3210 2415//3210 2416//3210
f 2413//3211 2416//3211 2414//3211
f 2414//3212 2416//3212 2415//3212
f 2414//3213 2419//3213 2417//3213
f 2414//3214 2417//3214 2418//3214
f 2414//3215 2418//3215 2419//3215
f 2419//3216 2418//3216 2417//3216
f 2419//3217 2420//3217 2421//3217
f 2419//3218 2421//3218 2422//3218
f 2419//3219 2422//3219 2420//3219
f 2420//3220 2422//3220 2421//3220
f 2420//3221 2425//3221 2423//3221
f 2420//3222 2423//3222 2424//3222
f 2420//3223 2424//3223 2425//3223
f 2425//3224 2424//3224 2423//3224
f 2425//3225 2426//3225 2427//3225
f 2425//3226 2427//3226 2428//3226
f 2425//3227 2428//3227 2426//3227
f 2426//3228 2428//3228 2427//3228
f 2426//3229 2431//3229 2429//3229
f 2426//3230 2429//3230 2430//3230
f 2426//3231 2430//3231 2431//3231
f 2431//3232 2430//3232 2429//3232
f 2431//3233 2432//3233 2433//3233
f 2431//3234 2433//3234 2434//3234
f 2431//3235 2434//3235 2432//3235
f 2432//3236 2434//3236 2433//3236
f 2432//3237 2435//3237 2436//3237
f 2432//3238 2436//3238 2437//3238
f 2432//3239 2437//3239 2435//3239
f 2435//3240 2437//3240 2436//3240
f 2435//3241 2438//3241 2439//3241
f 2435//3242 2439//3242 2440//3242
f 2435//3243 2440//3243 2438//3243
f 2438//3244 2440//3244 2439//3244
f 2438//3245 2443//3245 2441//3245
f 2438//3246 2441//3246 2442//3246
f 2438//3247 2442//3247 2443//3247
f 2443//3248 2442//3248 2441//3248
f 2443//3249 2444//3249 2445//3249
f 2443//3250 2445//3250 2446//3250
f 2443//3251 2446//3251 2444//3251
f 2444//3252 2446//3252 2445//3252
f 2444//3253 2447//3253 2448//3253
f 2444//3254 2448//3254 2449//3254
f 2444//3255 2449//3255 2447//3255
f 2447//3256 2449//3256 2448//3256
f 2447//3257 2452//3257 2450//3257
f 2447//3258 2450//3258 2451//3258
f 2447//3259 2451//3259 2452//3259
f 2452//3260 2451//3260 2450//3260
f 2452//3261 2455//3261 2453//3261
f 2452//3262 2453//3262 2454//3262
f 2452//3263 2454//3263 2455//3263
f 2455//3264 2454//3264 2453//3264
f 2455//3265 2456//3265 2457//3265
f 2455//3266 2457//3266 2458//3266
f 2455//3267 2458//3267 2456//3267
f 2456//3268 2458//3268 2457//3268
f 2456//3269 2459//3269 2460//3269
f 2456//3270 2460//3270 2461//3270
f 2456//3271 2461//3271 2459//3271
f 2459//3272 2461//3272 2460//3272
f 2459//3273 2462//3273 2463//3273
f 2459//3274 2463//3274 2464//3274
f 2459//3275 2464//3275 2462//3275
f 2462//3276 2464//3276 2463//3276
f 2462//3277 2467//3277 2465//3277
f 2462//3278 2465//3278 2466//3278
f 2462//3279 2466//3279 2467//3279
f 2467//3280 2466//3280 2465//3280
f 2467//3281 2470//3281 2468//3281
f 2467//3282 2468//3282 2469//3282
f 2467//3283 2469//3283 2470//3283
f 2470//3284 2469//3284 2468//3284
f 2470//3285 2471//3285 2472//3285
f 2470//3286 2472//3286 2473//3286
f 2470//3287 2473//3287 2471//3287
f 2471//3288 2473//3288 2472//3288
f 2471//3289 2474//3289 2475//3289
f 2471//3290 2475//3290 2476//3290
f 2471//3291 2476//3291 2474//3291
f 2474//3292 2476//3292 2475//3292
f 2474//3293 2479//3293 2477//3293
f 2474//3294 2477//3294 2478//3294
f 2474//3295 2478//3295 2479//3295
f 2479//3296 2478//3296 2477//3296
f 2479//3297 2480//3297 2481//3297
f 2479//3298 2481//3298 2482//3298
f 2479//3299 2482//3299 2480//3299
f 2480//3300 2482//3300 2481//3300
f 2480//3301 2483//3301 2484//3301
f 2480//3302 2484//3302 2485//3302
f 2480//3303 2485//3303 2483//3303
f 2483//3304 2485//3304 2484//3304
f 2483//3305 2488//3305 2486//3305
f 2483//3306 2486//3306 2487//3306
f 2483//3307 2487//3307 2488//3307
f 2488//3308 2487//3308 2486//3308
f 2488//3309 2489//3309 2490//3309
f 2488//3310 2490//3310 2491//3310
f 2488//3311 2491//3311 2489//3311
f 2489//3312 2491//3312 2490//3312
f 2489//3313 2492//3313 2493//3313
f 2489//3314 2493//3314 2494//3314
f 2489//3315 2494//3315 2492//3315
f 2492//3316 2494//3316 2493//3316
f 2492//3317 2495//3317 2496//3317
f 2492//3318 2496//3318 2497//3318
f 2492//3319 2497//3319 2495//3319
f 2495//3320 2497//3320 2496//3320
f 2495//3321 2498//3321 2499//3321
f 2495//3322 2499//3322 2500//3322
f 2495//3323 2500//3323 2498//3323
f 2498//3324 2500//3324 2499//3324
f 2498//3325 2503//3325 2501//3325
f 2498//3326 2501//3326 2502//3326
f 2498//3327 2502//3327 2503//3327
f 2503//3328 2502//3328 2501//3328
f 2503//3329 2504//3329 2505//3329
f 2503//3330 2505//3330 2506//3330
f 2503//3331 2506//3331 2504//3331
f 2504//3332 2506//3332 2505//3332
f 2504//3333 2509//3333 2507//3333
f 2504//3334 2507//3334 2508//3334
f 2504//3335 2508//3335 2509//3335
f 2509//3336 2508//3336 2507//3336
f 2509//3337 2512//3337 2510//3337
f 2509//3338 2510//3338 2511//3338
f 2509//3339 2511//3339 2512//3339
f 2512//3340 2511//3340 2510//3340
f 2512//3341 2513//3341 2514//3341
f 2512//3342 2514//3342 2515//3342
f 2512//3343 2515//3343 2513//3343
f 2513//3344 2515//3344 2514//3344
f 2513//3345 2518//3345 2516//3345
f 2513//3346 2516//3346 2517//3346
f 2513//3347 2517//3347 2518//3347
f 2518//3348 2517//3348 2516//3348
f 2518//3349 2519//3349 2520//3349
f 2518//3350 2520//3350 2521//3350
f 2518//3351 2521//3351 2519//3351
f 2519//3352 2521//3352 2520//3352
f 2519//3353 2524//3353 2522//3353
f 2519//3354 2522//3354 2523//3354
f 2519//3355 2523//3355 2524//3355
f 2524//3356 2523//3356 2522//3356
f 2524//3357 2527//3357 2525//3357
f 2524//3358 2525//3358 2526//3358
f 2524//3359 2526//3359 2527//3359
f 2527//3360 2526//3360 2525//3360
f 2527//3361 2528//3361 2529//3361
f 2527//3362 2529//3362 2530//3362
f 2527//3363 2530//3363 2528//3363
f 2528//3364 2530//3364 2529//3364
