# Blender 4.1.1
# www.blender.org
mtllib untitled.mtl
o Tetrahedrons_Chain_A
v 118.709999 138.270020 155.039978
v 120.980003 136.910019 156.339981
v 118.959999 135.340012 154.879990
v 118.260002 136.620010 157.439987
v 117.180000 135.410019 159.889984
v 115.550003 137.310013 158.349991
v 117.889999 138.260010 159.859985
v 118.449997 134.550018 162.409988
v 118.599998 132.830017 160.019989
v 116.040001 133.170013 161.429977
v 115.010002 130.750015 162.759979
v 114.690002 131.090012 159.849991
v 113.129997 132.760010 161.699982
v 110.959999 134.330017 160.489990
v 112.809998 135.600021 162.399979
v 110.849998 133.620010 163.349991
v 108.980003 133.670013 165.619980
v 111.330002 131.900009 165.689987
v 109.089996 131.320023 163.859985
v 106.269997 134.720016 166.089981
v 108.599998 136.130020 167.199982
v 107.790001 133.530014 168.309982
v 107.459999 134.200012 171.159988
v 109.269997 132.020020 170.359985
v 106.360001 131.680008 170.099991
v 108.949997 136.140015 172.799988
v 106.919998 134.410019 174.049988
v 106.089996 136.570023 172.229980
v 109.669998 138.280014 170.899979
v 111.540001 136.060013 171.399979
v 111.059998 138.070023 173.489990
v 107.269997 138.860016 169.299988
v 109.540001 140.730011 169.279984
v 107.870003 140.470016 171.689987
v 107.089996 140.660019 174.519989
v 107.250000 143.090012 172.879990
v 109.709999 141.670013 173.649979
v 111.459999 143.180008 171.819992
v 112.550003 140.940018 173.389984
v 111.800003 143.440018 174.739990
v 109.669998 145.400009 171.079987
v 110.589996 143.500015 169.029984
v 112.480003 145.420013 170.209991
v 107.279999 145.830017 172.749985
v 108.680000 148.130020 171.559982
v 109.940002 146.610016 173.749985
v 111.330002 145.600021 176.149979
v 111.260002 148.500015 175.589981
v 112.879997 146.710022 173.899979
v 114.690002 145.600021 171.859985
v 115.709999 147.510010 173.859985
v 113.889999 148.430008 171.729980
v 112.669998 149.660019 169.359985
v 114.790001 151.080017 170.829987
v 112.120003 150.760010 172.029984
v 111.180000 153.130020 173.499985
v 111.080002 150.480011 174.769989
v 109.250000 151.130020 172.559982
v 110.379997 155.930008 173.959991
v 112.529999 155.310013 172.039978
v 112.989998 154.960022 174.929977
v 115.639999 154.090012 175.869980
v 114.019997 155.900009 177.529984
v 115.230003 156.880020 175.029984
v 116.160004 151.520020 174.519989
v 117.750000 152.300018 176.879990
v 118.120003 153.720016 174.319992
v 118.550003 156.130020 172.699982
v 120.860001 154.600021 173.709991
v 119.190002 156.150009 175.579987
v 117.949997 157.700012 177.749985
v 120.860001 157.880020 177.289978
v 119.690002 155.410019 178.379990
v 119.230003 152.690018 179.409988
v 121.330002 154.380020 180.589981
v 121.669998 153.290009 177.879990
v 123.559998 155.020020 176.429977
v 122.739998 152.440018 175.269989
v 124.500000 152.510010 177.639984
v 123.070000 157.910019 176.129990
v 125.820000 156.870010 176.119980
v 124.260002 156.870010 178.609985
v 125.489998 154.950012 180.469986
v 123.320000 156.720016 181.399979
v 125.980003 157.840012 180.799988
v 127.680000 153.840012 178.849991
v 125.800003 152.040009 180.219986
v 127.750000 153.590012 181.779984
v 128.500000 154.480011 176.099991
v 130.490005 153.520020 178.039978
v 129.350006 156.210022 178.319992
v 130.009995 156.760010 181.129990
v 128.460007 158.720016 179.579987
v 131.320007 158.300018 178.989990
v 129.559998 154.580017 183.059982
v 131.720001 156.520020 183.519989
v 131.960007 154.550018 181.339981
v 134.059998 155.690018 179.619980
v 132.809998 153.120010 178.919983
v 134.610001 153.290009 181.229980
v 133.750000 158.470016 178.719986
v 136.429993 157.300018 178.959991
v 134.869995 157.900009 181.379990
v 133.839996 158.350021 184.109985
v 136.699997 158.740021 183.529984
v 135.559998 156.030014 183.549988
v 137.639999 154.330017 182.329987
v 135.190002 153.110016 183.409988
v 137.190002 154.260010 185.239990
v 139.380005 156.640015 181.769989
v 138.839996 154.660019 179.659988
v 140.529999 153.940018 181.959991
v 140.229996 157.760010 184.359985
v 138.759995 159.440018 182.429977
v 141.539993 158.640015 181.869980
v 139.580002 156.870010 187.089981
v 142.139999 158.210022 186.549988
v 141.669998 155.480011 185.539978
v 142.570007 153.560013 183.499985
v 142.550003 152.790009 186.339981
v 144.509995 154.760010 185.359985
v 147.419998 154.380020 185.039978
v 146.369995 155.860016 187.359985
v 146.229996 157.050018 184.679977
v 148.820007 154.010010 182.479980
v 147.550003 151.710022 183.799988
v 149.970001 152.920013 184.959991
v 152.649994 151.720016 185.179977
v 150.630005 151.180008 187.249985
v 151.839996 153.860016 187.029984
v 155.410004 152.740021 185.319992
v 154.300003 151.880020 182.739990
v 154.929993 149.880020 184.809982
v 157.270004 148.160019 185.229980
v 155.610001 147.820023 182.819992
v 154.559998 147.030014 185.459991
v 152.330002 146.590012 187.329987
v 153.389999 144.350021 185.749985
v 151.860001 146.480011 184.419983
v 150.220001 147.690018 189.059982
v 152.970001 148.720016 189.249985
v 152.350006 146.010010 190.209991
v 148.169998 148.890015 190.799988
v 147.550003 146.450012 189.259979
v 147.880005 149.030014 187.869980
v 147.720001 151.770020 191.149979
v 149.130005 150.240021 193.229980
v 146.240005 149.850021 192.809982
v 144.979996 149.850021 195.469986
v 144.259995 147.780014 193.509979
v 143.399994 150.570023 193.099991
v 142.100006 151.420013 190.599991
v 141.759995 153.020020 193.049988
v 140.479996 150.380020 192.819992
v 144.470001 151.000015 188.909988
v 141.770004 150.720016 187.759979
v 142.770004 148.710022 189.659988
v 140.470001 147.350021 190.889984
v 143.210007 146.670013 191.729980
v 142.250000 145.880020 189.069992
v 138.160004 145.720016 190.069992
v 140.169998 146.540009 188.079987
v 138.350006 148.540009 189.239990
v 138.990005 147.560013 186.539978
v 138.789993 150.450012 187.039978
v 136.360001 148.790009 187.079987
v 140.800003 145.250015 186.409988
v 138.940002 145.780014 184.189987
v 137.910004 144.830017 186.789978
v 135.089996 145.650009 187.039978
v 136.289993 143.840012 189.029984
v 135.759995 142.880020 186.299988
v 134.360001 146.700012 184.389984
v 134.279999 148.460022 186.739990
v 132.289993 146.320023 186.449982
v 133.740005 144.210022 182.939987
v 136.139999 145.760010 182.239990
v 133.470001 146.820023 181.579987
v 131.039993 143.740021 183.999985
v 133.160004 141.740021 184.419983
v 132.020004 142.140015 181.739990
v 129.770004 146.020020 185.379990
v 128.130005 144.150009 183.799988
v 129.970001 146.000015 182.439987
v 131.179993 147.940018 180.579987
v 128.479996 146.870010 180.059982
v 130.830002 145.130020 179.759979
v 129.229996 142.670013 179.609985
v 132.169998 142.510010 179.659988
v 130.789993 143.550018 177.279984
v 126.430000 143.550018 179.899979
v 127.400002 141.220016 181.419983
v 127.050003 141.030014 178.499985
v 125.540001 146.260010 180.629990
v 123.730003 144.460022 179.159988
v 126.089996 145.590012 177.809982
v 126.580002 143.550018 175.749985
v 128.160004 146.040009 175.759979
v 125.309998 146.110016 175.019989
v 127.110001 140.720016 176.319992
v 125.629997 141.480011 173.889984
v 124.370003 141.780014 176.539978
v 122.059998 143.560013 176.149979
v 122.510002 142.260010 178.759979
v 121.650002 140.660019 176.439987
v 122.699997 146.260010 175.179977
v 120.129997 145.020020 174.479980
v 122.629997 144.000015 173.299988
v 124.910004 143.330017 171.549988
v 122.279999 143.960022 170.379990
v 122.669998 141.440018 171.839981
v 119.910004 140.600021 172.409988
v 122.160004 138.910019 173.249985
v 121.510002 139.160019 170.389984
v 118.809998 142.790009 170.779984
v 118.059998 142.550018 173.609985
v 117.059998 140.590012 171.659988
v 119.680000 141.750015 168.169983
v 120.559998 144.410019 169.049988
v 117.750000 143.970016 168.289978
v 120.940002 139.090012 168.019989
v 119.320000 140.080017 165.769989
v 118.019997 139.320023 168.299988
v 115.360001 140.580017 168.459991
v 116.190002 138.620010 170.499985
v 115.599998 137.730011 167.749985
v 115.410004 143.520020 168.349991
v 112.949997 142.060013 167.649979
v 115.290001 141.960022 165.859985
v 115.970001 143.170013 163.269989
v 114.080002 140.920013 163.379990
v 116.940002 140.470016 163.919983
v 119.019997 142.390015 163.129990
v 117.199997 141.280014 161.099991
v 119.250000 139.570023 162.349991
v 121.110001 137.860016 160.819992
v 122.110001 140.270020 162.189987
v 120.389999 140.530014 159.809982
v 118.330002 141.880020 158.189987
v 121.169998 142.500015 157.769989
v 119.820000 143.390015 160.229980
v 122.269997 144.420013 161.509979
v 119.809998 144.060013 163.089981
v 119.970001 146.200012 161.079987
v 124.709999 143.820023 159.969986
v 124.620003 146.170013 161.739990
v 123.050003 146.140015 159.249985
v 122.690002 149.060013 159.009979
v 120.660004 147.230011 157.919983
v 123.290001 147.450012 156.619980
v 122.769997 150.940018 161.279984
v 123.070000 151.940018 158.519989
v 125.230003 150.360016 159.749985
v 127.680000 151.150009 158.319992
v 127.699997 148.790009 160.089981
v 127.500000 151.500015 161.239990
v 126.379997 150.850021 163.879990
v 126.809998 153.660019 163.109985
v 129.119995 151.910019 163.669983
v 124.260002 148.850021 164.299988
v 126.550003 148.990021 166.149979
v 126.940002 148.000015 163.409988
v 128.410004 147.190018 160.989990
v 128.160004 145.330017 163.249985
v 129.869995 147.710022 163.489990
v 131.460007 149.840012 164.749985
v 132.250000 147.030014 165.079987
v 129.830002 148.050018 166.409988
v 128.699997 145.700012 167.779984
v 126.970001 147.980011 167.099991
v 128.979996 148.250015 169.229980
v 128.289993 143.000015 166.699982
v 129.460007 143.350021 169.369980
v 131.020004 144.080017 166.979980
v 133.020004 145.360016 165.239990
v 133.699997 142.900009 166.709991
v 133.350006 145.430008 168.169983
v 133.009995 147.560013 170.169983
v 135.399994 145.830017 170.239990
v 132.759995 144.740021 170.969986
v 130.360001 143.260010 171.819992
v 132.830002 143.100021 173.419983
v 132.699997 141.800018 170.779984
v 133.169998 140.220016 168.339981
v 133.440002 138.960022 170.979980
v 135.429993 140.940018 170.079987
v 136.580002 141.500015 172.729980
v 137.710007 142.790009 170.329987
v 138.089996 139.900009 170.779984
v 135.229996 139.830017 174.739990
v 135.380005 142.750015 175.119980
v 137.809998 141.100021 175.379990
v 133.419998 137.760010 173.679977
v 134.860001 137.310013 176.209991
v 136.330002 137.330017 173.659988
v 138.520004 137.450012 171.699982
v 138.470001 135.300018 173.709991
v 139.050003 138.070023 174.529984
v 139.399994 140.500015 176.149979
v 141.360001 138.310013 176.339981
v 138.649994 137.970016 177.449982
v 138.440002 135.030014 177.629990
v 136.250000 136.730011 178.629990
v 138.820007 136.640015 180.069992
v 140.449997 137.140015 177.189987
v 139.320007 135.680008 174.899979
v 141.160004 134.320023 176.759979
v 143.320007 136.200012 176.069992
v 143.949997 133.670013 177.439987
v 142.539993 135.820023 178.879990
v 141.690002 134.100021 181.119980
v 140.729996 136.880020 180.949982
v 143.550003 136.330017 181.599991
v 143.279999 131.720016 180.409988
v 140.389999 131.460022 180.949982
v 142.259995 132.050018 183.149979
v 145.229996 132.030014 178.229980
v 145.539993 129.850021 180.189987
v 146.009995 132.640015 180.999985
v 145.919998 132.570023 183.949982
v 146.419998 135.110016 182.549988
v 148.479996 133.010010 182.559982
v 145.199997 129.890015 184.919983
v 143.729996 132.250015 185.879990
v 146.520004 131.810013 186.729980
v 147.990005 140.140015 174.819992
v 148.910004 140.120010 177.609985
v 146.039993 140.270020 177.009979
v 147.779999 142.580017 176.459991
v 147.389999 144.250015 174.069992
v 149.199997 145.150009 176.209991
v 146.289993 145.110016 176.659988
v 144.750000 144.040009 172.789978
v 147.149994 143.100021 171.369980
v 146.720001 145.980011 171.779984
v 142.380005 142.690018 173.899979
v 142.070007 145.150009 172.309982
v 143.250000 145.280014 174.999985
v 143.880005 148.140015 174.769989
v 145.029999 146.550018 176.969986
v 142.149994 147.190018 176.959991
v 145.020004 149.280014 172.309982
v 143.240005 150.910019 173.999985
v 142.149994 148.660019 172.449982
v 140.199997 146.810013 171.259979
v 140.009995 149.690018 170.709991
v 139.350006 148.660019 173.379990
v 139.089996 151.370010 174.509979
v 138.750000 149.010010 176.239990
v 136.710007 149.650009 174.219986
v 138.429993 152.800018 172.019989
v 141.070007 153.160019 173.279984
v 138.669998 154.280014 174.549988
v 137.369995 151.190018 169.789978
v 136.919998 154.100021 169.859985
v 135.529999 152.360016 171.779984
v 134.080002 151.570023 174.219986
v 132.639999 151.820023 171.659988
v 133.630005 154.230011 173.039978
v 134.089996 157.120010 173.359985
v 131.350006 156.090012 173.009979
v 133.240005 156.040009 170.749985
v 131.089996 154.590012 169.359985
v 133.699997 154.940018 168.069992
v 131.919998 157.250015 168.419983
v 129.570007 152.800018 171.139984
v 128.250000 154.010010 168.799988
v 128.979996 155.680008 171.109985
v 128.860001 158.390015 169.959991
v 129.720001 158.020020 172.749985
v 126.910004 157.570023 171.999985
v 130.139999 158.750015 167.329987
v 127.739998 160.300018 168.019989
v 127.529999 157.400009 167.529984
v 126.910004 154.660019 166.649979
v 125.389999 156.930008 165.559982
v 125.019997 156.120010 168.369980
v 123.720001 158.420013 169.659988
v 122.150002 156.020020 169.019989
v 123.110001 157.770020 166.859985
v 124.480003 161.110016 170.569992
v 121.669998 160.260010 170.709991
v 122.919998 160.780014 168.089981
v 122.730003 162.980011 166.149979
v 120.550003 161.020020 166.369980
v 123.129997 160.220016 165.209991
v 125.089996 164.350021 165.019989
v 122.669998 165.890015 165.699982
v 122.639999 164.040009 163.399979
v 126.349998 162.100021 163.599991
v 127.540001 163.120010 166.089981
v 127.650002 164.740021 163.629990
v 125.190002 162.950012 161.019989
v 124.279999 160.450012 162.299988
v 126.989998 160.610016 161.139984
v 124.330002 165.750015 160.819992
v 125.309998 164.340012 158.429977
v 127.180000 165.080017 160.589981
v 129.850006 163.830017 160.519989
v 129.270004 165.960022 162.459991
v 129.500000 166.600021 159.599991
v 129.520004 161.850021 158.369980
v 130.690002 161.040009 160.939987
v 132.210007 162.770020 159.119980
v 126.959999 161.790009 156.909988
v 129.470001 161.100021 155.519989
v 128.949997 163.880020 156.319992
v 131.479996 165.380020 156.289978
v 128.940002 166.800018 156.719986
v 129.570007 165.680008 154.069992
v 133.610001 163.540009 155.439987
v 133.690002 164.720016 158.129990
v 134.190002 166.400009 155.769989
v 133.199997 160.880020 154.239990
v 135.509995 162.510010 153.429977
v 132.789993 163.300018 152.619980
v 130.580002 164.910019 151.519989
v 132.570007 163.700012 149.709991
v 133.339996 165.940018 151.459991
v 136.229996 165.540009 151.059982
v 135.270004 167.700012 152.819992
v 134.899994 167.900009 149.899979
v 137.410004 162.900009 151.589981
v 139.050003 165.030014 150.389984
v 136.899994 163.760010 148.819992
v 137.000000 165.450012 146.409988
v 134.880005 163.420013 146.699982
v 137.669998 162.580017 146.229980
v 139.449997 167.050018 146.769989
v 137.009995 168.300018 145.699982
v 138.509995 166.380020 144.059982
v 140.830002 166.790009 149.359985
v 142.210007 168.030014 147.079987
v 141.660004 165.130020 147.069992
v 141.119995 162.500015 145.859985
v 143.539993 162.900009 147.489990
v 143.320007 164.170013 144.839981
v 143.869995 165.680008 142.369980
v 145.919998 163.890015 143.489990
v 145.250000 166.400009 144.869980
v 146.369995 166.070023 147.569992
v 145.100006 168.610016 146.809982
v 147.690002 167.850021 145.639984
v 147.419998 163.330017 147.309982
v 145.600006 164.010010 149.529984
v 148.350006 165.060013 149.499985
v 149.389999 163.710022 145.159988
v 147.240005 161.720016 144.849991
v 149.419998 161.240021 146.769989
v 151.259995 165.430008 146.649979
v 150.160004 166.330017 144.069992
v 152.119995 164.140015 144.149979
v 151.000000 166.060013 149.509979
v 153.669998 165.830017 148.289978
v 152.009995 163.430008 148.669983
v 151.029999 160.680008 148.259979
v 153.660004 161.140015 149.499985
v 153.259995 161.710022 146.629990
v 153.839996 162.300018 143.809982
v 155.809998 160.860016 145.439987
v 155.300003 163.710022 145.939987
v 155.199997 166.320023 147.299988
v 157.669998 165.450012 145.959991
v 156.800003 164.130020 148.439987
v 157.929993 161.420013 148.629990
v 156.350006 162.500015 150.859985
v 159.029999 163.590012 150.289978
v 157.419998 159.120010 146.859985
v 159.880005 159.210022 148.489990
v 159.559998 161.030014 146.199982
v 161.470001 163.170013 146.869980
v 159.970001 163.280014 144.339981
v 162.089996 161.270020 144.709991
v 162.350006 162.190018 149.509979
v 161.720001 165.040009 149.129990
v 164.130005 163.890015 147.889984
v 163.660004 159.670013 148.739990
v 161.399994 159.640015 150.609985
v 164.000000 160.730011 151.459991
v 165.750000 160.550018 146.859985
v 163.860001 158.440018 146.069992
v 165.919998 157.880020 148.099991
v 166.029999 163.380020 146.079987
v 168.389999 161.620010 146.119980
v 167.130005 162.450012 148.649979
v 167.759995 160.410019 150.679977
v 169.880005 162.180008 149.659988
v 168.750000 160.100021 147.919983
v 166.949997 157.610016 150.219986
v 169.169998 158.230011 152.059982
v 169.520004 158.600021 149.169983
v 170.330002 158.500015 146.339981
v 172.119995 157.440018 148.419983
v 171.679993 160.340012 148.189987
v 172.690002 161.610016 150.639984
v 171.740005 163.280014 148.409988
v 174.259995 161.770020 148.149979
v 171.779999 162.150009 153.389984
v 174.649994 161.860016 152.829987
v 172.889999 159.510010 152.699982
v 172.960007 156.680008 151.889984
v 171.279999 157.520020 154.159988
v 174.210007 157.520020 154.409988
v 176.619995 156.120010 155.349991
v 174.380005 156.590012 157.199982
v 176.050003 158.840012 156.299988
v 176.190002 161.620010 155.339981
v 178.529999 160.390015 156.649979
v 176.139999 161.070023 158.229980
v 174.050003 161.120010 160.309982
v 176.470001 162.770020 160.599991
v 176.649994 159.850021 160.859985
v 179.190002 159.310013 162.249985
v 177.660004 157.090012 161.069992
v 176.639999 158.470016 163.459991
v 180.589996 160.880020 164.309982
v 181.119995 161.390015 161.459991
v 182.070007 158.900009 162.709991
v 181.589996 162.440018 166.599991
v 180.710007 159.650009 166.989990
v 178.729996 161.750015 166.419983
v 182.139999 165.070023 167.789978
v 184.360001 163.410019 166.799988
v 182.899994 162.620010 169.229980
v 183.210007 159.870010 170.229980
v 181.479996 161.770020 171.669983
v 184.399994 162.110016 171.709991
v 184.479996 162.510010 174.629990
v 185.990005 164.310013 172.859985
v 186.869995 161.530014 173.209991
v 189.169998 159.710022 173.419983
v 189.380005 162.480011 174.409988
v 189.229996 161.950012 171.519989
v 186.270004 159.770020 173.919983
v 188.149994 159.640015 176.189987
v 187.800003 157.300018 174.419983
v 184.979996 156.640015 174.909988
v 186.360001 158.570023 176.649979
v 187.050003 155.710022 176.779984
v 182.270004 157.770020 175.169983
v 182.649994 154.850021 175.189987
v 183.059998 156.380020 172.699982
v 180.789993 160.240021 174.539978
v 181.889999 159.830017 177.239990
v 179.600006 158.220016 176.319992
v 178.520004 160.930008 172.799988
v 181.259995 161.010010 171.729980
v 180.380005 163.030014 173.689987
v 182.649994 164.880020 173.359985
v 181.330002 164.620010 175.979980
v 179.929993 165.940018 173.749985
v 179.050003 168.680008 174.379990
v 177.050003 166.570023 173.909988
v 178.660004 167.600021 171.669983
v 179.910004 171.470016 174.039978
v 180.289993 170.120010 176.629990
v 177.580002 170.840012 175.729980
v 175.119995 172.260010 176.499985
v 177.630005 172.770020 177.949982
v 176.240005 170.190018 178.269989
v 172.820007 174.050018 176.039978
v 172.380005 171.190018 176.549988
v 173.570007 172.060013 173.999985
v 175.850006 171.880020 172.149979
v 173.330002 173.130020 171.269989
v 173.460007 170.220016 171.709991
v 173.600006 167.620010 170.329987
v 171.380005 169.470016 169.759979
v 171.509995 168.100021 172.359985
v 174.259995 164.760010 170.569992
v 176.399994 166.780014 170.689987
v 175.009995 166.250015 168.149979
v 175.039993 168.520020 166.269989
v 173.429993 166.130020 165.669983
v 176.369995 165.990021 165.549988
v 176.009995 164.310013 163.159988
v 177.580002 163.310013 165.439987
v 178.649994 165.480011 163.749985
v 180.970001 165.260010 161.959991
v 181.350006 165.210022 164.879990
v 180.559998 167.710022 163.539978
v 181.250000 165.680008 159.059982
v 181.350006 162.950012 160.169983
v 183.570007 164.820023 160.649979
v 186.009995 164.790009 158.989990
v 185.759995 162.950012 161.279984
v 186.110001 165.840012 161.739990
v 186.669998 166.320023 156.569992
v 186.639999 163.380020 156.489990
v 188.759995 164.790009 157.959991
v 185.529999 168.840012 155.559982
v 183.770004 166.530014 156.059982
v 185.669998 166.480011 153.809982
v 183.250000 170.390015 156.589981
v 183.759995 170.280014 153.689987
v 185.580002 171.780014 155.449982
v 182.250000 172.750015 158.039978
v 185.009995 171.820023 158.459991
v 182.750000 170.240021 159.489990
v 184.440002 170.540009 161.879990
v 181.649994 169.650009 162.149979
v 182.240005 172.430008 161.379990
v 186.729996 172.270020 162.559982
v 187.160004 169.420013 161.939987
v 185.839996 170.200012 164.449982
v 186.179993 170.670013 167.339981
v 185.419998 168.000015 166.359985
v 183.490005 170.220016 166.229980
v 186.429993 171.470016 170.159988
v 187.139999 173.360016 168.019989
v 188.839996 171.020020 168.539978
v 184.589996 170.130020 172.029984
v 185.789993 172.720016 172.749985
v 187.460007 170.290009 172.649979
v 189.559998 171.520020 174.319992
v 190.139999 170.740021 171.539978
v 189.729996 168.670013 173.589981
v 189.130005 165.900009 172.799988
v 186.940002 167.830017 173.189987
v 188.460007 166.830017 175.509979
v 186.350006 165.960022 171.819992
v 187.460007 163.480011 172.959991
v 188.399994 164.450012 170.339981
v 190.259995 162.730011 168.829987
v 189.500000 165.380020 167.779984
v 187.529999 163.190018 167.829987
v 186.250000 161.240021 166.029984
v 186.240005 164.110016 165.339981
v 184.600006 163.120010 167.579987
v 186.940002 158.600021 167.139984
v 187.750000 159.310013 164.399979
v 184.919998 158.820023 165.019989
v 182.080002 159.590012 164.829987
v 183.070007 158.180008 167.219986
v 182.850006 156.760010 164.649979
v 180.070007 156.150009 165.389984
v 180.919998 158.940018 165.019989
v 181.860001 157.410019 167.349991
v 177.889999 157.770020 166.529984
v 177.460007 154.910019 165.969986
v 177.720001 156.820023 163.749985
v 175.649994 159.600021 167.069992
v 178.360001 160.670013 166.609985
v 177.759995 159.210022 169.089981
v 173.220001 160.950012 166.099991
v 173.199997 158.050018 166.589981
v 174.720001 159.150009 164.319992
v 170.380005 161.720016 166.219986
v 171.919998 162.150009 163.749985
v 172.460007 163.800018 166.129990
v 168.380005 161.010010 168.269989
v 167.820007 163.150009 166.329987
v 169.830002 163.570023 168.439987
v 168.720001 158.160019 167.619980
v 167.679993 158.960022 170.249985
v 170.500000 159.440018 169.579987
v 167.130005 157.790009 165.169983
v 167.350006 160.460022 166.389984
v 165.779999 158.360016 167.729980
v 164.369995 158.760010 165.569992
v 164.990005 156.970016 163.319992
v 165.960007 159.750015 163.299988
v 167.630005 160.320023 160.939987
v 166.710007 162.520020 162.659988
v 164.789993 161.080017 160.949982
v 168.550003 159.580017 158.239990
v 168.610001 157.590012 160.409988
v 170.500000 159.850021 160.429977
v 168.880005 157.670013 156.019989
v 169.270004 160.560013 155.559982
v 166.570007 159.500015 156.059982
v 170.830002 155.480011 156.139984
v 169.839996 156.430008 153.529984
v 168.050003 154.930008 155.329987
v 165.570007 153.780014 154.249985
v 166.830002 152.590012 156.629990
v 168.110001 152.310013 153.999985
v 162.669998 154.230011 154.459991
v 163.830002 153.260010 151.939987
v 164.320007 156.020020 152.809982
v 160.039993 154.450012 155.759979
v 161.330002 156.850021 154.639984
v 162.419998 155.580017 157.069992
v 164.809998 156.400009 158.579987
v 162.309998 157.910019 158.859985
v 163.839996 158.060013 156.349991
v 164.679993 158.740021 153.619980
v 164.149994 160.880020 155.569992
v 161.919998 159.290009 154.489990
v 159.279999 158.070023 154.019989
v 159.589996 161.000015 153.919983
v 159.789993 159.580017 156.489990
v 161.119995 161.550018 158.229980
v 160.220001 158.980011 159.339981
v 158.250000 161.010010 158.559982
v 163.800003 162.760010 158.409988
v 161.429993 164.300018 159.229980
v 161.889999 163.710022 156.379990
v 159.089996 164.320023 155.679977
v 161.139999 164.130020 153.569992
v 161.160004 166.400009 155.439987
v 156.929993 162.830017 157.009979
v 156.369995 165.440018 155.759979
v 157.979996 165.300018 158.219986
v 159.589996 167.720016 158.689987
v 159.460007 165.620010 160.749985
v 157.100006 167.300018 160.189987
v 161.500000 168.320023 156.529984
v 160.399994 170.500015 158.159988
v 158.679993 169.080017 156.239990
v 156.380005 168.140015 154.659988
v 157.119995 170.990021 154.629990
v 155.940002 169.800018 157.049988
v 154.800003 169.570023 159.759979
v 153.759995 171.590012 157.889984
v 156.449997 171.900009 159.049988
v 157.550003 174.630020 159.229980
v 159.229996 172.420013 158.249985
v 158.460007 172.540009 161.089981
v 157.350006 171.010010 163.349991
v 158.759995 173.550018 163.839981
v 160.270004 171.170013 162.979980
v 161.710007 173.600021 162.139984
v 160.199997 172.030014 160.159988
v 162.679993 170.950012 161.309982
v 164.940002 172.360016 160.049988
v 162.470001 171.870010 158.519989
v 164.259995 169.630020 159.199982
v 166.160004 174.520020 161.629990
v 167.740005 173.130020 159.569992
v 167.000000 171.730011 162.059982
v 167.710007 168.990021 161.259979
v 167.149994 169.600021 164.089981
v 169.610001 170.610016 162.819992
v 166.330002 167.470016 159.149979
v 169.179993 166.990021 159.679977
v 168.320007 169.510010 158.429977
v 168.330002 172.300018 157.479980
v 170.289993 170.370010 156.409988
v 170.520004 171.320023 159.189987
v 171.600006 172.490021 161.659988
v 173.360001 172.080017 159.339981
v 172.380005 169.770020 160.869980
v 171.720001 166.960022 161.479980
v 174.520004 167.860016 161.529984
v 173.089996 167.640015 158.969986
v 172.179993 167.380020 156.179977
v 174.830002 166.370010 156.959991
v 174.339996 169.270020 156.849991
v 176.380005 170.520020 158.569992
v 174.259995 172.170013 157.369980
v 176.380005 171.030014 155.669983
v 177.889999 168.030014 159.039978
v 176.610001 169.430008 161.289978
v 178.970001 170.610016 159.969986
v 177.070007 165.230011 158.679977
v 179.919998 165.910019 158.899979
v 178.410004 166.660019 156.489990
v 179.089996 168.890015 154.689987
v 177.309998 166.740021 153.759979
v 180.169998 166.200012 154.169983
v 178.279999 171.690018 154.319992
v 176.240005 169.590012 154.499985
v 177.949997 169.760010 152.119980
v 177.110001 173.780014 152.599991
v 177.320007 174.210022 155.509979
v 175.399994 172.260010 154.439987
v 177.970001 175.920013 150.759979
v 175.270004 175.980011 151.919983
v 175.960007 173.950012 149.899979
v 175.970001 171.560013 148.189987
v 174.059998 173.730011 147.659988
v 173.729996 172.030014 150.039978
v 172.740005 170.190018 152.109985
v 171.289993 170.460022 149.559982
v 171.259995 172.670013 151.499985
v 170.940002 175.570023 151.849991
v 168.789993 173.740021 152.679977
v 169.350006 174.140015 149.819992
v 167.869995 171.950012 148.529984
v 169.490005 173.790009 146.899979
v 167.000000 174.730011 148.149979
v 166.160004 171.220016 150.809982
v 168.130005 169.290009 149.769989
v 165.729996 169.950012 148.189987
v 164.770004 173.670013 151.669983
v 165.860001 171.810013 153.679977
v 163.509995 171.040009 152.079987
v 165.020004 176.500015 150.909988
v 162.419998 175.430008 151.769989
v 163.550003 174.640015 149.169983
v 161.809998 172.270020 149.049988
v 163.339996 173.090012 146.669983
v 161.070007 174.720016 147.599991
v 160.130005 172.530014 151.449982
v 161.720001 170.090012 151.039978
v 159.380005 170.630020 149.339981
v 160.429993 174.800018 153.309982
v 157.789993 173.530014 152.939987
v 158.970001 175.150009 150.779984
v 159.570007 176.860016 148.459991
v 156.919998 176.990021 149.729980
v 157.699997 174.600021 148.179977
v 157.500000 172.060013 146.719986
v 155.149994 173.820023 146.929977
v 156.130005 172.380020 149.309982
v 154.619995 173.600021 151.519989
v 153.770004 171.000015 150.409988
v 153.429993 173.460022 148.829987
v 153.160004 175.490021 149.799988
v 154.919998 176.500015 151.939987
v 152.380005 175.170013 152.619980
v 153.509995 175.890015 146.899979
v 151.020004 176.750015 148.219986
v 151.600006 173.880020 147.889984
v 150.139999 172.270020 149.869980
v 151.300003 170.980011 147.499985
v 148.970001 172.750015 147.209991
v 148.720001 174.560013 151.059982
v 149.750000 172.420013 152.789978
v 147.449997 171.900009 151.029984
v 147.160004 175.770020 148.879990
v 149.350006 177.290009 150.139984
v 146.860001 176.770020 151.629990
v 145.610001 173.270020 148.739990
v 146.600006 174.520020 146.269989
v 144.419998 175.790009 147.789978
v 143.860001 173.310013 151.109985
v 145.750000 171.090012 150.709991
v 143.389999 171.350021 148.959991
v 143.910004 175.590012 152.969986
v 141.490005 173.930008 152.749985
v 142.259995 175.710022 150.529984
v 141.110001 174.400009 148.159988
v 142.380005 177.040009 147.909988
v 139.800003 176.780014 149.309982
v 139.240005 172.330017 149.099991
v 138.279999 175.070023 148.629990
v 140.059998 174.500015 150.909988
v 138.350006 171.810013 151.849991
v 136.600006 171.120010 149.579987
v 137.080002 173.940018 150.269989
v 136.130005 175.390015 147.889984
v 137.289993 176.870010 150.159988
v 134.649994 175.600021 150.429977
v 136.960007 174.200012 145.329987
v 134.699997 176.070023 145.409988
v 134.419998 173.390015 146.579987
v 131.960007 172.650009 148.019989
v 132.460007 175.460022 147.299988
v 134.070007 174.170013 149.399979
v 131.110001 173.340012 150.749985
v 129.100006 172.940018 148.649979
v 130.839996 175.310013 148.579987
v 132.009995 177.870010 147.739990
v 129.199997 177.760010 148.599991
v 130.009995 176.540009 146.039978
v 127.680000 174.920013 145.249985
v 130.029999 175.080017 143.489990
v 128.279999 177.430008 143.819992
v 126.629997 173.330017 147.489990
v 124.800003 174.350021 145.419983
v 126.040001 176.210022 147.329987
v 125.959999 179.030014 146.489990
v 126.820000 178.330017 149.219986
v 124.000000 178.020020 148.439987
v 124.099998 178.960022 144.209991
v 126.889999 179.820023 143.809982
v 125.019997 181.550018 145.289978
v 121.599998 178.520020 145.689987
v 122.599998 176.460022 143.849991
v 121.529999 178.990021 142.789978
v 121.349998 181.220016 146.839981
v 120.949997 178.860016 148.549988
v 118.949997 179.540009 146.489990
v 123.120003 183.370010 145.899979
v 121.139999 183.920013 148.009979
v 120.250000 183.440018 145.239990
v 117.330002 183.680008 145.559982
v 118.449997 182.500015 143.109985
v 118.750000 185.380020 143.619980
v 116.389999 183.320023 148.329987
v 114.540001 184.320023 146.259979
v 116.739998 186.030014 147.229980
v 115.029999 188.420013 147.019989
v 117.669998 188.380020 145.729980
v 117.470001 188.500015 148.659988
v 113.190002 187.400009 149.089981
v 112.870003 190.140015 148.059982
v 115.169998 189.470016 149.769989
v 113.720001 185.040009 150.769989
v 111.839996 187.120010 151.689987
v 114.730003 187.680008 151.579987
v 114.830002 190.620010 151.689987
v 117.320000 189.050018 151.899979
v 115.370003 189.040009 154.109985
v 111.940002 190.950012 152.119980
v 113.169998 191.880020 149.609985
v 113.699997 193.310013 152.129990
v 110.180000 188.730011 152.949982
v 109.809998 191.420013 154.099991
v 112.169998 189.820023 154.829987
v 114.650002 188.640015 155.889984
v 112.510002 189.460022 157.729980
v 114.089996 191.500015 156.309982
v 112.750000 194.120010 156.309982
v 115.550003 193.900009 155.439987
v 114.860001 193.540009 158.279984
v 110.529999 193.210022 158.009979
v 110.000000 194.090012 155.249985
v 110.769997 196.050018 157.309982
v 110.279999 190.530014 159.209991
v 108.930000 192.830017 160.459991
v 111.860001 192.610016 160.569992
v 114.739998 192.970016 161.089981
v 112.779999 193.490021 163.219986
v 112.959999 195.320023 160.919983
v 110.220001 196.350021 161.249985
v 111.940002 197.390015 159.099991
v 112.529999 198.060013 161.909988
v 109.529999 194.890015 163.709991
v 107.809998 194.670013 161.329987
v 107.900002 197.190018 162.849991
v 111.430000 193.180008 165.169983
v 109.389999 194.700012 166.649979
v 111.639999 196.110016 165.369980
v 113.339996 198.170013 164.119980
v 113.070000 198.060013 167.049988
v 110.790001 198.940018 165.389984
v 108.430000 200.180008 164.149979
v 109.580002 201.330017 166.609985
v 108.169998 198.750015 166.709991
v 106.769997 196.200012 167.209991
v 105.860001 198.670013 168.529984
v 108.410004 197.430008 169.329987
v 111.040001 196.950012 170.549988
v 108.760002 197.740021 172.239990
v 109.980003 199.690018 170.389984
v 108.320000 202.100021 170.049988
v 107.050003 199.450012 170.219986
v 108.610001 200.180008 167.829987
v 106.019997 201.260010 171.679977
v 105.620003 202.120010 168.889984
v 106.349998 204.090012 170.939987
v 107.379997 201.060013 174.279984
v 106.120003 198.680008 173.089981
v 104.440002 200.860016 174.129990
v 107.720001 203.980011 174.399979
v 110.059998 202.210022 174.689987
v 108.050003 202.360016 176.839981
v 106.290001 205.410019 172.259979
v 106.699997 206.700012 174.869980
v 104.820000 204.450012 174.619980
v 104.750000 203.040009 177.199982
v 102.959999 202.210022 175.019989
v 102.500000 204.770020 176.399979
v 106.589996 204.280014 179.129990
v 106.919998 201.450012 178.389984
v 104.629997 202.290009 180.049988
v 105.529999 207.030014 179.219986
v 108.419998 206.580017 178.869980
v 107.139999 206.000015 181.459991
v 103.769997 209.270020 179.969986
v 105.309998 207.850021 182.039978
v 103.050003 206.510010 180.719986
v 103.470001 205.770020 183.539978
v 102.199997 203.870010 181.689987
v 100.750000 206.290009 182.549988
v 105.980003 205.350021 185.029984
v 103.510002 206.040009 186.469986
v 104.839996 208.050018 184.799988
v 103.190002 210.480011 184.949982
v 105.190002 210.200012 182.809982
v 106.059998 210.620010 185.589981
v 107.349998 218.560013 190.269989
v 106.669998 217.120010 192.749985
v 109.089996 218.790009 192.639984
v 108.980003 216.260010 191.129990
v 109.320000 213.340012 191.189987
v 111.650002 215.090012 190.729980
v 109.580002 214.810013 188.649979
v 110.500000 217.090012 187.029984
v 108.059998 215.630020 186.269989
v 110.690002 214.350021 185.959991
v 113.250000 217.410019 188.029984
v 111.260002 219.520020 188.499985
v 112.300003 219.060013 185.789978
v 114.070000 214.970016 186.599991
v 114.519997 215.190018 189.499985
v 116.110001 216.820023 187.629990
v 113.860001 215.420013 183.699982
v 111.930000 213.650009 185.059982
v 114.730003 212.800018 184.719986
v 113.440002 217.920013 182.189987
v 115.040001 215.740021 181.019989
v 116.099998 217.290009 183.289978
v 117.610001 217.540009 185.809982
v 118.980003 217.880020 183.219986
v 118.050003 215.220016 184.049988
v 117.639999 213.530014 181.679977
v 117.570000 212.330017 184.369980
v 120.120003 213.290009 183.249985
v 116.050003 214.290009 179.319992
v 118.459999 212.640015 178.989990
v 118.699997 215.480011 179.749985
v 121.300003 216.600021 180.569992
v 119.059998 218.400009 179.929977
v 120.389999 216.890015 177.789978
v 122.589996 213.960022 180.799988
v 122.669998 215.840012 183.059982
v 124.239998 216.390015 180.639984
v 122.160004 212.280014 178.419983
v 121.339996 211.310013 181.069992
v 124.199997 211.530014 180.409988
v 120.470001 212.260010 176.009979
v 123.139999 211.020020 175.939987
v 122.879997 213.950012 176.099991
v 125.430000 215.250015 175.399979
v 123.720001 216.400009 177.499985
v 122.879997 216.530014 174.679977
v 127.510002 216.730011 173.949982
v 127.680000 213.800018 174.169983
v 128.130005 215.480011 176.539978
v 128.479996 213.610016 178.779984
v 127.959999 216.460022 179.319992
v 130.559998 215.610016 178.209991
v 127.080002 211.160019 179.639984
v 129.990005 211.390015 179.999985
v 128.869995 211.090012 177.299988
v 131.610001 211.770020 176.479980
v 129.500000 211.480011 174.449982
v 130.509995 209.110016 175.879990
v 133.380005 214.100021 176.829987
v 134.449997 211.380020 177.139984
v 132.610001 212.480011 179.159988
v 131.240005 212.960022 181.719986
v 134.169998 212.710022 181.639984
v 132.470001 210.340012 181.189987
v 134.089996 208.210022 179.959991
v 131.220001 207.780014 180.449982
v 133.100006 207.910019 182.709991
v 136.850006 209.220016 180.149979
v 135.660004 208.690018 177.509979
v 136.350006 206.450012 179.289978
v 137.639999 211.470016 181.879990
v 139.500000 209.230011 181.439987
v 137.080002 208.840012 183.059982
v 136.720001 205.920013 182.899979
v 134.929993 207.530014 184.599991
v 137.740005 207.130020 185.369980
v 138.610001 204.810013 180.929977
v 135.750000 204.180008 180.729980
v 137.350006 203.040009 182.919983
v 140.979996 205.970016 182.249985
v 140.580002 206.330017 179.349991
v 141.279999 203.680008 180.419983
v 140.490005 204.430008 184.699982
v 140.639999 207.370010 184.819992
v 143.070007 205.790009 184.309982
v 140.990005 201.730011 183.649979
v 138.449997 202.330017 184.999985
v 140.940002 202.180008 186.549988
v 141.600006 200.750015 180.929977
v 142.490005 199.220016 183.279984
v 143.759995 201.800018 182.639984
v 145.460007 204.120010 183.259979
v 146.600006 201.410019 183.319992
v 144.690002 202.240021 185.399979
v 144.039993 199.730011 186.789978
v 142.990005 202.290009 187.799988
v 145.860001 201.670013 188.039978
v 145.410004 197.770020 185.069992
v 142.559998 197.410019 185.739990
v 144.619995 197.030014 187.809982
v 146.830002 198.200012 182.529984
v 147.630005 195.990021 184.299988
v 148.169998 198.780014 185.089981
v 150.080002 197.950012 187.169983
v 148.979996 200.680008 187.189987
v 150.899994 199.880020 185.099991
v 152.110001 196.140015 188.299988
v 149.509995 195.070023 187.419983
v 149.669998 196.760010 189.829987
v 154.380005 194.640015 189.419983
v 154.649994 197.510010 188.839981
v 154.470001 195.570023 186.629990
v 156.449997 192.570023 189.679977
v 154.000000 192.410019 191.309982
v 156.009995 194.490021 191.869980
v 158.399994 195.610016 193.179977
v 156.169998 194.580017 194.809982
v 155.850006 197.070023 193.279984
v 155.470001 199.850021 194.159988
v 153.169998 198.290009 193.179977
v 155.259995 199.170013 191.299988
v 157.710007 201.690018 194.699982
v 157.720001 198.970016 195.839981
v 155.830002 200.990021 196.849991
v 155.270004 201.720016 199.649979
v 153.479996 199.860016 198.229980
v 153.529999 202.720016 197.499985
v 151.639999 203.520020 195.389984
v 153.160004 205.570023 196.859985
v 151.020004 204.080017 198.219986
v 152.059998 202.060013 192.869980
v 149.570007 203.580017 193.289978
v 150.050003 201.110016 194.809982
v 149.889999 198.700012 196.499985
v 147.610001 199.480011 194.819992
v 148.309998 201.080017 197.179977
v 148.270004 203.480011 198.899979
v 145.839996 201.850021 198.589981
v 146.820007 203.480011 196.339981
v 145.520004 202.450012 193.899979
v 147.160004 204.890015 193.779984
v 144.559998 204.940018 195.139984
v 145.759995 199.560013 193.389984
v 143.630005 201.120010 192.079987
v 143.500000 200.590012 194.969986
v 142.869995 200.080017 197.799988
v 140.750000 199.890015 195.769989
v 141.869995 202.520020 196.489990
v 141.029999 204.530014 194.509979
v 142.179993 205.380020 197.079987
v 139.490005 204.180008 196.999985
v 142.070007 204.300018 191.759979
v 139.559998 205.750015 192.269989
v 139.649994 202.820023 192.549988
v 137.500000 202.070023 194.419983
v 139.190002 199.990021 193.199982
v 137.240005 201.460022 191.549988
v 137.520004 203.240021 197.119980
v 134.960007 202.650009 195.789978
v 136.649994 204.860016 194.819992
v 137.889999 207.280014 193.709991
v 135.000000 207.230011 194.249985
v 136.110001 205.640015 192.039978
v 136.720001 204.420013 189.429977
v 134.520004 206.360016 189.659988
v 134.259995 203.680008 190.859985
v 133.059998 201.770020 192.749985
v 131.550003 202.630020 190.379990
v 132.029999 204.530014 192.579987
v 132.080002 207.020020 194.139984
v 129.500000 205.860016 193.299988
v 131.289993 207.070023 191.299988
v 130.570007 205.660019 188.819992
v 132.490005 207.890015 188.739990
v 129.649994 208.420013 189.269989
v 130.919998 202.770020 188.449982
v 129.160004 204.280014 186.639984
v 128.360001 203.810013 189.429977
v 127.160004 203.610016 192.119980
v 125.550003 202.970016 189.739990
v 126.309998 205.760010 190.289978
v 126.070000 207.440018 187.879990
v 126.860001 208.650009 190.449982
v 124.099998 207.690018 190.059982
v 127.639999 206.720016 185.489990
v 125.059998 208.110016 185.199982
v 125.120003 205.310013 186.089981
v 124.580002 202.650009 187.239990
v 122.889999 203.680008 185.069992
v 122.730003 204.880020 187.749985
v 121.309998 207.460022 187.769989
v 122.059998 206.170013 190.309982
v 119.930000 205.010010 188.639984
v 122.220001 209.630020 185.999985
v 119.370003 209.410019 186.709991
v 120.599998 207.420013 184.909988
v 120.940002 204.980011 183.299988
v 118.650002 206.770020 182.809982
v 118.760002 205.150009 185.269989
v 118.260002 204.100021 187.969986
v 116.419998 203.430008 185.769989
v 116.489998 206.170013 186.849991
v 115.930000 208.770020 188.109985
v 113.720001 207.150009 187.029984
v 115.629997 208.450012 185.199982
v 115.690002 208.150009 182.269989
v 118.160004 208.800018 183.729980
v 116.019997 210.810013 183.479980
v 114.099998 205.760010 181.599991
v 116.940002 205.880020 180.859985
v 114.989998 207.580017 179.459991
v 111.250000 205.470016 182.269989
v 113.230003 205.870010 184.409988
v 113.150002 203.320023 182.949982
v 112.660004 200.420013 183.029984
v 112.519997 202.010010 185.509979
v 115.120003 201.530014 184.199982
v 110.540001 198.840012 181.739990
v 113.110001 197.570023 182.419983
v 112.970001 199.540009 180.239990
v 113.750000 201.800018 178.509979
v 114.379997 199.040009 177.699982
v 115.809998 200.270020 179.959991
v 117.309998 198.200012 181.419983
v 117.410004 201.010010 182.319992
v 118.750000 200.210022 179.819992
v 116.470001 195.790009 182.879990
v 119.080002 195.850021 181.519989
v 116.599998 195.760010 179.939987
v 114.809998 196.040009 177.619980
v 116.320000 193.550018 178.019989
v 117.720001 196.010010 177.229980
v 120.559998 195.290009 176.929977
v 119.709999 198.100021 176.619980
v 118.989998 196.110016 174.569992
v 121.900002 192.850021 175.969986
v 121.669998 193.360016 178.859985
v 123.480003 195.000015 177.219986
v 124.220001 197.310013 178.889984
v 125.230003 197.110016 176.139984
v 126.230003 195.280014 178.209991
v 122.290001 199.100021 180.229980
v 124.790001 198.330017 181.589981
v 122.660004 196.340012 181.189987
v 121.559998 193.610016 181.149979
v 122.290001 194.860016 183.709991
v 124.389999 194.040009 181.819992
v 126.930000 194.070023 180.329987
v 126.830002 192.920013 183.039978
v 126.580002 195.830017 182.659988
v 125.349998 196.930008 185.099991
v 126.279999 198.740021 182.979980
v 128.240005 197.270020 184.619980
v 125.540001 194.450012 186.679977
v 122.900002 195.570023 185.989990
v 124.620003 196.940018 187.949982
v 126.790001 191.930008 185.829987
v 126.599998 192.590012 188.689987
v 128.449997 194.090012 186.949982
v 128.990005 196.570023 188.439987
v 130.089996 196.200012 185.729980
v 131.149994 194.630020 187.979980
v 127.300003 198.860016 189.199982
v 129.770004 198.280014 190.699982
v 127.440002 196.490021 190.939987
v 125.709999 194.150009 191.399979
v 126.889999 195.590012 193.689987
v 128.600006 193.960022 191.919983
v 131.449997 194.640015 192.239990
v 130.649994 192.350021 190.569992
v 130.360001 192.210022 193.499985
v 131.149994 196.590012 194.429977
v 128.779999 195.220016 193.329987
v 130.179993 197.250015 191.719986
v 128.589996 197.160019 195.759979
v 131.100006 197.300018 197.279984
v 130.059998 194.690018 196.399979
v 132.229996 192.720016 196.659988
v 129.539993 191.850021 195.859985
v 130.029999 192.750015 198.609985
v 134.779999 192.750015 195.189987
v 134.639999 191.550018 197.869980
v 134.419998 194.470016 197.559982
v 134.210007 197.370010 198.019989
v 136.289993 195.810013 199.399979
v 133.460007 195.480011 200.149979
v 132.949997 193.010010 201.679977
v 130.830002 195.040009 201.409988
v 133.190002 195.590012 203.079987
v 133.559998 190.400009 200.449982
v 133.360001 190.650009 203.379990
v 135.639999 191.850021 201.959991
v 136.529999 193.910019 203.869980
v 137.979996 193.520020 201.329987
v 138.149994 191.480011 203.459991
v 134.649994 193.320023 206.059982
v 134.800003 196.040009 204.929977
v 137.020004 195.000015 206.559982
v 133.029999 190.880020 205.749985
v 133.720001 191.860016 208.439987
v 135.800003 190.690018 206.709991
v 138.740005 190.530014 206.779984
v 137.270004 189.670013 204.379990
v 137.130005 188.070023 206.839981
v 135.199997 185.870010 207.159988
v 138.080002 185.360016 207.479980
v 136.970001 185.940018 204.809982
v 137.500000 187.090012 202.149979
v 136.179993 184.470016 202.389984
v 139.029999 184.750015 203.079987
v 139.600006 182.020020 202.139984
v 141.089996 183.130020 204.419983
v 141.570007 184.160019 201.699982
v 144.470001 184.640015 201.639984
v 142.669998 186.340012 200.049988
v 143.110001 183.530014 199.279984
v 142.339996 180.990021 198.009979
v 143.639999 183.090012 196.409988
v 140.880005 183.460022 197.359985
v 138.000000 184.090012 197.309982
v 139.649994 184.530014 194.909988
v 139.990005 186.260010 197.259979
v 141.889999 187.810013 195.639984
v 141.339996 188.610016 198.419983
v 139.279999 188.970016 196.349991
v 143.770004 186.050018 194.209991
v 142.970001 188.630020 193.029984
v 141.029999 186.430008 193.199982
v 138.660004 184.680008 193.209991
v 139.419998 186.100021 190.749985
v 138.330002 187.600021 193.039978
v 139.119995 190.410019 192.629990
v 137.389999 189.670013 194.899979
v 136.330002 189.580017 192.159988
v 141.990005 191.000015 192.359985
v 139.990005 192.810013 191.179977
v 140.429993 190.150009 190.009979
v 140.300003 187.660019 188.439987
v 140.490005 190.260010 187.069992
v 138.009995 189.510010 188.459991
v 135.440002 189.780014 189.879990
v 135.500000 189.750015 186.939987
v 136.550003 192.070023 188.409988
v 137.990005 194.540009 189.109985
v 135.619995 194.670013 187.369980
v 138.130005 193.490021 186.369980
v 139.850006 191.720016 184.749985
v 139.419998 194.520020 183.929977
v 137.220001 192.560013 183.719986
v 134.350006 191.930008 183.879990
v 135.580002 192.520020 181.279984
v 135.220001 194.670013 183.259979
v 136.639999 196.610016 181.559982
v 136.029999 197.280014 184.359985
v 133.860001 197.130020 182.379990
v 138.660004 195.380020 179.809982
v 137.699997 198.110016 179.259979
v 135.919998 195.810013 178.819992
v 133.360001 194.400009 178.409988
v 134.419998 196.170013 176.309982
v 133.389999 197.320023 178.809982
v 134.279999 199.980011 177.919983
v 133.429993 199.580017 180.709991
v 131.440002 199.510010 178.539978
v 134.220001 199.160019 175.089981
v 136.779999 199.830017 176.379990
v 134.830002 201.950012 175.799988
v 132.979996 196.710022 174.039978
v 133.350006 199.030014 172.279984
v 131.350006 199.130020 174.439987
v 131.050003 201.510010 172.739990
v 129.990005 201.520020 175.489990
v 128.690002 199.880020 173.419983
v 132.360001 200.700012 170.229980
v 133.529999 202.840012 171.879990
v 131.029999 203.310013 170.409988
v 133.149994 198.330017 168.659988
v 134.199997 200.990021 167.949982
v 131.360001 200.350021 167.479980
v 129.649994 199.290009 165.339981
v 130.240005 202.170013 165.459991
v 128.479996 200.940018 167.469986
v 130.059998 197.240021 163.259979
v 127.400002 197.590012 164.469986
v 129.600006 196.430008 166.049988
v 129.889999 196.360016 168.979980
v 130.529999 193.970016 167.379990
v 127.730003 194.840012 167.679977
v 126.260002 193.900009 165.309982
v 124.830002 195.310013 167.459991
v 125.849998 192.580017 167.909988
v 127.320000 194.390015 162.599991
v 125.959999 191.850021 163.219986
v 128.619995 192.420013 164.359985
v 129.410004 190.560013 166.499985
v 131.279999 192.650009 165.599991
v 130.669998 190.370010 163.839981
v 126.970001 188.930008 166.609985
v 128.009995 190.180008 169.059982
v 129.449997 187.930008 167.829987
v 127.190002 187.980011 163.829987
v 124.800003 189.480011 164.689987
v 125.250000 186.730011 165.659988
v 129.630005 188.460022 162.259979
v 128.059998 186.010010 161.819992
v 129.589996 186.350021 164.309982
v 129.020004 184.630020 166.629990
v 131.479996 186.250015 166.569992
v 131.210007 183.930008 164.779984
v 126.489998 183.280014 165.959991
v 126.800003 184.640015 168.559982
v 128.259995 182.150009 168.019989
v 127.699997 181.810013 163.719986
v 125.489998 183.690018 163.219986
v 124.970001 181.150009 164.619980
v 130.589996 181.820023 163.189987
v 128.940002 179.560013 162.289978
v 129.470001 179.950012 165.159988
v 127.720001 178.130020 166.669983
v 129.690002 179.790009 168.089981
v 130.589996 177.530014 166.419983
v 126.529999 176.870010 164.289978
v 124.790001 178.080017 166.339981
v 126.250000 175.590012 166.929977
v 127.839996 177.160019 161.669983
v 126.669998 174.580017 162.449982
v 129.110001 175.550018 163.769989
v 131.740005 175.940018 165.049988
v 131.080002 173.350021 163.809982
v 129.750000 174.170013 166.299988
v 128.279999 171.750015 167.099991
v 127.940002 174.240021 168.629990
v 130.479996 172.760010 168.769989
v 130.000000 170.080017 165.379990
v 127.110001 170.260010 164.849991
v 128.080002 168.810013 167.219986
v 132.119995 170.770020 163.469986
v 132.210007 168.200012 164.899979
v 132.699997 170.710022 166.349991
v 132.660004 169.960022 169.199982
v 133.250000 172.730011 168.419983
v 135.220001 170.600021 167.889984
v 132.460007 167.090012 168.559982
v 130.399994 168.370010 170.229980
v 133.110001 167.940018 171.299988
v 135.199997 166.890015 167.499985
v 132.919998 166.020020 165.849991
v 133.710007 164.450012 168.209991
v 136.820007 167.540009 169.879990
v 137.080002 169.150009 167.429977
v 138.110001 166.390015 167.489990
v 135.979996 165.310013 171.599991
v 135.729996 168.080017 172.559982
v 138.389999 166.850021 172.269989
v 134.190002 163.100021 170.829987
v 136.440002 162.600021 172.659988
v 136.949997 163.170013 169.819992
v 139.830002 163.740021 170.049988
v 138.500000 163.940018 167.439987
v 138.919998 161.300018 168.679977
v 140.350006 163.320023 172.919983
v 141.119995 165.860016 171.639984
v 142.589996 163.390015 171.009979
v 138.100006 162.290009 174.509979
v 140.869995 161.760010 175.359985
v 139.789993 160.430008 172.969986
v 141.940002 159.180008 171.399979
v 139.119995 158.670013 170.709991
v 140.270004 157.540009 173.179977
v 144.070007 160.790009 170.149979
v 144.699997 158.150009 171.309982
v 144.020004 160.410019 173.069992
v 143.360001 158.990021 175.559982
v 143.550003 161.920013 175.559982
v 145.979996 160.290009 175.269989
v 143.710007 156.230011 174.579987
v 141.220001 157.000015 175.959991
v 143.740005 156.780014 177.469986
v 144.460007 155.730011 171.779984
v 145.169998 153.780014 173.869980
v 146.529999 156.390015 173.759979
v 148.080002 156.980011 176.199982
v 148.210007 154.310013 174.979980
v 145.750000 155.180008 176.329987
v 146.449997 156.910019 178.649979
v 149.320007 156.250015 178.759979
v 147.429993 154.400009 177.459991
v 148.970001 152.660019 175.649979
v 146.130005 152.090012 176.189987
v 148.139999 151.670013 178.299988
v 150.210007 153.120010 173.019989
v 151.210007 150.980011 174.759979
v 151.679993 153.790009 175.479980
v 152.960007 156.440018 175.619980
v 154.419998 154.040009 176.509979
v 152.160004 155.060013 178.099991
v 152.770004 152.570023 179.549988
v 150.190002 153.920013 179.959991
v 152.660004 155.130020 180.999985
v 155.479996 154.300018 180.809982
v 154.789993 157.160019 180.899979
v 154.169998 155.570023 178.499985
v 157.880005 155.500015 179.589981
v 156.630005 153.130020 178.369980
v 158.050003 152.880020 180.929977
v 158.250000 158.390015 180.029984
v 160.279999 156.850021 178.549988
v 159.949997 156.450012 181.449982
v 160.580002 154.080017 183.079987
v 161.250000 156.770020 184.079987
v 162.750000 155.620010 181.819992
v 165.679993 155.720016 182.069992
v 164.339996 157.190018 179.899979
v 164.449997 154.240021 179.839981
v 167.440002 157.670013 183.399979
v 167.809998 154.790009 183.879990
v 165.449997 156.170013 184.969986
v 167.610001 159.290009 180.949982
v 169.949997 159.040009 182.709991
v 167.619995 160.610016 183.589981
v 167.009995 163.440018 183.069992
v 168.889999 162.700012 185.219986
v 166.020004 162.140015 185.519989
v 164.850006 165.110016 181.969986
v 167.270004 164.590012 180.379990
v 167.410004 166.340012 182.749985
v 162.949997 167.210022 182.789978
v 162.520004 164.420013 183.629990
v 162.149994 165.180008 180.819992
v 160.949997 162.930008 179.339981
v 161.419998 165.490021 177.979980
v 159.309998 165.280014 180.019989
v 156.550003 166.180008 179.509979
v 158.460007 167.960022 180.879990
v 157.429993 165.580017 182.259979
v 154.610001 164.090012 178.809982
v 154.899994 166.470016 177.099991
v 153.669998 166.710022 179.759979
v 155.479996 162.110016 180.809982
v 155.500000 161.410019 177.949982
v 152.940002 161.730011 179.369980
v 151.050003 159.920013 178.019989
v 150.050003 162.290009 179.459991
v 151.160004 160.010010 180.959991
v 149.500000 159.890015 183.389984
v 152.199997 158.720016 183.399979
v 150.039993 157.430008 181.859985
v 148.770004 162.350021 184.829987
v 147.669998 159.760010 185.689987
v 146.770004 160.980011 183.169983
v 143.839996 160.810013 182.949982
v 145.479996 161.130020 180.519989
v 145.210007 163.370010 182.419983
v 144.919998 166.100021 183.479980
v 144.369995 165.550018 180.639984
v 147.130005 165.450012 181.639984
v 149.910004 164.570023 182.039978
v 149.320007 166.740021 180.149979
v 148.520004 163.980011 179.509979
v 146.279999 164.520020 177.679977
v 147.139999 161.750015 178.179977
v 148.850006 163.570023 176.619980
v 143.899994 166.130020 178.339981
v 144.770004 165.860016 175.539978
v 146.369995 167.460022 177.429977
v 149.039993 167.490021 176.189987
v 148.550003 169.010010 178.659988
v 147.360001 169.900009 176.119980
v 148.949997 165.700012 173.849991
v 150.869995 165.190018 176.019989
v 151.250000 167.510010 174.239990
v 147.029999 167.360016 172.349991
v 146.449997 164.520020 172.859985
v 148.570007 165.260010 170.959991
v 148.570007 169.860016 172.139984
v 145.839996 169.890015 173.259979
v 146.240005 169.400009 170.389984
v 150.630005 168.760010 170.359985
v 151.360001 169.690018 173.049988
v 150.610001 171.640015 170.979980
v 148.949997 168.080017 168.039978
v 151.039993 166.220016 168.929977
v 151.789993 168.760010 167.649979
v 146.080002 168.660019 168.399979
v 147.190002 168.360016 165.689987
v 147.880005 170.720016 167.299988
v 150.360001 172.070023 166.459991
v 148.509995 173.420013 168.309982
v 147.750000 173.040009 165.479980
v 153.229996 172.060013 167.119980
v 151.800003 174.610016 166.789978
v 152.330002 172.910019 164.439987
v 153.729996 173.800018 169.429977
v 155.559998 173.860016 167.119980
v 155.500000 171.510010 168.899979
v 157.539993 170.340012 170.669983
v 158.080002 170.620010 167.789978
v 156.119995 168.640015 168.739990
v 157.309998 166.270020 167.449982
v 154.429993 166.810013 167.159988
v 155.509995 165.940018 169.759979
v 159.779999 165.950012 169.009979
v 159.869995 167.220016 166.359985
v 159.350006 164.330017 166.579987
v 158.550003 164.750015 171.399979
v 160.490005 166.950012 171.689987
v 161.399994 164.280014 170.819992
v 157.070007 162.550018 170.139984
v 155.610001 164.710022 171.499985
v 157.160004 162.760010 173.069992
v 157.100006 161.780014 167.289978
v 156.690002 159.730011 169.369980
v 159.330002 161.000015 169.059982
v 162.089996 161.810013 169.679977
v 161.479996 158.990021 169.109985
v 160.550003 160.210022 171.619980
v 158.419998 158.410019 172.549988
v 159.309998 160.640015 174.259979
v 161.070007 158.320023 173.809982
v 158.300003 156.290009 170.509979
v 155.809998 157.490021 171.529984
v 157.419998 155.740021 173.259979
v 160.210007 156.450012 168.269989
v 159.350006 153.830017 169.289978
v 161.110001 155.530014 170.909988
v 163.160004 156.600021 172.729980
v 163.179993 153.750015 172.019989
v 161.070007 154.820023 173.769989
v 158.529999 154.880020 175.269989
v 160.830002 153.380020 176.329987
v 159.410004 152.390015 173.949982
v 160.800003 150.460022 172.209991
v 157.889999 150.830017 171.969986
v 159.009995 149.500015 174.339981
v 162.600006 148.250015 171.489990
v 163.389999 150.170013 173.579987
v 163.300003 151.020020 170.759979
v 164.820007 152.480011 168.709991
v 165.830002 149.910019 169.739990
v 165.860001 152.300018 171.459991
v 165.449997 153.730011 166.119980
v 162.649994 153.260010 166.879990
v 164.389999 150.980011 166.209991
v 163.039993 148.860016 164.679977
v 164.190002 148.260010 167.319992
v 165.960007 148.790009 165.029984
v 162.850006 146.490021 162.949982
v 161.410004 148.950012 162.229980
v 160.520004 147.350021 164.529984
v 158.759995 145.510010 166.009979
v 157.630005 147.290009 163.959991
v 158.600006 148.400009 166.499985
v 159.059998 151.300018 166.249985
v 161.350006 149.450012 166.369980
v 159.710007 149.920013 168.769989
v 157.190002 152.170013 164.149979
v 160.039993 152.870010 163.959991
v 158.350006 154.150009 165.999985
v 154.710007 152.770020 165.609985
v 154.860001 150.390015 163.899979
v 154.800003 153.070023 162.679977
v 155.070007 155.690018 165.739990
v 155.179993 154.090012 168.199982
v 152.619995 154.470016 166.809982
v 156.139999 156.680008 163.179977
v 154.720001 158.520020 164.979980
v 153.229996 156.410019 163.549988
v 150.610001 156.380020 164.899979
v 151.250000 154.350021 162.859985
v 150.800003 157.150009 162.059982
v 150.460007 156.690018 167.819992
v 148.309998 157.750015 166.109985
v 150.949997 159.040009 166.109985
v 151.360001 160.730011 163.739990
v 153.029999 161.130020 166.139984
v 150.179993 161.880020 166.179977
v 148.910004 160.340012 162.159988
v 151.529999 159.610016 161.019989
v 150.830002 162.440018 161.399979
v 146.660004 161.120010 163.889984
v 146.580002 158.560013 162.429977
v 146.330002 161.110016 160.959991
v 147.649994 163.880020 164.119980
v 147.580002 162.140015 166.489990
v 145.070007 163.140015 165.329987
v 147.559998 164.680008 161.289978
v 149.970001 165.210022 162.889984
v 147.500000 166.730011 163.399979
v 147.279999 163.200012 158.759979
v 146.389999 166.000015 158.939987
v 144.889999 163.890015 160.329987
v 143.130005 164.710022 162.539978
v 142.809998 162.050018 161.319992
v 142.050003 164.470016 159.809982
v 145.940002 165.570023 162.649979
v 144.250000 165.790009 165.039978
v 143.779999 167.570023 162.749985
v 142.660004 168.150009 160.089981
v 145.419998 168.950012 160.719986
v 143.160004 170.350021 161.989990
v 139.789993 167.470016 160.109985
v 141.589996 166.200012 158.159988
v 140.910004 169.060013 157.899979
v 139.250000 169.740021 161.909988
v 138.639999 167.000015 162.779984
v 137.009995 168.270020 160.679977
v 140.330002 171.920013 160.239990
v 141.339996 171.520020 162.979980
v 138.610001 172.540009 162.549988
v 138.130005 171.660019 158.299988
v 140.919998 171.390015 157.409988
v 139.889999 174.020020 158.229980
v 135.830002 172.550018 159.909988
v 135.800003 169.900009 158.629990
v 135.580002 172.330017 156.979980
v 136.449997 175.420013 159.739990
v 136.050003 174.160019 162.359985
v 133.759995 174.540009 160.549988
v 138.570007 176.040009 157.779984
v 136.639999 178.120010 158.579987
v 135.759995 175.860016 156.909988
v 132.839996 175.520020 157.039978
v 134.410004 173.990021 155.079987
v 134.059998 176.890015 154.739990
v 131.589996 177.420013 158.909988
v 131.110001 174.530014 159.209991
v 129.940002 175.990021 156.929977
v 132.509995 179.530014 157.069992
v 133.500000 179.460022 159.839981
v 130.710007 180.200012 159.299988
v 134.039993 179.360016 154.559982
v 132.360001 181.720016 155.099991
v 131.110001 179.120010 154.509979
v 128.470001 179.500015 155.779984
v 128.979996 177.120010 154.109985
v 128.759995 179.780014 152.859985
v 128.899994 182.190018 156.899979
v 128.009995 179.990021 158.639984
v 126.169998 181.110016 156.639984
v 129.559998 183.680008 154.459991
v 131.350006 183.810013 156.789978
v 128.720001 185.120010 156.879990
v 126.959999 183.470016 153.099991
v 129.369995 182.310013 151.859985
v 129.039993 185.240021 152.009979
v 124.500000 182.580017 154.459991
v 124.330002 184.040009 151.909988
v 125.169998 185.440018 154.359985
v 126.209999 187.430008 156.259979
v 123.889999 188.080017 154.569992
v 126.559998 187.840012 153.369980
v 125.930000 187.940018 150.489990
v 128.729996 187.690018 151.379990
v 127.279999 190.220016 151.789978
v 123.330002 189.320023 150.349991
v 123.540001 186.480011 149.589981
v 124.730003 188.550018 147.869980
v 123.220001 191.630020 152.169983
v 120.970001 189.720016 152.059982
v 121.470001 191.530014 149.799988
v 167.860001 224.760010 130.169983
v 166.970001 224.130020 127.429985
v 165.589996 226.220016 128.989990
v 165.289993 223.390015 129.739990
v 162.720001 223.040009 131.119980
v 164.750000 220.920013 131.249985
v 163.330002 221.440018 128.729980
v 163.330002 221.410019 125.779984
v 162.229996 219.130020 127.279984
v 165.130005 219.620010 127.279984
v 168.029999 219.680008 127.779984
v 166.729996 217.170013 126.959984
v 166.240005 218.280014 129.649979
v 163.729996 217.130020 130.669983
v 165.509995 218.640015 132.469986
v 166.320007 215.990021 131.499985
v 161.309998 217.600021 129.069992
v 161.369995 215.410019 131.029984
v 162.970001 215.230011 128.559982
v 164.630005 214.420013 126.269981
v 162.630005 212.560013 127.359985
v 165.059998 213.180008 128.909988
v 164.839996 211.950012 131.569992
v 167.210007 213.550018 130.879990
v 166.800003 210.920013 129.629990
v 162.509995 212.590012 133.259979
v 163.830002 209.970016 133.489990
v 162.259995 210.620010 131.089981
v 163.250000 209.210022 128.699982
v 160.580002 210.450012 128.669983
v 161.070007 208.040009 130.299988
v 166.139999 209.540009 128.209991
v 164.320007 208.980011 125.959984
v 164.899994 206.880020 127.949982
v 165.110001 204.400009 126.379982
v 164.880005 204.280014 129.309982
v 167.360001 205.270020 128.069992
v 168.839996 206.280014 130.409988
v 169.940002 206.620010 127.699982
v 169.850006 203.950012 128.919983
v 166.880005 205.720016 132.529984
v 167.740005 208.490021 132.019989
v 169.610001 206.560013 133.229980
v 164.149994 204.630020 132.399979
v 165.690002 204.450012 134.909988
v 166.449997 202.810013 132.589981
v 167.690002 200.960022 130.659988
v 167.289993 200.120010 133.459991
v 169.309998 202.160019 132.809982
v 169.669998 203.140015 135.559982
v 170.880005 204.600021 133.299988
v 171.949997 201.980011 134.109985
v 167.539993 204.210022 137.279984
v 169.979996 203.100021 138.489990
v 168.039993 201.310013 137.179977
v 166.429993 199.140015 136.019989
v 167.380005 198.940018 138.799988
v 169.289993 198.720016 136.569992
v 171.830002 199.720016 137.649979
v 171.729996 198.620010 134.919983
v 171.440002 196.830017 137.239990
v 171.130005 200.450012 140.419983
v 172.330002 202.450012 138.619980
v 173.960007 200.220016 139.629990
v 170.559998 197.780014 141.509979
v 168.449997 199.820023 141.449982
v 170.720001 200.100021 143.309982
v 170.899994 195.390015 139.819992
v 171.100006 195.160019 142.749985
v 173.220001 196.530014 141.239990
v 175.679993 197.910019 140.409988
v 175.779999 195.870010 142.519989
v 174.500000 198.460022 143.049988
v 173.210007 198.020020 145.659988
v 172.960007 200.630020 144.319992
v 175.539993 199.800018 145.459991
v 170.979996 196.280014 146.459991
v 173.199997 196.760010 148.329987
v 173.630005 195.120010 145.929977
v 175.240005 193.620010 143.959991
v 174.679993 192.450012 146.609985
v 176.520004 194.740021 146.369980
v 176.410004 196.230011 148.909988
v 178.449997 196.900009 146.889984
v 178.630005 194.370010 148.379990
v 174.369995 194.700012 150.369980
v 173.960007 197.570023 149.849991
v 176.000000 196.700012 151.789978
v 175.979996 192.300018 150.939987
v 173.720001 192.140015 149.059982
v 173.210007 192.490021 151.939987
v 178.559998 192.990021 152.169983
v 178.289993 190.520020 150.589981
v 176.990005 190.740021 153.219986
v 180.660004 193.560013 154.159988
v 178.410004 195.430008 153.809982
v 180.470001 195.190018 151.709991
v 180.669998 191.830017 156.539978
v 182.690002 193.950012 156.249985
v 182.800003 191.570023 154.519989
v 178.580002 193.380020 157.909988
v 180.990005 194.730011 156.889984
v 181.179993 192.940018 159.219986
v 181.919998 191.750015 161.809982
v 181.990005 194.670013 161.449982
v 183.990005 192.980011 160.099991
v 186.419998 192.650009 158.469986
v 186.619995 192.770020 161.409988
v 185.919998 195.190018 159.889984
v 187.809998 197.290009 159.069992
v 185.779999 197.850021 161.129990
v 184.970001 197.490021 158.319992
v 189.669998 196.090012 157.129990
v 190.610001 196.790009 159.829987
v 189.970001 198.910019 157.889984
v 190.009995 194.950012 154.429977
v 189.160004 193.220016 156.659988
v 191.910004 194.260010 156.579987
v 188.600006 194.510010 151.889984
v 191.470001 193.880020 152.109985
v 190.580002 196.680008 152.119980
v 186.009995 193.120010 151.989990
v 186.630005 194.900009 149.729980
v 186.130005 196.030014 152.409988
v 187.139999 198.770020 152.049988
v 186.410004 197.810013 154.739990
v 184.309998 198.320023 152.739990
v 187.770004 199.400009 149.249985
v 189.809998 199.780014 151.329987
v 187.479996 201.570023 151.209991
v 184.949997 199.000015 148.479980
v 187.009995 197.110016 147.559982
v 186.919998 199.840012 146.459991
v 183.529999 201.080017 149.999985
v 182.580002 198.290009 150.069992
v 182.279999 199.890015 147.609985
v 184.649994 203.520020 148.789978
v 186.399994 201.230011 149.389984
v 185.279999 202.840012 151.579987
v 183.399994 202.790009 146.219986
v 186.300003 203.250015 146.359985
v 184.440002 205.520020 146.629990
v 180.529999 202.700012 146.889984
v 181.850006 200.340012 145.719986
v 181.380005 202.740021 144.079987
v 179.919998 205.360016 148.009979
v 179.500000 202.950012 149.639984
v 177.740005 203.500015 147.349991
v 181.539993 207.660019 148.869980
v 178.679993 208.010010 148.289978
v 180.570007 207.500015 146.099991
v 181.639999 206.510010 143.539978
v 180.110001 209.020020 143.619980
v 178.740005 206.460022 144.039978
v 176.190002 207.130020 145.349991
v 176.770004 204.340012 144.609985
v 176.220001 206.340012 142.519989
v 176.070007 210.050018 144.979980
v 176.009995 208.900009 147.699982
v 173.690002 208.590012 145.909988
v 178.199997 211.020020 143.199982
v 175.860001 212.720016 143.759979
v 175.570007 210.310013 142.099991
v 172.830002 209.240021 141.979980
v 174.910004 208.130020 140.219986
v 173.869995 210.850021 139.749985
v 171.360001 211.020020 143.799988
v 171.699997 208.170013 144.479980
v 169.910004 208.950012 142.279984
v 172.500000 213.430008 145.049988
v 169.649994 213.360016 144.309982
v 171.720001 213.460022 142.209991
v 173.059998 212.940018 139.639984
v 171.360001 215.320023 139.949982
v 170.139999 212.640015 139.859985
v 168.389999 210.270020 139.999985
v 167.729996 212.490021 138.179977
v 167.470001 212.850021 141.099991
v 166.789993 213.870010 143.769989
v 164.880005 214.170013 141.549988
v 167.360001 215.750015 141.579987
v 169.509995 217.360016 140.369980
v 166.860001 218.550018 140.839981
v 167.210007 216.520020 138.739990
v 167.250000 214.940018 136.249985
v 165.990005 217.600021 136.289978
v 164.720001 215.340012 137.689987
v 162.899994 216.890015 139.409988
v 162.910004 213.950012 139.549988
v 161.820007 215.300018 137.179977
v 163.520004 218.810013 141.559982
v 160.919998 218.930008 140.179977
v 163.369995 219.720016 138.759979
v 162.339996 219.810013 136.009979
v 165.149994 220.490021 136.549988
v 163.009995 222.310013 137.409988
v 159.470001 219.430008 136.529984
v 160.940002 217.460022 134.919983
v 160.389999 220.140015 133.829987
v 157.220001 218.350021 138.099991
v 156.970001 220.970016 136.769989
v 158.740005 220.670013 139.099991
v 156.169998 220.900009 140.529984
v 157.759995 223.310013 139.959991
v 158.710007 221.380020 141.959991
v 158.750000 222.910019 144.469986
v 159.360001 220.030014 144.499985
v 156.610001 220.950012 143.979980
v 155.350006 218.490021 142.969986
v 153.850006 221.020020 142.949982
v 154.429993 219.680008 145.499985
v 156.130005 215.980011 144.299988
v 157.399994 216.750015 141.759979
v 154.589996 215.900009 141.789978
v 156.369995 216.230011 147.219986
v 156.669998 213.600021 145.949982
v 154.029999 214.880020 146.049988
v 151.550003 215.130020 144.489990
v 151.470001 213.970016 147.189987
v 152.710007 212.480011 144.979980
v 155.610001 212.200012 145.409988
v 154.330002 210.880020 143.109985
v 153.830002 209.890015 145.839981
v 155.820007 207.770020 146.309982
v 153.179993 207.630020 147.609985
v 155.139999 209.650009 148.469986
v 157.039993 206.680008 143.859985
v 158.470001 206.490021 146.419983
v 158.149994 209.100021 145.099991
v 158.250000 211.920013 144.239990
v 160.710007 210.570023 145.159988
v 158.589996 211.240021 147.089981
v 159.509995 209.650009 149.379990
v 157.029999 211.210022 149.579987
v 159.630005 212.590012 149.479980
v 160.020004 206.760010 149.169983
v 161.789993 208.440018 150.809982
v 161.839996 208.670013 147.869980
v 163.419998 211.080017 147.279984
v 162.369995 209.440018 145.079987
v 164.559998 208.420013 146.759979
v 163.850006 211.760010 150.119980
v 162.699997 213.760010 148.279984
v 165.529999 212.990021 148.039978
v 162.710007 210.110016 152.269989
v 165.000000 211.870010 152.819992
v 165.369995 209.470016 151.169983
v 167.809998 209.370010 149.539978
v 166.250000 206.920013 149.999985
v 167.770004 208.130020 152.209991
v 168.940002 212.070023 149.869980
v 168.059998 211.160019 147.209991
v 170.470001 210.000015 148.439987
v 169.759995 212.050018 152.699982
v 167.860001 214.080017 151.729980
v 170.679993 214.200012 150.909988
v 169.419998 209.660019 154.389984
v 171.630005 211.540009 154.919983
v 171.690002 209.840012 152.519989
v 173.630005 211.080017 150.679977
v 172.449997 208.470016 150.019989
v 174.389999 208.690018 152.229980
v 174.410004 213.240021 152.529984
v 173.229996 213.900009 149.919983
v 175.949997 212.780014 150.069992
v 175.660004 211.710022 154.719986
v 173.520004 213.640015 155.309982
v 176.169998 214.590012 154.459991
v 178.160004 211.100021 153.289978
v 176.339996 208.920013 154.059982
v 177.860001 210.350021 156.129990
v 178.850006 212.660019 150.889984
v 180.960007 211.850021 152.779984
v 179.009995 213.910019 153.549988
v 177.490005 215.820023 155.199982
v 180.429993 215.900009 155.189987
v 179.020004 213.660019 156.489990
v 180.869995 211.370010 156.589981
v 178.300003 211.260010 158.019989
v 180.440002 213.030014 158.989990
v 183.110001 212.800018 155.319992
v 182.259995 210.170013 154.289978
v 183.619995 210.360016 156.889984
v 182.619995 215.660019 154.839981
v 185.369995 214.620010 154.859985
v 183.850006 214.780014 157.369980
v 182.729996 214.770020 160.089981
v 185.440002 215.820023 159.619980
v 184.919998 212.930008 159.399979
v 187.320007 211.600021 158.329987
v 187.360001 214.500015 158.859985
v 185.770004 213.440018 156.619980
v 189.240005 213.730011 157.629990
v 187.889999 212.210022 155.499985
v 189.940002 210.900009 157.169983
v 174.770004 208.140015 162.269989
v 176.399994 210.580017 162.119980
v 174.440002 209.990021 160.009979
v 176.889999 208.370010 160.239990
v 179.419998 206.870010 160.319992
v 178.240005 207.620010 157.729980
v 176.960007 205.550018 159.389984
v 174.270004 204.350021 159.529984
v 176.639999 202.730011 160.179977
v 176.139999 203.540009 157.399979
v 172.149994 205.910019 160.849991
v 171.449997 203.610016 159.149979
v 172.500000 206.070023 157.929977
v 173.479996 208.250015 156.199982
v 171.039993 206.770020 155.469986
v 173.669998 205.450012 155.289978
v 175.529999 203.170013 155.249985
v 174.089996 203.940018 152.799988
v 172.630005 202.710022 155.039978
v 169.750000 203.320023 155.029984
v 170.830002 201.330017 156.919983
v 170.710007 200.720016 154.039978
v 168.830002 206.090012 154.639984
v 167.059998 203.840012 153.949982
v 169.440002 204.390015 152.309982
v 169.190002 201.880020 150.799988
v 171.539993 203.610016 150.399979
v 168.889999 204.460022 149.419983
v 166.360001 201.130020 150.499985
v 168.160004 199.470016 152.139984
v 168.460007 199.510010 149.209991
v 165.130005 202.300018 148.089981
v 164.449997 203.350021 150.759979
v 163.509995 200.680008 149.939987
v 164.940002 200.710022 145.629990
v 167.339996 202.330017 146.149979
v 164.789993 203.650009 145.499985
v 164.589996 197.800018 145.339981
v 163.570007 199.620010 143.259979
v 162.259995 199.520020 145.889984
v 160.529999 201.820023 145.279984
v 160.789993 200.880020 148.049988
v 159.339996 199.250015 146.079987
v 161.770004 203.990021 143.709991
v 158.889999 203.410019 143.419983
v 160.889999 201.520020 142.369980
v 159.460007 198.960022 142.109985
v 162.240005 199.190018 141.179977
v 160.080002 200.540009 139.709991
v 158.070007 197.900009 144.489990
v 157.199997 197.100021 141.789978
v 156.729996 199.850021 142.739990
v 155.860001 202.660019 142.759979
v 154.009995 200.560013 141.859985
v 156.330002 201.290009 140.199982
v 158.360001 200.870010 138.109985
v 155.610001 201.600021 137.359985
v 156.179993 198.920013 138.449982
v 156.070007 196.270020 139.709991
v 156.009995 196.510010 136.779984
v 153.679993 197.360016 138.369980
v 151.380005 195.530014 138.439987
v 151.580002 197.560013 136.319992
v 151.009995 198.380020 139.089981
v 148.800003 196.300018 139.639984
v 151.320007 196.910019 141.039978
v 150.389999 194.130020 140.829987
v 149.070007 196.130020 142.549988
v 151.699997 195.030014 143.309982
v 149.289993 193.330017 143.449982
v 147.869995 198.270020 140.919983
v 147.179993 198.020020 143.769989
v 146.220001 196.020020 141.849991
v 145.259995 193.590012 140.489990
v 143.500000 195.000015 142.389984
v 145.850006 193.530014 143.369980
v 147.789993 191.590012 144.449982
v 145.029999 191.640015 145.479980
v 146.880005 193.840012 146.119980
v 145.610001 196.320023 147.059982
v 148.529999 195.990021 147.259979
v 146.759995 194.420013 148.999985
v 142.820007 195.470016 146.709991
v 143.850006 197.770020 145.199982
v 143.419998 197.990021 148.109985
v 142.070007 192.700012 146.019989
v 140.210007 194.390015 147.569992
v 142.699997 193.410019 148.809982
v 143.210007 195.060013 151.189987
v 145.000000 192.820023 150.539978
v 142.270004 192.290009 151.499985
v 140.779999 196.730011 151.109985
v 143.429993 197.990021 151.379990
v 142.289993 196.450012 153.619980
v 139.110001 194.470016 151.979980
v 138.710007 195.650009 149.309982
v 137.929993 197.150009 151.719986
v 140.009995 191.760010 152.679977
v 137.539993 192.840012 153.859985
v 140.149994 193.920013 154.669983
v 139.419998 196.370010 156.129990
v 142.250000 195.630020 155.829987
v 140.500000 194.060013 157.589981
v 137.520004 198.220016 154.849991
v 137.889999 198.280014 157.769989
v 136.520004 196.000015 156.509979
v 134.899994 193.690018 155.669983
v 134.220001 195.150009 158.129990
v 136.639999 193.480011 158.029984
v 138.639999 194.060013 160.119980
v 138.910004 191.650009 158.459991
v 136.759995 191.820023 160.459991
v 137.679993 195.480011 162.509979
v 136.039993 193.350021 161.319992
v 136.360001 195.920013 159.919983
v 136.880005 193.110016 164.059982
v 134.830002 194.960022 163.029984
v 136.600006 195.790009 165.229980
v 137.490005 190.320023 163.339981
v 137.389999 191.120010 166.169983
v 139.600006 192.050018 164.459991
v 140.990005 194.230011 165.859985
v 142.059998 193.190018 163.319992
v 142.190002 191.550018 165.759979
v 139.440002 196.590012 166.709991
v 141.789993 195.730011 168.259979
v 139.330002 194.100021 168.289978
v 137.270004 192.100021 168.929977
v 138.940002 193.230011 171.069992
v 140.119995 191.390015 169.109985
v 143.039993 191.380020 169.509979
v 141.789993 189.340012 167.789978
v 141.380005 189.260010 170.709991
v 142.820007 193.360016 171.689987
v 144.630005 193.860016 169.419983
v 145.279999 191.760010 171.379990
v 141.710007 191.640015 173.799988
v 140.229996 194.030014 172.909988
v 142.720001 194.320023 174.459991
v 143.899994 189.740021 174.309982
v 141.240005 188.750015 173.499985
v 141.630005 189.910019 176.179977
v 146.570007 190.220016 173.159988
v 146.300003 188.940018 175.799988
v 145.649994 191.790009 175.479980
v 144.720001 194.500015 176.189987
v 146.520004 193.040009 177.999985
v 143.729996 192.160019 177.679977
v 143.250000 189.530014 178.909988
v 140.970001 191.240021 178.159988
v 142.690002 191.990021 180.429977
v 146.119995 188.940018 179.229980
v 144.320007 186.910019 178.089981
v 144.139999 187.600021 180.949982
v 146.619995 190.890015 181.379990
v 148.029999 191.140015 178.809982
v 148.699997 188.930008 180.649979
v 144.759995 189.970016 183.469986
v 144.729996 192.780014 182.609985
v 147.000000 191.750015 184.169983
v 146.080002 187.330017 183.499985
v 143.139999 187.510010 183.469986
v 144.630005 188.280014 185.889984
v 148.880005 188.060013 184.049988
v 148.119995 185.230011 183.779984
v 147.259995 186.760010 186.139984
v 148.509995 189.140015 186.769989
v 149.690002 190.820023 184.659988
v 151.220001 188.560013 185.759979
v 145.759995 189.290009 187.779984
v 148.020004 189.610016 189.629990
v 147.440002 186.980011 188.449982
v 146.759995 184.400009 187.189987
v 147.580002 184.490021 190.019989
v 149.559998 185.010010 187.899979
v 151.820007 184.450012 186.099991
v 151.940002 183.610016 188.919983
v 152.089996 186.470016 188.219986
v 154.529999 187.400009 189.589981
v 152.059998 188.990021 189.729980
v 153.539993 188.820023 187.199982
v 157.389999 188.060013 189.859985
v 156.429993 186.580017 187.489990
v 156.479996 185.270020 190.119980
v 157.259995 183.130020 188.249985
v 154.630005 183.050018 189.569992
v 157.070007 182.570023 191.139984
v 160.089996 182.510010 187.699982
v 158.160004 182.680008 185.489990
v 158.029999 180.430008 187.379990
v 162.580002 181.630020 188.999985
v 161.190002 184.040009 189.969986
v 162.559998 184.070023 187.359985
v 162.929993 179.070023 187.589981
v 162.039993 179.090012 190.399979
v 164.809998 179.840012 189.719986
v 167.369995 178.410019 189.979980
v 165.770004 179.010010 192.379990
v 167.130005 181.190018 190.929977
v 169.289993 176.180008 189.879990
v 170.070007 178.840012 188.879990
v 168.110001 177.220016 187.389984
v 168.110001 173.830017 191.209991
v 170.990005 174.380020 191.469986
v 169.889999 173.480011 188.889984
v 165.600006 172.490021 190.459991
v 165.539993 175.210022 191.589981
v 166.250000 172.920013 193.299988
v 166.440002 174.260010 195.909988
v 167.580002 171.570023 195.549988
v 164.660004 171.940018 195.579987
v 165.250000 176.880020 196.539978
v 168.179993 176.560013 196.499985
v 166.589996 175.330017 198.649979
v 163.800003 179.410019 196.949982
v 162.419998 176.840012 197.339981
v 163.160004 177.710022 194.629990
v 163.039993 180.910019 199.369980
v 161.979996 181.720016 196.739990
v 164.830002 182.140015 197.369980
v 164.399994 185.030014 197.039978
v 166.320007 183.620010 195.309982
v 166.929993 184.040009 198.159988
v 169.320007 182.800018 199.359985
v 168.089996 185.160019 200.619980
v 169.520004 185.440018 198.059982
v 169.210007 179.990021 200.209991
v 171.800003 181.230011 199.589981
v 169.889999 180.650009 197.419983
v 172.009995 181.200012 195.459991
v 169.240005 180.790009 194.559982
v 170.789993 178.530014 195.599991
v 174.910004 180.950012 195.869980
v 173.470001 183.300018 196.919983
v 173.860001 182.980011 194.009979
v 177.649994 182.000015 195.559982
v 176.169998 181.010010 193.209991
v 177.130005 179.120010 195.249985
v 179.809998 178.090012 194.589981
v 177.880005 178.630020 192.439987
v 177.449997 176.360016 194.269989
v 174.800003 175.150009 193.819992
v 176.500000 174.200012 196.029984
v 177.240005 173.610016 193.239990
v 176.889999 171.480011 191.239990
v 177.679993 170.800018 193.989990
v 179.589996 172.160019 192.209991
v 176.529999 169.280014 189.319992
v 176.600006 172.060013 188.369980
v 174.289993 171.090012 189.919983
v 175.490005 166.640015 190.099991
v 178.380005 167.010010 189.649979
v 176.509995 167.060013 187.369980
v 178.669998 166.740021 185.399979
v 176.110001 167.950012 184.599991
v 176.250000 165.080017 185.209991
v 177.449997 163.630020 182.949982
v 174.979996 165.180008 182.559982
v 174.929993 162.680008 184.129990
v 172.309998 161.690018 185.039978
v 174.100006 163.060013 186.929977
v 174.779999 160.370010 185.939987
v 176.460007 158.000015 186.389984
v 173.979996 158.340012 187.919983
v 176.289993 160.080017 188.459991
v 176.059998 160.470016 191.369980
v 176.869995 162.710022 189.639984
v 178.710007 160.460022 190.089981
v 180.990005 161.690018 188.679977
v 181.210007 158.940018 189.709991
v 181.139999 161.210022 191.579987
v 180.880005 164.610016 188.359985
v 180.690002 162.860016 185.999985
v 183.250000 163.110016 187.439987
v 180.679993 165.910019 190.989990
v 178.479996 166.160019 189.049988
v 181.039993 167.540009 188.569992
v 180.839996 169.230011 186.169983
v 183.369995 169.090012 187.669983
v 181.050003 170.480011 188.829987
v 182.279999 172.090012 190.959991
v 179.440002 171.320023 191.149979
v 180.300003 173.310013 189.149979
v 178.399994 174.260010 187.109985
v 181.050003 175.510010 187.349991
v 179.020004 175.940018 189.439987
v 176.970001 177.910019 190.219986
v 179.690002 178.810013 189.519989
v 179.229996 177.340012 192.029984
v 174.589996 176.960022 191.659988
v 174.490005 177.350021 188.749985
v 174.649994 179.680008 190.539978
v 174.830002 182.440018 189.509979
v 174.279999 181.960022 192.369980
v 172.220001 181.350021 190.349991
v 169.800003 182.310013 188.969986
v 170.449997 183.280014 191.669983
v 169.559998 180.500015 191.279984
v 169.139999 180.650009 186.629990
v 170.380005 183.290009 186.259979
v 167.600006 183.100021 187.189987
v 166.490005 185.820023 187.009979
v 164.940002 183.680008 188.309982
v 165.330002 183.650009 185.399979
v 163.029999 181.870010 184.889984
v 165.389999 181.770020 183.129990
v 163.600006 184.100021 183.059982
v 162.000000 185.120010 180.809982
v 164.679993 184.020020 180.319992
v 164.380005 186.600021 181.699982
v 160.440002 184.450012 178.399979
v 161.139999 187.250015 178.969986
v 159.149994 185.860016 180.639984
v 156.850006 186.870010 182.169983
v 159.529999 186.860016 183.379990
v 158.119995 184.320023 182.919983
v 153.990005 186.440018 182.729980
v 154.820007 188.550018 180.859985
v 155.339996 188.860016 183.739990
v 154.860001 191.720016 184.229980
v 157.279999 190.430008 185.299988
v 154.649994 189.790009 186.439987
v 153.110001 193.590012 182.789978
v 155.880005 194.360016 183.419983
v 153.880005 194.150009 185.569992
v 150.440002 194.790009 182.489990
v 151.070007 192.250015 181.149979
v 152.289993 194.750015 180.209991
v 154.770004 193.900009 178.859985
v 153.889999 196.710022 178.689987
v 152.389999 194.600021 177.269989
v 156.679993 192.510010 180.609985
v 156.529999 191.810013 177.759979
v 154.330002 191.080017 179.569992
v 151.750000 189.980011 180.469986
v 153.570007 188.330017 178.849991
v 152.169998 190.610016 177.629990
v 153.619995 190.590012 175.069992
v 151.330002 192.390015 175.439987
v 150.899994 189.490021 175.219986
v 156.539993 190.610016 175.459991
v 155.399994 189.590012 172.949982
v 155.080002 188.060013 175.439987
v 152.910004 186.080017 175.639984
v 155.070007 186.110016 177.649979
v 155.630005 185.210022 174.899979
v 150.050003 186.770020 175.719986
v 150.919998 184.200012 174.559982
v 151.490005 186.720016 173.149979
v 153.440002 185.460022 171.339981
v 153.020004 188.380020 171.259979
v 150.929993 186.560013 170.269989
v 153.190002 182.610016 172.019989
v 155.850006 183.850021 171.839981
v 154.259995 183.410019 169.399979
v 151.339996 181.360016 173.939987
v 152.000000 179.980011 171.419983
v 150.320007 182.390015 171.379990
v 149.279999 184.790009 170.019989
v 148.009995 182.170013 169.559982
v 150.699997 182.720016 168.479980
v 153.139999 182.740021 166.839981
v 150.610001 181.740021 165.699982
v 152.009995 180.180008 167.769989
v 153.960007 178.330017 168.969986
v 151.559998 177.280014 167.619980
v 151.300003 178.670013 170.189987
v 156.460007 179.570023 168.059982
v 156.300003 176.650009 168.399979
v 156.300003 178.400009 170.759979
v 154.330002 180.090012 172.159988
v 157.179993 180.240021 172.889984
v 155.610001 177.840012 173.569992
v 154.449997 175.780014 175.329987
v 152.710007 177.800018 174.079987
v 154.570007 178.590012 176.219986
v 156.580002 174.530014 176.929977
v 155.279999 173.020020 174.769989
v 153.789993 173.640015 177.229980
v 159.300003 175.650009 176.849991
v 158.330002 174.330017 179.289978
v 157.229996 176.940018 178.489990
v 154.460007 177.360016 179.379990
v 155.929993 179.540009 178.049988
v 156.679993 178.710022 180.779984
v 152.169998 175.740021 178.489990
v 152.020004 177.230011 181.029984
v 153.770004 174.880020 180.799988
v 155.880005 175.000015 182.859985
v 155.720001 172.680008 181.059982
v 153.669998 173.070023 183.129990
v 157.350006 177.550018 182.959991
v 156.949997 175.990021 185.419983
v 154.669998 177.350021 184.159988
v 152.119995 178.630020 183.409988
v 153.160004 178.910019 186.159988
v 152.130005 176.310013 185.229980
v 151.839996 173.390015 185.049988
v 150.639999 174.850021 187.309982
v 153.570007 174.580017 187.119980
v 154.899994 176.220016 189.159988
v 156.440002 174.220016 187.649979
v 154.460007 173.350021 189.649979
v 154.279999 177.940018 191.479980
v 154.320007 179.080017 188.769989
v 156.839996 178.260010 190.049988
v 154.330002 176.760010 194.169983
v 151.839996 177.920013 193.119980
v 154.080002 179.670013 193.849991
v 154.669998 182.270020 195.109985
v 153.470001 180.100021 196.699982
v 151.880005 181.460022 194.629990
v 154.000000 185.010010 195.949982
v 154.559998 184.430008 193.119980
v 156.740005 184.360016 195.089981
v 159.210007 185.880020 195.589981
v 158.710007 184.710022 192.929977
v 159.330002 182.960022 195.229980
v 158.240005 180.490021 196.399979
v 161.070007 181.210022 196.829987
v 160.160004 180.340012 194.169983
v 160.039993 177.900009 192.529984
v 157.550003 179.250015 193.349991
v 159.179993 177.830017 195.339981
v 159.869995 176.750015 189.819992
v 157.440002 177.750015 191.149979
v 158.740005 175.290009 192.119980
v 157.559998 172.630020 191.689987
v 156.800003 174.210022 194.049988
v 159.500000 173.050018 193.869980
v 155.979996 170.540009 190.339981
v 158.649994 169.900009 191.419983
v 158.389999 171.630020 189.049988
v 154.479996 168.320023 189.129990
v 154.399994 170.990021 187.899979
v 153.039993 170.510010 190.469986
v 152.940002 172.920013 192.149979
v 151.440002 170.520020 192.929977
v 150.570007 172.110016 190.609985
v 148.399994 172.380020 188.639984
v 148.639999 174.320023 190.839981
v 147.789993 171.550018 191.399979
v 147.869995 170.230011 186.699982
v 148.899994 172.830017 185.769989
v 146.139999 172.610016 186.769989
v 143.830002 173.820023 188.149979
v 143.660004 173.160019 185.289978
v 145.360001 175.390015 186.179977
v 147.559998 177.340012 186.029984
v 145.029999 177.860016 184.609985
v 146.839996 175.740021 183.659988
v 144.800003 175.340012 181.579987
v 147.020004 173.430008 181.849991
v 147.529999 176.140015 180.829987
v 143.520004 177.940018 181.039978
v 142.009995 175.810013 182.389984
v 142.679993 175.550018 179.539978
v 145.520004 179.130020 179.239990
v 145.050003 180.310013 181.899979
v 143.000000 180.550018 179.799988
v 147.960007 177.880020 178.179977
v 146.550003 179.920013 176.589981
v 145.339996 177.260010 176.969986
v 142.460007 177.430008 176.399979
v 143.639999 174.880020 177.269989
v 144.229996 175.930008 174.589981
v 141.830002 180.230011 175.729980
v 140.199997 178.780014 177.699982
v 140.029999 178.070023 174.849991
v 143.919998 182.250015 176.179977
v 141.940002 182.630020 174.029984
v 144.009995 180.550018 173.779984
v 145.789993 178.330017 173.049988
v 145.259995 180.480011 171.109985
v 143.139999 178.560013 171.789978
v 140.529999 179.810013 171.259979
v 140.660004 177.040009 172.239990
v 141.520004 177.670013 169.499985
v 139.669998 182.250015 172.659988
v 138.550003 181.600021 170.019989
v 141.360001 182.450012 170.259979
v 142.990005 181.550018 167.979980
v 144.130005 183.390015 169.969986
v 142.050003 184.340012 168.109985
v 142.750000 178.660019 167.459991
v 143.199997 180.530014 165.229980
v 140.610001 180.490021 166.619980
v 139.190002 183.030014 166.189987
v 137.839996 180.820023 167.579987
v 138.380005 180.630020 164.689987
v 141.259995 184.490021 164.689987
v 139.820007 185.820023 166.879990
v 138.429993 185.210022 164.359985
v 141.520004 182.700012 162.369980
v 143.869995 183.290009 164.039978
v 142.740005 185.380020 162.309982
v 138.759995 182.970016 161.369980
v 139.809998 180.320023 162.119980
v 140.820007 181.670013 159.709991
v 136.720001 184.800018 162.439987
v 136.610001 183.960022 159.619980
v 138.729996 185.790009 160.529984
v 140.710007 185.470016 158.379990
v 141.259995 187.280014 160.639984
v 139.220001 188.000015 158.639984
v 141.940002 182.860016 157.769989
v 141.809998 184.940018 155.689987
v 139.350006 183.590012 156.579987
v 137.190002 185.460022 155.859985
v 136.539993 182.850021 157.069992
v 137.559998 182.980011 154.319992
v 138.759995 187.450012 154.369980
v 139.979996 184.880020 155.109985
v 139.399994 186.890015 157.179977
v 139.440002 185.810013 152.019989
v 141.559998 187.240021 153.479980
v 139.610001 188.740021 151.859985
v 136.710007 185.130020 151.139984
v 138.600006 182.990021 151.869980
v 139.009995 184.540009 149.399979
v 135.320007 187.660019 150.569992
v 134.070007 185.660019 152.329987
v 134.300003 185.140015 149.439987
v 137.130005 188.670013 148.479980
v 136.860001 190.130020 151.029984
v 134.639999 190.120010 149.089981
v 136.779999 186.690018 146.329987
v 139.490005 187.360016 147.289978
v 137.949997 189.330017 145.729980
v 133.940002 187.220016 145.799988
v 134.830002 184.500015 146.469986
v 135.529999 185.680008 143.869980
v 132.740005 189.620010 147.009979
v 131.970001 188.810013 144.289978
v 134.660004 189.890015 144.789978
v 136.610001 189.600021 142.609985
v 137.210007 191.360016 144.889984
v 135.149994 192.130020 142.939987
v 134.779999 188.150009 140.809982
v 137.369995 186.960022 141.559982
v 137.289993 189.290009 139.759979
v 131.970001 187.320023 140.599991
v 133.389999 188.310013 138.219986
v 132.679993 190.170013 140.389984
v 133.860001 191.920013 138.329987
v 133.720001 192.830017 141.129990
v 131.259995 192.600021 139.529984
v 133.089996 190.050018 136.189987
v 135.919998 190.770020 136.559982
v 134.009995 192.760010 135.519989
v 131.630005 187.490021 136.129990
v 131.279999 189.440018 133.949982
v 130.169998 190.010010 136.619980
v 128.699997 192.100021 135.159988
v 128.889999 192.200012 138.099991
v 127.239998 190.140015 136.809982
v 130.009995 192.810013 132.629990
v 127.180000 193.500015 133.059982
v 127.980003 190.690018 132.679977
v 125.680000 189.380020 131.379990
v 126.589996 188.470016 134.029984
v 128.240005 187.940018 131.649979
v 124.070000 187.390015 129.929977
v 123.680000 190.260010 129.409988
v 122.809998 189.090012 131.969986
v 126.599998 185.980011 129.399979
v 124.320000 185.640015 127.569984
v 124.239998 184.460022 130.269989
v 123.330002 181.810013 129.359985
v 122.250000 182.970016 131.839981
v 125.040001 182.050018 131.749985
v 125.110001 179.510010 133.229980
v 125.379997 182.060013 134.669983
v 127.559998 181.110016 132.939987
v 129.809998 179.200012 133.059982
v 129.570007 181.330017 135.089981
v 130.289993 182.010010 132.309982
v 129.679993 176.280014 133.409988
v 131.899994 177.490021 131.899979
v 129.190002 177.470016 130.759979
v 126.769997 178.870010 129.829987
v 128.559998 177.570023 127.889984
v 129.440002 180.000015 129.289978
v 131.020004 182.250015 130.339981
v 130.759995 181.870010 127.429985
v 132.369995 179.990021 129.029984
v 134.500000 178.290009 130.139984
v 134.990005 179.850021 127.699982
v 133.179993 177.540009 127.619987
v 131.740005 177.630020 125.059982
v 131.309998 175.380020 126.899986
v 133.869995 175.650009 125.469986
v 133.509995 179.770020 124.079987
v 130.610001 180.260010 124.329987
v 131.630005 178.460022 122.229988
v 136.000000 178.210022 124.269981
v 135.850006 180.900009 125.459984
v 135.880005 180.580017 122.529984
v 135.130005 176.240021 122.259987
v 135.779999 175.370010 124.999985
v 137.919998 176.270020 123.189987
v 134.630005 177.950012 119.919983
v 132.619995 175.960022 120.749985
v 135.160004 175.080017 119.559982
v 137.029999 179.580017 119.399986
v 134.429993 180.890015 119.839981
v 134.919998 179.380020 117.359985
v 139.190002 177.590012 119.509987
v 139.330002 180.010010 121.189987
v 139.669998 180.210022 118.269981
v 140.320007 175.250015 118.119987
v 138.759995 174.880020 120.589981
v 141.440002 176.100021 120.709984
v 141.330002 173.010010 116.499985
v 142.460007 175.710022 116.139984
v 139.720001 175.130020 115.239983
v 142.899994 170.550018 116.089981
v 140.990005 171.450012 114.029984
v 140.000000 170.390015 116.589981
v 145.199997 168.730011 115.869987
v 143.080002 168.200012 117.849983
v 144.919998 170.470016 118.229988
v 146.960007 166.580017 114.909988
v 148.070007 168.770020 116.539986
v 147.199997 169.290009 113.779984
v 148.559998 164.400009 113.739983
v 145.630005 164.150009 113.909988
v 147.259995 164.030014 116.359985
v 150.210007 162.370010 112.379982
v 151.490005 164.560013 113.879982
v 150.100006 165.130020 111.349983
v 151.339996 160.250015 110.689987
v 148.429993 160.430008 111.059982
v 150.139999 159.580017 113.299988
v 152.639999 158.660019 108.579987
v 153.800003 158.730011 111.279984
v 153.919998 161.120010 109.559982
v 154.089996 156.850021 106.759987
v 152.970001 159.380020 105.739983
v 151.169998 157.170013 106.499985
v 156.869995 156.660019 105.829987
v 154.660004 156.320023 103.919983
v 155.190002 154.250015 105.939987
v 153.800003 151.950012 104.719986
v 153.779999 152.300018 107.649986
v 156.259995 151.530014 106.269989
v 158.309998 150.990021 108.309990
v 158.699997 150.040009 105.549995
v 156.660004 148.790009 107.259995
v 158.770004 153.790009 109.099983
v 158.880005 151.660019 111.119987
v 156.300003 152.410019 109.929985
v 153.619995 152.180008 108.719986
v 153.910004 153.140015 111.489983
v 154.440002 150.320023 110.849991
v 156.100006 149.590012 113.169991
v 155.479996 147.580017 111.109993
v 153.369995 148.530014 112.929993
v 158.559998 151.080017 113.819992
v 157.080002 149.680008 115.939995
v 155.949997 152.100021 114.699982
v 154.300003 154.400009 113.899986
v 154.669998 153.780014 116.749985
v 153.029999 152.020020 115.059982
v 151.679993 149.600021 114.069992
v 150.350006 151.310013 116.049995
v 152.679993 149.700012 116.839989
v 155.009995 148.480011 118.159996
v 152.440002 148.660019 119.579994
v 154.020004 151.100021 119.059990
v 153.080002 153.690018 120.089981
v 155.850006 153.390015 119.149986
v 154.990005 152.090012 121.649986
v 150.770004 155.270020 119.169983
v 151.559998 155.330017 121.999985
v 150.350006 152.900009 120.869987
v 150.039993 150.040009 120.229996
v 147.660004 151.720016 120.689987
v 149.429993 151.020020 122.939995
v 147.720001 149.980011 125.099991
v 150.130005 151.550018 125.749992
v 150.389999 148.830017 124.649994
v 153.330002 148.910019 124.779991
v 151.979996 146.900009 123.099991
v 151.860001 146.690018 126.039993
v 155.169998 151.020020 123.859993
v 155.699997 149.600021 126.379990
v 153.449997 151.480011 126.199989
v 151.889999 150.960022 128.639984
v 150.820007 152.760010 126.579987
v 153.110001 153.600021 128.219986
v 153.690002 148.840012 129.629990
v 150.779999 148.410019 129.609985
v 151.960007 150.310013 131.519989
v 155.839996 147.520020 128.119980
v 155.830002 147.420013 131.069992
v 156.410004 149.950012 129.679977
v 157.570007 152.510010 128.789978
v 158.789993 151.040009 131.029984
v 156.169998 152.340012 131.379990
v 153.500000 152.580017 132.599991
v 155.869995 153.520020 134.059982
v 155.429993 150.630020 133.659988
v 155.460007 147.690018 133.499985
v 155.669998 149.030014 136.109985
v 157.919998 149.150009 134.209991
v 160.529999 149.240021 132.859985
v 160.350006 148.360016 135.669983
v 159.899994 151.190018 134.979980
v 158.669998 151.740021 137.599991
v 158.820007 153.860016 135.569992
v 161.270004 152.940018 136.909988
v 156.440002 150.160019 138.689987
v 158.270004 151.570023 140.509979
v 159.210007 149.210022 139.019989
v 162.110001 149.630020 138.789978
v 160.910004 147.100021 137.869980
v 161.050003 147.700012 140.749985
v 163.199997 152.070023 137.549988
v 164.679993 150.730011 139.719986
v 162.160004 152.150009 140.299988
v 159.669998 152.930008 141.659988
v 162.259995 153.930008 142.649979
v 161.550003 151.090012 142.979980
v 160.919998 148.360016 143.879990
v 162.250000 150.240021 145.709991
v 163.720001 149.140015 143.399979
v 165.869995 151.150009 143.369980
v 165.699997 149.130020 141.229980
v 166.490005 148.330017 143.949982
v 164.600006 152.360016 145.729980
v 165.460007 154.060013 143.489990
v 167.470001 152.780014 145.229980
v 164.589996 150.510010 148.019989
v 162.039993 151.440018 146.869980
v 163.750000 153.310013 148.379990
v 167.330002 150.010010 148.979980
v 165.720001 147.790009 147.909988
v 165.029999 148.990021 150.499985
v 169.130005 152.220016 148.259979
v 170.119995 149.450012 148.249985
v 169.509995 150.780014 150.799988
v 168.460007 149.410019 153.189987
v 168.690002 152.350021 153.159988
v 171.119995 150.680008 153.259979
v 172.389999 152.610016 155.089981
v 173.759995 151.800018 152.609985
v 173.479996 149.890015 154.839981
v 174.720001 147.360016 153.979980
v 175.199997 148.390015 156.699982
v 176.380005 149.760010 154.379990
v 175.050003 145.180008 152.029984
v 173.240005 147.420013 151.429977
v 172.520004 145.470016 153.509979
v 176.800003 143.660019 150.219986
v 174.710007 142.270020 151.749985
v 177.070007 143.340012 153.139984
v 179.570007 143.240021 149.309982
v 177.779999 145.050018 147.819992
v 177.330002 142.140015 147.749985
v 174.660004 142.090012 146.499985
v 176.020004 139.560013 147.179977
v 177.029999 141.230011 144.969986
v 172.710007 143.780014 147.919983
v 172.470001 143.370010 145.019989
v 174.669998 145.000015 146.089981
v 177.190002 146.500015 146.269989
v 175.029999 147.480011 144.529984
v 176.520004 145.040009 143.799988
v 177.369995 142.540009 142.519989
v 177.169998 145.010010 140.929977
v 174.729996 143.680008 141.899979
v 172.020004 142.650009 142.429977
v 172.830002 143.310013 139.679977
v 172.389999 145.460022 141.649979
v 173.610001 147.980011 140.739990
v 171.750000 147.980011 143.019989
v 170.740005 147.490021 140.299988
v 174.490005 146.840012 138.169983
v 176.479996 147.910019 140.069992
v 174.679993 149.740021 138.629990
v 171.750000 146.400009 137.199982
v 173.690002 144.180008 137.189987
v 174.009995 146.420013 135.299988
v 169.479996 147.010010 138.959991
v 169.059998 146.740021 136.049988
v 170.509995 149.070023 137.129990
v 172.220001 151.410019 137.629990
v 169.820007 151.670013 135.949982
v 172.160004 150.190018 134.959991
v 171.210007 148.260010 132.939987
v 174.080002 148.420013 133.589981
v 172.779999 150.610016 132.109985
v 169.199997 146.190018 133.529984
v 169.509995 147.200012 130.779984
v 168.339996 148.920013 132.869980
v 168.289993 151.780014 132.149979
v 166.830002 150.830017 134.519989
v 165.869995 150.140015 131.829987
v 170.779999 153.190018 131.469986
v 168.229996 154.070023 130.299988
v 169.440002 151.520020 129.449982
v 170.229996 149.010010 128.139984
v 169.529999 151.370010 126.509995
v 167.429993 149.930008 127.999992
v 164.940002 149.150009 129.359985
v 164.949997 149.630020 126.449989
v 165.259995 151.890015 128.309982
v 165.179993 154.460022 129.749985
v 163.490005 154.050018 127.369987
v 166.410004 154.300018 127.079987
v 169.020004 154.370010 125.719986
v 166.759995 155.910019 124.639984
v 166.750000 152.970016 124.479988
v 165.589996 150.310013 123.969994
v 165.809998 152.260010 121.779984
v 163.869995 152.700012 123.939987
v 162.080002 154.280014 125.669983
v 161.229996 153.550018 122.939987
v 163.369995 155.540009 123.329987
v 165.139999 155.970016 121.019981
v 165.110001 157.910019 123.239983
v 162.789993 157.710022 121.429985
v 166.729996 153.710022 120.019981
v 165.970001 155.900009 118.199982
v 163.919998 154.020020 119.179985
v 161.149994 154.980011 118.959984
v 161.679993 152.160019 119.619987
v 162.250000 153.170013 116.909988
v 161.660004 157.760010 118.119987
v 160.050003 157.220016 120.529984
v 158.960007 156.620010 117.859985
v 164.320007 158.940018 117.649986
v 161.979996 159.940018 116.159988
v 163.070007 157.260010 115.579987
v 163.389999 154.590012 114.399986
v 162.919998 156.910019 112.659988
v 160.750000 155.900009 114.379982
v 158.770004 158.040009 114.759987
v 158.210007 155.330017 115.749985
v 158.229996 155.870010 112.859985
v 158.300003 160.360016 116.519981
v 156.699997 160.020020 114.069984
v 159.550003 160.740021 113.879982
v 161.610001 162.780014 113.369987
v 160.240005 161.490021 111.109985
v 162.149994 159.960022 112.749985
v 164.000000 164.460022 113.779984
v 162.410004 163.570023 116.099983
v 161.320007 165.580017 114.249985
v 158.479996 165.930008 114.979988
v 159.399994 166.590012 112.259987
v 160.199997 168.290009 114.529984
v 158.490005 164.380020 117.479988
v 161.039993 165.160019 116.229988
v 159.339996 163.120010 114.959984
v 160.369995 165.420013 119.489983
v 160.740005 162.710022 118.389984
v 158.490005 163.270020 120.209984
v 158.899994 167.920013 119.999985
v 161.800003 167.990021 119.549988
v 160.729996 166.850021 122.039986
v 156.350006 167.870010 121.489983
v 157.580002 170.440018 120.739983
v 158.820007 168.770020 122.819984
v 156.910004 167.860016 124.379982
v 155.149994 165.810013 123.209984
v 154.240005 168.600021 123.399986
v 157.350006 169.610016 126.699982
v 159.649994 168.420013 125.309982
v 157.860001 166.720016 126.919983
v 156.449997 164.390015 128.029984
v 159.059998 165.190018 129.129990
v 158.899994 164.010010 126.439987
v 159.520004 163.230011 123.669983
v 161.080002 162.100021 125.899986
v 161.389999 164.940018 125.169983
v 162.130005 167.790009 125.139984
v 164.220001 165.720016 125.229988
v 162.529999 166.190018 127.579987
v 161.179993 165.840012 130.179977
v 164.119995 166.060013 130.059982
v 162.779999 163.640015 129.049988
v 164.889999 162.390015 127.419983
v 162.309998 161.030014 127.769981
v 164.169998 161.250015 130.039978
v 167.080002 164.270020 128.029984
v 166.110001 163.990021 125.269981
v 167.630005 161.810013 126.519981
v 167.289993 163.420013 130.849991
v 166.630005 166.220016 130.199982
v 169.339996 165.180008 129.679977
v 167.940002 160.560013 130.599991
v 165.660004 161.410019 132.259979
v 168.410004 161.970016 133.139984
v 167.919998 159.070023 128.059982
v 169.309998 157.960022 130.409988
v 170.419998 160.310013 129.019989
v 172.199997 161.860016 130.789978
v 171.960007 162.570023 127.939987
v 173.339996 160.090012 128.729980
v 171.979996 160.080017 133.119980
v 169.559998 161.270020 131.949982
v 171.470001 162.960022 133.419983
v 170.479996 157.550018 132.969986
v 172.839996 157.760010 134.719986
v 173.179993 157.740021 131.799988
v 174.080002 157.530014 128.999985
v 175.250000 155.780014 131.059982
v 175.869995 158.650009 131.039978
v 176.820007 161.340012 131.789978
v 178.669998 159.050018 131.879990
v 176.500000 159.260010 133.849991
v 174.660004 158.520020 136.029984
v 177.559998 158.610016 136.529984
v 176.419998 156.490021 134.829987
v 178.619995 155.250015 133.309982
v 175.910004 154.090012 133.199982
v 177.500000 153.870010 135.659988
v 180.839996 157.060013 133.989990
v 180.020004 156.710022 131.179977
v 181.380005 154.520020 132.599991
v 181.029999 156.590012 136.889984
v 180.559998 159.310013 135.859985
v 183.179993 158.030014 135.479980
v 181.800003 153.750015 136.799988
v 179.369995 154.580017 138.239990
v 182.020004 155.260010 139.319992
v 184.210007 153.630020 135.109985
v 182.020004 151.710022 134.689987
v 183.690002 151.520020 137.099991
v 186.029999 155.190018 136.819992
v 185.410004 156.120010 134.099991
v 187.080002 153.730011 134.489990
v 184.990005 155.640015 139.529984
v 187.889999 155.460022 139.079987
v 186.210007 153.060013 138.839981
v 188.020004 151.150009 137.509979
v 185.320007 150.300018 138.329987
v 187.380005 150.830017 140.369980
v 190.759995 152.180008 137.869980
v 189.490005 152.250015 135.209991
v 190.300003 149.680008 136.379990
v 185.979996 160.430008 143.389984
v 183.160004 160.850021 144.159988
v 183.979996 158.320023 142.889984
v 183.919998 160.810013 141.319992
v 183.009995 162.750015 146.409988
v 180.610001 161.250015 145.569992
v 181.690002 163.380020 143.849991
v 182.339996 164.790009 141.349991
v 179.899994 165.480011 142.839981
v 180.089996 162.900009 141.429977
v 177.419998 162.100021 142.379990
v 179.080002 160.190018 140.869980
v 177.889999 162.510010 139.509979
v 176.740005 163.250015 144.999985
v 174.830002 161.460022 143.639984
v 175.339996 164.170013 142.579987
v 174.529999 163.780014 139.779984
v 175.320007 166.460022 140.729980
v 172.779999 165.260010 141.629990
v 175.639999 162.030014 137.689987
v 172.929993 163.140015 137.389984
v 173.449997 161.070023 139.409988
v 170.929993 161.410019 140.889984
v 173.089996 159.770020 142.029984
v 171.589996 158.800018 139.689987
v 169.169998 162.400009 138.749985
v 169.850006 164.150009 141.019989
v 168.059998 161.850021 141.419983
v 168.699997 159.810013 137.439987
v 170.160004 161.930008 136.009979
v 167.270004 162.210022 136.509979
v 169.339996 157.350021 138.939987
v 167.199997 157.330017 136.909988
v 166.809998 158.770020 139.449982
v 165.929993 160.420013 141.719986
v 164.210007 158.250015 140.729980
v 164.589996 160.680008 139.099991
v 164.509995 162.760010 137.029984
v 162.139999 162.260010 138.709991
v 162.960007 160.280014 136.689987
v 160.750000 158.520020 137.519989
v 163.050003 157.410019 136.049988
v 161.130005 159.160019 134.669983
v 158.779999 160.640015 138.059982
v 159.820007 159.000015 140.269989
v 158.000000 157.810013 138.279984
v 159.139999 163.320023 136.879990
v 156.429993 162.330017 137.489990
v 157.970001 161.150009 135.269989
v 155.949997 159.020020 135.049988
v 158.320007 158.990021 133.309982
v 156.220001 161.010010 132.909988
v 153.509995 160.050018 136.329987
v 155.039993 157.900009 137.619980
v 153.520004 157.350021 135.159988
v 152.619995 161.930008 134.239990
v 153.000000 162.870010 137.009979
v 150.750000 161.090012 136.359985
v 151.309998 160.310013 132.159988
v 154.070007 161.250015 131.779984
v 151.850006 163.170013 131.689987
v 150.250000 157.570023 132.259979
v 148.669998 159.710022 131.009979
v 149.039993 159.670013 133.929977
v 148.869995 160.550018 136.729980
v 146.800003 158.780014 135.609985
v 146.970001 161.590012 134.739990
v 144.899994 162.000015 132.679977
v 146.789993 164.170013 133.339981
v 144.699997 163.400009 135.269989
v 145.750000 164.590012 137.749985
v 147.149994 162.320023 136.509979
v 144.529999 161.910019 137.809982
v 148.279999 164.040009 139.149979
v 146.940002 166.640015 139.499985
v 148.210007 165.980011 136.929977
v 149.440002 165.920013 134.259979
v 150.110001 168.090012 136.129990
v 147.429993 167.970016 134.909988
v 144.520004 168.320023 134.659988
v 146.330002 170.550018 134.009979
v 145.990005 169.700012 136.809982
v 148.320007 170.710022 138.309982
v 146.130005 169.350021 139.729980
v 145.699997 172.030014 138.589981
v 149.839996 172.140015 136.239990
v 151.190002 170.160019 137.949982
v 150.309998 172.730011 139.079987
v 148.929993 172.020020 133.439987
v 150.589996 174.270020 134.349991
v 147.809998 174.040009 135.269989
v 148.100006 175.800018 137.609985
v 145.570007 174.350021 137.169983
v 146.320007 176.570023 135.389984
v 150.059998 175.620010 139.799988
v 148.940002 178.230011 139.039978
v 150.820007 176.860016 137.239990
v 150.449997 178.150009 134.619980
v 152.550003 176.120010 134.979980
v 152.830002 178.760010 136.239990
v 148.399994 179.950012 135.739990
v 147.740005 178.190018 133.469986
v 149.539993 180.490021 133.069992
v 147.710007 179.930008 138.599991
v 147.380005 182.390015 137.019989
v 150.080002 181.410019 137.669983
v 153.009995 181.520020 137.429977
v 151.669998 182.780014 139.729980
v 151.410004 183.960022 137.039978
v 150.119995 186.360016 138.149979
v 149.190002 185.240021 135.589981
v 151.809998 186.570023 135.749985
v 148.139999 187.610016 139.929977
v 150.740005 188.920013 139.469986
v 150.600006 186.440018 141.049988
v 151.630005 183.840012 141.989990
v 151.610001 186.170013 143.809982
v 153.479996 186.080017 141.539978
v 155.949997 185.950012 139.929977
v 156.110001 186.120010 142.869980
v 155.220001 188.450012 141.299988
v 154.149994 189.860016 143.659988
v 153.919998 191.080017 140.989990
v 156.550003 190.880020 142.299988
v 155.330002 187.980011 145.589981
v 152.440002 188.500015 145.639984
v 154.330002 190.590012 146.499985
v 157.179993 185.910019 144.609985
v 157.529999 187.030014 147.309982
v 158.119995 188.680008 144.939987
v 158.539993 191.130020 143.369980
v 160.699997 190.100021 145.089981
v 158.289993 191.290009 146.299988
v 156.279999 192.250015 148.229980
v 159.130005 192.900009 148.619980
v 158.179993 190.130020 149.009979
v 160.710007 188.620010 149.019989
v 158.149994 187.220016 149.419983
v 159.210007 188.990021 151.519989
v 162.529999 188.540009 146.709991
v 163.600006 188.250015 149.429977
v 162.559998 190.850021 148.529984
v 161.789993 192.350021 150.939987
v 161.479996 193.580017 148.279984
v 164.169998 193.160019 149.399979
v 159.809998 191.220016 152.799988
v 161.800003 193.170013 153.769989
v 162.639999 190.450012 153.009979
v 165.470001 190.490021 152.189987
v 164.059998 187.920013 152.489990
v 164.729996 189.520020 154.869980
v 166.169998 193.330017 152.559982
v 166.419998 192.090012 149.909988
v 168.279999 191.340012 152.059982
v 164.490005 195.580017 153.439987
v 167.399994 195.640015 153.909988
v 165.699997 193.780014 155.439987
v 167.300003 191.580017 156.579987
v 164.490005 191.950012 157.399979
v 166.550003 193.880020 158.259979
v 169.029999 190.080017 154.729980
v 169.740005 190.290009 157.579987
v 169.940002 192.660019 155.829987
v 170.059998 195.310013 157.109985
v 170.679993 195.020020 154.239990
v 172.539993 193.960022 156.259979
v 167.800003 196.370010 158.669983
v 170.539993 197.320023 159.209991
v 169.759995 194.570023 159.939987
v 172.479996 195.680008 160.069992
v 171.589996 194.210022 157.669983
v 172.070007 192.760010 160.189987
v 174.649994 194.100021 159.749985
v 173.690002 192.090012 157.829987
v 174.570007 191.260010 160.509979
v 174.990005 197.030014 159.719986
v 177.080002 195.320023 160.899979
v 174.490005 195.630020 162.269989
v 173.429993 193.790009 164.299988
v 171.889999 196.170013 163.519989
v 174.360001 196.470016 165.079987
v 172.229996 191.120010 164.619980
v 174.020004 192.180008 166.689987
v 175.110001 191.390015 164.079987
v 176.630005 193.870010 164.479980
v 177.210007 192.150009 162.159988
v 177.940002 191.270020 164.879990
v 178.960007 189.600021 167.079987
v 179.990005 192.330017 166.699982
v 180.690002 190.220016 164.779984
v 176.389999 188.160019 167.169983
v 177.649994 189.090012 169.669983
v 178.850006 186.860016 168.159988
v 180.669998 185.900009 170.259979
v 181.660004 186.280014 167.519989
v 179.800003 184.080017 168.119980
v 179.649994 182.000015 166.039978
v 177.240005 182.730011 167.559982
v 179.419998 181.260010 168.879990
v 178.610001 178.780014 170.239990
v 179.529999 181.090012 171.819992
v 181.449997 179.560013 170.179977
v 176.679993 176.750015 171.159988
v 178.850006 175.990021 169.309982
v 176.630005 177.680008 168.359985
v 174.220001 177.800018 172.379990
v 174.449997 174.930008 171.769989
v 174.199997 176.890015 169.579987
v 172.589996 179.750015 170.909988
v 174.660004 180.690018 172.769989
v 172.220001 179.420013 173.809982
v 169.869995 179.940018 169.789978
v 171.850006 178.140015 168.559982
v 172.160004 181.050018 168.299988
v 174.720001 180.760010 166.879990
v 173.669998 183.440018 167.489990
v 172.360001 181.770020 165.449982
v 175.210007 177.920013 167.499985
v 177.380005 179.890015 167.799988
v 176.429993 179.140015 165.119980
v 176.479996 177.730011 162.539978
v 178.919998 177.880020 164.169983
v 177.889999 180.290009 162.829987
v 174.399994 175.770020 161.829987
v 175.559998 177.500015 159.749985
v 173.779999 178.640015 161.789978
v 173.809998 181.570023 162.089981
v 171.789993 179.970016 163.519989
v 171.630005 180.270020 160.599991
v 174.220001 184.470016 161.769989
v 176.270004 182.580017 160.829987
v 175.830002 182.960022 163.709991
v 173.330002 187.120010 162.689987
v 172.529999 186.140015 160.029984
v 175.330002 186.900009 160.539978
v 176.910004 187.180008 158.069992
v 178.270004 186.790009 160.649979
v 176.910004 189.340012 160.079987
v 178.149994 185.590012 155.929977
v 178.479996 188.520020 155.969986
v 175.860001 187.340012 155.319992
v 173.979996 186.090012 153.429977
v 174.949997 188.830017 152.949982
v 173.080002 188.300018 155.159988
v 173.800003 183.700012 151.729980
v 171.360001 184.870010 152.889984
v 173.300003 183.490021 154.629990
v 172.229996 184.710022 157.079987
v 174.669998 183.060013 157.199982
v 172.059998 181.800018 156.689987
v 169.770004 185.770020 155.849991
v 171.539993 187.560013 157.379990
v 169.960007 185.510010 158.779984
v 168.380005 183.220016 155.359985
v 168.889999 185.080017 153.129990
v 166.899994 185.770020 155.189987
v 169.410004 180.530014 155.949982
v 166.500000 181.000015 155.819992
v 168.080002 182.090012 158.059982
v 166.250000 184.110016 159.179977
v 168.949997 183.770020 160.319992
v 166.899994 181.690018 160.729980
v 164.119995 183.440018 157.269989
v 165.050003 186.230011 157.529984
v 163.490005 184.990021 159.699982
v 163.630005 180.740021 158.319992
v 164.149994 181.130020 155.449982
v 161.610001 182.040009 156.619980
v 165.039993 180.070023 160.819992
v 162.440002 178.830017 160.219986
v 162.589996 181.690018 160.909988
v 162.100006 184.430008 161.879990
v 160.330002 182.220016 162.719986
v 160.250000 183.200012 159.939987
v 159.710007 183.400009 157.059982
v 157.539993 183.860016 158.999985
v 158.619995 181.150009 158.599991
v 158.800003 178.210022 158.579987
v 156.210007 179.520020 159.059982
v 158.320007 179.640015 161.109985
v 160.199997 181.520020 162.359985
v 161.199997 179.050018 161.099991
v 159.679993 178.910019 163.609985
v 162.029999 177.250015 162.989990
v 159.880005 176.170013 164.679977
v 161.649994 178.290009 165.709991
v 162.869995 178.460022 168.389984
v 160.000000 179.030014 168.039978
v 162.009995 180.910019 166.989990
v 162.000000 183.370010 168.619980
v 161.300003 183.490021 165.769989
v 164.080002 182.970016 166.569992
v 160.729996 182.650009 171.179977
v 162.089996 185.240021 170.889984
v 163.660004 182.750015 170.979980
v 166.240005 183.320023 169.669983
v 165.759995 180.690018 170.899979
v 166.100006 183.060013 172.599991
v 166.110001 186.190018 169.029984
v 166.580002 184.220016 166.889984
v 168.679993 184.760010 168.889984
v 163.679993 187.430008 170.129990
v 166.110001 189.040009 169.769989
v 166.020004 186.980011 171.869980
v 166.449997 185.210022 174.179977
v 167.429993 187.990021 174.239990
v 168.729996 186.010010 172.489990
v 170.350006 184.850021 170.329987
v 171.649994 185.860016 172.769989
v 170.460007 187.740021 170.849991
v 169.539993 189.990021 169.189987
v 172.309998 189.930008 170.179977
v 170.080002 190.410019 172.049988
v 171.059998 192.120010 174.239990
v 169.970001 189.440018 174.829987
v 168.169998 191.600021 173.949982
v 173.399994 192.290009 176.009979
v 171.399994 194.450012 176.009979
v 173.179993 194.090012 173.689987
v 175.440002 190.180008 175.779984
v 176.259995 193.010010 175.899979
v 174.899994 191.960022 173.499985
v 174.940002 188.770020 173.249985
v 175.729996 187.260010 175.639984
v 177.679993 188.990021 174.289978
v 180.029999 189.210022 172.529984
v 179.820007 186.970016 174.429977
v 180.309998 189.700012 175.419983
v 182.029999 189.170013 170.369980
v 181.369995 191.700012 171.709991
v 179.410004 190.430008 169.919983
v 184.470001 188.280014 168.979980
v 181.910004 188.380020 167.529984
v 182.339996 186.340012 169.609985
v 186.990005 188.640015 167.489990
v 187.009995 187.360016 170.149979
v 186.460007 190.240021 169.909988
v 187.309998 188.250015 164.599991
v 189.529999 189.350021 166.189987
v 187.119995 190.970016 165.699982
v 187.100006 193.730011 166.719986
v 184.559998 192.340012 166.189987
v 186.270004 193.180008 163.949982
v 187.710007 196.580017 166.309982
v 189.720001 194.800018 167.519989
v 187.309998 195.540009 169.029984
v 188.039993 196.480011 171.719986
v 185.490005 195.070023 171.299988
v 185.850006 197.800018 170.249985
v 190.889999 197.130020 171.389984
v 190.089996 194.450012 172.299988
v 189.770004 196.770020 174.089981
v 190.520004 198.420013 176.409988
v 191.410004 195.610016 176.239990
v 188.570007 196.240021 176.729980
v 186.600006 198.390015 177.089981
v 187.559998 196.870010 179.419983
v 185.789993 195.580017 177.439987
v 183.759995 194.010010 175.989990
v 183.820007 196.950012 175.729980
v 182.970001 195.710022 178.259979
v 181.940002 191.720016 176.199982
v 184.830002 191.330017 176.569992
v 183.759995 191.940018 173.899979
v 179.339996 193.100021 175.979980
v 179.740005 191.030014 178.039978
v 179.570007 190.270020 175.199982
v 178.899994 195.980011 175.569992
v 176.600006 194.170013 175.889984
v 178.220001 194.060013 173.439987
v 175.949997 193.250015 171.759979
v 178.690002 193.130020 170.679977
v 177.399994 195.740021 171.159988
v 173.220001 194.170013 171.129990
v 173.770004 191.290009 171.439987
v 174.789993 192.740021 169.089981
v 172.419998 196.260010 169.219986
v 172.940002 196.950012 172.039978
v 170.550003 195.390015 171.319992
v 167.809998 196.220016 170.639984
v 168.529999 195.680008 173.439987
v 168.330002 193.460022 171.519989
v 166.029999 194.900009 168.699982
v 167.460007 197.360016 167.949982
v 165.250000 197.480011 169.889984
v 166.660004 192.040009 169.039978
v 165.089996 192.940018 166.709991
v 163.899994 193.000015 169.409988
v 161.660004 194.870010 168.979980
v 162.179993 193.780014 171.669983
v 161.119995 192.030014 169.549988
v 162.119995 194.870010 166.069992
v 162.119995 197.410019 167.569992
v 159.600006 195.940018 167.169983
v 164.679993 193.950012 164.959991
v 162.389999 194.440018 163.169983
v 162.360001 192.140015 164.999985
v 159.899994 190.670013 165.659988
v 162.520004 189.370010 165.989990
v 161.470001 189.910019 163.289978
v 158.029999 192.070023 167.449982
v 157.000000 190.200012 165.429977
v 158.139999 192.780014 164.589981
v 159.059998 192.650009 161.799988
v 158.910004 195.250015 163.179977
v 156.429993 193.830017 162.439987
v 158.080002 189.890015 161.529984
v 160.889999 190.520020 160.909988
v 158.740005 191.460022 159.129990
v 156.929993 188.130020 163.589981
v 156.570007 187.490021 160.739990
v 155.160004 189.790009 161.909988
v 153.350006 192.070023 162.329987
v 152.449997 189.740021 160.769989
v 154.479996 191.560013 159.659988
v 155.740005 190.070023 157.449982
v 156.360001 192.920013 157.849991
v 153.699997 192.120010 156.879990
v 156.919998 187.410019 157.889984
v 155.529999 188.010010 155.359985
v 153.990005 187.730011 157.859985
v 152.000000 187.360016 159.989990
v 151.750000 185.870010 157.469986
v 151.259995 188.770020 157.509979
v 150.660004 191.610016 157.019989
v 148.830002 189.530014 156.039978
v 151.470001 189.860016 154.789978
v 152.360001 187.490021 153.289978
v 153.899994 189.990021 153.139984
v 151.259995 189.810013 151.849991
v 152.539993 184.800018 154.479980
v 151.949997 185.110016 151.609985
v 149.929993 185.860016 153.619980
v 147.589996 187.380020 154.569992
v 147.220001 185.090012 152.759979
v 148.429993 187.570023 151.749985
v 149.729996 189.460022 149.899979
v 147.309998 188.020020 149.069992
v 149.850006 186.570023 149.379990
v 148.570007 183.930008 149.609985
v 151.509995 184.140015 149.509979
v 149.910004 184.700012 147.099991
v 145.759995 184.730011 149.269989
v 146.619995 183.360016 151.729980
v 146.500000 181.880020 149.189987
v 144.940002 187.530014 148.869980
v 143.339996 185.350021 147.709991
v 145.990005 185.970016 146.609985
v 148.449997 186.210022 144.999985
v 145.809998 186.380020 143.699982
v 146.759995 183.800018 144.769989
v 146.839996 181.020020 145.729980
v 146.289993 181.590012 142.889984
v 144.279999 182.230011 144.929977
v 142.789993 184.180008 143.309982
v 141.869995 183.530014 146.019989
v 141.619995 181.540009 143.869980
v 144.419998 186.470016 142.429977
v 141.699997 186.100021 141.359985
v 143.850006 184.260010 140.559982
v 145.800003 183.300018 138.579987
v 142.979996 183.640015 137.819992
v 143.759995 181.470016 139.639984
v 143.529999 179.070023 141.329987
v 142.899994 178.910019 138.459991
v 141.100006 180.370010 140.279984
v 139.240005 182.640015 140.409988
v 138.520004 180.080017 141.659988
v 138.610001 180.320023 138.729980
v 139.130005 177.520020 137.989990
v 138.929993 179.570023 135.899979
v 136.520004 178.730011 137.369980
v 139.039993 176.410019 140.719986
v 141.259995 175.710022 138.919983
v 138.559998 174.660019 138.409988
v 136.460007 177.240021 141.879990
v 138.960007 177.690018 143.369980
v 137.919998 174.960022 143.019989
v 134.669998 175.940018 139.939987
v 134.259995 178.770020 140.659988
v 133.669998 176.650009 142.619980
v 136.210007 173.820023 138.609985
v 134.320007 175.450012 137.049988
v 133.309998 173.500015 139.009979
v 130.529999 172.910019 138.269989
v 131.669998 171.770020 140.729980
v 132.570007 170.800018 138.099991
v 131.740005 168.070023 137.369980
v 134.600006 168.720016 137.639984
v 133.050003 169.790009 135.379990
v 129.350006 166.990021 138.709991
v 130.559998 165.530014 136.459991
v 129.149994 168.070023 135.979980
v 129.089996 169.560013 133.449982
v 127.360001 170.390015 135.679977
v 126.790001 167.890015 134.219986
v 129.639999 171.440018 131.239990
v 129.699997 168.530014 130.759979
v 131.820007 169.800018 132.359985
v 133.399994 172.250015 131.949982
v 132.619995 170.600021 129.639984
v 134.639999 169.620010 131.539978
v 137.139999 168.500015 130.469986
v 136.690002 171.410019 130.419983
v 135.149994 169.650009 128.639984
v 136.539993 165.790009 129.499985
v 138.110001 166.150009 131.969986
v 139.300003 166.830017 129.359985
v 135.610001 166.960022 126.969986
v 133.720001 165.540009 128.719986
v 135.779999 164.040009 127.259987
v 138.179993 168.030014 126.029984
v 135.910004 169.850021 126.459984
v 135.869995 167.950012 124.209984
v 139.889999 165.640015 125.829987
v 140.779999 167.940018 127.429985
v 140.690002 168.130020 124.489983
v 138.149994 164.380020 123.809982
v 138.740005 162.970016 126.329987
v 140.850006 163.310013 124.299988
v 135.929993 165.940018 122.669983
v 136.729996 163.380020 121.429985
v 138.490005 165.730011 121.219986
v 141.039993 167.130020 120.799988
v 139.600006 166.000015 118.499985
v 140.889999 164.210022 120.449982
v 141.880005 161.960022 122.059982
v 142.649994 162.200012 119.229988
v 139.880005 161.490021 119.949982
v 137.059998 160.860016 119.409988
v 139.199997 159.310013 118.099983
v 138.710007 162.100021 117.319984
v 139.110001 164.760010 116.099983
v 138.300003 162.480011 114.429985
v 141.020004 162.580017 115.549988
v 141.960007 159.820023 115.199982
v 143.710007 161.810013 116.459984
v 143.119995 161.980011 113.579987
v 139.809998 158.880020 113.409988
v 140.070007 157.750015 116.119987
v 142.070007 157.100021 114.059982
v 137.190002 159.550018 112.239983
v 139.229996 158.190018 110.609985
v 139.610001 161.000015 111.389984
v 140.070007 163.870010 110.929985
v 140.220001 161.980011 108.679985
v 142.309998 161.980011 110.749985
v 144.850006 162.680008 109.429985
v 144.440002 159.960022 110.469986
v 144.779999 162.210022 112.339981
v 145.479996 165.510010 108.919983
v 145.179993 163.630020 106.669983
v 147.520004 163.440018 108.449982
v 143.759995 167.870010 108.489983
v 146.169998 168.090012 110.159988
v 143.850006 166.570023 111.129982
v 141.910004 167.340012 106.259987
v 143.139999 170.000015 106.549988
v 141.089996 169.110016 108.469986
v 138.179993 169.180008 108.909988
v 139.580002 166.590012 108.689987
v 139.259995 168.300018 106.309982
v 136.449997 166.930008 108.109985
v 136.960007 169.140015 106.229988
v 135.279999 169.590012 108.609985
v 135.509995 164.990021 110.109985
v 137.399994 164.150009 108.029984
v 134.610001 164.770020 107.319984
v 134.139999 162.320023 105.749985
v 133.220001 164.930008 104.729988
v 131.889999 163.700012 107.049988
v 129.139999 164.740021 106.809982
v 130.199997 163.960022 109.449982
v 129.589996 161.900009 107.439987
v 130.360001 159.460022 108.899986
v 129.529999 159.280014 106.079987
v 127.540001 159.910019 108.159988
v 132.949997 158.530014 109.939987
v 130.440002 157.670013 111.229988
v 131.350006 160.460022 111.479988
v 130.070007 163.010010 112.219986
v 131.550003 161.470016 114.239983
v 128.970001 160.470016 113.219986
v 128.880005 157.640015 114.039986
v 126.900002 158.690018 112.129982
v 126.790001 159.510010 114.949982
v 131.300003 157.990021 115.679985
v 131.050003 155.670013 113.879982
v 129.389999 155.830017 116.309982
v 132.750000 160.540009 115.719986
v 133.050003 158.650009 117.949982
v 130.520004 160.100021 117.579987
v 128.729996 158.640015 119.409988
v 127.650002 160.760010 117.679985
v 129.399994 161.450012 119.939987
v 130.410004 156.720016 120.879982
v 128.220001 155.750015 119.169983
v 127.620003 157.150009 121.689987
v 132.199997 158.460022 122.429985
v 133.320007 156.230011 120.869987
v 131.740005 155.690018 123.299988
v 132.000000 161.360016 122.929985
v 134.440002 159.900009 123.679985
v 131.949997 159.470016 125.189987
v 129.779999 159.640015 127.169983
v 132.570007 160.050018 128.009979
v 131.649994 157.370010 127.219986
v 127.449997 158.330017 128.389984
v 127.070000 160.320023 126.259987
v 127.980003 161.180008 128.919983
v 128.509995 163.960022 128.109985
v 129.059998 163.100021 130.869980
v 126.279999 163.360016 129.939987
v 130.550003 165.100021 126.319984
v 127.720001 165.830017 125.979988
v 128.630005 163.120010 125.289986
v 126.940002 160.990021 124.149986
v 125.790001 163.640015 124.719986
v 126.540001 161.860016 126.939987
v 125.010002 158.780014 124.359985
v 125.080002 160.450012 121.939987
v 124.070000 161.570023 124.469986
v 124.290001 155.960022 124.789986
v 122.180000 157.990021 124.579987
v 123.910004 157.920013 126.949982
v 122.989998 153.350021 124.339981
v 125.309998 153.550018 126.149986
v 125.680000 153.860016 123.249985
v 121.699997 152.600021 121.809982
v 120.059998 153.140015 124.189987
v 121.720001 150.710022 124.069992
v 124.360001 152.790009 120.549988
v 122.519997 155.090012 120.479988
v 121.940002 152.690018 118.879982
v 123.190002 153.510010 116.339981
v 123.769997 154.990021 118.819984
v 121.110001 155.200012 117.569984
v 119.440002 156.780014 119.409988
v 118.440002 154.220016 118.349983
v 118.690002 156.550018 116.569984
v 117.199997 159.000015 117.239983
v 116.290001 157.280014 115.039986
v 118.750000 158.860016 114.739983
v 116.839996 159.390015 120.139984
v 116.099998 161.540009 118.259987
v 118.940002 160.880020 118.699982
v 120.879997 161.620010 116.619987
v 121.820000 160.600021 119.219986
v 120.610001 163.280014 119.029984
v 118.519997 162.560013 115.139984
v 120.080002 160.290009 114.109985
v 121.209999 163.010010 114.049988
v 118.279999 164.880020 116.939987
v 116.019997 163.030014 116.619987
v 116.779999 164.820023 114.409988
v 120.820000 166.240021 116.289986
v 120.309998 165.300018 119.029984
v 118.809998 167.600021 117.959984
v 122.989998 165.330017 114.519981
v 122.620003 168.200012 115.039986
v 120.669998 166.740021 113.389984
v 118.190002 168.280014 113.769981
v 118.260002 166.060013 111.839981
v 119.720001 168.550018 111.269981
v 121.010002 168.100021 114.579987
v 118.879997 167.780014 116.589981
v 119.389999 170.420013 115.389984
v 122.260002 170.670013 115.989983
v 120.449997 172.930008 116.509987
v 121.099998 172.170013 113.739983
v 121.309998 174.780014 112.399986
v 120.320000 172.430008 110.919983
v 123.160004 172.600021 111.679985
v 125.230003 172.260010 109.619987
v 124.620003 170.060013 111.469986
v 125.989998 172.470016 112.459984
v 126.779999 174.480011 108.449982
v 124.190002 173.710022 107.279984
v 126.519997 171.930008 106.989983
v 125.970001 169.920013 104.909988
v 128.320007 169.630020 106.659988
v 128.259995 171.750015 104.619987
v 131.000000 172.780014 104.939987
v 129.050003 174.260010 103.299988
v 130.130005 171.690018 102.349983
v 132.220001 172.539993 100.459984
v 129.490005 172.020004 99.491982
v 131.190002 169.779999 100.369987
v 132.279999 167.339996 99.139984
v 129.460007 168.070007 98.714981
v 130.360001 167.140015 101.359985
v 131.460007 167.430008 104.069984
v 131.559998 164.820023 102.719986
v 128.979996 165.900009 103.649986
v 134.350006 168.010010 104.159988
v 133.229996 165.850021 105.819984
v 132.649994 168.660019 106.469986
v 133.460007 170.180008 108.859985
v 130.880005 168.760010 108.819984
v 131.259995 171.160019 107.159988
v 134.470001 170.770020 111.559982
v 134.460007 172.880020 109.499985
v 136.339996 170.620010 109.279984
v 136.250000 169.720016 113.659988
v 133.369995 169.150009 113.759987
v 134.350006 171.880020 114.279984
v 132.139999 173.780014 114.649986
v 134.929993 174.720016 114.789986
v 133.830002 173.030014 116.939987
v 130.169998 173.680008 112.469986
v 129.320007 174.430008 115.179985
v 130.100006 171.660019 114.599983
v 130.929993 168.830017 114.629982
v 128.380005 169.630020 115.859985
v 130.929993 170.390015 117.129982
v 133.070007 171.510010 118.809982
v 130.940002 169.880020 120.029984
v 130.330002 172.570023 119.009987
v 129.080002 175.090012 118.139984
v 128.669998 174.120010 120.879982
v 127.410004 172.720016 118.619987
v 126.750000 170.020020 119.589981
v 125.889999 170.870010 116.909988
v 124.629997 172.040009 119.299988
v 128.500000 167.810013 120.439987
v 125.820000 168.100021 121.619987
v 127.940002 170.030014 122.289986
v 126.190002 172.220016 123.179985
v 129.100006 172.420013 123.559982
v 127.529999 170.510010 125.159988
v 123.550003 170.910019 123.039986
v 124.059998 173.360016 121.489983
v 123.839996 173.490021 124.429985
v 123.709999 169.350021 125.539986
v 123.910004 167.990021 122.929985
v 121.339996 169.120010 123.799988
v 125.570000 169.430008 127.809982
v 122.669998 169.490021 128.289978
v 124.010002 171.820023 127.109985
v 124.830002 174.550018 126.359985
v 123.709999 174.030014 129.029984
v 121.970001 173.900009 126.649986
v 119.480003 173.310013 128.089981
v 120.370003 171.550018 125.909988
v 119.379997 174.250015 125.309982
v 119.940002 174.040009 122.419983
v 119.440002 176.680008 123.629982
v 117.230003 174.740021 123.349983
v 115.059998 176.720016 123.539986
v 114.470001 173.850021 123.829987
v 115.230003 174.940018 121.199982
v 112.709999 173.900009 120.099983
v 115.260002 173.230011 118.809982
v 114.209999 175.970016 118.639984
v 113.489998 178.410019 117.159988
v 114.059998 175.920013 115.699982
v 116.239998 177.370010 117.029984
v 116.120003 179.540009 117.839981
v 114.349998 178.540009 119.969986
v 113.669998 181.010010 118.529984
v 114.139999 180.110016 121.289986
v 115.239998 182.680008 120.369987
v 116.360001 180.150009 119.359985
v 117.970001 180.980011 117.029984
v 117.400002 178.130020 117.489983
v 119.239998 179.560013 119.279984
v 117.180000 182.760010 114.819984
v 119.959999 182.750015 115.789986
v 117.830002 183.890015 117.469986
v 116.349998 184.820023 119.839981
v 118.580002 186.420013 118.769981
v 119.120003 183.850021 120.109985
v 120.389999 181.450012 121.239983
v 121.500000 184.110016 121.819984
v 121.750000 182.970016 119.119987
v 122.769997 185.030014 117.279984
v 122.190002 182.310013 116.289986
v 124.489998 182.770020 118.069984
v 121.680000 187.570023 116.269981
v 124.589996 187.250015 116.629982
v 122.830002 187.430008 118.979988
v 124.599998 186.240021 121.019981
v 121.900002 187.140015 121.759987
v 123.980003 189.120010 121.099983
v 126.879997 186.250015 119.149986
v 126.010002 183.730011 120.409988
v 127.330002 185.810013 122.029984
v 126.599998 187.480011 116.489983
v 129.229996 187.400009 117.809982
v 127.110001 189.170013 118.849983
v 125.440002 191.130020 120.259987
v 128.229996 191.790009 119.579987
v 127.650002 189.800018 121.669983
v 127.570000 187.920013 123.939987
v 129.169998 190.380020 124.119987
v 130.020004 188.200012 122.339981
v 131.910004 189.210022 120.319984
v 131.380005 186.320023 120.519981
v 132.910004 187.690018 122.629982
v 131.850006 192.070023 121.009987
v 131.250000 191.210022 118.259987
v 134.000000 191.010010 119.289986
v 130.369995 192.840012 123.429985
v 132.750000 194.370010 122.619987
v 133.039993 191.630020 123.659988
v 134.009995 188.980011 124.489983
v 135.460007 191.400009 125.329987
v 135.529999 190.540009 122.509987
v 136.039993 190.180008 119.639984
v 138.059998 189.340012 121.609985
v 137.539993 192.200012 121.159988
v 139.850006 193.720016 122.189987
v 137.800003 195.080017 120.569984
v 139.630005 193.150009 119.309982
v 140.199997 191.210022 117.169983
v 141.210007 193.970016 116.959984
v 138.330002 193.430008 116.689987
v 137.800003 193.920013 113.839981
v 136.949997 195.900009 115.849983
v 135.570007 193.300018 115.659988
v 138.559998 191.380020 112.549988
v 140.320007 193.730011 112.339981
v 137.759995 193.690018 110.899986
v 137.039993 189.100021 111.479988
v 139.500000 188.630020 113.029984
v 139.660004 189.790009 110.329987
v 135.639999 186.750015 110.389984
v 134.660004 189.460022 109.779984
v 134.380005 188.370010 112.499985
v 135.639999 184.410019 112.169983
v 137.509995 184.530014 109.899986
v 134.630005 184.170013 109.409988
v 135.580002 185.250015 114.989983
v 134.259995 182.750015 114.169983
v 133.119995 185.340012 113.369987
v 131.449997 187.410019 112.099983
v 130.190002 185.070023 113.359985
v 131.710007 184.760010 110.849983
v 132.399994 181.900009 111.079987
v 133.110001 183.400009 108.649986
v 130.289993 182.770020 109.209984
v 130.789993 181.340012 113.479988
v 133.710007 180.930008 113.529984
v 131.990005 179.120010 111.959984
v 128.300003 181.820023 111.979988
v 128.800003 183.250015 114.509987
v 128.229996 180.360016 114.539986
v 128.570007 182.130020 109.069984
v 126.160004 180.880020 110.199982
v 128.729996 179.460022 110.279984
v 131.050003 177.680008 110.619987
v 128.449997 176.560013 109.809982
v 128.830002 177.580017 112.549988
v 129.199997 177.810013 115.459984
v 127.750000 175.510010 114.339981
v 126.519997 178.180008 114.279984
v 124.580002 176.190018 113.319984
v 126.639999 177.230011 111.499985
v 124.440002 178.970016 112.359985
v 124.550003 177.620010 109.749985
v 124.050003 180.510010 109.879982
v 121.980003 178.620010 110.779984
vn 0.1487 0.8017 0.5790
vn 0.5356 0.0915 -0.8395
vn -0.9706 -0.0702 -0.2303
vn 0.2859 -0.8235 0.4900
vn -0.3731 -0.7560 -0.5378
vn 0.0236 0.8293 -0.5584
vn 0.9275 -0.2279 0.2963
vn -0.5789 0.1526 0.8010
vn -0.5742 0.6417 0.5084
vn 0.8486 0.4533 -0.2730
vn -0.4899 -0.3107 -0.8145
vn 0.2147 -0.7863 0.5794
vn 0.0144 0.4769 0.8788
vn 0.8774 -0.4557 -0.1497
vn -0.1611 0.6612 -0.7327
vn -0.7305 -0.6829 0.0005
vn -0.4839 -0.8448 -0.2283
vn 0.6047 0.2542 -0.7548
vn 0.5445 -0.1424 0.8266
vn -0.6635 0.7317 0.1561
vn 0.5363 0.7288 0.4257
vn 0.5998 -0.5810 -0.5501
vn -0.7008 0.4063 -0.5863
vn -0.4371 -0.5522 0.7100
vn -0.3852 -0.8969 -0.2171
vn 0.0670 0.5465 -0.8348
vn 0.9107 -0.1143 0.3969
vn -0.5941 0.4652 0.6562
vn 0.7557 0.6516 -0.0657
vn 0.1452 -0.7437 -0.6526
vn -0.8611 0.4637 -0.2087
vn -0.0393 -0.3728 0.9271
vn 0.7001 -0.6907 0.1810
vn -0.8829 -0.4507 -0.1322
vn 0.2413 0.5117 -0.8246
vn -0.0597 0.6297 0.7746
vn -0.4185 -0.5202 -0.7445
vn 0.3531 -0.6325 0.6894
vn -0.6841 0.5993 0.4157
vn 0.7521 0.5527 -0.3588
vn -0.5283 -0.6368 0.5616
vn 0.3978 -0.4912 -0.7749
vn 0.7315 0.4027 0.5503
vn -0.6002 0.7250 -0.3377
vn 0.4034 -0.8988 0.1715
vn -0.9600 -0.1104 -0.2572
vn 0.4941 0.4538 -0.7416
vn 0.0612 0.5556 0.8292
vn -0.2300 -0.6311 -0.7408
vn -0.0447 -0.4850 0.8734
vn -0.6486 0.7611 0.0078
vn 0.9253 0.3527 -0.1392
vn -0.7942 -0.5800 0.1811
vn 0.7657 -0.5670 -0.3038
vn 0.2555 0.4848 0.8364
vn -0.2260 0.6618 -0.7148
vn 0.1161 -0.9090 0.4002
vn -0.5796 -0.0674 -0.8121
vn 0.8930 0.3691 -0.2576
vn -0.4294 0.6072 0.6685
vn 0.0520 -0.9093 -0.4128
vn -0.8474 0.0809 0.5248
vn 0.0132 0.6927 -0.7211
vn 0.7832 0.1361 0.6067
vn -0.7877 -0.2486 -0.5637
vn 0.2233 -0.7593 0.6113
vn -0.2218 0.8118 0.5402
vn 0.7857 0.1951 -0.5871
vn -0.7876 -0.6097 0.0890
vn 0.6911 -0.4316 -0.5797
vn 0.3858 0.1765 0.9055
vn -0.2899 0.8624 -0.4150
vn 0.9209 0.1396 0.3638
vn -0.1550 -0.9751 -0.1585
vn -0.0952 0.4972 -0.8624
vn -0.6727 0.3403 0.6571
vn -0.4204 -0.2628 0.8684
vn -0.6759 -0.0726 -0.7334
vn 0.7695 -0.6078 -0.1961
vn 0.3273 0.9429 0.0621
vn -0.4187 -0.7883 0.4509
vn -0.6503 0.7595 -0.0170
vn 0.2517 -0.2449 -0.9363
vn 0.8200 0.2721 0.5035
vn -0.4622 0.3373 -0.8201
vn -0.6657 -0.4481 0.5966
vn 0.4183 0.7673 0.4861
vn 0.7089 -0.6553 -0.2610
vn -0.9305 0.3036 0.2047
vn -0.0059 -0.5571 -0.8304
vn 0.3455 -0.5474 0.7622
vn 0.5877 0.7975 -0.1361
vn -0.7936 -0.6082 -0.0190
vn -0.1467 0.7634 -0.6291
vn 0.8139 -0.5091 -0.2799
vn 0.1251 0.3504 0.9282
vn -0.4723 -0.2412 -0.8478
vn -0.6605 0.3610 0.6584
vn 0.6943 0.6937 -0.1919
vn 0.4395 -0.8129 0.3821
vn -0.7652 0.4501 -0.4603
vn -0.2434 -0.9472 0.2087
vn 0.2061 0.4865 0.8490
vn 0.8026 0.0131 -0.5964
vn -0.9135 -0.1144 0.3904
vn -0.0455 -0.1108 -0.9928
vn 0.6155 -0.6873 0.3856
vn 0.3460 0.9128 0.2168
vn -0.6751 -0.6887 -0.2645
vn -0.4032 0.9110 -0.0869
vn 0.7989 -0.0672 -0.5977
vn 0.2792 -0.1555 0.9476
vn -0.5927 0.0060 -0.8054
vn -0.5545 -0.1297 0.8220
vn 0.4877 0.8708 0.0626
vn 0.6585 -0.7483 -0.0796
vn -0.8240 0.5545 -0.1166
vn -0.1867 -0.9431 -0.2752
vn 0.2789 0.0182 0.9602
vn 0.7338 0.3703 -0.5695
vn -0.8487 -0.4447 0.2864
vn -0.1264 0.4089 -0.9038
vn 0.7334 -0.6787 -0.0394
vn 0.2406 0.7120 0.6597
vn -0.5048 -0.5115 -0.6954
vn -0.6321 0.5827 0.5108
vn 0.6939 0.5706 -0.4392
vn 0.4419 -0.6408 0.6278
vn -0.6966 0.4832 -0.5302
vn -0.3875 -0.8468 0.3643
vn 0.3061 0.5777 0.7566
vn 0.7776 -0.2175 -0.5899
vn -0.9195 0.0245 0.3924
vn -0.0516 -0.3128 -0.9484
vn 0.5734 -0.6286 0.5255
vn 0.3978 0.9170 0.0290
vn -0.8087 -0.5477 -0.2148
vn -0.1762 0.9584 -0.2245
vn 0.7784 -0.3314 -0.5331
vn 0.2086 -0.0806 0.9747
vn -0.4422 0.0988 -0.8915
vn -0.6905 0.0529 0.7214
vn 0.6698 0.7326 0.1212
vn 0.4629 -0.8850 0.0503
vn -0.7965 0.5291 -0.2926
vn -0.1551 -0.9695 -0.1895
vn 0.1432 0.1300 0.9811
vn 0.8099 0.3099 -0.4981
vn -0.8660 -0.2881 0.4088
vn -0.1385 0.1981 -0.9704
vn 0.6739 -0.7326 0.0956
vn 0.3300 0.8220 0.4641
vn -0.6885 -0.6251 -0.3677
vn -0.4241 0.8859 0.1878
vn 0.7359 0.1199 -0.6664
vn 0.3762 -0.3778 0.8460
vn 0.1500 0.7521 -0.6417
vn -0.9370 -0.3355 -0.0976
vn 0.1415 0.3244 0.9353
vn 0.6448 -0.7389 -0.1958
vn -0.0542 -0.8528 0.5195
vn -0.7112 0.6280 0.3160
vn -0.1318 -0.1899 -0.9729
vn 0.8974 0.4187 0.1390
vn 0.4949 0.8564 0.1469
vn -0.8502 0.1871 -0.4920
vn -0.2128 -0.4201 0.8822
vn 0.5689 -0.6226 -0.5374
vn -0.3147 -0.7973 -0.5151
vn -0.7647 0.3875 0.5148
vn 0.3586 0.6845 -0.6348
vn 0.7230 -0.2744 0.6340
vn 0.0159 -0.1781 0.9839
vn -0.3345 0.9278 -0.1654
vn -0.6036 -0.6572 -0.4513
vn 0.9254 -0.0897 -0.3682
vn -0.0105 0.2237 0.9746
vn 0.5723 0.6596 -0.4872
vn -0.9325 0.0391 -0.3591
vn 0.3725 -0.9193 -0.1269
vn 0.6523 -0.2058 0.7295
vn 0.3933 -0.2669 -0.8798
vn -0.1977 0.9802 -0.0051
vn -0.8458 -0.5102 0.1559
vn -0.2100 0.6887 -0.6940
vn 0.9689 -0.2413 -0.0553
vn -0.5565 -0.8153 -0.1603
vn -0.2004 0.3676 0.9081
vn 0.3184 -0.5625 0.7630
vn 0.1603 -0.4840 -0.8603
vn 0.5000 0.8660 -0.0081
vn -0.9777 0.1819 0.1055
vn -0.7282 -0.0306 -0.6847
vn 0.8720 0.1910 -0.4506
vn 0.0507 -0.8814 0.4697
vn -0.1939 0.7229 0.6632
vn 0.2555 0.9592 0.1210
vn 0.7335 -0.5841 0.3475
vn -0.1468 -0.1880 -0.9711
vn -0.8427 -0.1855 0.5054
vn 0.8093 0.5369 -0.2383
vn -0.0927 -0.0417 0.9948
vn 0.0952 -0.9263 -0.3645
vn -0.8136 0.4287 -0.3929
vn 0.5571 -0.1458 0.8175
vn 0.0013 0.9709 -0.2395
vn -0.9381 -0.2950 0.1817
vn 0.3783 -0.5295 -0.7593
vn -0.0408 0.7073 0.7057
vn 0.9449 -0.1093 -0.3086
vn -0.5724 0.2668 -0.7753
vn -0.3302 -0.8657 0.3763
vn -0.4888 0.2765 0.8274
vn 0.5222 -0.8327 0.1843
vn 0.6252 0.7296 -0.2771
vn -0.6568 -0.1719 -0.7342
vn 0.9750 0.0293 0.2205
vn -0.4758 0.7091 0.5204
vn -0.3710 -0.8977 0.2379
vn -0.1259 0.1607 -0.9790
vn 0.1243 0.0416 0.9914
vn 0.6927 0.5678 -0.4448
vn -0.9106 0.3385 -0.2370
vn 0.0972 -0.9466 -0.3074
vn 0.2779 0.7881 0.5493
vn 0.6480 -0.7491 0.1376
vn -0.0114 0.2555 -0.9667
vn -0.9129 -0.2959 0.2813
vn 0.9529 0.2575 -0.1604
vn -0.1948 0.0484 0.9796
vn -0.1542 -0.9324 -0.3270
vn -0.6038 0.6280 -0.4909
vn 0.5314 -0.5212 0.6678
vn 0.3853 0.9191 -0.0828
vn -0.9509 0.0599 0.3037
vn 0.0373 -0.4587 -0.8878
vn 0.2568 0.4517 0.8544
vn 0.8045 -0.4327 -0.4068
vn -0.3683 0.6760 -0.6383
vn -0.6933 -0.6948 0.1912
vn 0.8865 0.4592 0.0572
vn -0.1357 -0.5673 0.8123
vn -0.0250 -0.5759 -0.8172
vn -0.7276 0.6839 -0.0541
vn 0.9063 -0.2185 0.3617
vn -0.3991 0.7520 0.5247
vn -0.5874 -0.8060 0.0731
vn 0.0777 0.2704 -0.9596
vn -0.0196 -0.0481 0.9986
vn 0.8457 0.4438 -0.2964
vn -0.7837 0.5295 -0.3247
vn -0.0439 -0.9245 -0.3786
vn 0.2672 0.6021 0.7524
vn 0.6079 -0.7937 -0.0212
vn 0.0666 0.4970 -0.8652
vn -0.9428 -0.3058 0.1329
vn 0.9524 0.2807 0.1191
vn -0.3555 -0.3502 0.8666
vn -0.0523 -0.7189 -0.6932
vn -0.5440 0.7863 -0.2929
vn 0.6799 -0.4338 0.5913
vn -0.0252 0.9815 0.1900
vn -0.9008 -0.3961 0.1780
vn 0.2449 -0.1516 -0.9576
vn 0.1638 0.2242 0.9607
vn 0.8607 0.0593 -0.5057
vn -0.6568 0.6480 -0.3857
vn -0.3647 -0.9286 -0.0683
vn 0.5519 0.7805 0.2936
vn 0.3254 -0.8305 0.4521
vn 0.0820 -0.1106 -0.9905
vn -0.9564 0.1597 0.2444
vn 0.9711 -0.1698 0.1680
vn -0.4134 0.3931 0.8214
vn -0.4570 -0.8607 -0.2243
vn -0.1000 0.6381 -0.7634
vn 0.4653 -0.4330 0.7720
vn 0.2509 0.9670 -0.0433
vn -0.9893 -0.0837 0.1197
vn 0.2704 -0.4510 -0.8506
vn 0.0344 0.4812 0.8759
vn 0.9185 -0.3169 -0.2365
vn -0.3353 0.6211 -0.7084
vn -0.6159 -0.7845 0.0714
vn 0.7749 0.5786 0.2544
vn -0.1933 -0.6407 0.7431
vn 0.2208 -0.5085 -0.8322
vn -0.8029 0.5730 -0.1642
vn 0.8045 -0.4087 0.4310
vn -0.2648 0.8229 0.5027
vn -0.7544 -0.6564 0.0101
vn 0.2181 0.2407 -0.9458
vn 0.0946 -0.0113 0.9955
vn 0.8162 0.4096 -0.4075
vn -0.8052 0.5365 -0.2526
vn -0.1059 -0.9360 -0.3356
vn 0.3834 0.7390 0.5540
vn 0.5160 -0.8412 0.1616
vn 0.0583 0.2459 -0.9675
vn -0.9571 -0.1433 0.2517
vn 0.9992 -0.0184 -0.0366
vn -0.2958 0.0407 0.9544
vn -0.3636 -0.8269 -0.4291
vn -0.3387 0.8046 -0.4878
vn 0.8271 0.3937 0.4011
vn -0.7594 0.6428 0.1009
vn -0.2229 -0.8555 0.4675
vn 0.1554 -0.1781 -0.9717
vn 0.4990 -0.1930 0.8448
vn -0.6367 0.7548 0.1581
vn -0.5081 -0.8143 -0.2807
vn 0.6482 0.2517 -0.7187
vn -0.7725 -0.3961 -0.4964
vn 0.1784 -0.5412 0.8218
vn -0.2159 0.9415 0.2589
vn 0.8103 -0.0031 -0.5860
vn -0.6920 -0.2380 0.6816
vn 0.0583 -0.7292 -0.6818
vn 0.8876 0.1113 0.4469
vn -0.2535 0.8568 -0.4491
vn 0.2781 -0.9350 0.2200
vn -0.9981 0.0585 -0.0172
vn 0.3628 0.2520 -0.8972
vn 0.3545 0.6259 0.6946
vn -0.5332 -0.5743 -0.6211
vn 0.3408 -0.5572 0.7572
vn -0.5801 0.7321 0.3570
vn 0.7730 0.4003 -0.4922
vn -0.4818 0.0126 0.8762
vn -0.1497 -0.8795 -0.4517
vn 0.9787 0.1335 0.1558
vn -0.3492 0.7342 -0.5823
vn 0.2069 -0.7571 0.6197
vn -0.9907 0.1198 -0.0643
vn 0.3682 -0.2029 -0.9073
vn 0.4153 0.8399 0.3494
vn -0.3737 0.9180 -0.1331
vn -0.2628 -0.5803 -0.7708
vn -0.3625 -0.3866 0.8480
vn 0.9972 0.0501 0.0555
vn -0.9232 0.0364 -0.3827
vn 0.5961 0.6259 -0.5030
vn 0.3544 -0.9317 -0.0791
vn -0.0301 0.2684 0.9628
vn -0.2845 0.1013 -0.9533
vn -0.5008 0.6507 0.5707
vn 0.9808 0.1804 0.0744
vn -0.1927 -0.9313 0.3091
vn 0.1021 0.9604 -0.2594
vn -0.8454 -0.3628 -0.3921
vn -0.0347 -0.0756 0.9965
vn 0.7783 -0.5244 -0.3455
vn -0.7742 0.6274 -0.0837
vn 0.5668 0.0629 -0.8215
vn -0.3370 -0.9357 0.1043
vn 0.5446 0.2472 0.8014
vn -0.2033 -0.4183 -0.8853
vn -0.0446 0.9955 -0.0841
vn 0.9168 -0.2686 0.2954
vn -0.6718 -0.3090 0.6732
vn -0.0547 0.3780 -0.9242
vn -0.9146 -0.0226 0.4037
vn 0.5947 0.5735 0.5634
vn 0.3712 -0.9276 -0.0411
vn -0.5153 0.8562 0.0376
vn -0.3197 -0.5496 -0.7718
vn -0.1387 -0.5093 0.8493
vn 0.9730 0.2006 -0.1144
vn -0.9795 0.0304 -0.1989
vn 0.4807 0.6398 -0.5997
vn 0.3395 -0.9274 -0.1570
vn 0.1578 0.2565 0.9536
vn -0.3698 0.0674 -0.9267
vn -0.2967 0.7896 0.5370
vn 0.9990 -0.0178 -0.0404
vn -0.3327 -0.8394 0.4297
vn 0.1322 0.8434 -0.5207
vn -0.9671 -0.2535 -0.0221
vn 0.2875 0.1416 0.9473
vn 0.5459 -0.7331 -0.4057
vn -0.6335 0.7654 0.1132
vn 0.2069 -0.1239 -0.9705
vn -0.4203 -0.8336 0.3585
vn 0.8454 0.1889 0.4996
vn -0.8646 0.1083 -0.4907
vn 0.5664 0.8121 -0.1403
vn 0.4820 -0.8052 -0.3453
vn -0.1842 -0.1175 0.9758
vn 0.0553 0.4164 -0.9075
vn -0.7610 0.4066 0.5055
vn 0.8543 0.1626 0.4937
vn -0.1462 -0.9850 -0.0920
vn -0.2069 0.9631 -0.1722
vn -0.5289 -0.5730 -0.6261
vn -0.2394 -0.2292 0.9435
vn 0.9759 -0.1607 -0.1476
vn -0.9669 0.2225 -0.1248
vn 0.5343 0.4143 -0.7368
vn 0.1172 -0.9929 -0.0179
vn 0.3150 0.3582 0.8789
vn -0.4309 -0.0245 -0.9021
vn -0.2234 0.8632 0.4527
vn 0.9916 -0.0772 -0.1035
vn -0.3373 -0.7607 0.5545
vn 0.2863 -0.0736 0.9553
vn -0.7297 0.6798 -0.0733
vn -0.3335 -0.8872 -0.3188
vn 0.7771 0.2815 -0.5629
vn -0.6696 0.7377 -0.0861
vn 0.1105 -0.4518 -0.8852
vn -0.3195 -0.6630 0.6771
vn 0.8776 0.3781 0.2947
vn -0.7888 -0.3050 -0.5336
vn 0.2431 0.9330 -0.2652
vn 0.7743 -0.6085 -0.1734
vn -0.2281 -0.0193 0.9734
vn -0.1951 0.1584 -0.9679
vn -0.7598 0.3384 0.5551
vn 0.8376 0.4839 0.2535
vn 0.1184 -0.9796 0.1621
vn -0.2921 0.9480 -0.1265
vn -0.5524 -0.5994 -0.5793
vn -0.1202 -0.2581 0.9586
vn 0.9637 -0.0893 -0.2517
vn -0.9834 0.1794 -0.0257
vn 0.4370 0.4249 -0.7927
vn 0.1596 -0.9870 -0.0185
vn 0.3884 0.3850 0.8372
vn -0.6499 -0.0982 -0.7537
vn 0.0769 0.9658 0.2474
vn 0.8940 -0.3441 -0.2870
vn -0.3228 -0.5222 0.7894
vn 0.9125 0.2794 -0.2989
vn -0.0544 -0.9985 0.0108
vn -0.6844 0.3653 -0.6311
vn -0.1741 0.3503 0.9203
vn 0.7627 -0.4651 -0.4495
vn 0.1526 0.0118 0.9882
vn -0.8511 -0.4854 -0.2003
vn -0.0654 0.9384 -0.3394
vn -0.1207 -0.9094 0.3981
vn 0.9731 0.1678 -0.1580
vn -0.3591 0.6912 0.6272
vn -0.4941 0.0498 -0.8680
vn 0.5805 -0.4757 0.6609
vn -0.0779 -0.5481 -0.8328
vn 0.4067 0.8863 -0.2213
vn -0.9093 0.1389 0.3922
vn 0.7901 -0.2201 -0.5721
vn -0.1692 -0.7517 0.6375
vn -0.8048 0.1307 -0.5790
vn 0.1849 0.8399 0.5104
vn 0.1824 -0.9216 -0.3426
vn 0.7907 0.3266 0.5178
vn -0.8037 -0.0204 0.5947
vn -0.1702 0.6136 -0.7711
vn 0.2294 -0.6860 0.6905
vn 0.5935 -0.1130 -0.7969
vn 0.1276 0.9144 0.3843
vn -0.9528 -0.1164 -0.2804
vn 0.9789 0.0087 0.2043
vn -0.3385 -0.9399 0.0440
vn -0.1539 0.3676 -0.9171
vn -0.4870 0.5609 0.6695
vn 0.3594 -0.7649 -0.5346
vn 0.4881 0.0585 0.8708
vn -0.9739 -0.1430 0.1760
vn 0.1273 0.8508 -0.5098
vn 0.0791 -0.8257 0.5586
vn 0.8496 0.1436 -0.5075
vn -0.1686 0.7880 0.5921
vn -0.7596 -0.1020 -0.6424
vn 0.7393 0.3736 0.5603
vn 0.1880 -0.9617 -0.1997
vn -0.0607 0.5146 -0.8553
vn -0.8662 0.0728 0.4943
vn 0.9575 -0.1235 -0.2607
vn -0.0908 -0.0953 0.9913
vn -0.5600 -0.6937 -0.4530
vn -0.3069 0.9106 -0.2768
vn 0.3157 -0.8575 0.4062
vn 0.7775 0.6173 -0.1199
vn -0.6758 0.4240 0.6030
vn -0.4154 -0.1851 -0.8906
vn 0.6751 0.1458 0.7232
vn 0.2703 -0.7845 -0.5581
vn -0.0537 0.8172 -0.5738
vn -0.8936 -0.1788 0.4117
vn 0.9487 -0.0870 -0.3040
vn -0.1354 -0.5396 0.8310
vn -0.6117 -0.3318 -0.7181
vn -0.2046 0.9602 0.1904
vn 0.4632 -0.8800 0.1050
vn 0.5765 0.7236 0.3796
vn -0.8738 -0.0188 0.4859
vn -0.1654 0.1759 -0.9704
vn 0.4572 -0.3641 0.8114
vn 0.6641 0.0882 -0.7424
vn -0.3883 0.8978 0.2077
vn -0.7322 -0.6227 -0.2759
vn 0.2168 -0.3815 0.8986
vn -0.1229 -0.7437 -0.6571
vn 0.7484 0.5914 -0.3003
vn -0.8425 0.5354 0.0593
vn 0.8485 -0.0620 -0.5255
vn 0.1534 -0.3553 0.9221
vn -0.7133 -0.5394 -0.4474
vn -0.2867 0.9565 0.0531
vn -0.4436 0.5709 0.6909
vn -0.2210 -0.9602 0.1706
vn 0.9907 0.1274 0.0475
vn -0.3271 0.2618 -0.9080
vn 0.3548 0.1500 0.9228
vn -0.9995 -0.0165 0.0263
vn 0.3405 -0.8735 -0.3478
vn 0.3028 0.7407 -0.5997
vn -0.5538 -0.6436 0.5283
vn 0.1723 0.8191 0.5471
vn -0.4911 0.2513 -0.8340
vn 0.8716 -0.4264 -0.2419
vn -0.7106 0.5079 0.4868
vn 0.2817 -0.7865 0.5496
vn 0.7867 0.5971 -0.1570
vn -0.3569 -0.3195 -0.8778
vn 0.1040 0.1026 0.9893
vn -0.9315 -0.3007 -0.2045
vn 0.6542 -0.6786 -0.3339
vn 0.1702 0.8777 -0.4480
vn -0.3036 -0.6854 0.6618
vn -0.4956 0.8552 0.1515
vn -0.1790 -0.3304 -0.9267
vn 0.9801 0.1620 0.1151
vn -0.9118 -0.2226 0.3450
vn 0.5812 0.2895 0.7605
vn -0.0658 0.7390 -0.6705
vn 0.3976 -0.8076 -0.4355
vn -0.4111 0.5880 0.6966
vn -0.1227 -0.9592 0.2546
vn 0.9766 0.2030 -0.0706
vn -0.4409 0.1711 -0.8811
vn 0.0916 -0.1348 0.9866
vn -0.9695 0.0300 -0.2432
vn 0.4424 -0.7558 -0.4828
vn 0.4373 0.8609 -0.2599
vn -0.5261 -0.7729 0.3547
vn -0.2043 0.8174 0.5386
vn -0.2437 0.1598 -0.9566
vn 0.9768 -0.2051 0.0609
vn -0.9605 0.0229 0.2773
vn 0.5468 -0.4129 0.7284
vn 0.3218 0.9309 -0.1728
vn 0.0907 -0.5433 -0.8346
vn -0.1382 0.4224 0.8958
vn -0.5642 -0.8226 -0.0704
vn 0.9630 -0.2476 -0.1068
vn -0.2575 0.6483 -0.7165
vn 0.0213 -0.6258 0.7797
vn -0.7186 0.6816 0.1377
vn -0.1871 -0.5163 -0.8357
vn 0.8848 0.4590 -0.0807
vn -0.9153 -0.4002 0.0443
vn 0.2720 0.3048 0.9128
vn -0.0067 0.7819 -0.6234
vn 0.6476 -0.6858 -0.3321
vn -0.5851 0.6752 0.4492
vn -0.2152 -0.9112 0.3512
vn 0.9589 0.2120 0.1885
vn -0.1588 0.0248 -0.9870
vn -0.2883 0.2324 0.9289
vn -0.8068 -0.1401 -0.5739
vn 0.5448 -0.8384 0.0183
vn 0.5476 0.7480 -0.3749
vn -0.6514 -0.7067 0.2762
vn -0.3490 0.8956 0.2759
vn 0.1183 -0.0190 -0.9928
vn 0.8812 -0.1687 0.4416
vn -0.6268 0.4282 -0.6509
vn -0.5061 -0.2725 0.8183
vn 0.7158 0.6510 0.2526
vn 0.4166 -0.8058 -0.4208
vn -0.7383 0.6360 0.2244
vn -0.3637 -0.7565 -0.5435
vn 0.3998 -0.3574 0.8441
vn 0.7040 0.4771 -0.5260
vn -0.8815 -0.3439 0.3236
vn -0.1482 0.6467 -0.7482
vn 0.5568 -0.7647 -0.3244
vn 0.4741 0.4614 0.7499
vn -0.7851 -0.2470 -0.5680
vn -0.2659 0.7148 0.6468
vn 0.7396 0.3386 -0.5816
vn 0.3130 -0.8054 0.5033
vn -0.5857 0.6972 -0.4134
vn -0.5691 -0.6683 0.4790
vn 0.6260 0.4312 0.6498
vn 0.5280 -0.4592 -0.7143
vn -0.7700 0.4245 0.4764
vn -0.2907 -0.2934 -0.9107
vn 0.3170 -0.7940 0.5187
vn 0.7439 0.6627 -0.0860
vn -0.9342 -0.3567 -0.0063
vn -0.0148 0.9762 -0.2164
vn 0.5455 -0.4855 -0.6832
vn 0.4022 -0.1348 0.9056
vn -0.6519 0.3338 -0.6809
vn -0.4290 0.0182 0.9031
vn 0.8108 0.5854 0.0033
vn 0.2693 -0.9368 -0.2236
vn -0.6990 0.7151 0.0058
vn -0.4147 -0.8698 -0.2673
vn 0.3966 -0.0893 0.9136
vn 0.7176 0.2429 -0.6527
vn -0.7931 -0.3051 0.5271
vn -0.3087 0.4302 -0.8483
vn 0.5791 -0.7863 -0.2154
vn 0.5240 0.6619 0.5361
vn -0.8323 -0.3756 -0.4078
vn -0.2268 0.8268 0.5147
vn 0.6538 0.2219 -0.7234
vn 0.4058 -0.6761 0.6150
vn -0.6512 0.5483 -0.5248
vn -0.4763 -0.4675 0.7447
vn 0.7061 0.5991 0.3775
vn 0.4221 -0.6801 -0.5995
vn -0.7303 0.5093 0.4552
vn -0.3866 -0.5447 -0.7442
vn 0.4460 -0.6047 0.6599
vn 0.6723 0.6408 -0.3707
vn -0.9516 -0.1768 0.2516
vn 0.0374 0.7679 -0.6395
vn 0.3861 -0.8154 -0.4314
vn 0.5288 0.2260 0.8181
vn -0.6339 -0.0950 -0.7676
vn -0.4495 0.4897 0.7470
vn 0.8059 0.5105 -0.2997
vn 0.2759 -0.9068 0.3189
vn -0.6210 0.6932 -0.3659
vn -0.5302 -0.7845 0.3217
vn 0.5215 0.3865 0.7607
vn 0.6291 -0.2941 -0.7195
vn -0.8692 0.2094 0.4478
vn -0.1676 -0.2465 -0.9545
vn 0.4415 -0.7640 0.4705
vn 0.5971 0.8014 0.0344
vn -0.2015 0.6589 0.7247
vn 0.3429 0.4861 -0.8038
vn -0.8323 -0.4984 -0.2426
vn 0.6932 -0.6452 0.3211
vn -0.4515 0.2703 -0.8503
vn -0.6472 0.0624 0.7598
vn 0.7741 0.6094 0.1718
vn 0.3295 -0.9407 -0.0805
vn -0.6702 0.7098 -0.2169
vn -0.4274 -0.8995 -0.0906
vn 0.3256 0.1237 0.9374
vn 0.7729 0.0672 -0.6309
vn -0.9226 -0.0100 0.3855
vn -0.0574 0.0757 -0.9955
vn 0.4730 -0.8466 0.2439
vn 0.5055 0.7801 0.3688
vn -0.9157 -0.3224 -0.2397
vn 0.0659 0.9830 -0.1712
vn 0.6806 -0.4790 -0.5544
vn 0.1706 -0.1814 0.9685
vn 0.8623 0.1589 -0.4807
vn -0.7642 0.1599 -0.6248
vn -0.0664 0.6246 0.7781
vn -0.0280 -0.9441 0.3286
vn 0.5183 0.3768 -0.7677
vn -0.4041 -0.8749 -0.2670
vn -0.7238 0.6402 0.2575
vn 0.6122 -0.1433 0.7776
vn -0.9988 0.0475 -0.0083
vn 0.3273 -0.3231 -0.8880
vn 0.2940 -0.6322 0.7168
vn 0.3771 0.9086 0.1794
vn -0.3551 -0.8724 -0.3358
vn -0.4558 0.7521 -0.4760
vn 0.9844 0.0456 -0.1698
vn -0.1702 0.0770 0.9824
vn 0.4957 0.1159 -0.8607
vn -0.9174 -0.3501 -0.1894
vn -0.0685 0.8813 0.4675
vn 0.4901 -0.6478 0.5832
vn -0.7359 0.6769 -0.0157
vn 0.0843 -0.4212 -0.9031
vn -0.2086 -0.7043 0.6786
vn 0.8606 0.4490 0.2404
vn 0.9288 -0.3193 -0.1881
vn -0.6556 -0.6970 -0.2905
vn -0.1729 0.8475 -0.5018
vn -0.1026 0.1694 0.9802
vn -0.8946 -0.0150 0.4466
vn -0.0839 0.4253 -0.9012
vn 0.3354 -0.9364 -0.1030
vn 0.6422 0.5266 0.5570
vn 0.8426 -0.0976 -0.5297
vn -0.7799 -0.2897 -0.5548
vn -0.1151 0.9570 0.2664
vn 0.0552 -0.5707 0.8193
vn -0.3048 -0.9425 0.1374
vn -0.7935 0.6055 -0.0612
vn 0.5285 0.0607 -0.8468
vn 0.5724 0.2783 0.7713
vn -0.3177 -0.2977 0.9002
vn -0.2821 0.9461 -0.1589
vn -0.3999 -0.5866 -0.7042
vn 0.9973 -0.0611 -0.0406
vn -0.1683 -0.2947 -0.9407
vn 0.0267 0.9990 0.0351
vn 0.8756 -0.3678 0.3131
vn -0.7348 -0.3359 0.5893
vn -0.2796 0.7454 -0.6051
vn 0.8720 0.2300 0.4321
vn 0.1040 -0.8398 -0.5328
vn -0.6971 -0.1362 0.7039
vn 0.1039 0.0203 0.9944
vn 0.5356 -0.7560 -0.3763
vn 0.3239 0.8650 -0.3832
vn -0.9633 -0.1270 -0.2366
vn 0.8532 0.4396 -0.2808
vn 0.1915 -0.6779 0.7098
vn -0.4161 -0.4508 -0.7897
vn -0.6291 0.6885 0.3608
vn -0.5688 0.1621 0.8063
vn -0.0797 -0.9579 -0.2758
vn 0.9544 0.2061 0.2161
vn -0.3087 0.5897 -0.7463
vn -0.1426 -0.0016 -0.9898
vn 0.6336 -0.7334 0.2464
vn -0.8743 -0.1448 0.4632
vn 0.3832 0.8801 0.2804
vn 0.0055 -0.2224 0.9749
vn -0.2093 -0.8226 -0.5287
vn 0.8974 0.3500 -0.2686
vn -0.6941 0.6975 -0.1781
vn -0.6004 0.0882 -0.7948
vn 0.9020 -0.3141 -0.2961
vn -0.3886 -0.6638 0.6390
vn 0.0865 0.8886 0.4505
vn 0.2222 0.7333 -0.6425
vn 0.8449 -0.4130 0.3400
vn -0.5472 -0.6950 -0.4665
vn -0.5197 0.3752 0.7676
vn 0.6066 0.6690 -0.4296
vn -0.0537 0.1833 0.9816
vn 0.3574 -0.9222 -0.1478
vn -0.9128 0.0686 -0.4026
vn 0.3993 -0.7240 0.5625
vn 0.3293 0.8886 0.3193
vn -0.9967 -0.0332 0.0746
vn 0.2676 -0.1323 -0.9544
vn 0.5365 0.4180 -0.7331
vn -0.6142 0.6851 0.3917
vn 0.6121 -0.3448 0.7117
vn -0.5358 -0.7577 -0.3725
vn -0.8769 -0.2374 -0.4179
vn -0.1102 0.0578 0.9922
vn 0.3102 0.8824 -0.3539
vn 0.6757 -0.7026 -0.2232
vn 0.8497 0.3296 0.4115
vn -0.7797 0.4055 0.4771
vn -0.0443 -0.9961 0.0764
vn -0.0270 0.2605 -0.9651
vn -0.2401 0.8108 -0.5338
vn -0.8292 -0.3908 0.3996
vn 0.6336 0.2561 0.7300
vn 0.4330 -0.6770 -0.5951
vn -0.0977 -0.9952 -0.0043
vn -0.3285 0.3635 0.8718
vn -0.5387 0.3911 -0.7462
vn 0.9633 0.2394 -0.1213
vn 0.2434 0.9563 0.1620
vn -0.9910 -0.0799 -0.1073
vn 0.2981 -0.5535 0.7776
vn 0.4511 -0.3219 -0.8324
vn -0.4146 -0.6867 -0.5970
vn -0.3564 -0.1046 0.9284
vn -0.2207 0.9138 -0.3409
vn 0.9925 -0.1219 0.0104
vn -0.9673 0.0168 -0.2532
vn 0.1942 -0.8327 0.5186
vn 0.2108 0.7993 0.5628
vn 0.5622 0.0168 -0.8268
vn -0.1426 0.3120 0.9393
vn -0.0663 -0.9972 -0.0338
vn 0.9064 0.2850 -0.3119
vn -0.6955 0.4009 -0.5962
vn -0.5827 -0.8095 -0.0718
vn 0.7108 -0.0384 -0.7023
vn 0.4265 0.0266 0.9041
vn -0.5537 0.8227 -0.1286
vn -0.9406 -0.2897 -0.1772
vn 0.3121 0.5898 -0.7448
vn 0.5902 -0.8050 0.0601
vn 0.0392 0.5057 0.8618
vn 0.2949 -0.9514 -0.0891
vn -0.9272 0.0965 -0.3620
vn 0.6231 0.5891 -0.5145
vn 0.0087 0.2652 0.9642
vn -0.6225 0.6566 0.4260
vn 0.1151 0.2277 -0.9669
vn -0.3810 -0.9206 0.0857
vn 0.8889 0.0348 0.4567
vn 0.9660 -0.2481 -0.0733
vn -0.5263 -0.4979 -0.6892
vn -0.1036 0.9836 -0.1478
vn -0.3360 -0.2388 0.9111
vn -0.9407 0.3389 -0.0128
vn 0.4000 0.0879 -0.9123
vn 0.0036 -0.9621 0.2726
vn 0.5378 0.5354 0.6513
vn 0.1507 -0.8678 -0.4736
vn -0.7731 0.4750 -0.4203
vn 0.8207 0.5670 -0.0708
vn -0.1985 -0.1761 0.9642
vn -0.5134 -0.2415 0.8235
vn -0.2820 0.9068 -0.3133
vn -0.1837 -0.6731 -0.7164
vn 0.9793 0.0065 0.2025
vn 0.0593 0.2619 -0.9633
vn -0.3126 0.7806 0.5413
vn 0.9023 -0.2871 0.3216
vn -0.6479 -0.7552 0.0990
vn 0.2086 0.8142 -0.5418
vn -0.3141 0.2768 0.9081
vn 0.8226 -0.5619 0.0871
vn -0.7172 -0.5293 -0.4533
vn -0.3216 -0.7968 0.5115
vn 0.7729 0.4126 0.4820
vn -0.7421 0.6658 -0.0770
vn 0.2882 -0.2802 -0.9157
vn 0.8641 -0.1148 -0.4901
vn -0.0538 0.9273 0.3705
vn -0.0482 -0.6602 0.7495
vn -0.7638 -0.1534 -0.6270
vn -0.7146 0.1041 0.6917
vn 0.8595 0.3720 0.3505
vn -0.2668 0.4924 -0.8285
vn 0.1206 -0.9690 -0.2155
vn 0.0901 0.0876 -0.9921
vn 0.2091 0.8777 0.4312
vn 0.6352 -0.6978 0.3312
vn -0.9355 -0.2691 0.2288
vn -0.2459 -0.0534 -0.9678
vn 0.7533 0.6465 0.1206
vn 0.2838 -0.9034 0.3215
vn -0.7928 0.3111 0.5241
vn 0.3130 -0.2276 0.9221
vn 0.2192 -0.7522 -0.6214
vn 0.4558 0.8334 -0.3127
vn -0.9891 0.1467 0.0104
vn -0.1892 0.0577 -0.9802
vn 0.9767 -0.1622 0.1408
vn -0.5208 -0.7551 0.3983
vn -0.2638 0.8578 0.4412
vn -0.2872 0.1615 0.9442
vn 0.5404 -0.8402 -0.0453
vn 0.5537 0.7714 -0.3135
vn -0.8058 -0.0932 -0.5848
vn -0.2604 -0.9106 -0.3209
vn 0.8960 0.2429 -0.3717
vn 0.0424 0.0008 0.9991
vn -0.6794 0.6661 -0.3076
vn -0.4014 -0.6706 -0.6239
vn 0.3969 0.7511 -0.5276
vn 0.7141 -0.4406 0.5441
vn -0.7099 0.3620 0.6042
vn -0.9325 -0.0292 -0.3599
vn 0.0566 0.6836 0.7277
vn 0.6338 0.2431 -0.7343
vn 0.2404 -0.8981 0.3682
vn 0.8110 0.1865 -0.5545
vn 0.0664 0.5010 0.8629
vn -0.0597 -0.9806 0.1868
vn -0.8169 0.2941 -0.4962
vn 0.3450 0.7475 0.5676
vn -0.1951 -0.7930 0.5771
vn 0.6861 -0.2443 -0.6853
vn -0.8387 0.2893 -0.4613
vn 0.8232 -0.0935 0.5600
vn -0.7542 0.3347 0.5649
vn -0.2398 -0.8912 -0.3850
vn 0.1714 0.6503 -0.7401
vn -0.9280 -0.2870 -0.2375
vn 0.1518 -0.1356 0.9791
vn 0.1185 0.9672 -0.2247
vn 0.6581 -0.5458 -0.5187
vn 0.9695 -0.0949 0.2258
vn -0.3132 0.9160 0.2508
vn -0.5301 -0.6801 0.5064
vn -0.1272 -0.1391 -0.9821
vn -0.2454 -0.1662 0.9551
vn 0.7473 0.6631 -0.0421
vn -0.7942 0.3632 -0.4871
vn 0.2929 -0.8574 -0.4232
vn -0.5367 0.6060 0.5871
vn 0.8710 -0.2064 0.4459
vn 0.1735 0.4489 -0.8765
vn -0.5062 -0.8482 -0.1561
vn -0.1243 -0.9438 0.3061
vn 0.7921 0.0511 -0.6082
vn 0.1492 0.5923 0.7918
vn -0.8174 0.3001 -0.4918
vn 0.1573 -0.8709 0.4656
vn -0.4481 -0.1688 -0.8779
vn 0.8755 0.4583 -0.1532
vn -0.5866 0.5794 0.5659
vn 0.5772 -0.5146 -0.6341
vn -0.2741 -0.5940 0.7563
vn -0.8152 0.3282 -0.4773
vn 0.5117 0.7807 0.3586
vn -0.2793 -0.9080 -0.3121
vn 0.9572 -0.0255 0.2882
vn -0.5714 0.2765 0.7727
vn -0.1051 0.6554 -0.7479
vn 0.3076 -0.8388 0.4493
vn 0.1994 -0.0545 -0.9784
vn 0.4784 0.7838 0.3959
vn -0.9846 0.1088 0.1368
vn 0.8874 -0.4055 -0.2193
vn -0.7091 -0.7039 -0.0412
vn -0.2117 0.7234 -0.6572
vn 0.0333 0.3864 0.9217
vn 0.3496 -0.6782 -0.6464
vn 0.0953 -0.3497 0.9320
vn -0.9648 0.1789 -0.1928
vn 0.5200 0.8492 -0.0919
vn -0.1890 -0.9773 -0.0956
vn 0.9568 0.1798 -0.2285
vn -0.1743 0.2823 0.9433
vn -0.5906 0.5162 -0.6203
vn 0.6788 -0.5350 0.5030
vn -0.2143 -0.4589 -0.8622
vn 0.3690 0.9098 -0.1897
vn -0.8315 0.0845 0.5490
vn 0.7947 -0.4494 -0.4080
vn -0.5889 -0.6837 0.4310
vn -0.5109 0.4786 -0.7141
vn 0.3044 0.6574 0.6894
vn -0.1958 -0.8865 -0.4194
vn 0.7589 -0.0984 0.6437
vn -0.8112 0.3286 0.4837
vn 0.2503 0.6576 -0.7106
vn -0.0501 -0.8246 0.5635
vn 0.6034 -0.1649 -0.7802
vn 0.3603 0.7555 0.5472
vn -0.9143 0.2339 -0.3308
vn 0.8188 -0.4875 0.3031
vn -0.6716 -0.6591 -0.3385
vn 0.2419 0.6377 -0.7313
vn -0.3896 0.5096 0.7672
vn -0.7277 0.2511 0.6382
vn -0.3035 0.1839 -0.9349
vn 0.2102 -0.9727 0.0981
vn 0.8207 0.5352 0.1999
vn -0.0271 -0.8215 -0.5695
vn -0.8636 0.4964 -0.0881
vn 0.7539 0.5858 -0.2974
vn 0.1354 -0.2596 0.9562
vn 0.5657 -0.0507 0.8231
vn -0.8153 0.5479 0.1873
vn -0.2742 -0.9217 -0.2743
vn 0.5263 0.4236 -0.7373
vn -0.3691 0.8740 0.3160
vn -0.7479 -0.6451 -0.1564
vn 0.6177 -0.3699 0.6940
vn 0.5009 0.1411 -0.8539
vn -0.7109 -0.1069 0.6951
vn -0.3004 0.6678 -0.6810
vn 0.1656 -0.8798 -0.4455
vn 0.8436 0.3204 0.4309
vn -0.9671 -0.2078 -0.1466
vn 0.0872 0.6905 0.7181
vn 0.3974 0.3506 -0.8480
vn 0.4832 -0.8313 0.2748
vn -0.7205 0.6929 -0.0280
vn -0.2427 -0.7049 0.6665
vn 0.8649 0.4265 0.2648
vn 0.0983 -0.4151 -0.9045
vn -0.5104 0.2788 0.8135
vn -0.6396 -0.2457 -0.7284
vn 0.5725 -0.7892 0.2223
vn 0.5777 0.7566 -0.3063
vn -0.7734 -0.3711 0.5139
vn -0.2272 0.9148 -0.3340
vn 0.2012 -0.5988 -0.7752
vn 0.8002 0.0560 0.5971
vn -0.8847 0.1094 -0.4532
vn -0.0918 0.2318 0.9684
vn 0.6718 0.6051 -0.4273
vn 0.3062 -0.9477 -0.0896
vn -0.6773 0.7195 0.1539
vn -0.4023 -0.8901 0.2142
vn 0.7935 0.1564 0.5881
vn 0.2866 0.0121 -0.9580
vn -0.5774 -0.1595 0.8007
vn -0.5774 0.1287 -0.8063
vn 0.5997 -0.7881 -0.1386
vn 0.5558 0.8188 0.1440
vn -0.8341 -0.5328 -0.1430
vn -0.2358 0.8950 0.3786
vn 0.4689 0.1192 -0.8752
vn 0.5987 -0.4814 0.6401
vn -0.8880 0.3044 -0.3446
vn -0.0496 -0.1131 0.9923
vn 0.6964 0.6817 -0.2242
vn 0.2411 -0.8735 -0.4229
vn -0.7919 0.5111 0.3341
vn -0.1920 -0.9802 0.0487
vn 0.7984 0.2116 0.5637
vn 0.1846 0.2575 -0.9485
vn -0.0365 0.1205 0.9920
vn -0.2183 -0.9497 -0.2247
vn 0.9170 0.2214 -0.3318
vn -0.6645 0.6083 -0.4340
vn 0.9061 0.4042 -0.1251
vn -0.0502 -0.4420 0.8956
vn -0.1644 -0.6800 -0.7145
vn -0.6961 0.7158 -0.0555
vn 0.7280 -0.5912 -0.3473
vn 0.3450 0.5284 0.7758
vn -0.7758 -0.5576 0.2953
vn -0.2979 0.6206 -0.7254
vn 0.4825 -0.5083 0.7133
vn 0.6644 0.4367 -0.6065
vn -0.5767 0.7005 0.4204
vn -0.5689 -0.6299 -0.5288
vn 0.5343 0.4885 0.6898
vn 0.5512 -0.7369 -0.3914
vn -0.2651 0.6341 -0.7264
vn -0.8194 -0.3844 0.4252
vn 0.7188 0.1609 -0.6764
vn 0.4071 -0.0650 0.9111
vn -0.4720 -0.8557 -0.2121
vn -0.6529 0.7571 -0.0220
vn 0.7923 -0.6002 0.1099
vn 0.3077 0.9463 -0.0987
vn -0.5901 -0.0748 0.8039
vn -0.5117 -0.2716 -0.8151
vn 0.6868 0.3612 0.6307
vn 0.4497 -0.3409 -0.8255
vn -0.6403 0.7272 -0.2474
vn -0.4970 -0.7461 0.4432
vn 0.8680 0.4964 -0.0113
vn 0.1685 -0.9619 0.2153
vn -0.4350 0.0684 -0.8979
vn -0.6019 0.3964 0.6932
vn 0.8452 -0.2070 -0.4928
vn 0.2165 0.2353 0.9475
vn -0.5998 -0.7999 -0.0177
vn -0.4620 0.7726 -0.4355
vn 0.7637 -0.5755 0.2927
vn 0.3510 0.7824 -0.5145
vn -0.4983 0.3252 0.8037
vn -0.6184 -0.5301 -0.5802
vn 0.7654 0.4163 0.4907
vn 0.3498 -0.6394 -0.6847
vn -0.5354 0.7134 -0.4521
vn -0.5837 -0.4892 0.6480
vn 0.8514 0.2605 -0.4553
vn 0.2019 -0.6366 0.7443
vn -0.6085 -0.4385 -0.6613
vn -0.4444 0.8162 0.3693
vn 0.7616 -0.5998 -0.2451
vn 0.3294 0.7173 0.6139
vn -0.7119 -0.5306 0.4600
vn -0.3767 0.4144 -0.8285
vn 0.8149 -0.3358 0.4725
vn 0.2717 0.4634 -0.8435
vn -0.4864 0.6443 0.5901
vn -0.5972 -0.7711 -0.2206
vn 0.5840 -0.4727 0.6600
vn -0.0699 -0.5459 -0.8349
vn 0.3959 0.8912 -0.2215
vn -0.9094 0.1284 0.3956
vn 0.7693 0.0129 -0.6388
vn 0.3365 -0.1690 0.9264
vn -0.6364 -0.7268 -0.2585
vn -0.4699 0.8822 -0.0299
vn 0.7229 -0.6909 -0.0081
vn 0.4020 0.8992 0.1726
vn -0.6591 -0.2160 0.7204
vn -0.4664 0.0075 -0.8846
vn 0.8512 -0.1555 0.5013
vn 0.2044 0.1097 -0.9727
vn -0.4444 0.8269 0.3447
vn -0.6100 -0.7821 0.1272
vn 0.8668 0.4904 0.0906
vn 0.1666 -0.9833 0.0728
vn -0.4112 0.2064 -0.8879
vn -0.6221 0.2888 0.7277
vn 0.6436 -0.3736 -0.6680
vn 0.4772 0.1798 0.8602
vn -0.7346 -0.6594 0.1597
vn -0.3885 0.8516 -0.3520
vn 0.8459 -0.5285 0.0716
vn 0.1881 0.8695 -0.4568
vn -0.3629 0.1737 0.9155
vn -0.6714 -0.5172 -0.5308
vn 0.6990 0.5036 0.5077
vn 0.4398 -0.5864 -0.6802
vn -0.6068 0.6490 -0.4590
vn -0.5306 -0.5655 0.6315
vn 0.7707 0.3925 -0.5019
vn 0.3444 -0.5980 0.7237
vn -0.5715 -0.5320 -0.6248
vn -0.5423 0.7372 0.4030
vn 0.8790 -0.4402 -0.1832
vn 0.1572 0.8777 0.4527
vn -0.5499 -0.5889 0.5923
vn -0.4832 0.1508 -0.8624
vn -0.2136 -0.2374 -0.9476
vn 0.2388 0.9695 0.0559
vn 0.7710 -0.5537 0.3145
vn -0.7967 -0.1802 0.5769
vn 0.6736 0.6553 0.3419
vn 0.4104 -0.9111 -0.0395
vn -0.2922 0.2739 -0.9163
vn -0.7896 -0.0157 0.6135
vn 0.9079 -0.0805 -0.4114
vn 0.0869 0.0312 0.9957
vn -0.5564 -0.7895 -0.2589
vn -0.4368 0.8392 -0.3239
vn 0.4750 -0.7290 0.4929
vn 0.6269 0.7641 -0.1520
vn -0.7817 0.3163 0.5375
vn -0.3212 -0.3505 -0.8798
vn -0.4685 -0.1402 -0.8723
vn 0.7031 0.7030 -0.1072
vn 0.4273 -0.8564 0.2899
vn -0.6625 0.2944 0.6888
vn 0.9175 0.3445 0.1986
vn -0.0477 -0.9718 0.2308
vn -0.2020 0.1196 -0.9721
vn -0.6689 0.5071 0.5436
vn 0.7304 -0.4900 -0.4759
vn 0.2814 0.1806 0.9424
vn -0.8310 -0.5563 0.0022
vn -0.1773 0.8655 -0.4685
vn 0.3974 -0.7950 0.4583
vn 0.7331 0.5927 -0.3336
vn -0.5707 0.5052 0.6473
vn -0.5571 -0.3065 -0.7718
vn 0.8257 0.1985 0.5280
vn 0.1342 -0.8367 -0.5310
vn -0.1874 0.7618 -0.6202
vn -0.7729 -0.1238 0.6223
vn 0.9466 -0.0671 -0.3154
vn -0.1422 -0.6290 0.7643
vn -0.6197 -0.2402 -0.7472
vn -0.1855 0.9362 0.2985
vn 0.2648 -0.9460 -0.1870
vn 0.7728 0.4839 0.4108
vn -0.7750 0.0118 0.6319
vn -0.2609 0.4490 -0.8546
vn 0.5162 -0.4174 0.7479
vn 0.4759 -0.1610 -0.8647
vn -0.0777 0.9838 0.1613
vn -0.9135 -0.4046 -0.0435
vn 0.9750 -0.0043 0.2221
vn -0.3507 -0.9359 0.0316
vn -0.1311 0.3782 -0.9164
vn -0.4916 0.5640 0.6635
vn 0.1802 -0.5148 -0.8382
vn 0.6729 -0.2495 0.6964
vn -0.9182 -0.2154 0.3324
vn 0.0679 0.9791 -0.1915
vn -0.0280 -0.9055 0.4233
vn 0.7551 0.0372 -0.6545
vn 0.1345 0.6944 0.7069
vn -0.8611 0.1743 -0.4776
vn 0.9466 0.0086 0.3223
vn -0.2690 -0.9392 -0.2133
vn -0.0766 0.5647 -0.8217
vn -0.5988 0.3664 0.7122
vn -0.4127 -0.3684 -0.8330
vn 0.9430 -0.3236 0.0776
vn -0.5243 -0.3053 0.7949
vn -0.0050 0.9991 -0.0413
vn -0.6136 -0.3396 -0.7128
vn 0.4837 0.8092 -0.3336
vn 0.6617 -0.7111 0.2378
vn -0.5323 0.2427 0.8110
vn 0.8466 -0.1691 -0.5046
vn -0.7537 -0.4850 -0.4436
vn -0.1900 0.9818 0.0071
vn 0.0990 -0.3263 0.9401
vn 0.1050 0.0336 -0.9939
vn 0.4033 -0.8446 0.3520
vn -0.9722 0.0244 0.2328
vn 0.4613 0.7865 0.4106
vn -0.1637 -0.8962 -0.4123
vn 0.8177 0.4096 -0.4044
vn 0.1347 -0.1046 0.9854
vn -0.7898 0.5897 -0.1685
vn 0.6748 -0.6591 -0.3321
vn -0.6355 0.2280 -0.7377
vn 0.4675 0.8293 0.3061
vn -0.5060 -0.3970 0.7658
vn 0.4693 0.2176 -0.8558
vn -0.4057 -0.9116 -0.0656
vn -0.7193 0.6741 0.1680
vn 0.6557 0.0175 0.7548
vn -0.3042 -0.1556 -0.9398
vn 0.8679 -0.4733 0.1509
vn -0.6886 -0.3522 0.6339
vn 0.1250 0.9800 0.1546
vn 0.1353 -0.9362 -0.3245
vn 0.2685 0.6458 -0.7148
vn 0.5604 0.1532 0.8139
vn -0.9636 0.1379 0.2290
vn 0.8169 -0.2975 -0.4941
vn -0.8120 -0.1738 -0.5572
vn 0.0662 0.9786 0.1950
vn -0.0704 -0.5079 0.8585
vn 0.1704 0.0579 -0.9837
vn 0.0662 -0.9536 0.2937
vn -0.9161 0.3456 0.2033
vn 0.6777 0.5487 0.4896
vn -0.3411 -0.7099 -0.6162
vn 0.9373 0.2388 -0.2537
vn -0.0154 -0.3419 0.9396
vn -0.5801 0.8114 -0.0716
vn 0.5357 -0.7835 -0.3148
vn -0.3677 0.4899 -0.7904
vn 0.5867 0.6135 0.5286
vn -0.7538 -0.3195 0.5743
vn 0.6148 0.0098 -0.7886
vn -0.6322 -0.7707 -0.0799
vn -0.5182 0.8547 0.0306
vn 0.5368 -0.0957 0.8382
vn -0.4743 -0.1363 -0.8697
vn 0.7848 -0.6178 0.0491
vn -0.6251 -0.1931 0.7563
vn 0.3179 0.9459 0.0648
vn -0.1870 -0.8494 -0.4935
vn 0.5963 0.5834 -0.5515
vn 0.4519 -0.2134 0.8662
vn -0.8604 0.4771 0.1791
vn 0.7999 -0.5033 -0.3268
vn -0.6121 0.1853 -0.7688
vn 0.2922 0.8646 0.4088
vn -0.4805 -0.5444 0.6876
vn 0.4353 0.1163 -0.8927
vn -0.2365 -0.9628 0.1310
vn -0.8294 0.5572 0.0404
vn 0.6326 0.2867 0.7194
vn -0.0654 0.0951 0.9933
vn 0.0929 -0.9676 -0.2349
vn 0.7983 0.5032 -0.3309
vn -0.8260 0.3685 -0.4266
vn 0.1256 -0.9428 -0.3086
vn 0.3113 0.6274 -0.7138
vn 0.5328 0.1554 0.8319
vn -0.9685 0.1623 0.1889
vn 0.8571 -0.2211 -0.4653
vn -0.7679 -0.3298 -0.5491
vn -0.0732 0.9907 0.1145
vn -0.0158 -0.4404 0.8976
vn 0.1410 0.0243 -0.9897
vn 0.3206 -0.8758 0.3608
vn -0.9738 0.1051 0.2015
vn 0.5115 0.7461 0.4262
vn -0.1759 -0.8687 -0.4630
vn 0.8660 0.3808 -0.3242
vn 0.0503 -0.1517 0.9871
vn -0.7407 0.6412 -0.2006
vn 0.6967 -0.6373 -0.3294
vn -0.5491 0.3180 -0.7729
vn 0.4444 0.7810 0.4389
vn -0.5907 -0.4625 0.6611
vn 0.6062 0.2666 -0.7493
vn -0.4838 -0.8412 -0.2417
vn -0.6638 0.7297 0.1641
vn 0.5427 -0.1527 0.8259
vn -0.1225 -0.0147 -0.9924
vn 0.7712 -0.5854 0.2501
vn -0.8313 -0.3350 0.4435
vn 0.1821 0.9365 0.2997
vn -0.4987 -0.1037 -0.8605
vn 0.7590 0.6387 -0.1265
vn 0.3594 -0.8882 0.2863
vn -0.6189 0.3522 0.7021
vn 0.8978 -0.3743 -0.2319
vn -0.6148 -0.0899 -0.7835
vn 0.0977 0.9661 0.2390
vn -0.3789 -0.5031 0.7768
vn 0.5231 0.1494 -0.8391
vn -0.2175 -0.9717 0.0925
vn -0.8473 0.5297 -0.0372
vn 0.5414 0.2956 0.7870
vn -0.6869 -0.4303 -0.5857
vn 0.9048 -0.3591 -0.2289
vn -0.2042 -0.1978 0.9587
vn -0.0160 0.9894 -0.1445
vn -0.5933 -0.6148 -0.5196
vn -0.5299 0.7884 0.3125
vn 0.7504 0.3144 -0.5814
vn 0.3723 -0.4875 0.7897
vn -0.9787 -0.1174 -0.1681
vn 0.1649 0.0395 0.9855
vn 0.3098 0.8516 -0.4229
vn 0.5007 -0.7704 -0.3946
vn -0.5464 0.6203 0.5627
vn -0.4401 -0.8975 -0.0281
vn 0.9151 -0.0900 0.3930
vn 0.0693 0.3670 -0.9276
vn -0.2617 -0.4383 0.8599
vn -0.7891 0.4792 -0.3842
vn 0.3158 -0.6951 -0.6459
vn 0.7355 0.6556 0.1710
vn -0.8997 -0.4020 0.1701
vn 0.2332 0.6261 0.7440
vn -0.0176 0.5011 -0.8652
vn 0.6849 -0.7268 -0.0511
vn -0.6010 0.7820 0.1649
vn -0.1144 -0.6701 0.7334
vn 0.9513 0.3076 -0.0211
vn -0.2338 -0.4192 -0.8773
vn -0.2390 0.4723 0.8484
vn -0.8262 -0.3864 -0.4099
vn 0.6493 -0.7343 0.1982
vn 0.4170 0.6481 -0.6373
vn -0.7194 -0.5012 0.4808
vn -0.2001 0.9795 0.0227
vn 0.0405 -0.3105 -0.9497
vn 0.8802 -0.1694 0.4433
vn -0.9844 0.1690 0.0498
vn 0.3901 0.0371 0.9200
vn 0.4299 0.6983 -0.5723
vn 0.1648 -0.9024 -0.3982
vn -0.4185 0.7436 0.5214
vn -0.5519 -0.8272 0.1055
vn 0.9259 -0.1687 0.3381
vn 0.0423 0.2549 -0.9660
vn -0.2917 -0.0230 0.9562
vn -0.7963 0.1345 -0.5898
vn 0.4463 -0.8632 -0.2361
vn 0.6436 0.7539 -0.1320
vn -0.8529 -0.3861 0.3514
vn 0.0627 0.9637 0.2597
vn 0.0182 -0.0780 -0.9968
vn 0.7740 -0.5000 0.3885
vn -0.9019 0.4124 -0.1281
vn 0.2254 -0.0070 0.9743
vn 0.6831 0.5328 -0.4995
vn -0.0076 -0.9383 -0.3458
vn -0.5419 0.7528 0.3737
vn -0.3974 -0.8719 0.2859
vn 0.9389 0.0648 0.3381
vn -0.0009 0.0544 -0.9985
vn 0.4709 -0.5538 0.6867
vn -0.9442 0.1588 0.2886
vn 0.0053 -0.4822 -0.8761
vn 0.4686 0.8778 -0.0991
vn -0.2701 0.8402 0.4702
vn -0.5235 -0.0940 -0.8468
vn -0.1828 -0.7854 0.5914
vn 0.9760 0.0405 -0.2141
vn -0.9836 -0.1801 0.0033
vn 0.1690 0.9327 -0.3185
vn 0.4549 -0.6474 -0.6115
vn 0.3596 -0.1099 0.9266
vn -0.7695 0.2307 -0.5955
vn -0.1436 0.3998 0.9053
vn 0.8466 0.3608 -0.3913
vn 0.0684 -0.9943 0.0821
vn -0.2158 0.9727 0.0854
vn -0.8263 -0.5039 -0.2516
vn 0.3461 -0.3403 0.8743
vn 0.6967 -0.1289 -0.7057
vn -0.7983 0.5850 0.1429
vn 0.2233 -0.0232 -0.9745
vn -0.2016 -0.9256 0.3204
vn 0.7786 0.3645 0.5108
vn -0.8585 -0.3223 -0.3990
vn 0.0803 0.9866 -0.1420
vn 0.7674 -0.4670 -0.4394
vn 0.0103 -0.1936 0.9810
vn -0.2095 0.3646 -0.9073
vn -0.7599 0.1915 0.6211
vn 0.8322 0.4327 0.3468
vn 0.1382 -0.9887 -0.0581
vn -0.3413 0.9393 -0.0347
vn -0.6170 -0.5973 -0.5124
vn 0.0456 -0.3037 0.9517
vn 0.9139 -0.0395 -0.4040
vn -0.9611 0.2536 0.1091
vn 0.3839 0.4744 -0.7922
vn 0.0692 -0.9885 -0.1346
vn 0.5078 0.2603 0.8212
vn -0.6252 0.1193 -0.7713
vn -0.0522 0.7955 0.6038
vn 0.9358 -0.0968 -0.3390
vn -0.2564 -0.8220 0.5085
vn -0.1359 0.8017 -0.5821
vn -0.8365 -0.1794 0.5178
vn 0.7572 0.1700 0.6307
vn 0.2146 -0.7933 -0.5697
vn -0.5097 0.8424 0.1749
vn -0.3410 -0.4280 -0.8370
vn -0.1197 -0.6293 0.7679
vn 0.9711 0.2131 -0.1075
vn -0.9853 0.0568 -0.1613
vn 0.4461 0.8094 -0.3819
vn 0.3651 -0.8193 -0.4420
vn 0.1745 -0.0490 0.9834
vn -0.4027 0.2660 -0.8758
vn -0.4281 0.5213 0.7382
vn 0.9824 0.1866 -0.0120
vn -0.1516 -0.9771 0.1490
vn -0.1565 0.9175 -0.3657
vn -0.8589 -0.5121 -0.0081
vn 0.3404 0.0651 0.9380
vn 0.6766 -0.4730 -0.5642
vn -0.8155 0.5475 0.1875
vn 0.2426 0.0806 -0.9668
vn -0.1831 -0.9594 0.2147
vn 0.7571 0.3310 0.5632
vn -0.8124 -0.1071 -0.5732
vn 0.1999 0.9723 0.1213
vn 0.7786 -0.4461 -0.4414
vn -0.1653 -0.4199 0.8924
vn -0.2569 0.5297 -0.8083
vn -0.6926 0.1199 0.7113
vn 0.8843 0.3188 0.3411
vn 0.0652 -0.9679 -0.2426
vn -0.3433 0.9387 -0.0330
vn -0.6465 -0.6056 -0.4640
vn 0.0987 -0.2888 0.9523
vn 0.8891 -0.0431 -0.4556
vn -0.7587 -0.3099 0.5730
vn -0.3048 0.7618 -0.5716
vn 0.3059 -0.7538 -0.5816
vn 0.7569 0.3007 0.5802
vn 0.3728 -0.1532 -0.9152
vn -0.9799 0.1881 -0.0669
vn 0.4621 0.7808 0.4205
vn 0.1452 -0.8146 0.5616
vn -0.3133 0.2163 0.9247
vn -0.2640 0.7354 -0.6241
vn -0.4188 -0.8573 -0.2993
vn 0.9956 -0.0935 0.0010
vn 0.6706 0.6193 -0.4083
vn -0.4438 -0.5342 -0.7195
vn -0.6888 0.5334 0.4909
vn 0.4629 -0.6183 0.6351
vn 0.2399 0.4770 -0.8455
vn 0.4222 -0.9065 0.0048
vn -0.9941 -0.0928 0.0569
vn 0.3311 0.5245 0.7844
vn -0.1800 -0.3191 0.9305
vn -0.2934 -0.6982 -0.6530
vn 0.9792 0.1694 -0.1122
vn -0.5047 0.8475 -0.1644
vn -0.5773 0.7767 -0.2519
vn 0.4742 -0.3388 -0.8126
vn -0.5706 -0.7259 0.3840
vn 0.6724 0.2882 0.6818
vn 0.5812 0.8082 -0.0945
vn 0.5543 -0.7716 0.3120
vn -0.4140 -0.2183 -0.8837
vn -0.7208 0.1832 0.6685
vn 0.7328 -0.0571 -0.6781
vn 0.3896 0.2497 0.8865
vn -0.4584 -0.8856 0.0748
vn -0.6625 0.6938 -0.2824
vn 0.6953 -0.5655 0.4435
vn 0.4279 0.8112 -0.3986
vn -0.6786 0.2848 0.6770
vn -0.4455 -0.5304 -0.7213
vn 0.7555 0.3418 0.5590
vn 0.3648 -0.5507 -0.7508
vn -0.5171 0.7718 -0.3699
vn -0.6064 -0.5630 0.5616
vn 0.8167 0.3451 -0.4626
vn 0.2738 -0.5572 0.7839
vn -0.5361 -0.5553 -0.6358
vn -0.5561 0.7691 0.3150
vn 0.8091 -0.5535 -0.1974
vn 0.2731 0.8268 0.4917
vn -0.6383 -0.5260 0.5621
vn -0.4441 0.2563 -0.8585
vn 0.5380 -0.1030 0.8366
vn 0.6102 0.1866 -0.7700
vn -0.6409 0.7596 0.1105
vn -0.5081 -0.8428 -0.1774
vn 0.8301 0.4865 0.2725
vn 0.2095 -0.9694 -0.1280
vn -0.3465 0.3821 -0.8567
vn -0.6928 0.0995 0.7142
vn 0.9146 -0.0158 -0.4040
vn 0.0639 -0.2083 0.9760
vn -0.5736 -0.6839 -0.4509
vn -0.4014 0.9079 -0.1207
vn 0.5656 -0.7761 0.2788
vn 0.5151 0.8481 0.1239
vn -0.8287 0.0280 0.5590
vn -0.2531 -0.0997 -0.9623
vn 0.6402 0.0716 0.7648
vn 0.4951 -0.2701 -0.8258
vn -0.4385 0.8864 -0.1487
vn -0.6953 -0.6876 0.2091
vn 0.9414 0.3069 -0.1400
vn 0.0049 -0.9176 0.3976
vn -0.4781 -0.0198 -0.8781
vn -0.4675 0.6297 0.6204
vn 0.7840 -0.5412 -0.3041
vn 0.1671 0.3390 0.9258
vn -0.8206 -0.5715 -0.0010
vn -0.1294 0.7729 -0.6211
vn 0.4903 -0.7400 0.4605
vn 0.6363 0.7452 -0.1996
vn -0.7331 0.3359 0.5914
vn -0.3924 -0.3439 -0.8531
vn 0.6512 0.2863 0.7028
vn 0.3869 -0.7599 -0.5223
vn -0.1862 0.7633 -0.6186
vn -0.8513 -0.2908 0.4368
vn 0.9538 0.1455 -0.2628
vn -0.0375 -0.5300 0.8472
vn -0.4706 -0.5026 -0.7252
vn -0.4434 0.8855 0.1389
vn 0.7522 -0.6424 0.1469
vn 0.2394 0.8864 0.3961
vn -0.8288 -0.3477 0.4383
vn -0.1634 0.1055 -0.9809
vn 0.3275 -0.0809 0.9414
vn 0.7741 0.1718 -0.6094
vn -0.6503 0.7574 -0.0589
vn -0.4498 -0.8506 -0.2723
vn 0.7175 0.5937 0.3642
vn 0.2919 -0.9546 0.0592
vn -0.1761 0.2363 -0.9556
vn -0.8370 0.1229 0.5332
vn 0.9615 -0.1711 -0.2150
vn -0.1295 -0.0302 0.9911
vn -0.5672 -0.7010 -0.4322
vn -0.2650 0.9012 -0.3428
vn 0.5058 -0.6760 0.5359
vn 0.4701 0.8816 0.0432
vn -0.9228 0.0986 0.3724
vn -0.0566 -0.3035 -0.9511
vn 0.5225 0.2468 0.8162
vn 0.6116 -0.4153 -0.6734
vn -0.4194 0.8189 -0.3917
vn -0.7167 -0.6515 0.2489
vn 0.8759 0.4822 -0.0137
vn 0.1087 -0.8760 0.4699
vn -0.3057 -0.1610 -0.9384
vn -0.6792 0.5537 0.4818
vn 0.8347 -0.5132 -0.2000
vn 0.1532 0.5852 0.7963
vn -0.7462 -0.6368 0.1941
vn -0.2402 0.5653 -0.7891
vn 0.6042 -0.3785 0.7012
vn 0.5436 0.5137 -0.6638
vn -0.6665 0.6086 0.4306
vn -0.4802 -0.7423 -0.4673
vn 0.5879 0.7112 0.3854
vn 0.5488 -0.8084 -0.2128
vn -0.4292 0.3407 -0.8365
vn -0.7060 -0.2440 0.6648
vn 0.9550 0.2677 -0.1279
vn -0.1022 -0.4516 0.8864
vn -0.2700 -0.6293 -0.7288
vn -0.5816 0.8130 -0.0294
vn 0.1953 -0.9752 0.1038
vn 0.3813 0.5025 0.7759
vn -0.9898 0.1385 -0.0345
vn 0.4129 0.3342 -0.8473
vn 0.2462 -0.4100 0.8783
vn 0.7409 0.5980 -0.3058
vn -0.8412 0.5311 0.1018
vn -0.1454 -0.7230 -0.6754
vn -0.1655 -0.4273 -0.8888
vn -0.1185 0.9901 -0.0755
vn 0.9339 -0.1993 0.2969
vn -0.6494 -0.3624 0.6686
vn -0.9744 0.1603 -0.1578
vn 0.3921 0.7762 0.4937
vn 0.4647 -0.1028 -0.8795
vn 0.1187 -0.8328 0.5406
vn -0.4368 0.8428 -0.3144
vn -0.3610 -0.2493 0.8986
vn 0.9877 0.1421 0.0649
vn -0.1906 -0.7344 -0.6514
vn -0.0837 0.6238 0.7771
vn -0.8777 -0.0609 -0.4753
vn 0.2654 -0.9074 0.3259
vn 0.6977 0.3437 -0.6285
vn -0.7930 -0.1600 0.5878
vn 0.0051 0.9532 -0.3023
vn -0.0503 -0.5997 -0.7986
vn 0.8376 -0.1934 0.5109
vn -0.9515 0.3043 -0.0452
vn 0.4254 0.3558 0.8321
vn 0.4965 0.3400 -0.7987
vn 0.0290 -0.9995 0.0115
vn 0.0239 0.9945 0.1016
vn -0.7561 -0.3720 0.5385
vn 0.8637 -0.3884 0.3211
vn -0.1315 -0.2345 -0.9632
vn 0.1416 0.1508 0.9784
vn -0.7303 0.6002 -0.3261
vn -0.2584 -0.9528 -0.1592
vn 0.8463 0.2016 -0.4930
vn 0.1311 0.4245 -0.8959
vn -0.8737 -0.4862 0.0163
vn -0.0000 0.7071 0.7071
vn 0.7429 -0.6466 0.1732
vn -0.8026 0.4963 -0.3309
vn 0.3194 -0.6281 -0.7096
vn -0.2432 -0.5159 0.8214
vn 0.7290 0.6479 0.2206
vn -0.7199 -0.3121 -0.6199
vn 0.4605 0.7939 -0.3971
vn 0.6621 -0.7365 0.1385
vn -0.4012 0.2525 0.8805
vn 0.2415 -0.0832 -0.9668
vn -0.9248 0.3714 0.0824
vn 0.6477 0.6116 0.4543
vn 0.0351 -0.9020 0.4304
vn -0.3583 0.7183 -0.5964
vn -0.2171 -0.8957 -0.3881
vn -0.4151 0.0827 0.9060
vn 0.9925 0.0953 0.0771
vn -0.9001 -0.0451 -0.4334
vn 0.6979 0.1490 -0.7005
vn 0.1806 -0.8594 0.4784
vn 0.0197 0.7561 0.6542
vn -0.0078 -0.5377 -0.8431
vn -0.5181 0.8445 -0.1357
vn 0.9439 0.2258 0.2410
vn -0.4178 -0.5305 0.7375
vn 0.1315 0.3748 -0.9177
vn -0.8886 -0.4564 0.0463
vn 0.0295 0.7414 0.6705
vn 0.7238 -0.6602 0.2005
vn -0.8225 0.4136 -0.3903
vn 0.3784 -0.6659 -0.6429
vn -0.2336 -0.4629 0.8551
vn 0.6782 0.7130 0.1780
vn -0.7709 -0.4059 -0.4909
vn 0.5163 0.5877 -0.6229
vn 0.5939 -0.7268 0.3450
vn -0.3386 0.5438 0.7679
vn 0.1502 -0.2965 -0.9432
vn -0.8002 0.5987 0.0359
vn 0.8065 0.4950 0.3233
vn -0.1572 -0.7975 0.5825
vn -0.0537 0.6005 -0.7978
vn -0.6546 -0.7492 -0.1006
vn -0.2176 0.5244 0.8232
vn 0.9236 -0.3762 0.0734
vn 0.1138 -0.7342 0.6693
vn -0.4189 -0.3691 -0.8296
vn 0.8931 0.3898 -0.2247
vn -0.5892 0.7109 0.3840
vn -0.4863 -0.4788 -0.7309
vn 0.0910 0.9667 -0.2392
vn 0.9087 -0.4011 0.1159
vn -0.5128 -0.0838 0.8544
vn 0.2409 0.1385 -0.9606
vn -0.9800 0.1559 0.1236
vn 0.5139 0.6412 0.5699
vn 0.2238 -0.9374 0.2669
vn -0.3459 0.7336 -0.5850
vn -0.2248 -0.8849 -0.4080
vn -0.4227 0.0641 0.9040
vn 0.9924 0.0843 0.0896
vn -0.9393 -0.0136 -0.3428
vn 0.6286 0.1660 -0.7598
vn 0.2147 -0.8804 0.4229
vn 0.0952 0.7277 0.6792
vn -0.3239 -0.4490 -0.8328
vn -0.1900 0.9803 -0.0543
vn 0.9849 -0.1438 0.0962
vn -0.4710 -0.3865 0.7929
vn 0.2867 0.4624 -0.8390
vn -0.9775 -0.2053 -0.0492
vn 0.1751 0.5953 0.7842
vn 0.5148 -0.8505 0.1077
vn -0.5967 0.6689 -0.4433
vn 0.3018 -0.6764 -0.6719
vn -0.5045 -0.4597 0.7309
vn 0.7970 0.4667 0.3833
vn -0.7040 -0.2390 -0.6688
vn 0.6098 0.6896 -0.3905
vn 0.5288 -0.8158 0.2342
vn -0.4332 0.3661 0.8236
vn 0.3204 -0.0929 -0.9427
vn -0.8338 0.5520 0.0128
vn 0.7072 0.4450 0.5494
vn -0.1935 -0.9048 0.3793
vn -0.0217 0.0386 0.9990
vn 0.0593 0.9277 -0.3687
vn -0.8338 -0.4398 -0.3335
vn 0.7954 -0.5278 -0.2980
vn -0.6856 0.5286 -0.5006
vn -0.0721 0.2052 0.9761
vn 0.9133 0.2429 -0.3269
vn -0.1566 -0.9767 -0.1471
vn 0.6865 0.6076 0.3995
vn -0.8923 0.4511 0.0172
vn -0.0449 -0.8472 0.5293
vn 0.2496 -0.2123 -0.9448
vn -0.4277 0.2131 -0.8784
vn -0.6909 -0.3601 0.6268
vn 0.4023 0.8304 0.3854
vn 0.7153 -0.6859 -0.1335
vn 0.1603 -0.9256 0.3430
vn -0.0881 0.6291 0.7723
vn -0.8416 0.0161 -0.5398
vn 0.7699 0.2780 -0.5744
vn -0.6385 -0.1805 0.7482
vn 0.8958 -0.3837 0.2243
vn 0.0857 0.9871 -0.1355
vn -0.3451 -0.4243 -0.8372
vn -0.0103 0.0324 0.9994
vn -0.1983 -0.9308 -0.3070
vn 0.9020 0.2748 -0.3328
vn -0.6915 0.6259 -0.3607
vn 0.7468 -0.5851 0.3161
vn -0.7031 0.0539 0.7091
vn -0.3974 -0.3840 -0.8335
vn 0.3541 0.9150 -0.1933
vn -0.3099 -0.7766 0.5485
vn 0.7678 0.4477 0.4584
vn -0.7499 0.6532 -0.1051
vn 0.2875 -0.3232 -0.9016
vn -0.0357 0.0541 0.9979
vn 0.5711 -0.7749 -0.2709
vn 0.3879 0.8447 -0.3687
vn -0.9252 -0.1254 -0.3582
vn 0.8091 -0.1444 0.5696
vn -0.7344 -0.6067 0.3041
vn 0.2206 -0.2013 -0.9544
vn -0.2971 0.9512 0.0837
vn 0.2154 -0.9553 0.2025
vn -0.0277 0.5243 0.8511
vn -0.8912 0.0508 -0.4507
vn 0.7007 0.3812 -0.6031
vn -0.3801 -0.4790 0.7912
vn 0.9978 -0.0634 0.0180
vn -0.2737 0.9613 0.0304
vn -0.3448 -0.4177 -0.8406
vn 0.4858 0.2931 0.8235
vn -0.1000 -0.9949 0.0081
vn 0.5168 0.2789 -0.8094
vn -0.9053 0.4242 -0.0228
vn 0.8048 -0.5394 0.2478
vn -0.5840 0.1127 0.8039
vn -0.5085 -0.4704 -0.7212
vn 0.2911 0.8982 -0.3293
vn -0.4223 -0.8002 0.4259
vn 0.7949 0.2797 0.5384
vn -0.6630 0.7478 -0.0348
vn 0.2913 -0.2274 -0.9292
vn 0.0064 0.2188 0.9758
vn 0.2063 -0.9708 -0.1227
vn 0.6889 0.5501 -0.4720
vn -0.9024 0.2002 -0.3815
vn 0.8752 -0.3914 0.2843
vn -0.6664 -0.1043 0.7383
vn -0.3295 -0.4742 -0.8164
vn 0.1209 0.9711 -0.2060
vn -0.2626 -0.9055 0.3334
vn 0.7268 0.3719 0.5775
vn -0.7933 0.6080 0.0309
vn 0.3286 -0.0742 -0.9416
vn -0.0841 -0.1344 0.9874
vn 0.4901 -0.7725 -0.4037
vn 0.5046 0.8443 -0.1805
vn -0.9118 0.0649 -0.4055
vn 0.9397 -0.2296 0.2534
vn -0.6341 -0.4910 0.5973
vn -0.1640 -0.2632 -0.9507
vn -0.1416 0.9851 0.0981
vn 0.1117 -0.9551 0.2744
vn 0.4473 0.5943 0.6683
vn -0.9736 0.2241 -0.0443
vn 0.4168 0.1375 -0.8985
vn -0.2082 -0.2944 0.9327
vn 0.9015 -0.3435 -0.2632
vn -0.0000 0.9989 -0.0462
vn -0.6920 -0.3630 -0.6240
vn 0.8745 0.3501 0.3358
vn -0.4296 -0.5568 0.7109
vn 0.1535 -0.5615 -0.8131
vn -0.5972 0.7675 -0.2330
vn 0.5375 -0.6792 0.4997
vn -0.2069 0.7734 0.5992
vn -0.8549 -0.4141 -0.3126
vn 0.5241 0.3215 -0.7886
vn -0.7931 -0.4973 0.3517
vn 0.7789 -0.1446 0.6102
vn -0.2122 0.9761 -0.0471
vn 0.2266 -0.3337 -0.9150
vn 0.8063 -0.1412 -0.5743
vn 0.1567 0.7754 0.6117
vn -0.1703 -0.8221 0.5433
vn -0.7929 0.1866 -0.5801
vn 0.9852 0.0249 0.1697
vn -0.2329 0.6693 -0.7055
vn -0.4909 0.2180 0.8435
vn -0.2607 -0.9148 -0.3086
vn -0.6050 0.7923 0.0788
vn 0.9464 0.3112 -0.0862
vn -0.2520 -0.5322 -0.8082
vn -0.0898 -0.5705 0.8163
vn 0.1760 0.8728 -0.4553
vn -0.0517 0.1436 0.9883
vn 0.7417 -0.6380 -0.2070
vn -0.8658 -0.3776 -0.3282
vn 0.5955 0.7169 0.3625
vn -0.8748 0.4027 -0.2694
vn -0.1525 -0.6945 0.7031
vn 0.4320 -0.4254 -0.7952
vn -0.3728 0.6278 0.6833
vn 0.3226 0.5228 -0.7891
vn -0.7123 -0.6383 -0.2918
vn 0.7622 -0.5108 0.3976
vn -0.5519 0.8140 -0.1810
vn 0.8299 0.2618 0.4927
vn 0.2508 -0.4338 -0.8654
vn -0.5310 -0.6421 0.5530
vn 0.4454 0.8574 -0.2578
vn -0.6299 0.1647 0.7590
vn 0.6932 -0.6635 0.2816
vn -0.5073 -0.3593 -0.7833
vn 0.3108 0.6593 0.6846
vn -0.5409 0.4717 -0.6964
vn -0.5629 -0.6989 0.4413
vn 0.7937 -0.4316 -0.4287
vn -0.4863 0.7548 0.4401
vn 0.7210 0.3687 -0.5867
vn -0.6385 -0.5349 -0.5534
vn 0.4042 -0.5878 0.7008
vn -0.3458 0.8477 -0.4022
vn 0.6411 0.2162 0.7363
vn 0.4717 -0.5367 -0.6997
vn -0.7653 -0.5284 0.3676
vn 0.6593 0.7406 -0.1298
vn -0.8508 0.3764 0.3668
vn 0.3735 -0.6701 0.6415
vn -0.1811 -0.4460 -0.8765
vn 0.1298 0.6813 0.7204
vn -0.1613 0.4645 -0.8708
vn -0.7866 -0.5756 0.2235
vn 0.8192 -0.5686 -0.0740
vn -0.6792 0.7283 0.0908
vn 0.9156 0.3993 -0.0469
vn -0.1812 -0.5189 -0.8354
vn -0.0582 -0.6082 0.7917
vn 0.0395 0.8748 -0.4829
vn -0.1132 0.1658 0.9797
vn 0.8480 -0.5067 -0.1557
vn -0.7734 -0.5343 -0.3411
vn 0.4818 0.8115 0.3307
vn -0.8722 0.2728 -0.4059
vn -0.1652 -0.6239 0.7639
vn 0.5570 -0.4614 -0.6906
vn -0.3657 0.7751 0.5153
vn 0.3757 0.3206 -0.8695
vn -0.7320 -0.6587 -0.1741
vn 0.7244 -0.4391 0.5315
vn -0.7580 0.2632 -0.5968
vn 0.4609 0.8225 0.3333
vn 0.6479 -0.5631 -0.5130
vn -0.3486 -0.5248 0.7766
vn 0.1590 0.7831 -0.6013
vn -0.9048 0.0786 0.4184
vn 0.6981 -0.0183 0.7158
vn 0.0455 -0.8437 -0.5348
vn -0.2506 0.9655 0.0706
vn -0.5241 -0.4281 -0.7363
vn -0.2033 -0.4597 0.8645
vn 0.9772 -0.0762 -0.1984
vn -0.9745 0.2200 0.0442
vn 0.4431 0.5799 -0.6836
vn 0.1117 -0.9614 -0.2514
vn 0.4168 0.1630 0.8942
vn -0.5283 0.2197 -0.8201
vn -0.1673 0.6924 0.7019
vn 0.9741 -0.0176 -0.2256
vn -0.2782 -0.8967 0.3442
vn -0.0788 0.9226 -0.3776
vn -0.9028 -0.4296 0.0164
vn 0.3635 0.0488 0.9303
vn 0.6184 -0.5429 -0.5682
vn -0.7221 0.6108 0.3247
vn -0.0077 -0.0246 -0.9997
vn -0.1569 -0.9204 0.3582
vn 0.8866 0.3377 0.3160
vn -0.9216 0.0502 -0.3849
vn 0.4185 0.9081 -0.0127
vn 0.5537 -0.6292 -0.5454
vn -0.0504 -0.3311 0.9422
vn -0.3044 0.5238 -0.7956
vn -0.5897 0.2054 0.7811
vn 0.9442 0.2459 0.2189
vn -0.0503 -0.9774 -0.2052
vn -0.2047 0.9625 0.1781
vn -0.7094 -0.3889 -0.5878
vn 0.0293 -0.4977 0.8669
vn 0.8863 -0.0738 -0.4573
vn -0.8978 0.3823 0.2186
vn 0.3452 0.4196 -0.8395
vn -0.0801 -0.9883 -0.1301
vn 0.6341 0.1860 0.7505
vn -0.6052 0.1036 -0.7893
vn -0.0044 0.8421 0.5393
vn 0.9301 -0.1857 -0.3169
vn -0.3193 -0.7594 0.5669
vn 0.0082 0.7878 -0.6159
vn -0.9201 -0.1259 0.3708
vn 0.6414 0.1610 0.7501
vn 0.2713 -0.8212 -0.5020
vn -0.5632 0.8206 0.0971
vn -0.1902 -0.4326 -0.8813
vn -0.2146 -0.6395 0.7383
vn 0.9664 0.2523 0.0494
vn -0.9730 0.0631 -0.2219
vn 0.4816 0.7867 -0.3862
vn 0.3766 -0.8441 -0.3816
vn 0.1136 -0.0074 0.9935
vn -0.4054 0.2598 -0.8764
vn -0.3878 0.5636 0.7293
vn 0.9897 0.1385 -0.0366
vn -0.1951 -0.9631 0.1853
vn -0.1146 0.9722 -0.2043
vn -0.8679 -0.4743 -0.1478
vn 0.2832 -0.1074 0.9530
vn 0.6985 -0.3893 -0.6005
vn 0.7728 0.2945 -0.5621
vn -0.5166 -0.7035 -0.4880
vn -0.5938 0.7823 0.1881
vn 0.3395 -0.3772 0.8617
vn -0.8302 -0.0614 -0.5541
vn 0.2146 0.9617 0.1703
vn 0.7582 -0.4303 -0.4899
vn -0.1412 -0.4686 0.8721
vn -0.2627 0.5742 -0.7755
vn -0.7213 0.0254 0.6922
vn 0.8521 0.3432 0.3951
vn 0.1298 -0.9415 -0.3111
vn -0.3859 0.9223 -0.0206
vn -0.6456 -0.6402 -0.4164
vn 0.1726 -0.2715 0.9468
vn 0.8599 -0.0131 -0.5103
vn -0.8985 0.4365 -0.0470
vn 0.3591 -0.1246 -0.9250
vn -0.0870 -0.8901 0.4474
vn 0.6280 0.5761 0.5232
vn 0.9753 0.1391 -0.1715
vn -0.3974 -0.5325 -0.7473
vn -0.4587 0.8867 0.0577
vn -0.1211 -0.4931 0.8615
vn 0.0624 -0.0163 0.9979
vn -0.6687 0.6877 -0.2828
vn -0.2869 -0.8988 -0.3315
vn 0.8954 0.2281 -0.3824
vn -0.5803 0.5933 -0.5580
vn -0.4819 -0.8567 0.1837
vn 0.2115 0.4559 0.8645
vn 0.8494 -0.1956 -0.4902
vn -0.6605 -0.0297 0.7502
vn -0.4790 0.1917 -0.8566
vn 0.4664 -0.8819 -0.0686
vn 0.6731 0.7184 0.1757
vn -0.0634 -0.5769 -0.8143
vn -0.8977 0.0614 0.4363
vn 0.3060 0.9151 -0.2626
vn 0.6559 -0.4011 0.6394
vn -0.0779 0.8024 0.5917
vn -0.7639 -0.0154 -0.6452
vn -0.0195 -0.8280 0.5603
vn 0.8627 0.0424 -0.5040
vn 0.6348 -0.0470 -0.7712
vn -0.4678 -0.8783 0.0992
vn -0.6735 0.7205 -0.1652
vn 0.5065 0.2047 0.8376
vn -0.9976 0.0629 -0.0277
vn 0.2989 -0.8054 -0.5118
vn 0.3046 -0.0800 0.9491
vn 0.3972 0.8202 -0.4116
vn 0.7596 0.0445 -0.6489
vn 0.2059 -0.6765 0.7070
vn -0.8353 -0.2682 -0.4799
vn -0.1307 0.8967 0.4230
vn -0.4309 -0.8140 -0.3896
vn 0.9904 -0.1323 0.0392
vn -0.3537 0.1507 0.9232
vn -0.2063 0.7929 -0.5733
vn 0.3300 0.5872 -0.7391
vn 0.5393 0.1655 0.8257
vn 0.0906 -0.9583 -0.2711
vn -0.9622 0.2030 0.1816
vn -0.2587 -0.4307 0.8646
vn 0.9121 -0.3100 -0.2683
vn 0.0048 0.9942 0.1073
vn -0.6589 -0.2550 -0.7077
vn 0.2850 0.3736 -0.8827
vn 0.7679 0.0384 0.6394
vn -0.2887 -0.9505 -0.1150
vn -0.7611 0.5388 0.3611
vn 0.7006 -0.4707 -0.5363
vn 0.1806 0.9836 -0.0053
vn 0.0203 -0.3344 0.9422
vn -0.8992 -0.1777 -0.3998
vn -0.4808 0.5095 0.7136
vn 0.9388 0.3361 -0.0757
vn -0.4693 0.1247 -0.8742
vn 0.0105 -0.9713 0.2378
vn 0.6931 -0.7208 -0.0039
vn 0.0789 0.5417 -0.8368
vn 0.1392 0.5907 0.7948
vn -0.9099 -0.4123 0.0467
vn 0.3782 0.8752 0.3016
vn 0.6809 -0.4865 -0.5474
vn -0.8184 0.1631 -0.5510
vn -0.2414 -0.5502 0.7994
vn 0.2814 0.5456 -0.7894
vn 0.7796 -0.1275 0.6131
vn -0.3303 -0.8904 -0.3131
vn -0.7315 0.4736 0.4905
vn -0.0868 0.2463 0.9653
vn 0.0642 -0.9941 -0.0876
vn 0.8251 0.4200 -0.3779
vn -0.8029 0.3264 -0.4989
vn 0.5781 -0.2413 0.7795
vn -0.9569 -0.1877 0.2217
vn 0.2680 -0.5452 -0.7943
vn 0.1112 0.9714 -0.2097
vn -0.3284 -0.8639 0.3819
vn 0.1061 0.6693 0.7354
vn -0.6585 0.3459 -0.6684
vn 0.8808 -0.1513 -0.4486
vn -0.6402 -0.0605 0.7658
vn 0.7877 -0.5911 0.1738
vn 0.3089 0.9459 -0.0989
vn -0.4551 -0.2931 -0.8408
vn 0.3109 0.0711 0.9478
vn -0.5765 -0.8108 -0.1009
vn 0.7918 -0.0758 -0.6061
vn -0.5277 0.8141 -0.2425
vn 0.2611 -0.7981 0.5430
vn -0.6710 0.5432 0.5047
vn -0.3986 -0.3030 -0.8656
vn 0.8089 0.5586 -0.1833
vn -0.6762 -0.5723 0.4638
vn 0.5969 0.4246 0.6808
vn -0.4696 0.7099 -0.5250
vn 0.5484 -0.5637 -0.6177
vn -0.4552 0.2466 0.8556
vn 0.3969 -0.9138 0.0869
vn 0.7244 0.6609 -0.1959
vn -0.6679 0.0028 -0.7442
vn 0.3736 -0.1533 0.9148
vn -0.9112 -0.4080 -0.0573
vn 0.5959 -0.4243 -0.6818
vn -0.0615 0.9824 -0.1763
vn -0.1744 -0.9151 0.3637
vn -0.1898 0.6794 0.7088
vn -0.5927 0.1656 -0.7882
vn 0.9567 0.0676 -0.2830
vn -0.6568 -0.4476 0.6068
vn 0.9169 -0.0730 0.3925
vn -0.2452 0.9638 -0.1049
vn -0.0160 -0.4462 -0.8948
vn 0.1834 0.3335 0.9247
vn -0.1945 -0.9805 0.0289
vn 0.7990 0.1615 -0.5792
vn -0.7878 0.4873 -0.3766
vn 0.4829 -0.4034 0.7772
vn -0.9614 0.1345 0.2401
vn 0.0675 -0.6135 -0.7868
vn 0.4136 0.8811 -0.2294
vn -0.2241 0.0004 0.9746
vn -0.7207 0.4743 -0.5056
vn 0.0710 -0.9437 -0.3232
vn 0.8710 0.4699 -0.1435
vn -0.5843 -0.5824 0.5652
vn -0.5546 0.7179 -0.4207
vn 0.4271 -0.5529 -0.7155
vn 0.7079 0.4149 0.5716
vn -0.7033 -0.1901 0.6850
vn 0.3828 0.9098 0.1602
vn -0.4056 -0.0367 -0.9133
vn 0.7254 -0.6848 0.0694
vn 0.1839 0.5396 -0.8216
vn -0.8143 0.3569 0.4577
vn 0.7836 0.0567 0.6187
vn -0.1532 -0.9545 -0.2558
vn -0.1514 0.8934 0.4230
vn -0.3919 0.0005 -0.9200
vn -0.4398 -0.7094 0.5508
vn 0.9821 -0.1808 -0.0533
vn -0.7458 0.6643 -0.0503
vn 0.8346 0.4058 -0.3725
vn -0.2421 -0.8114 -0.5320
vn 0.1514 -0.2592 0.9539
vn -0.0361 0.5149 -0.8565
vn 0.0176 0.6355 0.7719
vn 0.8256 -0.5640 0.0151
vn -0.8066 -0.5873 0.0669
vn 0.4758 0.8504 -0.2247
vn -0.9879 0.1468 -0.0501
vn 0.2463 -0.2860 0.9260
vn 0.2664 -0.7122 -0.6495
vn -0.3413 0.8400 0.4218
vn 0.1716 0.1594 -0.9722
vn -0.6807 -0.7256 0.1005
vn 0.8505 -0.2747 0.4486
vn -0.6858 0.5950 -0.4190
vn 0.7899 0.5444 0.2823
vn 0.2922 -0.6886 -0.6637
vn -0.3950 -0.4545 0.7983
vn 0.0380 0.6918 -0.7211
vn -0.4502 0.3831 0.8065
vn 0.9283 -0.2838 0.2403
vn -0.5151 -0.7937 -0.3236
vn 0.2187 0.9422 0.2538
vn -0.7608 -0.0029 -0.6489
vn -0.2557 -0.5149 0.8182
vn 0.8002 -0.4267 -0.4215
vn -0.5807 0.7920 0.1885
vn 0.5905 0.1990 -0.7821
vn -0.5726 -0.7938 -0.2051
vn 0.5654 -0.1957 0.8013
vn -0.4849 0.2697 -0.8319
vn 0.3076 0.8167 0.4882
vn 0.7931 -0.5596 -0.2404
vn -0.6145 -0.5279 0.5862
vn 0.1474 0.7187 -0.6795
vn -0.8445 0.1847 0.5027
vn 0.7699 -0.0205 0.6378
vn -0.0744 -0.8842 -0.4611
vn -0.4806 -0.1079 -0.8703
vn -0.4314 -0.5772 0.6933
vn -0.0462 0.9560 0.2896
vn 0.9560 -0.2712 -0.1122
vn -0.5015 -0.4844 -0.7168
vn 0.0704 -0.5833 0.8092
vn -0.4857 0.8409 0.2387
vn 0.9157 0.2270 -0.3315
vn 0.9323 -0.3576 0.0542
vn -0.0357 0.9034 0.4273
vn -0.6249 -0.6173 0.4779
vn -0.2727 0.0737 -0.9593
vn -0.8686 0.2406 0.4331
vn 0.7520 0.2009 0.6278
vn 0.1133 0.5330 -0.8385
vn 0.0034 -0.9748 -0.2230
vn 0.3011 -0.5779 0.7586
vn 0.7957 0.3142 -0.5178
vn -0.4954 0.7912 0.3587
vn -0.6015 -0.5277 -0.5998
vn 0.6910 -0.0835 0.7180
vn 0.1516 -0.7035 -0.6944
vn 0.0640 0.9052 -0.4201
vn -0.9094 -0.1180 0.3988
vn -0.0152 -0.0835 -0.9964
vn 0.3433 -0.8494 0.4009
vn -0.9257 0.1757 0.3350
vn 0.5984 0.7576 0.2605
vn 0.1740 -0.8453 -0.5051
vn 0.8168 0.2491 0.5203
vn -0.7672 -0.1362 0.6268
vn -0.2227 0.7320 -0.6438
vn 0.3274 -0.5376 0.7770
vn 0.3784 -0.3765 -0.8456
vn 0.2925 0.9503 0.1063
vn -0.9987 -0.0381 -0.0346
vn 0.9860 -0.1162 -0.1197
vn -0.3756 -0.7964 0.4740
vn -0.4373 0.0937 -0.8944
vn -0.1725 0.8222 0.5425
vn 0.0432 -0.9378 -0.3446
vn 0.8640 0.2275 0.4491
vn -0.7492 0.0838 0.6570
vn -0.1552 0.6270 -0.7634
vn 0.3730 -0.5965 0.7106
vn 0.4771 -0.1697 -0.8623
vn 0.1269 0.9552 0.2675
vn -0.9748 -0.1900 -0.1167
vn 0.9854 -0.1565 0.0672
vn -0.4840 -0.8724 0.0678
vn -0.2086 0.4269 -0.8799
vn -0.2940 0.6017 0.7426
vn 0.6655 -0.6573 -0.3536
vn 0.0081 -0.0224 0.9997
vn -0.9135 -0.2396 -0.3289
vn 0.2371 0.9180 -0.3180
vn -0.0943 -0.9226 0.3740
vn 0.9687 0.2450 -0.0403
vn -0.4815 0.6521 0.5856
vn -0.3927 0.0263 -0.9193
vn 0.4379 -0.4557 0.7750
vn 0.2560 -0.4638 -0.8481
vn 0.3016 0.9527 -0.0372
vn -0.9932 -0.0328 0.1120
vn 0.9267 -0.3154 -0.2042
vn -0.5046 -0.7280 0.4641
vn -0.4676 0.2387 -0.8511
vn 0.0469 0.8045 0.5921
vn 0.3708 -0.8905 -0.2635
vn 0.3395 0.2471 0.9076
vn -0.9987 -0.0480 0.0182
vn 0.2882 0.6909 -0.6630
vn 0.0770 -0.8643 0.4971
vn 0.9095 0.3071 -0.2803
vn -0.4171 0.6879 0.5940
vn -0.5702 -0.1291 -0.8113
vn 0.6496 -0.3801 0.6584
vn 0.0508 -0.5172 -0.8544
vn 0.2276 0.9580 -0.1743
vn -0.9265 -0.0590 0.3717
vn 0.0179 0.0692 -0.9974
vn 0.2713 -0.9219 0.2767
vn -0.9242 0.1855 0.3339
vn 0.6358 0.6672 0.3881
vn 0.3318 -0.8829 -0.3322
vn 0.6101 0.3327 0.7191
vn -0.9245 -0.1061 0.3661
vn -0.0178 0.6558 -0.7547
vn 0.1799 -0.7401 0.6480
vn 0.8009 0.1374 -0.5829
vn -0.1956 0.8404 0.5055
vn -0.7861 -0.2387 -0.5701
vn 0.9205 -0.0837 0.3817
vn -0.3197 -0.9000 -0.2961
vn 0.0194 0.6240 -0.7812
vn -0.6192 0.3595 0.6981
vn 0.7048 -0.6172 -0.3499
vn -0.2472 -0.2693 0.9308
vn -0.8075 -0.0502 -0.5878
vn 0.3488 0.9371 0.0082
vn -0.0390 -0.9836 0.1761
vn 0.9362 0.3248 0.1344
vn -0.6127 0.4757 0.6311
vn -0.2827 0.1829 -0.9416
vn 0.4171 -0.3991 0.8165
vn 0.2800 -0.5218 -0.8058
vn 0.2995 0.9492 -0.0968
vn -0.9957 -0.0309 0.0873
vn 0.9769 -0.2081 0.0491
vn -0.5130 -0.6955 0.5031
vn -0.2901 0.0060 -0.9570
vn -0.1716 0.8978 0.4056
vn 0.1185 -0.9764 -0.1807
vn 0.6073 0.2771 0.7446
vn -0.9493 0.1781 0.2591
vn 0.2215 0.5223 -0.8235
vn 0.1154 -0.7361 0.6670
vn 0.7925 0.0242 -0.6094
vn -0.0805 0.8745 0.4782
vn -0.8282 -0.1628 -0.5363
vn 0.7953 -0.0696 0.6023
vn -0.1213 -0.8630 -0.4904
vn 0.1449 0.7409 -0.6558
vn -0.8177 0.1921 0.5426
vn 0.7611 -0.5819 -0.2867
vn -0.2389 -0.2087 0.9484
vn -0.7911 -0.1679 -0.5881
vn 0.2687 0.9606 -0.0718
vn 0.0791 -0.9902 0.1153
vn 0.7754 0.4508 0.4421
vn -0.8529 0.3157 0.4159
vn -0.0015 0.2220 -0.9750
vn 0.3165 -0.4985 0.8071
vn 0.4737 -0.3422 -0.8115
vn 0.1945 0.9744 0.1127
vn -0.9849 -0.1334 -0.1106
vn 0.9531 -0.2328 0.1932
vn -0.5597 -0.8271 0.0517
vn -0.0680 0.3927 -0.9171
vn -0.3268 0.6641 0.6725
vn 0.5068 -0.7899 -0.3453
vn 0.0388 0.0092 0.9992
vn -0.9536 -0.0606 -0.2949
vn 0.4063 0.8403 -0.3590
vn -0.1754 -0.8656 0.4689
vn 0.9840 0.1177 -0.1339
vn -0.3511 0.7543 0.5548
vn -0.4599 -0.0063 -0.8879
vn 0.5063 -0.0886 0.8578
vn 0.0378 -0.8661 -0.4984
vn 0.4081 0.7254 -0.5544
vn -0.9533 0.2302 0.1953
vn 0.8712 -0.4897 0.0360
vn -0.6135 -0.3536 0.7061
vn -0.4162 -0.1302 -0.8999
vn 0.1584 0.9747 0.1575
vn -0.0838 -0.9964 -0.0163
vn 0.6615 0.2655 0.7014
vn -0.8891 0.4075 0.2086
vn 0.3127 0.3239 -0.8929
vn -0.1925 -0.2669 0.9443
vn 0.5830 -0.6907 -0.4278
vn 0.4692 0.8830 -0.0093
vn -0.8588 0.0722 -0.5072
vn 0.4287 -0.5464 0.7195
vn -0.5342 -0.5982 -0.5973
vn 0.7053 0.4592 -0.5402
vn -0.6006 0.6836 0.4146
vn 0.4628 -0.8849 0.0531
vn 0.6301 0.6867 -0.3625
vn -0.2990 0.2739 0.9141
vn -0.7948 -0.0753 -0.6022
vn -0.4066 0.7078 -0.5776
vn 0.3847 0.4188 0.8226
vn 0.7254 -0.4674 -0.5052
vn -0.7051 -0.6592 0.2613
vn 0.7081 0.7061 -0.0072
vn -0.9018 0.4322 -0.0044
vn 0.0948 -0.5613 0.8222
vn 0.0979 -0.5795 -0.8091
vn -0.1083 0.8428 0.5272
vn 0.1607 0.2303 -0.9598
vn -0.8302 -0.5522 0.0766
vn 0.7774 -0.5188 0.3557
vn -0.4816 0.8450 -0.2326
vn 0.9525 0.2107 0.2197
vn -0.0277 -0.6288 -0.7771
vn -0.4403 -0.4242 0.7913
vn 0.5390 0.5201 -0.6625
vn -0.3450 0.6207 0.7041
vn 0.5749 -0.7002 0.4234
vn -0.7687 -0.4381 -0.4660
vn 0.6622 0.7140 0.2275
vn -0.6854 0.3693 -0.6275
vn -0.4511 -0.3175 0.8341
vn 0.4736 -0.7650 -0.4365
vn -0.4552 0.8219 0.3424
vn 0.6301 0.2510 -0.7348
vn -0.6841 -0.6388 -0.3520
vn 0.5089 -0.4329 0.7440
vn -0.2585 0.7299 -0.6328
vn 0.6100 0.3689 0.7013
vn 0.4681 -0.7265 -0.5030
vn -0.8191 -0.3746 0.4344
vn 0.3996 0.8524 -0.3373
vn -0.8106 0.2060 0.5482
vn 0.6716 -0.4821 0.5626
vn -0.2591 -0.5767 -0.7748
vn 0.1844 -0.1804 0.9662
vn -0.1350 0.9816 -0.1351
vn -0.8236 -0.4930 -0.2802
vn 0.7757 -0.3078 -0.5509
vn 0.3765 0.5181 -0.7680
vn -0.9962 -0.0340 -0.0796
vn 0.2508 0.4472 0.8586
vn 0.3667 -0.9303 -0.0093
vn -0.4712 0.8783 -0.0811
vn 0.0881 -0.4164 -0.9049
vn -0.5255 -0.6082 0.5949
vn 0.9100 0.1465 0.3878
vn -0.7441 0.1097 -0.6590
vn 0.7704 0.5786 -0.2678
vn 0.2904 -0.9568 0.0157
vn -0.3153 0.2656 0.9110
vn 0.0592 -0.0293 -0.9978
vn -0.3668 0.8844 0.2885
vn 0.9126 -0.1268 0.3886
vn -0.6043 -0.7304 0.3184
vn 0.2212 0.7711 -0.5970
vn -0.9031 -0.3585 -0.2366
vn -0.0035 0.3067 0.9518
vn 0.6868 -0.7174 -0.1171
vn -0.8296 0.5514 -0.0879
vn 0.4341 -0.0995 -0.8953
vn -0.2358 -0.9053 0.3534
vn 0.6310 0.4525 0.6302
vn -0.6518 -0.0864 -0.7534
vn 0.4273 0.9035 -0.0329
vn 0.7059 -0.7033 -0.0843
vn -0.4822 -0.1131 0.8687
vn 0.2244 0.3247 -0.9188
vn -0.8348 0.4496 0.3176
vn 0.7520 0.2163 0.6227
vn -0.1409 -0.9898 -0.0230
vn -0.2056 0.9103 -0.3593
vn -0.4244 -0.6905 -0.5858
vn -0.3622 -0.0828 0.9284
vn 0.9905 -0.1363 0.0186
vn -0.9125 0.2748 -0.3030
vn 0.6556 0.1434 -0.7414
vn -0.0080 -0.9675 0.2529
vn 0.2655 0.5521 0.7904
vn -0.2760 -0.3122 -0.9090
vn -0.1947 0.9767 0.0907
vn 0.9798 -0.1603 0.1196
vn -0.5086 -0.5056 0.6969
vn 0.1948 0.5846 -0.7876
vn -0.9827 -0.1774 0.0532
vn 0.3001 0.4579 0.8368
vn 0.4880 -0.8669 -0.1014
vn -0.5473 0.7362 -0.3980
vn 0.1630 -0.7054 -0.6898
vn -0.4903 -0.4007 0.7740
vn 0.8750 0.3681 0.3144
vn -0.8280 -0.3168 -0.4626
vn 0.4696 0.6699 -0.5751
vn 0.6074 -0.7761 0.1694
vn -0.2487 0.4234 0.8711
vn -0.2470 -0.1252 -0.9609
vn -0.4844 0.7918 0.3719
vn 0.9859 0.1497 0.0743
vn -0.2557 -0.8189 0.5138
vn 0.1869 0.8492 -0.4939
vn -0.8328 -0.4195 -0.3612
vn -0.1218 0.1997 0.9723
vn 0.7684 -0.6295 -0.1156
vn -0.6269 0.6599 -0.4142
vn 0.6054 -0.3715 -0.7039
vn -0.5246 -0.7440 0.4137
vn 0.5476 0.4532 0.7034
vn -0.4524 -0.2212 -0.8639
vn 0.4545 0.8871 -0.0801
vn 0.6788 -0.7033 0.2114
vn -0.6807 0.0353 0.7317
vn 0.6124 0.2313 -0.7559
vn -0.9190 0.3376 -0.2038
vn 0.3332 0.4236 0.8424
vn -0.0262 -0.9929 0.1160
vn 0.2601 0.5000 -0.8261
vn -0.6150 -0.7507 -0.2412
vn -0.4666 0.6199 0.6309
vn 0.8206 -0.3689 0.4365
vn -0.5215 -0.4978 0.6930
vn -0.6284 0.4070 -0.6629
vn 0.6161 -0.6329 -0.4689
vn 0.5326 0.7231 0.4398
vn -0.6064 0.6420 0.4692
vn 0.5733 0.4989 -0.6499
vn -0.5478 -0.6778 -0.4904
vn 0.5803 -0.4611 0.6713
vn -0.3510 -0.8396 0.4145
vn -0.4579 0.1562 -0.8752
vn 0.9846 -0.0906 -0.1498
vn -0.1758 0.7737 0.6087
vn 0.1529 -0.8807 -0.4483
vn -0.9522 0.0598 0.2995
vn 0.1912 0.7407 -0.6441
vn 0.6048 0.0831 0.7920
vn -0.4884 0.3506 -0.7991
vn -0.1030 -0.9935 0.0476
vn -0.3800 0.4106 0.8288
vn 0.9695 0.2330 -0.0755
vn 0.6384 -0.2973 0.7099
vn -0.9374 -0.1864 0.2941
vn 0.1881 -0.4995 -0.8456
vn 0.1107 0.9813 -0.1576
vn -0.2508 -0.9123 0.3238
vn -0.0854 0.6585 0.7477
vn -0.6082 0.2662 -0.7478
vn 0.9453 -0.0128 -0.3258
vn -0.9569 0.2039 -0.2066
vn 0.0956 -0.1774 0.9795
vn 0.5730 0.7784 -0.2565
vn 0.2900 -0.8065 -0.5152
vn -0.2263 -0.9308 0.2869
vn 0.8659 0.2737 0.4187
vn -0.7217 0.6276 0.2919
vn 0.0829 0.0299 -0.9961
vn 0.1166 -0.1466 0.9823
vn 0.3947 -0.7713 -0.4992
vn 0.4629 0.8444 -0.2697
vn -0.9748 0.0708 -0.2117
vn 0.9351 -0.3267 0.1372
vn -0.6324 -0.5771 0.5168
vn -0.2302 -0.0429 -0.9722
vn -0.0729 0.9454 0.3176
vn 0.3172 -0.9380 -0.1397
vn 0.1557 0.2664 0.9512
vn -0.9767 0.0565 -0.2071
vn 0.5038 0.6151 -0.6065
vn -0.1446 -0.5560 0.8185
vn 0.9485 -0.0909 -0.3033
vn -0.1933 0.9584 0.2100
vn -0.6116 -0.3129 -0.7266
vn 0.5846 -0.1792 0.7913
vn -0.1061 -0.8394 -0.5330
vn 0.4210 0.7047 -0.5711
vn -0.8966 0.3132 0.3130
vn -0.1743 -0.3721 -0.9117
vn 0.1751 -0.7484 0.6397
vn -0.7982 0.5184 0.3066
vn 0.7983 0.6013 -0.0337
vn 0.1437 -0.9681 0.2051
vn 0.7226 0.5409 0.4305
vn -0.8911 0.2866 0.3520
vn 0.0258 0.1389 -0.9900
vn 0.2244 -0.3292 0.9172
vn 0.6955 -0.3075 -0.6494
vn -0.0301 0.9995 0.0051
vn -0.8908 -0.3621 -0.2746
vn 0.9363 0.0697 0.3443
vn -0.2782 -0.9604 -0.0169
vn -0.0437 0.3792 -0.9243
vn -0.6175 0.5117 0.5974
vn 0.8323 -0.4878 -0.2633
vn -0.2184 -0.2031 0.9545
vn -0.7566 -0.2922 -0.5849
vn 0.1420 0.9841 -0.1066
vn 0.0829 -0.9173 0.3894
vn 0.8456 0.5105 0.1560
vn -0.7622 0.4793 0.4351
vn -0.1683 -0.0712 -0.9832
vn 0.4203 -0.1500 0.8949
vn 0.4377 -0.5893 -0.6791
vn 0.1148 0.9571 -0.2660
vn -0.9751 -0.2160 0.0500
vn 0.9981 0.0463 0.0416
vn -0.3242 -0.7674 0.5531
vn -0.2895 -0.1320 -0.9480
vn -0.3856 0.8529 0.3521
vn 0.3119 -0.9399 -0.1390
vn 0.4758 0.3962 0.7853
vn -0.9853 0.0007 0.1711
vn 0.1965 0.5401 -0.8184
vn 0.2328 -0.6746 0.7005
vn 0.8138 0.2181 -0.5386
vn -0.3434 0.8302 0.4392
vn -0.7072 -0.3741 -0.5999
vn 0.8519 0.2155 0.4773
vn 0.0538 -0.9266 -0.3723
vn -0.1413 0.6483 -0.7482
vn -0.7632 0.0624 0.6431
vn 0.9185 -0.3020 -0.2554
vn -0.2259 -0.3622 0.9043
vn -0.6621 -0.3381 -0.6688
vn -0.0294 0.9994 0.0186
vn 0.1178 -0.9596 0.2556
vn 0.7929 0.5264 0.3069
vn -0.8271 0.3621 0.4298
vn -0.0822 0.0708 -0.9941
vn 0.3936 -0.2382 0.8879
vn 0.5327 -0.4362 -0.7252
vn 0.0222 0.9925 -0.1204
vn -0.9469 -0.3184 -0.0451
vn 0.9687 -0.0044 0.2484
vn -0.4092 -0.8823 0.2328
vn -0.0896 0.1593 -0.9831
vn -0.4691 0.7268 0.5018
vn 0.4848 -0.8373 -0.2526
vn 0.2929 0.2929 0.9102
vn -0.9846 -0.1746 0.0047
vn 0.2061 0.7205 -0.6621
vn 0.1703 -0.8308 0.5299
vn 0.8734 0.4175 -0.2509
vn -0.5356 0.6413 0.5494
vn -0.5086 -0.2284 -0.8301
vn 0.7025 0.0362 0.7107
vn 0.1045 -0.8427 -0.5281
vn 0.0961 0.7879 -0.6083
vn -0.9046 0.0172 0.4258
vn 0.9756 -0.1881 -0.1134
vn -0.3867 -0.6296 0.6738
vn -0.4675 -0.1234 -0.8753
vn -0.1225 0.9419 0.3127
vn 0.2563 -0.9582 -0.1274
vn 0.6256 0.4272 0.6527
vn -0.9346 0.0535 0.3518
vn 0.0532 0.4770 -0.8773
vn 0.2184 -0.5147 0.8291
vn 0.7303 -0.1234 -0.6719
vn -0.0877 0.9703 0.2253
vn -0.8627 -0.3321 -0.3813
vn 0.6277 -0.6163 0.4756
vn -0.3557 -0.4498 -0.8192
vn 0.4875 0.8325 -0.2632
vn -0.7590 0.2357 0.6069
vn 0.0474 -0.9693 0.2411
vn -0.4760 0.1076 -0.8728
vn 0.9253 0.3703 -0.0822
vn -0.4953 0.4955 0.7135
vn -0.5560 0.7136 -0.4261
vn 0.9690 0.2038 -0.1397
vn -0.2174 -0.8839 -0.4142
vn -0.1958 -0.0313 0.9801
vn 0.3471 0.1985 -0.9166
vn -0.1601 0.8583 0.4875
vn 0.6691 -0.5486 0.5013
vn -0.8577 -0.5091 -0.0724
vn 0.7122 0.4885 0.5042
vn -0.1440 0.4450 -0.8839
vn -0.8525 0.0120 0.5226
vn 0.2851 -0.9475 -0.1447
vn -0.4863 0.8731 -0.0348
vn 0.9830 0.1576 -0.0943
vn -0.3134 -0.5880 -0.7457
vn -0.1822 -0.4443 0.8771
vn 0.5365 0.0795 -0.8401
vn -0.1513 0.9098 0.3864
vn 0.4948 -0.5661 0.6593
vn -0.8812 -0.4243 -0.2084
vn -0.1160 0.2675 0.9566
vn 0.1613 0.8146 -0.5572
vn -0.8265 -0.4635 -0.3195
vn 0.7822 -0.6178 -0.0808
vn -0.3582 -0.5096 -0.7823
vn -0.7349 0.5364 0.4150
vn 0.7270 0.6146 -0.3061
vn 0.3659 -0.6419 0.6739
vn -0.6106 0.5646 -0.5553
vn -0.4340 -0.8834 0.1769
vn 0.1869 0.4615 0.8672
vn 0.8595 -0.1428 -0.4907
vn -0.9877 0.0765 0.1361
vn 0.1899 -0.2925 -0.9372
vn 0.3709 -0.6721 0.6408
vn 0.4278 0.8894 0.1612
vn -0.5208 -0.7849 -0.3357
vn -0.4587 0.8442 -0.2772
vn 0.9217 -0.0245 -0.3872
vn 0.0576 -0.0363 0.9977
vn -0.5545 -0.0374 -0.8313
vn -0.5843 -0.1609 0.7954
vn 0.4289 0.9000 0.0777
vn 0.7085 -0.7044 -0.0431
vn -0.8372 0.5469 -0.0081
vn -0.2067 -0.9324 -0.2966
vn 0.3762 -0.0199 0.9263
vn 0.6677 0.4079 -0.6227
vn -0.9192 -0.3282 0.2178
vn 0.0169 0.3535 -0.9353
vn 0.6526 -0.7533 0.0816
vn 0.2524 0.7297 0.6354
vn -0.4252 -0.5950 -0.6821
vn -0.6272 0.7420 0.2369
vn 0.8424 0.3874 -0.3746
vn 0.2114 -0.5314 0.8203
vn -0.5400 0.1899 -0.8200
vn -0.5635 -0.4972 0.6598
vn 0.3057 0.8618 0.4048
vn 0.7963 -0.5530 -0.2449
vn -0.9151 0.3611 0.1792
vn -0.0667 -0.7878 -0.6124
vn 0.4229 -0.2823 0.8611
vn 0.5599 0.7095 -0.4280
vn -0.7623 -0.6100 0.2166
vn -0.2498 0.5819 -0.7739
vn 0.8059 -0.5424 -0.2373
vn 0.2064 0.5724 0.7936
vn -0.5548 -0.4263 -0.7145
vn -0.5905 0.5203 0.6169
vn 0.6664 0.6162 -0.4198
vn 0.4804 -0.7100 0.5149
vn -0.7480 0.4593 -0.4791
vn -0.3289 -0.8667 0.3750
vn 0.3289 0.5852 0.7412
vn 0.7483 -0.1767 -0.6393
vn -0.9129 -0.0196 0.4078
vn -0.0570 -0.2673 -0.9619
vn 0.5951 -0.6358 0.4915
vn 0.3770 0.9241 0.0632
vn -0.6826 -0.7218 -0.1147
vn -0.3976 0.8817 -0.2541
vn 0.7884 -0.1924 -0.5844
vn 0.2941 0.0341 0.9552
vn -0.4778 0.0903 -0.8738
vn -0.6437 -0.3212 0.6946
vn 0.3728 0.8867 0.2735
vn 0.7475 -0.6575 -0.0947
vn -0.9519 0.2955 -0.0816
vn 0.1338 -0.8480 -0.5128
vn 0.2170 -0.1548 0.9638
vn 0.6022 0.7080 -0.3689
vn -0.8013 -0.5963 -0.0480
vn -0.0201 0.6444 -0.7644
vn 0.8320 -0.5526 -0.0498
vn -0.0109 0.5070 0.8619
vn -0.4355 -0.3873 -0.8126
vn -0.6726 0.5306 0.5158
vn 0.7532 0.5964 -0.2775
vn 0.3512 -0.7394 0.5744
vn -0.6403 0.4506 -0.6221
vn -0.3577 -0.8990 0.2528
vn 0.1136 0.5543 0.8245
vn 0.8842 -0.1077 -0.4546
vn -0.9075 -0.0865 0.4111
vn -0.0591 -0.1751 -0.9828
vn 0.6199 -0.6642 0.4178
vn 0.3486 0.9248 0.1522
vn -0.6678 -0.6907 -0.2775
vn -0.3800 0.9122 -0.1531
vn 0.8349 -0.1091 -0.5395
vn 0.2118 -0.1120 0.9709
vn 0.3186 -0.1747 0.9317
vn -0.5429 0.8397 -0.0120
vn -0.5632 -0.7649 -0.3125
vn 0.7884 0.1001 -0.6070
vn -0.7437 0.6685 -0.0057
vn -0.3567 -0.8959 -0.2649
vn 0.3926 -0.0521 0.9182
vn 0.7076 0.2805 -0.6486
vn 0.6564 -0.3991 0.6402
vn -0.7001 0.4990 0.5107
vn -0.4313 -0.7280 -0.5329
vn 0.4739 0.6292 -0.6161
vn -0.2000 -0.2873 0.9367
vn 0.5095 0.8603 0.0170
vn -0.8567 0.1293 -0.4994
vn 0.5484 -0.7027 -0.4533
vn -0.0736 0.2768 0.9581
vn 0.9598 -0.1712 -0.2225
vn -0.3549 0.7269 -0.5880
vn -0.5301 -0.8349 -0.1479
vn 0.6351 0.7633 0.1180
vn 0.0512 -0.6036 0.7956
vn 0.2454 -0.5128 -0.8227
vn -0.9315 0.3518 -0.0924
vn 0.9051 -0.0746 0.4186
vn -0.5520 0.6563 0.5144
vn -0.4479 -0.8940 0.0114
vn 0.0926 0.3134 -0.9451
vn -0.0614 -0.0676 0.9958
vn 0.7488 0.6152 -0.2468
vn -0.8597 0.3594 -0.3630
vn 0.1717 -0.9065 -0.3858
vn 0.1507 0.7226 0.6747
vn 0.6822 -0.7206 0.1242
vn 0.0840 0.3815 -0.9205
vn -0.9158 -0.3836 0.1194
vn 0.9482 0.3173 0.0167
vn -0.3713 0.0074 0.9285
vn -0.0345 -0.9314 -0.3624
vn -0.5418 0.6051 -0.5833
vn 0.4821 -0.4864 0.7287
vn 0.3178 0.9474 -0.0375
vn -0.9823 -0.0144 0.1866
vn 0.1804 -0.4475 -0.8759
vn -0.2301 0.5462 0.8054
vn 0.9330 -0.3483 0.0908
vn -0.0641 0.5695 -0.8195
vn -0.6378 -0.7665 -0.0758
vn 0.7526 0.6552 -0.0660
vn -0.1502 -0.2415 0.9587
vn 0.2318 -0.8234 -0.5180
vn -0.8335 0.4079 -0.3727
vn 0.4221 -0.7759 0.4689
vn 0.3391 0.8517 0.3994
vn -0.9933 -0.0460 0.1064
vn 0.2317 -0.0312 -0.9723
vn 0.1466 -0.1155 0.9824
vn 0.8756 -0.0575 -0.4797
vn -0.4137 0.8940 -0.1721
vn -0.6097 -0.7201 -0.3311
vn 0.7738 0.6184 0.1372
vn 0.1123 -0.8046 0.5831
vn -0.0364 -0.2816 -0.9588
vn -0.8507 0.4682 0.2387
vn 0.9017 -0.4044 0.1532
vn -0.2043 0.6478 0.7339
vn -0.6898 -0.7240 -0.0107
vn -0.0081 0.4791 -0.8777
vn 0.3254 -0.2737 0.9051
vn 0.6702 0.6067 -0.4276
vn -0.8734 0.4788 0.0896
vn -0.1225 -0.8141 -0.5676
vn 0.3709 0.7484 0.5499
vn 0.6331 -0.7736 0.0252
vn -0.1182 0.3061 -0.9446
vn -0.8869 -0.2788 0.3684
vn 0.9552 0.2956 0.0172
vn -0.3317 -0.1094 0.9370
vn -0.0713 -0.8725 -0.4834
vn -0.5527 0.6883 -0.4698
vn 0.5612 -0.5143 0.6485
vn 0.2452 0.9685 0.0435
vn -0.9662 -0.1108 0.2329
vn 0.1616 -0.3421 -0.9257
vn -0.2900 0.4207 0.8596
vn 0.9983 -0.0532 -0.0248
vn -0.3215 0.5545 -0.7675
vn -0.3824 -0.9215 -0.0677
vn 0.4989 -0.6490 -0.5744
vn 0.2977 0.9303 -0.2141
vn 0.1850 -0.1956 0.9631
vn -0.9805 -0.0872 -0.1760
vn -0.4691 -0.6634 -0.5829
vn 0.0460 0.8828 -0.4675
vn 0.9259 -0.3244 0.1935
vn -0.5020 0.1031 0.8587
vn 0.4532 0.7341 -0.5058
vn 0.5761 -0.8173 -0.0077
vn -0.8776 -0.2078 -0.4319
vn -0.1509 0.2917 0.9445
vn 0.2239 -0.5080 -0.8318
vn 0.7592 0.6062 0.2370
vn -0.1592 -0.6429 0.7493
vn -0.8260 0.5427 -0.1524
vn 0.9444 -0.2618 -0.1989
vn -0.3582 0.5597 -0.7472
vn -0.0274 0.5238 0.8514
vn -0.5565 -0.8252 0.0968
vn 0.7527 0.5606 -0.3451
vn -0.2727 -0.6616 -0.6986
vn -0.7770 0.5880 0.2247
vn 0.2973 -0.4886 0.8203
vn 0.1076 0.4001 -0.9102
vn 0.7393 -0.6535 0.1624
vn -0.8794 -0.4725 0.0585
vn 0.0347 0.7242 0.6887
vn 0.2791 -0.6112 -0.7406
vn 0.6156 0.7875 0.0314
vn 0.0411 -0.4927 0.8692
vn -0.9359 0.3128 -0.1620
vn 0.9620 -0.2203 -0.1612
vn -0.4143 0.3240 -0.8505
vn -0.0659 0.7142 0.6968
vn -0.4797 -0.8183 0.3166
vn 0.5691 0.6136 -0.5474
vn 0.0468 -0.9248 -0.3776
vn -0.9474 0.3194 -0.0184
vn 0.3330 -0.0075 0.9429
vn 0.0734 0.0591 -0.9956
vn 0.9120 -0.0944 0.3993
vn -0.5546 -0.7953 0.2449
vn -0.4309 0.8309 0.3519
vn 0.6665 -0.6398 -0.3826
vn 0.0129 0.8508 -0.5254
vn 0.2327 0.1949 0.9528
vn -0.9128 -0.4061 -0.0427
vn 0.9232 0.2264 -0.3106
vn -0.5276 -0.3724 -0.7635
vn -0.4480 0.8260 0.3421
vn 0.0534 -0.6785 0.7327
vn 0.0460 0.5215 -0.8520
vn 0.6443 -0.7637 -0.0406
vn -0.9270 -0.3525 0.1280
vn 0.2371 0.5958 0.7673
vn -0.0305 -0.5897 -0.8070
vn 0.7295 0.6757 -0.1063
vn 0.1773 -0.5555 0.8124
vn -0.8765 0.4706 0.1014
vn 0.7503 -0.3149 -0.5812
vn -0.5949 0.6083 -0.5255
vn 0.3723 0.4923 0.7868
vn -0.5291 -0.7859 0.3202
vn 0.5422 0.5170 -0.6623
vn -0.4971 -0.7277 -0.4726
vn -0.6489 0.6130 0.4508
vn 0.6056 -0.4043 0.6854
vn 0.4532 -0.6745 0.5828
vn -0.2777 -0.4327 -0.8577
vn 0.6303 0.7518 -0.1935
vn -0.8062 0.3573 0.4716
vn -0.0568 -0.5330 -0.8442
vn -0.2100 0.9585 -0.1926
vn 0.9247 -0.0670 0.3748
vn -0.6567 -0.3583 0.6636
vn 0.2498 0.2928 -0.9230
vn -0.9750 -0.2204 0.0278
vn 0.1917 0.7367 0.6485
vn 0.5323 -0.8095 0.2476
vn -0.5443 0.6707 -0.5039
vn 0.1217 -0.8208 -0.5581
vn -0.4722 -0.2431 0.8473
vn 0.8941 0.3923 0.2160
vn -0.7764 -0.3129 -0.5471
vn 0.5846 0.5860 -0.5611
vn 0.5265 -0.7887 0.3174
vn -0.3321 0.5158 0.7897
vn -0.0126 -0.2930 -0.9560
vn -0.6682 0.7316 0.1352
vn 0.9123 0.3365 0.2333
vn -0.2302 -0.7748 0.5888
vn 0.1106 0.6002 -0.7922
vn -0.8079 -0.5750 -0.1292
vn -0.1111 0.5540 0.8251
vn 0.8097 -0.5786 0.0978
vn -0.7416 0.4577 -0.4905
vn 0.6220 -0.4227 -0.6591
vn -0.3817 -0.7031 0.6000
vn 0.5034 0.6677 0.5484
vn -0.4682 -0.5481 -0.6931
vn 0.0914 0.9419 -0.3231
vn 0.9087 -0.3832 0.1656
vn -0.5276 -0.0104 0.8494
vn 0.2719 0.0555 -0.9607
vn -0.9853 0.1522 0.0775
vn 0.4848 0.6996 0.5249
vn 0.2277 -0.9053 0.3587
vn -0.3888 0.6841 -0.6171
vn -0.0273 -0.8984 -0.4384
vn -0.5337 -0.0268 0.8452
vn 0.9471 0.2399 0.2132
vn -0.7578 -0.0908 -0.6461
vn 0.7907 0.3941 -0.4685
vn 0.2422 -0.8999 0.3627
vn -0.2746 0.5964 0.7542
vn -0.0174 -0.4210 -0.9069
vn -0.3257 0.9432 -0.0648
vn 0.9354 -0.0054 0.3534
vn -0.5913 -0.5170 0.6189
vn 0.1760 0.3588 -0.9167
vn -0.9213 -0.3873 0.0355
vn 0.0780 0.7410 0.6670
vn 0.6681 -0.7126 0.2140
vn -0.7395 0.5752 -0.3497
vn 0.4148 -0.5046 -0.7572
vn -0.3711 -0.6432 0.6697
vn 0.6935 0.5734 0.4362
vn -0.6779 -0.2218 -0.7009
vn 0.5622 0.7656 -0.3126
vn 0.5811 -0.7967 0.1664
vn -0.4667 0.2543 0.8471
vn 0.0098 -0.0065 -0.9999
vn -0.7909 0.5208 0.3212
vn 0.8393 0.4235 0.3409
vn -0.0610 -0.9397 0.3365
vn 0.1812 0.0451 -0.9824
vn -0.7177 -0.6739 0.1753
vn -0.2980 0.8969 0.3268
vn 0.8351 -0.2700 0.4793
vn -0.9119 0.3234 -0.2525
vn 0.5892 0.0056 -0.8080
vn -0.0647 -0.9305 0.3606
vn 0.3887 0.6025 0.6971
vn -0.3262 -0.4744 -0.8177
vn -0.0061 0.9866 -0.1632
vn 0.9312 -0.2990 0.2087
vn -0.6006 -0.2133 0.7706
vn 0.1411 0.4042 -0.9037
vn -0.9547 0.1184 0.2729
vn 0.5935 0.4529 0.6653
vn 0.2207 -0.9748 -0.0329
vn -0.3270 0.7046 -0.6297
vn -0.4119 -0.8780 -0.2440
vn -0.2582 0.2424 0.9352
vn 0.9958 -0.0675 -0.0625
vn -0.2731 -0.4968 0.8237
vn -0.8179 0.2886 -0.4978
vn 0.5539 -0.5947 -0.5827
vn 0.5333 0.8057 0.2578
vn -0.1233 0.1319 0.9836
vn -0.1545 0.8649 -0.4775
vn -0.6552 -0.6811 -0.3268
vn 0.9307 -0.3201 -0.1771
vn -0.3962 0.5180 -0.7581
vn -0.4999 0.2083 0.8406
vn 0.9611 0.2524 0.1121
vn -0.0676 -0.9787 -0.1941
vn 0.1953 0.9761 -0.0955
vn -0.9436 -0.1794 -0.2784
vn 0.1259 -0.2715 0.9542
vn 0.6206 -0.5250 -0.5824
vn -0.5302 -0.5615 0.6353
vn -0.5402 0.7955 -0.2744
vn 0.2307 -0.5415 -0.8084
vn 0.8415 0.3061 0.4452
vn 0.5813 0.4521 -0.6765
vn -0.9526 0.0361 -0.3020
vn 0.0899 0.4660 0.8802
vn 0.2820 -0.9546 0.0961
vn -0.4774 -0.8729 -0.1001
vn -0.6109 0.6659 0.4283
vn 0.2770 0.3320 -0.9017
vn 0.8107 -0.1254 0.5718
vn 0.3321 0.2451 0.9109
vn -0.3223 0.8219 -0.4697
vn -0.7532 -0.6523 0.0845
vn 0.7426 -0.4153 -0.5254
vn -0.1788 0.5511 0.8151
vn 0.8105 0.3518 -0.4683
vn -0.7888 0.0494 -0.6127
vn 0.1578 -0.9514 0.2646
vn 0.4643 -0.8852 0.0278
vn 0.0701 0.3840 -0.9207
vn 0.4307 0.6219 0.6540
vn -0.9636 -0.1205 0.2388
vn 0.8724 0.4061 -0.2720
vn -0.1163 -0.8805 -0.4596
vn -0.7481 0.6109 -0.2592
vn -0.0070 -0.1356 0.9907
vn 0.0129 0.2393 -0.9709
vn 0.7554 -0.6233 0.2021
vn -0.8666 -0.4470 0.2220
vn 0.0982 0.8308 0.5479
vn 0.2720 -0.0000 0.9623
vn -0.0783 -0.9428 -0.3241
vn 0.6876 0.4821 -0.5429
vn -0.8830 0.4600 -0.0935
vn 0.7935 -0.3733 0.4806
vn -0.7846 -0.6064 0.1295
vn 0.2050 0.0728 -0.9760
vn -0.2143 0.9059 0.3653
vn -0.3888 0.0472 0.9201
vn -0.7290 -0.1838 -0.6593
vn 0.6781 -0.7341 -0.0370
vn 0.4390 0.8705 -0.2223
vn -0.5852 -0.5976 0.5481
vn -0.4737 0.8641 -0.1701
vn 0.2068 -0.4448 -0.8714
vn 0.8504 0.1792 0.4946
vn -0.9689 -0.0361 -0.2447
vn 0.0920 0.2850 0.9541
vn 0.4704 0.6567 -0.5895
vn 0.4063 -0.9064 -0.1154
vn -0.1736 0.9809 0.0875
vn -0.8473 -0.5039 0.1679
vn 0.6898 -0.2802 0.6675
vn 0.3293 -0.1989 -0.9230
vn -0.1633 -0.4841 0.8596
vn -0.7494 0.6397 -0.1708
vn 0.0489 -0.6609 -0.7489
vn 0.8629 0.5017 0.0605
vn 0.1621 -0.1345 0.9776
vn -0.3687 0.9167 -0.1540
vn -0.6539 -0.6831 -0.3252
vn 0.8605 -0.1016 -0.4991
vn 0.1081 -0.3215 0.9407
vn 0.3423 0.9368 -0.0720
vn -0.9669 -0.0218 -0.2543
vn 0.5188 -0.5940 -0.6149
vn -0.0012 0.3508 -0.9364
vn -0.4127 0.6775 0.6088
vn 0.9408 -0.1795 0.2875
vn -0.5265 -0.8492 0.0399
vn -0.9631 -0.0824 0.2563
vn 0.5304 0.2952 0.7947
vn 0.0939 0.6732 -0.7334
vn 0.3369 -0.8869 -0.3161
vn 0.9916 -0.0636 -0.1130
vn -0.2512 0.9435 0.2161
vn -0.2875 -0.6026 0.7444
vn -0.4519 -0.2783 -0.8476
vn -0.9145 0.2716 -0.2999
vn 0.1197 0.2377 0.9639
vn 0.6844 0.4777 -0.5508
vn 0.1091 -0.9878 -0.1112
vn 0.4284 -0.6912 0.5820
vn 0.3526 0.9045 0.2397
vn -0.9904 -0.0192 0.1368
vn 0.2081 -0.1936 -0.9588
vn 0.5147 -0.5709 0.6396
vn 0.5431 0.8076 -0.2298
vn -0.8607 0.2830 0.4232
vn -0.1942 -0.5189 -0.8325
vn -0.0414 -0.6146 -0.7878
vn -0.4154 0.8768 -0.2421
vn 0.9539 0.1443 0.2632
vn -0.4970 -0.4076 0.7661
vn 0.7785 0.4736 -0.4120
vn -0.5049 -0.4925 -0.7089
vn -0.6039 0.6656 0.4385
vn 0.3315 -0.6518 0.6821
vn 0.0627 -0.9885 0.1374
vn -0.9589 0.2612 -0.1108
vn 0.5123 0.2550 -0.8201
vn 0.3846 0.4731 0.7926
vn -0.3468 -0.3532 -0.8689
vn -0.2633 -0.6182 0.7406
vn -0.3843 0.9074 0.1701
vn 0.9971 0.0644 -0.0409
vn -0.9947 -0.0265 0.0998
vn 0.3138 -0.8568 -0.4092
vn 0.4216 0.1145 0.8995
vn 0.2564 0.7664 -0.5890
vn 0.9924 -0.0618 0.1060
vn -0.4244 -0.8241 0.3751
vn -0.2262 0.0819 -0.9706
vn -0.3407 0.8025 0.4898
vn -0.9968 -0.0037 0.0804
vn 0.2933 -0.7700 -0.5666
vn 0.4060 -0.0819 0.9102
vn 0.2993 0.8543 -0.4251
vn 0.7345 0.2653 -0.6246
vn 0.2591 -0.8366 0.4827
vn -0.8372 -0.1628 -0.5220
vn -0.1543 0.7328 0.6627
vn -0.7530 -0.4222 0.5048
vn 0.3707 -0.6605 -0.6529
vn 0.7170 0.2785 0.6391
vn -0.3349 0.8043 -0.4908
vn -0.2764 0.0912 -0.9567
vn 0.9726 -0.2283 0.0445
vn -0.5320 -0.7261 0.4356
vn -0.1634 0.8641 0.4761
vn 0.3813 0.3448 0.8577
vn 0.2947 -0.9457 -0.1369
vn 0.3240 0.5623 -0.7608
vn -0.9985 0.0383 0.0394
vn -0.1584 -0.3361 -0.9284
vn 0.9818 0.0069 0.1900
vn -0.4629 -0.5993 0.6531
vn -0.3600 0.9289 0.0867
vn 0.5250 0.7529 -0.3969
vn 0.3896 -0.2491 0.8867
vn 0.0373 -0.7885 -0.6139
vn -0.9498 0.2864 0.1258
vn -0.6403 -0.5296 0.5563
vn 0.9066 -0.4199 0.0422
vn 0.0530 0.9354 0.3496
vn -0.3182 0.0166 -0.9479
vn 0.6363 0.2105 -0.7422
vn 0.4198 0.2294 0.8782
vn -0.2208 -0.9751 -0.0195
vn -0.8369 0.5346 -0.1177
vn -0.5847 0.5987 0.5474
vn 0.4092 -0.6974 0.5884
vn 0.7222 0.5419 -0.4297
vn -0.5481 -0.4424 -0.7098
vn -0.3967 -0.9087 -0.1298
vn 0.9258 -0.0889 0.3675
vn -0.5642 0.5234 0.6385
vn 0.0339 0.4744 -0.8796
vn -0.2522 -0.8778 0.4073
vn 0.8479 -0.1063 -0.5193
vn 0.1330 0.6781 0.7228
vn -0.7284 0.3068 -0.6126
vn 0.1652 0.9189 -0.3583
vn 0.8682 -0.4927 0.0594
vn -0.6217 -0.4895 -0.6115
vn -0.4105 0.0631 0.9097
vn 0.2377 -0.4841 0.8421
vn -0.0503 -0.6513 -0.7572
vn 0.6981 0.6875 -0.2000
vn -0.8870 0.4481 0.1119
vn 0.4924 0.2266 -0.8404
vn 0.3726 -0.8439 0.3859
vn -0.9706 -0.1279 -0.2040
vn 0.1049 0.7441 0.6598
vn 0.3051 -0.3851 -0.8710
vn 0.7338 -0.0764 0.6751
vn -0.8023 -0.5018 0.3233
vn -0.2385 0.9627 -0.1279
vn 0.3668 0.8865 0.2820
vn -0.3164 -0.5028 0.8044
vn 0.7157 -0.5232 -0.4627
vn -0.7677 0.1395 -0.6254
vn 0.5225 0.2136 0.8254
vn -0.7949 0.6040 -0.0579
vn -0.3053 -0.9515 0.0382
vn 0.5772 0.1320 -0.8059
vn -0.5272 0.2839 0.8009
vn 0.6923 0.6915 -0.2063
vn -0.6116 -0.1021 -0.7846
vn 0.4471 -0.8738 0.1911
vn -0.3411 0.9271 0.1552
vn 0.4354 -0.3387 0.8341
vn 0.6669 0.0108 -0.7451
vn -0.7619 -0.5993 -0.2456
vn 0.6142 0.7110 0.3423
vn -0.8987 0.1009 0.4267
vn 0.3761 -0.9001 0.2201
vn -0.0906 0.0887 -0.9919
vn -0.1325 0.0681 0.9888
vn 0.0463 0.9179 -0.3941
vn -0.7646 -0.5006 -0.4059
vn 0.8527 -0.4868 -0.1895
vn -0.5298 0.6372 0.5598
vn 0.9761 0.1607 0.1462
vn -0.2177 0.1410 -0.9658
vn -0.2292 -0.9379 0.2603
vn 0.2360 0.9651 0.1135
vn -0.0792 -0.4322 0.8983
vn 0.7172 -0.4567 -0.5264
vn -0.8705 -0.0752 -0.4863
vn 0.7164 0.1219 0.6870
vn -0.6782 0.7291 0.0914
vn -0.4457 -0.8848 0.1358
vn 0.4042 0.0331 -0.9141
vn -0.0441 0.2355 0.9709
vn 0.5535 0.6785 -0.4830
vn -0.9247 -0.0097 -0.3806
vn 0.4141 -0.9039 -0.1069
vn -0.1627 0.8912 0.4234
vn 0.7711 -0.4514 0.4491
vn 0.2065 0.1279 -0.9701
vn -0.8172 -0.5681 0.0971
vn 0.8666 0.4702 0.1671
vn -0.6200 0.1659 0.7669
vn 0.1646 -0.9822 -0.0902
vn -0.4097 0.3467 -0.8438
vn 0.5567 0.0554 0.8289
vn -0.2212 0.9220 -0.3179
vn -0.8466 -0.4928 0.2011
vn 0.5113 -0.4837 -0.7104
vn 0.5009 -0.0330 -0.8649
vn -0.9697 0.1600 -0.1846
vn 0.3553 0.7427 0.5676
vn 0.1096 -0.8696 0.4814
vn -0.3044 0.8805 0.3635
vn -0.2989 -0.0942 -0.9496
vn -0.3963 -0.7375 0.5469
vn 0.9980 -0.0503 0.0373
vn -0.7351 -0.6072 -0.3015
vn 0.1360 0.7212 -0.6792
vn 0.8455 -0.5239 0.1032
vn -0.2465 0.4101 0.8781
vn -0.1304 -0.6005 -0.7889
vn -0.0651 0.9532 -0.2953
vn 0.9013 -0.1653 0.4005
vn -0.7065 -0.1861 0.6828
vn 0.6839 0.3370 -0.6471
vn -0.8616 -0.1615 -0.4812
vn -0.1400 0.6812 0.7186
vn 0.3170 -0.8563 0.4078
vn -0.2588 0.5731 -0.7775
vn 0.3505 -0.8750 -0.3340
vn -0.7994 -0.1594 0.5793
vn 0.7095 0.4621 0.5320
vn -0.3333 -0.3169 -0.8879
vn 0.8961 0.4284 -0.1159
vn 0.0816 -0.7790 0.6217
vn -0.6435 0.6651 0.3790
vn 0.6020 -0.5163 -0.6092
vn -0.3709 0.7913 -0.4861
vn 0.5211 0.3103 0.7951
vn -0.7506 -0.5884 0.3008
vn 0.6064 0.4609 -0.6480
vn -0.6187 -0.6073 -0.4983
vn -0.5318 0.6797 0.5052
vn 0.5470 -0.5364 0.6427
vn -0.4102 0.2706 -0.8709
vn 0.8567 -0.4872 -0.1696
vn -0.6303 -0.5983 0.4948
vn 0.1843 0.8162 0.5476
vn -0.0783 -0.6155 -0.7842
vn 0.4943 0.8260 -0.2710
vn 0.4980 -0.4602 0.7350
vn -0.9143 0.2475 0.3206
vn 0.7775 -0.0385 -0.6277
vn -0.8442 0.1161 -0.5233
vn 0.1117 0.7739 0.6233
vn -0.0442 -0.8497 0.5254
vn 0.2143 0.6883 -0.6931
vn -0.0345 -0.9035 -0.4271
vn -0.8873 0.2064 0.4125
vn 0.7080 0.0120 0.7061
vn -0.9720 -0.2112 -0.1032
vn 0.4443 -0.0320 -0.8953
vn 0.4243 -0.6695 0.6097
vn 0.1016 0.9165 0.3870
vn 0.9959 0.0878 0.0200
vn -0.2514 -0.8881 -0.3849
vn -0.3857 0.7294 -0.5650
vn -0.3591 0.0715 0.9306
vn 0.9132 -0.3258 0.2446
vn -0.6351 -0.7721 -0.0194
vn 0.0303 0.4303 -0.9022
vn -0.3103 0.6675 0.6769
vn 0.2413 -0.2300 0.9428
vn -0.9698 -0.1902 -0.1529
vn 0.5499 -0.5506 -0.6280
vn 0.1789 0.9702 -0.1635
vn -0.1215 -0.1264 0.9845
vn -0.4603 0.8413 -0.2835
vn -0.3950 -0.7793 -0.4865
vn 0.9749 0.0663 -0.2124
vn -0.7568 0.0245 -0.6532
vn -0.2535 0.5032 0.8261
vn 0.8061 0.4229 -0.4141
vn 0.2049 -0.9488 0.2402
vn 0.0284 0.5566 -0.8303
vn -0.4453 0.5152 0.7323
vn 0.9314 -0.2335 0.2792
vn -0.5137 -0.8393 -0.1781
vn 0.8774 -0.4590 0.1397
vn 0.1569 0.9056 -0.3941
vn -0.4710 0.0968 0.8768
vn -0.5640 -0.5433 -0.6219
vn -0.7473 0.4153 -0.5187
vn 0.3244 0.6482 0.6889
vn 0.7485 -0.2316 -0.6214
vn -0.3268 -0.8306 0.4509
vn -0.4142 -0.2519 0.8747
vn 0.9225 0.3529 0.1564
vn -0.5551 0.7049 -0.4415
vn 0.0468 -0.8044 -0.5923
vn 0.0433 -0.5005 0.8646
vn 0.7960 -0.2334 -0.5585
vn -0.0020 0.9832 0.1826
vn -0.8356 -0.2503 -0.4889
vn 0.3136 0.5517 -0.7728
vn 0.7916 -0.3270 0.5162
vn -0.5250 -0.7809 -0.3383
vn -0.5782 0.5556 0.5976
vn 0.5887 0.5734 -0.5698
vn 0.2494 0.1178 0.9612
vn 0.1185 -0.9578 -0.2618
vn -0.9549 0.2665 -0.1309
vn -0.5954 -0.4523 0.6640
vn 0.9369 -0.3314 0.1113
vn -0.0242 0.9883 0.1508
vn -0.3190 -0.2046 -0.9254
vn 0.6045 0.3240 0.7277
vn -0.3398 -0.9118 0.2306
vn 0.5053 -0.0412 -0.8620
vn -0.7719 0.6280 -0.0990
vn 0.6471 -0.7084 0.2817
vn -0.3582 0.4663 0.8089
vn -0.7558 -0.4202 -0.5022
vn 0.4659 0.6612 -0.5880
vn -0.5449 -0.5430 0.6389
vn 0.9699 -0.0988 0.2225
vn -0.2622 0.9623 0.0721
vn -0.1624 -0.3207 -0.9332
vn 0.3145 0.3390 0.8867
vn -0.1504 -0.9871 0.0547
vn 0.6900 0.1949 -0.6970
vn -0.8573 0.4538 -0.2429
vn 0.7036 -0.5951 0.3883
vn -0.6909 0.1933 0.6966
vn -0.4301 -0.4559 -0.7792
vn 0.4146 0.8567 -0.3068
vn -0.1138 -0.7624 0.6371
vn 0.5524 0.7153 0.4280
vn -0.8966 0.3740 -0.2370
vn 0.4589 -0.3268 -0.8262
vn -0.1743 0.2447 0.9538
vn 0.8096 -0.5847 -0.0508
vn 0.1551 0.8298 -0.5360
vn -0.7905 -0.4908 -0.3663
vn 0.6067 0.3115 0.7313
vn -0.3898 -0.8879 0.2444
vn 0.5194 -0.0865 -0.8501
vn -0.7376 0.6642 -0.1215
vn 0.5447 -0.6746 0.4983
vn -0.6014 0.4800 0.6387
vn -0.5512 -0.4653 -0.6926
vn 0.6080 0.6584 -0.4436
vn -0.3955 -0.5572 0.7301
vn 0.7831 0.5118 0.3532
vn -0.6889 0.6405 -0.3393
vn 0.3018 -0.5966 -0.7436
vn -0.0324 0.3320 0.9427
vn 0.5178 -0.8548 -0.0340
vn 0.4447 0.6826 -0.5799
vn -0.9307 -0.1601 -0.3289
vn 0.8185 -0.0403 0.5730
vn -0.7381 -0.5122 0.4392
vn 0.1977 -0.4010 -0.8945
vn -0.2784 0.9534 -0.1166
vn 0.3209 -0.7799 0.5373
vn -0.1962 0.7668 0.6111
vn -0.8313 -0.2571 -0.4928
vn 0.7074 0.2688 -0.6537
vn -0.4511 -0.1216 0.8842
vn 0.9882 -0.1025 0.1135
vn -0.2041 0.9127 -0.3541
vn -0.3351 -0.6876 -0.6442
vn 0.3439 0.3404 0.8752
vn -0.1024 -0.9937 0.0462
vn 0.6442 0.2370 -0.7272
vn -0.8867 0.4201 -0.1933
vn 0.6928 -0.3167 0.6479
vn -0.8810 0.0838 0.4657
vn -0.0798 -0.6571 -0.7496
vn 0.2693 0.8915 -0.3643
vn -0.2160 -0.7846 0.5812
vn 0.4583 0.7005 0.5470
vn -0.8435 0.3754 -0.3842
vn 0.6017 -0.2905 -0.7440
vn -0.3257 0.1357 0.9357
vn 0.8114 -0.5843 0.0127
vn 0.2329 0.8847 -0.4038
vn -0.7152 -0.4376 -0.5449
vn 0.6072 0.2327 0.7597
vn -0.5680 -0.7824 0.2552
vn 0.5468 -0.2337 -0.8040
vn -0.5855 0.7829 -0.2104
vn 0.4227 -0.7548 0.5016
vn -0.4075 0.6440 0.6475
vn -0.7128 -0.3578 -0.6032
vn 0.6976 0.4667 -0.5436
vn -0.4735 -0.4059 0.7817
vn 0.8892 0.3502 0.2946
vn -0.5463 0.7508 -0.3713
vn 0.1275 -0.6973 -0.7053
vn 0.0510 0.4096 0.9109
vn 0.2628 -0.9635 0.0519
vn 0.6210 0.4782 -0.6210
vn -0.9362 0.0738 -0.3437
vn -0.3144 -0.3975 -0.8621
vn 0.0409 -0.7111 0.7019
vn -0.6354 0.7166 0.2875
vn 0.9097 0.3949 -0.1285
vn 0.1286 -0.7954 0.5923
vn 0.2229 0.8343 0.5043
vn -0.9523 0.0387 -0.3026
vn 0.6007 -0.0783 -0.7956
vn -0.3164 0.0438 0.9476
vn 0.9585 -0.2845 -0.0194
vn -0.0884 0.9019 -0.4227
vn -0.5530 -0.6613 -0.5068
vn 0.4416 0.4211 0.7922
vn -0.1214 -0.9786 0.1664
vn 0.5718 0.1317 -0.8098
vn -0.8919 0.4273 -0.1479
vn 0.7481 -0.5386 0.3876
vn -0.6359 0.2612 0.7263
vn -0.4850 -0.5454 -0.6836
vn 0.3729 0.8217 -0.4310
vn -0.0611 -0.7292 0.6815
vn 0.5833 0.7330 0.3499
vn -0.9133 0.3627 -0.1853
vn 0.3897 -0.3649 -0.8456
vn -0.1454 0.1915 0.9707
vn 0.7396 -0.6651 -0.1027
vn 0.2461 0.8463 -0.4725
vn -0.8399 -0.3721 -0.3950
vn 0.7528 0.0454 0.6566
vn -0.7392 -0.5590 0.3757
vn 0.3231 -0.4098 -0.8530
vn -0.3376 0.9240 -0.1796
vn 0.4236 -0.7676 0.4810
vn -0.3923 0.6352 0.6653
vn -0.7232 -0.3388 -0.6018
vn 0.6929 0.4710 -0.5459
vn -0.4298 -0.4378 0.7897
vn 0.9589 0.1934 0.2077
vn -0.4749 0.8555 -0.2064
vn -0.0524 -0.6116 -0.7894
vn -0.1031 0.0986 0.9898
vn 0.2914 -0.9324 -0.2140
vn 0.6880 0.6467 -0.3293
vn -0.8759 0.1854 -0.4455
vn 0.8995 -0.4004 0.1751
vn -0.5438 -0.0208 0.8390
vn -0.4660 -0.5245 -0.7125
vn 0.1081 0.9470 -0.3024
vn 0.1130 -0.7680 0.6304
vn 0.6283 0.7355 0.2534
vn -0.9420 0.3319 0.0489
vn 0.1979 -0.2981 -0.9338
vn 0.1463 -0.1065 0.9835
vn 0.7582 -0.4207 -0.4981
vn -0.0468 0.9727 -0.2271
vn -0.8564 -0.4454 -0.2610
vn 0.8389 0.5394 -0.0726
vn 0.0299 -0.5476 0.8362
vn -0.0782 -0.6073 -0.7906
vn -0.7893 0.6133 0.0301
vn 0.7127 -0.6783 0.1787
vn 0.2736 0.8799 0.3886
vn -0.8565 -0.3006 0.4196
vn -0.1262 0.0976 -0.9872
vn -0.6188 0.6530 0.4367
vn 0.7980 -0.1438 0.5853
vn 0.2955 0.3595 -0.8851
vn -0.4748 -0.8696 -0.1355
vn 0.6931 -0.0362 -0.7199
vn -0.0069 0.9104 0.4137
vn 0.2128 -0.6820 0.6997
vn -0.8986 -0.1935 -0.3938
vn 0.2704 0.1264 0.9544
vn 0.3194 0.7770 -0.5424
vn -0.9962 -0.0645 -0.0577
vn 0.4102 -0.8401 -0.3550
vn 0.8144 -0.0824 -0.5744
vn -0.7354 0.4319 -0.5222
vn 0.2109 0.5614 0.8002
vn -0.2901 -0.9091 0.2989
vn 0.2178 -0.4869 -0.8459
vn -0.9925 0.0399 0.1154
vn 0.3681 0.9286 -0.0460
vn 0.4064 -0.4815 0.7765
vn -0.5475 -0.6088 0.5741
vn -0.2754 0.9478 0.1605
vn -0.1455 -0.2319 -0.9618
vn 0.9686 -0.1054 0.2251
vn -0.9750 0.0687 0.2111
vn 0.5315 0.0774 0.8435
vn 0.2571 0.7377 -0.6242
vn 0.1878 -0.8826 -0.4310
vn -0.0393 0.5049 0.8623
vn -0.5233 -0.8479 0.0853
vn 0.9512 -0.2198 -0.2165
vn -0.3857 0.5615 -0.7321
vn 0.0767 -0.4653 0.8818
vn -0.8179 0.5753 -0.0020
vn -0.0672 -0.6794 -0.7307
vn 0.8095 0.5685 -0.1466
vn -0.6827 -0.5207 0.5126
vn 0.3227 0.7667 0.5550
vn -0.4091 0.3498 -0.8428
vn 0.7705 -0.5959 -0.2263
vn -0.7468 0.5007 0.4377
vn 0.4370 -0.6013 0.6689
vn 0.6722 0.6496 -0.3553
vn -0.3635 -0.5471 -0.7540
vn 0.1347 0.3183 0.9384
vn -0.9065 -0.4134 -0.0860
vn 0.6970 -0.6803 -0.2266
vn 0.0769 0.7752 -0.6271
vn -0.3154 -0.3986 0.8612
vn -0.3820 0.9183 -0.1042
vn -0.3016 -0.5741 -0.7612
vn 0.9985 0.0537 0.0044
vn -0.9517 0.1435 0.2713
vn 0.5990 0.1555 0.7855
vn 0.2366 0.6407 -0.7304
vn 0.1187 -0.9379 -0.3260
vn -0.4314 0.6820 0.5906
vn -0.1330 -0.9112 0.3900
vn 0.9793 0.1897 -0.0706
vn -0.4132 0.0378 -0.9099
vn 0.1860 0.0394 0.9818
vn -0.9859 -0.0712 -0.1514
vn 0.4565 -0.7978 -0.3939
vn 0.3444 0.8306 -0.4376
vn -0.4806 -0.4812 0.7331
vn -0.2149 0.9757 0.0418
vn -0.2913 -0.3651 -0.8842
vn 0.9858 -0.1305 0.1058
vn -0.8369 -0.0828 -0.5410
vn -0.2180 0.3910 0.8942
vn 0.6478 0.5952 -0.4755
vn 0.4068 -0.9055 0.1213
vn 0.6883 -0.1949 0.6987
vn -0.2079 0.9781 0.0026
vn -0.8335 -0.5170 0.1952
vn 0.3513 -0.2667 -0.8975
vn 0.7233 0.5345 -0.4371
vn -0.8827 0.4426 -0.1581
vn 0.1725 -0.0538 0.9835
vn -0.0160 -0.9216 -0.3878
vn -0.4957 -0.5446 -0.6765
vn -0.6512 0.4223 0.6305
vn 0.5214 0.7152 -0.4654
vn 0.6244 -0.5915 0.5102
vn -0.1867 -0.5239 0.8311
vn -0.0611 0.9772 0.2034
vn -0.6703 -0.2343 -0.7042
vn 0.9180 -0.2192 -0.3306
vn -0.0882 0.4200 -0.9032
vn -0.8079 0.2166 0.5481
vn 0.8165 0.3549 0.4553
vn 0.0788 -0.9918 -0.1010
vn -0.0089 -0.5615 0.8274
vn -0.0648 0.9653 0.2531
vn -0.7787 -0.2464 -0.5770
vn 0.8511 -0.1535 -0.5021
vn -0.0641 0.6009 -0.7967
vn -0.7292 0.2307 0.6442
vn 0.8893 0.1229 0.4404
vn -0.0956 -0.9527 -0.2885
vn -0.5519 -0.7931 0.2576
vn 0.1599 0.5713 0.8050
vn -0.4838 0.5294 -0.6970
vn 0.8766 -0.3093 -0.3686
vn 0.8568 0.4672 0.2180
vn -0.7604 0.6451 0.0752
vn -0.1398 -0.7555 0.6400
vn 0.0440 -0.3567 -0.9332
vn 0.3024 -0.1680 0.9383
vn 0.0062 0.9832 -0.1822
vn -0.9273 -0.3545 -0.1200
vn 0.6198 -0.4610 -0.6351
vn 0.5434 0.1128 -0.8319
vn -0.8367 0.5431 -0.0706
vn 0.5337 0.3056 0.7885
vn -0.2364 -0.9650 0.1137
vn 0.4564 0.8592 -0.2312
vn -0.4596 -0.3604 -0.8117
vn -0.6743 0.1619 0.7205
vn 0.6765 -0.6617 0.3233
vn -0.4540 0.3103 -0.8352
vn 0.9787 -0.1123 -0.1717
vn -0.3872 -0.8760 0.2874
vn -0.1361 0.6780 0.7223
vn 0.3645 -0.6273 -0.6882
vn 0.0697 0.9403 -0.3332
vn 0.5240 -0.0937 0.8466
vn -0.9592 -0.2204 0.1768
vn 0.8218 0.2640 -0.5049
vn -0.6973 -0.3253 -0.6387
vn -0.3513 0.7914 0.5003
vn 0.2269 -0.7303 0.6443
vn -0.0864 0.5148 -0.8530
vn 0.5425 -0.8236 -0.1652
vn -0.9088 -0.2554 0.3298
vn 0.4533 0.5649 0.6895
vn -0.1020 -0.3913 -0.9146
vn 0.8085 0.5880 0.0230
vn 0.1026 -0.7370 0.6680
vn -0.8107 0.5413 0.2230
vn 0.8794 -0.3661 -0.3043
vn -0.4138 0.5328 -0.7381
vn 0.1377 0.5898 0.7958
vn -0.6061 -0.7564 0.2461
vn 0.6071 0.4535 -0.6525
vn -0.2629 -0.8942 -0.3624
vn -0.8171 0.5591 0.1406
vn 0.4736 -0.1207 0.8724
vn -0.2843 0.2634 -0.9218
vn 0.7811 -0.6220 -0.0548
vn -0.7601 -0.4588 0.4601
vn 0.2631 0.8160 0.5148
vn -0.0673 -0.5736 -0.8163
vn 0.6039 0.7752 -0.1850
vn 0.3718 -0.5372 0.7571
vn -0.9084 0.3377 0.2464
vn 0.9481 -0.1638 0.2726
vn -0.0320 0.2216 -0.9746
vn -0.3704 0.7636 0.5289
vn -0.5453 -0.8200 0.1738
vn -0.3938 -0.6667 -0.6328
vn -0.5412 0.8406 -0.0237
vn 0.9412 0.2001 -0.2722
vn -0.0055 -0.3754 0.9269
vn 0.0169 0.6345 -0.7727
vn -0.7984 -0.5973 -0.0752
vn -0.0519 0.5187 0.8534
vn 0.8323 -0.5543 -0.0056
vn -0.7152 0.3633 -0.5971
vn 0.5347 -0.6832 -0.4974
vn -0.4186 -0.4241 0.8030
vn 0.5989 0.7450 0.2938
vn -0.4427 -0.7764 -0.4485
vn 0.2369 0.6898 -0.6841
vn 0.8297 -0.3095 0.4645
vn -0.6262 0.3962 0.6715
vn 0.0623 -0.3784 -0.9235
vn -0.8928 0.4342 0.1197
vn 0.7232 0.6772 0.1353
vn 0.1042 -0.7366 0.6683
vn -0.2150 0.5628 -0.7981
vn -0.5384 -0.8422 -0.0304
vn -0.2227 0.5081 0.8320
vn 0.9742 -0.2257 -0.0044
vn -0.8617 0.2338 -0.4504
vn 0.5890 -0.4902 -0.6425
vn -0.1829 -0.5820 0.7924
vn 0.4558 0.8375 0.3013
vn -0.3509 -0.6909 -0.6321
vn -0.1062 0.9056 -0.4106
vn 0.9675 -0.1728 0.1844
vn -0.5123 -0.0407 0.8578
vn 0.2465 0.0552 -0.9676
vn -0.9960 -0.0150 0.0878
vn 0.3659 0.7952 0.4835
vn 0.3806 -0.8348 0.3979
vn -0.3760 0.6236 -0.6854
vn -0.1246 -0.9446 -0.3038
vn -0.4775 0.1357 0.8681
vn 0.9755 0.1844 0.1202
vn -0.8901 -0.2807 -0.3589
vn 0.5500 0.3861 -0.7405
vn 0.4691 -0.7939 0.3869
vn -0.1299 0.6905 0.7115
vn -0.0684 -0.4994 -0.8637
vn -0.5887 0.8076 -0.0337
vn 0.9473 0.2846 0.1468
vn -0.2923 -0.5911 0.7518
vn -0.1291 0.3924 -0.9107
vn -0.7178 -0.6738 0.1753
vn -0.0506 0.7252 0.6867
vn 0.8955 -0.4424 0.0486
vn -0.9085 0.2279 -0.3502
vn 0.4831 -0.5585 -0.6743
vn -0.0909 -0.5105 0.8550
vn 0.5131 0.8414 0.1696
vn -0.4706 -0.7786 -0.4151
vn -0.0782 0.7963 -0.5998
vn 0.9653 -0.2262 0.1303
vn -0.4181 0.2073 0.8844
vn -0.0810 -0.2952 -0.9520
vn -0.8918 0.3134 0.3262
vn 0.6602 0.7484 0.0637
vn 0.3100 -0.7666 0.5623
vn -0.5816 0.6141 -0.5335
vn -0.2356 -0.9488 -0.2106
vn -0.1442 0.1688 0.9750
vn 0.9592 0.1635 -0.2305
vn -0.8976 -0.1088 -0.4272
vn 0.6942 0.1270 -0.7085
vn 0.2128 -0.8182 0.5340
vn -0.0121 0.7988 0.6015
vn -0.0003 -0.7779 -0.6284
vn -0.4683 0.7733 -0.4274
vn 0.9434 0.2559 0.2109
vn -0.4724 -0.2504 0.8451
vn 0.3548 0.1845 -0.9166
vn -0.9222 -0.3803 -0.0695
vn -0.0292 0.8499 0.5261
vn 0.5966 -0.6557 0.4627
vn -0.6105 0.6464 0.4578
vn -0.2694 -0.0928 -0.9585
vn -0.0611 -0.8909 0.4501
vn 0.9406 0.3360 0.0498
vn 0.4166 -0.8556 -0.3074
vn -0.9273 0.0688 -0.3680
vn 0.5447 0.7731 -0.3250
vn -0.0324 0.0127 0.9994
vn -0.5983 -0.3078 0.7398
vn -0.4399 0.7532 -0.4890
vn 0.1671 -0.7591 -0.6292
vn 0.8707 0.3141 0.3784
vn -0.7977 -0.5037 0.3315
vn 0.1243 0.8254 0.5507
vn -0.1402 0.2564 -0.9564
vn 0.8143 -0.5756 0.0743
vn 0.7558 0.4964 -0.4270
vn -0.6465 0.6554 0.3906
vn 0.3549 -0.5929 0.7229
vn -0.4653 -0.5597 -0.6858
vn -0.6462 0.1476 -0.7487
vn -0.4989 -0.0251 0.8663
vn 0.6673 0.7445 0.0199
vn 0.4757 -0.8685 -0.1392
vn 0.0460 -0.8463 0.5307
vn 0.3025 0.7660 0.5672
vn -0.9427 0.1529 -0.2964
vn 0.5937 -0.0725 -0.8014
vn -0.4242 0.0153 0.9054
vn 0.8853 -0.4618 0.0556
vn 0.1328 0.9376 -0.3213
vn -0.5913 -0.4900 -0.6405
vn 0.6431 0.1047 0.7586
vn -0.5768 -0.8008 0.1610
vn 0.5058 -0.1221 -0.8540
vn -0.5723 0.8172 -0.0682
vn 0.4589 -0.8138 0.3565
vn -0.3713 0.5324 0.7607
vn -0.7458 -0.2737 -0.6073
vn 0.6599 0.5546 -0.5068
vn -0.4020 -0.5219 0.7523
vn 0.9530 0.2147 0.2136
vn -0.5127 0.8494 -0.1250
vn -0.0375 -0.5430 -0.8389
vn 0.0913 0.2552 0.9626
vn 0.3306 -0.9352 -0.1271
vn 0.5372 0.6269 -0.5642
vn -0.9613 0.0514 -0.2708
vn 0.7666 -0.1453 0.6254
vn -0.8250 -0.4169 0.3815
vn 0.2071 -0.4194 -0.8838
vn -0.1489 0.9814 -0.1215
vn 0.0775 -0.9012 0.4263
vn 0.1765 0.7100 0.6817
vn -0.9220 0.1188 -0.3684
vn 0.6677 0.0738 -0.7408
vn -0.2862 -0.2543 0.9238
vn 0.9619 -0.2431 -0.1253
vn -0.1140 0.9856 -0.1252
vn -0.5598 -0.4862 -0.6710
vn 0.6331 0.3126 0.7082
vn -0.1731 -0.9781 0.1157
vn 0.4053 0.1646 -0.8993
vn -0.8623 0.5004 0.0780
vn 0.7524 -0.6053 0.2597
vn -0.5426 0.2235 0.8097
vn -0.5765 -0.4596 -0.6756
vn 0.3667 0.8430 -0.3935
vn -0.1236 -0.6878 0.7153
vn 0.7472 0.6146 0.2531
vn -0.8437 0.5262 -0.1060
vn 0.2209 -0.4527 -0.8639
vn 0.0326 0.2446 0.9691
vn 0.6782 -0.7112 -0.1848
vn 0.1994 0.8085 -0.5537
vn -0.9114 -0.3423 -0.2285
vn 0.8119 0.1558 0.5626
vn -0.5338 -0.7535 0.3838
vn 0.2791 -0.2298 -0.9324
vn -0.5598 0.8285 -0.0127
vn 0.5309 -0.7917 0.3023
vn -0.1403 0.6200 0.7720
vn -0.8865 -0.3046 -0.3483
vn 0.4972 0.4774 -0.7245
vn -0.2073 -0.5031 0.8390
vn 0.9559 0.2934 0.0143
vn -0.5927 0.8032 -0.0591
vn -0.1550 -0.5922 -0.7908
vn 0.3871 0.2902 0.8752
vn 0.2154 -0.9636 -0.1582
vn 0.3931 0.5516 -0.7357
vn -0.9923 0.1223 0.0168
vn 0.8837 -0.2076 0.4195
vn -0.7347 -0.3489 0.5818
vn -0.0521 -0.4341 -0.8993
vn -0.0950 0.9901 -0.1031
vn 0.2656 -0.8438 0.4664
vn 0.2692 0.7857 0.5570
vn -0.9908 0.0107 -0.1350
vn 0.4565 0.0468 -0.8885
vn -0.1730 -0.1122 0.9785
vn 0.9084 -0.3533 -0.2234
vn -0.0461 0.9699 -0.2390
vn -0.6911 -0.5039 -0.5181
vn 0.7798 0.2596 0.5697
vn -0.4050 -0.8440 0.3518
vn 0.3085 -0.1475 -0.9397
vn -0.6825 0.7306 0.0171
vn 0.7243 -0.5143 0.4592
vn -0.5738 0.4473 0.6860
vn -0.5584 -0.6259 -0.5444
vn 0.4070 0.6905 -0.5979
vn -0.2941 -0.5521 0.7802
vn 0.8408 0.4874 0.2354
vn -0.7150 0.6613 -0.2269
vn 0.1694 -0.5945 -0.7861
vn 0.0018 0.2282 0.9736
vn 0.6118 -0.7747 -0.1600
vn 0.3153 0.7889 -0.5274
vn -0.9277 -0.2411 -0.2850
vn 0.8297 0.0164 0.5579
vn -0.6697 -0.6178 0.4122
vn 0.2235 -0.3193 -0.9209
vn -0.3844 0.9218 -0.0502
vn 0.4298 -0.8104 0.3981
vn -0.1711 0.6725 0.7201
vn -0.8652 -0.2590 -0.4293
vn 0.6076 0.3961 -0.6884
vn -0.2132 -0.4162 0.8839
vn 0.9865 0.1485 -0.0685
vn -0.4726 0.8776 -0.0809
vn -0.2975 -0.6107 -0.7339
vn 0.4205 0.2334 0.8768
vn 0.1211 -0.9759 -0.1815
vn 0.4333 0.5303 -0.7288
vn -0.9763 0.2139 0.0332
vn 0.9034 -0.1276 0.4094
vn -0.6760 -0.5274 0.5147
vn 0.0161 -0.3140 -0.9493
vn -0.2433 0.9696 0.0243
vn -0.7012 0.7127 0.0183
vn -0.4002 -0.8545 -0.3311
vn 0.3610 -0.1338 0.9229
vn 0.7438 0.2762 -0.6086
vn -0.0439 0.2954 -0.9544
vn 0.5653 -0.8217 0.0722
vn -0.9235 -0.1988 0.3281
vn 0.4018 0.7285 0.5548
vn -0.1905 -0.9373 -0.2919
vn 0.7554 0.3682 -0.5420
vn 0.2493 0.0030 0.9684
vn -0.8128 0.5661 -0.1375
vn -0.0017 0.8499 0.5269
vn 0.4699 0.1500 -0.8699
vn -0.9419 -0.2870 -0.1742
vn 0.4718 -0.7146 0.5164
vn 0.5727 0.3742 -0.7293
vn -0.4719 -0.8167 -0.3321
vn -0.6751 0.6834 0.2779
vn 0.5739 -0.2395 0.7831
vn -0.1550 0.1092 -0.9819
vn 0.8625 -0.4834 0.1493
vn -0.7521 -0.5238 0.3999
vn 0.0453 0.9008 0.4319
vn -0.5043 -0.0106 -0.8635
vn 0.8639 0.4885 -0.1228
vn 0.1869 -0.9391 0.2884
vn -0.5451 0.4645 0.6979
vn 0.7916 -0.5909 -0.1554
vn -0.6936 -0.1787 -0.6979
vn 0.2843 0.9573 -0.0518
vn -0.3837 -0.1867 0.9044
vn -0.9463 -0.1450 0.2889
vn 0.0438 0.7936 -0.6069
vn 0.3304 -0.8087 -0.4866
vn 0.5704 0.1620 0.8052
vn -0.5502 -0.0637 -0.8326
vn -0.4602 0.5932 0.6606
vn 0.8967 0.3833 -0.2215
vn 0.1138 -0.9123 0.3934
vn -0.4749 0.8136 -0.3354
vn -0.6478 -0.7587 0.0687
vn 0.3891 0.1893 0.9015
vn 0.7325 -0.2434 -0.6358
vn -0.9196 0.2420 0.3095
vn 0.0259 -0.0173 -0.9995
vn 0.2415 -0.9034 0.3543
vn 0.6554 0.6764 0.3361
vn -0.8114 -0.3496 -0.4684
vn -0.0703 0.9928 0.0971
vn 0.8142 -0.2280 -0.5340
vn 0.0681 -0.4162 0.9067
vn -0.3540 0.4624 -0.8129
vn -0.7531 -0.1754 0.6341
vn 0.6845 0.5807 0.4408
vn 0.4220 -0.8680 -0.2617
vn -0.6683 0.7262 0.1612
vn -0.3587 -0.6398 -0.6797
vn 0.1784 -0.4855 0.8559
vn 0.8517 0.3990 -0.3398
vn -0.9735 -0.2286 0.0036
vn 0.1652 0.7504 -0.6400
vn 0.5278 -0.8015 -0.2809
vn 0.2834 0.2797 0.9173
vn -0.6036 -0.0677 -0.7944
vn -0.3417 0.7095 0.6163
vn 0.9235 0.2363 -0.3021
vn 0.0242 -0.8760 0.4818
vn -0.2283 0.8406 -0.4913
vn -0.8411 -0.4636 0.2786
vn 0.5396 0.2250 0.8113
vn 0.5285 -0.6031 -0.5975
vn -0.7550 0.6185 0.2177
vn -0.1191 -0.3609 -0.9250
vn 0.0080 -0.7563 0.6542
vn 0.8657 0.4980 0.0512
vn -0.0921 -0.7871 -0.6100
vn -0.3769 0.8126 -0.4445
vn 0.9671 0.1498 0.2058
vn -0.4974 -0.1766 0.8493
vn -0.3978 0.2875 -0.8713
vn -0.5850 0.3022 0.7526
vn 0.9075 0.4073 0.1029
vn 0.0770 -0.9969 0.0158
vn -0.3614 0.9139 -0.1847
vn -0.7093 -0.6824 -0.1768
vn 0.2889 -0.0557 0.9557
vn 0.7856 -0.1739 -0.5939
vn -0.9448 0.2923 0.1484
vn 0.2603 0.1729 -0.9499
vn 0.0815 -0.9776 0.1940
vn 0.6040 0.5120 0.6108
vn -0.7084 -0.2171 -0.6716
vn -0.0752 0.9619 0.2630
vn 0.9024 -0.1666 -0.3973
vn -0.1208 -0.5807 0.8051
vn -0.2162 0.5796 -0.7857
vn -0.8336 -0.1780 0.5229
vn 0.6654 0.4604 0.5875
vn 0.3833 -0.8646 -0.3250
vn -0.6463 0.7573 0.0943
vn -0.3460 -0.6522 -0.6745
vn 0.1051 -0.4601 0.8816
vn 0.8852 0.3537 -0.3023
vn -0.9870 -0.1556 0.0394
vn 0.2056 0.6405 -0.7399
vn 0.4683 -0.8668 -0.1712
vn 0.3132 0.3832 0.8689
vn -0.5359 -0.1188 -0.8359
vn -0.4128 0.7176 0.5609
vn 0.9354 0.2612 -0.2382
vn 0.0110 -0.8582 0.5132
vn -0.4256 0.6280 -0.6515
vn -0.7104 -0.5416 0.4495
vn 0.5070 0.5220 0.6859
vn 0.6278 -0.6103 -0.4831
vn -0.7779 0.5188 0.3547
vn -0.1926 -0.2877 -0.9381
vn 0.1519 -0.8053 0.5731
vn 0.8190 0.5738 0.0095
vn -0.8937 -0.3462 -0.2855
vn 0.0381 0.9880 -0.1494
vn 0.7160 -0.4476 -0.5358
vn 0.1386 -0.1942 0.9711
vn -0.3586 0.2802 -0.8904
vn -0.7131 0.1018 0.6936
vn 0.7825 0.5748 0.2394
vn 0.2882 -0.9566 -0.0425
vn -0.3677 0.9083 0.1994
vn -0.6178 -0.4787 -0.6238
vn 0.0845 -0.5216 0.8490
vn 0.8997 0.0891 -0.4272
vn 0.1877 -0.3914 0.9009
vn 0.6062 -0.4137 -0.6792
vn 0.1546 0.9876 0.0275
vn -0.9506 -0.1817 -0.2518
vn 0.8355 0.4461 -0.3210
vn 0.2365 -0.7345 0.6360
vn -0.4924 -0.3819 -0.7821
vn -0.5806 0.6691 0.4640
vn 0.6157 -0.7440 -0.2595
vn 0.5108 0.6852 0.5192
vn -0.7428 -0.3624 0.5630
vn -0.3830 0.4211 -0.8222
vn 0.4022 -0.3266 0.8553
vn 0.6640 -0.0942 -0.7417
vn -0.2542 0.9624 0.0958
vn -0.8142 -0.5411 -0.2106
vn 0.6929 0.7090 -0.1313
vn 0.4156 -0.7882 0.4539
vn -0.3634 -0.2793 -0.8888
vn -0.7412 0.3609 0.5660
vn 0.9496 -0.1920 -0.2479
vn -0.0212 0.6282 0.7778
vn -0.4566 -0.8536 0.2510
vn -0.4717 0.4149 -0.7781
vn 0.6687 -0.3556 0.6529
vn 0.3789 0.7987 -0.4675
vn -0.8325 0.2654 0.4863
vn -0.2162 -0.7092 -0.6711
vn 0.3751 0.8088 0.4529
vn 0.7427 -0.6348 -0.2129
vn -0.4597 0.2724 -0.8453
vn -0.6584 -0.4454 0.6067
vn 0.7976 0.3381 -0.4996
vn 0.1855 0.0265 0.9823
vn -0.1951 -0.9414 -0.2750
vn -0.7890 0.5777 -0.2090
vn 0.8627 -0.3441 0.3707
vn 0.0708 0.9871 -0.1437
vn -0.7404 -0.1915 0.6443
vn -0.1944 -0.4530 -0.8701
vn 0.4495 0.5474 0.7059
vn 0.6669 -0.2537 -0.7006
vn -0.7361 0.5341 -0.4158
vn -0.3819 -0.8279 0.4107
vn 0.6527 0.7104 -0.2633
vn 0.4392 -0.6371 0.6334
vn -0.3006 -0.4984 -0.8131
vn -0.7893 0.4223 0.4456
vn 0.7809 -0.4253 -0.4575
vn 0.3282 0.6726 0.6632
vn -0.5291 -0.7034 0.4746
vn -0.5771 0.4538 -0.6790
vn 0.4673 -0.1784 0.8659
vn 0.6771 0.1803 -0.7134
vn -0.5968 0.7962 0.0992
vn -0.5466 -0.7985 -0.2522
vn 0.7428 0.6554 0.1368
vn 0.3089 -0.9138 0.2639
vn -0.2660 -0.0016 -0.9640
vn -0.7849 0.2601 0.5624
vn 0.9134 -0.2604 -0.3128
vn 0.0619 0.3952 0.9165
vn -0.5873 -0.8090 0.0226
vn -0.3878 0.6749 -0.6278
vn 0.4940 -0.5390 0.6822
vn 0.6443 0.5685 -0.5115
vn -0.6674 0.5854 0.4602
vn -0.4716 -0.6153 -0.6317
vn 0.5444 0.6811 0.4896
vn 0.5542 -0.8169 -0.1598
vn -0.2997 0.3784 -0.8758
vn -0.8007 -0.2407 0.5486
vn 0.9530 0.2221 -0.2061
vn -0.0829 -0.2477 0.9653
vn -0.2961 -0.7694 -0.5660
vn -0.5744 0.7959 -0.1913
vn 0.3435 -0.8335 0.4328
vn 0.6406 0.7487 0.1706
vn -0.8943 0.2318 0.3827
vn -0.0861 -0.1457 -0.9856
vn 0.6377 -0.2197 0.7383
vn 0.4289 -0.1981 -0.8813
vn -0.2394 0.9699 0.0436
vn -0.8270 -0.5538 0.0972
vn 0.6232 0.7561 -0.1998
vn 0.5301 -0.7992 0.2834
vn -0.5270 -0.2221 -0.8203
vn -0.6243 0.2653 0.7347
vn -0.5234 -0.7658 0.3735
vn 0.6301 -0.3359 -0.7001
vn 0.5189 0.4354 0.7356
vn -0.6231 0.6669 -0.4086
vn 0.5529 0.6354 -0.5390
vn -0.1187 -0.8530 -0.5083
vn -0.8935 0.4108 0.1812
vn 0.4601 -0.1900 0.8673
vn 0.1991 -0.7348 -0.6484
vn -0.5102 -0.3676 0.7775
vn -0.5483 0.7038 -0.4517
vn 0.8586 0.3992 0.3218
vn -0.7252 -0.6095 -0.3204
vn 0.7569 -0.5447 0.3609
vn -0.3553 0.5937 0.7220
vn 0.3228 0.5587 -0.7640
vn -0.1461 -0.7841 0.6032
vn 0.0440 -0.3123 -0.9490
vn 0.8595 0.4506 0.2412
vn -0.7572 0.6449 0.1038
vn 0.4624 -0.8775 -0.1273
vn -0.9888 -0.1459 0.0299
vn 0.2256 0.6090 -0.7604
vn 0.3003 0.4138 0.8594
vn -0.2205 -0.7193 -0.6588
vn 0.0405 -0.3905 0.9197
vn -0.7063 0.7073 -0.0300
vn 0.8851 0.4044 -0.2305
vn -0.7233 -0.6388 0.2624
vn 0.8248 -0.5089 -0.2463
vn 0.2034 0.6088 0.7668
vn -0.3042 0.5414 -0.7838
vn 0.3478 -0.7695 0.5356
vn -0.6351 -0.3411 -0.6930
vn 0.7612 0.4695 -0.4475
vn -0.4732 0.6429 0.6024
vn 0.3004 -0.8903 -0.3421
vn -0.7442 -0.1285 0.6555
vn -0.3222 0.5604 -0.7630
vn 0.7657 0.4596 0.4499
vn -0.6474 -0.7160 -0.2611
vn 0.6724 -0.3757 0.6377
vn -0.4918 0.7516 0.4395
vn 0.4682 0.3397 -0.8157
vn -0.2812 -0.7171 0.6377
vn 0.3494 -0.4192 -0.8380
vn 0.7175 0.5565 0.4189
vn -0.7865 0.5774 -0.2190
vn 0.5613 -0.8174 0.1297
vn -0.9351 -0.2716 -0.2275
vn 0.3787 0.5491 -0.7450
vn -0.0067 0.5398 0.8418
vn -0.0723 -0.2035 -0.9764
vn 0.0741 -0.8558 0.5120
vn -0.8145 0.4983 0.2973
vn 0.8121 0.5592 0.1668
vn -0.6530 -0.5776 0.4899
vn 0.2846 -0.4595 -0.8414
vn 0.8000 0.1629 0.5775
vn -0.4299 0.8741 -0.2262
vn -0.4645 -0.8798 0.1011
vn -0.3870 0.4949 -0.7780
vn 0.9753 -0.1552 -0.1572
vn -0.1237 0.5381 0.8337
vn 0.1246 -0.2933 -0.9479
vn -0.9168 -0.2507 0.3110
vn 0.1146 0.9919 0.0551
vn 0.6818 -0.4467 0.5794
vn -0.5111 0.2935 -0.8079
vn -0.0144 -0.9982 0.0585
vn -0.4200 0.3913 0.8188
vn 0.9467 0.3146 -0.0697
vn -0.8826 -0.4516 -0.1303
vn 0.4499 0.1180 -0.8852
vn 0.5756 -0.5602 0.5957
vn -0.1418 0.8957 0.4215
vn -0.1464 -0.7518 -0.6429
vn -0.7071 0.6944 -0.1337
vn 0.9018 0.4014 -0.1603
vn -0.0457 -0.3445 0.9377
vn -0.2704 0.2038 -0.9409
vn -0.5976 -0.7102 0.3721
vn -0.0779 0.8272 0.5565
vn 0.9465 -0.3225 0.0111
vn -0.9896 0.1116 -0.0905
vn 0.3457 -0.5476 -0.7620
vn 0.2046 -0.4628 0.8625
vn 0.4380 0.8989 -0.0117
vn -0.6424 -0.6947 -0.3235
vn -0.1170 0.8353 -0.5373
vn 0.9359 -0.3359 -0.1058
vn -0.1768 0.1964 0.9645
vn -0.0786 -0.1383 -0.9873
vn -0.9121 0.0664 0.4045
vn 0.5039 0.8454 0.1772
vn 0.4865 -0.7735 0.4063
vn -0.6932 0.4516 -0.5618
vn -0.1185 -0.9912 -0.0590
vn -0.0979 0.2904 0.9519
vn 0.9100 0.2493 -0.3314
vn -0.9259 -0.3722 -0.0642
vn 0.3929 0.0715 -0.9168
vn 0.5673 -0.6056 0.5581
vn -0.0346 0.9056 0.4228
vn -0.1597 -0.7590 -0.6312
vn -0.6283 0.7478 -0.2145
vn 0.9433 0.3180 -0.0955
vn -0.1539 -0.3097 0.9383
vn -0.2786 0.0408 -0.9595
vn -0.6900 -0.4957 0.5275
vn 0.0915 0.9280 0.3612
vn 0.8780 -0.4734 0.0711
vn -0.9425 0.2597 -0.2104
vn 0.2310 -0.8391 -0.4925
vn 0.0911 -0.1507 0.9844
vn 0.6217 0.7303 -0.2831
vn -0.8081 -0.5877 -0.0401
vn 0.1337 0.4460 -0.8850
vn 0.8030 -0.5548 0.2177
vn -0.1283 0.6973 0.7052
vn -0.2959 -0.6002 -0.7431
vn -0.7124 0.6754 0.1908
vn 0.8399 0.4710 -0.2699
vn 0.1679 -0.5452 0.8213
vn -0.4152 0.4768 -0.7748
vn -0.5187 -0.8334 0.1906
vn -0.0150 0.5948 0.8038
vn 0.9458 -0.2407 -0.2179
vn -0.9629 0.1515 -0.2233
vn 0.4115 -0.5945 -0.6909
vn 0.0699 -0.4364 0.8970
vn 0.4822 0.8759 0.0156
vn -0.5534 -0.7896 -0.2651
vn -0.1210 0.7308 -0.6718
vn 0.9638 -0.2646 0.0330
vn -0.2892 0.3214 0.9017
vn -0.0682 0.0505 0.9964
vn -0.3296 0.8546 -0.4012
vn -0.5596 -0.7599 -0.3306
vn 0.9534 -0.1447 -0.2649
vn -0.4617 0.7180 -0.5208
vn -0.5023 -0.8588 -0.1010
vn 0.0309 0.2576 0.9658
vn 0.9321 -0.1179 -0.3426
vn -0.9849 0.1129 -0.1311
vn 0.4520 -0.0616 -0.8899
vn 0.1744 -0.8367 0.5191
vn 0.3598 0.7863 0.5023
vn -0.4544 -0.5289 -0.7167
vn 0.0626 0.9570 -0.2832
vn 0.9195 -0.3630 0.1511
vn -0.5274 -0.0636 0.8472
vn -0.1809 -0.0365 -0.9828
vn -0.7835 0.4083 0.4684
vn 0.8143 0.5542 0.1723
vn 0.1513 -0.9268 0.3437
vn -0.2716 0.0112 0.9624
vn -0.6756 0.5013 -0.5406
vn 0.0502 -0.9462 -0.3196
vn 0.8947 0.4355 -0.0992
vn -0.7166 0.3540 0.6010
vn 0.2410 0.6957 -0.6767
vn -0.3299 -0.8193 -0.4690
vn 0.8066 -0.2284 0.5451
vn 0.1737 -0.3672 -0.9138
vn -0.4894 0.8687 -0.0765
vn 0.8700 0.1502 0.4696
vn -0.5532 -0.6503 0.5207
vn -0.7852 -0.2763 0.5542
vn 0.2449 0.9444 0.2195
vn -0.2345 -0.0662 -0.9698
vn 0.7745 -0.6012 0.1965
vn 0.9915 -0.1204 0.0489
vn -0.2188 0.6978 -0.6820
vn -0.3468 0.2874 0.8928
vn -0.4265 -0.8662 -0.2602
vn -0.9399 0.3370 0.0547
vn 0.6340 0.7731 0.0210
vn 0.1213 -0.5075 -0.8531
vn 0.1822 -0.6035 0.7763
vn 0.5911 -0.2089 0.7791
vn 0.5613 0.3048 -0.7695
vn -0.6417 0.7243 0.2520
vn -0.5107 -0.8186 -0.2628
vn 0.3817 -0.1628 0.9098
vn 0.3714 -0.6704 -0.6424
vn 0.2440 0.9218 -0.3013
vn -0.9955 -0.0873 0.0355
vn 0.6687 -0.0015 -0.7435
vn 0.4662 -0.1876 0.8646
vn -0.6903 -0.7038 -0.1681
vn -0.4462 0.8938 0.0448
vn -0.1276 0.8793 0.4590
vn -0.2995 -0.7405 0.6016
vn 0.9676 -0.1228 -0.2206
vn -0.5392 -0.0178 -0.8420
vn 0.4842 -0.0094 0.8749
vn -0.8300 0.5519 0.0812
vn -0.2466 -0.9353 -0.2536
vn 0.5936 0.3925 -0.7025
vn -0.8005 -0.2564 -0.5417
vn -0.2757 0.1594 0.9479
vn 0.4030 0.8342 -0.3763
vn 0.6743 -0.7378 -0.0326
vn -0.2549 -0.8506 0.4599
vn 0.5289 0.5738 0.6253
vn -0.8264 0.4872 -0.2823
vn 0.5518 -0.2126 -0.8064
vn -0.2822 -0.0476 0.9582
vn 0.7063 -0.6856 -0.1764
vn 0.3613 0.9120 -0.1943
vn -0.7886 -0.1786 -0.5883
vn 0.6202 -0.0862 0.7797
vn -0.5852 -0.8092 -0.0511
vn 0.5290 0.0811 -0.8447
vn -0.5655 0.8167 0.1149
vn -0.4438 -0.0361 -0.8954
vn 0.4526 -0.8725 0.1843
vn -0.6864 0.1749 0.7058
vn 0.6796 0.7336 0.0070
vn 0.7327 0.0098 0.6805
vn -0.8187 -0.4133 0.3985
vn 0.2897 -0.5343 -0.7941
vn -0.2026 0.9371 -0.2843
vn -0.0321 -0.9906 -0.1328
vn -0.0290 0.2033 0.9787
vn -0.7845 0.4224 -0.4540
vn 0.8456 0.3636 -0.3908
vn -0.6278 -0.7533 0.1959
vn 0.8266 -0.1007 0.5537
vn -0.4455 0.8677 0.2206
vn 0.2469 -0.0146 -0.9689
vn 0.7695 -0.3643 -0.5245
vn 0.2713 0.8584 0.4354
vn -0.2681 -0.6592 0.7026
vn -0.7721 0.1658 -0.6135
vn 0.9710 -0.1828 0.1542
vn -0.1046 0.5817 -0.8067
vn -0.3821 0.4678 0.7970
vn -0.4833 -0.8632 -0.1458
vn 0.5583 0.8138 -0.1614
vn 0.4613 -0.8017 -0.3800
vn -0.8892 0.1114 -0.4438
vn -0.1323 -0.1241 0.9834
vn 0.5084 0.2110 -0.8349
vn 0.6128 0.0655 0.7875
vn -0.3703 -0.9271 -0.0583
vn -0.7510 0.6516 0.1065
vn 0.8785 -0.4460 -0.1711
vn 0.0607 0.9627 -0.2638
vn -0.2236 -0.0650 0.9725
vn -0.7129 -0.4497 -0.5381
vn 0.8803 0.3948 0.2630
vn 0.0096 -0.2107 -0.9775
vn -0.7284 0.6571 0.1941
vn -0.1588 -0.8391 0.5203
vn 0.3565 0.6789 -0.6419
vn 0.7163 -0.6631 0.2172
vn -0.7769 -0.4741 -0.4144
vn -0.2964 0.4574 0.8384
vn 0.6866 -0.1628 -0.7086
vn 0.3403 0.6899 0.6389
vn -0.1775 -0.8499 0.4961
vn -0.8463 0.3217 -0.4246
vn 0.9801 -0.1149 0.1620
vn -0.1395 0.6117 -0.7787
vn -0.4301 0.3940 0.8123
vn -0.4093 -0.8913 -0.1953
vn 0.5473 0.8325 -0.0856
vn 0.4663 -0.7528 -0.4647
vn -0.8980 0.1471 -0.4146
vn -0.1148 -0.2273 0.9670
vn 0.5475 0.3646 -0.7532
vn 0.5906 -0.1734 0.7881
vn -0.4317 -0.8545 -0.2888
vn -0.7057 0.6616 0.2535
vn 0.8254 -0.5310 -0.1916
vn 0.2284 0.9732 0.0248
vn -0.3747 -0.2798 0.8839
vn -0.6766 -0.1637 -0.7180
vn 0.9864 0.0593 0.1536
vn -0.1845 -0.0046 -0.9828
vn -0.4523 0.7871 0.4194
vn -0.3501 -0.8424 0.4097
vn -0.7504 0.4011 0.5253
vn 0.0959 0.4828 -0.8704
vn -0.1982 -0.9646 -0.1738
vn 0.8507 0.0794 0.5196
vn 0.5164 0.8214 -0.2419
vn -0.4630 -0.3515 -0.8137
vn -0.6768 0.2244 0.7011
vn 0.6266 -0.6947 0.3532
vn 0.9054 0.0794 -0.4172
vn -0.2108 -0.9648 0.1571
vn -0.6869 0.3930 -0.6113
vn -0.0079 0.4940 0.8694
vn -0.9608 -0.1559 0.2294
vn 0.1905 -0.3763 -0.9067
vn 0.5827 -0.4472 0.6785
vn 0.1850 0.9827 -0.0040
vn 0.0149 -0.9644 -0.2639
vn -0.8561 0.4150 -0.3080
vn 0.7743 0.4730 -0.4204
vn 0.0653 0.0771 0.9949
vn -0.3654 -0.3388 -0.8670
vn -0.4421 -0.4801 0.7577
vn -0.1768 0.9811 0.0786
vn 0.9858 -0.1647 0.0325
vn -0.9863 -0.0771 -0.1456
vn 0.4400 -0.8687 -0.2274
vn 0.1757 0.2218 0.9591
vn 0.3702 0.7225 -0.5838
vn -0.3527 -0.9043 0.2404
vn -0.2960 0.2401 -0.9245
vn 0.9994 -0.0089 0.0341
vn -0.3517 0.6757 0.6478
vn -0.1522 -0.7980 -0.5831
vn -0.8707 0.2985 0.3908
vn 0.3902 0.7402 -0.5476
vn 0.6309 -0.2383 0.7383
vn -0.7529 0.1442 -0.6421
vn -0.0867 -0.9033 0.4201
vn -0.0318 0.7042 0.7093
vn 0.8717 0.0544 -0.4870
vn -0.9493 -0.2309 0.2132
vn 0.2836 -0.4915 -0.8234
vn 0.5867 -0.2610 0.7666
vn 0.0783 0.9841 -0.1593
vn 0.9136 -0.3939 -0.1013
vn -0.6854 -0.6787 -0.2639
vn -0.0855 0.8035 -0.5891
vn -0.1438 0.2682 0.9526
vn -0.5098 -0.4720 0.7193
vn -0.6345 0.5241 -0.5681
vn 0.4773 -0.6718 -0.5665
vn 0.6672 0.6178 0.4161
vn 0.0528 -0.0576 0.9969
vn -0.2449 0.9316 -0.2688
vn -0.6959 -0.6366 -0.3322
vn 0.8859 -0.2398 -0.3971
vn 0.1215 0.8566 -0.5014
vn -0.9622 -0.1075 0.2501
vn 0.5596 0.0158 0.8286
vn 0.2807 -0.7668 -0.5772
vn -0.4692 -0.5452 -0.6947
vn -0.3168 -0.2726 0.9085
vn -0.1993 0.9691 -0.1450
vn 0.9860 -0.1516 -0.0698
vn 0.7219 -0.1673 0.6715
vn -0.7323 0.5335 0.4233
vn -0.3649 -0.8737 -0.3217
vn 0.3774 0.5084 -0.7740
vn 0.1901 0.9437 -0.2705
vn -0.9886 -0.1292 0.0777
vn 0.4330 -0.1892 0.8813
vn 0.3659 -0.6255 -0.6891
vn -0.1261 -0.8943 -0.4294
vn -0.4197 -0.0045 0.9076
vn -0.4326 0.7056 -0.5612
vn 0.9773 0.1938 0.0859
vn -0.9940 -0.0264 -0.1065
vn 0.3420 -0.9255 0.1628
vn 0.2345 0.5840 0.7772
vn 0.4153 0.3658 -0.8329
vn -0.0060 -0.3467 0.9380
vn -0.4639 -0.6527 -0.5989
vn 0.9442 0.1202 -0.3068
vn -0.4746 0.8796 -0.0325
vn -0.9776 0.1995 -0.0675
vn 0.3624 -0.2083 -0.9084
vn 0.1367 -0.7858 0.6032
vn 0.4784 0.7945 0.3741
vn 0.4526 -0.8729 0.1822
vn -0.7570 -0.1452 -0.6370
vn 0.6552 0.6400 -0.4014
vn -0.3493 0.3761 0.8582
vn -0.2178 0.9752 0.0397
vn -0.0391 -0.3108 -0.9497
vn -0.6623 -0.5128 0.5462
vn 0.9200 -0.1519 0.3614
vn -0.7438 0.6344 -0.2107
vn 0.8299 0.2916 -0.4757
vn -0.2557 -0.9188 -0.3007
vn 0.1687 -0.0062 0.9857
vn -0.2353 -0.0531 -0.9705
vn 0.7419 0.6590 0.1242
vn 0.2957 -0.8995 0.3217
vn -0.7998 0.2956 0.5224
vn 0.6203 -0.0816 -0.7801
vn 0.1794 0.8582 0.4809
vn 0.1464 -0.7667 0.6251
vn -0.9465 -0.0092 -0.3225
vn -0.1023 0.1712 0.9799
vn 0.9075 0.2984 -0.2955
vn -0.6982 0.5087 -0.5038
vn -0.1089 -0.9777 -0.1797
vn 0.3168 0.6991 0.6410
vn 0.4458 -0.8710 0.2064
vn 0.2255 0.2759 -0.9344
vn -0.9907 -0.1046 0.0873
vn 0.9233 0.0878 -0.3739
vn 0.0239 0.1445 0.9892
vn -0.3516 -0.9164 -0.1913
vn -0.5957 0.6819 -0.4245
vn 0.0896 -0.9391 0.3317
vn 0.8967 0.4426 0.0036
vn -0.6224 0.5063 0.5969
vn -0.3671 -0.0104 -0.9301
vn -0.2031 0.0664 0.9769
vn 0.6730 -0.7234 -0.1542
vn 0.3686 0.8704 -0.3264
vn -0.8409 -0.2141 -0.4971
vn -0.3637 -0.7004 -0.6141
vn 0.9612 0.1683 -0.2184
vn -0.0777 -0.3172 0.9452
vn -0.5194 0.8472 -0.1115
vn 0.2610 0.9581 0.1177
vn 0.5527 -0.5731 0.6050
vn 0.1527 -0.2740 -0.9495
vn -0.9675 -0.1097 0.2276
vn 0.7680 -0.5477 -0.3320
vn 0.3374 0.8817 0.3298
vn -0.4565 -0.4827 0.7474
vn -0.6478 0.1488 -0.7472
vn 0.1843 0.1560 0.9704
vn 0.8444 0.1241 -0.5211
vn -0.6880 0.6525 -0.3177
vn -0.3412 -0.9310 -0.1297
vn 0.6062 0.7710 0.1952
vn 0.3061 -0.8036 0.5103
vn 0.0206 -0.2005 -0.9795
vn -0.9330 0.2325 0.2746
vn 0.9836 -0.0918 0.1555
vn -0.4117 0.4982 0.7631
vn -0.4141 -0.9079 -0.0655
vn -0.1579 0.5021 -0.8503
vn 0.2731 -0.3301 0.9036
vn 0.2920 0.9496 -0.1136
vn -0.9949 -0.0543 -0.0846
vn 0.4293 -0.5658 -0.7040
vn 0.0497 0.3387 0.9396
vn 0.9234 -0.0808 -0.3753
vn -0.5311 0.6388 -0.5567
vn -0.4438 -0.8961 -0.0066
vn 0.7014 0.6850 0.1970
vn 0.0692 -0.7494 0.6585
vn 0.1315 -0.3589 -0.9241
vn -0.9038 0.4222 0.0700
vn 0.9420 -0.1133 0.3159
vn -0.5094 0.5409 0.6693
vn -0.4273 -0.8987 -0.0990
vn -0.0047 0.4686 -0.8834
vn 0.2506 -0.1820 0.9508
vn 0.6166 0.6890 -0.3810
vn -0.9405 0.3376 -0.0378
vn 0.0717 -0.8436 -0.5321
vn 0.0615 0.7416 0.6680
vn 0.8443 -0.5357 0.0137
vn -0.1321 0.3839 -0.9139
vn -0.7730 -0.5911 0.2304
vn 0.7833 0.5812 0.2205
vn -0.3439 -0.4271 0.8363
vn 0.2842 -0.7100 -0.6444
vn -0.7228 0.5550 -0.4119
vn 0.7592 -0.2495 0.6011
vn -0.3692 0.8856 0.2820
vn -0.7159 -0.6955 0.0608
vn 0.3255 0.0616 -0.9435
vn 0.0081 0.1667 0.9860
vn 0.8611 0.3161 -0.3981
vn -0.7623 0.4976 -0.4138
vn -0.1051 -0.9790 -0.1744
vn 0.2781 0.8683 0.4107
vn 0.5493 -0.7421 0.3843
vn 0.1411 0.0375 -0.9893
vn -0.9668 -0.1660 0.1941
vn 0.9585 0.2312 0.1667
vn -0.5077 0.0412 0.8606
vn -0.0621 -0.9248 -0.3754
vn -0.3900 0.6503 -0.6520
vn 0.5481 -0.2906 0.7843
vn -0.0619 0.9980 -0.0126
vn -0.9178 -0.3904 0.0722
vn 0.4337 -0.3177 -0.8432
vn -0.1400 0.3927 0.9089
vn 0.9787 -0.0247 -0.2039
vn -0.4693 0.5618 -0.6813
vn -0.3692 -0.9290 -0.0244
vn 0.5939 0.7713 0.2289
vn -0.0766 -0.6106 0.7882
vn 0.3880 -0.5037 -0.7718
vn -0.9067 0.3418 -0.2471
vn 0.8448 -0.0606 0.5317
vn -0.5652 0.7419 0.3608
vn -0.5006 -0.8633 0.0643
vn 0.2206 0.1816 -0.9583
vn 0.0287 0.0729 0.9969
vn 0.7689 0.5042 -0.3933
vn -0.8577 0.3863 -0.3394
vn 0.0598 -0.9628 -0.2634
vn 0.2006 0.8840 0.4222
vn 0.6123 -0.6954 0.3762
vn 0.1377 0.0635 -0.9884
vn -0.9487 -0.2517 0.1915
vn 0.9269 0.3031 0.2214
vn -0.5488 -0.0414 0.8349
vn 0.0381 -0.9070 -0.4195
vn -0.4166 0.6461 -0.6395
vn 0.5222 -0.4361 0.7329
vn -0.0051 0.9902 0.1398
vn -0.9397 -0.3419 0.0100
vn 0.4209 -0.2109 -0.8823
vn -0.1418 0.3195 0.9369
vn 0.9794 -0.0401 -0.1977
vn -0.4422 0.6339 -0.6346
vn -0.3977 -0.9114 -0.1059
vn 0.5650 0.7381 0.3688
vn -0.0834 -0.7265 0.6821
vn 0.4247 -0.3641 -0.8289
vn -0.9079 0.3550 -0.2230
vn 0.8273 -0.4716 0.3052
vn -0.3694 0.5506 0.7486
vn -0.6822 -0.6743 -0.2826
vn 0.2226 0.5956 -0.7718
vn 0.6203 -0.2636 0.7387
vn 0.1873 0.9436 -0.2730
vn -0.9455 -0.0740 0.3170
vn 0.1378 -0.6070 -0.7827
vn -0.0429 0.5780 0.8149
vn 0.9532 -0.2297 -0.1964
vn -0.3903 0.4903 -0.7793
vn -0.5187 -0.8397 0.1607
vn 0.4709 0.4300 -0.7703
vn 0.4239 0.2983 0.8552
vn 0.0693 -0.9944 -0.0793
vn -0.9636 0.2673 -0.0077
vn 0.9840 0.1649 0.0676
vn -0.4620 0.8430 -0.2756
vn -0.3497 -0.2995 0.8877
vn -0.1679 -0.7118 -0.6821
vn 0.5202 0.7850 0.3363
vn 0.2530 -0.1897 -0.9487
vn -0.9781 0.2023 0.0500
vn 0.2047 -0.8002 0.5637
vn 0.0951 0.8975 -0.4306
vn 0.9052 -0.3713 0.2067
vn -0.4791 -0.6183 -0.6231
vn -0.5218 0.0900 0.8483
vn 0.6063 0.2774 -0.7453
vn 0.0549 0.6696 0.7407
vn 0.2804 -0.8968 0.3422
vn -0.9400 -0.0503 -0.3374
vn 0.1699 -0.4322 0.8856
vn 0.7291 0.6547 -0.1993
vn -0.8772 0.4794 0.0250
vn -0.0204 -0.7035 -0.7104
vn 0.1952 0.2648 -0.9443
vn -0.3068 0.8014 0.5135
vn 0.8293 -0.3688 0.4198
vn -0.7185 -0.6955 0.0106
vn -0.0350 -0.2482 0.9681
vn 0.6929 0.7073 -0.1404
vn -0.8926 0.3480 -0.2867
vn 0.2345 -0.8065 -0.5427
vn -0.2002 0.9059 0.3731
vn 0.5843 -0.5004 0.6389
vn 0.4707 0.0955 -0.8771
vn -0.8552 -0.5003 -0.1353
vn 0.7237 0.6020 0.3374
vn -0.5495 -0.3244 0.7700
vn 0.4101 -0.7816 -0.4700
vn -0.5806 0.5052 -0.6385
vn 0.2015 0.7208 0.6633
vn -0.9736 0.0174 -0.2275
vn 0.2353 -0.8887 0.3936
vn 0.5378 0.1480 -0.8300
vn 0.2781 -0.0186 0.9604
vn -0.8438 0.5286 -0.0927
vn -0.1527 -0.9351 -0.3199
vn 0.7210 0.4252 -0.5472
vn 0.4226 0.0809 0.9027
vn -0.6879 0.7168 -0.1136
vn -0.4378 -0.8949 -0.0863
vn 0.7034 0.0967 -0.7042
vn -0.8436 -0.0054 0.5370
vn 0.6789 0.5731 0.4589
vn -0.1846 0.3672 -0.9116
vn 0.3476 -0.9338 -0.0848
vn -0.2066 0.8569 0.4722
vn -0.1076 -0.7654 0.6345
vn 0.9415 0.0214 -0.3362
vn -0.6280 -0.1130 -0.7700
vn 0.2894 0.1371 0.9473
vn -0.9939 0.0925 -0.0604
vn 0.2700 -0.9141 -0.3025
vn 0.4371 0.6833 -0.5848
vn -0.4474 -0.3876 0.8060
vn -0.0002 0.9979 0.0645
vn -0.4932 -0.2841 -0.8223
vn 0.9427 -0.3299 -0.0502
vn -0.8000 0.4240 0.4246
vn 0.6973 -0.1699 0.6963
vn 0.3694 0.6116 -0.6997
vn -0.2667 -0.8663 -0.4223
vn 0.3332 0.8175 0.4698
vn -0.6447 -0.4869 0.5893
vn 0.7734 -0.5980 -0.2102
vn -0.4582 0.2674 -0.8477
vn 0.2289 -0.1274 0.9651
vn -0.4926 0.8626 -0.1154
vn -0.5777 -0.7548 -0.3107
vn 0.8427 0.0212 -0.5380
vn -0.7340 0.1508 0.6622
vn 0.7993 0.5401 0.2633
vn -0.3084 0.2815 -0.9087
vn 0.2444 -0.9695 -0.0157
vn -0.2654 0.9065 0.3283
vn -0.0016 -0.6468 0.7627
vn 0.9168 0.0502 -0.3962
vn -0.6491 -0.3084 -0.6954
vn 0.5466 0.2798 0.7893
vn -0.9613 0.2204 0.1654
vn 0.0951 -0.9851 -0.1430
vn 0.3179 0.4842 -0.8152
vn -0.3721 -0.2404 0.8965
vn 0.2751 0.9614 0.0004
vn -0.6989 -0.1493 -0.6995
vn 0.7947 -0.5743 -0.1967
vn -0.6065 0.7115 0.3549
vn 0.6458 -0.2728 0.7131
vn 0.5036 0.3512 -0.7893
vn -0.5437 -0.7919 -0.2780
vn -0.1503 0.6745 0.7228
vn -0.3575 -0.8869 0.2926
vn 0.9797 -0.0818 -0.1828
vn -0.4689 0.2945 -0.8327
vn 0.1851 0.1265 0.9745
vn -0.9764 0.1287 -0.1732
vn 0.2704 -0.9232 -0.2730
vn 0.5226 0.6697 -0.5277
vn -0.3810 -0.2796 -0.8813
vn -0.4185 -0.5423 0.7286
vn -0.1883 0.9702 0.1522
vn 0.9888 -0.1492 -0.0003
vn -0.9768 0.2094 -0.0447
vn 0.1556 -0.9396 -0.3048
vn 0.3179 0.0992 0.9429
vn 0.5021 0.6295 -0.5929
vn 0.5371 0.2444 -0.8073
vn 0.5853 -0.4730 0.6586
vn -0.7543 -0.5988 -0.2691
vn -0.3674 0.8294 0.4209
vn -0.3694 -0.7874 0.4936
vn 0.7688 -0.2936 -0.5680
vn 0.3144 0.6876 0.6545
vn -0.7137 0.3932 -0.5797
vn 0.1494 -0.0032 0.9888
vn 0.7478 -0.4874 -0.4508
vn -0.0273 0.9434 -0.3306
vn -0.8678 -0.4514 -0.2077
vn 0.7977 -0.4868 -0.3559
vn 0.1478 0.9856 -0.0820
vn -0.1333 -0.2394 0.9617
vn -0.8116 -0.2585 -0.5240
vn -0.7808 0.5900 0.2054
vn 0.7647 0.2442 0.5963
vn 0.2697 0.1197 -0.9555
vn -0.2521 -0.9550 0.1566
vn 0.1359 -0.5529 0.8221
vn 0.8771 0.1283 -0.4628
vn -0.3758 0.8905 0.2567
vn -0.6391 -0.4648 -0.6128
vn 0.0035 -0.2160 -0.9764
vn 0.3397 0.9303 0.1384
vn 0.5886 -0.6471 0.4846
vn -0.9327 -0.0692 0.3540
vn 0.9492 0.1275 -0.2875
vn -0.6100 0.3760 -0.6975
vn -0.1527 0.4715 0.8685
vn -0.1864 -0.9755 0.1171
vn 0.4592 0.7546 -0.4687
vn -0.0407 -0.7930 -0.6078
vn -0.9275 0.2804 0.2472
vn 0.5075 -0.2397 0.8277
vn -0.5892 -0.0620 -0.8056
vn 0.8378 0.4903 -0.2401
vn 0.2299 -0.9192 0.3197
vn -0.4784 0.4932 0.7265
vn 0.6054 -0.2392 -0.7591
vn -0.5509 0.7954 -0.2528
vn 0.5464 0.2170 0.8089
vn -0.6032 -0.7719 0.2009
vn 0.4235 0.5264 -0.7373
vn -0.6346 -0.6674 -0.3896
vn -0.5000 0.6188 0.6058
vn 0.7105 -0.4775 0.5168
vn -0.6367 0.3726 -0.6752
vn 0.7709 -0.4310 -0.4690
vn -0.4718 -0.6799 0.5614
vn 0.3389 0.7397 0.5813
vn -0.1802 -0.6754 -0.7151
vn 0.1897 0.8884 -0.4181
vn 0.7895 -0.2902 0.5407
vn -0.7997 0.0784 0.5953
vn 0.6274 -0.0462 -0.7773
vn -0.9259 0.1905 -0.3263
vn 0.2920 0.7293 0.6188
vn 0.0067 -0.8735 0.4869
vn 0.0989 0.6033 -0.7914
vn -0.1588 -0.9369 -0.3115
vn -0.7749 0.3029 0.5548
vn 0.8344 0.0342 0.5501
vn -0.9960 -0.0567 -0.0695
vn 0.3870 0.1825 -0.9038
vn 0.3611 -0.8647 0.3491
vn 0.2508 0.7398 0.6243
vn -0.0892 0.9793 -0.1818
vn 0.9478 -0.2810 -0.1506
vn -0.6016 -0.5091 -0.6156
vn -0.2571 -0.1910 0.9473
vn 0.5559 -0.2508 0.7925
vn 0.0485 -0.7255 -0.6865
vn 0.3459 0.8517 -0.3937
vn -0.9505 0.1237 0.2852
vn 0.9302 -0.2544 -0.2646
vn -0.3055 -0.5885 0.7486
vn -0.6124 -0.1113 -0.7827
vn -0.0110 0.9540 0.2995
vn 0.6285 -0.7377 0.2465
vn 0.1225 0.7679 0.6287
vn -0.9418 -0.3312 0.0586
vn 0.1901 0.3017 -0.9343
vn 0.2405 0.3027 -0.9222
vn 0.0186 0.7831 0.6216
vn 0.6578 -0.6871 0.3086
vn -0.9179 -0.3966 -0.0079
vn 0.6674 -0.6218 -0.4098
vn 0.1478 0.9249 -0.3504
vn 0.1104 -0.0020 0.9939
vn -0.9239 -0.3020 -0.2351
vn -0.0375 -0.1413 -0.9893
vn -0.2478 0.9460 0.2089
vn 0.9251 -0.1857 0.3312
vn -0.6419 -0.6206 0.4503
vn -0.6150 0.1737 0.7691
vn 0.8732 0.4602 0.1606
vn -0.4080 0.3487 -0.8438
vn 0.1519 -0.9847 -0.0859
vn -0.0560 0.9647 -0.2574
vn -0.0452 -0.0801 0.9958
vn 0.8642 -0.3822 -0.3273
vn -0.7619 -0.5002 -0.4115
vn 0.0590 -0.9979 -0.0258
vn 0.3840 0.3334 0.8610
vn -0.9580 0.2781 -0.0699
vn 0.5128 0.3869 -0.7663
vn -0.7039 -0.4974 -0.5070
vn 0.7716 -0.6092 0.1831
vn -0.3809 0.3257 0.8653
vn 0.3152 0.7807 -0.5396
vn 0.5408 0.8148 -0.2088
vn 0.4037 -0.4802 0.7787
vn -0.0097 -0.6064 -0.7951
vn -0.9355 0.2723 0.2250
vn -0.5661 -0.5193 0.6402
vn 0.2933 -0.5983 -0.7456
vn 0.8026 0.3575 0.4776
vn -0.5332 0.7593 -0.3731
vn 0.6483 -0.7398 0.1800
vn -0.9249 -0.3747 -0.0644
vn 0.2378 0.4489 -0.8614
vn 0.0391 0.6654 0.7455
vn -0.0264 -0.9338 -0.3568
vn -0.1787 -0.0109 0.9838
vn -0.6995 0.5495 -0.4569
vn 0.9025 0.3953 -0.1712
vn -0.5766 -0.6315 0.5184
vn 0.9191 -0.3838 -0.0896
vn 0.0479 0.8760 0.4799
vn -0.3921 0.1429 -0.9087
vn 0.3451 -0.5528 0.7585
vn -0.4914 -0.5864 -0.6439
vn 0.7676 0.4406 -0.4655
vn -0.6222 0.6991 0.3523
vn 0.4144 -0.8817 -0.2254
vn -0.6985 -0.1279 0.7041
vn -0.4184 0.3893 -0.8206
vn 0.7052 0.6199 0.3440
vn -0.4695 -0.8738 -0.1264
vn 0.6148 -0.0632 0.7862
vn -0.6745 0.7209 0.1592
vn 0.5308 0.2169 -0.8193
vn -0.2836 -0.6342 0.7192
vn 0.5658 -0.4845 -0.6672
vn 0.5266 0.7485 0.4031
vn -0.8095 0.3704 -0.4554
vn 0.2703 0.4801 -0.8345
vn -0.0137 -0.9851 -0.1713
vn -0.9122 0.3020 0.2768
vn 0.6555 0.2039 0.7271
vn 0.1947 -0.7669 -0.6116
vn -0.1634 -0.3436 0.9248
vn -0.8111 0.4871 -0.3240
vn 0.7819 0.6233 0.0125
vn 0.6392 0.3099 0.7039
vn -0.9352 0.2184 0.2788
vn 0.0903 -0.9891 -0.1162
vn 0.2040 0.4587 -0.8648
vn -0.6901 -0.3440 -0.6367
vn -0.2684 -0.2316 0.9351
vn 0.0711 0.9932 -0.0925
vn 0.8847 -0.4184 -0.2058
vn 0.8264 -0.3408 0.4481
vn -0.4656 0.6446 0.6064
vn -0.6102 -0.7657 -0.2033
vn 0.2472 0.4623 -0.8515
vn -0.5843 0.6553 -0.4787
vn -0.5495 -0.5235 0.6512
vn 0.7190 0.4924 0.4905
vn 0.4154 -0.6246 -0.6613
vn 0.3092 -0.9092 0.2788
vn -0.2879 0.5152 0.8073
vn -0.7699 -0.0900 -0.6318
vn 0.7486 0.4826 -0.4546
vn 0.7041 -0.2840 0.6509
vn -0.2405 0.9566 0.1643
vn -0.8126 -0.5712 0.1160
vn 0.3494 -0.1000 -0.9316
vn 0.7560 0.0078 0.6545
vn 0.2580 0.5243 -0.8115
vn -0.8088 0.4118 0.4200
vn -0.2047 -0.9431 -0.2620
vn 0.8918 0.2344 -0.3871
vn -0.4823 -0.6151 -0.6237
vn -0.5364 0.8342 0.1285
vn 0.1291 -0.4517 0.8828
vn -0.1705 0.9087 -0.3811
vn 0.1538 -0.6510 -0.7433
vn -0.7909 -0.2881 0.5398
vn 0.8092 0.0313 0.5867
vn 0.4438 -0.8167 0.3690
vn -0.7741 -0.2727 -0.5714
vn 0.6557 0.5165 -0.5507
vn -0.3265 0.5721 0.7524
vn -0.9191 0.2730 0.2841
vn 0.1133 0.1892 -0.9754
vn 0.1251 -0.9780 0.1669
vn 0.6794 0.5142 0.5234
vn 0.6915 0.6790 -0.2466
vn 0.1456 -0.8300 -0.5384
vn -0.9123 0.3634 -0.1886
vn 0.0760 -0.2128 0.9741
vn -0.0109 0.1789 -0.9838
vn 0.9277 -0.2407 0.2854
vn -0.6176 -0.7587 0.2073
vn -0.3003 0.8185 0.4897
vn 0.6169 -0.5811 -0.5308
vn 0.1822 0.9608 -0.2088
vn 0.1458 -0.1633 0.9758
vn -0.9470 -0.2170 -0.2369
vn 0.9458 0.2756 -0.1720
vn -0.4666 -0.1461 -0.8723
vn -0.4699 0.7174 0.5143
vn -0.0108 -0.8483 0.5294
vn 0.2076 0.6710 -0.7118
vn 0.5467 -0.8243 -0.1469
vn -0.9713 -0.2346 -0.0379
vn 0.2157 0.3886 0.8958
vn 0.1135 -0.2735 -0.9552
vn 0.8094 0.5050 0.2999
vn -0.1179 -0.8134 0.5696
vn -0.8060 0.5855 0.0867
vn 0.8553 -0.3472 -0.3846
vn -0.3228 0.7717 -0.5480
vn 0.1569 0.2997 0.9410
vn -0.6892 -0.7245 -0.0086
vn 0.7949 0.4940 -0.3522
vn -0.3803 -0.5786 -0.7215
vn -0.6922 0.6552 0.3026
vn 0.2776 -0.5727 0.7713
vn 0.0873 0.4341 -0.8966
vn 0.8334 -0.5134 0.2049
vn -0.7827 -0.6223 -0.0077
vn -0.1395 0.7008 0.6996
vn 0.3155 -0.5534 -0.7709
vn 0.4740 0.8805 -0.0035
vn 0.1939 -0.4821 0.8544
vn -0.9848 0.1541 -0.0805
vn 0.9925 0.1219 0.0125
vn -0.3222 -0.0041 -0.9466
vn -0.4370 0.7502 0.4961
vn -0.2350 -0.8693 0.4349
vn 0.7328 0.2994 -0.6110
vn -0.0131 -0.9989 0.0459
vn -0.8779 0.3283 -0.3487
vn 0.1591 0.3717 0.9146
vn -0.0404 -0.2534 -0.9665
vn 0.9191 -0.1798 0.3505
vn -0.6658 -0.5388 0.5162
vn -0.2107 0.9723 0.1010
vn -0.0384 0.9462 0.3213
vn 0.5111 -0.5547 0.6565
vn 0.4561 -0.0304 -0.8894
vn -0.9287 -0.3602 -0.0884
vn -0.2425 -0.9699 0.0235
vn 0.9780 0.1018 0.1821
vn -0.5217 0.4939 0.6957
vn -0.2134 0.3734 -0.9028
vn 0.5722 0.6722 -0.4698
vn 0.1493 0.0690 0.9864
vn 0.2423 -0.9190 -0.3109
vn -0.9626 0.1772 -0.2047
vn -0.5064 0.7110 0.4878
vn 0.0809 -0.8101 0.5807
vn 0.9137 0.3359 -0.2289
vn -0.4876 -0.2390 -0.8397
vn -0.9661 -0.2526 0.0536
vn 0.5599 -0.8285 -0.0145
vn 0.2474 0.5548 0.7943
vn 0.1595 0.5263 -0.8352
vn 0.0293 0.4644 -0.8852
vn 0.4116 -0.9075 -0.0840
vn -0.9512 -0.0897 0.2953
vn 0.5102 0.5337 0.6745
vn -0.2170 -0.9384 -0.2690
vn -0.8364 0.4630 0.2934
vn 0.3958 0.4862 -0.7790
vn 0.6562 -0.0107 0.7545
vn -0.8330 0.0782 -0.5477
vn -0.1257 -0.7080 0.6949
vn 0.1916 0.8752 0.4442
vn 0.7678 -0.2488 -0.5904
vn -0.9583 -0.0873 0.2723
vn 0.2273 -0.7171 -0.6588
vn 0.5852 -0.0936 0.8055
vn 0.1493 0.8958 -0.4186
vn -0.3398 -0.9281 0.1520
vn -0.6377 0.4931 -0.5917
vn 0.8975 -0.0404 -0.4392
vn 0.0805 0.4741 0.8768
vn -0.4495 -0.5640 -0.6927
vn -0.5871 0.0691 0.8066
vn 0.1663 0.9138 -0.3705
vn 0.8705 -0.4194 0.2577
vn -0.9377 0.2765 -0.2103
vn 0.0170 -0.9731 0.2296
vn 0.3371 0.5288 0.7789
vn 0.5827 0.1653 -0.7957
vn -0.8983 -0.2388 0.3689
vn 0.0787 -0.3390 -0.9375
vn 0.7115 -0.4179 0.5649
vn 0.1087 0.9941 0.0052
vn -0.3615 -0.9071 -0.2155
vn -0.7070 0.6878 -0.1648
vn 0.7934 0.1869 -0.5793
vn 0.2742 0.0323 0.9611
vn -0.6250 -0.1657 -0.7629
vn -0.3726 -0.4114 0.8318
vn 0.1056 0.9853 0.1340
vn 0.8904 -0.4081 -0.2015
vn -0.9849 0.0926 0.1465
vn 0.1882 -0.8837 -0.4285
vn 0.4750 0.0528 0.8784
vn 0.3216 0.7356 -0.5962
vn -0.6204 -0.7317 0.2823
vn -0.3021 0.3735 -0.8770
vn 0.9246 -0.3689 -0.0946
vn -0.0035 0.7247 0.6891
vn -0.3166 -0.7250 -0.6116
vn -0.7895 0.4861 0.3747
vn 0.5759 0.6399 -0.5088
vn 0.5326 -0.4009 0.7454
vn -0.7497 0.0921 -0.6554
vn -0.1958 -0.7515 0.6300
vn 0.0982 0.8503 0.5170
vn 0.8493 -0.1898 -0.4926
vn -0.9688 -0.0771 0.2355
vn 0.2195 -0.6639 -0.7149
vn 0.5573 -0.1837 0.8098
vn 0.1911 0.9242 -0.3307
vn -0.4150 -0.9091 0.0354
vn -0.5766 0.6078 -0.5460
vn 0.9065 -0.0625 -0.4175
vn 0.0838 0.3614 0.9287
vn -0.5260 -0.4235 -0.7375
vn -0.5639 0.0518 0.8242
vn 0.2766 0.9211 -0.2740
vn 0.8122 -0.5521 0.1885
vn -0.7026 0.6798 -0.2101
vn -0.4166 -0.9082 0.0399
vn 0.4161 0.2147 0.8836
vn 0.7014 0.0154 -0.7126
vn 0.5037 -0.8540 0.1305
vn -0.5129 0.2165 0.8307
vn -0.6336 -0.1000 -0.7672
vn 0.6447 0.7390 -0.1955
vn -0.7583 -0.5706 0.3153
vn 0.8399 -0.2716 0.4699
vn -0.1987 0.9592 0.2011
vn 0.1144 -0.1169 -0.9865
vn 0.8818 0.4640 -0.0842
vn -0.3521 0.1190 0.9284
vn 0.1166 -0.9750 -0.1893
vn -0.6448 0.3903 -0.6572
vn 0.4751 -0.2813 0.8338
vn 0.0285 0.9965 -0.0783
vn -0.9521 -0.3035 0.0367
vn 0.4521 -0.4094 -0.7924
vn -0.5378 -0.0368 0.8423
vn 0.9149 0.3483 0.2039
vn -0.4480 0.6068 -0.6566
vn 0.0705 -0.9180 -0.3902
vn 0.5839 0.0285 -0.8114
vn -0.1164 0.9260 0.3591
vn 0.4257 -0.5769 0.6971
vn -0.8933 -0.3778 -0.2434
vn 0.6799 0.4439 0.5836
vn 0.1216 0.3105 -0.9428
vn -0.9183 0.2397 0.3152
vn 0.1166 -0.9922 0.0436
vn 0.2151 0.9372 -0.2746
vn 0.8480 -0.5028 0.1678
vn -0.5139 -0.4515 -0.7294
vn -0.5495 0.0162 0.8353
vn 0.7927 0.3220 -0.5176
vn -0.0485 0.4936 0.8683
vn 0.0897 -0.9804 0.1754
vn -0.8343 0.1661 -0.5257
vn 0.8794 0.2450 0.4082
vn -0.2864 0.7227 -0.6290
vn -0.6838 -0.1069 0.7218
vn 0.0920 -0.8591 -0.5035
vn 0.1273 0.9436 0.3056
vn 0.7928 -0.2871 -0.5376
vn -0.8228 -0.0576 -0.5654
vn -0.0975 -0.5976 0.7958
vn 0.4468 0.7381 -0.5055
vn 0.4045 -0.0703 0.9118
vn 0.1280 -0.8630 -0.4887
vn -0.9775 0.1937 0.0837
vn 0.9890 0.1060 0.1031
vn -0.4394 0.8966 0.0548
vn -0.3481 -0.5889 0.7294
vn -0.2013 -0.4143 -0.8876
vn 0.4527 0.6964 0.5568
vn 0.2424 0.1324 -0.9611
vn -0.9910 0.0781 0.1084
vn 0.2985 -0.9072 0.2963
vn 0.1792 0.9787 -0.1001
vn 0.8587 -0.5077 -0.0690
vn -0.6205 -0.3021 -0.7237
vn -0.4167 -0.1719 0.8926
vn -0.6112 0.2307 0.7571
vn 0.6173 -0.7359 0.2781
vn 0.5379 0.8045 -0.2517
vn -0.5429 -0.2984 -0.7850
vn 0.9839 0.1724 -0.0477
vn -0.4396 0.7304 0.5227
vn -0.1626 -0.8792 0.4479
vn -0.3800 -0.0241 -0.9247
s 0
f 1//1 4//1 2//1
f 1//2 2//2 3//2
f 1//3 3//3 4//3
f 4//4 3//4 2//4
f 4//5 5//5 6//5
f 4//6 6//6 7//6
f 4//7 7//7 5//7
f 5//8 7//8 6//8
f 5//9 10//9 8//9
f 5//10 8//10 9//10
f 5//11 9//11 10//11
f 10//12 9//12 8//12
f 10//13 13//13 11//13
f 10//14 11//14 12//14
f 10//15 12//15 13//15
f 13//16 12//16 11//16
f 13//17 16//17 14//17
f 13//18 14//18 15//18
f 13//19 15//19 16//19
f 16//20 15//20 14//20
f 16//21 17//21 18//21
f 16//22 18//22 19//22
f 16//23 19//23 17//23
f 17//24 19//24 18//24
f 17//25 22//25 20//25
f 17//26 20//26 21//26
f 17//27 21//27 22//27
f 22//28 21//28 20//28
f 22//29 23//29 24//29
f 22//30 24//30 25//30
f 22//31 25//31 23//31
f 23//32 25//32 24//32
f 23//33 26//33 27//33
f 23//34 27//34 28//34
f 23//35 28//35 26//35
f 26//36 28//36 27//36
f 26//37 29//37 30//37
f 26//38 30//38 31//38
f 26//39 31//39 29//39
f 29//40 31//40 30//40
f 29//41 34//41 32//41
f 29//42 32//42 33//42
f 29//43 33//43 34//43
f 34//44 33//44 32//44
f 34//45 37//45 35//45
f 34//46 35//46 36//46
f 34//47 36//47 37//47
f 37//48 36//48 35//48
f 37//49 38//49 39//49
f 37//50 39//50 40//50
f 37//51 40//51 38//51
f 38//52 40//52 39//52
f 38//53 41//53 42//53
f 38//54 42//54 43//54
f 38//55 43//55 41//55
f 41//56 43//56 42//56
f 41//57 46//57 44//57
f 41//58 44//58 45//58
f 41//59 45//59 46//59
f 46//60 45//60 44//60
f 46//61 49//61 47//61
f 46//62 47//62 48//62
f 46//63 48//63 49//63
f 49//64 48//64 47//64
f 49//65 52//65 50//65
f 49//66 50//66 51//66
f 49//67 51//67 52//67
f 52//68 51//68 50//68
f 52//69 55//69 53//69
f 52//70 53//70 54//70
f 52//71 54//71 55//71
f 55//72 54//72 53//72
f 55//73 56//73 57//73
f 55//74 57//74 58//74
f 55//75 58//75 56//75
f 56//76 58//76 57//76
f 56//77 61//77 59//77
f 56//78 59//78 60//78
f 56//79 60//79 61//79
f 61//80 60//80 59//80
f 61//81 62//81 63//81
f 61//82 63//82 64//82
f 61//83 64//83 62//83
f 62//84 64//84 63//84
f 62//85 67//85 65//85
f 62//86 65//86 66//86
f 62//87 66//87 67//87
f 67//88 66//88 65//88
f 67//89 70//89 68//89
f 67//90 68//90 69//90
f 67//91 69//91 70//91
f 70//92 69//92 68//92
f 70//93 73//93 71//93
f 70//94 71//94 72//94
f 70//95 72//95 73//95
f 73//96 72//96 71//96
f 73//97 76//97 74//97
f 73//98 74//98 75//98
f 73//99 75//99 76//99
f 76//100 75//100 74//100
f 76//101 77//101 78//101
f 76//102 78//102 79//102
f 76//103 79//103 77//103
f 77//104 79//104 78//104
f 77//105 82//105 80//105
f 77//106 80//106 81//106
f 77//107 81//107 82//107
f 82//108 81//108 80//108
f 82//109 83//109 84//109
f 82//110 84//110 85//110
f 82//111 85//111 83//111
f 83//112 85//112 84//112
f 83//113 86//113 87//113
f 83//114 87//114 88//114
f 83//115 88//115 86//115
f 86//116 88//116 87//116
f 86//117 91//117 89//117
f 86//118 89//118 90//118
f 86//119 90//119 91//119
f 91//120 90//120 89//120
f 91//121 92//121 93//121
f 91//122 93//122 94//122
f 91//123 94//123 92//123
f 92//124 94//124 93//124
f 92//125 97//125 95//125
f 92//126 95//126 96//126
f 92//127 96//127 97//127
f 97//128 96//128 95//128
f 97//129 98//129 99//129
f 97//130 99//130 100//130
f 97//131 100//131 98//131
f 98//132 100//132 99//132
f 98//133 103//133 101//133
f 98//134 101//134 102//134
f 98//135 102//135 103//135
f 103//136 102//136 101//136
f 103//137 106//137 104//137
f 103//138 104//138 105//138
f 103//139 105//139 106//139
f 106//140 105//140 104//140
f 106//141 107//141 108//141
f 106//142 108//142 109//142
f 106//143 109//143 107//143
f 107//144 109//144 108//144
f 107//145 110//145 111//145
f 107//146 111//146 112//146
f 107//147 112//147 110//147
f 110//148 112//148 111//148
f 110//149 113//149 114//149
f 110//150 114//150 115//150
f 110//151 115//151 113//151
f 113//152 115//152 114//152
f 113//153 118//153 116//153
f 113//154 116//154 117//154
f 113//155 117//155 118//155
f 118//156 117//156 116//156
f 118//157 121//157 119//157
f 118//158 119//158 120//158
f 118//159 120//159 121//159
f 121//160 120//160 119//160
f 121//161 122//161 123//161
f 121//162 123//162 124//162
f 121//163 124//163 122//163
f 122//164 124//164 123//164
f 122//165 127//165 125//165
f 122//166 125//166 126//166
f 122//167 126//167 127//167
f 127//168 126//168 125//168
f 127//169 128//169 129//169
f 127//170 129//170 130//170
f 127//171 130//171 128//171
f 128//172 130//172 129//172
f 128//173 133//173 131//173
f 128//174 131//174 132//174
f 128//175 132//175 133//175
f 133//176 132//176 131//176
f 133//177 136//177 134//177
f 133//178 134//178 135//178
f 133//179 135//179 136//179
f 136//180 135//180 134//180
f 136//181 137//181 138//181
f 136//182 138//182 139//182
f 136//183 139//183 137//183
f 137//184 139//184 138//184
f 137//185 140//185 141//185
f 137//186 141//186 142//186
f 137//187 142//187 140//187
f 140//188 142//188 141//188
f 140//189 143//189 144//189
f 140//190 144//190 145//190
f 140//191 145//191 143//191
f 143//192 145//192 144//192
f 143//193 148//193 146//193
f 143//194 146//194 147//194
f 143//195 147//195 148//195
f 148//196 147//196 146//196
f 148//197 151//197 149//197
f 148//198 149//198 150//198
f 148//199 150//199 151//199
f 151//200 150//200 149//200
f 151//201 152//201 153//201
f 151//202 153//202 154//202
f 151//203 154//203 152//203
f 152//204 154//204 153//204
f 152//205 157//205 155//205
f 152//206 155//206 156//206
f 152//207 156//207 157//207
f 157//208 156//208 155//208
f 157//209 158//209 159//209
f 157//210 159//210 160//210
f 157//211 160//211 158//211
f 158//212 160//212 159//212
f 158//213 163//213 161//213
f 158//214 161//214 162//214
f 158//215 162//215 163//215
f 163//216 162//216 161//216
f 163//217 164//217 165//217
f 163//218 165//218 166//218
f 163//219 166//219 164//219
f 164//220 166//220 165//220
f 164//221 169//221 167//221
f 164//222 167//222 168//222
f 164//223 168//223 169//223
f 169//224 168//224 167//224
f 169//225 170//225 171//225
f 169//226 171//226 172//226
f 169//227 172//227 170//227
f 170//228 172//228 171//228
f 170//229 173//229 174//229
f 170//230 174//230 175//230
f 170//231 175//231 173//231
f 173//232 175//232 174//232
f 173//233 176//233 177//233
f 173//234 177//234 178//234
f 173//235 178//235 176//235
f 176//236 178//236 177//236
f 176//237 179//237 180//237
f 176//238 180//238 181//238
f 176//239 181//239 179//239
f 179//240 181//240 180//240
f 179//241 184//241 182//241
f 179//242 182//242 183//242
f 179//243 183//243 184//243
f 184//244 183//244 182//244
f 184//245 187//245 185//245
f 184//246 185//246 186//246
f 184//247 186//247 187//247
f 187//248 186//248 185//248
f 187//249 188//249 189//249
f 187//250 189//250 190//250
f 187//251 190//251 188//251
f 188//252 190//252 189//252
f 188//253 191//253 192//253
f 188//254 192//254 193//254
f 188//255 193//255 191//255
f 191//256 193//256 192//256
f 191//257 196//257 194//257
f 191//258 194//258 195//258
f 191//259 195//259 196//259
f 196//260 195//260 194//260
f 196//261 197//261 198//261
f 196//262 198//262 199//262
f 196//263 199//263 197//263
f 197//264 199//264 198//264
f 197//265 202//265 200//265
f 197//266 200//266 201//266
f 197//267 201//267 202//267
f 202//268 201//268 200//268
f 202//269 203//269 204//269
f 202//270 204//270 205//270
f 202//271 205//271 203//271
f 203//272 205//272 204//272
f 203//273 208//273 206//273
f 203//274 206//274 207//274
f 203//275 207//275 208//275
f 208//276 207//276 206//276
f 208//277 211//277 209//277
f 208//278 209//278 210//278
f 208//279 210//279 211//279
f 211//280 210//280 209//280
f 211//281 212//281 213//281
f 211//282 213//282 214//282
f 211//283 214//283 212//283
f 212//284 214//284 213//284
f 212//285 215//285 216//285
f 212//286 216//286 217//286
f 212//287 217//287 215//287
f 215//288 217//288 216//288
f 215//289 218//289 219//289
f 215//290 219//290 220//290
f 215//291 220//291 218//291
f 218//292 220//292 219//292
f 218//293 223//293 221//293
f 218//294 221//294 222//294
f 218//295 222//295 223//295
f 223//296 222//296 221//296
f 223//297 224//297 225//297
f 223//298 225//298 226//298
f 223//299 226//299 224//299
f 224//300 226//300 225//300
f 224//301 229//301 227//301
f 224//302 227//302 228//302
f 224//303 228//303 229//303
f 229//304 228//304 227//304
f 229//305 232//305 230//305
f 229//306 230//306 231//306
f 229//307 231//307 232//307
f 232//308 231//308 230//308
f 232//309 235//309 233//309
f 232//310 233//310 234//310
f 232//311 234//311 235//311
f 235//312 234//312 233//312
f 235//313 238//313 236//313
f 235//314 236//314 237//314
f 235//315 237//315 238//315
f 238//316 237//316 236//316
f 238//317 241//317 239//317
f 238//318 239//318 240//318
f 238//319 240//319 241//319
f 241//320 240//320 239//320
f 241//321 242//321 243//321
f 241//322 243//322 244//322
f 241//323 244//323 242//323
f 242//324 244//324 243//324
f 242//325 247//325 245//325
f 242//326 245//326 246//326
f 242//327 246//327 247//327
f 247//328 246//328 245//328
f 247//329 248//329 249//329
f 247//330 249//330 250//330
f 247//331 250//331 248//331
f 248//332 250//332 249//332
f 248//333 253//333 251//333
f 248//334 251//334 252//334
f 248//335 252//335 253//335
f 253//336 252//336 251//336
f 253//337 256//337 254//337
f 253//338 254//338 255//338
f 253//339 255//339 256//339
f 256//340 255//340 254//340
f 256//341 257//341 258//341
f 256//342 258//342 259//342
f 256//343 259//343 257//343
f 257//344 259//344 258//344
f 257//345 262//345 260//345
f 257//346 260//346 261//346
f 257//347 261//347 262//347
f 262//348 261//348 260//348
f 262//349 265//349 263//349
f 262//350 263//350 264//350
f 262//351 264//351 265//351
f 265//352 264//352 263//352
f 265//353 268//353 266//353
f 265//354 266//354 267//354
f 265//355 267//355 268//355
f 268//356 267//356 266//356
f 268//357 269//357 270//357
f 268//358 270//358 271//358
f 268//359 271//359 269//359
f 269//360 271//360 270//360
f 269//361 274//361 272//361
f 269//362 272//362 273//362
f 269//363 273//363 274//363
f 274//364 273//364 272//364
f 274//365 277//365 275//365
f 274//366 275//366 276//366
f 274//367 276//367 277//367
f 277//368 276//368 275//368
f 277//369 280//369 278//369
f 277//370 278//370 279//370
f 277//371 279//371 280//371
f 280//372 279//372 278//372
f 280//373 283//373 281//373
f 280//374 281//374 282//374
f 280//375 282//375 283//375
f 283//376 282//376 281//376
f 283//377 286//377 284//377
f 283//378 284//378 285//378
f 283//379 285//379 286//379
f 286//380 285//380 284//380
f 286//381 287//381 288//381
f 286//382 288//382 289//382
f 286//383 289//383 287//383
f 287//384 289//384 288//384
f 287//385 290//385 291//385
f 287//386 291//386 292//386
f 287//387 292//387 290//387
f 290//388 292//388 291//388
f 290//389 295//389 293//389
f 290//390 293//390 294//390
f 290//391 294//391 295//391
f 295//392 294//392 293//392
f 295//393 298//393 296//393
f 295//394 296//394 297//394
f 295//395 297//395 298//395
f 298//396 297//396 296//396
f 298//397 301//397 299//397
f 298//398 299//398 300//398
f 298//399 300//399 301//399
f 301//400 300//400 299//400
f 301//401 302//401 303//401
f 301//402 303//402 304//402
f 301//403 304//403 302//403
f 302//404 304//404 303//404
f 302//405 307//405 305//405
f 302//406 305//406 306//406
f 302//407 306//407 307//407
f 307//408 306//408 305//408
f 307//409 310//409 308//409
f 307//410 308//410 309//410
f 307//411 309//411 310//411
f 310//412 309//412 308//412
f 310//413 311//413 312//413
f 310//414 312//414 313//414
f 310//415 313//415 311//415
f 311//416 313//416 312//416
f 311//417 314//417 315//417
f 311//418 315//418 316//418
f 311//419 316//419 314//419
f 314//420 316//420 315//420
f 314//421 319//421 317//421
f 314//422 317//422 318//422
f 314//423 318//423 319//423
f 319//424 318//424 317//424
f 319//425 320//425 321//425
f 319//426 321//426 322//426
f 319//427 322//427 320//427
f 320//428 322//428 321//428
f 320//429 323//429 324//429
f 320//430 324//430 325//430
f 320//431 325//431 323//431
f 323//432 325//432 324//432
f 326//433 329//433 327//433
f 326//434 327//434 328//434
f 326//435 328//435 329//435
f 329//436 328//436 327//436
f 329//437 330//437 331//437
f 329//438 331//438 332//438
f 329//439 332//439 330//439
f 330//440 332//440 331//440
f 330//441 333//441 334//441
f 330//442 334//442 335//442
f 330//443 335//443 333//443
f 333//444 335//444 334//444
f 333//445 338//445 336//445
f 333//446 336//446 337//446
f 333//447 337//447 338//447
f 338//448 337//448 336//448
f 338//449 339//449 340//449
f 338//450 340//450 341//450
f 338//451 341//451 339//451
f 339//452 341//452 340//452
f 339//453 344//453 342//453
f 339//454 342//454 343//454
f 339//455 343//455 344//455
f 344//456 343//456 342//456
f 344//457 347//457 345//457
f 344//458 345//458 346//458
f 344//459 346//459 347//459
f 347//460 346//460 345//460
f 347//461 348//461 349//461
f 347//462 349//462 350//462
f 347//463 350//463 348//463
f 348//464 350//464 349//464
f 348//465 351//465 352//465
f 348//466 352//466 353//466
f 348//467 353//467 351//467
f 351//468 353//468 352//468
f 351//469 356//469 354//469
f 351//470 354//470 355//470
f 351//471 355//471 356//471
f 356//472 355//472 354//472
f 356//473 359//473 357//473
f 356//474 357//474 358//474
f 356//475 358//475 359//475
f 359//476 358//476 357//476
f 359//477 362//477 360//477
f 359//478 360//478 361//478
f 359//479 361//479 362//479
f 362//480 361//480 360//480
f 362//481 363//481 364//481
f 362//482 364//482 365//482
f 362//483 365//483 363//483
f 363//484 365//484 364//484
f 363//485 368//485 366//485
f 363//486 366//486 367//486
f 363//487 367//487 368//487
f 368//488 367//488 366//488
f 368//489 369//489 370//489
f 368//490 370//490 371//490
f 368//491 371//491 369//491
f 369//492 371//492 370//492
f 369//493 374//493 372//493
f 369//494 372//494 373//494
f 369//495 373//495 374//495
f 374//496 373//496 372//496
f 374//497 377//497 375//497
f 374//498 375//498 376//498
f 374//499 376//499 377//499
f 377//500 376//500 375//500
f 377//501 378//501 379//501
f 377//502 379//502 380//502
f 377//503 380//503 378//503
f 378//504 380//504 379//504
f 378//505 383//505 381//505
f 378//506 381//506 382//506
f 378//507 382//507 383//507
f 383//508 382//508 381//508
f 383//509 384//509 385//509
f 383//510 385//510 386//510
f 383//511 386//511 384//511
f 384//512 386//512 385//512
f 384//513 387//513 388//513
f 384//514 388//514 389//514
f 384//515 389//515 387//515
f 387//516 389//516 388//516
f 387//517 390//517 391//517
f 387//518 391//518 392//518
f 387//519 392//519 390//519
f 390//520 392//520 391//520
f 390//521 393//521 394//521
f 390//522 394//522 395//522
f 390//523 395//523 393//523
f 393//524 395//524 394//524
f 393//525 398//525 396//525
f 393//526 396//526 397//526
f 393//527 397//527 398//527
f 398//528 397//528 396//528
f 398//529 399//529 400//529
f 398//530 400//530 401//530
f 398//531 401//531 399//531
f 399//532 401//532 400//532
f 399//533 402//533 403//533
f 399//534 403//534 404//534
f 399//535 404//535 402//535
f 402//536 404//536 403//536
f 402//537 407//537 405//537
f 402//538 405//538 406//538
f 402//539 406//539 407//539
f 407//540 406//540 405//540
f 407//541 408//541 409//541
f 407//542 409//542 410//542
f 407//543 410//543 408//543
f 408//544 410//544 409//544
f 408//545 411//545 412//545
f 408//546 412//546 413//546
f 408//547 413//547 411//547
f 411//548 413//548 412//548
f 411//549 416//549 414//549
f 411//550 414//550 415//550
f 411//551 415//551 416//551
f 416//552 415//552 414//552
f 416//553 419//553 417//553
f 416//554 417//554 418//554
f 416//555 418//555 419//555
f 419//556 418//556 417//556
f 419//557 420//557 421//557
f 419//558 421//558 422//558
f 419//559 422//559 420//559
f 420//560 422//560 421//560
f 420//561 425//561 423//561
f 420//562 423//562 424//562
f 420//563 424//563 425//563
f 425//564 424//564 423//564
f 425//565 426//565 427//565
f 425//566 427//566 428//566
f 425//567 428//567 426//567
f 426//568 428//568 427//568
f 426//569 429//569 430//569
f 426//570 430//570 431//570
f 426//571 431//571 429//571
f 429//572 431//572 430//572
f 429//573 434//573 432//573
f 429//574 432//574 433//574
f 429//575 433//575 434//575
f 434//576 433//576 432//576
f 434//577 437//577 435//577
f 434//578 435//578 436//578
f 434//579 436//579 437//579
f 437//580 436//580 435//580
f 437//581 440//581 438//581
f 437//582 438//582 439//582
f 437//583 439//583 440//583
f 440//584 439//584 438//584
f 440//585 441//585 442//585
f 440//586 442//586 443//586
f 440//587 443//587 441//587
f 441//588 443//588 442//588
f 441//589 444//589 445//589
f 441//590 445//590 446//590
f 441//591 446//591 444//591
f 444//592 446//592 445//592
f 444//593 447//593 448//593
f 444//594 448//594 449//594
f 444//595 449//595 447//595
f 447//596 449//596 448//596
f 447//597 450//597 451//597
f 447//598 451//598 452//598
f 447//599 452//599 450//599
f 450//600 452//600 451//600
f 450//601 455//601 453//601
f 450//602 453//602 454//602
f 450//603 454//603 455//603
f 455//604 454//604 453//604
f 455//605 458//605 456//605
f 455//606 456//606 457//606
f 455//607 457//607 458//607
f 458//608 457//608 456//608
f 458//609 461//609 459//609
f 458//610 459//610 460//610
f 458//611 460//611 461//611
f 461//612 460//612 459//612
f 461//613 464//613 462//613
f 461//614 462//614 463//614
f 461//615 463//615 464//615
f 464//616 463//616 462//616
f 464//617 465//617 466//617
f 464//618 466//618 467//618
f 464//619 467//619 465//619
f 465//620 467//620 466//620
f 465//621 470//621 468//621
f 465//622 468//622 469//622
f 465//623 469//623 470//623
f 470//624 469//624 468//624
f 470//625 471//625 472//625
f 470//626 472//626 473//626
f 470//627 473//627 471//627
f 471//628 473//628 472//628
f 471//629 474//629 475//629
f 471//630 475//630 476//630
f 471//631 476//631 474//631
f 474//632 476//632 475//632
f 474//633 477//633 478//633
f 474//634 478//634 479//634
f 474//635 479//635 477//635
f 477//636 479//636 478//636
f 477//637 480//637 481//637
f 477//638 481//638 482//638
f 477//639 482//639 480//639
f 480//640 482//640 481//640
f 480//641 485//641 483//641
f 480//642 483//642 484//642
f 480//643 484//643 485//643
f 485//644 484//644 483//644
f 485//645 486//645 487//645
f 485//646 487//646 488//646
f 485//647 488//647 486//647
f 486//648 488//648 487//648
f 486//649 491//649 489//649
f 486//650 489//650 490//650
f 486//651 490//651 491//651
f 491//652 490//652 489//652
f 491//653 494//653 492//653
f 491//654 492//654 493//654
f 491//655 493//655 494//655
f 494//656 493//656 492//656
f 494//657 495//657 496//657
f 494//658 496//658 497//658
f 494//659 497//659 495//659
f 495//660 497//660 496//660
f 495//661 500//661 498//661
f 495//662 498//662 499//662
f 495//663 499//663 500//663
f 500//664 499//664 498//664
f 500//665 503//665 501//665
f 500//666 501//666 502//666
f 500//667 502//667 503//667
f 503//668 502//668 501//668
f 503//669 506//669 504//669
f 503//670 504//670 505//670
f 503//671 505//671 506//671
f 506//672 505//672 504//672
f 506//673 509//673 507//673
f 506//674 507//674 508//674
f 506//675 508//675 509//675
f 509//676 508//676 507//676
f 509//677 512//677 510//677
f 509//678 510//678 511//678
f 509//679 511//679 512//679
f 512//680 511//680 510//680
f 512//681 513//681 514//681
f 512//682 514//682 515//682
f 512//683 515//683 513//683
f 513//684 515//684 514//684
f 513//685 516//685 517//685
f 513//686 517//686 518//686
f 513//687 518//687 516//687
f 516//688 518//688 517//688
f 516//689 519//689 520//689
f 516//690 520//690 521//690
f 516//691 521//691 519//691
f 519//692 521//692 520//692
f 519//693 524//693 522//693
f 519//694 522//694 523//694
f 519//695 523//695 524//695
f 524//696 523//696 522//696
f 524//697 527//697 525//697
f 524//698 525//698 526//698
f 524//699 526//699 527//699
f 527//700 526//700 525//700
f 527//701 530//701 528//701
f 527//702 528//702 529//702
f 527//703 529//703 530//703
f 530//704 529//704 528//704
f 530//705 531//705 532//705
f 530//706 532//706 533//706
f 530//707 533//707 531//707
f 531//708 533//708 532//708
f 531//709 536//709 534//709
f 531//710 534//710 535//710
f 531//711 535//711 536//711
f 536//712 535//712 534//712
f 536//713 537//713 538//713
f 536//714 538//714 539//714
f 536//715 539//715 537//715
f 537//716 539//716 538//716
f 537//717 540//717 541//717
f 537//718 541//718 542//718
f 537//719 542//719 540//719
f 540//720 542//720 541//720
f 540//721 543//721 544//721
f 540//722 544//722 545//722
f 540//723 545//723 543//723
f 543//724 545//724 544//724
f 543//725 548//725 546//725
f 543//726 546//726 547//726
f 543//727 547//727 548//727
f 548//728 547//728 546//728
f 548//729 551//729 549//729
f 548//730 549//730 550//730
f 548//731 550//731 551//731
f 551//732 550//732 549//732
f 551//733 552//733 553//733
f 551//734 553//734 554//734
f 551//735 554//735 552//735
f 552//736 554//736 553//736
f 552//737 557//737 555//737
f 552//738 555//738 556//738
f 552//739 556//739 557//739
f 557//740 556//740 555//740
f 557//741 558//741 559//741
f 557//742 559//742 560//742
f 557//743 560//743 558//743
f 558//744 560//744 559//744
f 558//745 563//745 561//745
f 558//746 561//746 562//746
f 558//747 562//747 563//747
f 563//748 562//748 561//748
f 563//749 566//749 564//749
f 563//750 564//750 565//750
f 563//751 565//751 566//751
f 566//752 565//752 564//752
f 566//753 567//753 568//753
f 566//754 568//754 569//754
f 566//755 569//755 567//755
f 567//756 569//756 568//756
f 567//757 572//757 570//757
f 567//758 570//758 571//758
f 567//759 571//759 572//759
f 572//760 571//760 570//760
f 572//761 575//761 573//761
f 572//762 573//762 574//762
f 572//763 574//763 575//763
f 575//764 574//764 573//764
f 575//765 578//765 576//765
f 575//766 576//766 577//766
f 575//767 577//767 578//767
f 578//768 577//768 576//768
f 578//769 579//769 580//769
f 578//770 580//770 581//770
f 578//771 581//771 579//771
f 579//772 581//772 580//772
f 579//773 584//773 582//773
f 579//774 582//774 583//774
f 579//775 583//775 584//775
f 584//776 583//776 582//776
f 584//777 585//777 586//777
f 584//778 586//778 587//778
f 584//779 587//779 585//779
f 585//780 587//780 586//780
f 585//781 588//781 589//781
f 585//782 589//782 590//782
f 585//783 590//783 588//783
f 588//784 590//784 589//784
f 588//785 591//785 592//785
f 588//786 592//786 593//786
f 588//787 593//787 591//787
f 591//788 593//788 592//788
f 591//789 594//789 595//789
f 591//790 595//790 596//790
f 591//791 596//791 594//791
f 594//792 596//792 595//792
f 594//793 599//793 597//793
f 594//794 597//794 598//794
f 594//795 598//795 599//795
f 599//796 598//796 597//796
f 599//797 600//797 601//797
f 599//798 601//798 602//798
f 599//799 602//799 600//799
f 600//800 602//800 601//800
f 600//801 605//801 603//801
f 600//802 603//802 604//802
f 600//803 604//803 605//803
f 605//804 604//804 603//804
f 605//805 606//805 607//805
f 605//806 607//806 608//806
f 605//807 608//807 606//807
f 606//808 608//808 607//808
f 606//809 609//809 610//809
f 606//810 610//810 611//810
f 606//811 611//811 609//811
f 609//812 611//812 610//812
f 609//813 614//813 612//813
f 609//814 612//814 613//814
f 609//815 613//815 614//815
f 614//816 613//816 612//816
f 614//817 617//817 615//817
f 614//818 615//818 616//818
f 614//819 616//819 617//819
f 617//820 616//820 615//820
f 617//821 618//821 619//821
f 617//822 619//822 620//822
f 617//823 620//823 618//823
f 618//824 620//824 619//824
f 618//825 623//825 621//825
f 618//826 621//826 622//826
f 618//827 622//827 623//827
f 623//828 622//828 621//828
f 623//829 626//829 624//829
f 623//830 624//830 625//830
f 623//831 625//831 626//831
f 626//832 625//832 624//832
f 626//833 627//833 628//833
f 626//834 628//834 629//834
f 626//835 629//835 627//835
f 627//836 629//836 628//836
f 627//837 632//837 630//837
f 627//838 630//838 631//838
f 627//839 631//839 632//839
f 632//840 631//840 630//840
f 632//841 635//841 633//841
f 632//842 633//842 634//842
f 632//843 634//843 635//843
f 635//844 634//844 633//844
f 635//845 636//845 637//845
f 635//846 637//846 638//846
f 635//847 638//847 636//847
f 636//848 638//848 637//848
f 636//849 639//849 640//849
f 636//850 640//850 641//850
f 636//851 641//851 639//851
f 639//852 641//852 640//852
f 639//853 642//853 643//853
f 639//854 643//854 644//854
f 639//855 644//855 642//855
f 642//856 644//856 643//856
f 642//857 645//857 646//857
f 642//858 646//858 647//858
f 642//859 647//859 645//859
f 645//860 647//860 646//860
f 645//861 648//861 649//861
f 645//862 649//862 650//862
f 645//863 650//863 648//863
f 648//864 650//864 649//864
f 648//865 651//865 652//865
f 648//866 652//866 653//866
f 648//867 653//867 651//867
f 651//868 653//868 652//868
f 651//869 654//869 655//869
f 651//870 655//870 656//870
f 651//871 656//871 654//871
f 654//872 656//872 655//872
f 654//873 657//873 658//873
f 654//874 658//874 659//874
f 654//875 659//875 657//875
f 657//876 659//876 658//876
f 657//877 662//877 660//877
f 657//878 660//878 661//878
f 657//879 661//879 662//879
f 662//880 661//880 660//880
f 662//881 663//881 664//881
f 662//882 664//882 665//882
f 662//883 665//883 663//883
f 663//884 665//884 664//884
f 663//885 666//885 667//885
f 663//886 667//886 668//886
f 663//887 668//887 666//887
f 666//888 668//888 667//888
f 666//889 669//889 670//889
f 666//890 670//890 671//890
f 666//891 671//891 669//891
f 669//892 671//892 670//892
f 669//893 674//893 672//893
f 669//894 672//894 673//894
f 669//895 673//895 674//895
f 674//896 673//896 672//896
f 674//897 675//897 676//897
f 674//898 676//898 677//898
f 674//899 677//899 675//899
f 675//900 677//900 676//900
f 675//901 678//901 679//901
f 675//902 679//902 680//902
f 675//903 680//903 678//903
f 678//904 680//904 679//904
f 678//905 683//905 681//905
f 678//906 681//906 682//906
f 678//907 682//907 683//907
f 683//908 682//908 681//908
f 683//909 686//909 684//909
f 683//910 684//910 685//910
f 683//911 685//911 686//911
f 686//912 685//912 684//912
f 686//913 689//913 687//913
f 686//914 687//914 688//914
f 686//915 688//915 689//915
f 689//916 688//916 687//916
f 689//917 692//917 690//917
f 689//918 690//918 691//918
f 689//919 691//919 692//919
f 692//920 691//920 690//920
f 692//921 693//921 694//921
f 692//922 694//922 695//922
f 692//923 695//923 693//923
f 693//924 695//924 694//924
f 693//925 698//925 696//925
f 693//926 696//926 697//926
f 693//927 697//927 698//927
f 698//928 697//928 696//928
f 698//929 699//929 700//929
f 698//930 700//930 701//930
f 698//931 701//931 699//931
f 699//932 701//932 700//932
f 699//933 704//933 702//933
f 699//934 702//934 703//934
f 699//935 703//935 704//935
f 704//936 703//936 702//936
f 704//937 705//937 706//937
f 704//938 706//938 707//938
f 704//939 707//939 705//939
f 705//940 707//940 706//940
f 705//941 710//941 708//941
f 705//942 708//942 709//942
f 705//943 709//943 710//943
f 710//944 709//944 708//944
f 710//945 713//945 711//945
f 710//946 711//946 712//946
f 710//947 712//947 713//947
f 713//948 712//948 711//948
f 713//949 716//949 714//949
f 713//950 714//950 715//950
f 713//951 715//951 716//951
f 716//952 715//952 714//952
f 716//953 719//953 717//953
f 716//954 717//954 718//954
f 716//955 718//955 719//955
f 719//956 718//956 717//956
f 719//957 722//957 720//957
f 719//958 720//958 721//958
f 719//959 721//959 722//959
f 722//960 721//960 720//960
f 722//961 725//961 723//961
f 722//962 723//962 724//962
f 722//963 724//963 725//963
f 725//964 724//964 723//964
f 725//965 726//965 727//965
f 725//966 727//966 728//966
f 725//967 728//967 726//967
f 726//968 728//968 727//968
f 726//969 731//969 729//969
f 726//970 729//970 730//970
f 726//971 730//971 731//971
f 731//972 730//972 729//972
f 731//973 732//973 733//973
f 731//974 733//974 734//974
f 731//975 734//975 732//975
f 732//976 734//976 733//976
f 732//977 737//977 735//977
f 732//978 735//978 736//978
f 732//979 736//979 737//979
f 737//980 736//980 735//980
f 737//981 740//981 738//981
f 737//982 738//982 739//982
f 737//983 739//983 740//983
f 740//984 739//984 738//984
f 740//985 743//985 741//985
f 740//986 741//986 742//986
f 740//987 742//987 743//987
f 743//988 742//988 741//988
f 743//989 746//989 744//989
f 743//990 744//990 745//990
f 743//991 745//991 746//991
f 746//992 745//992 744//992
f 746//993 749//993 747//993
f 746//994 747//994 748//994
f 746//995 748//995 749//995
f 749//996 748//996 747//996
f 749//997 750//997 751//997
f 749//998 751//998 752//998
f 749//999 752//999 750//999
f 750//1000 752//1000 751//1000
f 750//1001 753//1001 754//1001
f 750//1002 754//1002 755//1002
f 750//1003 755//1003 753//1003
f 753//1004 755//1004 754//1004
f 753//1005 758//1005 756//1005
f 753//1006 756//1006 757//1006
f 753//1007 757//1007 758//1007
f 758//1008 757//1008 756//1008
f 758//1009 759//1009 760//1009
f 758//1010 760//1010 761//1010
f 758//1011 761//1011 759//1011
f 759//1012 761//1012 760//1012
f 759//1013 762//1013 763//1013
f 759//1014 763//1014 764//1014
f 759//1015 764//1015 762//1015
f 762//1016 764//1016 763//1016
f 762//1017 765//1017 766//1017
f 762//1018 766//1018 767//1018
f 762//1019 767//1019 765//1019
f 765//1020 767//1020 766//1020
f 765//1021 770//1021 768//1021
f 765//1022 768//1022 769//1022
f 765//1023 769//1023 770//1023
f 770//1024 769//1024 768//1024
f 770//1025 773//1025 771//1025
f 770//1026 771//1026 772//1026
f 770//1027 772//1027 773//1027
f 773//1028 772//1028 771//1028
f 773//1029 776//1029 774//1029
f 773//1030 774//1030 775//1030
f 773//1031 775//1031 776//1031
f 776//1032 775//1032 774//1032
f 776//1033 779//1033 777//1033
f 776//1034 777//1034 778//1034
f 776//1035 778//1035 779//1035
f 779//1036 778//1036 777//1036
f 779//1037 780//1037 781//1037
f 779//1038 781//1038 782//1038
f 779//1039 782//1039 780//1039
f 780//1040 782//1040 781//1040
f 780//1041 783//1041 784//1041
f 780//1042 784//1042 785//1042
f 780//1043 785//1043 783//1043
f 783//1044 785//1044 784//1044
f 783//1045 786//1045 787//1045
f 783//1046 787//1046 788//1046
f 783//1047 788//1047 786//1047
f 786//1048 788//1048 787//1048
f 786//1049 791//1049 789//1049
f 786//1050 789//1050 790//1050
f 786//1051 790//1051 791//1051
f 791//1052 790//1052 789//1052
f 791//1053 792//1053 793//1053
f 791//1054 793//1054 794//1054
f 791//1055 794//1055 792//1055
f 792//1056 794//1056 793//1056
f 792//1057 795//1057 796//1057
f 792//1058 796//1058 797//1058
f 792//1059 797//1059 795//1059
f 795//1060 797//1060 796//1060
f 795//1061 800//1061 798//1061
f 795//1062 798//1062 799//1062
f 795//1063 799//1063 800//1063
f 800//1064 799//1064 798//1064
f 800//1065 803//1065 801//1065
f 800//1066 801//1066 802//1066
f 800//1067 802//1067 803//1067
f 803//1068 802//1068 801//1068
f 803//1069 806//1069 804//1069
f 803//1070 804//1070 805//1070
f 803//1071 805//1071 806//1071
f 806//1072 805//1072 804//1072
f 806//1073 807//1073 808//1073
f 806//1074 808//1074 809//1074
f 806//1075 809//1075 807//1075
f 807//1076 809//1076 808//1076
f 807//1077 810//1077 811//1077
f 807//1078 811//1078 812//1078
f 807//1079 812//1079 810//1079
f 810//1080 812//1080 811//1080
f 810//1081 815//1081 813//1081
f 810//1082 813//1082 814//1082
f 810//1083 814//1083 815//1083
f 815//1084 814//1084 813//1084
f 815//1085 816//1085 817//1085
f 815//1086 817//1086 818//1086
f 815//1087 818//1087 816//1087
f 816//1088 818//1088 817//1088
f 816//1089 819//1089 820//1089
f 816//1090 820//1090 821//1090
f 816//1091 821//1091 819//1091
f 819//1092 821//1092 820//1092
f 819//1093 822//1093 823//1093
f 819//1094 823//1094 824//1094
f 819//1095 824//1095 822//1095
f 822//1096 824//1096 823//1096
f 822//1097 825//1097 826//1097
f 822//1098 826//1098 827//1098
f 822//1099 827//1099 825//1099
f 825//1100 827//1100 826//1100
f 825//1101 828//1101 829//1101
f 825//1102 829//1102 830//1102
f 825//1103 830//1103 828//1103
f 828//1104 830//1104 829//1104
f 828//1105 833//1105 831//1105
f 828//1106 831//1106 832//1106
f 828//1107 832//1107 833//1107
f 833//1108 832//1108 831//1108
f 833//1109 834//1109 835//1109
f 833//1110 835//1110 836//1110
f 833//1111 836//1111 834//1111
f 834//1112 836//1112 835//1112
f 834//1113 837//1113 838//1113
f 834//1114 838//1114 839//1114
f 834//1115 839//1115 837//1115
f 837//1116 839//1116 838//1116
f 837//1117 842//1117 840//1117
f 837//1118 840//1118 841//1118
f 837//1119 841//1119 842//1119
f 842//1120 841//1120 840//1120
f 842//1121 843//1121 844//1121
f 842//1122 844//1122 845//1122
f 842//1123 845//1123 843//1123
f 843//1124 845//1124 844//1124
f 843//1125 848//1125 846//1125
f 843//1126 846//1126 847//1126
f 843//1127 847//1127 848//1127
f 848//1128 847//1128 846//1128
f 848//1129 849//1129 850//1129
f 848//1130 850//1130 851//1130
f 848//1131 851//1131 849//1131
f 849//1132 851//1132 850//1132
f 849//1133 854//1133 852//1133
f 849//1134 852//1134 853//1134
f 849//1135 853//1135 854//1135
f 854//1136 853//1136 852//1136
f 854//1137 857//1137 855//1137
f 854//1138 855//1138 856//1138
f 854//1139 856//1139 857//1139
f 857//1140 856//1140 855//1140
f 857//1141 858//1141 859//1141
f 857//1142 859//1142 860//1142
f 857//1143 860//1143 858//1143
f 858//1144 860//1144 859//1144
f 858//1145 863//1145 861//1145
f 858//1146 861//1146 862//1146
f 858//1147 862//1147 863//1147
f 863//1148 862//1148 861//1148
f 863//1149 864//1149 865//1149
f 863//1150 865//1150 866//1150
f 863//1151 866//1151 864//1151
f 864//1152 866//1152 865//1152
f 864//1153 867//1153 868//1153
f 864//1154 868//1154 869//1154
f 864//1155 869//1155 867//1155
f 867//1156 869//1156 868//1156
f 867//1157 870//1157 871//1157
f 867//1158 871//1158 872//1158
f 867//1159 872//1159 870//1159
f 870//1160 872//1160 871//1160
f 870//1161 873//1161 874//1161
f 870//1162 874//1162 875//1162
f 870//1163 875//1163 873//1163
f 873//1164 875//1164 874//1164
f 873//1165 878//1165 876//1165
f 873//1166 876//1166 877//1166
f 873//1167 877//1167 878//1167
f 878//1168 877//1168 876//1168
f 878//1169 879//1169 880//1169
f 878//1170 880//1170 881//1170
f 878//1171 881//1171 879//1171
f 879//1172 881//1172 880//1172
f 879//1173 884//1173 882//1173
f 879//1174 882//1174 883//1174
f 879//1175 883//1175 884//1175
f 884//1176 883//1176 882//1176
f 884//1177 885//1177 886//1177
f 884//1178 886//1178 887//1178
f 884//1179 887//1179 885//1179
f 885//1180 887//1180 886//1180
f 885//1181 888//1181 889//1181
f 885//1182 889//1182 890//1182
f 885//1183 890//1183 888//1183
f 888//1184 890//1184 889//1184
f 888//1185 893//1185 891//1185
f 888//1186 891//1186 892//1186
f 888//1187 892//1187 893//1187
f 893//1188 892//1188 891//1188
f 893//1189 894//1189 895//1189
f 893//1190 895//1190 896//1190
f 893//1191 896//1191 894//1191
f 894//1192 896//1192 895//1192
f 894//1193 897//1193 898//1193
f 894//1194 898//1194 899//1194
f 894//1195 899//1195 897//1195
f 897//1196 899//1196 898//1196
f 897//1197 902//1197 900//1197
f 897//1198 900//1198 901//1198
f 897//1199 901//1199 902//1199
f 902//1200 901//1200 900//1200
f 902//1201 905//1201 903//1201
f 902//1202 903//1202 904//1202
f 902//1203 904//1203 905//1203
f 905//1204 904//1204 903//1204
f 905//1205 906//1205 907//1205
f 905//1206 907//1206 908//1206
f 905//1207 908//1207 906//1207
f 906//1208 908//1208 907//1208
f 906//1209 909//1209 910//1209
f 906//1210 910//1210 911//1210
f 906//1211 911//1211 909//1211
f 909//1212 911//1212 910//1212
f 909//1213 914//1213 912//1213
f 909//1214 912//1214 913//1214
f 909//1215 913//1215 914//1215
f 914//1216 913//1216 912//1216
f 914//1217 917//1217 915//1217
f 914//1218 915//1218 916//1218
f 914//1219 916//1219 917//1219
f 917//1220 916//1220 915//1220
f 917//1221 918//1221 919//1221
f 917//1222 919//1222 920//1222
f 917//1223 920//1223 918//1223
f 918//1224 920//1224 919//1224
f 918//1225 921//1225 922//1225
f 918//1226 922//1226 923//1226
f 918//1227 923//1227 921//1227
f 921//1228 923//1228 922//1228
f 921//1229 926//1229 924//1229
f 921//1230 924//1230 925//1230
f 921//1231 925//1231 926//1231
f 926//1232 925//1232 924//1232
f 926//1233 929//1233 927//1233
f 926//1234 927//1234 928//1234
f 926//1235 928//1235 929//1235
f 929//1236 928//1236 927//1236
f 929//1237 932//1237 930//1237
f 929//1238 930//1238 931//1238
f 929//1239 931//1239 932//1239
f 932//1240 931//1240 930//1240
f 932//1241 935//1241 933//1241
f 932//1242 933//1242 934//1242
f 932//1243 934//1243 935//1243
f 935//1244 934//1244 933//1244
f 935//1245 938//1245 936//1245
f 935//1246 936//1246 937//1246
f 935//1247 937//1247 938//1247
f 938//1248 937//1248 936//1248
f 938//1249 939//1249 940//1249
f 938//1250 940//1250 941//1250
f 938//1251 941//1251 939//1251
f 939//1252 941//1252 940//1252
f 939//1253 942//1253 943//1253
f 939//1254 943//1254 944//1254
f 939//1255 944//1255 942//1255
f 942//1256 944//1256 943//1256
f 942//1257 945//1257 946//1257
f 942//1258 946//1258 947//1258
f 942//1259 947//1259 945//1259
f 945//1260 947//1260 946//1260
f 945//1261 948//1261 949//1261
f 945//1262 949//1262 950//1262
f 945//1263 950//1263 948//1263
f 948//1264 950//1264 949//1264
f 948//1265 953//1265 951//1265
f 948//1266 951//1266 952//1266
f 948//1267 952//1267 953//1267
f 953//1268 952//1268 951//1268
f 953//1269 954//1269 955//1269
f 953//1270 955//1270 956//1270
f 953//1271 956//1271 954//1271
f 954//1272 956//1272 955//1272
f 954//1273 957//1273 958//1273
f 954//1274 958//1274 959//1274
f 954//1275 959//1275 957//1275
f 957//1276 959//1276 958//1276
f 957//1277 960//1277 961//1277
f 957//1278 961//1278 962//1278
f 957//1279 962//1279 960//1279
f 960//1280 962//1280 961//1280
f 960//1281 965//1281 963//1281
f 960//1282 963//1282 964//1282
f 960//1283 964//1283 965//1283
f 965//1284 964//1284 963//1284
f 965//1285 966//1285 967//1285
f 965//1286 967//1286 968//1286
f 965//1287 968//1287 966//1287
f 966//1288 968//1288 967//1288
f 966//1289 971//1289 969//1289
f 966//1290 969//1290 970//1290
f 966//1291 970//1291 971//1291
f 971//1292 970//1292 969//1292
f 971//1293 972//1293 973//1293
f 971//1294 973//1294 974//1294
f 971//1295 974//1295 972//1295
f 972//1296 974//1296 973//1296
f 975//1297 978//1297 976//1297
f 975//1298 976//1298 977//1298
f 975//1299 977//1299 978//1299
f 978//1300 977//1300 976//1300
f 978//1301 981//1301 979//1301
f 978//1302 979//1302 980//1302
f 978//1303 980//1303 981//1303
f 981//1304 980//1304 979//1304
f 981//1305 982//1305 983//1305
f 981//1306 983//1306 984//1306
f 981//1307 984//1307 982//1307
f 982//1308 984//1308 983//1308
f 982//1309 985//1309 986//1309
f 982//1310 986//1310 987//1310
f 982//1311 987//1311 985//1311
f 985//1312 987//1312 986//1312
f 985//1313 988//1313 989//1313
f 985//1314 989//1314 990//1314
f 985//1315 990//1315 988//1315
f 988//1316 990//1316 989//1316
f 988//1317 991//1317 992//1317
f 988//1318 992//1318 993//1318
f 988//1319 993//1319 991//1319
f 991//1320 993//1320 992//1320
f 991//1321 996//1321 994//1321
f 991//1322 994//1322 995//1322
f 991//1323 995//1323 996//1323
f 996//1324 995//1324 994//1324
f 996//1325 999//1325 997//1325
f 996//1326 997//1326 998//1326
f 996//1327 998//1327 999//1327
f 999//1328 998//1328 997//1328
f 999//1329 1000//1329 1001//1329
f 999//1330 1001//1330 1002//1330
f 999//1331 1002//1331 1000//1331
f 1000//1332 1002//1332 1001//1332
f 1000//1333 1005//1333 1003//1333
f 1000//1334 1003//1334 1004//1334
f 1000//1335 1004//1335 1005//1335
f 1005//1336 1004//1336 1003//1336
f 1005//1337 1006//1337 1007//1337
f 1005//1338 1007//1338 1008//1338
f 1005//1339 1008//1339 1006//1339
f 1006//1340 1008//1340 1007//1340
f 1006//1341 1009//1341 1010//1341
f 1006//1342 1010//1342 1011//1342
f 1006//1343 1011//1343 1009//1343
f 1009//1344 1011//1344 1010//1344
f 1009//1345 1012//1345 1013//1345
f 1009//1346 1013//1346 1014//1346
f 1009//1347 1014//1347 1012//1347
f 1012//1348 1014//1348 1013//1348
f 1012//1349 1017//1349 1015//1349
f 1012//1350 1015//1350 1016//1350
f 1012//1351 1016//1351 1017//1351
f 1017//1352 1016//1352 1015//1352
f 1017//1353 1018//1353 1019//1353
f 1017//1354 1019//1354 1020//1354
f 1017//1355 1020//1355 1018//1355
f 1018//1356 1020//1356 1019//1356
f 1018//1357 1023//1357 1021//1357
f 1018//1358 1021//1358 1022//1358
f 1018//1359 1022//1359 1023//1359
f 1023//1360 1022//1360 1021//1360
f 1023//1361 1024//1361 1025//1361
f 1023//1362 1025//1362 1026//1362
f 1023//1363 1026//1363 1024//1363
f 1024//1364 1026//1364 1025//1364
f 1024//1365 1029//1365 1027//1365
f 1024//1366 1027//1366 1028//1366
f 1024//1367 1028//1367 1029//1367
f 1029//1368 1028//1368 1027//1368
f 1029//1369 1030//1369 1031//1369
f 1029//1370 1031//1370 1032//1370
f 1029//1371 1032//1371 1030//1371
f 1030//1372 1032//1372 1031//1372
f 1030//1373 1035//1373 1033//1373
f 1030//1374 1033//1374 1034//1374
f 1030//1375 1034//1375 1035//1375
f 1035//1376 1034//1376 1033//1376
f 1035//1377 1038//1377 1036//1377
f 1035//1378 1036//1378 1037//1378
f 1035//1379 1037//1379 1038//1379
f 1038//1380 1037//1380 1036//1380
f 1038//1381 1039//1381 1040//1381
f 1038//1382 1040//1382 1041//1382
f 1038//1383 1041//1383 1039//1383
f 1039//1384 1041//1384 1040//1384
f 1039//1385 1042//1385 1043//1385
f 1039//1386 1043//1386 1044//1386
f 1039//1387 1044//1387 1042//1387
f 1042//1388 1044//1388 1043//1388
f 1042//1389 1047//1389 1045//1389
f 1042//1390 1045//1390 1046//1390
f 1042//1391 1046//1391 1047//1391
f 1047//1392 1046//1392 1045//1392
f 1047//1393 1048//1393 1049//1393
f 1047//1394 1049//1394 1050//1394
f 1047//1395 1050//1395 1048//1395
f 1048//1396 1050//1396 1049//1396
f 1048//1397 1051//1397 1052//1397
f 1048//1398 1052//1398 1053//1398
f 1048//1399 1053//1399 1051//1399
f 1051//1400 1053//1400 1052//1400
f 1051//1401 1054//1401 1055//1401
f 1051//1402 1055//1402 1056//1402
f 1051//1403 1056//1403 1054//1403
f 1054//1404 1056//1404 1055//1404
f 1054//1405 1057//1405 1058//1405
f 1054//1406 1058//1406 1059//1406
f 1054//1407 1059//1407 1057//1407
f 1057//1408 1059//1408 1058//1408
f 1057//1409 1060//1409 1061//1409
f 1057//1410 1061//1410 1062//1410
f 1057//1411 1062//1411 1060//1411
f 1060//1412 1062//1412 1061//1412
f 1060//1413 1065//1413 1063//1413
f 1060//1414 1063//1414 1064//1414
f 1060//1415 1064//1415 1065//1415
f 1065//1416 1064//1416 1063//1416
f 1065//1417 1068//1417 1066//1417
f 1065//1418 1066//1418 1067//1418
f 1065//1419 1067//1419 1068//1419
f 1068//1420 1067//1420 1066//1420
f 1068//1421 1069//1421 1070//1421
f 1068//1422 1070//1422 1071//1422
f 1068//1423 1071//1423 1069//1423
f 1069//1424 1071//1424 1070//1424
f 1069//1425 1072//1425 1073//1425
f 1069//1426 1073//1426 1074//1426
f 1069//1427 1074//1427 1072//1427
f 1072//1428 1074//1428 1073//1428
f 1072//1429 1077//1429 1075//1429
f 1072//1430 1075//1430 1076//1430
f 1072//1431 1076//1431 1077//1431
f 1077//1432 1076//1432 1075//1432
f 1077//1433 1078//1433 1079//1433
f 1077//1434 1079//1434 1080//1434
f 1077//1435 1080//1435 1078//1435
f 1078//1436 1080//1436 1079//1436
f 1078//1437 1081//1437 1082//1437
f 1078//1438 1082//1438 1083//1438
f 1078//1439 1083//1439 1081//1439
f 1081//1440 1083//1440 1082//1440
f 1081//1441 1084//1441 1085//1441
f 1081//1442 1085//1442 1086//1442
f 1081//1443 1086//1443 1084//1443
f 1084//1444 1086//1444 1085//1444
f 1084//1445 1089//1445 1087//1445
f 1084//1446 1087//1446 1088//1446
f 1084//1447 1088//1447 1089//1447
f 1089//1448 1088//1448 1087//1448
f 1089//1449 1092//1449 1090//1449
f 1089//1450 1090//1450 1091//1450
f 1089//1451 1091//1451 1092//1451
f 1092//1452 1091//1452 1090//1452
f 1092//1453 1093//1453 1094//1453
f 1092//1454 1094//1454 1095//1454
f 1092//1455 1095//1455 1093//1455
f 1093//1456 1095//1456 1094//1456
f 1093//1457 1098//1457 1096//1457
f 1093//1458 1096//1458 1097//1458
f 1093//1459 1097//1459 1098//1459
f 1098//1460 1097//1460 1096//1460
f 1098//1461 1101//1461 1099//1461
f 1098//1462 1099//1462 1100//1462
f 1098//1463 1100//1463 1101//1463
f 1101//1464 1100//1464 1099//1464
f 1101//1465 1102//1465 1103//1465
f 1101//1466 1103//1466 1104//1466
f 1101//1467 1104//1467 1102//1467
f 1102//1468 1104//1468 1103//1468
f 1102//1469 1107//1469 1105//1469
f 1102//1470 1105//1470 1106//1470
f 1102//1471 1106//1471 1107//1471
f 1107//1472 1106//1472 1105//1472
f 1107//1473 1110//1473 1108//1473
f 1107//1474 1108//1474 1109//1474
f 1107//1475 1109//1475 1110//1475
f 1110//1476 1109//1476 1108//1476
f 1110//1477 1113//1477 1111//1477
f 1110//1478 1111//1478 1112//1478
f 1110//1479 1112//1479 1113//1479
f 1113//1480 1112//1480 1111//1480
f 1113//1481 1114//1481 1115//1481
f 1113//1482 1115//1482 1116//1482
f 1113//1483 1116//1483 1114//1483
f 1114//1484 1116//1484 1115//1484
f 1114//1485 1119//1485 1117//1485
f 1114//1486 1117//1486 1118//1486
f 1114//1487 1118//1487 1119//1487
f 1119//1488 1118//1488 1117//1488
f 1119//1489 1122//1489 1120//1489
f 1119//1490 1120//1490 1121//1490
f 1119//1491 1121//1491 1122//1491
f 1122//1492 1121//1492 1120//1492
f 1122//1493 1123//1493 1124//1493
f 1122//1494 1124//1494 1125//1494
f 1122//1495 1125//1495 1123//1495
f 1123//1496 1125//1496 1124//1496
f 1123//1497 1128//1497 1126//1497
f 1123//1498 1126//1498 1127//1498
f 1123//1499 1127//1499 1128//1499
f 1128//1500 1127//1500 1126//1500
f 1128//1501 1129//1501 1130//1501
f 1128//1502 1130//1502 1131//1502
f 1128//1503 1131//1503 1129//1503
f 1129//1504 1131//1504 1130//1504
f 1129//1505 1134//1505 1132//1505
f 1129//1506 1132//1506 1133//1506
f 1129//1507 1133//1507 1134//1507
f 1134//1508 1133//1508 1132//1508
f 1134//1509 1137//1509 1135//1509
f 1134//1510 1135//1510 1136//1510
f 1134//1511 1136//1511 1137//1511
f 1137//1512 1136//1512 1135//1512
f 1137//1513 1140//1513 1138//1513
f 1137//1514 1138//1514 1139//1514
f 1137//1515 1139//1515 1140//1515
f 1140//1516 1139//1516 1138//1516
f 1140//1517 1143//1517 1141//1517
f 1140//1518 1141//1518 1142//1518
f 1140//1519 1142//1519 1143//1519
f 1143//1520 1142//1520 1141//1520
f 1143//1521 1146//1521 1144//1521
f 1143//1522 1144//1522 1145//1522
f 1143//1523 1145//1523 1146//1523
f 1146//1524 1145//1524 1144//1524
f 1146//1525 1147//1525 1148//1525
f 1146//1526 1148//1526 1149//1526
f 1146//1527 1149//1527 1147//1527
f 1147//1528 1149//1528 1148//1528
f 1147//1529 1152//1529 1150//1529
f 1147//1530 1150//1530 1151//1530
f 1147//1531 1151//1531 1152//1531
f 1152//1532 1151//1532 1150//1532
f 1152//1533 1155//1533 1153//1533
f 1152//1534 1153//1534 1154//1534
f 1152//1535 1154//1535 1155//1535
f 1155//1536 1154//1536 1153//1536
f 1155//1537 1156//1537 1157//1537
f 1155//1538 1157//1538 1158//1538
f 1155//1539 1158//1539 1156//1539
f 1156//1540 1158//1540 1157//1540
f 1156//1541 1161//1541 1159//1541
f 1156//1542 1159//1542 1160//1542
f 1156//1543 1160//1543 1161//1543
f 1161//1544 1160//1544 1159//1544
f 1161//1545 1164//1545 1162//1545
f 1161//1546 1162//1546 1163//1546
f 1161//1547 1163//1547 1164//1547
f 1164//1548 1163//1548 1162//1548
f 1164//1549 1165//1549 1166//1549
f 1164//1550 1166//1550 1167//1550
f 1164//1551 1167//1551 1165//1551
f 1165//1552 1167//1552 1166//1552
f 1165//1553 1170//1553 1168//1553
f 1165//1554 1168//1554 1169//1554
f 1165//1555 1169//1555 1170//1555
f 1170//1556 1169//1556 1168//1556
f 1170//1557 1173//1557 1171//1557
f 1170//1558 1171//1558 1172//1558
f 1170//1559 1172//1559 1173//1559
f 1173//1560 1172//1560 1171//1560
f 1173//1561 1176//1561 1174//1561
f 1173//1562 1174//1562 1175//1562
f 1173//1563 1175//1563 1176//1563
f 1176//1564 1175//1564 1174//1564
f 1176//1565 1179//1565 1177//1565
f 1176//1566 1177//1566 1178//1566
f 1176//1567 1178//1567 1179//1567
f 1179//1568 1178//1568 1177//1568
f 1179//1569 1180//1569 1181//1569
f 1179//1570 1181//1570 1182//1570
f 1179//1571 1182//1571 1180//1571
f 1180//1572 1182//1572 1181//1572
f 1180//1573 1183//1573 1184//1573
f 1180//1574 1184//1574 1185//1574
f 1180//1575 1185//1575 1183//1575
f 1183//1576 1185//1576 1184//1576
f 1183//1577 1188//1577 1186//1577
f 1183//1578 1186//1578 1187//1578
f 1183//1579 1187//1579 1188//1579
f 1188//1580 1187//1580 1186//1580
f 1188//1581 1189//1581 1190//1581
f 1188//1582 1190//1582 1191//1582
f 1188//1583 1191//1583 1189//1583
f 1189//1584 1191//1584 1190//1584
f 1189//1585 1194//1585 1192//1585
f 1189//1586 1192//1586 1193//1586
f 1189//1587 1193//1587 1194//1587
f 1194//1588 1193//1588 1192//1588
f 1194//1589 1197//1589 1195//1589
f 1194//1590 1195//1590 1196//1590
f 1194//1591 1196//1591 1197//1591
f 1197//1592 1196//1592 1195//1592
f 1197//1593 1198//1593 1199//1593
f 1197//1594 1199//1594 1200//1594
f 1197//1595 1200//1595 1198//1595
f 1198//1596 1200//1596 1199//1596
f 1198//1597 1203//1597 1201//1597
f 1198//1598 1201//1598 1202//1598
f 1198//1599 1202//1599 1203//1599
f 1203//1600 1202//1600 1201//1600
f 1203//1601 1206//1601 1204//1601
f 1203//1602 1204//1602 1205//1602
f 1203//1603 1205//1603 1206//1603
f 1206//1604 1205//1604 1204//1604
f 1206//1605 1207//1605 1208//1605
f 1206//1606 1208//1606 1209//1606
f 1206//1607 1209//1607 1207//1607
f 1207//1608 1209//1608 1208//1608
f 1207//1609 1212//1609 1210//1609
f 1207//1610 1210//1610 1211//1610
f 1207//1611 1211//1611 1212//1611
f 1212//1612 1211//1612 1210//1612
f 1212//1613 1213//1613 1214//1613
f 1212//1614 1214//1614 1215//1614
f 1212//1615 1215//1615 1213//1615
f 1213//1616 1215//1616 1214//1616
f 1213//1617 1218//1617 1216//1617
f 1213//1618 1216//1618 1217//1618
f 1213//1619 1217//1619 1218//1619
f 1218//1620 1217//1620 1216//1620
f 1218//1621 1221//1621 1219//1621
f 1218//1622 1219//1622 1220//1622
f 1218//1623 1220//1623 1221//1623
f 1221//1624 1220//1624 1219//1624
f 1221//1625 1224//1625 1222//1625
f 1221//1626 1222//1626 1223//1626
f 1221//1627 1223//1627 1224//1627
f 1224//1628 1223//1628 1222//1628
f 1224//1629 1225//1629 1226//1629
f 1224//1630 1226//1630 1227//1630
f 1224//1631 1227//1631 1225//1631
f 1225//1632 1227//1632 1226//1632
f 1225//1633 1228//1633 1229//1633
f 1225//1634 1229//1634 1230//1634
f 1225//1635 1230//1635 1228//1635
f 1228//1636 1230//1636 1229//1636
f 1228//1637 1233//1637 1231//1637
f 1228//1638 1231//1638 1232//1638
f 1228//1639 1232//1639 1233//1639
f 1233//1640 1232//1640 1231//1640
f 1233//1641 1234//1641 1235//1641
f 1233//1642 1235//1642 1236//1642
f 1233//1643 1236//1643 1234//1643
f 1234//1644 1236//1644 1235//1644
f 1234//1645 1239//1645 1237//1645
f 1234//1646 1237//1646 1238//1646
f 1234//1647 1238//1647 1239//1647
f 1239//1648 1238//1648 1237//1648
f 1239//1649 1242//1649 1240//1649
f 1239//1650 1240//1650 1241//1650
f 1239//1651 1241//1651 1242//1651
f 1242//1652 1241//1652 1240//1652
f 1242//1653 1243//1653 1244//1653
f 1242//1654 1244//1654 1245//1654
f 1242//1655 1245//1655 1243//1655
f 1243//1656 1245//1656 1244//1656
f 1243//1657 1246//1657 1247//1657
f 1243//1658 1247//1658 1248//1658
f 1243//1659 1248//1659 1246//1659
f 1246//1660 1248//1660 1247//1660
f 1246//1661 1251//1661 1249//1661
f 1246//1662 1249//1662 1250//1662
f 1246//1663 1250//1663 1251//1663
f 1251//1664 1250//1664 1249//1664
f 1251//1665 1252//1665 1253//1665
f 1251//1666 1253//1666 1254//1666
f 1251//1667 1254//1667 1252//1667
f 1252//1668 1254//1668 1253//1668
f 1252//1669 1257//1669 1255//1669
f 1252//1670 1255//1670 1256//1670
f 1252//1671 1256//1671 1257//1671
f 1257//1672 1256//1672 1255//1672
f 1257//1673 1260//1673 1258//1673
f 1257//1674 1258//1674 1259//1674
f 1257//1675 1259//1675 1260//1675
f 1260//1676 1259//1676 1258//1676
f 1260//1677 1261//1677 1262//1677
f 1260//1678 1262//1678 1263//1678
f 1260//1679 1263//1679 1261//1679
f 1261//1680 1263//1680 1262//1680
f 1261//1681 1266//1681 1264//1681
f 1261//1682 1264//1682 1265//1682
f 1261//1683 1265//1683 1266//1683
f 1266//1684 1265//1684 1264//1684
f 1266//1685 1267//1685 1268//1685
f 1266//1686 1268//1686 1269//1686
f 1266//1687 1269//1687 1267//1687
f 1267//1688 1269//1688 1268//1688
f 1267//1689 1270//1689 1271//1689
f 1267//1690 1271//1690 1272//1690
f 1267//1691 1272//1691 1270//1691
f 1270//1692 1272//1692 1271//1692
f 1270//1693 1275//1693 1273//1693
f 1270//1694 1273//1694 1274//1694
f 1270//1695 1274//1695 1275//1695
f 1275//1696 1274//1696 1273//1696
f 1275//1697 1278//1697 1276//1697
f 1275//1698 1276//1698 1277//1698
f 1275//1699 1277//1699 1278//1699
f 1278//1700 1277//1700 1276//1700
f 1278//1701 1281//1701 1279//1701
f 1278//1702 1279//1702 1280//1702
f 1278//1703 1280//1703 1281//1703
f 1281//1704 1280//1704 1279//1704
f 1281//1705 1284//1705 1282//1705
f 1281//1706 1282//1706 1283//1706
f 1281//1707 1283//1707 1284//1707
f 1284//1708 1283//1708 1282//1708
f 1284//1709 1287//1709 1285//1709
f 1284//1710 1285//1710 1286//1710
f 1284//1711 1286//1711 1287//1711
f 1287//1712 1286//1712 1285//1712
f 1287//1713 1290//1713 1288//1713
f 1287//1714 1288//1714 1289//1714
f 1287//1715 1289//1715 1290//1715
f 1290//1716 1289//1716 1288//1716
f 1290//1717 1293//1717 1291//1717
f 1290//1718 1291//1718 1292//1718
f 1290//1719 1292//1719 1293//1719
f 1293//1720 1292//1720 1291//1720
f 1293//1721 1296//1721 1294//1721
f 1293//1722 1294//1722 1295//1722
f 1293//1723 1295//1723 1296//1723
f 1296//1724 1295//1724 1294//1724
f 1296//1725 1297//1725 1298//1725
f 1296//1726 1298//1726 1299//1726
f 1296//1727 1299//1727 1297//1727
f 1297//1728 1299//1728 1298//1728
f 1297//1729 1302//1729 1300//1729
f 1297//1730 1300//1730 1301//1730
f 1297//1731 1301//1731 1302//1731
f 1302//1732 1301//1732 1300//1732
f 1302//1733 1305//1733 1303//1733
f 1302//1734 1303//1734 1304//1734
f 1302//1735 1304//1735 1305//1735
f 1305//1736 1304//1736 1303//1736
f 1305//1737 1306//1737 1307//1737
f 1305//1738 1307//1738 1308//1738
f 1305//1739 1308//1739 1306//1739
f 1306//1740 1308//1740 1307//1740
f 1306//1741 1311//1741 1309//1741
f 1306//1742 1309//1742 1310//1742
f 1306//1743 1310//1743 1311//1743
f 1311//1744 1310//1744 1309//1744
f 1311//1745 1314//1745 1312//1745
f 1311//1746 1312//1746 1313//1746
f 1311//1747 1313//1747 1314//1747
f 1314//1748 1313//1748 1312//1748
f 1314//1749 1317//1749 1315//1749
f 1314//1750 1315//1750 1316//1750
f 1314//1751 1316//1751 1317//1751
f 1317//1752 1316//1752 1315//1752
f 1317//1753 1320//1753 1318//1753
f 1317//1754 1318//1754 1319//1754
f 1317//1755 1319//1755 1320//1755
f 1320//1756 1319//1756 1318//1756
f 1320//1757 1323//1757 1321//1757
f 1320//1758 1321//1758 1322//1758
f 1320//1759 1322//1759 1323//1759
f 1323//1760 1322//1760 1321//1760
f 1323//1761 1326//1761 1324//1761
f 1323//1762 1324//1762 1325//1762
f 1323//1763 1325//1763 1326//1763
f 1326//1764 1325//1764 1324//1764
f 1326//1765 1327//1765 1328//1765
f 1326//1766 1328//1766 1329//1766
f 1326//1767 1329//1767 1327//1767
f 1327//1768 1329//1768 1328//1768
f 1327//1769 1332//1769 1330//1769
f 1327//1770 1330//1770 1331//1770
f 1327//1771 1331//1771 1332//1771
f 1332//1772 1331//1772 1330//1772
f 1332//1773 1335//1773 1333//1773
f 1332//1774 1333//1774 1334//1774
f 1332//1775 1334//1775 1335//1775
f 1335//1776 1334//1776 1333//1776
f 1335//1777 1336//1777 1337//1777
f 1335//1778 1337//1778 1338//1778
f 1335//1779 1338//1779 1336//1779
f 1336//1780 1338//1780 1337//1780
f 1336//1781 1339//1781 1340//1781
f 1336//1782 1340//1782 1341//1782
f 1336//1783 1341//1783 1339//1783
f 1339//1784 1341//1784 1340//1784
f 1339//1785 1344//1785 1342//1785
f 1339//1786 1342//1786 1343//1786
f 1339//1787 1343//1787 1344//1787
f 1344//1788 1343//1788 1342//1788
f 1344//1789 1345//1789 1346//1789
f 1344//1790 1346//1790 1347//1790
f 1344//1791 1347//1791 1345//1791
f 1345//1792 1347//1792 1346//1792
f 1345//1793 1348//1793 1349//1793
f 1345//1794 1349//1794 1350//1794
f 1345//1795 1350//1795 1348//1795
f 1348//1796 1350//1796 1349//1796
f 1348//1797 1353//1797 1351//1797
f 1348//1798 1351//1798 1352//1798
f 1348//1799 1352//1799 1353//1799
f 1353//1800 1352//1800 1351//1800
f 1353//1801 1354//1801 1355//1801
f 1353//1802 1355//1802 1356//1802
f 1353//1803 1356//1803 1354//1803
f 1354//1804 1356//1804 1355//1804
f 1354//1805 1359//1805 1357//1805
f 1354//1806 1357//1806 1358//1806
f 1354//1807 1358//1807 1359//1807
f 1359//1808 1358//1808 1357//1808
f 1359//1809 1362//1809 1360//1809
f 1359//1810 1360//1810 1361//1810
f 1359//1811 1361//1811 1362//1811
f 1362//1812 1361//1812 1360//1812
f 1362//1813 1363//1813 1364//1813
f 1362//1814 1364//1814 1365//1814
f 1362//1815 1365//1815 1363//1815
f 1363//1816 1365//1816 1364//1816
f 1363//1817 1368//1817 1366//1817
f 1363//1818 1366//1818 1367//1818
f 1363//1819 1367//1819 1368//1819
f 1368//1820 1367//1820 1366//1820
f 1368//1821 1369//1821 1370//1821
f 1368//1822 1370//1822 1371//1822
f 1368//1823 1371//1823 1369//1823
f 1369//1824 1371//1824 1370//1824
f 1369//1825 1372//1825 1373//1825
f 1369//1826 1373//1826 1374//1826
f 1369//1827 1374//1827 1372//1827
f 1372//1828 1374//1828 1373//1828
f 1372//1829 1375//1829 1376//1829
f 1372//1830 1376//1830 1377//1830
f 1372//1831 1377//1831 1375//1831
f 1375//1832 1377//1832 1376//1832
f 1375//1833 1380//1833 1378//1833
f 1375//1834 1378//1834 1379//1834
f 1375//1835 1379//1835 1380//1835
f 1380//1836 1379//1836 1378//1836
f 1380//1837 1381//1837 1382//1837
f 1380//1838 1382//1838 1383//1838
f 1380//1839 1383//1839 1381//1839
f 1381//1840 1383//1840 1382//1840
f 1381//1841 1384//1841 1385//1841
f 1381//1842 1385//1842 1386//1842
f 1381//1843 1386//1843 1384//1843
f 1384//1844 1386//1844 1385//1844
f 1384//1845 1387//1845 1388//1845
f 1384//1846 1388//1846 1389//1846
f 1384//1847 1389//1847 1387//1847
f 1387//1848 1389//1848 1388//1848
f 1387//1849 1392//1849 1390//1849
f 1387//1850 1390//1850 1391//1850
f 1387//1851 1391//1851 1392//1851
f 1392//1852 1391//1852 1390//1852
f 1392//1853 1393//1853 1394//1853
f 1392//1854 1394//1854 1395//1854
f 1392//1855 1395//1855 1393//1855
f 1393//1856 1395//1856 1394//1856
f 1393//1857 1396//1857 1397//1857
f 1393//1858 1397//1858 1398//1858
f 1393//1859 1398//1859 1396//1859
f 1396//1860 1398//1860 1397//1860
f 1396//1861 1401//1861 1399//1861
f 1396//1862 1399//1862 1400//1862
f 1396//1863 1400//1863 1401//1863
f 1401//1864 1400//1864 1399//1864
f 1401//1865 1404//1865 1402//1865
f 1401//1866 1402//1866 1403//1866
f 1401//1867 1403//1867 1404//1867
f 1404//1868 1403//1868 1402//1868
f 1404//1869 1405//1869 1406//1869
f 1404//1870 1406//1870 1407//1870
f 1404//1871 1407//1871 1405//1871
f 1405//1872 1407//1872 1406//1872
f 1405//1873 1408//1873 1409//1873
f 1405//1874 1409//1874 1410//1874
f 1405//1875 1410//1875 1408//1875
f 1408//1876 1410//1876 1409//1876
f 1408//1877 1413//1877 1411//1877
f 1408//1878 1411//1878 1412//1878
f 1408//1879 1412//1879 1413//1879
f 1413//1880 1412//1880 1411//1880
f 1413//1881 1414//1881 1415//1881
f 1413//1882 1415//1882 1416//1882
f 1413//1883 1416//1883 1414//1883
f 1414//1884 1416//1884 1415//1884
f 1414//1885 1417//1885 1418//1885
f 1414//1886 1418//1886 1419//1886
f 1414//1887 1419//1887 1417//1887
f 1417//1888 1419//1888 1418//1888
f 1417//1889 1420//1889 1421//1889
f 1417//1890 1421//1890 1422//1890
f 1417//1891 1422//1891 1420//1891
f 1420//1892 1422//1892 1421//1892
f 1420//1893 1423//1893 1424//1893
f 1420//1894 1424//1894 1425//1894
f 1420//1895 1425//1895 1423//1895
f 1423//1896 1425//1896 1424//1896
f 1423//1897 1426//1897 1427//1897
f 1423//1898 1427//1898 1428//1898
f 1423//1899 1428//1899 1426//1899
f 1426//1900 1428//1900 1427//1900
f 1426//1901 1431//1901 1429//1901
f 1426//1902 1429//1902 1430//1902
f 1426//1903 1430//1903 1431//1903
f 1431//1904 1430//1904 1429//1904
f 1431//1905 1432//1905 1433//1905
f 1431//1906 1433//1906 1434//1906
f 1431//1907 1434//1907 1432//1907
f 1432//1908 1434//1908 1433//1908
f 1432//1909 1435//1909 1436//1909
f 1432//1910 1436//1910 1437//1910
f 1432//1911 1437//1911 1435//1911
f 1435//1912 1437//1912 1436//1912
f 1435//1913 1440//1913 1438//1913
f 1435//1914 1438//1914 1439//1914
f 1435//1915 1439//1915 1440//1915
f 1440//1916 1439//1916 1438//1916
f 1440//1917 1441//1917 1442//1917
f 1440//1918 1442//1918 1443//1918
f 1440//1919 1443//1919 1441//1919
f 1441//1920 1443//1920 1442//1920
f 1441//1921 1446//1921 1444//1921
f 1441//1922 1444//1922 1445//1922
f 1441//1923 1445//1923 1446//1923
f 1446//1924 1445//1924 1444//1924
f 1446//1925 1447//1925 1448//1925
f 1446//1926 1448//1926 1449//1926
f 1446//1927 1449//1927 1447//1927
f 1447//1928 1449//1928 1448//1928
f 1447//1929 1450//1929 1451//1929
f 1447//1930 1451//1930 1452//1930
f 1447//1931 1452//1931 1450//1931
f 1450//1932 1452//1932 1451//1932
f 1450//1933 1455//1933 1453//1933
f 1450//1934 1453//1934 1454//1934
f 1450//1935 1454//1935 1455//1935
f 1455//1936 1454//1936 1453//1936
f 1455//1937 1456//1937 1457//1937
f 1455//1938 1457//1938 1458//1938
f 1455//1939 1458//1939 1456//1939
f 1456//1940 1458//1940 1457//1940
f 1456//1941 1461//1941 1459//1941
f 1456//1942 1459//1942 1460//1942
f 1456//1943 1460//1943 1461//1943
f 1461//1944 1460//1944 1459//1944
f 1461//1945 1462//1945 1463//1945
f 1461//1946 1463//1946 1464//1946
f 1461//1947 1464//1947 1462//1947
f 1462//1948 1464//1948 1463//1948
f 1462//1949 1467//1949 1465//1949
f 1462//1950 1465//1950 1466//1950
f 1462//1951 1466//1951 1467//1951
f 1467//1952 1466//1952 1465//1952
f 1467//1953 1470//1953 1468//1953
f 1467//1954 1468//1954 1469//1954
f 1467//1955 1469//1955 1470//1955
f 1470//1956 1469//1956 1468//1956
f 1470//1957 1473//1957 1471//1957
f 1470//1958 1471//1958 1472//1958
f 1470//1959 1472//1959 1473//1959
f 1473//1960 1472//1960 1471//1960
f 1473//1961 1474//1961 1475//1961
f 1473//1962 1475//1962 1476//1962
f 1473//1963 1476//1963 1474//1963
f 1474//1964 1476//1964 1475//1964
f 1474//1965 1477//1965 1478//1965
f 1474//1966 1478//1966 1479//1966
f 1474//1967 1479//1967 1477//1967
f 1477//1968 1479//1968 1478//1968
f 1477//1969 1482//1969 1480//1969
f 1477//1970 1480//1970 1481//1970
f 1477//1971 1481//1971 1482//1971
f 1482//1972 1481//1972 1480//1972
f 1482//1973 1485//1973 1483//1973
f 1482//1974 1483//1974 1484//1974
f 1482//1975 1484//1975 1485//1975
f 1485//1976 1484//1976 1483//1976
f 1485//1977 1486//1977 1487//1977
f 1485//1978 1487//1978 1488//1978
f 1485//1979 1488//1979 1486//1979
f 1486//1980 1488//1980 1487//1980
f 1486//1981 1489//1981 1490//1981
f 1486//1982 1490//1982 1491//1982
f 1486//1983 1491//1983 1489//1983
f 1489//1984 1491//1984 1490//1984
f 1489//1985 1494//1985 1492//1985
f 1489//1986 1492//1986 1493//1986
f 1489//1987 1493//1987 1494//1987
f 1494//1988 1493//1988 1492//1988
f 1494//1989 1495//1989 1496//1989
f 1494//1990 1496//1990 1497//1990
f 1494//1991 1497//1991 1495//1991
f 1495//1992 1497//1992 1496//1992
f 1495//1993 1498//1993 1499//1993
f 1495//1994 1499//1994 1500//1994
f 1495//1995 1500//1995 1498//1995
f 1498//1996 1500//1996 1499//1996
f 1498//1997 1503//1997 1501//1997
f 1498//1998 1501//1998 1502//1998
f 1498//1999 1502//1999 1503//1999
f 1503//2000 1502//2000 1501//2000
f 1503//2001 1506//2001 1504//2001
f 1503//2002 1504//2002 1505//2002
f 1503//2003 1505//2003 1506//2003
f 1506//2004 1505//2004 1504//2004
f 1506//2005 1507//2005 1508//2005
f 1506//2006 1508//2006 1509//2006
f 1506//2007 1509//2007 1507//2007
f 1507//2008 1509//2008 1508//2008
f 1507//2009 1510//2009 1511//2009
f 1507//2010 1511//2010 1512//2010
f 1507//2011 1512//2011 1510//2011
f 1510//2012 1512//2012 1511//2012
f 1510//2013 1515//2013 1513//2013
f 1510//2014 1513//2014 1514//2014
f 1510//2015 1514//2015 1515//2015
f 1515//2016 1514//2016 1513//2016
f 1515//2017 1518//2017 1516//2017
f 1515//2018 1516//2018 1517//2018
f 1515//2019 1517//2019 1518//2019
f 1518//2020 1517//2020 1516//2020
f 1518//2021 1519//2021 1520//2021
f 1518//2022 1520//2022 1521//2022
f 1518//2023 1521//2023 1519//2023
f 1519//2024 1521//2024 1520//2024
f 1519//2025 1524//2025 1522//2025
f 1519//2026 1522//2026 1523//2026
f 1519//2027 1523//2027 1524//2027
f 1524//2028 1523//2028 1522//2028
f 1524//2029 1527//2029 1525//2029
f 1524//2030 1525//2030 1526//2030
f 1524//2031 1526//2031 1527//2031
f 1527//2032 1526//2032 1525//2032
f 1527//2033 1530//2033 1528//2033
f 1527//2034 1528//2034 1529//2034
f 1527//2035 1529//2035 1530//2035
f 1530//2036 1529//2036 1528//2036
f 1530//2037 1533//2037 1531//2037
f 1530//2038 1531//2038 1532//2038
f 1530//2039 1532//2039 1533//2039
f 1533//2040 1532//2040 1531//2040
f 1533//2041 1534//2041 1535//2041
f 1533//2042 1535//2042 1536//2042
f 1533//2043 1536//2043 1534//2043
f 1534//2044 1536//2044 1535//2044
f 1534//2045 1539//2045 1537//2045
f 1534//2046 1537//2046 1538//2046
f 1534//2047 1538//2047 1539//2047
f 1539//2048 1538//2048 1537//2048
f 1539//2049 1540//2049 1541//2049
f 1539//2050 1541//2050 1542//2050
f 1539//2051 1542//2051 1540//2051
f 1540//2052 1542//2052 1541//2052
f 1540//2053 1543//2053 1544//2053
f 1540//2054 1544//2054 1545//2054
f 1540//2055 1545//2055 1543//2055
f 1543//2056 1545//2056 1544//2056
f 1543//2057 1546//2057 1547//2057
f 1543//2058 1547//2058 1548//2058
f 1543//2059 1548//2059 1546//2059
f 1546//2060 1548//2060 1547//2060
f 1546//2061 1549//2061 1550//2061
f 1546//2062 1550//2062 1551//2062
f 1546//2063 1551//2063 1549//2063
f 1549//2064 1551//2064 1550//2064
f 1549//2065 1552//2065 1553//2065
f 1549//2066 1553//2066 1554//2066
f 1549//2067 1554//2067 1552//2067
f 1552//2068 1554//2068 1553//2068
f 1552//2069 1555//2069 1556//2069
f 1552//2070 1556//2070 1557//2070
f 1552//2071 1557//2071 1555//2071
f 1555//2072 1557//2072 1556//2072
f 1555//2073 1560//2073 1558//2073
f 1555//2074 1558//2074 1559//2074
f 1555//2075 1559//2075 1560//2075
f 1560//2076 1559//2076 1558//2076
f 1560//2077 1561//2077 1562//2077
f 1560//2078 1562//2078 1563//2078
f 1560//2079 1563//2079 1561//2079
f 1561//2080 1563//2080 1562//2080
f 1561//2081 1564//2081 1565//2081
f 1561//2082 1565//2082 1566//2082
f 1561//2083 1566//2083 1564//2083
f 1564//2084 1566//2084 1565//2084
f 1564//2085 1569//2085 1567//2085
f 1564//2086 1567//2086 1568//2086
f 1564//2087 1568//2087 1569//2087
f 1569//2088 1568//2088 1567//2088
f 1569//2089 1572//2089 1570//2089
f 1569//2090 1570//2090 1571//2090
f 1569//2091 1571//2091 1572//2091
f 1572//2092 1571//2092 1570//2092
f 1572//2093 1573//2093 1574//2093
f 1572//2094 1574//2094 1575//2094
f 1572//2095 1575//2095 1573//2095
f 1573//2096 1575//2096 1574//2096
f 1573//2097 1576//2097 1577//2097
f 1573//2098 1577//2098 1578//2098
f 1573//2099 1578//2099 1576//2099
f 1576//2100 1578//2100 1577//2100
f 1576//2101 1579//2101 1580//2101
f 1576//2102 1580//2102 1581//2102
f 1576//2103 1581//2103 1579//2103
f 1579//2104 1581//2104 1580//2104
f 1579//2105 1582//2105 1583//2105
f 1579//2106 1583//2106 1584//2106
f 1579//2107 1584//2107 1582//2107
f 1582//2108 1584//2108 1583//2108
f 1582//2109 1587//2109 1585//2109
f 1582//2110 1585//2110 1586//2110
f 1582//2111 1586//2111 1587//2111
f 1587//2112 1586//2112 1585//2112
f 1587//2113 1590//2113 1588//2113
f 1587//2114 1588//2114 1589//2114
f 1587//2115 1589//2115 1590//2115
f 1590//2116 1589//2116 1588//2116
f 1590//2117 1591//2117 1592//2117
f 1590//2118 1592//2118 1593//2118
f 1590//2119 1593//2119 1591//2119
f 1591//2120 1593//2120 1592//2120
f 1591//2121 1594//2121 1595//2121
f 1591//2122 1595//2122 1596//2122
f 1591//2123 1596//2123 1594//2123
f 1594//2124 1596//2124 1595//2124
f 1594//2125 1599//2125 1597//2125
f 1594//2126 1597//2126 1598//2126
f 1594//2127 1598//2127 1599//2127
f 1599//2128 1598//2128 1597//2128
f 1599//2129 1602//2129 1600//2129
f 1599//2130 1600//2130 1601//2130
f 1599//2131 1601//2131 1602//2131
f 1602//2132 1601//2132 1600//2132
f 1602//2133 1605//2133 1603//2133
f 1602//2134 1603//2134 1604//2134
f 1602//2135 1604//2135 1605//2135
f 1605//2136 1604//2136 1603//2136
f 1605//2137 1606//2137 1607//2137
f 1605//2138 1607//2138 1608//2138
f 1605//2139 1608//2139 1606//2139
f 1606//2140 1608//2140 1607//2140
f 1606//2141 1611//2141 1609//2141
f 1606//2142 1609//2142 1610//2142
f 1606//2143 1610//2143 1611//2143
f 1611//2144 1610//2144 1609//2144
f 1611//2145 1612//2145 1613//2145
f 1611//2146 1613//2146 1614//2146
f 1611//2147 1614//2147 1612//2147
f 1612//2148 1614//2148 1613//2148
f 1612//2149 1617//2149 1615//2149
f 1612//2150 1615//2150 1616//2150
f 1612//2151 1616//2151 1617//2151
f 1617//2152 1616//2152 1615//2152
f 1617//2153 1618//2153 1619//2153
f 1617//2154 1619//2154 1620//2154
f 1617//2155 1620//2155 1618//2155
f 1618//2156 1620//2156 1619//2156
f 1618//2157 1623//2157 1621//2157
f 1618//2158 1621//2158 1622//2158
f 1618//2159 1622//2159 1623//2159
f 1623//2160 1622//2160 1621//2160
f 1623//2161 1626//2161 1624//2161
f 1623//2162 1624//2162 1625//2162
f 1623//2163 1625//2163 1626//2163
f 1626//2164 1625//2164 1624//2164
f 1626//2165 1627//2165 1628//2165
f 1626//2166 1628//2166 1629//2166
f 1626//2167 1629//2167 1627//2167
f 1627//2168 1629//2168 1628//2168
f 1627//2169 1630//2169 1631//2169
f 1627//2170 1631//2170 1632//2170
f 1627//2171 1632//2171 1630//2171
f 1630//2172 1632//2172 1631//2172
f 1630//2173 1633//2173 1634//2173
f 1630//2174 1634//2174 1635//2174
f 1630//2175 1635//2175 1633//2175
f 1633//2176 1635//2176 1634//2176
f 1633//2177 1636//2177 1637//2177
f 1633//2178 1637//2178 1638//2178
f 1633//2179 1638//2179 1636//2179
f 1636//2180 1638//2180 1637//2180
f 1636//2181 1641//2181 1639//2181
f 1636//2182 1639//2182 1640//2182
f 1636//2183 1640//2183 1641//2183
f 1641//2184 1640//2184 1639//2184
f 1641//2185 1642//2185 1643//2185
f 1641//2186 1643//2186 1644//2186
f 1641//2187 1644//2187 1642//2187
f 1642//2188 1644//2188 1643//2188
f 1642//2189 1647//2189 1645//2189
f 1642//2190 1645//2190 1646//2190
f 1642//2191 1646//2191 1647//2191
f 1647//2192 1646//2192 1645//2192
f 1647//2193 1648//2193 1649//2193
f 1647//2194 1649//2194 1650//2194
f 1647//2195 1650//2195 1648//2195
f 1648//2196 1650//2196 1649//2196
f 1648//2197 1651//2197 1652//2197
f 1648//2198 1652//2198 1653//2198
f 1648//2199 1653//2199 1651//2199
f 1651//2200 1653//2200 1652//2200
f 1651//2201 1654//2201 1655//2201
f 1651//2202 1655//2202 1656//2202
f 1651//2203 1656//2203 1654//2203
f 1654//2204 1656//2204 1655//2204
f 1654//2205 1657//2205 1658//2205
f 1654//2206 1658//2206 1659//2206
f 1654//2207 1659//2207 1657//2207
f 1657//2208 1659//2208 1658//2208
f 1657//2209 1660//2209 1661//2209
f 1657//2210 1661//2210 1662//2210
f 1657//2211 1662//2211 1660//2211
f 1660//2212 1662//2212 1661//2212
f 1660//2213 1665//2213 1663//2213
f 1660//2214 1663//2214 1664//2214
f 1660//2215 1664//2215 1665//2215
f 1665//2216 1664//2216 1663//2216
f 1665//2217 1666//2217 1667//2217
f 1665//2218 1667//2218 1668//2218
f 1665//2219 1668//2219 1666//2219
f 1666//2220 1668//2220 1667//2220
f 1666//2221 1671//2221 1669//2221
f 1666//2222 1669//2222 1670//2222
f 1666//2223 1670//2223 1671//2223
f 1671//2224 1670//2224 1669//2224
f 1671//2225 1672//2225 1673//2225
f 1671//2226 1673//2226 1674//2226
f 1671//2227 1674//2227 1672//2227
f 1672//2228 1674//2228 1673//2228
f 1672//2229 1675//2229 1676//2229
f 1672//2230 1676//2230 1677//2230
f 1672//2231 1677//2231 1675//2231
f 1675//2232 1677//2232 1676//2232
f 1675//2233 1678//2233 1679//2233
f 1675//2234 1679//2234 1680//2234
f 1675//2235 1680//2235 1678//2235
f 1678//2236 1680//2236 1679//2236
f 1678//2237 1681//2237 1682//2237
f 1678//2238 1682//2238 1683//2238
f 1678//2239 1683//2239 1681//2239
f 1681//2240 1683//2240 1682//2240
f 1681//2241 1684//2241 1685//2241
f 1681//2242 1685//2242 1686//2242
f 1681//2243 1686//2243 1684//2243
f 1684//2244 1686//2244 1685//2244
f 1684//2245 1687//2245 1688//2245
f 1684//2246 1688//2246 1689//2246
f 1684//2247 1689//2247 1687//2247
f 1687//2248 1689//2248 1688//2248
f 1687//2249 1690//2249 1691//2249
f 1687//2250 1691//2250 1692//2250
f 1687//2251 1692//2251 1690//2251
f 1690//2252 1692//2252 1691//2252
f 1690//2253 1695//2253 1693//2253
f 1690//2254 1693//2254 1694//2254
f 1690//2255 1694//2255 1695//2255
f 1695//2256 1694//2256 1693//2256
f 1695//2257 1696//2257 1697//2257
f 1695//2258 1697//2258 1698//2258
f 1695//2259 1698//2259 1696//2259
f 1696//2260 1698//2260 1697//2260
f 1696//2261 1699//2261 1700//2261
f 1696//2262 1700//2262 1701//2262
f 1696//2263 1701//2263 1699//2263
f 1699//2264 1701//2264 1700//2264
f 1699//2265 1702//2265 1703//2265
f 1699//2266 1703//2266 1704//2266
f 1699//2267 1704//2267 1702//2267
f 1702//2268 1704//2268 1703//2268
f 1702//2269 1707//2269 1705//2269
f 1702//2270 1705//2270 1706//2270
f 1702//2271 1706//2271 1707//2271
f 1707//2272 1706//2272 1705//2272
f 1707//2273 1708//2273 1709//2273
f 1707//2274 1709//2274 1710//2274
f 1707//2275 1710//2275 1708//2275
f 1708//2276 1710//2276 1709//2276
f 1708//2277 1711//2277 1712//2277
f 1708//2278 1712//2278 1713//2278
f 1708//2279 1713//2279 1711//2279
f 1711//2280 1713//2280 1712//2280
f 1711//2281 1714//2281 1715//2281
f 1711//2282 1715//2282 1716//2282
f 1711//2283 1716//2283 1714//2283
f 1714//2284 1716//2284 1715//2284
f 1714//2285 1717//2285 1718//2285
f 1714//2286 1718//2286 1719//2286
f 1714//2287 1719//2287 1717//2287
f 1717//2288 1719//2288 1718//2288
f 1717//2289 1722//2289 1720//2289
f 1717//2290 1720//2290 1721//2290
f 1717//2291 1721//2291 1722//2291
f 1722//2292 1721//2292 1720//2292
f 1722//2293 1725//2293 1723//2293
f 1722//2294 1723//2294 1724//2294
f 1722//2295 1724//2295 1725//2295
f 1725//2296 1724//2296 1723//2296
f 1725//2297 1726//2297 1727//2297
f 1725//2298 1727//2298 1728//2298
f 1725//2299 1728//2299 1726//2299
f 1726//2300 1728//2300 1727//2300
f 1726//2301 1729//2301 1730//2301
f 1726//2302 1730//2302 1731//2302
f 1726//2303 1731//2303 1729//2303
f 1729//2304 1731//2304 1730//2304
f 1729//2305 1732//2305 1733//2305
f 1729//2306 1733//2306 1734//2306
f 1729//2307 1734//2307 1732//2307
f 1732//2308 1734//2308 1733//2308
f 1735//2309 1738//2309 1736//2309
f 1735//2310 1736//2310 1737//2310
f 1735//2311 1737//2311 1738//2311
f 1738//2312 1737//2312 1736//2312
f 1738//2313 1741//2313 1739//2313
f 1738//2314 1739//2314 1740//2314
f 1738//2315 1740//2315 1741//2315
f 1741//2316 1740//2316 1739//2316
f 1741//2317 1744//2317 1742//2317
f 1741//2318 1742//2318 1743//2318
f 1741//2319 1743//2319 1744//2319
f 1744//2320 1743//2320 1742//2320
f 1744//2321 1747//2321 1745//2321
f 1744//2322 1745//2322 1746//2322
f 1744//2323 1746//2323 1747//2323
f 1747//2324 1746//2324 1745//2324
f 1747//2325 1748//2325 1749//2325
f 1747//2326 1749//2326 1750//2326
f 1747//2327 1750//2327 1748//2327
f 1748//2328 1750//2328 1749//2328
f 1748//2329 1753//2329 1751//2329
f 1748//2330 1751//2330 1752//2330
f 1748//2331 1752//2331 1753//2331
f 1753//2332 1752//2332 1751//2332
f 1753//2333 1756//2333 1754//2333
f 1753//2334 1754//2334 1755//2334
f 1753//2335 1755//2335 1756//2335
f 1756//2336 1755//2336 1754//2336
f 1756//2337 1757//2337 1758//2337
f 1756//2338 1758//2338 1759//2338
f 1756//2339 1759//2339 1757//2339
f 1757//2340 1759//2340 1758//2340
f 1757//2341 1762//2341 1760//2341
f 1757//2342 1760//2342 1761//2342
f 1757//2343 1761//2343 1762//2343
f 1762//2344 1761//2344 1760//2344
f 1762//2345 1763//2345 1764//2345
f 1762//2346 1764//2346 1765//2346
f 1762//2347 1765//2347 1763//2347
f 1763//2348 1765//2348 1764//2348
f 1763//2349 1768//2349 1766//2349
f 1763//2350 1766//2350 1767//2350
f 1763//2351 1767//2351 1768//2351
f 1768//2352 1767//2352 1766//2352
f 1768//2353 1771//2353 1769//2353
f 1768//2354 1769//2354 1770//2354
f 1768//2355 1770//2355 1771//2355
f 1771//2356 1770//2356 1769//2356
f 1771//2357 1772//2357 1773//2357
f 1771//2358 1773//2358 1774//2358
f 1771//2359 1774//2359 1772//2359
f 1772//2360 1774//2360 1773//2360
f 1772//2361 1775//2361 1776//2361
f 1772//2362 1776//2362 1777//2362
f 1772//2363 1777//2363 1775//2363
f 1775//2364 1777//2364 1776//2364
f 1775//2365 1780//2365 1778//2365
f 1775//2366 1778//2366 1779//2366
f 1775//2367 1779//2367 1780//2367
f 1780//2368 1779//2368 1778//2368
f 1780//2369 1783//2369 1781//2369
f 1780//2370 1781//2370 1782//2370
f 1780//2371 1782//2371 1783//2371
f 1783//2372 1782//2372 1781//2372
f 1783//2373 1784//2373 1785//2373
f 1783//2374 1785//2374 1786//2374
f 1783//2375 1786//2375 1784//2375
f 1784//2376 1786//2376 1785//2376
f 1784//2377 1789//2377 1787//2377
f 1784//2378 1787//2378 1788//2378
f 1784//2379 1788//2379 1789//2379
f 1789//2380 1788//2380 1787//2380
f 1789//2381 1792//2381 1790//2381
f 1789//2382 1790//2382 1791//2382
f 1789//2383 1791//2383 1792//2383
f 1792//2384 1791//2384 1790//2384
f 1792//2385 1793//2385 1794//2385
f 1792//2386 1794//2386 1795//2386
f 1792//2387 1795//2387 1793//2387
f 1793//2388 1795//2388 1794//2388
f 1793//2389 1796//2389 1797//2389
f 1793//2390 1797//2390 1798//2390
f 1793//2391 1798//2391 1796//2391
f 1796//2392 1798//2392 1797//2392
f 1796//2393 1799//2393 1800//2393
f 1796//2394 1800//2394 1801//2394
f 1796//2395 1801//2395 1799//2395
f 1799//2396 1801//2396 1800//2396
f 1799//2397 1804//2397 1802//2397
f 1799//2398 1802//2398 1803//2398
f 1799//2399 1803//2399 1804//2399
f 1804//2400 1803//2400 1802//2400
f 1804//2401 1807//2401 1805//2401
f 1804//2402 1805//2402 1806//2402
f 1804//2403 1806//2403 1807//2403
f 1807//2404 1806//2404 1805//2404
f 1807//2405 1808//2405 1809//2405
f 1807//2406 1809//2406 1810//2406
f 1807//2407 1810//2407 1808//2407
f 1808//2408 1810//2408 1809//2408
f 1808//2409 1813//2409 1811//2409
f 1808//2410 1811//2410 1812//2410
f 1808//2411 1812//2411 1813//2411
f 1813//2412 1812//2412 1811//2412
f 1813//2413 1816//2413 1814//2413
f 1813//2414 1814//2414 1815//2414
f 1813//2415 1815//2415 1816//2415
f 1816//2416 1815//2416 1814//2416
f 1816//2417 1817//2417 1818//2417
f 1816//2418 1818//2418 1819//2418
f 1816//2419 1819//2419 1817//2419
f 1817//2420 1819//2420 1818//2420
f 1817//2421 1820//2421 1821//2421
f 1817//2422 1821//2422 1822//2422
f 1817//2423 1822//2423 1820//2423
f 1820//2424 1822//2424 1821//2424
f 1820//2425 1823//2425 1824//2425
f 1820//2426 1824//2426 1825//2426
f 1820//2427 1825//2427 1823//2427
f 1823//2428 1825//2428 1824//2428
f 1823//2429 1826//2429 1827//2429
f 1823//2430 1827//2430 1828//2430
f 1823//2431 1828//2431 1826//2431
f 1826//2432 1828//2432 1827//2432
f 1826//2433 1829//2433 1830//2433
f 1826//2434 1830//2434 1831//2434
f 1826//2435 1831//2435 1829//2435
f 1829//2436 1831//2436 1830//2436
f 1829//2437 1832//2437 1833//2437
f 1829//2438 1833//2438 1834//2438
f 1829//2439 1834//2439 1832//2439
f 1832//2440 1834//2440 1833//2440
f 1832//2441 1837//2441 1835//2441
f 1832//2442 1835//2442 1836//2442
f 1832//2443 1836//2443 1837//2443
f 1837//2444 1836//2444 1835//2444
f 1837//2445 1840//2445 1838//2445
f 1837//2446 1838//2446 1839//2446
f 1837//2447 1839//2447 1840//2447
f 1840//2448 1839//2448 1838//2448
f 1840//2449 1843//2449 1841//2449
f 1840//2450 1841//2450 1842//2450
f 1840//2451 1842//2451 1843//2451
f 1843//2452 1842//2452 1841//2452
f 1843//2453 1844//2453 1845//2453
f 1843//2454 1845//2454 1846//2454
f 1843//2455 1846//2455 1844//2455
f 1844//2456 1846//2456 1845//2456
f 1844//2457 1847//2457 1848//2457
f 1844//2458 1848//2458 1849//2458
f 1844//2459 1849//2459 1847//2459
f 1847//2460 1849//2460 1848//2460
f 1847//2461 1850//2461 1851//2461
f 1847//2462 1851//2462 1852//2462
f 1847//2463 1852//2463 1850//2463
f 1850//2464 1852//2464 1851//2464
f 1850//2465 1853//2465 1854//2465
f 1850//2466 1854//2466 1855//2466
f 1850//2467 1855//2467 1853//2467
f 1853//2468 1855//2468 1854//2468
f 1853//2469 1858//2469 1856//2469
f 1853//2470 1856//2470 1857//2470
f 1853//2471 1857//2471 1858//2471
f 1858//2472 1857//2472 1856//2472
f 1858//2473 1859//2473 1860//2473
f 1858//2474 1860//2474 1861//2474
f 1858//2475 1861//2475 1859//2475
f 1859//2476 1861//2476 1860//2476
f 1859//2477 1862//2477 1863//2477
f 1859//2478 1863//2478 1864//2478
f 1859//2479 1864//2479 1862//2479
f 1862//2480 1864//2480 1863//2480
f 1862//2481 1865//2481 1866//2481
f 1862//2482 1866//2482 1867//2482
f 1862//2483 1867//2483 1865//2483
f 1865//2484 1867//2484 1866//2484
f 1865//2485 1868//2485 1869//2485
f 1865//2486 1869//2486 1870//2486
f 1865//2487 1870//2487 1868//2487
f 1868//2488 1870//2488 1869//2488
f 1868//2489 1871//2489 1872//2489
f 1868//2490 1872//2490 1873//2490
f 1868//2491 1873//2491 1871//2491
f 1871//2492 1873//2492 1872//2492
f 1871//2493 1874//2493 1875//2493
f 1871//2494 1875//2494 1876//2494
f 1871//2495 1876//2495 1874//2495
f 1874//2496 1876//2496 1875//2496
f 1874//2497 1877//2497 1878//2497
f 1874//2498 1878//2498 1879//2498
f 1874//2499 1879//2499 1877//2499
f 1877//2500 1879//2500 1878//2500
f 1877//2501 1880//2501 1881//2501
f 1877//2502 1881//2502 1882//2502
f 1877//2503 1882//2503 1880//2503
f 1880//2504 1882//2504 1881//2504
f 1880//2505 1885//2505 1883//2505
f 1880//2506 1883//2506 1884//2506
f 1880//2507 1884//2507 1885//2507
f 1885//2508 1884//2508 1883//2508
f 1885//2509 1888//2509 1886//2509
f 1885//2510 1886//2510 1887//2510
f 1885//2511 1887//2511 1888//2511
f 1888//2512 1887//2512 1886//2512
f 1888//2513 1889//2513 1890//2513
f 1888//2514 1890//2514 1891//2514
f 1888//2515 1891//2515 1889//2515
f 1889//2516 1891//2516 1890//2516
f 1889//2517 1892//2517 1893//2517
f 1889//2518 1893//2518 1894//2518
f 1889//2519 1894//2519 1892//2519
f 1892//2520 1894//2520 1893//2520
f 1892//2521 1897//2521 1895//2521
f 1892//2522 1895//2522 1896//2522
f 1892//2523 1896//2523 1897//2523
f 1897//2524 1896//2524 1895//2524
f 1897//2525 1898//2525 1899//2525
f 1897//2526 1899//2526 1900//2526
f 1897//2527 1900//2527 1898//2527
f 1898//2528 1900//2528 1899//2528
f 1898//2529 1901//2529 1902//2529
f 1898//2530 1902//2530 1903//2530
f 1898//2531 1903//2531 1901//2531
f 1901//2532 1903//2532 1902//2532
f 1901//2533 1906//2533 1904//2533
f 1901//2534 1904//2534 1905//2534
f 1901//2535 1905//2535 1906//2535
f 1906//2536 1905//2536 1904//2536
f 1906//2537 1909//2537 1907//2537
f 1906//2538 1907//2538 1908//2538
f 1906//2539 1908//2539 1909//2539
f 1909//2540 1908//2540 1907//2540
f 1909//2541 1912//2541 1910//2541
f 1909//2542 1910//2542 1911//2542
f 1909//2543 1911//2543 1912//2543
f 1912//2544 1911//2544 1910//2544
f 1912//2545 1915//2545 1913//2545
f 1912//2546 1913//2546 1914//2546
f 1912//2547 1914//2547 1915//2547
f 1915//2548 1914//2548 1913//2548
f 1915//2549 1918//2549 1916//2549
f 1915//2550 1916//2550 1917//2550
f 1915//2551 1917//2551 1918//2551
f 1918//2552 1917//2552 1916//2552
f 1918//2553 1921//2553 1919//2553
f 1918//2554 1919//2554 1920//2554
f 1918//2555 1920//2555 1921//2555
f 1921//2556 1920//2556 1919//2556
f 1921//2557 1922//2557 1923//2557
f 1921//2558 1923//2558 1924//2558
f 1921//2559 1924//2559 1922//2559
f 1922//2560 1924//2560 1923//2560
f 1922//2561 1927//2561 1925//2561
f 1922//2562 1925//2562 1926//2562
f 1922//2563 1926//2563 1927//2563
f 1927//2564 1926//2564 1925//2564
f 1927//2565 1928//2565 1929//2565
f 1927//2566 1929//2566 1930//2566
f 1927//2567 1930//2567 1928//2567
f 1928//2568 1930//2568 1929//2568
f 1928//2569 1931//2569 1932//2569
f 1928//2570 1932//2570 1933//2570
f 1928//2571 1933//2571 1931//2571
f 1931//2572 1933//2572 1932//2572
f 1931//2573 1936//2573 1934//2573
f 1931//2574 1934//2574 1935//2574
f 1931//2575 1935//2575 1936//2575
f 1936//2576 1935//2576 1934//2576
f 1936//2577 1939//2577 1937//2577
f 1936//2578 1937//2578 1938//2578
f 1936//2579 1938//2579 1939//2579
f 1939//2580 1938//2580 1937//2580
f 1939//2581 1942//2581 1940//2581
f 1939//2582 1940//2582 1941//2582
f 1939//2583 1941//2583 1942//2583
f 1942//2584 1941//2584 1940//2584
f 1942//2585 1943//2585 1944//2585
f 1942//2586 1944//2586 1945//2586
f 1942//2587 1945//2587 1943//2587
f 1943//2588 1945//2588 1944//2588
f 1943//2589 1946//2589 1947//2589
f 1943//2590 1947//2590 1948//2590
f 1943//2591 1948//2591 1946//2591
f 1946//2592 1948//2592 1947//2592
f 1946//2593 1951//2593 1949//2593
f 1946//2594 1949//2594 1950//2594
f 1946//2595 1950//2595 1951//2595
f 1951//2596 1950//2596 1949//2596
f 1951//2597 1954//2597 1952//2597
f 1951//2598 1952//2598 1953//2598
f 1951//2599 1953//2599 1954//2599
f 1954//2600 1953//2600 1952//2600
f 1954//2601 1957//2601 1955//2601
f 1954//2602 1955//2602 1956//2602
f 1954//2603 1956//2603 1957//2603
f 1957//2604 1956//2604 1955//2604
f 1957//2605 1958//2605 1959//2605
f 1957//2606 1959//2606 1960//2606
f 1957//2607 1960//2607 1958//2607
f 1958//2608 1960//2608 1959//2608
f 1958//2609 1963//2609 1961//2609
f 1958//2610 1961//2610 1962//2610
f 1958//2611 1962//2611 1963//2611
f 1963//2612 1962//2612 1961//2612
f 1963//2613 1966//2613 1964//2613
f 1963//2614 1964//2614 1965//2614
f 1963//2615 1965//2615 1966//2615
f 1966//2616 1965//2616 1964//2616
f 1966//2617 1967//2617 1968//2617
f 1966//2618 1968//2618 1969//2618
f 1966//2619 1969//2619 1967//2619
f 1967//2620 1969//2620 1968//2620
f 1967//2621 1972//2621 1970//2621
f 1967//2622 1970//2622 1971//2622
f 1967//2623 1971//2623 1972//2623
f 1972//2624 1971//2624 1970//2624
f 1972//2625 1973//2625 1974//2625
f 1972//2626 1974//2626 1975//2626
f 1972//2627 1975//2627 1973//2627
f 1973//2628 1975//2628 1974//2628
f 1973//2629 1976//2629 1977//2629
f 1973//2630 1977//2630 1978//2630
f 1973//2631 1978//2631 1976//2631
f 1976//2632 1978//2632 1977//2632
f 1976//2633 1981//2633 1979//2633
f 1976//2634 1979//2634 1980//2634
f 1976//2635 1980//2635 1981//2635
f 1981//2636 1980//2636 1979//2636
f 1981//2637 1982//2637 1983//2637
f 1981//2638 1983//2638 1984//2638
f 1981//2639 1984//2639 1982//2639
f 1982//2640 1984//2640 1983//2640
f 1982//2641 1985//2641 1986//2641
f 1982//2642 1986//2642 1987//2642
f 1982//2643 1987//2643 1985//2643
f 1985//2644 1987//2644 1986//2644
f 1985//2645 1988//2645 1989//2645
f 1985//2646 1989//2646 1990//2646
f 1985//2647 1990//2647 1988//2647
f 1988//2648 1990//2648 1989//2648
f 1988//2649 1993//2649 1991//2649
f 1988//2650 1991//2650 1992//2650
f 1988//2651 1992//2651 1993//2651
f 1993//2652 1992//2652 1991//2652
f 1993//2653 1994//2653 1995//2653
f 1993//2654 1995//2654 1996//2654
f 1993//2655 1996//2655 1994//2655
f 1994//2656 1996//2656 1995//2656
f 1994//2657 1997//2657 1998//2657
f 1994//2658 1998//2658 1999//2658
f 1994//2659 1999//2659 1997//2659
f 1997//2660 1999//2660 1998//2660
f 1997//2661 2000//2661 2001//2661
f 1997//2662 2001//2662 2002//2662
f 1997//2663 2002//2663 2000//2663
f 2000//2664 2002//2664 2001//2664
f 2000//2665 2003//2665 2004//2665
f 2000//2666 2004//2666 2005//2666
f 2000//2667 2005//2667 2003//2667
f 2003//2668 2005//2668 2004//2668
f 2003//2669 2008//2669 2006//2669
f 2003//2670 2006//2670 2007//2670
f 2003//2671 2007//2671 2008//2671
f 2008//2672 2007//2672 2006//2672
f 2008//2673 2011//2673 2009//2673
f 2008//2674 2009//2674 2010//2674
f 2008//2675 2010//2675 2011//2675
f 2011//2676 2010//2676 2009//2676
f 2011//2677 2012//2677 2013//2677
f 2011//2678 2013//2678 2014//2678
f 2011//2679 2014//2679 2012//2679
f 2012//2680 2014//2680 2013//2680
f 2012//2681 2015//2681 2016//2681
f 2012//2682 2016//2682 2017//2682
f 2012//2683 2017//2683 2015//2683
f 2015//2684 2017//2684 2016//2684
f 2015//2685 2020//2685 2018//2685
f 2015//2686 2018//2686 2019//2686
f 2015//2687 2019//2687 2020//2687
f 2020//2688 2019//2688 2018//2688
f 2020//2689 2023//2689 2021//2689
f 2020//2690 2021//2690 2022//2690
f 2020//2691 2022//2691 2023//2691
f 2023//2692 2022//2692 2021//2692
f 2023//2693 2024//2693 2025//2693
f 2023//2694 2025//2694 2026//2694
f 2023//2695 2026//2695 2024//2695
f 2024//2696 2026//2696 2025//2696
f 2024//2697 2027//2697 2028//2697
f 2024//2698 2028//2698 2029//2698
f 2024//2699 2029//2699 2027//2699
f 2027//2700 2029//2700 2028//2700
f 2030//2701 2033//2701 2031//2701
f 2030//2702 2031//2702 2032//2702
f 2030//2703 2032//2703 2033//2703
f 2033//2704 2032//2704 2031//2704
f 2033//2705 2036//2705 2034//2705
f 2033//2706 2034//2706 2035//2706
f 2033//2707 2035//2707 2036//2707
f 2036//2708 2035//2708 2034//2708
f 2036//2709 2037//2709 2038//2709
f 2036//2710 2038//2710 2039//2710
f 2036//2711 2039//2711 2037//2711
f 2037//2712 2039//2712 2038//2712
f 2037//2713 2042//2713 2040//2713
f 2037//2714 2040//2714 2041//2714
f 2037//2715 2041//2715 2042//2715
f 2042//2716 2041//2716 2040//2716
f 2042//2717 2045//2717 2043//2717
f 2042//2718 2043//2718 2044//2718
f 2042//2719 2044//2719 2045//2719
f 2045//2720 2044//2720 2043//2720
f 2045//2721 2048//2721 2046//2721
f 2045//2722 2046//2722 2047//2722
f 2045//2723 2047//2723 2048//2723
f 2048//2724 2047//2724 2046//2724
f 2048//2725 2049//2725 2050//2725
f 2048//2726 2050//2726 2051//2726
f 2048//2727 2051//2727 2049//2727
f 2049//2728 2051//2728 2050//2728
f 2049//2729 2054//2729 2052//2729
f 2049//2730 2052//2730 2053//2730
f 2049//2731 2053//2731 2054//2731
f 2054//2732 2053//2732 2052//2732
f 2054//2733 2055//2733 2056//2733
f 2054//2734 2056//2734 2057//2734
f 2054//2735 2057//2735 2055//2735
f 2055//2736 2057//2736 2056//2736
f 2055//2737 2058//2737 2059//2737
f 2055//2738 2059//2738 2060//2738
f 2055//2739 2060//2739 2058//2739
f 2058//2740 2060//2740 2059//2740
f 2058//2741 2061//2741 2062//2741
f 2058//2742 2062//2742 2063//2742
f 2058//2743 2063//2743 2061//2743
f 2061//2744 2063//2744 2062//2744
f 2061//2745 2064//2745 2065//2745
f 2061//2746 2065//2746 2066//2746
f 2061//2747 2066//2747 2064//2747
f 2064//2748 2066//2748 2065//2748
f 2064//2749 2069//2749 2067//2749
f 2064//2750 2067//2750 2068//2750
f 2064//2751 2068//2751 2069//2751
f 2069//2752 2068//2752 2067//2752
f 2069//2753 2070//2753 2071//2753
f 2069//2754 2071//2754 2072//2754
f 2069//2755 2072//2755 2070//2755
f 2070//2756 2072//2756 2071//2756
f 2070//2757 2075//2757 2073//2757
f 2070//2758 2073//2758 2074//2758
f 2070//2759 2074//2759 2075//2759
f 2075//2760 2074//2760 2073//2760
f 2075//2761 2076//2761 2077//2761
f 2075//2762 2077//2762 2078//2762
f 2075//2763 2078//2763 2076//2763
f 2076//2764 2078//2764 2077//2764
f 2076//2765 2081//2765 2079//2765
f 2076//2766 2079//2766 2080//2766
f 2076//2767 2080//2767 2081//2767
f 2081//2768 2080//2768 2079//2768
f 2081//2769 2084//2769 2082//2769
f 2081//2770 2082//2770 2083//2770
f 2081//2771 2083//2771 2084//2771
f 2084//2772 2083//2772 2082//2772
f 2084//2773 2087//2773 2085//2773
f 2084//2774 2085//2774 2086//2774
f 2084//2775 2086//2775 2087//2775
f 2087//2776 2086//2776 2085//2776
f 2087//2777 2090//2777 2088//2777
f 2087//2778 2088//2778 2089//2778
f 2087//2779 2089//2779 2090//2779
f 2090//2780 2089//2780 2088//2780
f 2090//2781 2091//2781 2092//2781
f 2090//2782 2092//2782 2093//2782
f 2090//2783 2093//2783 2091//2783
f 2091//2784 2093//2784 2092//2784
f 2091//2785 2096//2785 2094//2785
f 2091//2786 2094//2786 2095//2786
f 2091//2787 2095//2787 2096//2787
f 2096//2788 2095//2788 2094//2788
f 2096//2789 2097//2789 2098//2789
f 2096//2790 2098//2790 2099//2790
f 2096//2791 2099//2791 2097//2791
f 2097//2792 2099//2792 2098//2792
f 2097//2793 2102//2793 2100//2793
f 2097//2794 2100//2794 2101//2794
f 2097//2795 2101//2795 2102//2795
f 2102//2796 2101//2796 2100//2796
f 2102//2797 2105//2797 2103//2797
f 2102//2798 2103//2798 2104//2798
f 2102//2799 2104//2799 2105//2799
f 2105//2800 2104//2800 2103//2800
f 2105//2801 2108//2801 2106//2801
f 2105//2802 2106//2802 2107//2802
f 2105//2803 2107//2803 2108//2803
f 2108//2804 2107//2804 2106//2804
f 2108//2805 2109//2805 2110//2805
f 2108//2806 2110//2806 2111//2806
f 2108//2807 2111//2807 2109//2807
f 2109//2808 2111//2808 2110//2808
f 2109//2809 2112//2809 2113//2809
f 2109//2810 2113//2810 2114//2810
f 2109//2811 2114//2811 2112//2811
f 2112//2812 2114//2812 2113//2812
f 2112//2813 2117//2813 2115//2813
f 2112//2814 2115//2814 2116//2814
f 2112//2815 2116//2815 2117//2815
f 2117//2816 2116//2816 2115//2816
f 2117//2817 2118//2817 2119//2817
f 2117//2818 2119//2818 2120//2818
f 2117//2819 2120//2819 2118//2819
f 2118//2820 2120//2820 2119//2820
f 2118//2821 2121//2821 2122//2821
f 2118//2822 2122//2822 2123//2822
f 2118//2823 2123//2823 2121//2823
f 2121//2824 2123//2824 2122//2824
f 2121//2825 2124//2825 2125//2825
f 2121//2826 2125//2826 2126//2826
f 2121//2827 2126//2827 2124//2827
f 2124//2828 2126//2828 2125//2828
f 2124//2829 2129//2829 2127//2829
f 2124//2830 2127//2830 2128//2830
f 2124//2831 2128//2831 2129//2831
f 2129//2832 2128//2832 2127//2832
f 2129//2833 2130//2833 2131//2833
f 2129//2834 2131//2834 2132//2834
f 2129//2835 2132//2835 2130//2835
f 2130//2836 2132//2836 2131//2836
f 2130//2837 2135//2837 2133//2837
f 2130//2838 2133//2838 2134//2838
f 2130//2839 2134//2839 2135//2839
f 2135//2840 2134//2840 2133//2840
f 2135//2841 2138//2841 2136//2841
f 2135//2842 2136//2842 2137//2842
f 2135//2843 2137//2843 2138//2843
f 2138//2844 2137//2844 2136//2844
f 2138//2845 2139//2845 2140//2845
f 2138//2846 2140//2846 2141//2846
f 2138//2847 2141//2847 2139//2847
f 2139//2848 2141//2848 2140//2848
f 2139//2849 2142//2849 2143//2849
f 2139//2850 2143//2850 2144//2850
f 2139//2851 2144//2851 2142//2851
f 2142//2852 2144//2852 2143//2852
f 2142//2853 2145//2853 2146//2853
f 2142//2854 2146//2854 2147//2854
f 2142//2855 2147//2855 2145//2855
f 2145//2856 2147//2856 2146//2856
f 2145//2857 2150//2857 2148//2857
f 2145//2858 2148//2858 2149//2858
f 2145//2859 2149//2859 2150//2859
f 2150//2860 2149//2860 2148//2860
f 2150//2861 2151//2861 2152//2861
f 2150//2862 2152//2862 2153//2862
f 2150//2863 2153//2863 2151//2863
f 2151//2864 2153//2864 2152//2864
f 2151//2865 2156//2865 2154//2865
f 2151//2866 2154//2866 2155//2866
f 2151//2867 2155//2867 2156//2867
f 2156//2868 2155//2868 2154//2868
f 2156//2869 2159//2869 2157//2869
f 2156//2870 2157//2870 2158//2870
f 2156//2871 2158//2871 2159//2871
f 2159//2872 2158//2872 2157//2872
f 2159//2873 2160//2873 2161//2873
f 2159//2874 2161//2874 2162//2874
f 2159//2875 2162//2875 2160//2875
f 2160//2876 2162//2876 2161//2876
f 2160//2877 2163//2877 2164//2877
f 2160//2878 2164//2878 2165//2878
f 2160//2879 2165//2879 2163//2879
f 2163//2880 2165//2880 2164//2880
f 2163//2881 2166//2881 2167//2881
f 2163//2882 2167//2882 2168//2882
f 2163//2883 2168//2883 2166//2883
f 2166//2884 2168//2884 2167//2884
f 2166//2885 2169//2885 2170//2885
f 2166//2886 2170//2886 2171//2886
f 2166//2887 2171//2887 2169//2887
f 2169//2888 2171//2888 2170//2888
f 2169//2889 2174//2889 2172//2889
f 2169//2890 2172//2890 2173//2890
f 2169//2891 2173//2891 2174//2891
f 2174//2892 2173//2892 2172//2892
f 2174//2893 2177//2893 2175//2893
f 2174//2894 2175//2894 2176//2894
f 2174//2895 2176//2895 2177//2895
f 2177//2896 2176//2896 2175//2896
f 2177//2897 2178//2897 2179//2897
f 2177//2898 2179//2898 2180//2898
f 2177//2899 2180//2899 2178//2899
f 2178//2900 2180//2900 2179//2900
f 2178//2901 2181//2901 2182//2901
f 2178//2902 2182//2902 2183//2902
f 2178//2903 2183//2903 2181//2903
f 2181//2904 2183//2904 2182//2904
f 2181//2905 2184//2905 2185//2905
f 2181//2906 2185//2906 2186//2906
f 2181//2907 2186//2907 2184//2907
f 2184//2908 2186//2908 2185//2908
f 2184//2909 2187//2909 2188//2909
f 2184//2910 2188//2910 2189//2910
f 2184//2911 2189//2911 2187//2911
f 2187//2912 2189//2912 2188//2912
f 2187//2913 2190//2913 2191//2913
f 2187//2914 2191//2914 2192//2914
f 2187//2915 2192//2915 2190//2915
f 2190//2916 2192//2916 2191//2916
f 2190//2917 2193//2917 2194//2917
f 2190//2918 2194//2918 2195//2918
f 2190//2919 2195//2919 2193//2919
f 2193//2920 2195//2920 2194//2920
f 2193//2921 2196//2921 2197//2921
f 2193//2922 2197//2922 2198//2922
f 2193//2923 2198//2923 2196//2923
f 2196//2924 2198//2924 2197//2924
f 2196//2925 2201//2925 2199//2925
f 2196//2926 2199//2926 2200//2926
f 2196//2927 2200//2927 2201//2927
f 2201//2928 2200//2928 2199//2928
f 2201//2929 2204//2929 2202//2929
f 2201//2930 2202//2930 2203//2930
f 2201//2931 2203//2931 2204//2931
f 2204//2932 2203//2932 2202//2932
f 2204//2933 2207//2933 2205//2933
f 2204//2934 2205//2934 2206//2934
f 2204//2935 2206//2935 2207//2935
f 2207//2936 2206//2936 2205//2936
f 2207//2937 2208//2937 2209//2937
f 2207//2938 2209//2938 2210//2938
f 2207//2939 2210//2939 2208//2939
f 2208//2940 2210//2940 2209//2940
f 2208//2941 2213//2941 2211//2941
f 2208//2942 2211//2942 2212//2942
f 2208//2943 2212//2943 2213//2943
f 2213//2944 2212//2944 2211//2944
f 2213//2945 2214//2945 2215//2945
f 2213//2946 2215//2946 2216//2946
f 2213//2947 2216//2947 2214//2947
f 2214//2948 2216//2948 2215//2948
f 2214//2949 2217//2949 2218//2949
f 2214//2950 2218//2950 2219//2950
f 2214//2951 2219//2951 2217//2951
f 2217//2952 2219//2952 2218//2952
f 2217//2953 2220//2953 2221//2953
f 2217//2954 2221//2954 2222//2954
f 2217//2955 2222//2955 2220//2955
f 2220//2956 2222//2956 2221//2956
f 2220//2957 2225//2957 2223//2957
f 2220//2958 2223//2958 2224//2958
f 2220//2959 2224//2959 2225//2959
f 2225//2960 2224//2960 2223//2960
f 2225//2961 2226//2961 2227//2961
f 2225//2962 2227//2962 2228//2962
f 2225//2963 2228//2963 2226//2963
f 2226//2964 2228//2964 2227//2964
f 2226//2965 2229//2965 2230//2965
f 2226//2966 2230//2966 2231//2966
f 2226//2967 2231//2967 2229//2967
f 2229//2968 2231//2968 2230//2968
f 2229//2969 2232//2969 2233//2969
f 2229//2970 2233//2970 2234//2970
f 2229//2971 2234//2971 2232//2971
f 2232//2972 2234//2972 2233//2972
f 2232//2973 2237//2973 2235//2973
f 2232//2974 2235//2974 2236//2974
f 2232//2975 2236//2975 2237//2975
f 2237//2976 2236//2976 2235//2976
f 2237//2977 2238//2977 2239//2977
f 2237//2978 2239//2978 2240//2978
f 2237//2979 2240//2979 2238//2979
f 2238//2980 2240//2980 2239//2980
f 2238//2981 2241//2981 2242//2981
f 2238//2982 2242//2982 2243//2982
f 2238//2983 2243//2983 2241//2983
f 2241//2984 2243//2984 2242//2984
f 2241//2985 2244//2985 2245//2985
f 2241//2986 2245//2986 2246//2986
f 2241//2987 2246//2987 2244//2987
f 2244//2988 2246//2988 2245//2988
f 2244//2989 2249//2989 2247//2989
f 2244//2990 2247//2990 2248//2990
f 2244//2991 2248//2991 2249//2991
f 2249//2992 2248//2992 2247//2992
f 2249//2993 2252//2993 2250//2993
f 2249//2994 2250//2994 2251//2994
f 2249//2995 2251//2995 2252//2995
f 2252//2996 2251//2996 2250//2996
f 2252//2997 2253//2997 2254//2997
f 2252//2998 2254//2998 2255//2998
f 2252//2999 2255//2999 2253//2999
f 2253//3000 2255//3000 2254//3000
f 2253//3001 2258//3001 2256//3001
f 2253//3002 2256//3002 2257//3002
f 2253//3003 2257//3003 2258//3003
f 2258//3004 2257//3004 2256//3004
f 2258//3005 2259//3005 2260//3005
f 2258//3006 2260//3006 2261//3006
f 2258//3007 2261//3007 2259//3007
f 2259//3008 2261//3008 2260//3008
f 2259//3009 2262//3009 2263//3009
f 2259//3010 2263//3010 2264//3010
f 2259//3011 2264//3011 2262//3011
f 2262//3012 2264//3012 2263//3012
f 2262//3013 2267//3013 2265//3013
f 2262//3014 2265//3014 2266//3014
f 2262//3015 2266//3015 2267//3015
f 2267//3016 2266//3016 2265//3016
f 2267//3017 2270//3017 2268//3017
f 2267//3018 2268//3018 2269//3018
f 2267//3019 2269//3019 2270//3019
f 2270//3020 2269//3020 2268//3020
f 2270//3021 2273//3021 2271//3021
f 2270//3022 2271//3022 2272//3022
f 2270//3023 2272//3023 2273//3023
f 2273//3024 2272//3024 2271//3024
f 2273//3025 2274//3025 2275//3025
f 2273//3026 2275//3026 2276//3026
f 2273//3027 2276//3027 2274//3027
f 2274//3028 2276//3028 2275//3028
f 2274//3029 2277//3029 2278//3029
f 2274//3030 2278//3030 2279//3030
f 2274//3031 2279//3031 2277//3031
f 2277//3032 2279//3032 2278//3032
f 2277//3033 2282//3033 2280//3033
f 2277//3034 2280//3034 2281//3034
f 2277//3035 2281//3035 2282//3035
f 2282//3036 2281//3036 2280//3036
f 2282//3037 2285//3037 2283//3037
f 2282//3038 2283//3038 2284//3038
f 2282//3039 2284//3039 2285//3039
f 2285//3040 2284//3040 2283//3040
f 2285//3041 2288//3041 2286//3041
f 2285//3042 2286//3042 2287//3042
f 2285//3043 2287//3043 2288//3043
f 2288//3044 2287//3044 2286//3044
f 2288//3045 2291//3045 2289//3045
f 2288//3046 2289//3046 2290//3046
f 2288//3047 2290//3047 2291//3047
f 2291//3048 2290//3048 2289//3048
f 2291//3049 2294//3049 2292//3049
f 2291//3050 2292//3050 2293//3050
f 2291//3051 2293//3051 2294//3051
f 2294//3052 2293//3052 2292//3052
f 2294//3053 2297//3053 2295//3053
f 2294//3054 2295//3054 2296//3054
f 2294//3055 2296//3055 2297//3055
f 2297//3056 2296//3056 2295//3056
f 2297//3057 2298//3057 2299//3057
f 2297//3058 2299//3058 2300//3058
f 2297//3059 2300//3059 2298//3059
f 2298//3060 2300//3060 2299//3060
f 2298//3061 2301//3061 2302//3061
f 2298//3062 2302//3062 2303//3062
f 2298//3063 2303//3063 2301//3063
f 2301//3064 2303//3064 2302//3064
f 2301//3065 2306//3065 2304//3065
f 2301//3066 2304//3066 2305//3066
f 2301//3067 2305//3067 2306//3067
f 2306//3068 2305//3068 2304//3068
f 2306//3069 2309//3069 2307//3069
f 2306//3070 2307//3070 2308//3070
f 2306//3071 2308//3071 2309//3071
f 2309//3072 2308//3072 2307//3072
f 2309//3073 2312//3073 2310//3073
f 2309//3074 2310//3074 2311//3074
f 2309//3075 2311//3075 2312//3075
f 2312//3076 2311//3076 2310//3076
f 2312//3077 2315//3077 2313//3077
f 2312//3078 2313//3078 2314//3078
f 2312//3079 2314//3079 2315//3079
f 2315//3080 2314//3080 2313//3080
f 2315//3081 2316//3081 2317//3081
f 2315//3082 2317//3082 2318//3082
f 2315//3083 2318//3083 2316//3083
f 2316//3084 2318//3084 2317//3084
f 2316//3085 2321//3085 2319//3085
f 2316//3086 2319//3086 2320//3086
f 2316//3087 2320//3087 2321//3087
f 2321//3088 2320//3088 2319//3088
f 2321//3089 2324//3089 2322//3089
f 2321//3090 2322//3090 2323//3090
f 2321//3091 2323//3091 2324//3091
f 2324//3092 2323//3092 2322//3092
f 2324//3093 2325//3093 2326//3093
f 2324//3094 2326//3094 2327//3094
f 2324//3095 2327//3095 2325//3095
f 2325//3096 2327//3096 2326//3096
f 2325//3097 2330//3097 2328//3097
f 2325//3098 2328//3098 2329//3098
f 2325//3099 2329//3099 2330//3099
f 2330//3100 2329//3100 2328//3100
f 2330//3101 2333//3101 2331//3101
f 2330//3102 2331//3102 2332//3102
f 2330//3103 2332//3103 2333//3103
f 2333//3104 2332//3104 2331//3104
f 2333//3105 2336//3105 2334//3105
f 2333//3106 2334//3106 2335//3106
f 2333//3107 2335//3107 2336//3107
f 2336//3108 2335//3108 2334//3108
f 2336//3109 2337//3109 2338//3109
f 2336//3110 2338//3110 2339//3110
f 2336//3111 2339//3111 2337//3111
f 2337//3112 2339//3112 2338//3112
f 2337//3113 2342//3113 2340//3113
f 2337//3114 2340//3114 2341//3114
f 2337//3115 2341//3115 2342//3115
f 2342//3116 2341//3116 2340//3116
f 2342//3117 2343//3117 2344//3117
f 2342//3118 2344//3118 2345//3118
f 2342//3119 2345//3119 2343//3119
f 2343//3120 2345//3120 2344//3120
f 2343//3121 2348//3121 2346//3121
f 2343//3122 2346//3122 2347//3122
f 2343//3123 2347//3123 2348//3123
f 2348//3124 2347//3124 2346//3124
f 2348//3125 2349//3125 2350//3125
f 2348//3126 2350//3126 2351//3126
f 2348//3127 2351//3127 2349//3127
f 2349//3128 2351//3128 2350//3128
f 2349//3129 2352//3129 2353//3129
f 2349//3130 2353//3130 2354//3130
f 2349//3131 2354//3131 2352//3131
f 2352//3132 2354//3132 2353//3132
f 2352//3133 2357//3133 2355//3133
f 2352//3134 2355//3134 2356//3134
f 2352//3135 2356//3135 2357//3135
f 2357//3136 2356//3136 2355//3136
f 2357//3137 2358//3137 2359//3137
f 2357//3138 2359//3138 2360//3138
f 2357//3139 2360//3139 2358//3139
f 2358//3140 2360//3140 2359//3140
f 2358//3141 2363//3141 2361//3141
f 2358//3142 2361//3142 2362//3142
f 2358//3143 2362//3143 2363//3143
f 2363//3144 2362//3144 2361//3144
f 2363//3145 2366//3145 2364//3145
f 2363//3146 2364//3146 2365//3146
f 2363//3147 2365//3147 2366//3147
f 2366//3148 2365//3148 2364//3148
f 2366//3149 2367//3149 2368//3149
f 2366//3150 2368//3150 2369//3150
f 2366//3151 2369//3151 2367//3151
f 2367//3152 2369//3152 2368//3152
f 2367//3153 2372//3153 2370//3153
f 2367//3154 2370//3154 2371//3154
f 2367//3155 2371//3155 2372//3155
f 2372//3156 2371//3156 2370//3156
f 2372//3157 2373//3157 2374//3157
f 2372//3158 2374//3158 2375//3158
f 2372//3159 2375//3159 2373//3159
f 2373//3160 2375//3160 2374//3160
f 2373//3161 2378//3161 2376//3161
f 2373//3162 2376//3162 2377//3162
f 2373//3163 2377//3163 2378//3163
f 2378//3164 2377//3164 2376//3164
f 2378//3165 2379//3165 2380//3165
f 2378//3166 2380//3166 2381//3166
f 2378//3167 2381//3167 2379//3167
f 2379//3168 2381//3168 2380//3168
f 2379//3169 2382//3169 2383//3169
f 2379//3170 2383//3170 2384//3170
f 2379//3171 2384//3171 2382//3171
f 2382//3172 2384//3172 2383//3172
f 2382//3173 2387//3173 2385//3173
f 2382//3174 2385//3174 2386//3174
f 2382//3175 2386//3175 2387//3175
f 2387//3176 2386//3176 2385//3176
f 2387//3177 2390//3177 2388//3177
f 2387//3178 2388//3178 2389//3178
f 2387//3179 2389//3179 2390//3179
f 2390//3180 2389//3180 2388//3180
f 2390//3181 2393//3181 2391//3181
f 2390//3182 2391//3182 2392//3182
f 2390//3183 2392//3183 2393//3183
f 2393//3184 2392//3184 2391//3184
f 2393//3185 2394//3185 2395//3185
f 2393//3186 2395//3186 2396//3186
f 2393//3187 2396//3187 2394//3187
f 2394//3188 2396//3188 2395//3188
f 2394//3189 2399//3189 2397//3189
f 2394//3190 2397//3190 2398//3190
f 2394//3191 2398//3191 2399//3191
f 2399//3192 2398//3192 2397//3192
f 2399//3193 2402//3193 2400//3193
f 2399//3194 2400//3194 2401//3194
f 2399//3195 2401//3195 2402//3195
f 2402//3196 2401//3196 2400//3196
f 2402//3197 2403//3197 2404//3197
f 2402//3198 2404//3198 2405//3198
f 2402//3199 2405//3199 2403//3199
f 2403//3200 2405//3200 2404//3200
f 2403//3201 2406//3201 2407//3201
f 2403//3202 2407//3202 2408//3202
f 2403//3203 2408//3203 2406//3203
f 2406//3204 2408//3204 2407//3204
f 2406//3205 2411//3205 2409//3205
f 2406//3206 2409//3206 2410//3206
f 2406//3207 2410//3207 2411//3207
f 2411//3208 2410//3208 2409//3208
f 2411//3209 2412//3209 2413//3209
f 2411//3210 2413//3210 2414//3210
f 2411//3211 2414//3211 2412//3211
f 2412//3212 2414//3212 2413//3212
f 2412//3213 2417//3213 2415//3213
f 2412//3214 2415//3214 2416//3214
f 2412//3215 2416//3215 2417//3215
f 2417//3216 2416//3216 2415//3216
f 2417//3217 2418//3217 2419//3217
f 2417//3218 2419//3218 2420//3218
f 2417//3219 2420//3219 2418//3219
f 2418//3220 2420//3220 2419//3220
f 2418//3221 2423//3221 2421//3221
f 2418//3222 2421//3222 2422//3222
f 2418//3223 2422//3223 2423//3223
f 2423//3224 2422//3224 2421//3224
f 2423//3225 2426//3225 2424//3225
f 2423//3226 2424//3226 2425//3226
f 2423//3227 2425//3227 2426//3227
f 2426//3228 2425//3228 2424//3228
f 2426//3229 2429//3229 2427//3229
f 2426//3230 2427//3230 2428//3230
f 2426//3231 2428//3231 2429//3231
f 2429//3232 2428//3232 2427//3232
f 2429//3233 2430//3233 2431//3233
f 2429//3234 2431//3234 2432//3234
f 2429//3235 2432//3235 2430//3235
f 2430//3236 2432//3236 2431//3236
f 2430//3237 2433//3237 2434//3237
f 2430//3238 2434//3238 2435//3238
f 2430//3239 2435//3239 2433//3239
f 2433//3240 2435//3240 2434//3240
f 2433//3241 2438//3241 2436//3241
f 2433//3242 2436//3242 2437//3242
f 2433//3243 2437//3243 2438//3243
f 2438//3244 2437//3244 2436//3244
f 2438//3245 2439//3245 2440//3245
f 2438//3246 2440//3246 2441//3246
f 2438//3247 2441//3247 2439//3247
f 2439//3248 2441//3248 2440//3248
f 2439//3249 2444//3249 2442//3249
f 2439//3250 2442//3250 2443//3250
f 2439//3251 2443//3251 2444//3251
f 2444//3252 2443//3252 2442//3252
f 2444//3253 2447//3253 2445//3253
f 2444//3254 2445//3254 2446//3254
f 2444//3255 2446//3255 2447//3255
f 2447//3256 2446//3256 2445//3256
f 2447//3257 2450//3257 2448//3257
f 2447//3258 2448//3258 2449//3258
f 2447//3259 2449//3259 2450//3259
f 2450//3260 2449//3260 2448//3260
f 2450//3261 2451//3261 2452//3261
f 2450//3262 2452//3262 2453//3262
f 2450//3263 2453//3263 2451//3263
f 2451//3264 2453//3264 2452//3264
f 2451//3265 2456//3265 2454//3265
f 2451//3266 2454//3266 2455//3266
f 2451//3267 2455//3267 2456//3267
f 2456//3268 2455//3268 2454//3268
f 2456//3269 2457//3269 2458//3269
f 2456//3270 2458//3270 2459//3270
f 2456//3271 2459//3271 2457//3271
f 2457//3272 2459//3272 2458//3272
f 2457//3273 2460//3273 2461//3273
f 2457//3274 2461//3274 2462//3274
f 2457//3275 2462//3275 2460//3275
f 2460//3276 2462//3276 2461//3276
f 2460//3277 2465//3277 2463//3277
f 2460//3278 2463//3278 2464//3278
f 2460//3279 2464//3279 2465//3279
f 2465//3280 2464//3280 2463//3280
f 2465//3281 2468//3281 2466//3281
f 2465//3282 2466//3282 2467//3282
f 2465//3283 2467//3283 2468//3283
f 2468//3284 2467//3284 2466//3284
f 2468//3285 2469//3285 2470//3285
f 2468//3286 2470//3286 2471//3286
f 2468//3287 2471//3287 2469//3287
f 2469//3288 2471//3288 2470//3288
f 2469//3289 2474//3289 2472//3289
f 2469//3290 2472//3290 2473//3290
f 2469//3291 2473//3291 2474//3291
f 2474//3292 2473//3292 2472//3292
f 2474//3293 2477//3293 2475//3293
f 2474//3294 2475//3294 2476//3294
f 2474//3295 2476//3295 2477//3295
f 2477//3296 2476//3296 2475//3296
f 2477//3297 2480//3297 2478//3297
f 2477//3298 2478//3298 2479//3298
f 2477//3299 2479//3299 2480//3299
f 2480//3300 2479//3300 2478//3300
f 2480//3301 2481//3301 2482//3301
f 2480//3302 2482//3302 2483//3302
f 2480//3303 2483//3303 2481//3303
f 2481//3304 2483//3304 2482//3304
f 2481//3305 2484//3305 2485//3305
f 2481//3306 2485//3306 2486//3306
f 2481//3307 2486//3307 2484//3307
f 2484//3308 2486//3308 2485//3308
f 2484//3309 2487//3309 2488//3309
f 2484//3310 2488//3310 2489//3310
f 2484//3311 2489//3311 2487//3311
f 2487//3312 2489//3312 2488//3312
f 2487//3313 2492//3313 2490//3313
f 2487//3314 2490//3314 2491//3314
f 2487//3315 2491//3315 2492//3315
f 2492//3316 2491//3316 2490//3316
f 2492//3317 2493//3317 2494//3317
f 2492//3318 2494//3318 2495//3318
f 2492//3319 2495//3319 2493//3319
f 2493//3320 2495//3320 2494//3320
f 2493//3321 2496//3321 2497//3321
f 2493//3322 2497//3322 2498//3322
f 2493//3323 2498//3323 2496//3323
f 2496//3324 2498//3324 2497//3324
f 2496//3325 2501//3325 2499//3325
f 2496//3326 2499//3326 2500//3326
f 2496//3327 2500//3327 2501//3327
f 2501//3328 2500//3328 2499//3328
f 2501//3329 2504//3329 2502//3329
f 2501//3330 2502//3330 2503//3330
f 2501//3331 2503//3331 2504//3331
f 2504//3332 2503//3332 2502//3332
f 2504//3333 2505//3333 2506//3333
f 2504//3334 2506//3334 2507//3334
f 2504//3335 2507//3335 2505//3335
f 2505//3336 2507//3336 2506//3336
f 2505//3337 2510//3337 2508//3337
f 2505//3338 2508//3338 2509//3338
f 2505//3339 2509//3339 2510//3339
f 2510//3340 2509//3340 2508//3340
f 2510//3341 2511//3341 2512//3341
f 2510//3342 2512//3342 2513//3342
f 2510//3343 2513//3343 2511//3343
f 2511//3344 2513//3344 2512//3344
f 2511//3345 2516//3345 2514//3345
f 2511//3346 2514//3346 2515//3346
f 2511//3347 2515//3347 2516//3347
f 2516//3348 2515//3348 2514//3348
f 2516//3349 2517//3349 2518//3349
f 2516//3350 2518//3350 2519//3350
f 2516//3351 2519//3351 2517//3351
f 2517//3352 2519//3352 2518//3352
f 2517//3353 2520//3353 2521//3353
f 2517//3354 2521//3354 2522//3354
f 2517//3355 2522//3355 2520//3355
f 2520//3356 2522//3356 2521//3356
f 2520//3357 2523//3357 2524//3357
f 2520//3358 2524//3358 2525//3358
f 2520//3359 2525//3359 2523//3359
f 2523//3360 2525//3360 2524//3360
f 2523//3361 2526//3361 2527//3361
f 2523//3362 2527//3362 2528//3362
f 2523//3363 2528//3363 2526//3363
f 2526//3364 2528//3364 2527//3364
f 2526//3365 2531//3365 2529//3365
f 2526//3366 2529//3366 2530//3366
f 2526//3367 2530//3367 2531//3367
f 2531//3368 2530//3368 2529//3368
f 2531//3369 2532//3369 2533//3369
f 2531//3370 2533//3370 2534//3370
f 2531//3371 2534//3371 2532//3371
f 2532//3372 2534//3372 2533//3372
f 2532//3373 2537//3373 2535//3373
f 2532//3374 2535//3374 2536//3374
f 2532//3375 2536//3375 2537//3375
f 2537//3376 2536//3376 2535//3376
f 2537//3377 2538//3377 2539//3377
f 2537//3378 2539//3378 2540//3378
f 2537//3379 2540//3379 2538//3379
f 2538//3380 2540//3380 2539//3380
f 2538//3381 2541//3381 2542//3381
f 2538//3382 2542//3382 2543//3382
f 2538//3383 2543//3383 2541//3383
f 2541//3384 2543//3384 2542//3384
f 2541//3385 2544//3385 2545//3385
f 2541//3386 2545//3386 2546//3386
f 2541//3387 2546//3387 2544//3387
f 2544//3388 2546//3388 2545//3388
f 2544//3389 2547//3389 2548//3389
f 2544//3390 2548//3390 2549//3390
f 2544//3391 2549//3391 2547//3391
f 2547//3392 2549//3392 2548//3392
f 2547//3393 2550//3393 2551//3393
f 2547//3394 2551//3394 2552//3394
f 2547//3395 2552//3395 2550//3395
f 2550//3396 2552//3396 2551//3396
f 2550//3397 2553//3397 2554//3397
f 2550//3398 2554//3398 2555//3398
f 2550//3399 2555//3399 2553//3399
f 2553//3400 2555//3400 2554//3400
f 2553//3401 2556//3401 2557//3401
f 2553//3402 2557//3402 2558//3402
f 2553//3403 2558//3403 2556//3403
f 2556//3404 2558//3404 2557//3404
f 2556//3405 2559//3405 2560//3405
f 2556//3406 2560//3406 2561//3406
f 2556//3407 2561//3407 2559//3407
f 2559//3408 2561//3408 2560//3408
f 2559//3409 2564//3409 2562//3409
f 2559//3410 2562//3410 2563//3410
f 2559//3411 2563//3411 2564//3411
f 2564//3412 2563//3412 2562//3412
f 2564//3413 2565//3413 2566//3413
f 2564//3414 2566//3414 2567//3414
f 2564//3415 2567//3415 2565//3415
f 2565//3416 2567//3416 2566//3416
f 2565//3417 2568//3417 2569//3417
f 2565//3418 2569//3418 2570//3418
f 2565//3419 2570//3419 2568//3419
f 2568//3420 2570//3420 2569//3420
f 2568//3421 2573//3421 2571//3421
f 2568//3422 2571//3422 2572//3422
f 2568//3423 2572//3423 2573//3423
f 2573//3424 2572//3424 2571//3424
f 2573//3425 2574//3425 2575//3425
f 2573//3426 2575//3426 2576//3426
f 2573//3427 2576//3427 2574//3427
f 2574//3428 2576//3428 2575//3428
f 2574//3429 2577//3429 2578//3429
f 2574//3430 2578//3430 2579//3430
f 2574//3431 2579//3431 2577//3431
f 2577//3432 2579//3432 2578//3432
f 2577//3433 2582//3433 2580//3433
f 2577//3434 2580//3434 2581//3434
f 2577//3435 2581//3435 2582//3435
f 2582//3436 2581//3436 2580//3436
f 2582//3437 2583//3437 2584//3437
f 2582//3438 2584//3438 2585//3438
f 2582//3439 2585//3439 2583//3439
f 2583//3440 2585//3440 2584//3440
f 2583//3441 2588//3441 2586//3441
f 2583//3442 2586//3442 2587//3442
f 2583//3443 2587//3443 2588//3443
f 2588//3444 2587//3444 2586//3444
f 2588//3445 2589//3445 2590//3445
f 2588//3446 2590//3446 2591//3446
f 2588//3447 2591//3447 2589//3447
f 2589//3448 2591//3448 2590//3448
f 2589//3449 2592//3449 2593//3449
f 2589//3450 2593//3450 2594//3450
f 2589//3451 2594//3451 2592//3451
f 2592//3452 2594//3452 2593//3452
f 2592//3453 2597//3453 2595//3453
f 2592//3454 2595//3454 2596//3454
f 2592//3455 2596//3455 2597//3455
f 2597//3456 2596//3456 2595//3456
f 2597//3457 2600//3457 2598//3457
f 2597//3458 2598//3458 2599//3458
f 2597//3459 2599//3459 2600//3459
f 2600//3460 2599//3460 2598//3460
f 2600//3461 2603//3461 2601//3461
f 2600//3462 2601//3462 2602//3462
f 2600//3463 2602//3463 2603//3463
f 2603//3464 2602//3464 2601//3464
f 2603//3465 2604//3465 2605//3465
f 2603//3466 2605//3466 2606//3466
f 2603//3467 2606//3467 2604//3467
f 2604//3468 2606//3468 2605//3468
f 2604//3469 2609//3469 2607//3469
f 2604//3470 2607//3470 2608//3470
f 2604//3471 2608//3471 2609//3471
f 2609//3472 2608//3472 2607//3472
f 2609//3473 2612//3473 2610//3473
f 2609//3474 2610//3474 2611//3474
f 2609//3475 2611//3475 2612//3475
f 2612//3476 2611//3476 2610//3476
f 2612//3477 2615//3477 2613//3477
f 2612//3478 2613//3478 2614//3478
f 2612//3479 2614//3479 2615//3479
f 2615//3480 2614//3480 2613//3480
f 2615//3481 2618//3481 2616//3481
f 2615//3482 2616//3482 2617//3482
f 2615//3483 2617//3483 2618//3483
f 2618//3484 2617//3484 2616//3484
f 2618//3485 2619//3485 2620//3485
f 2618//3486 2620//3486 2621//3486
f 2618//3487 2621//3487 2619//3487
f 2619//3488 2621//3488 2620//3488
f 2619//3489 2622//3489 2623//3489
f 2619//3490 2623//3490 2624//3490
f 2619//3491 2624//3491 2622//3491
f 2622//3492 2624//3492 2623//3492
f 2622//3493 2625//3493 2626//3493
f 2622//3494 2626//3494 2627//3494
f 2622//3495 2627//3495 2625//3495
f 2625//3496 2627//3496 2626//3496
f 2625//3497 2628//3497 2629//3497
f 2625//3498 2629//3498 2630//3498
f 2625//3499 2630//3499 2628//3499
f 2628//3500 2630//3500 2629//3500
f 2628//3501 2631//3501 2632//3501
f 2628//3502 2632//3502 2633//3502
f 2628//3503 2633//3503 2631//3503
f 2631//3504 2633//3504 2632//3504
f 2631//3505 2634//3505 2635//3505
f 2631//3506 2635//3506 2636//3506
f 2631//3507 2636//3507 2634//3507
f 2634//3508 2636//3508 2635//3508
f 2634//3509 2637//3509 2638//3509
f 2634//3510 2638//3510 2639//3510
f 2634//3511 2639//3511 2637//3511
f 2637//3512 2639//3512 2638//3512
f 2637//3513 2640//3513 2641//3513
f 2637//3514 2641//3514 2642//3514
f 2637//3515 2642//3515 2640//3515
f 2640//3516 2642//3516 2641//3516
f 2640//3517 2643//3517 2644//3517
f 2640//3518 2644//3518 2645//3518
f 2640//3519 2645//3519 2643//3519
f 2643//3520 2645//3520 2644//3520
f 2643//3521 2646//3521 2647//3521
f 2643//3522 2647//3522 2648//3522
f 2643//3523 2648//3523 2646//3523
f 2646//3524 2648//3524 2647//3524
f 2646//3525 2649//3525 2650//3525
f 2646//3526 2650//3526 2651//3526
f 2646//3527 2651//3527 2649//3527
f 2649//3528 2651//3528 2650//3528
f 2649//3529 2652//3529 2653//3529
f 2649//3530 2653//3530 2654//3530
f 2649//3531 2654//3531 2652//3531
f 2652//3532 2654//3532 2653//3532
f 2652//3533 2655//3533 2656//3533
f 2652//3534 2656//3534 2657//3534
f 2652//3535 2657//3535 2655//3535
f 2655//3536 2657//3536 2656//3536
f 2655//3537 2658//3537 2659//3537
f 2655//3538 2659//3538 2660//3538
f 2655//3539 2660//3539 2658//3539
f 2658//3540 2660//3540 2659//3540
f 2658//3541 2661//3541 2662//3541
f 2658//3542 2662//3542 2663//3542
f 2658//3543 2663//3543 2661//3543
f 2661//3544 2663//3544 2662//3544
f 2661//3545 2664//3545 2665//3545
f 2661//3546 2665//3546 2666//3546
f 2661//3547 2666//3547 2664//3547
f 2664//3548 2666//3548 2665//3548
f 2664//3549 2667//3549 2668//3549
f 2664//3550 2668//3550 2669//3550
f 2664//3551 2669//3551 2667//3551
f 2667//3552 2669//3552 2668//3552
f 2667//3553 2672//3553 2670//3553
f 2667//3554 2670//3554 2671//3554
f 2667//3555 2671//3555 2672//3555
f 2672//3556 2671//3556 2670//3556
f 2672//3557 2675//3557 2673//3557
f 2672//3558 2673//3558 2674//3558
f 2672//3559 2674//3559 2675//3559
f 2675//3560 2674//3560 2673//3560
f 2675//3561 2676//3561 2677//3561
f 2675//3562 2677//3562 2678//3562
f 2675//3563 2678//3563 2676//3563
f 2676//3564 2678//3564 2677//3564
f 2676//3565 2681//3565 2679//3565
f 2676//3566 2679//3566 2680//3566
f 2676//3567 2680//3567 2681//3567
f 2681//3568 2680//3568 2679//3568
f 2681//3569 2684//3569 2682//3569
f 2681//3570 2682//3570 2683//3570
f 2681//3571 2683//3571 2684//3571
f 2684//3572 2683//3572 2682//3572
f 2684//3573 2685//3573 2686//3573
f 2684//3574 2686//3574 2687//3574
f 2684//3575 2687//3575 2685//3575
f 2685//3576 2687//3576 2686//3576
f 2685//3577 2690//3577 2688//3577
f 2685//3578 2688//3578 2689//3578
f 2685//3579 2689//3579 2690//3579
f 2690//3580 2689//3580 2688//3580
f 2690//3581 2693//3581 2691//3581
f 2690//3582 2691//3582 2692//3582
f 2690//3583 2692//3583 2693//3583
f 2693//3584 2692//3584 2691//3584
f 2693//3585 2696//3585 2694//3585
f 2693//3586 2694//3586 2695//3586
f 2693//3587 2695//3587 2696//3587
f 2696//3588 2695//3588 2694//3588
f 2696//3589 2699//3589 2697//3589
f 2696//3590 2697//3590 2698//3590
f 2696//3591 2698//3591 2699//3591
f 2699//3592 2698//3592 2697//3592
f 2699//3593 2700//3593 2701//3593
f 2699//3594 2701//3594 2702//3594
f 2699//3595 2702//3595 2700//3595
f 2700//3596 2702//3596 2701//3596
f 2700//3597 2705//3597 2703//3597
f 2700//3598 2703//3598 2704//3598
f 2700//3599 2704//3599 2705//3599
f 2705//3600 2704//3600 2703//3600
f 2705//3601 2708//3601 2706//3601
f 2705//3602 2706//3602 2707//3602
f 2705//3603 2707//3603 2708//3603
f 2708//3604 2707//3604 2706//3604
f 2708//3605 2711//3605 2709//3605
f 2708//3606 2709//3606 2710//3606
f 2708//3607 2710//3607 2711//3607
f 2711//3608 2710//3608 2709//3608
f 2711//3609 2712//3609 2713//3609
f 2711//3610 2713//3610 2714//3610
f 2711//3611 2714//3611 2712//3611
f 2712//3612 2714//3612 2713//3612
f 2712//3613 2717//3613 2715//3613
f 2712//3614 2715//3614 2716//3614
f 2712//3615 2716//3615 2717//3615
f 2717//3616 2716//3616 2715//3616
f 2717//3617 2718//3617 2719//3617
f 2717//3618 2719//3618 2720//3618
f 2717//3619 2720//3619 2718//3619
f 2718//3620 2720//3620 2719//3620
f 2718//3621 2721//3621 2722//3621
f 2718//3622 2722//3622 2723//3622
f 2718//3623 2723//3623 2721//3623
f 2721//3624 2723//3624 2722//3624
f 2721//3625 2726//3625 2724//3625
f 2721//3626 2724//3626 2725//3626
f 2721//3627 2725//3627 2726//3627
f 2726//3628 2725//3628 2724//3628
f 2726//3629 2729//3629 2727//3629
f 2726//3630 2727//3630 2728//3630
f 2726//3631 2728//3631 2729//3631
f 2729//3632 2728//3632 2727//3632
f 2729//3633 2732//3633 2730//3633
f 2729//3634 2730//3634 2731//3634
f 2729//3635 2731//3635 2732//3635
f 2732//3636 2731//3636 2730//3636
f 2732//3637 2735//3637 2733//3637
f 2732//3638 2733//3638 2734//3638
f 2732//3639 2734//3639 2735//3639
f 2735//3640 2734//3640 2733//3640
f 2735//3641 2738//3641 2736//3641
f 2735//3642 2736//3642 2737//3642
f 2735//3643 2737//3643 2738//3643
f 2738//3644 2737//3644 2736//3644
f 2738//3645 2739//3645 2740//3645
f 2738//3646 2740//3646 2741//3646
f 2738//3647 2741//3647 2739//3647
f 2739//3648 2741//3648 2740//3648
f 2739//3649 2744//3649 2742//3649
f 2739//3650 2742//3650 2743//3650
f 2739//3651 2743//3651 2744//3651
f 2744//3652 2743//3652 2742//3652
f 2744//3653 2745//3653 2746//3653
f 2744//3654 2746//3654 2747//3654
f 2744//3655 2747//3655 2745//3655
f 2745//3656 2747//3656 2746//3656
f 2745//3657 2750//3657 2748//3657
f 2745//3658 2748//3658 2749//3658
f 2745//3659 2749//3659 2750//3659
f 2750//3660 2749//3660 2748//3660
f 2750//3661 2753//3661 2751//3661
f 2750//3662 2751//3662 2752//3662
f 2750//3663 2752//3663 2753//3663
f 2753//3664 2752//3664 2751//3664
f 2753//3665 2756//3665 2754//3665
f 2753//3666 2754//3666 2755//3666
f 2753//3667 2755//3667 2756//3667
f 2756//3668 2755//3668 2754//3668
f 2756//3669 2757//3669 2758//3669
f 2756//3670 2758//3670 2759//3670
f 2756//3671 2759//3671 2757//3671
f 2757//3672 2759//3672 2758//3672
f 2757//3673 2760//3673 2761//3673
f 2757//3674 2761//3674 2762//3674
f 2757//3675 2762//3675 2760//3675
f 2760//3676 2762//3676 2761//3676
f 2760//3677 2763//3677 2764//3677
f 2760//3678 2764//3678 2765//3678
f 2760//3679 2765//3679 2763//3679
f 2763//3680 2765//3680 2764//3680
f 2763//3681 2766//3681 2767//3681
f 2763//3682 2767//3682 2768//3682
f 2763//3683 2768//3683 2766//3683
f 2766//3684 2768//3684 2767//3684
f 2766//3685 2771//3685 2769//3685
f 2766//3686 2769//3686 2770//3686
f 2766//3687 2770//3687 2771//3687
f 2771//3688 2770//3688 2769//3688
f 2771//3689 2774//3689 2772//3689
f 2771//3690 2772//3690 2773//3690
f 2771//3691 2773//3691 2774//3691
f 2774//3692 2773//3692 2772//3692
f 2774//3693 2777//3693 2775//3693
f 2774//3694 2775//3694 2776//3694
f 2774//3695 2776//3695 2777//3695
f 2777//3696 2776//3696 2775//3696
f 2777//3697 2778//3697 2779//3697
f 2777//3698 2779//3698 2780//3698
f 2777//3699 2780//3699 2778//3699
f 2778//3700 2780//3700 2779//3700
f 2778//3701 2781//3701 2782//3701
f 2778//3702 2782//3702 2783//3702
f 2778//3703 2783//3703 2781//3703
f 2781//3704 2783//3704 2782//3704
f 2781//3705 2784//3705 2785//3705
f 2781//3706 2785//3706 2786//3706
f 2781//3707 2786//3707 2784//3707
f 2784//3708 2786//3708 2785//3708
f 2784//3709 2789//3709 2787//3709
f 2784//3710 2787//3710 2788//3710
f 2784//3711 2788//3711 2789//3711
f 2789//3712 2788//3712 2787//3712
f 2789//3713 2790//3713 2791//3713
f 2789//3714 2791//3714 2792//3714
f 2789//3715 2792//3715 2790//3715
f 2790//3716 2792//3716 2791//3716
f 2790//3717 2795//3717 2793//3717
f 2790//3718 2793//3718 2794//3718
f 2790//3719 2794//3719 2795//3719
f 2795//3720 2794//3720 2793//3720
f 2795//3721 2798//3721 2796//3721
f 2795//3722 2796//3722 2797//3722
f 2795//3723 2797//3723 2798//3723
f 2798//3724 2797//3724 2796//3724
f 2798//3725 2801//3725 2799//3725
f 2798//3726 2799//3726 2800//3726
f 2798//3727 2800//3727 2801//3727
f 2801//3728 2800//3728 2799//3728
f 2801//3729 2804//3729 2802//3729
f 2801//3730 2802//3730 2803//3730
f 2801//3731 2803//3731 2804//3731
f 2804//3732 2803//3732 2802//3732
f 2804//3733 2805//3733 2806//3733
f 2804//3734 2806//3734 2807//3734
f 2804//3735 2807//3735 2805//3735
f 2805//3736 2807//3736 2806//3736
f 2805//3737 2808//3737 2809//3737
f 2805//3738 2809//3738 2810//3738
f 2805//3739 2810//3739 2808//3739
f 2808//3740 2810//3740 2809//3740
f 2808//3741 2811//3741 2812//3741
f 2808//3742 2812//3742 2813//3742
f 2808//3743 2813//3743 2811//3743
f 2811//3744 2813//3744 2812//3744
f 2811//3745 2816//3745 2814//3745
f 2811//3746 2814//3746 2815//3746
f 2811//3747 2815//3747 2816//3747
f 2816//3748 2815//3748 2814//3748
f 2816//3749 2819//3749 2817//3749
f 2816//3750 2817//3750 2818//3750
f 2816//3751 2818//3751 2819//3751
f 2819//3752 2818//3752 2817//3752
f 2819//3753 2820//3753 2821//3753
f 2819//3754 2821//3754 2822//3754
f 2819//3755 2822//3755 2820//3755
f 2820//3756 2822//3756 2821//3756
f 2820//3757 2825//3757 2823//3757
f 2820//3758 2823//3758 2824//3758
f 2820//3759 2824//3759 2825//3759
f 2825//3760 2824//3760 2823//3760
f 2825//3761 2826//3761 2827//3761
f 2825//3762 2827//3762 2828//3762
f 2825//3763 2828//3763 2826//3763
f 2826//3764 2828//3764 2827//3764
f 2826//3765 2831//3765 2829//3765
f 2826//3766 2829//3766 2830//3766
f 2826//3767 2830//3767 2831//3767
f 2831//3768 2830//3768 2829//3768
f 2831//3769 2834//3769 2832//3769
f 2831//3770 2832//3770 2833//3770
f 2831//3771 2833//3771 2834//3771
f 2834//3772 2833//3772 2832//3772
f 2834//3773 2837//3773 2835//3773
f 2834//3774 2835//3774 2836//3774
f 2834//3775 2836//3775 2837//3775
f 2837//3776 2836//3776 2835//3776
f 2837//3777 2840//3777 2838//3777
f 2837//3778 2838//3778 2839//3778
f 2837//3779 2839//3779 2840//3779
f 2840//3780 2839//3780 2838//3780
f 2840//3781 2843//3781 2841//3781
f 2840//3782 2841//3782 2842//3782
f 2840//3783 2842//3783 2843//3783
f 2843//3784 2842//3784 2841//3784
f 2843//3785 2846//3785 2844//3785
f 2843//3786 2844//3786 2845//3786
f 2843//3787 2845//3787 2846//3787
f 2846//3788 2845//3788 2844//3788
f 2846//3789 2849//3789 2847//3789
f 2846//3790 2847//3790 2848//3790
f 2846//3791 2848//3791 2849//3791
f 2849//3792 2848//3792 2847//3792
f 2849//3793 2850//3793 2851//3793
f 2849//3794 2851//3794 2852//3794
f 2849//3795 2852//3795 2850//3795
f 2850//3796 2852//3796 2851//3796
f 2850//3797 2855//3797 2853//3797
f 2850//3798 2853//3798 2854//3798
f 2850//3799 2854//3799 2855//3799
f 2855//3800 2854//3800 2853//3800
f 2855//3801 2856//3801 2857//3801
f 2855//3802 2857//3802 2858//3802
f 2855//3803 2858//3803 2856//3803
f 2856//3804 2858//3804 2857//3804
f 2856//3805 2859//3805 2860//3805
f 2856//3806 2860//3806 2861//3806
f 2856//3807 2861//3807 2859//3807
f 2859//3808 2861//3808 2860//3808
f 2859//3809 2864//3809 2862//3809
f 2859//3810 2862//3810 2863//3810
f 2859//3811 2863//3811 2864//3811
f 2864//3812 2863//3812 2862//3812
f 2864//3813 2867//3813 2865//3813
f 2864//3814 2865//3814 2866//3814
f 2864//3815 2866//3815 2867//3815
f 2867//3816 2866//3816 2865//3816
f 2867//3817 2868//3817 2869//3817
f 2867//3818 2869//3818 2870//3818
f 2867//3819 2870//3819 2868//3819
f 2868//3820 2870//3820 2869//3820
f 2868//3821 2873//3821 2871//3821
f 2868//3822 2871//3822 2872//3822
f 2868//3823 2872//3823 2873//3823
f 2873//3824 2872//3824 2871//3824
f 2873//3825 2874//3825 2875//3825
f 2873//3826 2875//3826 2876//3826
f 2873//3827 2876//3827 2874//3827
f 2874//3828 2876//3828 2875//3828
f 2874//3829 2879//3829 2877//3829
f 2874//3830 2877//3830 2878//3830
f 2874//3831 2878//3831 2879//3831
f 2879//3832 2878//3832 2877//3832
f 2879//3833 2880//3833 2881//3833
f 2879//3834 2881//3834 2882//3834
f 2879//3835 2882//3835 2880//3835
f 2880//3836 2882//3836 2881//3836
f 2880//3837 2883//3837 2884//3837
f 2880//3838 2884//3838 2885//3838
f 2880//3839 2885//3839 2883//3839
f 2883//3840 2885//3840 2884//3840
f 2883//3841 2886//3841 2887//3841
f 2883//3842 2887//3842 2888//3842
f 2883//3843 2888//3843 2886//3843
f 2886//3844 2888//3844 2887//3844
f 2886//3845 2889//3845 2890//3845
f 2886//3846 2890//3846 2891//3846
f 2886//3847 2891//3847 2889//3847
f 2889//3848 2891//3848 2890//3848
f 2889//3849 2892//3849 2893//3849
f 2889//3850 2893//3850 2894//3850
f 2889//3851 2894//3851 2892//3851
f 2892//3852 2894//3852 2893//3852
f 2892//3853 2895//3853 2896//3853
f 2892//3854 2896//3854 2897//3854
f 2892//3855 2897//3855 2895//3855
f 2895//3856 2897//3856 2896//3856
f 2895//3857 2900//3857 2898//3857
f 2895//3858 2898//3858 2899//3858
f 2895//3859 2899//3859 2900//3859
f 2900//3860 2899//3860 2898//3860
f 2900//3861 2903//3861 2901//3861
f 2900//3862 2901//3862 2902//3862
f 2900//3863 2902//3863 2903//3863
f 2903//3864 2902//3864 2901//3864
f 2903//3865 2906//3865 2904//3865
f 2903//3866 2904//3866 2905//3866
f 2903//3867 2905//3867 2906//3867
f 2906//3868 2905//3868 2904//3868
f 2906//3869 2909//3869 2907//3869
f 2906//3870 2907//3870 2908//3870
f 2906//3871 2908//3871 2909//3871
f 2909//3872 2908//3872 2907//3872
f 2909//3873 2912//3873 2910//3873
f 2909//3874 2910//3874 2911//3874
f 2909//3875 2911//3875 2912//3875
f 2912//3876 2911//3876 2910//3876
f 2912//3877 2913//3877 2914//3877
f 2912//3878 2914//3878 2915//3878
f 2912//3879 2915//3879 2913//3879
f 2913//3880 2915//3880 2914//3880
f 2913//3881 2916//3881 2917//3881
f 2913//3882 2917//3882 2918//3882
f 2913//3883 2918//3883 2916//3883
f 2916//3884 2918//3884 2917//3884
f 2916//3885 2919//3885 2920//3885
f 2916//3886 2920//3886 2921//3886
f 2916//3887 2921//3887 2919//3887
f 2919//3888 2921//3888 2920//3888
f 2919//3889 2922//3889 2923//3889
f 2919//3890 2923//3890 2924//3890
f 2919//3891 2924//3891 2922//3891
f 2922//3892 2924//3892 2923//3892
f 2922//3893 2927//3893 2925//3893
f 2922//3894 2925//3894 2926//3894
f 2922//3895 2926//3895 2927//3895
f 2927//3896 2926//3896 2925//3896
f 2927//3897 2928//3897 2929//3897
f 2927//3898 2929//3898 2930//3898
f 2927//3899 2930//3899 2928//3899
f 2928//3900 2930//3900 2929//3900
f 2928//3901 2931//3901 2932//3901
f 2928//3902 2932//3902 2933//3902
f 2928//3903 2933//3903 2931//3903
f 2931//3904 2933//3904 2932//3904
f 2931//3905 2936//3905 2934//3905
f 2931//3906 2934//3906 2935//3906
f 2931//3907 2935//3907 2936//3907
f 2936//3908 2935//3908 2934//3908
f 2936//3909 2939//3909 2937//3909
f 2936//3910 2937//3910 2938//3910
f 2936//3911 2938//3911 2939//3911
f 2939//3912 2938//3912 2937//3912
f 2939//3913 2942//3913 2940//3913
f 2939//3914 2940//3914 2941//3914
f 2939//3915 2941//3915 2942//3915
f 2942//3916 2941//3916 2940//3916
f 2942//3917 2945//3917 2943//3917
f 2942//3918 2943//3918 2944//3918
f 2942//3919 2944//3919 2945//3919
f 2945//3920 2944//3920 2943//3920
f 2945//3921 2946//3921 2947//3921
f 2945//3922 2947//3922 2948//3922
f 2945//3923 2948//3923 2946//3923
f 2946//3924 2948//3924 2947//3924
f 2946//3925 2949//3925 2950//3925
f 2946//3926 2950//3926 2951//3926
f 2946//3927 2951//3927 2949//3927
f 2949//3928 2951//3928 2950//3928
f 2949//3929 2952//3929 2953//3929
f 2949//3930 2953//3930 2954//3930
f 2949//3931 2954//3931 2952//3931
f 2952//3932 2954//3932 2953//3932
f 2952//3933 2955//3933 2956//3933
f 2952//3934 2956//3934 2957//3934
f 2952//3935 2957//3935 2955//3935
f 2955//3936 2957//3936 2956//3936
f 2955//3937 2958//3937 2959//3937
f 2955//3938 2959//3938 2960//3938
f 2955//3939 2960//3939 2958//3939
f 2958//3940 2960//3940 2959//3940
f 2958//3941 2961//3941 2962//3941
f 2958//3942 2962//3942 2963//3942
f 2958//3943 2963//3943 2961//3943
f 2961//3944 2963//3944 2962//3944
f 2961//3945 2966//3945 2964//3945
f 2961//3946 2964//3946 2965//3946
f 2961//3947 2965//3947 2966//3947
f 2966//3948 2965//3948 2964//3948
f 2966//3949 2967//3949 2968//3949
f 2966//3950 2968//3950 2969//3950
f 2966//3951 2969//3951 2967//3951
f 2967//3952 2969//3952 2968//3952
f 2967//3953 2970//3953 2971//3953
f 2967//3954 2971//3954 2972//3954
f 2967//3955 2972//3955 2970//3955
f 2970//3956 2972//3956 2971//3956
f 2973//3957 2974//3957 2975//3957
f 2973//3958 2975//3958 2976//3958
f 2973//3959 2976//3959 2974//3959
f 2974//3960 2976//3960 2975//3960
f 2974//3961 2979//3961 2977//3961
f 2974//3962 2977//3962 2978//3962
f 2974//3963 2978//3963 2979//3963
f 2979//3964 2978//3964 2977//3964
f 2979//3965 2982//3965 2980//3965
f 2979//3966 2980//3966 2981//3966
f 2979//3967 2981//3967 2982//3967
f 2982//3968 2981//3968 2980//3968
f 2982//3969 2983//3969 2984//3969
f 2982//3970 2984//3970 2985//3970
f 2982//3971 2985//3971 2983//3971
f 2983//3972 2985//3972 2984//3972
f 2983//3973 2988//3973 2986//3973
f 2983//3974 2986//3974 2987//3974
f 2983//3975 2987//3975 2988//3975
f 2988//3976 2987//3976 2986//3976
f 2988//3977 2989//3977 2990//3977
f 2988//3978 2990//3978 2991//3978
f 2988//3979 2991//3979 2989//3979
f 2989//3980 2991//3980 2990//3980
f 2989//3981 2994//3981 2992//3981
f 2989//3982 2992//3982 2993//3982
f 2989//3983 2993//3983 2994//3983
f 2994//3984 2993//3984 2992//3984
f 2994//3985 2995//3985 2996//3985
f 2994//3986 2996//3986 2997//3986
f 2994//3987 2997//3987 2995//3987
f 2995//3988 2997//3988 2996//3988
f 2995//3989 2998//3989 2999//3989
f 2995//3990 2999//3990 3000//3990
f 2995//3991 3000//3991 2998//3991
f 2998//3992 3000//3992 2999//3992
f 2998//3993 3001//3993 3002//3993
f 2998//3994 3002//3994 3003//3994
f 2998//3995 3003//3995 3001//3995
f 3001//3996 3003//3996 3002//3996
f 3001//3997 3006//3997 3004//3997
f 3001//3998 3004//3998 3005//3998
f 3001//3999 3005//3999 3006//3999
f 3006//4000 3005//4000 3004//4000
f 3006//4001 3009//4001 3007//4001
f 3006//4002 3007//4002 3008//4002
f 3006//4003 3008//4003 3009//4003
f 3009//4004 3008//4004 3007//4004
f 3009//4005 3012//4005 3010//4005
f 3009//4006 3010//4006 3011//4006
f 3009//4007 3011//4007 3012//4007
f 3012//4008 3011//4008 3010//4008
f 3012//4009 3013//4009 3014//4009
f 3012//4010 3014//4010 3015//4010
f 3012//4011 3015//4011 3013//4011
f 3013//4012 3015//4012 3014//4012
f 3013//4013 3016//4013 3017//4013
f 3013//4014 3017//4014 3018//4014
f 3013//4015 3018//4015 3016//4015
f 3016//4016 3018//4016 3017//4016
f 3016//4017 3021//4017 3019//4017
f 3016//4018 3019//4018 3020//4018
f 3016//4019 3020//4019 3021//4019
f 3021//4020 3020//4020 3019//4020
f 3021//4021 3022//4021 3023//4021
f 3021//4022 3023//4022 3024//4022
f 3021//4023 3024//4023 3022//4023
f 3022//4024 3024//4024 3023//4024
f 3022//4025 3025//4025 3026//4025
f 3022//4026 3026//4026 3027//4026
f 3022//4027 3027//4027 3025//4027
f 3025//4028 3027//4028 3026//4028
f 3025//4029 3028//4029 3029//4029
f 3025//4030 3029//4030 3030//4030
f 3025//4031 3030//4031 3028//4031
f 3028//4032 3030//4032 3029//4032
f 3028//4033 3031//4033 3032//4033
f 3028//4034 3032//4034 3033//4034
f 3028//4035 3033//4035 3031//4035
f 3031//4036 3033//4036 3032//4036
f 3031//4037 3036//4037 3034//4037
f 3031//4038 3034//4038 3035//4038
f 3031//4039 3035//4039 3036//4039
f 3036//4040 3035//4040 3034//4040
f 3036//4041 3039//4041 3037//4041
f 3036//4042 3037//4042 3038//4042
f 3036//4043 3038//4043 3039//4043
f 3039//4044 3038//4044 3037//4044
f 3039//4045 3042//4045 3040//4045
f 3039//4046 3040//4046 3041//4046
f 3039//4047 3041//4047 3042//4047
f 3042//4048 3041//4048 3040//4048
f 3042//4049 3043//4049 3044//4049
f 3042//4050 3044//4050 3045//4050
f 3042//4051 3045//4051 3043//4051
f 3043//4052 3045//4052 3044//4052
f 3043//4053 3048//4053 3046//4053
f 3043//4054 3046//4054 3047//4054
f 3043//4055 3047//4055 3048//4055
f 3048//4056 3047//4056 3046//4056
f 3048//4057 3051//4057 3049//4057
f 3048//4058 3049//4058 3050//4058
f 3048//4059 3050//4059 3051//4059
f 3051//4060 3050//4060 3049//4060
f 3051//4061 3054//4061 3052//4061
f 3051//4062 3052//4062 3053//4062
f 3051//4063 3053//4063 3054//4063
f 3054//4064 3053//4064 3052//4064
f 3054//4065 3055//4065 3056//4065
f 3054//4066 3056//4066 3057//4066
f 3054//4067 3057//4067 3055//4067
f 3055//4068 3057//4068 3056//4068
f 3055//4069 3058//4069 3059//4069
f 3055//4070 3059//4070 3060//4070
f 3055//4071 3060//4071 3058//4071
f 3058//4072 3060//4072 3059//4072
f 3058//4073 3063//4073 3061//4073
f 3058//4074 3061//4074 3062//4074
f 3058//4075 3062//4075 3063//4075
f 3063//4076 3062//4076 3061//4076
f 3063//4077 3064//4077 3065//4077
f 3063//4078 3065//4078 3066//4078
f 3063//4079 3066//4079 3064//4079
f 3064//4080 3066//4080 3065//4080
f 3064//4081 3069//4081 3067//4081
f 3064//4082 3067//4082 3068//4082
f 3064//4083 3068//4083 3069//4083
f 3069//4084 3068//4084 3067//4084
f 3069//4085 3070//4085 3071//4085
f 3069//4086 3071//4086 3072//4086
f 3069//4087 3072//4087 3070//4087
f 3070//4088 3072//4088 3071//4088
f 3070//4089 3073//4089 3074//4089
f 3070//4090 3074//4090 3075//4090
f 3070//4091 3075//4091 3073//4091
f 3073//4092 3075//4092 3074//4092
f 3073//4093 3078//4093 3076//4093
f 3073//4094 3076//4094 3077//4094
f 3073//4095 3077//4095 3078//4095
f 3078//4096 3077//4096 3076//4096
f 3078//4097 3081//4097 3079//4097
f 3078//4098 3079//4098 3080//4098
f 3078//4099 3080//4099 3081//4099
f 3081//4100 3080//4100 3079//4100
f 3081//4101 3082//4101 3083//4101
f 3081//4102 3083//4102 3084//4102
f 3081//4103 3084//4103 3082//4103
f 3082//4104 3084//4104 3083//4104
f 3082//4105 3087//4105 3085//4105
f 3082//4106 3085//4106 3086//4106
f 3082//4107 3086//4107 3087//4107
f 3087//4108 3086//4108 3085//4108
f 3087//4109 3090//4109 3088//4109
f 3087//4110 3088//4110 3089//4110
f 3087//4111 3089//4111 3090//4111
f 3090//4112 3089//4112 3088//4112
f 3090//4113 3093//4113 3091//4113
f 3090//4114 3091//4114 3092//4114
f 3090//4115 3092//4115 3093//4115
f 3093//4116 3092//4116 3091//4116
f 3093//4117 3094//4117 3095//4117
f 3093//4118 3095//4118 3096//4118
f 3093//4119 3096//4119 3094//4119
f 3094//4120 3096//4120 3095//4120
f 3094//4121 3097//4121 3098//4121
f 3094//4122 3098//4122 3099//4122
f 3094//4123 3099//4123 3097//4123
f 3097//4124 3099//4124 3098//4124
f 3097//4125 3102//4125 3100//4125
f 3097//4126 3100//4126 3101//4126
f 3097//4127 3101//4127 3102//4127
f 3102//4128 3101//4128 3100//4128
f 3102//4129 3105//4129 3103//4129
f 3102//4130 3103//4130 3104//4130
f 3102//4131 3104//4131 3105//4131
f 3105//4132 3104//4132 3103//4132
f 3105//4133 3108//4133 3106//4133
f 3105//4134 3106//4134 3107//4134
f 3105//4135 3107//4135 3108//4135
f 3108//4136 3107//4136 3106//4136
f 3108//4137 3109//4137 3110//4137
f 3108//4138 3110//4138 3111//4138
f 3108//4139 3111//4139 3109//4139
f 3109//4140 3111//4140 3110//4140
f 3109//4141 3114//4141 3112//4141
f 3109//4142 3112//4142 3113//4142
f 3109//4143 3113//4143 3114//4143
f 3114//4144 3113//4144 3112//4144
f 3114//4145 3115//4145 3116//4145
f 3114//4146 3116//4146 3117//4146
f 3114//4147 3117//4147 3115//4147
f 3115//4148 3117//4148 3116//4148
f 3115//4149 3120//4149 3118//4149
f 3115//4150 3118//4150 3119//4150
f 3115//4151 3119//4151 3120//4151
f 3120//4152 3119//4152 3118//4152
f 3120//4153 3121//4153 3122//4153
f 3120//4154 3122//4154 3123//4154
f 3120//4155 3123//4155 3121//4155
f 3121//4156 3123//4156 3122//4156
f 3121//4157 3124//4157 3125//4157
f 3121//4158 3125//4158 3126//4158
f 3121//4159 3126//4159 3124//4159
f 3124//4160 3126//4160 3125//4160
f 3124//4161 3129//4161 3127//4161
f 3124//4162 3127//4162 3128//4162
f 3124//4163 3128//4163 3129//4163
f 3129//4164 3128//4164 3127//4164
f 3129//4165 3130//4165 3131//4165
f 3129//4166 3131//4166 3132//4166
f 3129//4167 3132//4167 3130//4167
f 3130//4168 3132//4168 3131//4168
f 3130//4169 3135//4169 3133//4169
f 3130//4170 3133//4170 3134//4170
f 3130//4171 3134//4171 3135//4171
f 3135//4172 3134//4172 3133//4172
f 3135//4173 3136//4173 3137//4173
f 3135//4174 3137//4174 3138//4174
f 3135//4175 3138//4175 3136//4175
f 3136//4176 3138//4176 3137//4176
f 3136//4177 3141//4177 3139//4177
f 3136//4178 3139//4178 3140//4178
f 3136//4179 3140//4179 3141//4179
f 3141//4180 3140//4180 3139//4180
f 3141//4181 3144//4181 3142//4181
f 3141//4182 3142//4182 3143//4182
f 3141//4183 3143//4183 3144//4183
f 3144//4184 3143//4184 3142//4184
f 3144//4185 3145//4185 3146//4185
f 3144//4186 3146//4186 3147//4186
f 3144//4187 3147//4187 3145//4187
f 3145//4188 3147//4188 3146//4188
f 3145//4189 3150//4189 3148//4189
f 3145//4190 3148//4190 3149//4190
f 3145//4191 3149//4191 3150//4191
f 3150//4192 3149//4192 3148//4192
f 3150//4193 3151//4193 3152//4193
f 3150//4194 3152//4194 3153//4194
f 3150//4195 3153//4195 3151//4195
f 3151//4196 3153//4196 3152//4196
f 3151//4197 3156//4197 3154//4197
f 3151//4198 3154//4198 3155//4198
f 3151//4199 3155//4199 3156//4199
f 3156//4200 3155//4200 3154//4200
f 3156//4201 3159//4201 3157//4201
f 3156//4202 3157//4202 3158//4202
f 3156//4203 3158//4203 3159//4203
f 3159//4204 3158//4204 3157//4204
f 3159//4205 3160//4205 3161//4205
f 3159//4206 3161//4206 3162//4206
f 3159//4207 3162//4207 3160//4207
f 3160//4208 3162//4208 3161//4208
f 3160//4209 3165//4209 3163//4209
f 3160//4210 3163//4210 3164//4210
f 3160//4211 3164//4211 3165//4211
f 3165//4212 3164//4212 3163//4212
f 3165//4213 3168//4213 3166//4213
f 3165//4214 3166//4214 3167//4214
f 3165//4215 3167//4215 3168//4215
f 3168//4216 3167//4216 3166//4216
f 3168//4217 3171//4217 3169//4217
f 3168//4218 3169//4218 3170//4218
f 3168//4219 3170//4219 3171//4219
f 3171//4220 3170//4220 3169//4220
f 3171//4221 3172//4221 3173//4221
f 3171//4222 3173//4222 3174//4222
f 3171//4223 3174//4223 3172//4223
f 3172//4224 3174//4224 3173//4224
f 3172//4225 3175//4225 3176//4225
f 3172//4226 3176//4226 3177//4226
f 3172//4227 3177//4227 3175//4227
f 3175//4228 3177//4228 3176//4228
f 3175//4229 3178//4229 3179//4229
f 3175//4230 3179//4230 3180//4230
f 3175//4231 3180//4231 3178//4231
f 3178//4232 3180//4232 3179//4232
f 3178//4233 3181//4233 3182//4233
f 3178//4234 3182//4234 3183//4234
f 3178//4235 3183//4235 3181//4235
f 3181//4236 3183//4236 3182//4236
f 3181//4237 3186//4237 3184//4237
f 3181//4238 3184//4238 3185//4238
f 3181//4239 3185//4239 3186//4239
f 3186//4240 3185//4240 3184//4240
f 3186//4241 3187//4241 3188//4241
f 3186//4242 3188//4242 3189//4242
f 3186//4243 3189//4243 3187//4243
f 3187//4244 3189//4244 3188//4244
f 3187//4245 3192//4245 3190//4245
f 3187//4246 3190//4246 3191//4246
f 3187//4247 3191//4247 3192//4247
f 3192//4248 3191//4248 3190//4248
f 3192//4249 3193//4249 3194//4249
f 3192//4250 3194//4250 3195//4250
f 3192//4251 3195//4251 3193//4251
f 3193//4252 3195//4252 3194//4252
f 3193//4253 3198//4253 3196//4253
f 3193//4254 3196//4254 3197//4254
f 3193//4255 3197//4255 3198//4255
f 3198//4256 3197//4256 3196//4256
f 3198//4257 3199//4257 3200//4257
f 3198//4258 3200//4258 3201//4258
f 3198//4259 3201//4259 3199//4259
f 3199//4260 3201//4260 3200//4260
f 3199//4261 3202//4261 3203//4261
f 3199//4262 3203//4262 3204//4262
f 3199//4263 3204//4263 3202//4263
f 3202//4264 3204//4264 3203//4264
f 3202//4265 3207//4265 3205//4265
f 3202//4266 3205//4266 3206//4266
f 3202//4267 3206//4267 3207//4267
f 3207//4268 3206//4268 3205//4268
f 3207//4269 3208//4269 3209//4269
f 3207//4270 3209//4270 3210//4270
f 3207//4271 3210//4271 3208//4271
f 3208//4272 3210//4272 3209//4272
f 3208//4273 3213//4273 3211//4273
f 3208//4274 3211//4274 3212//4274
f 3208//4275 3212//4275 3213//4275
f 3213//4276 3212//4276 3211//4276
f 3213//4277 3214//4277 3215//4277
f 3213//4278 3215//4278 3216//4278
f 3213//4279 3216//4279 3214//4279
f 3214//4280 3216//4280 3215//4280
f 3214//4281 3219//4281 3217//4281
f 3214//4282 3217//4282 3218//4282
f 3214//4283 3218//4283 3219//4283
f 3219//4284 3218//4284 3217//4284
f 3219//4285 3220//4285 3221//4285
f 3219//4286 3221//4286 3222//4286
f 3219//4287 3222//4287 3220//4287
f 3220//4288 3222//4288 3221//4288
f 3220//4289 3223//4289 3224//4289
f 3220//4290 3224//4290 3225//4290
f 3220//4291 3225//4291 3223//4291
f 3223//4292 3225//4292 3224//4292
f 3223//4293 3226//4293 3227//4293
f 3223//4294 3227//4294 3228//4294
f 3223//4295 3228//4295 3226//4295
f 3226//4296 3228//4296 3227//4296
f 3226//4297 3231//4297 3229//4297
f 3226//4298 3229//4298 3230//4298
f 3226//4299 3230//4299 3231//4299
f 3231//4300 3230//4300 3229//4300
f 3231//4301 3232//4301 3233//4301
f 3231//4302 3233//4302 3234//4302
f 3231//4303 3234//4303 3232//4303
f 3232//4304 3234//4304 3233//4304
f 3232//4305 3235//4305 3236//4305
f 3232//4306 3236//4306 3237//4306
f 3232//4307 3237//4307 3235//4307
f 3235//4308 3237//4308 3236//4308
f 3235//4309 3238//4309 3239//4309
f 3235//4310 3239//4310 3240//4310
f 3235//4311 3240//4311 3238//4311
f 3238//4312 3240//4312 3239//4312
f 3238//4313 3243//4313 3241//4313
f 3238//4314 3241//4314 3242//4314
f 3238//4315 3242//4315 3243//4315
f 3243//4316 3242//4316 3241//4316
f 3243//4317 3246//4317 3244//4317
f 3243//4318 3244//4318 3245//4318
f 3243//4319 3245//4319 3246//4319
f 3246//4320 3245//4320 3244//4320
f 3246//4321 3249//4321 3247//4321
f 3246//4322 3247//4322 3248//4322
f 3246//4323 3248//4323 3249//4323
f 3249//4324 3248//4324 3247//4324
f 3249//4325 3252//4325 3250//4325
f 3249//4326 3250//4326 3251//4326
f 3249//4327 3251//4327 3252//4327
f 3252//4328 3251//4328 3250//4328
f 3252//4329 3255//4329 3253//4329
f 3252//4330 3253//4330 3254//4330
f 3252//4331 3254//4331 3255//4331
f 3255//4332 3254//4332 3253//4332
f 3255//4333 3258//4333 3256//4333
f 3255//4334 3256//4334 3257//4334
f 3255//4335 3257//4335 3258//4335
f 3258//4336 3257//4336 3256//4336
f 3258//4337 3261//4337 3259//4337
f 3258//4338 3259//4338 3260//4338
f 3258//4339 3260//4339 3261//4339
f 3261//4340 3260//4340 3259//4340
f 3261//4341 3262//4341 3263//4341
f 3261//4342 3263//4342 3264//4342
f 3261//4343 3264//4343 3262//4343
f 3262//4344 3264//4344 3263//4344
f 3262//4345 3267//4345 3265//4345
f 3262//4346 3265//4346 3266//4346
f 3262//4347 3266//4347 3267//4347
f 3267//4348 3266//4348 3265//4348
f 3267//4349 3268//4349 3269//4349
f 3267//4350 3269//4350 3270//4350
f 3267//4351 3270//4351 3268//4351
f 3268//4352 3270//4352 3269//4352
f 3268//4353 3271//4353 3272//4353
f 3268//4354 3272//4354 3273//4354
f 3268//4355 3273//4355 3271//4355
f 3271//4356 3273//4356 3272//4356
f 3271//4357 3276//4357 3274//4357
f 3271//4358 3274//4358 3275//4358
f 3271//4359 3275//4359 3276//4359
f 3276//4360 3275//4360 3274//4360
f 3276//4361 3279//4361 3277//4361
f 3276//4362 3277//4362 3278//4362
f 3276//4363 3278//4363 3279//4363
f 3279//4364 3278//4364 3277//4364
f 3279//4365 3282//4365 3280//4365
f 3279//4366 3280//4366 3281//4366
f 3279//4367 3281//4367 3282//4367
f 3282//4368 3281//4368 3280//4368
f 3282//4369 3285//4369 3283//4369
f 3282//4370 3283//4370 3284//4370
f 3282//4371 3284//4371 3285//4371
f 3285//4372 3284//4372 3283//4372
f 3285//4373 3286//4373 3287//4373
f 3285//4374 3287//4374 3288//4374
f 3285//4375 3288//4375 3286//4375
f 3286//4376 3288//4376 3287//4376
f 3286//4377 3289//4377 3290//4377
f 3286//4378 3290//4378 3291//4378
f 3286//4379 3291//4379 3289//4379
f 3289//4380 3291//4380 3290//4380
f 3289//4381 3292//4381 3293//4381
f 3289//4382 3293//4382 3294//4382
f 3289//4383 3294//4383 3292//4383
f 3292//4384 3294//4384 3293//4384
f 3292//4385 3297//4385 3295//4385
f 3292//4386 3295//4386 3296//4386
f 3292//4387 3296//4387 3297//4387
f 3297//4388 3296//4388 3295//4388
f 3297//4389 3298//4389 3299//4389
f 3297//4390 3299//4390 3300//4390
f 3297//4391 3300//4391 3298//4391
f 3298//4392 3300//4392 3299//4392
f 3298//4393 3301//4393 3302//4393
f 3298//4394 3302//4394 3303//4394
f 3298//4395 3303//4395 3301//4395
f 3301//4396 3303//4396 3302//4396
f 3301//4397 3304//4397 3305//4397
f 3301//4398 3305//4398 3306//4398
f 3301//4399 3306//4399 3304//4399
f 3304//4400 3306//4400 3305//4400
f 3304//4401 3307//4401 3308//4401
f 3304//4402 3308//4402 3309//4402
f 3304//4403 3309//4403 3307//4403
f 3307//4404 3309//4404 3308//4404
f 3307//4405 3312//4405 3310//4405
f 3307//4406 3310//4406 3311//4406
f 3307//4407 3311//4407 3312//4407
f 3312//4408 3311//4408 3310//4408
f 3312//4409 3313//4409 3314//4409
f 3312//4410 3314//4410 3315//4410
f 3312//4411 3315//4411 3313//4411
f 3313//4412 3315//4412 3314//4412
f 3313//4413 3318//4413 3316//4413
f 3313//4414 3316//4414 3317//4414
f 3313//4415 3317//4415 3318//4415
f 3318//4416 3317//4416 3316//4416
f 3318//4417 3319//4417 3320//4417
f 3318//4418 3320//4418 3321//4418
f 3318//4419 3321//4419 3319//4419
f 3319//4420 3321//4420 3320//4420
f 3319//4421 3324//4421 3322//4421
f 3319//4422 3322//4422 3323//4422
f 3319//4423 3323//4423 3324//4423
f 3324//4424 3323//4424 3322//4424
f 3324//4425 3327//4425 3325//4425
f 3324//4426 3325//4426 3326//4426
f 3324//4427 3326//4427 3327//4427
f 3327//4428 3326//4428 3325//4428
f 3327//4429 3330//4429 3328//4429
f 3327//4430 3328//4430 3329//4430
f 3327//4431 3329//4431 3330//4431
f 3330//4432 3329//4432 3328//4432
f 3330//4433 3331//4433 3332//4433
f 3330//4434 3332//4434 3333//4434
f 3330//4435 3333//4435 3331//4435
f 3331//4436 3333//4436 3332//4436
f 3331//4437 3334//4437 3335//4437
f 3331//4438 3335//4438 3336//4438
f 3331//4439 3336//4439 3334//4439
f 3334//4440 3336//4440 3335//4440
f 3334//4441 3337//4441 3338//4441
f 3334//4442 3338//4442 3339//4442
f 3334//4443 3339//4443 3337//4443
f 3337//4444 3339//4444 3338//4444
f 3337//4445 3342//4445 3340//4445
f 3337//4446 3340//4446 3341//4446
f 3337//4447 3341//4447 3342//4447
f 3342//4448 3341//4448 3340//4448
f 3342//4449 3343//4449 3344//4449
f 3342//4450 3344//4450 3345//4450
f 3342//4451 3345//4451 3343//4451
f 3343//4452 3345//4452 3344//4452
f 3343//4453 3346//4453 3347//4453
f 3343//4454 3347//4454 3348//4454
f 3343//4455 3348//4455 3346//4455
f 3346//4456 3348//4456 3347//4456
f 3346//4457 3351//4457 3349//4457
f 3346//4458 3349//4458 3350//4458
f 3346//4459 3350//4459 3351//4459
f 3351//4460 3350//4460 3349//4460
f 3351//4461 3352//4461 3353//4461
f 3351//4462 3353//4462 3354//4462
f 3351//4463 3354//4463 3352//4463
f 3352//4464 3354//4464 3353//4464
f 3352//4465 3355//4465 3356//4465
f 3352//4466 3356//4466 3357//4466
f 3352//4467 3357//4467 3355//4467
f 3355//4468 3357//4468 3356//4468
f 3355//4469 3360//4469 3358//4469
f 3355//4470 3358//4470 3359//4470
f 3355//4471 3359//4471 3360//4471
f 3360//4472 3359//4472 3358//4472
f 3360//4473 3361//4473 3362//4473
f 3360//4474 3362//4474 3363//4474
f 3360//4475 3363//4475 3361//4475
f 3361//4476 3363//4476 3362//4476
f 3361//4477 3364//4477 3365//4477
f 3361//4478 3365//4478 3366//4478
f 3361//4479 3366//4479 3364//4479
f 3364//4480 3366//4480 3365//4480
f 3364//4481 3369//4481 3367//4481
f 3364//4482 3367//4482 3368//4482
f 3364//4483 3368//4483 3369//4483
f 3369//4484 3368//4484 3367//4484
f 3369//4485 3370//4485 3371//4485
f 3369//4486 3371//4486 3372//4486
f 3369//4487 3372//4487 3370//4487
f 3370//4488 3372//4488 3371//4488
f 3370//4489 3375//4489 3373//4489
f 3370//4490 3373//4490 3374//4490
f 3370//4491 3374//4491 3375//4491
f 3375//4492 3374//4492 3373//4492
f 3375//4493 3376//4493 3377//4493
f 3375//4494 3377//4494 3378//4494
f 3375//4495 3378//4495 3376//4495
f 3376//4496 3378//4496 3377//4496
f 3376//4497 3379//4497 3380//4497
f 3376//4498 3380//4498 3381//4498
f 3376//4499 3381//4499 3379//4499
f 3379//4500 3381//4500 3380//4500
f 3379//4501 3384//4501 3382//4501
f 3379//4502 3382//4502 3383//4502
f 3379//4503 3383//4503 3384//4503
f 3384//4504 3383//4504 3382//4504
f 3384//4505 3387//4505 3385//4505
f 3384//4506 3385//4506 3386//4506
f 3384//4507 3386//4507 3387//4507
f 3387//4508 3386//4508 3385//4508
f 3387//4509 3388//4509 3389//4509
f 3387//4510 3389//4510 3390//4510
f 3387//4511 3390//4511 3388//4511
f 3388//4512 3390//4512 3389//4512
f 3388//4513 3393//4513 3391//4513
f 3388//4514 3391//4514 3392//4514
f 3388//4515 3392//4515 3393//4515
f 3393//4516 3392//4516 3391//4516
f 3393//4517 3396//4517 3394//4517
f 3393//4518 3394//4518 3395//4518
f 3393//4519 3395//4519 3396//4519
f 3396//4520 3395//4520 3394//4520
f 3396//4521 3399//4521 3397//4521
f 3396//4522 3397//4522 3398//4522
f 3396//4523 3398//4523 3399//4523
f 3399//4524 3398//4524 3397//4524
f 3399//4525 3400//4525 3401//4525
f 3399//4526 3401//4526 3402//4526
f 3399//4527 3402//4527 3400//4527
f 3400//4528 3402//4528 3401//4528
f 3400//4529 3405//4529 3403//4529
f 3400//4530 3403//4530 3404//4530
f 3400//4531 3404//4531 3405//4531
f 3405//4532 3404//4532 3403//4532
f 3405//4533 3408//4533 3406//4533
f 3405//4534 3406//4534 3407//4534
f 3405//4535 3407//4535 3408//4535
f 3408//4536 3407//4536 3406//4536
f 3408//4537 3411//4537 3409//4537
f 3408//4538 3409//4538 3410//4538
f 3408//4539 3410//4539 3411//4539
f 3411//4540 3410//4540 3409//4540
f 3411//4541 3412//4541 3413//4541
f 3411//4542 3413//4542 3414//4542
f 3411//4543 3414//4543 3412//4543
f 3412//4544 3414//4544 3413//4544
f 3412//4545 3415//4545 3416//4545
f 3412//4546 3416//4546 3417//4546
f 3412//4547 3417//4547 3415//4547
f 3415//4548 3417//4548 3416//4548
f 3415//4549 3420//4549 3418//4549
f 3415//4550 3418//4550 3419//4550
f 3415//4551 3419//4551 3420//4551
f 3420//4552 3419//4552 3418//4552
f 3420//4553 3423//4553 3421//4553
f 3420//4554 3421//4554 3422//4554
f 3420//4555 3422//4555 3423//4555
f 3423//4556 3422//4556 3421//4556
f 3423//4557 3426//4557 3424//4557
f 3423//4558 3424//4558 3425//4558
f 3423//4559 3425//4559 3426//4559
f 3426//4560 3425//4560 3424//4560
f 3426//4561 3427//4561 3428//4561
f 3426//4562 3428//4562 3429//4562
f 3426//4563 3429//4563 3427//4563
f 3427//4564 3429//4564 3428//4564
f 3427//4565 3432//4565 3430//4565
f 3427//4566 3430//4566 3431//4566
f 3427//4567 3431//4567 3432//4567
f 3432//4568 3431//4568 3430//4568
f 3432//4569 3435//4569 3433//4569
f 3432//4570 3433//4570 3434//4570
f 3432//4571 3434//4571 3435//4571
f 3435//4572 3434//4572 3433//4572
f 3435//4573 3438//4573 3436//4573
f 3435//4574 3436//4574 3437//4574
f 3435//4575 3437//4575 3438//4575
f 3438//4576 3437//4576 3436//4576
f 3438//4577 3441//4577 3439//4577
f 3438//4578 3439//4578 3440//4578
f 3438//4579 3440//4579 3441//4579
f 3441//4580 3440//4580 3439//4580
f 3441//4581 3442//4581 3443//4581
f 3441//4582 3443//4582 3444//4582
f 3441//4583 3444//4583 3442//4583
f 3442//4584 3444//4584 3443//4584
f 3442//4585 3445//4585 3446//4585
f 3442//4586 3446//4586 3447//4586
f 3442//4587 3447//4587 3445//4587
f 3445//4588 3447//4588 3446//4588
f 3445//4589 3448//4589 3449//4589
f 3445//4590 3449//4590 3450//4590
f 3445//4591 3450//4591 3448//4591
f 3448//4592 3450//4592 3449//4592
f 3448//4593 3451//4593 3452//4593
f 3448//4594 3452//4594 3453//4594
f 3448//4595 3453//4595 3451//4595
f 3451//4596 3453//4596 3452//4596
f 3451//4597 3456//4597 3454//4597
f 3451//4598 3454//4598 3455//4598
f 3451//4599 3455//4599 3456//4599
f 3456//4600 3455//4600 3454//4600
f 3456//4601 3459//4601 3457//4601
f 3456//4602 3457//4602 3458//4602
f 3456//4603 3458//4603 3459//4603
f 3459//4604 3458//4604 3457//4604
f 3459//4605 3460//4605 3461//4605
f 3459//4606 3461//4606 3462//4606
f 3459//4607 3462//4607 3460//4607
f 3460//4608 3462//4608 3461//4608
f 3460//4609 3465//4609 3463//4609
f 3460//4610 3463//4610 3464//4610
f 3460//4611 3464//4611 3465//4611
f 3465//4612 3464//4612 3463//4612
f 3465//4613 3466//4613 3467//4613
f 3465//4614 3467//4614 3468//4614
f 3465//4615 3468//4615 3466//4615
f 3466//4616 3468//4616 3467//4616
f 3466//4617 3471//4617 3469//4617
f 3466//4618 3469//4618 3470//4618
f 3466//4619 3470//4619 3471//4619
f 3471//4620 3470//4620 3469//4620
f 3471//4621 3474//4621 3472//4621
f 3471//4622 3472//4622 3473//4622
f 3471//4623 3473//4623 3474//4623
f 3474//4624 3473//4624 3472//4624
f 3474//4625 3475//4625 3476//4625
f 3474//4626 3476//4626 3477//4626
f 3474//4627 3477//4627 3475//4627
f 3475//4628 3477//4628 3476//4628
f 3475//4629 3478//4629 3479//4629
f 3475//4630 3479//4630 3480//4630
f 3475//4631 3480//4631 3478//4631
f 3478//4632 3480//4632 3479//4632
f 3478//4633 3481//4633 3482//4633
f 3478//4634 3482//4634 3483//4634
f 3478//4635 3483//4635 3481//4635
f 3481//4636 3483//4636 3482//4636
f 3481//4637 3484//4637 3485//4637
f 3481//4638 3485//4638 3486//4638
f 3481//4639 3486//4639 3484//4639
f 3484//4640 3486//4640 3485//4640
f 3484//4641 3487//4641 3488//4641
f 3484//4642 3488//4642 3489//4642
f 3484//4643 3489//4643 3487//4643
f 3487//4644 3489//4644 3488//4644
f 3487//4645 3490//4645 3491//4645
f 3487//4646 3491//4646 3492//4646
f 3487//4647 3492//4647 3490//4647
f 3490//4648 3492//4648 3491//4648
f 3490//4649 3495//4649 3493//4649
f 3490//4650 3493//4650 3494//4650
f 3490//4651 3494//4651 3495//4651
f 3495//4652 3494//4652 3493//4652
f 3495//4653 3498//4653 3496//4653
f 3495//4654 3496//4654 3497//4654
f 3495//4655 3497//4655 3498//4655
f 3498//4656 3497//4656 3496//4656
f 3498//4657 3501//4657 3499//4657
f 3498//4658 3499//4658 3500//4658
f 3498//4659 3500//4659 3501//4659
f 3501//4660 3500//4660 3499//4660
f 3501//4661 3504//4661 3502//4661
f 3501//4662 3502//4662 3503//4662
f 3501//4663 3503//4663 3504//4663
f 3504//4664 3503//4664 3502//4664
f 3504//4665 3507//4665 3505//4665
f 3504//4666 3505//4666 3506//4666
f 3504//4667 3506//4667 3507//4667
f 3507//4668 3506//4668 3505//4668
f 3507//4669 3508//4669 3509//4669
f 3507//4670 3509//4670 3510//4670
f 3507//4671 3510//4671 3508//4671
f 3508//4672 3510//4672 3509//4672
f 3508//4673 3511//4673 3512//4673
f 3508//4674 3512//4674 3513//4674
f 3508//4675 3513//4675 3511//4675
f 3511//4676 3513//4676 3512//4676
f 3511//4677 3516//4677 3514//4677
f 3511//4678 3514//4678 3515//4678
f 3511//4679 3515//4679 3516//4679
f 3516//4680 3515//4680 3514//4680
f 3516//4681 3519//4681 3517//4681
f 3516//4682 3517//4682 3518//4682
f 3516//4683 3518//4683 3519//4683
f 3519//4684 3518//4684 3517//4684
f 3519//4685 3520//4685 3521//4685
f 3519//4686 3521//4686 3522//4686
f 3519//4687 3522//4687 3520//4687
f 3520//4688 3522//4688 3521//4688
f 3520//4689 3523//4689 3524//4689
f 3520//4690 3524//4690 3525//4690
f 3520//4691 3525//4691 3523//4691
f 3523//4692 3525//4692 3524//4692
f 3523//4693 3526//4693 3527//4693
f 3523//4694 3527//4694 3528//4694
f 3523//4695 3528//4695 3526//4695
f 3526//4696 3528//4696 3527//4696
f 3526//4697 3531//4697 3529//4697
f 3526//4698 3529//4698 3530//4698
f 3526//4699 3530//4699 3531//4699
f 3531//4700 3530//4700 3529//4700
f 3531//4701 3532//4701 3533//4701
f 3531//4702 3533//4702 3534//4702
f 3531//4703 3534//4703 3532//4703
f 3532//4704 3534//4704 3533//4704
f 3532//4705 3535//4705 3536//4705
f 3532//4706 3536//4706 3537//4706
f 3532//4707 3537//4707 3535//4707
f 3535//4708 3537//4708 3536//4708
f 3535//4709 3540//4709 3538//4709
f 3535//4710 3538//4710 3539//4710
f 3535//4711 3539//4711 3540//4711
f 3540//4712 3539//4712 3538//4712
f 3540//4713 3543//4713 3541//4713
f 3540//4714 3541//4714 3542//4714
f 3540//4715 3542//4715 3543//4715
f 3543//4716 3542//4716 3541//4716
f 3543//4717 3546//4717 3544//4717
f 3543//4718 3544//4718 3545//4718
f 3543//4719 3545//4719 3546//4719
f 3546//4720 3545//4720 3544//4720
f 3546//4721 3547//4721 3548//4721
f 3546//4722 3548//4722 3549//4722
f 3546//4723 3549//4723 3547//4723
f 3547//4724 3549//4724 3548//4724
f 3547//4725 3552//4725 3550//4725
f 3547//4726 3550//4726 3551//4726
f 3547//4727 3551//4727 3552//4727
f 3552//4728 3551//4728 3550//4728
f 3552//4729 3555//4729 3553//4729
f 3552//4730 3553//4730 3554//4730
f 3552//4731 3554//4731 3555//4731
f 3555//4732 3554//4732 3553//4732
f 3555//4733 3556//4733 3557//4733
f 3555//4734 3557//4734 3558//4734
f 3555//4735 3558//4735 3556//4735
f 3556//4736 3558//4736 3557//4736
f 3556//4737 3559//4737 3560//4737
f 3556//4738 3560//4738 3561//4738
f 3556//4739 3561//4739 3559//4739
f 3559//4740 3561//4740 3560//4740
f 3559//4741 3564//4741 3562//4741
f 3559//4742 3562//4742 3563//4742
f 3559//4743 3563//4743 3564//4743
f 3564//4744 3563//4744 3562//4744
f 3564//4745 3565//4745 3566//4745
f 3564//4746 3566//4746 3567//4746
f 3564//4747 3567//4747 3565//4747
f 3565//4748 3567//4748 3566//4748
f 3565//4749 3568//4749 3569//4749
f 3565//4750 3569//4750 3570//4750
f 3565//4751 3570//4751 3568//4751
f 3568//4752 3570//4752 3569//4752
f 3568//4753 3571//4753 3572//4753
f 3568//4754 3572//4754 3573//4754
f 3568//4755 3573//4755 3571//4755
f 3571//4756 3573//4756 3572//4756
f 3571//4757 3576//4757 3574//4757
f 3571//4758 3574//4758 3575//4758
f 3571//4759 3575//4759 3576//4759
f 3576//4760 3575//4760 3574//4760
f 3576//4761 3577//4761 3578//4761
f 3576//4762 3578//4762 3579//4762
f 3576//4763 3579//4763 3577//4763
f 3577//4764 3579//4764 3578//4764
f 3577//4765 3582//4765 3580//4765
f 3577//4766 3580//4766 3581//4766
f 3577//4767 3581//4767 3582//4767
f 3582//4768 3581//4768 3580//4768
f 3582//4769 3583//4769 3584//4769
f 3582//4770 3584//4770 3585//4770
f 3582//4771 3585//4771 3583//4771
f 3583//4772 3585//4772 3584//4772
f 3583//4773 3588//4773 3586//4773
f 3583//4774 3586//4774 3587//4774
f 3583//4775 3587//4775 3588//4775
f 3588//4776 3587//4776 3586//4776
f 3588//4777 3589//4777 3590//4777
f 3588//4778 3590//4778 3591//4778
f 3588//4779 3591//4779 3589//4779
f 3589//4780 3591//4780 3590//4780
f 3589//4781 3592//4781 3593//4781
f 3589//4782 3593//4782 3594//4782
f 3589//4783 3594//4783 3592//4783
f 3592//4784 3594//4784 3593//4784
f 3592//4785 3595//4785 3596//4785
f 3592//4786 3596//4786 3597//4786
f 3592//4787 3597//4787 3595//4787
f 3595//4788 3597//4788 3596//4788
f 3595//4789 3598//4789 3599//4789
f 3595//4790 3599//4790 3600//4790
f 3595//4791 3600//4791 3598//4791
f 3598//4792 3600//4792 3599//4792
f 3598//4793 3601//4793 3602//4793
f 3598//4794 3602//4794 3603//4794
f 3598//4795 3603//4795 3601//4795
f 3601//4796 3603//4796 3602//4796
f 3601//4797 3606//4797 3604//4797
f 3601//4798 3604//4798 3605//4798
f 3601//4799 3605//4799 3606//4799
f 3606//4800 3605//4800 3604//4800
f 3606//4801 3609//4801 3607//4801
f 3606//4802 3607//4802 3608//4802
f 3606//4803 3608//4803 3609//4803
f 3609//4804 3608//4804 3607//4804
f 3609//4805 3612//4805 3610//4805
f 3609//4806 3610//4806 3611//4806
f 3609//4807 3611//4807 3612//4807
f 3612//4808 3611//4808 3610//4808
f 3612//4809 3613//4809 3614//4809
f 3612//4810 3614//4810 3615//4810
f 3612//4811 3615//4811 3613//4811
f 3613//4812 3615//4812 3614//4812
f 3613//4813 3618//4813 3616//4813
f 3613//4814 3616//4814 3617//4814
f 3613//4815 3617//4815 3618//4815
f 3618//4816 3617//4816 3616//4816
f 3618//4817 3619//4817 3620//4817
f 3618//4818 3620//4818 3621//4818
f 3618//4819 3621//4819 3619//4819
f 3619//4820 3621//4820 3620//4820
f 3619//4821 3622//4821 3623//4821
f 3619//4822 3623//4822 3624//4822
f 3619//4823 3624//4823 3622//4823
f 3622//4824 3624//4824 3623//4824
f 3622//4825 3625//4825 3626//4825
f 3622//4826 3626//4826 3627//4826
f 3622//4827 3627//4827 3625//4827
f 3625//4828 3627//4828 3626//4828
f 3625//4829 3628//4829 3629//4829
f 3625//4830 3629//4830 3630//4830
f 3625//4831 3630//4831 3628//4831
f 3628//4832 3630//4832 3629//4832
f 3628//4833 3633//4833 3631//4833
f 3628//4834 3631//4834 3632//4834
f 3628//4835 3632//4835 3633//4835
f 3633//4836 3632//4836 3631//4836
f 3633//4837 3634//4837 3635//4837
f 3633//4838 3635//4838 3636//4838
f 3633//4839 3636//4839 3634//4839
f 3634//4840 3636//4840 3635//4840
f 3634//4841 3639//4841 3637//4841
f 3634//4842 3637//4842 3638//4842
f 3634//4843 3638//4843 3639//4843
f 3639//4844 3638//4844 3637//4844
f 3639//4845 3642//4845 3640//4845
f 3639//4846 3640//4846 3641//4846
f 3639//4847 3641//4847 3642//4847
f 3642//4848 3641//4848 3640//4848
f 3642//4849 3645//4849 3643//4849
f 3642//4850 3643//4850 3644//4850
f 3642//4851 3644//4851 3645//4851
f 3645//4852 3644//4852 3643//4852
f 3645//4853 3646//4853 3647//4853
f 3645//4854 3647//4854 3648//4854
f 3645//4855 3648//4855 3646//4855
f 3646//4856 3648//4856 3647//4856
f 3646//4857 3651//4857 3649//4857
f 3646//4858 3649//4858 3650//4858
f 3646//4859 3650//4859 3651//4859
f 3651//4860 3650//4860 3649//4860
f 3651//4861 3654//4861 3652//4861
f 3651//4862 3652//4862 3653//4862
f 3651//4863 3653//4863 3654//4863
f 3654//4864 3653//4864 3652//4864
f 3654//4865 3657//4865 3655//4865
f 3654//4866 3655//4866 3656//4866
f 3654//4867 3656//4867 3657//4867
f 3657//4868 3656//4868 3655//4868
f 3657//4869 3660//4869 3658//4869
f 3657//4870 3658//4870 3659//4870
f 3657//4871 3659//4871 3660//4871
f 3660//4872 3659//4872 3658//4872
f 3660//4873 3663//4873 3661//4873
f 3660//4874 3661//4874 3662//4874
f 3660//4875 3662//4875 3663//4875
f 3663//4876 3662//4876 3661//4876
f 3663//4877 3664//4877 3665//4877
f 3663//4878 3665//4878 3666//4878
f 3663//4879 3666//4879 3664//4879
f 3664//4880 3666//4880 3665//4880
f 3664//4881 3669//4881 3667//4881
f 3664//4882 3667//4882 3668//4882
f 3664//4883 3668//4883 3669//4883
f 3669//4884 3668//4884 3667//4884
f 3669//4885 3670//4885 3671//4885
f 3669//4886 3671//4886 3672//4886
f 3669//4887 3672//4887 3670//4887
f 3670//4888 3672//4888 3671//4888
f 3670//4889 3673//4889 3674//4889
f 3670//4890 3674//4890 3675//4890
f 3670//4891 3675//4891 3673//4891
f 3673//4892 3675//4892 3674//4892
f 3673//4893 3678//4893 3676//4893
f 3673//4894 3676//4894 3677//4894
f 3673//4895 3677//4895 3678//4895
f 3678//4896 3677//4896 3676//4896
f 3678//4897 3679//4897 3680//4897
f 3678//4898 3680//4898 3681//4898
f 3678//4899 3681//4899 3679//4899
f 3679//4900 3681//4900 3680//4900
f 3679//4901 3684//4901 3682//4901
f 3679//4902 3682//4902 3683//4902
f 3679//4903 3683//4903 3684//4903
f 3684//4904 3683//4904 3682//4904
f 3684//4905 3687//4905 3685//4905
f 3684//4906 3685//4906 3686//4906
f 3684//4907 3686//4907 3687//4907
f 3687//4908 3686//4908 3685//4908
f 3687//4909 3690//4909 3688//4909
f 3687//4910 3688//4910 3689//4910
f 3687//4911 3689//4911 3690//4911
f 3690//4912 3689//4912 3688//4912
f 3690//4913 3693//4913 3691//4913
f 3690//4914 3691//4914 3692//4914
f 3690//4915 3692//4915 3693//4915
f 3693//4916 3692//4916 3691//4916
f 3693//4917 3694//4917 3695//4917
f 3693//4918 3695//4918 3696//4918
f 3693//4919 3696//4919 3694//4919
f 3694//4920 3696//4920 3695//4920
f 3694//4921 3699//4921 3697//4921
f 3694//4922 3697//4922 3698//4922
f 3694//4923 3698//4923 3699//4923
f 3699//4924 3698//4924 3697//4924
f 3699//4925 3700//4925 3701//4925
f 3699//4926 3701//4926 3702//4926
f 3699//4927 3702//4927 3700//4927
f 3700//4928 3702//4928 3701//4928
f 3700//4929 3703//4929 3704//4929
f 3700//4930 3704//4930 3705//4930
f 3700//4931 3705//4931 3703//4931
f 3703//4932 3705//4932 3704//4932
f 3703//4933 3706//4933 3707//4933
f 3703//4934 3707//4934 3708//4934
f 3703//4935 3708//4935 3706//4935
f 3706//4936 3708//4936 3707//4936
f 3706//4937 3711//4937 3709//4937
f 3706//4938 3709//4938 3710//4938
f 3706//4939 3710//4939 3711//4939
f 3711//4940 3710//4940 3709//4940
f 3711//4941 3714//4941 3712//4941
f 3711//4942 3712//4942 3713//4942
f 3711//4943 3713//4943 3714//4943
f 3714//4944 3713//4944 3712//4944
f 3714//4945 3717//4945 3715//4945
f 3714//4946 3715//4946 3716//4946
f 3714//4947 3716//4947 3717//4947
f 3717//4948 3716//4948 3715//4948
f 3717//4949 3720//4949 3718//4949
f 3717//4950 3718//4950 3719//4950
f 3717//4951 3719//4951 3720//4951
f 3720//4952 3719//4952 3718//4952
f 3720//4953 3723//4953 3721//4953
f 3720//4954 3721//4954 3722//4954
f 3720//4955 3722//4955 3723//4955
f 3723//4956 3722//4956 3721//4956
f 3723//4957 3726//4957 3724//4957
f 3723//4958 3724//4958 3725//4958
f 3723//4959 3725//4959 3726//4959
f 3726//4960 3725//4960 3724//4960
f 3726//4961 3727//4961 3728//4961
f 3726//4962 3728//4962 3729//4962
f 3726//4963 3729//4963 3727//4963
f 3727//4964 3729//4964 3728//4964
f 3727//4965 3732//4965 3730//4965
f 3727//4966 3730//4966 3731//4966
f 3727//4967 3731//4967 3732//4967
f 3732//4968 3731//4968 3730//4968
f 3732//4969 3735//4969 3733//4969
f 3732//4970 3733//4970 3734//4970
f 3732//4971 3734//4971 3735//4971
f 3735//4972 3734//4972 3733//4972
f 3735//4973 3736//4973 3737//4973
f 3735//4974 3737//4974 3738//4974
f 3735//4975 3738//4975 3736//4975
f 3736//4976 3738//4976 3737//4976
f 3736//4977 3741//4977 3739//4977
f 3736//4978 3739//4978 3740//4978
f 3736//4979 3740//4979 3741//4979
f 3741//4980 3740//4980 3739//4980
f 3741//4981 3744//4981 3742//4981
f 3741//4982 3742//4982 3743//4982
f 3741//4983 3743//4983 3744//4983
f 3744//4984 3743//4984 3742//4984
f 3744//4985 3747//4985 3745//4985
f 3744//4986 3745//4986 3746//4986
f 3744//4987 3746//4987 3747//4987
f 3747//4988 3746//4988 3745//4988
f 3747//4989 3748//4989 3749//4989
f 3747//4990 3749//4990 3750//4990
f 3747//4991 3750//4991 3748//4991
f 3748//4992 3750//4992 3749//4992
f 3748//4993 3753//4993 3751//4993
f 3748//4994 3751//4994 3752//4994
f 3748//4995 3752//4995 3753//4995
f 3753//4996 3752//4996 3751//4996
f 3753//4997 3754//4997 3755//4997
f 3753//4998 3755//4998 3756//4998
f 3753//4999 3756//4999 3754//4999
f 3754//5000 3756//5000 3755//5000
f 3754//5001 3757//5001 3758//5001
f 3754//5002 3758//5002 3759//5002
f 3754//5003 3759//5003 3757//5003
f 3757//5004 3759//5004 3758//5004
f 3757//5005 3762//5005 3760//5005
f 3757//5006 3760//5006 3761//5006
f 3757//5007 3761//5007 3762//5007
f 3762//5008 3761//5008 3760//5008
f 3762//5009 3765//5009 3763//5009
f 3762//5010 3763//5010 3764//5010
f 3762//5011 3764//5011 3765//5011
f 3765//5012 3764//5012 3763//5012
f 3765//5013 3768//5013 3766//5013
f 3765//5014 3766//5014 3767//5014
f 3765//5015 3767//5015 3768//5015
f 3768//5016 3767//5016 3766//5016
f 3768//5017 3769//5017 3770//5017
f 3768//5018 3770//5018 3771//5018
f 3768//5019 3771//5019 3769//5019
f 3769//5020 3771//5020 3770//5020
f 3769//5021 3772//5021 3773//5021
f 3769//5022 3773//5022 3774//5022
f 3769//5023 3774//5023 3772//5023
f 3772//5024 3774//5024 3773//5024
f 3772//5025 3777//5025 3775//5025
f 3772//5026 3775//5026 3776//5026
f 3772//5027 3776//5027 3777//5027
f 3777//5028 3776//5028 3775//5028
f 3777//5029 3780//5029 3778//5029
f 3777//5030 3778//5030 3779//5030
f 3777//5031 3779//5031 3780//5031
f 3780//5032 3779//5032 3778//5032
f 3780//5033 3783//5033 3781//5033
f 3780//5034 3781//5034 3782//5034
f 3780//5035 3782//5035 3783//5035
f 3783//5036 3782//5036 3781//5036
f 3783//5037 3786//5037 3784//5037
f 3783//5038 3784//5038 3785//5038
f 3783//5039 3785//5039 3786//5039
f 3786//5040 3785//5040 3784//5040
f 3786//5041 3789//5041 3787//5041
f 3786//5042 3787//5042 3788//5042
f 3786//5043 3788//5043 3789//5043
f 3789//5044 3788//5044 3787//5044
f 3789//5045 3790//5045 3791//5045
f 3789//5046 3791//5046 3792//5046
f 3789//5047 3792//5047 3790//5047
f 3790//5048 3792//5048 3791//5048
f 3790//5049 3793//5049 3794//5049
f 3790//5050 3794//5050 3795//5050
f 3790//5051 3795//5051 3793//5051
f 3793//5052 3795//5052 3794//5052
f 3793//5053 3796//5053 3797//5053
f 3793//5054 3797//5054 3798//5054
f 3793//5055 3798//5055 3796//5055
f 3796//5056 3798//5056 3797//5056
f 3796//5057 3799//5057 3800//5057
f 3796//5058 3800//5058 3801//5058
f 3796//5059 3801//5059 3799//5059
f 3799//5060 3801//5060 3800//5060
f 3799//5061 3802//5061 3803//5061
f 3799//5062 3803//5062 3804//5062
f 3799//5063 3804//5063 3802//5063
f 3802//5064 3804//5064 3803//5064
f 3802//5065 3807//5065 3805//5065
f 3802//5066 3805//5066 3806//5066
f 3802//5067 3806//5067 3807//5067
f 3807//5068 3806//5068 3805//5068
f 3807//5069 3810//5069 3808//5069
f 3807//5070 3808//5070 3809//5070
f 3807//5071 3809//5071 3810//5071
f 3810//5072 3809//5072 3808//5072
f 3810//5073 3811//5073 3812//5073
f 3810//5074 3812//5074 3813//5074
f 3810//5075 3813//5075 3811//5075
f 3811//5076 3813//5076 3812//5076
f 3811//5077 3814//5077 3815//5077
f 3811//5078 3815//5078 3816//5078
f 3811//5079 3816//5079 3814//5079
f 3814//5080 3816//5080 3815//5080
f 3814//5081 3817//5081 3818//5081
f 3814//5082 3818//5082 3819//5082
f 3814//5083 3819//5083 3817//5083
f 3817//5084 3819//5084 3818//5084
f 3817//5085 3822//5085 3820//5085
f 3817//5086 3820//5086 3821//5086
f 3817//5087 3821//5087 3822//5087
f 3822//5088 3821//5088 3820//5088
f 3822//5089 3825//5089 3823//5089
f 3822//5090 3823//5090 3824//5090
f 3822//5091 3824//5091 3825//5091
f 3825//5092 3824//5092 3823//5092
f 3825//5093 3828//5093 3826//5093
f 3825//5094 3826//5094 3827//5094
f 3825//5095 3827//5095 3828//5095
f 3828//5096 3827//5096 3826//5096
f 3828//5097 3831//5097 3829//5097
f 3828//5098 3829//5098 3830//5098
f 3828//5099 3830//5099 3831//5099
f 3831//5100 3830//5100 3829//5100
f 3831//5101 3832//5101 3833//5101
f 3831//5102 3833//5102 3834//5102
f 3831//5103 3834//5103 3832//5103
f 3832//5104 3834//5104 3833//5104
o Tetrahedrons_Chain_B
v 107.120003 270.640015 142.209991
v 109.209999 272.480011 141.259979
v 109.589996 269.570007 141.019989
v 109.660004 270.850006 143.669983
v 109.099998 272.779999 145.829987
v 106.930000 271.109985 144.749985
v 108.080002 273.269989 143.109985
v 106.779999 274.010010 144.489990
v 106.980003 274.040009 147.429977
v 106.459999 271.510010 146.009979
v 107.309998 268.779999 146.739990
v 105.180000 269.179993 144.739990
v 104.669998 269.769989 147.579987
v 108.980003 268.739990 149.159988
v 110.050003 267.709991 146.619980
v 107.940002 266.220001 148.039978
v 106.919998 268.540009 151.259979
v 108.260002 271.109985 150.759979
v 109.750000 268.890015 151.999985
v 105.610001 265.950012 150.759979
v 103.980003 268.339996 151.329987
v 105.589996 267.109985 153.459991
v 105.599998 264.230011 148.369980
v 105.139999 263.059998 151.029984
v 107.809998 264.049988 150.309982
v 110.669998 264.670013 150.689987
v 109.620003 262.040009 151.469986
v 108.889999 264.429993 153.019989
v 106.660004 263.589996 154.749985
v 107.809998 266.279999 155.039978
v 109.360001 263.929993 155.889984
v 104.400002 262.390015 153.299988
v 104.839996 261.739990 156.139984
v 106.690002 260.720001 154.089981
v 109.269997 260.100006 155.369980
v 108.919998 259.670013 152.479980
v 107.540001 257.920013 154.409988
v 110.669998 262.160004 156.939987
v 110.980003 259.320007 157.639984
v 108.419998 260.690002 158.129990
v 106.260002 258.709991 158.419983
v 105.699997 261.559998 158.849991
v 107.339996 260.079987 160.799988
v 107.849998 256.269989 157.949982
v 105.620003 256.950012 156.149979
v 105.059998 256.059998 158.899979
v 109.629997 256.459991 160.289978
v 110.769997 256.170013 157.589981
v 109.370003 253.910019 158.849991
v 107.559998 256.209991 162.369980
v 108.750000 258.839996 161.789978
v 110.349998 256.760010 163.129990
v 106.809998 253.380020 162.019989
v 104.730003 255.460022 162.109985
v 106.209999 254.760010 164.549988
v 108.050003 252.120010 159.659988
v 106.910004 250.450012 161.809982
v 109.379997 251.980011 162.279984
v 111.860001 253.200012 163.299988
v 111.260002 250.380020 163.899979
v 109.680000 252.520020 165.159988
v 107.690002 254.210022 166.539978
v 109.279999 252.250015 168.069992
v 107.199997 251.320023 166.199982
v 107.790001 248.460022 165.819992
v 105.410004 249.660019 164.559982
v 105.500000 249.290009 167.479980
v 109.339996 247.310013 168.039978
v 110.680000 247.990021 165.509979
v 108.820000 245.710022 165.619980
v 109.610001 248.480011 170.729980
v 109.330002 245.570023 170.419983
v 107.040001 247.330017 169.869980
v 104.489998 245.900009 170.209991
v 104.550003 248.500015 168.819992
v 105.000000 248.370010 171.729980
v 102.610001 244.790009 172.179977
v 104.889999 243.180008 171.249985
v 102.650002 243.740021 169.429977
v 100.040001 243.060013 168.229980
v 102.269997 241.140015 168.109985
v 102.370003 243.600021 166.499985
v 98.127998 245.120010 167.349991
v 97.579002 243.530014 169.769989
v 97.439003 242.270020 167.119980
v 97.155998 240.020020 165.239990
v 94.790001 241.580017 166.029984
v 96.093002 239.790009 167.979980
v 96.806000 238.430008 162.789978
v 98.361000 237.340012 165.029984
v 99.442001 239.560013 163.439987
v 96.385002 236.740021 160.409988
v 95.599998 239.570023 160.359985
v 94.077003 237.660019 161.989990
v 96.116997 235.690018 157.669983
v 95.679001 233.910019 159.979980
v 98.392998 234.860016 159.349991
v 95.322998 235.270020 154.869980
v 97.883003 236.580017 155.499985
v 95.346001 237.990021 156.009979
v 94.792000 235.350021 151.969986
v 92.632004 234.650009 153.849991
v 94.849998 232.770020 153.389984
v 96.307999 236.250015 149.619980
v 93.555000 237.200012 150.049988
v 94.042999 234.390015 149.289978
v 98.946999 235.100021 148.989990
v 98.676003 237.070023 151.159988
v 98.375999 237.920013 148.359985
v 98.555000 240.660019 149.429977
v 97.709000 240.220016 146.639984
v 100.500000 239.730011 147.429977
v 102.900002 239.150009 145.809982
v 103.180000 240.010010 148.619980
v 102.269997 241.930008 146.569992
v 103.580002 244.020020 148.169983
v 100.889999 244.480011 147.069992
v 103.220001 244.390015 145.269989
v 102.180000 244.880020 142.559982
v 105.050003 244.320023 142.959991
v 103.900002 246.880020 143.859985
v 106.279999 248.200012 142.719986
v 105.180000 249.120010 145.289978
v 103.699997 249.620010 142.799988
v 101.459999 251.520020 143.009979
v 100.930000 248.630020 142.899979
v 101.900002 250.030014 140.509979
v 101.000000 249.730011 145.309982
v 98.853996 251.530014 144.379990
v 101.220001 252.640015 145.719986
v 101.040001 255.420013 146.669983
v 103.510002 254.460022 145.389984
v 102.769997 253.500015 148.079987
v 104.580002 251.510010 149.279984
v 101.849998 251.850021 150.339981
v 103.879997 253.950012 150.769989
v 106.129997 254.860016 152.429977
v 103.389999 254.870010 153.519989
v 104.150002 256.799988 151.439987
v 108.699997 253.950012 153.529984
v 108.599998 256.320007 151.799988
v 108.139999 253.650009 150.659988
v 109.419998 251.510010 149.089981
v 109.279999 254.240021 148.009979
v 106.830002 252.620010 148.229980
v 109.610001 249.080017 150.749985
v 112.059998 250.500015 149.919983
v 110.470001 249.010010 147.929977
v 107.230003 248.050018 152.129990
v 108.959999 250.020020 153.459991
v 109.910004 247.270020 153.049988
v 104.959999 247.480011 150.339981
v 104.510002 247.780014 153.239990
v 105.930000 245.410019 152.199982
v 105.519997 243.420013 154.329987
v 108.029999 243.430008 152.789978
v 105.519997 242.580017 151.509979
v 104.559998 239.890015 150.799988
v 106.669998 241.170013 149.199982
v 103.910004 242.190018 149.079987
v 102.769997 238.740021 152.839981
v 105.320000 237.410019 152.189987
v 103.110001 237.390015 150.249985
v 101.029999 235.320023 149.889984
v 103.820000 234.760010 149.119980
v 102.209999 236.650009 147.539978
v 98.742996 234.490021 148.239990
v 98.307999 236.160019 150.629990
v 99.115997 233.350021 150.929977
v 97.878998 230.750015 151.549988
v 96.766998 233.220016 152.699982
v 99.369003 232.200012 153.629990
v 101.709999 233.980011 153.449982
v 101.940002 231.370010 154.789978
v 100.400002 233.530014 156.049988
v 100.680000 232.820023 158.889984
v 98.228996 234.150009 157.949982
v 100.760002 235.650009 158.069992
v 101.089996 237.840012 160.009979
v 100.180000 238.420013 157.269989
v 102.959999 237.580017 157.749985
v 100.919998 240.270020 161.659988
v 102.790001 238.120010 162.389984
v 99.894997 237.710022 162.699982
v 100.709999 242.880020 162.999985
v 98.552002 241.970016 161.219986
v 101.160004 242.750015 160.089981
v 100.400002 245.640015 163.989990
v 103.019997 244.310013 164.139984
v 100.830002 243.430008 165.889984
v 99.097000 248.180008 163.259979
v 101.110001 248.120010 165.409988
v 98.472000 246.880020 165.829987
v 98.570999 250.620010 161.699982
v 96.344002 249.190018 162.989990
v 97.712997 248.000015 160.669983
v 100.720001 251.500015 159.899979
v 99.915001 253.200012 162.169983
v 98.114998 252.870010 159.859985
v 98.400002 255.350021 158.299988
v 96.456001 255.210022 160.499985
v 95.971001 253.700012 158.019989
v 94.613998 253.070023 155.489990
v 93.347000 254.900009 157.419983
v 93.555000 252.020020 158.029984
v 95.319000 253.430008 152.649979
v 93.766998 251.080017 153.499985
v 96.608002 251.310013 154.229980
v 98.085999 249.930008 156.369980
v 99.530998 251.600021 154.429977
v 98.363998 249.030014 153.579987
v 97.295998 247.540009 157.899979
v 97.553001 250.140015 159.259979
v 99.957001 248.740021 158.309982
v 102.010002 249.840012 160.109985
v 102.779999 248.810013 157.459991
v 101.919998 246.940018 159.569992
v 103.500000 244.460022 159.699982
v 104.860001 247.070023 159.639984
v 103.480003 246.070023 157.229980
v 104.500000 241.800018 158.939987
v 105.959999 243.410019 160.919983
v 105.949997 244.220016 158.089981
v 105.410004 240.540009 156.429977
v 102.720001 239.970016 157.469986
v 105.080002 238.920013 158.869980
v 106.400002 236.300018 159.209991
v 103.769997 236.800018 160.439987
v 106.169998 238.140015 161.489990
v 107.330002 234.760010 156.879990
v 106.519997 233.360016 159.339981
v 109.010002 234.940018 159.289978
v 110.750000 232.720016 160.129990
v 110.519997 235.120010 161.819992
v 111.930000 235.270020 159.239990
v 112.860001 237.840012 158.159988
v 114.800003 235.690018 158.699982
v 113.500000 237.100021 160.929977
v 110.110001 237.940018 157.129990
v 112.230003 239.470016 155.789978
v 111.269997 240.300018 158.439987
v 110.010002 242.870010 159.159988
v 112.930000 242.690018 158.859985
v 111.610001 241.400009 161.149979
v 108.279999 245.150009 158.489990
v 109.290001 244.820023 161.229980
v 107.250000 242.980011 160.179977
v 106.279999 246.620010 156.909988
v 105.769997 243.830017 157.699982
v 107.820000 244.440018 155.669983
v 105.500000 249.050018 155.439987
v 104.190002 248.390015 157.999985
v 103.650002 246.770020 155.599991
v 101.650002 244.920013 156.709991
v 102.930000 244.320023 154.129990
v 101.000000 246.530014 154.339981
v 98.134003 246.770020 153.689987
v 100.099998 246.310013 151.539978
v 100.000000 248.910019 152.919983
v 95.214996 246.450012 153.469986
v 96.342003 248.740021 154.939987
v 96.556999 246.020020 156.059982
v 93.098999 244.600021 154.349991
v 94.123001 244.470016 151.589981
v 92.473999 246.750015 152.439987
v 91.829002 248.840012 150.469986
v 90.112000 248.470016 152.829987
v 90.127998 246.450012 150.689987
v 93.726997 247.540009 148.629990
v 94.657997 249.660019 150.459991
v 92.920998 250.340012 148.179977
v 91.712997 246.000015 147.139984
v 93.684998 244.600021 148.819992
v 94.541000 245.910019 146.319992
v 90.513000 248.340012 145.799988
v 88.844002 246.580017 147.469986
v 89.862000 245.620010 144.879990
v 92.837997 249.290009 144.259979
v 91.535004 251.070023 146.209991
v 90.160004 250.370010 143.699982
v 93.150002 247.020020 142.409988
v 95.384003 247.810013 144.159988
v 94.588997 249.540009 141.909988
v 90.524002 247.260010 141.099991
v 91.292999 244.740021 142.419983
v 92.612999 245.550018 139.909988
v 90.642998 250.010010 140.069992
v 88.457001 249.210022 141.869980
v 88.550003 248.170013 139.109985
v 92.974998 249.670013 138.299988
v 93.029999 251.690018 140.439987
v 91.306999 252.090012 138.089981
v 94.181000 246.990021 138.149979
v 94.515999 248.880020 135.919983
v 91.884003 247.670013 136.439987
v 89.796997 249.400009 135.279984
v 89.058998 246.850021 136.569992
v 90.476997 246.840012 133.989990
v 90.721001 251.780014 133.819992
v 89.250999 252.090012 136.349991
v 87.847000 251.150009 133.939987
vn -0.3852 0.7294 0.5653
vn -0.4274 0.0187 -0.9039
vn -0.1751 -0.8847 0.4320
vn 0.9864 0.1364 -0.0919
vn 0.2025 -0.7036 0.6812
vn -0.3672 -0.4305 -0.8245
vn 0.8389 0.4955 -0.2253
vn -0.6752 0.6391 0.3683
vn 0.1975 -0.5276 -0.8262
vn 0.4868 0.8725 -0.0420
vn 0.3016 -0.5130 0.8036
vn -0.9840 0.1656 0.0653
vn 0.6863 0.0193 -0.7271
vn -0.7803 0.5695 -0.2584
vn 0.4009 0.3511 0.8462
vn -0.3083 -0.9409 0.1401
vn 0.3460 0.9112 -0.2237
vn -0.2263 -0.4847 -0.8449
vn -0.8193 0.0862 0.5668
vn 0.6983 -0.5110 0.5013
vn -0.7047 0.2373 -0.6686
vn 0.8627 0.4355 -0.2569
vn 0.1174 -0.9929 0.0206
vn -0.2765 0.3205 0.9060
vn -0.0374 0.2076 -0.9775
vn -0.0453 0.8499 0.5250
vn 0.8556 -0.4732 0.2097
vn -0.7725 -0.5855 0.2458
vn 0.5018 0.7011 -0.5066
vn -0.9832 0.1502 -0.1040
vn 0.2423 0.0511 0.9689
vn 0.2390 -0.9034 -0.3561
vn -0.2045 0.9773 -0.0556
vn 0.1976 -0.3504 -0.9155
vn -0.7855 -0.4873 0.3814
vn 0.7936 -0.1414 0.5917
vn -0.6529 0.3515 -0.6710
vn 0.8412 0.5390 -0.0439
vn 0.2053 -0.9579 -0.2005
vn -0.3955 0.0704 0.9158
vn 0.4493 0.2047 -0.8696
vn -0.5797 0.7702 0.2661
vn 0.6940 -0.1544 0.7032
vn -0.5634 -0.8201 -0.1004
vn 0.3120 0.9335 -0.1767
vn -0.6448 -0.2772 -0.7123
vn -0.4509 -0.0349 0.8919
vn 0.7839 -0.6209 -0.0025
vn -0.6342 0.6927 -0.3434
vn 0.7860 -0.0657 -0.6147
vn -0.4645 -0.8844 0.0460
vn 0.3136 0.2594 0.9134
vn -0.2239 0.1023 -0.9692
vn 0.3677 0.8632 0.3459
vn 0.6796 -0.7254 0.1092
vn -0.8249 -0.2394 0.5121
vn 0.6268 0.5202 -0.5801
vn -0.9133 0.4035 -0.0554
vn 0.3204 0.0264 0.9469
vn -0.0356 -0.9487 -0.3143
vn 0.0220 0.9950 -0.0976
vn -0.1251 -0.4229 -0.8975
vn -0.7582 -0.2603 0.5979
vn 0.8626 -0.3126 0.3978
vn -0.7087 0.1696 -0.6849
vn 0.8392 0.4760 -0.2630
vn 0.1777 -0.9823 0.0587
vn -0.3086 0.3359 0.8899
vn 0.0631 0.1060 -0.9924
vn -0.2686 0.8704 0.4126
vn 0.8883 -0.2804 0.3636
vn -0.6856 -0.6950 0.2165
vn 0.4842 0.8517 -0.2003
vn -0.8845 0.0032 -0.4665
vn -0.1410 -0.0756 0.9871
vn 0.5423 -0.7781 -0.3169
vn -0.3943 0.9098 -0.1295
vn 0.4795 -0.2790 -0.8320
vn -0.7289 -0.6552 0.1988
vn 0.6442 0.0256 0.7644
vn -0.4531 0.1795 -0.8732
vn 0.7013 0.6945 0.1608
vn 0.4268 -0.9040 -0.0252
vn -0.6751 0.0278 0.7372
vn 0.5406 0.2194 -0.8122
vn -0.7275 0.6775 0.1083
vn 0.5903 0.0145 0.8071
vn -0.4039 -0.9090 -0.1027
vn 0.1867 0.9195 0.3460
vn -0.1010 0.0345 -0.9943
vn -0.8439 -0.3459 0.4100
vn 0.7581 -0.6070 0.2384
vn -0.2783 0.8907 -0.3595
vn 0.9941 -0.0892 -0.0610
vn -0.4310 -0.7276 -0.5337
vn -0.2864 -0.0742 0.9552
vn 0.1469 -0.4690 -0.8709
vn 0.4344 0.9003 -0.0269
vn 0.4009 -0.5387 0.7410
vn -0.9819 0.1064 0.1566
vn -0.6830 0.6790 -0.2692
vn 0.5614 0.3663 0.7421
vn 0.5832 -0.2139 -0.7836
vn -0.4604 -0.8315 0.3108
vn -0.2957 -0.3977 0.8685
vn 0.9910 -0.0992 -0.0900
vn -0.2420 0.9700 -0.0232
vn -0.4505 -0.4760 -0.7553
vn 0.3981 -0.0222 -0.9171
vn 0.4776 0.6806 0.5555
vn 0.0929 -0.9011 0.4235
vn -0.9689 0.2393 -0.0626
vn 0.1538 0.6221 -0.7677
vn -0.4377 0.4973 0.7490
vn 0.8767 -0.3686 0.3092
vn -0.5926 -0.7504 -0.2929
vn -0.8318 -0.4038 0.3809
vn 0.6303 0.2252 0.7430
vn -0.2314 0.8308 -0.5062
vn 0.4334 -0.6546 -0.6194
vn 0.9092 0.2463 -0.3357
vn -0.3713 0.7561 0.5390
vn 0.0639 -0.8190 0.5702
vn -0.6037 -0.1812 -0.7764
vn -0.9703 0.2417 0.0023
vn 0.2914 -0.2144 0.9323
vn 0.5367 0.7690 -0.3472
vn 0.1427 -0.7969 -0.5870
vn 0.4546 -0.8907 0.0047
vn 0.4691 0.6148 0.6340
vn -0.9515 -0.1121 0.2866
vn 0.0293 0.3862 -0.9220
vn -0.2499 0.9656 0.0724
vn -0.2175 -0.4664 0.8574
vn 0.9803 -0.0779 -0.1816
vn -0.5132 -0.4227 -0.7470
vn 0.3499 0.7770 0.5233
vn -0.9056 -0.2499 0.3426
vn 0.6221 -0.7760 0.1041
vn -0.0646 0.2501 -0.9661
vn -0.3331 -0.2693 -0.9036
vn -0.1671 -0.7403 0.6512
vn -0.4811 0.8232 0.3014
vn 0.9810 0.1879 -0.0481
vn 0.5979 -0.3252 0.7327
vn -0.9532 -0.0539 0.2975
vn 0.1298 -0.5694 -0.8117
vn 0.2285 0.9486 -0.2189
vn -0.5385 0.1065 -0.8359
vn -0.0314 -0.9549 0.2954
vn -0.3793 0.5853 0.7166
vn 0.9488 0.2629 -0.1750
vn 0.8876 -0.4300 -0.1650
vn -0.4050 -0.3821 0.8307
vn -0.6061 -0.1759 -0.7757
vn 0.1235 0.9862 0.1105
vn -0.8081 0.4415 0.3899
vn -0.1756 -0.9783 -0.1095
vn 0.7787 0.1344 0.6128
vn 0.2032 0.4047 -0.8916
vn -0.2292 -0.3657 -0.9021
vn 0.5902 -0.6462 0.4839
vn -0.8380 0.1426 0.5267
vn 0.4768 0.8723 -0.1082
vn 0.0530 -0.0477 0.9975
vn 0.2974 -0.8715 -0.3898
vn 0.5915 0.7341 -0.3335
vn -0.9436 0.1835 -0.2755
vn 0.9878 -0.0924 0.1257
vn -0.3287 -0.7123 -0.6201
vn -0.2012 0.8989 -0.3893
vn -0.4585 -0.0899 0.8841
vn -0.7640 -0.2524 0.5938
vn -0.3527 0.2821 -0.8922
vn 0.6082 -0.7857 -0.1131
vn 0.5071 0.7581 0.4100
vn 0.7848 0.4711 -0.4027
vn -0.3348 -0.6909 -0.6407
vn -0.7251 0.6624 0.1884
vn 0.2763 -0.4419 0.8534
vn 0.1300 -0.9331 0.3353
vn -0.9650 0.1431 -0.2198
vn 0.5501 0.1414 -0.8231
vn 0.2832 0.6492 0.7059
vn -0.3931 -0.9034 0.1711
vn -0.1382 0.5801 0.8027
vn -0.4475 0.4153 -0.7920
vn 0.9792 -0.0912 -0.1815
vn 0.8793 0.2135 0.4258
vn -0.5541 0.8307 -0.0534
vn -0.4766 -0.6873 0.5482
vn 0.1531 -0.3567 -0.9216
vn -0.0452 0.5611 0.8265
vn 0.4311 0.5224 -0.7357
vn -0.9252 -0.2607 -0.2757
vn 0.5389 -0.8218 0.1848
vn -0.5464 0.7420 -0.3884
vn 0.9438 0.3082 0.1195
vn -0.0172 -0.7868 -0.6169
vn -0.3810 -0.2637 0.8862
vn 0.6342 -0.3308 -0.6989
vn -0.1482 0.9811 -0.1245
vn 0.3867 -0.1664 0.9071
vn -0.8707 -0.4844 -0.0850
vn -0.9870 0.1542 -0.0459
vn 0.4052 0.6278 0.6646
vn 0.4046 0.1609 -0.9002
vn 0.1762 -0.9434 0.2810
vn 0.6956 -0.4049 0.5934
vn 0.3369 0.8689 -0.3627
vn -0.8346 0.1586 0.5275
vn -0.1970 -0.6223 -0.7576
vn -0.7641 0.5255 -0.3742
vn 0.4603 0.5372 0.7068
vn 0.6456 -0.2131 -0.7333
vn -0.3422 -0.8509 0.3986
vn 0.1846 -0.3455 0.9201
vn 0.8363 0.3910 -0.3845
vn -0.7085 0.7044 0.0429
vn -0.3114 -0.7515 -0.5816
vn 0.5493 -0.7393 -0.3895
vn 0.1029 0.8241 -0.5571
vn 0.3115 0.1890 0.9313
vn -0.9614 -0.2746 0.0169
vn 0.8403 -0.4659 -0.2772
vn -0.6024 0.0977 -0.7922
vn 0.2243 0.9040 0.3640
vn -0.4626 -0.5368 0.7056
vn -0.6047 0.7781 -0.1700
vn 0.2553 -0.4237 -0.8691
vn -0.4740 -0.6707 0.5705
vn 0.8249 0.3140 0.4700
vn 0.9917 -0.0608 -0.1130
vn -0.4141 -0.8918 -0.1821
vn -0.3686 0.6733 -0.6409
vn -0.2090 0.2776 0.9377
vn -0.9498 -0.1148 0.2911
vn 0.0877 -0.2594 -0.9618
vn 0.5921 -0.5825 0.5569
vn 0.2695 0.9564 0.1129
vn 0.7106 0.4286 -0.5580
vn 0.1418 -0.9898 0.0152
vn -0.8987 0.2016 -0.3895
vn 0.0490 0.3590 0.9320
vn -0.4566 -0.4351 0.7760
vn -0.2098 -0.5084 -0.8352
vn 0.9883 0.0011 0.1528
vn -0.3216 0.9424 -0.0918
vn 0.2303 0.3514 -0.9075
vn 0.4674 -0.8718 0.1465
vn -0.9886 -0.1350 0.0667
vn 0.2929 0.6555 0.6961
vn 0.7209 0.1773 -0.6700
vn 0.3736 -0.5392 0.7548
vn -0.7431 -0.5068 -0.4371
vn -0.3513 0.8671 0.3531
vn 0.1221 0.5532 0.8241
vn -0.3550 -0.9002 0.2523
vn 0.8800 -0.1062 -0.4629
vn -0.6465 0.4530 -0.6139
vn -0.3245 -0.6373 -0.6990
vn 0.6737 -0.4568 0.5810
vn -0.7727 0.3006 0.5591
vn 0.4227 0.7909 -0.4424
vn 0.4348 -0.5148 -0.7389
vn 0.6994 0.3212 0.6385
vn -0.6451 -0.5901 0.4855
vn -0.4888 0.7843 -0.3820
vn 0.4548 0.7759 -0.4371
vn -0.1324 0.1962 0.9716
vn 0.5677 -0.8170 -0.1011
vn -0.8871 -0.1561 -0.4344
vn 0.7262 0.6360 0.2609
vn -0.8490 0.5077 -0.1464
vn -0.1328 -0.6720 0.7285
vn 0.2550 -0.4734 -0.8432
vn -0.1196 0.7947 0.5951
vn 0.0356 0.2992 -0.9535
vn -0.7683 -0.6276 0.1259
vn 0.8534 -0.4653 0.2351
vn 0.3745 -0.5846 -0.7197
vn -0.9618 0.1953 -0.1916
vn 0.5124 0.8581 0.0322
vn 0.0754 -0.4680 0.8805
vn -0.6150 -0.1259 0.7784
vn -0.1411 0.9082 -0.3940
vn -0.1916 -0.6945 -0.6936
vn 0.9471 -0.0869 0.3090
vn -0.0254 0.0362 0.9990
vn -0.0324 0.9296 -0.3672
vn -0.7876 -0.5192 -0.3320
vn 0.8438 -0.4465 -0.2979
vn -0.5399 -0.4126 0.7336
vn 0.2647 0.9274 0.2645
vn -0.5466 0.0336 -0.8367
vn 0.8210 -0.5481 -0.1598
vn 0.9500 0.1852 0.2514
vn -0.3647 0.7724 -0.5200
vn -0.5481 -0.1305 0.8261
vn -0.0392 -0.8300 -0.5564
vn -0.4507 -0.3345 -0.8277
vn -0.5770 0.6854 0.4441
vn 0.8786 0.4111 -0.2431
vn 0.1498 -0.7620 0.6300
vn 0.4387 0.8203 -0.3671
vn -0.9391 -0.0533 -0.3396
vn -0.0078 0.0439 0.9990
vn 0.5080 -0.8098 -0.2936
vn 0.0222 -0.3386 -0.9407
vn -0.7672 -0.4168 0.4875
vn -0.1124 0.9937 -0.0036
vn 0.8580 -0.2382 0.4551
vn -0.1244 -0.3458 -0.9300
vn 0.2260 -0.7584 0.6113
vn -0.8441 0.4364 0.3116
vn 0.7414 0.6710 0.0079
vn -0.3423 -0.3217 0.8828
vn 0.1926 -0.7839 -0.5903
vn 0.8388 0.5263 0.1390
vn -0.6912 0.5795 -0.4319
vn -0.0854 0.2297 -0.9695
vn 0.8025 -0.5811 0.1352
vn -0.8205 -0.4864 0.3004
vn 0.1066 0.8388 0.5339
vn 0.8065 0.5439 -0.2318
vn 0.2353 -0.6653 0.7086
vn -0.3205 -0.4827 -0.8151
vn -0.7203 0.6055 0.3384
vn -0.4327 0.3180 0.8436
vn 0.4207 -0.8936 0.1564
vn 0.7021 0.6549 -0.2794
vn -0.6897 -0.0778 -0.7199
vn 0.3951 -0.3793 -0.8367
vn 0.6977 0.5212 0.4914
vn -0.3305 -0.7461 0.5780
vn -0.7628 0.6024 -0.2350
vn -0.3467 0.7290 0.5903
vn 0.7249 -0.4984 0.4755
vn 0.3643 0.3981 -0.8419
vn -0.7446 -0.6291 -0.2231
vn -0.1082 -0.9878 0.1124
vn 0.9276 0.2024 -0.3140
vn -0.1605 0.4551 0.8758
vn -0.6595 0.3325 -0.6742
vn 0.0044 0.5386 -0.8425
vn 0.7464 0.3030 0.5925
vn 0.1229 -0.9668 -0.2242
vn -0.8722 0.1257 0.4728
vn -0.2187 0.6118 0.7602
vn 0.6954 -0.6579 0.2890
vn 0.3475 0.5377 -0.7682
vn -0.8242 -0.4907 -0.2827
vn 0.5599 0.6532 0.5097
vn -0.3854 -0.6725 0.6319
vn 0.5666 -0.4658 -0.6797
vn -0.7415 0.4851 -0.4635
vn 0.2023 -0.6893 0.6957
vn -0.2478 0.8604 0.4454
vn -0.7627 -0.3107 -0.5672
vn 0.8073 0.1403 -0.5732
vn -0.6226 0.0593 0.7803
vn 0.9448 0.0077 0.3275
vn -0.1505 0.7820 -0.6048
vn -0.1728 -0.8469 -0.5029
vn 0.2060 0.5637 0.7999
vn -0.1578 -0.9445 0.2881
vn 0.7707 0.0308 -0.6364
vn -0.8207 0.3493 -0.4521
vn 0.6117 -0.3365 0.7159
vn -0.8747 0.2666 0.4048
vn -0.1508 -0.7233 -0.6738
vn 0.4134 0.7930 -0.4476
vn -0.3341 -0.6226 0.7076
vn 0.4663 0.7732 0.4297
vn -0.7725 0.3340 -0.5401
vn 0.6393 -0.4837 -0.5978
vn -0.3976 0.3276 0.8571
vn 0.7601 -0.6182 0.2002
vn 0.3356 0.7788 -0.5300
vn -0.6980 -0.4877 -0.5244
vn 0.5505 0.2718 0.7894
vn -0.6090 -0.7488 0.2616
vn 0.6040 -0.3023 -0.7374
vn -0.5425 0.7799 -0.3122
vn 0.3793 -0.6777 0.6299
vn -0.5458 0.6625 0.5130
vn -0.5789 -0.4576 -0.6749
vn 0.7466 0.4741 -0.4667
vn -0.6249 -0.3210 0.7117
vn 0.8347 0.3519 0.4236
vn -0.4388 0.7285 -0.5260
vn 0.2287 -0.7593 -0.6092
vn -0.0965 0.4714 0.8766
vn 0.2820 -0.9462 0.1586
vn 0.6918 0.4630 -0.5541
vn -0.8763 0.0099 -0.4817
vn 0.8630 -0.0255 0.5046
vn -0.7297 -0.3754 0.5715
vn 0.0846 -0.5447 -0.8344
vn -0.2174 0.9456 -0.2422
s 0
f 3835//5105 3838//5105 3836//5105
f 3835//5106 3836//5106 3837//5106
f 3835//5107 3837//5107 3838//5107
f 3838//5108 3837//5108 3836//5108
f 3838//5109 3839//5109 3840//5109
f 3838//5110 3840//5110 3841//5110
f 3838//5111 3841//5111 3839//5111
f 3839//5112 3841//5112 3840//5112
f 3839//5113 3844//5113 3842//5113
f 3839//5114 3842//5114 3843//5114
f 3839//5115 3843//5115 3844//5115
f 3844//5116 3843//5116 3842//5116
f 3844//5117 3845//5117 3846//5117
f 3844//5118 3846//5118 3847//5118
f 3844//5119 3847//5119 3845//5119
f 3845//5120 3847//5120 3846//5120
f 3845//5121 3848//5121 3849//5121
f 3845//5122 3849//5122 3850//5122
f 3845//5123 3850//5123 3848//5123
f 3848//5124 3850//5124 3849//5124
f 3848//5125 3851//5125 3852//5125
f 3848//5126 3852//5126 3853//5126
f 3848//5127 3853//5127 3851//5127
f 3851//5128 3853//5128 3852//5128
f 3851//5129 3854//5129 3855//5129
f 3851//5130 3855//5130 3856//5130
f 3851//5131 3856//5131 3854//5131
f 3854//5132 3856//5132 3855//5132
f 3854//5133 3859//5133 3857//5133
f 3854//5134 3857//5134 3858//5134
f 3854//5135 3858//5135 3859//5135
f 3859//5136 3858//5136 3857//5136
f 3859//5137 3862//5137 3860//5137
f 3859//5138 3860//5138 3861//5138
f 3859//5139 3861//5139 3862//5139
f 3862//5140 3861//5140 3860//5140
f 3862//5141 3863//5141 3864//5141
f 3862//5142 3864//5142 3865//5142
f 3862//5143 3865//5143 3863//5143
f 3863//5144 3865//5144 3864//5144
f 3863//5145 3868//5145 3866//5145
f 3863//5146 3866//5146 3867//5146
f 3863//5147 3867//5147 3868//5147
f 3868//5148 3867//5148 3866//5148
f 3868//5149 3869//5149 3870//5149
f 3868//5150 3870//5150 3871//5150
f 3868//5151 3871//5151 3869//5151
f 3869//5152 3871//5152 3870//5152
f 3869//5153 3874//5153 3872//5153
f 3869//5154 3872//5154 3873//5154
f 3869//5155 3873//5155 3874//5155
f 3874//5156 3873//5156 3872//5156
f 3874//5157 3875//5157 3876//5157
f 3874//5158 3876//5158 3877//5158
f 3874//5159 3877//5159 3875//5159
f 3875//5160 3877//5160 3876//5160
f 3875//5161 3878//5161 3879//5161
f 3875//5162 3879//5162 3880//5162
f 3875//5163 3880//5163 3878//5163
f 3878//5164 3880//5164 3879//5164
f 3878//5165 3881//5165 3882//5165
f 3878//5166 3882//5166 3883//5166
f 3878//5167 3883//5167 3881//5167
f 3881//5168 3883//5168 3882//5168
f 3881//5169 3884//5169 3885//5169
f 3881//5170 3885//5170 3886//5170
f 3881//5171 3886//5171 3884//5171
f 3884//5172 3886//5172 3885//5172
f 3884//5173 3887//5173 3888//5173
f 3884//5174 3888//5174 3889//5174
f 3884//5175 3889//5175 3887//5175
f 3887//5176 3889//5176 3888//5176
f 3887//5177 3892//5177 3890//5177
f 3887//5178 3890//5178 3891//5178
f 3887//5179 3891//5179 3892//5179
f 3892//5180 3891//5180 3890//5180
f 3892//5181 3895//5181 3893//5181
f 3892//5182 3893//5182 3894//5182
f 3892//5183 3894//5183 3895//5183
f 3895//5184 3894//5184 3893//5184
f 3895//5185 3898//5185 3896//5185
f 3895//5186 3896//5186 3897//5186
f 3895//5187 3897//5187 3898//5187
f 3898//5188 3897//5188 3896//5188
f 3898//5189 3899//5189 3900//5189
f 3898//5190 3900//5190 3901//5190
f 3898//5191 3901//5191 3899//5191
f 3899//5192 3901//5192 3900//5192
f 3899//5193 3902//5193 3903//5193
f 3899//5194 3903//5194 3904//5194
f 3899//5195 3904//5195 3902//5195
f 3902//5196 3904//5196 3903//5196
f 3902//5197 3907//5197 3905//5197
f 3902//5198 3905//5198 3906//5198
f 3902//5199 3906//5199 3907//5199
f 3907//5200 3906//5200 3905//5200
f 3907//5201 3908//5201 3909//5201
f 3907//5202 3909//5202 3910//5202
f 3907//5203 3910//5203 3908//5203
f 3908//5204 3910//5204 3909//5204
f 3908//5205 3913//5205 3911//5205
f 3908//5206 3911//5206 3912//5206
f 3908//5207 3912//5207 3913//5207
f 3913//5208 3912//5208 3911//5208
f 3913//5209 3914//5209 3915//5209
f 3913//5210 3915//5210 3916//5210
f 3913//5211 3916//5211 3914//5211
f 3914//5212 3916//5212 3915//5212
f 3914//5213 3919//5213 3917//5213
f 3914//5214 3917//5214 3918//5214
f 3914//5215 3918//5215 3919//5215
f 3919//5216 3918//5216 3917//5216
f 3919//5217 3920//5217 3921//5217
f 3919//5218 3921//5218 3922//5218
f 3919//5219 3922//5219 3920//5219
f 3920//5220 3922//5220 3921//5220
f 3920//5221 3923//5221 3924//5221
f 3920//5222 3924//5222 3925//5222
f 3920//5223 3925//5223 3923//5223
f 3923//5224 3925//5224 3924//5224
f 3923//5225 3926//5225 3927//5225
f 3923//5226 3927//5226 3928//5226
f 3923//5227 3928//5227 3926//5227
f 3926//5228 3928//5228 3927//5228
f 3926//5229 3929//5229 3930//5229
f 3926//5230 3930//5230 3931//5230
f 3926//5231 3931//5231 3929//5231
f 3929//5232 3931//5232 3930//5232
f 3929//5233 3932//5233 3933//5233
f 3929//5234 3933//5234 3934//5234
f 3929//5235 3934//5235 3932//5235
f 3932//5236 3934//5236 3933//5236
f 3932//5237 3935//5237 3936//5237
f 3932//5238 3936//5238 3937//5238
f 3932//5239 3937//5239 3935//5239
f 3935//5240 3937//5240 3936//5240
f 3935//5241 3938//5241 3939//5241
f 3935//5242 3939//5242 3940//5242
f 3935//5243 3940//5243 3938//5243
f 3938//5244 3940//5244 3939//5244
f 3938//5245 3943//5245 3941//5245
f 3938//5246 3941//5246 3942//5246
f 3938//5247 3942//5247 3943//5247
f 3943//5248 3942//5248 3941//5248
f 3943//5249 3946//5249 3944//5249
f 3943//5250 3944//5250 3945//5250
f 3943//5251 3945//5251 3946//5251
f 3946//5252 3945//5252 3944//5252
f 3946//5253 3949//5253 3947//5253
f 3946//5254 3947//5254 3948//5254
f 3946//5255 3948//5255 3949//5255
f 3949//5256 3948//5256 3947//5256
f 3949//5257 3952//5257 3950//5257
f 3949//5258 3950//5258 3951//5258
f 3949//5259 3951//5259 3952//5259
f 3952//5260 3951//5260 3950//5260
f 3952//5261 3955//5261 3953//5261
f 3952//5262 3953//5262 3954//5262
f 3952//5263 3954//5263 3955//5263
f 3955//5264 3954//5264 3953//5264
f 3955//5265 3958//5265 3956//5265
f 3955//5266 3956//5266 3957//5266
f 3955//5267 3957//5267 3958//5267
f 3958//5268 3957//5268 3956//5268
f 3958//5269 3959//5269 3960//5269
f 3958//5270 3960//5270 3961//5270
f 3958//5271 3961//5271 3959//5271
f 3959//5272 3961//5272 3960//5272
f 3959//5273 3964//5273 3962//5273
f 3959//5274 3962//5274 3963//5274
f 3959//5275 3963//5275 3964//5275
f 3964//5276 3963//5276 3962//5276
f 3964//5277 3967//5277 3965//5277
f 3964//5278 3965//5278 3966//5278
f 3964//5279 3966//5279 3967//5279
f 3967//5280 3966//5280 3965//5280
f 3967//5281 3970//5281 3968//5281
f 3967//5282 3968//5282 3969//5282
f 3967//5283 3969//5283 3970//5283
f 3970//5284 3969//5284 3968//5284
f 3970//5285 3971//5285 3972//5285
f 3970//5286 3972//5286 3973//5286
f 3970//5287 3973//5287 3971//5287
f 3971//5288 3973//5288 3972//5288
f 3971//5289 3976//5289 3974//5289
f 3971//5290 3974//5290 3975//5290
f 3971//5291 3975//5291 3976//5291
f 3976//5292 3975//5292 3974//5292
f 3976//5293 3977//5293 3978//5293
f 3976//5294 3978//5294 3979//5294
f 3976//5295 3979//5295 3977//5295
f 3977//5296 3979//5296 3978//5296
f 3977//5297 3980//5297 3981//5297
f 3977//5298 3981//5298 3982//5298
f 3977//5299 3982//5299 3980//5299
f 3980//5300 3982//5300 3981//5300
f 3980//5301 3983//5301 3984//5301
f 3980//5302 3984//5302 3985//5302
f 3980//5303 3985//5303 3983//5303
f 3983//5304 3985//5304 3984//5304
f 3983//5305 3988//5305 3986//5305
f 3983//5306 3986//5306 3987//5306
f 3983//5307 3987//5307 3988//5307
f 3988//5308 3987//5308 3986//5308
f 3988//5309 3991//5309 3989//5309
f 3988//5310 3989//5310 3990//5310
f 3988//5311 3990//5311 3991//5311
f 3991//5312 3990//5312 3989//5312
f 3991//5313 3992//5313 3993//5313
f 3991//5314 3993//5314 3994//5314
f 3991//5315 3994//5315 3992//5315
f 3992//5316 3994//5316 3993//5316
f 3992//5317 3997//5317 3995//5317
f 3992//5318 3995//5318 3996//5318
f 3992//5319 3996//5319 3997//5319
f 3997//5320 3996//5320 3995//5320
f 3997//5321 3998//5321 3999//5321
f 3997//5322 3999//5322 4000//5322
f 3997//5323 4000//5323 3998//5323
f 3998//5324 4000//5324 3999//5324
f 3998//5325 4003//5325 4001//5325
f 3998//5326 4001//5326 4002//5326
f 3998//5327 4002//5327 4003//5327
f 4003//5328 4002//5328 4001//5328
f 4003//5329 4006//5329 4004//5329
f 4003//5330 4004//5330 4005//5330
f 4003//5331 4005//5331 4006//5331
f 4006//5332 4005//5332 4004//5332
f 4006//5333 4009//5333 4007//5333
f 4006//5334 4007//5334 4008//5334
f 4006//5335 4008//5335 4009//5335
f 4009//5336 4008//5336 4007//5336
f 4009//5337 4012//5337 4010//5337
f 4009//5338 4010//5338 4011//5338
f 4009//5339 4011//5339 4012//5339
f 4012//5340 4011//5340 4010//5340
f 4012//5341 4013//5341 4014//5341
f 4012//5342 4014//5342 4015//5342
f 4012//5343 4015//5343 4013//5343
f 4013//5344 4015//5344 4014//5344
f 4013//5345 4016//5345 4017//5345
f 4013//5346 4017//5346 4018//5346
f 4013//5347 4018//5347 4016//5347
f 4016//5348 4018//5348 4017//5348
f 4016//5349 4019//5349 4020//5349
f 4016//5350 4020//5350 4021//5350
f 4016//5351 4021//5351 4019//5351
f 4019//5352 4021//5352 4020//5352
f 4019//5353 4022//5353 4023//5353
f 4019//5354 4023//5354 4024//5354
f 4019//5355 4024//5355 4022//5355
f 4022//5356 4024//5356 4023//5356
f 4022//5357 4025//5357 4026//5357
f 4022//5358 4026//5358 4027//5358
f 4022//5359 4027//5359 4025//5359
f 4025//5360 4027//5360 4026//5360
f 4025//5361 4028//5361 4029//5361
f 4025//5362 4029//5362 4030//5362
f 4025//5363 4030//5363 4028//5363
f 4028//5364 4030//5364 4029//5364
f 4028//5365 4033//5365 4031//5365
f 4028//5366 4031//5366 4032//5366
f 4028//5367 4032//5367 4033//5367
f 4033//5368 4032//5368 4031//5368
f 4033//5369 4036//5369 4034//5369
f 4033//5370 4034//5370 4035//5370
f 4033//5371 4035//5371 4036//5371
f 4036//5372 4035//5372 4034//5372
f 4036//5373 4037//5373 4038//5373
f 4036//5374 4038//5374 4039//5374
f 4036//5375 4039//5375 4037//5375
f 4037//5376 4039//5376 4038//5376
f 4037//5377 4042//5377 4040//5377
f 4037//5378 4040//5378 4041//5378
f 4037//5379 4041//5379 4042//5379
f 4042//5380 4041//5380 4040//5380
f 4042//5381 4043//5381 4044//5381
f 4042//5382 4044//5382 4045//5382
f 4042//5383 4045//5383 4043//5383
f 4043//5384 4045//5384 4044//5384
f 4043//5385 4048//5385 4046//5385
f 4043//5386 4046//5386 4047//5386
f 4043//5387 4047//5387 4048//5387
f 4048//5388 4047//5388 4046//5388
f 4048//5389 4051//5389 4049//5389
f 4048//5390 4049//5390 4050//5390
f 4048//5391 4050//5391 4051//5391
f 4051//5392 4050//5392 4049//5392
f 4051//5393 4052//5393 4053//5393
f 4051//5394 4053//5394 4054//5394
f 4051//5395 4054//5395 4052//5395
f 4052//5396 4054//5396 4053//5396
f 4052//5397 4055//5397 4056//5397
f 4052//5398 4056//5398 4057//5398
f 4052//5399 4057//5399 4055//5399
f 4055//5400 4057//5400 4056//5400
f 4055//5401 4060//5401 4058//5401
f 4055//5402 4058//5402 4059//5402
f 4055//5403 4059//5403 4060//5403
f 4060//5404 4059//5404 4058//5404
f 4060//5405 4061//5405 4062//5405
f 4060//5406 4062//5406 4063//5406
f 4060//5407 4063//5407 4061//5407
f 4061//5408 4063//5408 4062//5408
f 4061//5409 4066//5409 4064//5409
f 4061//5410 4064//5410 4065//5410
f 4061//5411 4065//5411 4066//5411
f 4066//5412 4065//5412 4064//5412
f 4066//5413 4069//5413 4067//5413
f 4066//5414 4067//5414 4068//5414
f 4066//5415 4068//5415 4069//5415
f 4069//5416 4068//5416 4067//5416
f 4069//5417 4070//5417 4071//5417
f 4069//5418 4071//5418 4072//5418
f 4069//5419 4072//5419 4070//5419
f 4070//5420 4072//5420 4071//5420
f 4070//5421 4075//5421 4073//5421
f 4070//5422 4073//5422 4074//5422
f 4070//5423 4074//5423 4075//5423
f 4075//5424 4074//5424 4073//5424
f 4075//5425 4076//5425 4077//5425
f 4075//5426 4077//5426 4078//5426
f 4075//5427 4078//5427 4076//5427
f 4076//5428 4078//5428 4077//5428
f 4076//5429 4079//5429 4080//5429
f 4076//5430 4080//5430 4081//5430
f 4076//5431 4081//5431 4079//5431
f 4079//5432 4081//5432 4080//5432
f 4079//5433 4082//5433 4083//5433
f 4079//5434 4083//5434 4084//5434
f 4079//5435 4084//5435 4082//5435
f 4082//5436 4084//5436 4083//5436
f 4082//5437 4087//5437 4085//5437
f 4082//5438 4085//5438 4086//5438
f 4082//5439 4086//5439 4087//5439
f 4087//5440 4086//5440 4085//5440
f 4087//5441 4090//5441 4088//5441
f 4087//5442 4088//5442 4089//5442
f 4087//5443 4089//5443 4090//5443
f 4090//5444 4089//5444 4088//5444
f 4090//5445 4091//5445 4092//5445
f 4090//5446 4092//5446 4093//5446
f 4090//5447 4093//5447 4091//5447
f 4091//5448 4093//5448 4092//5448
f 4091//5449 4094//5449 4095//5449
f 4091//5450 4095//5450 4096//5450
f 4091//5451 4096//5451 4094//5451
f 4094//5452 4096//5452 4095//5452
f 4094//5453 4099//5453 4097//5453
f 4094//5454 4097//5454 4098//5454
f 4094//5455 4098//5455 4099//5455
f 4099//5456 4098//5456 4097//5456
f 4099//5457 4100//5457 4101//5457
f 4099//5458 4101//5458 4102//5458
f 4099//5459 4102//5459 4100//5459
f 4100//5460 4102//5460 4101//5460
f 4100//5461 4103//5461 4104//5461
f 4100//5462 4104//5462 4105//5462
f 4100//5463 4105//5463 4103//5463
f 4103//5464 4105//5464 4104//5464
f 4103//5465 4106//5465 4107//5465
f 4103//5466 4107//5466 4108//5466
f 4103//5467 4108//5467 4106//5467
f 4106//5468 4108//5468 4107//5468
f 4106//5469 4109//5469 4110//5469
f 4106//5470 4110//5470 4111//5470
f 4106//5471 4111//5471 4109//5471
f 4109//5472 4111//5472 4110//5472
f 4109//5473 4112//5473 4113//5473
f 4109//5474 4113//5474 4114//5474
f 4109//5475 4114//5475 4112//5475
f 4112//5476 4114//5476 4113//5476
f 4112//5477 4115//5477 4116//5477
f 4112//5478 4116//5478 4117//5478
f 4112//5479 4117//5479 4115//5479
f 4115//5480 4117//5480 4116//5480
f 4115//5481 4118//5481 4119//5481
f 4115//5482 4119//5482 4120//5482
f 4115//5483 4120//5483 4118//5483
f 4118//5484 4120//5484 4119//5484
f 4118//5485 4121//5485 4122//5485
f 4118//5486 4122//5486 4123//5486
f 4118//5487 4123//5487 4121//5487
f 4121//5488 4123//5488 4122//5488
f 4121//5489 4124//5489 4125//5489
f 4121//5490 4125//5490 4126//5490
f 4121//5491 4126//5491 4124//5491
f 4124//5492 4126//5492 4125//5492
f 4124//5493 4129//5493 4127//5493
f 4124//5494 4127//5494 4128//5494
f 4124//5495 4128//5495 4129//5495
f 4129//5496 4128//5496 4127//5496
f 4129//5497 4130//5497 4131//5497
f 4129//5498 4131//5498 4132//5498
f 4129//5499 4132//5499 4130//5499
f 4130//5500 4132//5500 4131//5500
f 4130//5501 4133//5501 4134//5501
f 4130//5502 4134//5502 4135//5502
f 4130//5503 4135//5503 4133//5503
f 4133//5504 4135//5504 4134//5504
o Tetrahedrons_Chain_C
v 85.017998 236.380020 149.709991
v 87.710999 236.190018 148.529984
v 87.057999 234.670013 150.969986
v 87.315002 237.600021 151.089981
v 89.811996 238.780014 152.109985
v 87.428001 238.670013 153.829987
v 87.494003 240.500015 151.529984
v 92.190002 240.360016 151.389984
v 92.228996 237.430008 151.109985
v 92.226997 238.650009 153.779984
v 91.811996 237.480011 156.449982
v 93.343002 239.970016 156.169983
v 94.487000 237.430008 155.219986
v 90.897003 234.800018 157.269989
v 89.198997 237.150009 157.769989
v 91.681999 236.780014 159.309982
v 90.970001 238.230011 161.769989
v 93.768997 238.160019 160.859985
v 92.511002 235.730011 161.929977
v 94.138000 233.340012 161.349991
v 91.615997 233.070023 162.849991
v 93.946999 234.360016 164.109985
v 96.211998 234.290009 165.989990
v 94.098999 232.250015 166.149979
v 93.527000 235.020020 166.939987
v 98.902000 233.780014 167.069992
v 97.668999 236.430008 167.379990
v 98.565002 235.530014 164.729980
v 99.584999 230.920013 166.859985
v 100.800003 232.570023 168.969986
v 101.580002 232.970016 166.159988
v 98.615997 228.150009 167.029984
v 99.711998 229.170013 164.499985
v 97.108002 230.140015 165.469986
v 98.620003 225.320023 167.849991
v 96.283997 227.010010 168.429977
v 98.806999 227.430008 169.879990
v 98.303001 222.390015 167.809982
v 100.860001 223.580017 168.659988
v 100.040001 223.710022 165.829987
v 97.799004 219.500015 167.529984
v 95.717003 221.440018 166.769989
v 96.396004 221.050018 169.609985
v 98.913002 217.300018 169.139984
v 100.010002 217.870010 166.459991
v 97.316002 216.710022 166.729980
v 95.694000 216.200012 164.329987
v 94.688004 215.410019 166.979980
v 96.943001 213.950012 165.769989
v 97.552002 211.080017 166.029984
v 99.741997 213.050018 165.899979
v 98.123001 212.490021 163.509979
v 96.811996 208.310013 165.389984
v 99.622002 208.990021 165.939987
v 98.341003 209.910019 163.449982
v 96.140999 205.440018 165.399979
v 95.140999 207.180008 163.239990
v 94.057999 207.440018 165.969986
v 91.254997 206.540009 165.979980
v 91.893997 209.350021 165.379990
v 92.241997 208.310013 168.119980
v 91.108002 208.680008 170.809982
v 92.121002 211.000015 169.309982
v 94.001999 209.000015 170.369980
v 88.400002 208.120010 171.819992
v 90.386002 209.410019 173.569992
v 90.695000 206.580017 172.829987
v 91.134003 204.180008 171.179977
v 90.119003 203.910019 173.929977
v 92.904999 204.740021 173.459991
v 94.042999 202.930008 175.499985
v 94.852997 205.760010 175.419983
v 95.728996 203.920013 173.289978
v 97.178001 205.420013 171.209991
v 97.109001 202.480011 171.129990
v 98.671997 203.860016 173.209991
v 96.430000 208.050018 172.309982
v 95.628998 207.310013 169.569992
v 98.456001 207.860016 170.179977
v 94.839996 208.400009 174.759979
v 96.607002 210.560013 173.829987
v 97.763000 208.090012 174.929977
v 100.519997 207.730011 173.969986
v 99.443001 205.940018 176.049988
v 100.029999 208.750015 176.689987
v 101.470001 207.480011 171.199982
v 103.239998 208.610016 173.259979
v 100.900002 210.140015 172.319992
v 98.781998 212.150009 171.919983
v 101.610001 212.980011 171.979980
v 100.290001 212.080017 174.449982
v 99.799004 211.030014 177.159988
v 100.570000 213.850021 176.789978
v 102.540001 211.710022 176.319992
v 104.839996 210.060013 175.499985
v 105.199997 212.240021 177.449982
v 104.650002 212.870010 174.629990
v 103.529999 215.590012 174.519989
v 103.959999 214.080017 172.029984
v 106.269997 215.090012 173.559982
v 101.110001 216.470016 175.939987
v 103.239998 218.410019 175.309982
v 103.680000 216.340012 177.359985
v 106.580002 216.040009 177.729980
v 104.720001 214.470016 179.389984
v 104.970001 217.380020 179.799988
v 107.459999 218.200012 175.929977
v 108.279999 215.420013 175.399979
v 109.410004 216.870010 177.699982
v 106.250000 220.580017 177.179977
v 105.629997 219.900009 174.389984
v 108.309998 220.900009 175.099991
v 104.989998 219.960022 179.769989
v 105.690002 222.740021 179.099991
v 107.809998 220.780014 179.669983
v 110.110001 219.220016 180.659988
v 110.070000 222.150009 180.969986
v 110.410004 220.960022 178.299988
v 110.930000 220.300018 175.479980
v 112.940002 221.790009 177.029984
v 110.410004 223.090012 176.269989
v 109.230003 225.060013 178.109985
v 108.320000 224.940018 175.319992
v 111.010002 225.960022 175.949982
v 109.709999 224.520020 180.969986
v 106.959999 224.930008 179.989990
v 108.830002 227.200012 180.099991
v 105.989998 227.350021 179.339981
v 108.040001 226.880020 177.279984
v 107.839996 229.510010 178.579987
v 108.459999 229.400009 175.699982
v 106.540001 231.390015 176.719986
v 105.809998 228.540009 176.679977
v 103.169998 227.300018 177.059982
v 105.400002 225.710022 175.989990
v 104.169998 227.820023 174.339981
v 100.889999 225.440018 177.199982
v 100.510002 228.290009 177.829987
v 102.019997 226.570023 179.669983
v 101.190002 222.510010 177.249985
v 100.110001 223.840012 174.849991
v 98.503998 223.720016 177.319992
v 96.084999 225.390015 177.499985
v 96.914001 223.750015 179.789978
v 95.845001 222.460022 177.369980
v 93.136002 221.570023 176.629990
v 94.425003 220.500015 179.049988
v 95.406998 219.720016 176.389984
v 90.436996 220.710022 175.829987
v 92.033997 222.410019 174.029984
v 90.936996 223.530014 176.529984
v 88.709999 219.070023 177.559982
v 89.487000 218.090012 174.899979
v 87.598999 220.330017 175.149979
v 85.457001 220.570023 173.139984
v 85.635002 222.520020 175.339981
v 84.811996 219.750015 175.889984
v 84.936996 221.320023 170.339981
v 83.470001 219.080017 171.559982
v 86.337997 218.800018 170.949982
v 86.978996 223.320023 169.639984
v 84.123001 223.960022 169.309982
v 85.420998 222.010010 167.519989
v 85.825996 220.100021 165.309982
v 86.244003 222.980011 164.869980
v 83.522003 221.940018 165.269989
v 82.043999 224.460022 164.929977
v 80.860001 222.260010 166.489990
v 81.125000 222.020020 163.559982
v 83.383003 226.130020 162.909988
v 83.681000 226.760010 165.769989
v 81.098999 227.200012 164.429977
v 75.849998 217.480011 172.429977
v 76.938004 218.470016 169.879990
v 78.628998 216.870010 171.679977
v 77.879997 219.610016 172.429977
v 80.329002 221.250015 172.439987
v 78.697998 221.010010 174.879990
v 77.691002 222.550018 172.579987
v 77.223000 225.290009 171.629990
v 76.067001 224.410019 174.189987
v 75.014999 223.350021 171.649979
v 76.366997 227.160019 169.519989
v 79.204002 226.410019 169.759979
v 77.959000 228.140015 171.789978
v 77.262001 229.880020 174.059982
v 79.602997 230.510010 172.389984
v 79.662003 228.180008 174.189987
v 81.806999 226.450012 173.149979
v 80.087997 225.510010 175.349991
v 82.049004 227.650009 175.829987
v 81.873001 225.740021 170.299988
v 84.386002 225.980011 171.809982
v 82.817001 228.390015 171.179977
v 81.717003 231.100021 170.819992
v 84.518997 230.540009 170.109985
v 83.698997 230.580017 172.929977
v 83.561996 230.520020 175.879990
v 85.651001 232.100021 174.529984
v 85.765999 229.160019 174.479980
v 86.609001 226.400009 173.869980
v 88.541000 228.320023 174.989990
v 87.588997 228.640015 172.219986
v 86.939003 229.600021 169.519989
v 89.750000 229.270020 170.319992
v 88.135002 231.440018 171.479980
v 87.077003 233.710022 173.019989
v 89.691002 233.930008 171.689987
v 89.380997 232.190018 174.039978
v 91.730003 230.410019 173.979980
v 89.753998 230.160019 176.149979
v 91.525002 232.510010 176.029984
v 93.072998 231.530014 171.609985
v 92.320000 228.680008 171.669983
v 94.512001 229.660019 173.369980
v 93.581001 234.190018 172.769989
v 91.959999 233.930008 170.319992
v 94.858002 233.420013 170.229980
v 92.755997 234.910019 175.499985
v 95.054001 236.260010 174.249985
v 95.268997 233.440018 175.059982
v 96.202003 230.660019 175.329987
v 97.694000 232.850021 176.619980
v 97.724998 232.570023 173.689987
v 98.425003 235.100021 172.359985
v 97.944000 232.680008 170.749985
v 100.360001 232.880020 172.419983
v 100.000000 237.300018 173.509979
v 97.067001 237.480011 173.429977
v 98.615997 237.670013 170.939987
v 102.629997 236.030014 173.079987
v 101.919998 237.090012 175.729980
v 102.449997 238.940018 173.499985
v 104.599998 235.400009 170.979980
v 101.879997 234.270020 170.839981
v 103.760002 233.320023 172.889984
v 103.650002 230.380020 173.019989
v 103.449997 231.970016 175.489990
v 106.010002 231.810013 174.049988
v 101.940002 228.040009 172.509979
v 104.860001 227.770020 172.389984
v 103.430000 229.280014 170.299988
v 100.099998 225.740021 172.419983
v 99.054001 228.470016 172.089981
v 100.040001 227.580017 174.709991
v 98.258003 223.450012 172.499985
v 101.139999 223.030014 172.919983
v 100.129997 223.750015 170.249985
v 95.607002 223.430008 171.219986
v 95.832001 223.780014 174.129990
v 96.440002 221.170013 172.919983
v 94.223999 219.240021 172.799988
v 96.245003 219.030014 174.929977
v 96.962997 218.380020 172.149979
v 91.818001 217.660019 172.159988
v 92.487000 220.050018 170.569992
v 91.552002 220.350021 173.339981
v 90.085999 216.220016 174.059982
v 91.924004 214.730011 172.299988
v 89.560997 216.060013 171.159988
v 86.755997 216.510010 170.389984
v 87.919998 213.810013 170.219986
v 88.774002 215.900009 168.329987
v 90.389000 214.960022 166.049988
v 90.584999 217.760010 166.939987
v 88.141998 216.810013 165.599991
v 91.300003 214.130020 163.379990
v 90.083000 212.160019 165.199982
v 92.761002 213.240021 165.779984
v 92.036003 215.920013 161.159988
v 90.061996 213.780014 160.729980
v 92.901001 213.110016 161.129990
v 91.516998 218.060013 159.209991
v 94.267998 217.110016 159.659988
v 92.893997 218.680008 161.739990
v 88.751999 219.030014 159.489990
v 89.629997 217.810013 156.959991
v 90.643997 220.460022 157.739990
v 88.195999 218.160019 162.249985
v 86.186996 219.720016 160.769989
v 88.672997 221.000015 161.679977
v 90.681999 222.850021 162.779984
v 87.889000 223.730011 162.469986
v 89.574997 223.310013 160.089981
v 89.737000 222.870010 157.189987
v 90.977997 225.260010 158.379990
v 88.045998 225.030014 158.249985
v 85.134003 225.420013 158.449982
v 86.844002 227.600021 157.469986
v 86.936996 226.830017 160.309982
v 87.638000 226.410019 163.129990
v 85.675003 228.470016 162.399979
v 88.523003 228.850021 161.749985
v 89.178001 231.680008 162.209991
v 90.879997 230.040009 160.449982
v 90.878998 229.570023 163.359985
v 93.496002 228.220016 163.279984
v 91.516998 227.480011 165.329987
v 92.865997 230.100021 165.469986
v 95.667000 228.920013 161.419983
v 93.679001 226.880020 160.669983
v 95.665001 226.300018 162.769989
v 95.282997 223.760010 164.199982
v 96.568001 226.030014 165.559982
v 97.987000 224.610016 163.409988
v 99.194000 221.940018 163.079987
v 100.809998 224.170013 164.139984
v 99.997002 224.150009 161.309982
v 97.586998 220.070023 161.479980
v 97.362000 220.060013 164.409988
v 99.813004 219.060013 163.119980
v 100.580002 216.220016 163.149979
v 101.639999 218.060013 165.199982
v 102.559998 218.270020 162.409988
v 100.489998 214.400009 160.839981
v 98.394997 214.260010 162.899979
v 101.129997 213.350021 163.519989
v 101.800003 210.490021 163.549988
v 101.250000 211.900009 166.069992
v 103.720001 212.460022 164.579987
v 102.349998 207.710022 162.729980
v 102.620003 209.900009 160.779984
v 99.952003 209.090012 161.729980
v 101.800003 205.100021 163.969986
v 104.580002 206.040009 163.699982
v 103.059998 205.230011 161.309982
v 103.379997 202.800018 159.689987
v 105.300003 205.010010 159.419983
v 102.550003 205.320023 158.409988
v 104.669998 200.150009 159.699982
v 103.330002 201.120010 157.269989
v 101.730003 200.350021 159.619980
v 100.339996 197.870010 160.379990
v 99.181000 199.650009 158.329987
v 99.224998 200.490021 161.159988
v 101.779999 196.530014 162.569992
v 101.400002 195.160019 159.989990
v 99.098999 195.600021 161.769989
v 103.879997 198.400009 163.409988
v 102.800003 196.450012 165.329987
v 101.139999 198.710022 164.439987
v 98.364998 197.950012 165.049988
v 98.948997 200.610016 163.929977
v 99.728996 199.970016 166.699982
v 98.883003 195.340012 166.309982
v 97.305000 195.480011 163.829987
v 96.170998 196.490021 166.359985
v 100.430000 196.340012 168.609985
v 101.620003 194.370010 166.779984
v 99.447998 193.570023 168.589981
v 98.311996 197.980011 169.839981
v 100.800003 199.250015 168.909988
v 100.830002 197.500015 171.279984
v 96.413002 195.810013 170.419983
v 95.573997 198.090012 168.759979
v 96.036003 198.460022 171.639984
v 98.112000 194.230011 172.239990
v 97.094002 193.020020 169.749985
v 95.249001 193.590012 171.979980
v 100.580002 195.560013 173.129990
v 99.403000 193.400009 174.749985
v 98.058998 196.010010 174.579987
v 95.948997 198.060013 174.749985
v 97.258003 197.080017 177.209991
v 95.430000 195.320023 175.709991
v 92.707001 196.420013 175.489990
v 93.472000 194.860016 177.859985
v 93.149002 193.520020 175.259979
v 90.262001 194.090012 175.209991
v 91.222000 191.320023 174.869980
v 91.652000 193.300018 172.739990
v 89.532997 196.020020 177.309982
v 87.708000 195.540009 175.049988
v 90.246002 196.970016 174.619980
v 91.378998 196.380020 171.969986
v 92.650002 198.400009 173.699982
v 90.039001 198.960022 172.459991
v 92.290001 193.790009 170.909988
v 91.694000 196.010010 169.059982
v 89.505997 194.660019 170.489990
v 86.897003 194.930008 171.829987
v 87.042999 193.850021 169.089981
v 87.596001 196.700012 169.579987
v 89.443001 197.830017 167.589981
v 88.148003 199.600021 169.559982
v 86.556999 198.380020 167.399979
v 91.224998 195.790009 166.449982
v 91.986000 198.630020 166.329987
v 89.773003 197.630020 164.669983
v 87.624001 196.960022 162.769989
v 90.054001 198.320023 161.819992
v 88.117996 199.770020 163.499985
v 89.497002 202.130020 164.579987
v 86.605003 201.790009 165.009979
v 87.625000 202.420013 162.319992
v 91.894997 201.810013 166.249985
v 91.635002 204.160019 164.489990
v 92.086998 201.490021 163.329987
v 91.416000 201.490021 160.469986
v 92.677002 199.130020 161.679977
v 94.232002 201.600021 161.319992
v 90.477997 204.280014 160.259979
v 88.655998 202.060013 159.609985
v 90.906998 202.680008 157.819992
v 90.549004 206.120010 162.549988
v 90.697998 207.180008 159.799988
v 92.972000 205.690018 160.929977
v 94.639999 204.750015 158.699982
v 95.499001 204.280014 161.469986
v 95.542999 207.000015 160.359985
v 93.093002 206.010010 156.529984
v 93.458000 203.090012 156.579987
v 95.739998 204.850021 155.969986
v 93.641998 208.820023 157.189987
v 90.869003 207.840012 157.139984
v 92.372002 208.130020 154.629990
v 95.524002 209.700012 159.279984
v 95.107002 211.360016 156.879990
v 96.539001 208.800018 156.669983
v 97.731003 206.270020 155.719986
v 99.028000 208.840012 155.099991
v 96.483002 208.120010 153.799988
v 95.439003 210.670013 152.749985
v 94.005997 208.150009 152.209991
v 96.596001 208.680008 150.909988
v 96.848999 213.160019 152.079987
v 95.446999 212.910019 154.659988
v 93.905998 213.110016 152.159988
v 99.397003 214.630020 152.189987
v 97.449997 215.230011 150.069992
v 98.921997 212.680008 150.049988
v 100.900002 217.020020 153.029984
v 102.290001 214.450012 152.699982
v 100.430000 214.840012 154.939987
v 98.891998 219.020020 153.809982
v 100.529999 219.450012 151.399979
v 101.760002 219.640015 154.059982
v 98.678001 218.460022 156.689987
v 96.518997 217.640015 154.869980
v 96.943001 220.490021 155.449982
v 100.419998 216.590012 158.149979
v 98.607002 218.380020 159.629990
v 100.959999 219.480011 158.249985
v 103.419998 219.570023 159.869980
v 101.589996 221.890015 159.829987
v 103.190002 221.230011 157.439987
v 104.360001 216.840012 160.409988
v 104.919998 219.000015 162.329987
v 106.290001 218.950012 159.719986
v 105.260002 214.220016 161.399979
v 104.379997 214.510010 158.609985
v 102.410004 214.660019 160.789978
v 105.629997 213.540009 164.239990
v 107.970001 213.880020 162.489990
v 106.220001 211.540009 162.159988
v 106.389999 209.420013 160.119980
v 105.040001 208.890015 162.689987
v 107.970001 209.210022 162.599991
v 109.300003 207.280014 164.379990
v 110.400002 209.990021 164.069992
v 110.570000 208.070023 161.839981
v 110.269997 205.930008 166.809982
v 109.519997 204.340012 164.439987
v 107.440002 205.690018 166.019989
v 112.860001 205.930008 168.219986
v 110.620003 204.320023 169.249985
v 110.519997 207.250015 169.419983
v 111.260002 209.500015 171.169983
v 109.120003 207.650009 171.979980
v 108.680000 209.530014 169.759979
v 113.269997 211.070023 169.709991
v 113.860001 210.090012 172.419983
v 111.889999 212.250015 172.029984
v 113.809998 209.950012 167.039978
v 114.199997 212.830017 167.529984
v 111.480003 211.690018 167.459991
v 109.760002 213.610016 168.879990
v 108.580002 211.210022 167.659988
v 109.599998 213.380020 165.949982
v 111.839996 215.600021 169.499985
v 110.410004 214.240021 171.679977
v 109.010002 216.230011 170.019989
v 112.570000 216.500015 166.799988
v 114.629997 215.370010 168.579987
v 113.480003 218.020020 169.149979
v 109.949997 217.560013 165.999985
v 111.139999 215.320023 164.509979
v 112.300003 218.020020 164.289978
v 107.540001 217.570023 167.709991
v 107.949997 219.710022 165.729980
v 109.650002 219.580017 168.129990
v 111.669998 219.890015 170.249985
v 110.029999 222.190018 169.429977
v 112.099998 221.140015 167.609985
v 111.419998 222.180008 164.939987
v 113.839996 220.540009 165.319992
v 113.730003 223.270020 166.409988
v 109.040001 223.700012 165.769989
v 108.800003 221.560013 163.759979
v 110.160004 224.070023 163.069992
v 107.779999 223.940018 168.419983
v 107.629997 226.170013 166.509979
v 110.190002 225.510010 167.789978
v 112.089996 226.920013 166.029984
v 113.080002 225.390015 168.339981
v 111.599998 227.900009 168.759979
v 109.949997 228.110016 164.399979
v 112.070000 226.520020 163.109985
v 112.690002 229.170013 164.239990
v 107.099998 227.740021 165.039978
v 108.000000 230.210022 163.709991
v 108.690002 229.710022 166.519989
v 110.949997 231.550018 166.939987
v 110.080002 229.780014 169.119980
v 108.389999 232.050018 168.289978
v 110.889999 232.790009 164.269989
v 113.349998 231.490021 165.229980
v 112.459999 234.030014 166.429977
v 108.230003 234.040009 164.299988
v 108.900002 232.060013 162.219986
v 110.150002 234.730011 162.179977
v 106.269997 233.860016 166.489990
v 106.449997 236.310013 164.879990
v 108.610001 235.620010 166.759979
v 110.510002 235.710022 169.009979
v 108.820000 238.050018 168.409988
v 111.010002 237.310013 166.589981
v 113.449997 238.930008 166.269989
v 111.180000 239.320023 164.439987
v 112.790001 236.860016 164.279984
v 114.959999 241.210022 167.369980
v 116.370003 239.060013 165.939987
v 115.209999 238.550018 168.599991
v 115.930000 243.980011 167.629990
v 114.699997 242.630020 169.939987
v 113.040001 243.430008 167.639984
vn -0.1566 0.8547 -0.4950
vn -0.3002 -0.7715 -0.5610
vn -0.5191 0.0105 0.8547
vn 0.9748 -0.0938 0.2024
vn 0.2855 -0.8967 0.3384
vn -0.9981 0.0588 0.0182
vn 0.3253 0.1222 -0.9377
vn 0.3862 0.7164 0.5811
vn -0.3398 0.7624 0.5507
vn -0.3400 0.0850 -0.9366
vn -0.3187 -0.8622 0.3937
vn 0.9999 0.0138 -0.0056
vn -0.8424 0.5293 0.1010
vn 0.6409 0.5049 -0.5782
vn -0.2094 -0.8832 -0.4196
vn 0.4106 -0.1514 0.8992
vn 0.9420 -0.3335 -0.0388
vn -0.4348 -0.1244 -0.8919
vn -0.0026 0.9713 0.2376
vn -0.5063 -0.5133 0.6930
vn -0.8514 -0.5209 0.0606
vn -0.1529 0.8314 -0.5343
vn 0.6999 -0.5584 -0.4453
vn 0.3052 0.2470 0.9197
vn 0.7976 0.5817 -0.1598
vn -0.4966 -0.1298 -0.8582
vn -0.6024 0.4343 0.6697
vn 0.3024 -0.8871 0.3488
vn 0.5103 -0.5785 -0.6364
vn -0.9794 -0.1722 -0.1052
vn 0.1922 0.9616 -0.1957
vn 0.2746 -0.2109 0.9382
vn -0.4034 -0.2892 0.8681
vn -0.5904 0.6822 -0.4313
vn 0.0929 -0.7909 -0.6048
vn 0.9010 0.3995 0.1690
vn -0.7573 -0.2259 0.6127
vn 0.3518 0.9082 0.2269
vn -0.3239 -0.0079 -0.9461
vn 0.7305 -0.6745 0.1068
vn 0.9130 -0.3026 0.2735
vn 0.0789 0.8028 -0.5910
vn -0.5310 0.2357 0.8139
vn -0.4593 -0.7369 -0.4960
vn -0.4029 -0.2553 -0.8789
vn -0.2984 0.9204 0.2525
vn 0.9972 -0.0194 -0.0717
vn -0.2951 -0.6487 0.7015
vn -0.3247 0.0222 0.9456
vn 0.6399 0.7535 -0.1508
vn -0.7783 0.0927 -0.6210
vn 0.4624 -0.8694 -0.1739
vn 0.3646 0.0266 -0.9308
vn -0.4131 0.8837 0.2201
vn 0.7415 -0.1916 0.6430
vn -0.6932 -0.7176 0.0672
vn -0.8318 -0.0151 0.5549
vn 0.6614 0.6313 0.4050
vn -0.2238 0.3042 -0.9259
vn 0.3923 -0.9192 -0.0349
vn 0.8165 0.0881 -0.5706
vn -0.4332 0.8954 0.1025
vn 0.2580 -0.3483 0.9012
vn -0.6420 -0.6331 -0.4325
vn -0.0185 0.0863 0.9961
vn 0.2970 0.8653 -0.4039
vn -0.9158 -0.2245 -0.3331
vn 0.6369 -0.7253 -0.2615
vn -0.1453 -0.1857 0.9718
vn 0.7045 0.7022 -0.1030
vn -0.8544 0.3224 -0.4075
vn 0.2929 -0.8380 -0.4603
vn 0.2204 -0.0481 0.9742
vn 0.8213 -0.1939 -0.5365
vn -0.3357 0.9158 -0.2204
vn -0.7063 -0.6741 -0.2160
vn 0.2587 -0.7996 0.5420
vn 0.0682 -0.2231 -0.9724
vn 0.6139 0.7607 0.2108
vn -0.9405 0.2605 0.2183
vn -0.9060 0.1365 -0.4007
vn 0.6980 0.3157 -0.6428
vn 0.1366 -0.9720 0.1913
vn 0.0721 0.5192 0.8516
vn -0.1319 -0.6736 -0.7272
vn -0.3041 0.8983 -0.3171
vn 0.9693 0.0425 0.2423
vn -0.5330 -0.2680 0.8025
vn 0.6062 0.5229 -0.5993
vn -0.9383 0.0623 -0.3402
vn 0.0455 0.3721 0.9271
vn 0.2874 -0.9577 0.0120
vn -0.2627 -0.7898 -0.5542
vn -0.7476 0.2316 0.6225
vn 0.1907 0.7803 -0.5956
vn 0.8206 -0.2200 0.5275
vn -0.8316 0.0346 -0.5544
vn -0.0019 -0.8326 0.5538
vn 0.0326 0.7997 0.5995
vn 0.8002 -0.0025 -0.5997
vn -0.8502 -0.3898 0.3538
vn 0.2740 -0.4923 -0.8262
vn 0.7182 -0.0846 0.6907
vn -0.1404 0.9654 -0.2197
vn -0.1093 -0.9915 0.0707
vn -0.7500 0.3805 -0.5411
vn 0.8704 0.2087 -0.4460
vn -0.0105 0.4027 0.9153
vn -0.3282 -0.6253 -0.7080
vn -0.6021 -0.0556 0.7965
vn -0.0000 0.9363 -0.3511
vn 0.9307 -0.2543 0.2630
vn -0.9456 -0.0687 -0.3181
vn 0.3488 -0.9151 0.2022
vn 0.0345 0.5609 0.8272
vn 0.5613 0.4204 -0.7129
vn -0.6728 -0.6326 0.3835
vn 0.0602 -0.1335 -0.9892
vn 0.8935 -0.1738 0.4142
vn -0.2801 0.9404 0.1930
vn 0.1277 -0.9324 -0.3381
vn -0.9643 0.2536 -0.0764
vn 0.5550 0.6302 -0.5431
vn 0.2816 0.0488 0.9583
vn -0.4977 -0.2871 -0.8185
vn -0.1905 -0.6368 0.7471
vn -0.2947 0.9188 0.2627
vn 0.9818 0.0076 -0.1898
vn -0.9234 -0.3774 0.0694
vn 0.5944 -0.6572 -0.4636
vn 0.3547 0.1831 0.9169
vn -0.0272 0.8527 -0.5218
vn -0.1916 -0.9464 0.2601
vn -0.4408 0.1998 -0.8751
vn 0.9884 0.1256 -0.0854
vn -0.3559 0.6183 0.7007
vn 0.0110 -0.7326 -0.6805
vn -0.8859 0.0108 0.4638
vn 0.1487 0.8789 -0.4532
vn 0.7279 -0.1566 0.6675
vn -0.8172 -0.1342 -0.5605
vn 0.2594 -0.8694 0.4206
vn -0.1898 0.6730 0.7148
vn 0.7479 0.3304 -0.5757
vn -0.7735 -0.5545 0.3070
vn 0.3660 -0.3768 -0.8509
vn 0.7111 -0.0077 0.7031
vn -0.3075 0.9379 -0.1603
vn 0.2748 -0.9568 -0.0953
vn -0.9035 0.1290 -0.4087
vn 0.6654 0.5848 -0.4639
vn -0.0362 0.2428 0.9694
vn -0.2604 -0.7610 -0.5942
vn -0.4499 -0.1000 0.8875
vn -0.2812 0.8627 -0.4203
vn 0.9920 0.0002 0.1262
vn -0.9790 -0.1407 -0.1476
vn 0.4231 -0.8618 0.2797
vn 0.1358 0.6835 0.7172
vn 0.4192 0.3188 -0.8501
vn -0.7035 -0.6623 0.2579
vn 0.2837 -0.1646 -0.9447
vn 0.7875 -0.0968 0.6086
vn -0.3699 0.9256 0.0808
vn 0.9544 0.2785 -0.1076
vn -0.0854 -0.9816 -0.1710
vn -0.5691 0.5004 -0.6525
vn -0.3016 0.2033 0.9315
vn -0.2039 0.4757 0.8557
vn -0.0887 -0.9866 0.1368
vn 0.9344 0.2124 -0.2859
vn -0.6409 0.3004 -0.7064
vn 0.3432 -0.9328 0.1095
vn 0.7469 0.6509 0.1359
vn -0.7159 0.1739 0.6762
vn -0.3758 0.1092 -0.9203
vn 0.2578 -0.2640 0.9295
vn 0.8154 0.0229 -0.5785
vn -0.4230 0.9060 0.0177
vn -0.6503 -0.6655 -0.3663
vn -0.2094 0.1844 -0.9603
vn 0.4201 0.8089 0.4114
vn 0.6332 -0.7714 0.0632
vn -0.8449 -0.2204 0.4874
vn 0.0353 0.0207 0.9992
vn 0.9258 0.0885 -0.3675
vn -0.5630 0.7580 -0.3292
vn -0.3982 -0.8665 -0.3010
vn -0.0414 0.0477 -0.9980
vn 0.5505 0.7602 0.3451
vn 0.4156 -0.8660 0.2780
vn -0.9244 0.0590 0.3769
vn -0.3921 0.7457 0.5386
vn 0.8696 -0.2836 0.4042
vn 0.1541 0.3108 -0.9379
vn -0.6320 -0.7750 -0.0061
vn 0.3871 -0.8167 -0.4279
vn 0.6659 0.7449 -0.0416
vn -0.2200 -0.1981 0.9552
vn -0.8323 0.2680 -0.4853
vn -0.2366 0.8120 0.5336
vn 0.8091 -0.4340 0.3962
vn 0.1907 0.2662 -0.9449
vn -0.7637 -0.6454 0.0147
vn 0.5914 0.5791 -0.5611
vn 0.2307 0.1231 0.9652
vn 0.1317 -0.9580 -0.2548
vn -0.9556 0.2545 -0.1483
vn -0.7139 0.6319 0.3018
vn 0.0620 -0.7639 0.6424
vn 0.8770 0.4792 -0.0345
vn -0.2274 -0.3467 -0.9100
vn 0.6881 -0.7232 -0.0588
vn -0.0282 0.3558 0.9342
vn -0.8956 -0.3716 -0.2446
vn 0.2383 0.7381 -0.6312
vn -0.5506 -0.6789 0.4858
vn 0.9600 -0.0993 0.2618
vn -0.3159 0.9184 0.2381
vn -0.0925 -0.1372 -0.9862
vn 0.4240 0.3608 0.8307
vn -0.0857 -0.9936 0.0736
vn 0.5705 0.2281 -0.7890
vn -0.9065 0.4061 -0.1153
vn 0.8058 -0.5904 0.0461
vn -0.4602 0.0033 0.8878
vn -0.6265 -0.3437 -0.6995
vn 0.2802 0.9309 -0.2342
vn -0.7233 0.6893 -0.0410
vn -0.3064 -0.8360 -0.4553
vn 0.2133 -0.2033 0.9556
vn 0.8176 0.3489 -0.4580
vn -0.0288 0.0491 -0.9984
vn 0.5337 -0.7986 0.2782
vn -0.9314 -0.0780 0.3555
vn 0.4268 0.8267 0.3666
vn 0.8237 0.3061 0.4772
vn -0.4015 -0.7742 0.4894
vn 0.2389 -0.2814 -0.9294
vn -0.6597 0.7505 -0.0399
vn -0.8404 0.1885 0.5080
vn -0.1509 -0.7694 -0.6207
vn 0.7331 -0.2253 0.6417
vn 0.2584 0.8077 -0.5299
vn -0.5444 -0.7381 0.3986
vn -0.5774 0.5527 -0.6009
vn 0.7542 -0.3893 -0.5287
vn 0.3673 0.5744 0.7315
vn -0.6371 -0.3904 -0.6646
vn -0.5019 0.2760 0.8197
vn 0.4510 0.7987 -0.3983
vn 0.6870 -0.6843 0.2444
vn -0.9236 0.3664 -0.1127
vn -0.0518 -0.9693 0.2403
vn 0.4697 0.4966 0.7299
vn 0.5049 0.1047 -0.8568
vn -0.7377 -0.2144 0.6401
vn -0.2830 -0.2383 -0.9290
vn 0.8158 -0.5240 0.2447
vn 0.2071 0.9772 0.0464
vn -0.5440 -0.8380 -0.0423
vn -0.6081 0.7937 -0.0121
vn 0.6159 0.0375 -0.7870
vn 0.5391 0.0068 0.8422
vn -0.7857 -0.1053 -0.6096
vn -0.2554 -0.2824 0.9247
vn 0.2877 0.9576 0.0117
vn 0.7547 -0.5697 -0.3252
vn -0.9134 0.2607 0.3126
vn -0.0164 -0.9433 -0.3315
vn 0.6461 0.0748 0.7596
vn 0.2826 0.6073 -0.7425
vn -0.6210 -0.6172 0.4831
vn -0.4481 0.3494 -0.8229
vn 0.8289 -0.4962 -0.2581
vn 0.2399 0.7648 0.5979
vn -0.5151 -0.6614 -0.5452
vn -0.6271 0.5030 0.5948
vn 0.4693 0.6399 -0.6085
vn 0.6753 -0.4804 0.5596
vn -0.8894 0.2266 -0.3969
vn -0.0902 -0.8081 0.5821
vn 0.3277 0.7689 0.5490
vn 0.6530 -0.1880 -0.7336
vn -0.8268 -0.0846 0.5560
vn -0.1165 -0.5116 -0.8513
vn 0.7807 -0.3690 0.5043
vn 0.1631 0.9640 -0.2102
vn -0.4929 -0.8664 0.0796
vn -0.6118 0.6995 -0.3694
vn 0.7808 -0.1168 -0.6138
vn 0.3241 0.2839 0.9024
vn -0.5388 -0.2587 -0.8017
vn -0.5562 -0.1066 0.8242
vn 0.2886 0.9534 -0.0880
vn 0.8066 -0.5876 0.0647
vn -0.9699 0.2350 -0.0635
vn 0.1027 -0.9943 -0.0295
vn 0.3733 0.3486 0.8597
vn 0.4951 0.4109 -0.7655
vn -0.0512 -0.4336 0.8996
vn -0.8183 -0.2302 -0.5266
vn 0.8113 -0.3278 -0.4841
vn 0.0578 0.9921 0.1117
vn -0.3873 -0.8871 0.2511
vn -0.4843 0.7265 0.4876
vn -0.0953 0.1364 -0.9861
vn 0.9680 0.0238 0.2498
vn 0.7416 0.2660 0.6159
vn -0.3037 0.7959 -0.5237
vn -0.7650 -0.3566 0.5363
vn 0.3262 -0.7075 -0.6270
vn -0.9943 0.0327 -0.1016
vn 0.3142 0.8267 0.4667
vn 0.4276 -0.0559 -0.9022
vn 0.2524 -0.8042 0.5381
vn 0.0191 -0.2262 0.9739
vn 0.8528 0.4566 -0.2536
vn -0.7745 0.6057 -0.1823
vn -0.0995 -0.8376 -0.5371
vn 0.1337 -0.0683 -0.9887
vn 0.1004 0.9530 0.2860
vn 0.6802 -0.5626 0.4699
vn -0.9167 -0.3228 0.2353
vn -0.1238 0.1339 0.9832
vn 0.9156 0.3025 -0.2648
vn -0.6841 0.5329 -0.4981
vn -0.1092 -0.9693 -0.2201
vn 0.3894 -0.4577 -0.7993
vn 0.0520 0.9910 -0.1232
vn 0.5141 -0.2593 0.8176
vn -0.9563 -0.2722 0.1067
vn -0.5516 0.5972 0.5823
vn 0.9677 0.1202 0.2218
vn -0.1536 0.2360 -0.9595
vn -0.2623 -0.9525 0.1550
vn 0.5379 -0.5661 -0.6246
vn 0.3889 0.9207 0.0315
vn 0.0190 -0.4001 0.9163
vn -0.9447 0.0488 -0.3242
vn -0.5958 0.8006 0.0637
vn 0.7150 0.0592 0.6966
vn 0.4215 -0.0281 -0.9064
vn -0.5370 -0.8314 0.1431
vn 0.1861 0.9767 -0.1070
vn -0.2875 -0.1831 0.9401
vn 0.8295 -0.5209 -0.2012
vn -0.7264 -0.2734 -0.6306
vn 0.7382 -0.2507 0.6263
vn -0.5077 0.7752 0.3759
vn -0.6173 -0.7781 -0.1165
vn 0.3871 0.2546 -0.8862
vn -0.9028 0.2122 -0.3740
vn -0.0941 -0.2798 0.9554
vn 0.5822 0.8113 -0.0536
vn 0.4135 -0.7424 -0.5271
vn -0.7352 0.6257 0.2608
vn -0.2551 -0.9359 0.2428
vn 0.8388 0.2531 0.4821
vn 0.1526 0.0575 -0.9866
vn -0.1186 -0.6843 -0.7194
vn 0.6431 -0.3437 0.6843
vn -0.8817 0.1826 0.4351
vn 0.3569 0.8437 -0.4010
vn -0.2813 -0.8989 0.3358
vn 0.7676 -0.1078 -0.6318
vn 0.2791 0.5733 0.7703
vn -0.7663 0.4329 -0.4747
vn 0.9789 -0.1333 0.1552
vn -0.4015 -0.8472 -0.3479
vn -0.1345 0.7343 -0.6654
vn -0.4428 0.2473 0.8618
vn 0.7299 -0.5574 -0.3957
vn -0.2051 -0.3260 0.9229
vn -0.8198 -0.0710 -0.5682
vn 0.2961 0.9543 0.0413
vn -0.7736 -0.6315 0.0526
vn 0.8539 -0.5053 0.1244
vn -0.0860 0.6912 0.7176
vn 0.0049 0.4437 -0.8962
vn -0.0589 -0.7672 0.6387
vn -0.1091 -0.3351 -0.9358
vn 0.8911 0.4445 0.0913
vn -0.7243 0.6591 0.2024
vn 0.8418 -0.4626 -0.2782
vn -0.7360 -0.6719 0.0829
vn -0.2479 0.6838 -0.6863
vn 0.1417 0.4479 0.8828
vn -0.5634 -0.0039 0.8262
vn -0.5632 0.2580 -0.7850
vn 0.3798 -0.9133 -0.1474
vn 0.7449 0.6586 0.1066
vn -0.3766 -0.6937 -0.6140
vn -0.7255 0.3416 0.5974
vn 0.3726 0.7544 -0.5404
vn 0.7267 -0.4039 0.5557
vn 0.5234 0.3900 0.7576
vn -0.5759 0.7101 -0.4050
vn -0.5770 -0.7423 0.3407
vn 0.6274 -0.3570 -0.6920
vn -0.1056 -0.4757 -0.8732
vn -0.8938 0.3144 0.3197
vn 0.6056 0.7867 -0.1199
vn 0.3935 -0.6261 0.6732
vn -0.2780 -0.2406 0.9300
vn 0.1677 0.9843 -0.0551
vn -0.7263 -0.2492 -0.6406
vn 0.8367 -0.4937 -0.2369
vn 0.6243 0.1235 -0.7713
vn -0.7340 0.6770 -0.0540
vn 0.5001 0.1194 0.8577
vn -0.3925 -0.9191 -0.0333
vn -0.7821 -0.2050 0.5884
vn 0.3134 0.9336 0.1736
vn -0.2718 -0.0835 -0.9587
vn 0.7397 -0.6439 0.1955
vn 0.9720 0.1647 -0.1676
vn -0.5429 0.6698 -0.5066
vn -0.1919 0.0892 0.9774
vn -0.2378 -0.9223 -0.3046
vn -0.9700 -0.2281 -0.0841
vn 0.0981 0.8671 0.4884
vn 0.4022 0.0847 -0.9116
vn 0.4697 -0.7228 0.5069
vn 0.9590 0.1131 0.2598
vn -0.3728 0.8789 -0.2976
vn -0.5202 -0.3347 0.7857
vn -0.0667 -0.6589 -0.7492
vn -0.9034 -0.0132 -0.4286
vn -0.0613 0.4388 0.8965
vn 0.6352 0.5126 -0.5777
vn 0.3279 -0.9383 0.1095
vn 0.5663 -0.4042 0.7182
vn 0.1077 0.9941 0.0119
vn -0.9588 -0.2338 0.1614
vn 0.2862 -0.3573 -0.8890
vn -0.0279 -0.0098 0.9996
vn 0.8564 0.4157 -0.3063
vn -0.7717 0.5298 -0.3518
vn -0.0544 -0.9373 -0.3442
vn 0.4966 -0.4965 -0.7119
vn -0.1194 0.9523 -0.2808
vn 0.5222 -0.0315 0.8523
vn -0.8955 -0.4226 0.1394
vn 0.8616 0.3847 -0.3312
vn -0.6222 -0.1323 -0.7716
vn -0.4145 0.6292 0.6575
vn 0.1735 -0.8802 0.4418
vn -0.2225 0.5963 -0.7713
vn 0.6984 -0.6598 -0.2772
vn -0.8223 -0.4899 0.2897
vn 0.3472 0.5532 0.7572
vn -0.1028 -0.3667 -0.9246
vn 0.6565 0.7542 -0.0106
vn 0.3313 -0.7209 0.6087
vn -0.8853 0.3316 0.3259
vn 0.8376 -0.0936 -0.5382
vn -0.6663 0.5400 -0.5142
vn 0.2104 0.4586 0.8634
vn -0.3802 -0.9050 0.1909
vn 0.3601 0.7424 -0.5650
vn -0.1843 -0.7980 -0.5738
vn -0.8471 0.2971 0.4406
vn 0.6723 -0.2434 0.6992
vn -0.4105 0.1450 -0.9002
vn 0.9885 -0.1156 -0.0979
vn -0.3938 -0.8200 0.4153
vn -0.1842 0.7896 0.5853
vn 0.3039 -0.4851 -0.8199
vn 0.0956 0.9853 -0.1419
vn 0.5585 -0.2800 0.7808
vn -0.9583 -0.2201 0.1820
vn 0.8147 0.3157 -0.4865
vn -0.7746 -0.0375 -0.6313
vn -0.2092 0.6333 0.7451
vn 0.1699 -0.9119 0.3737
vn -0.2039 0.7769 -0.5956
vn 0.5436 -0.6727 -0.5020
vn -0.8557 -0.4210 0.3009
vn 0.5148 0.3170 0.7966
vn -0.3237 -0.2577 -0.9104
vn 0.6911 0.7181 -0.0817
vn 0.4020 -0.7989 0.4474
vn -0.7694 0.3361 0.5433
vn 0.1188 0.0965 -0.9882
vn 0.3019 0.8382 0.4543
vn 0.5438 -0.7716 0.3301
vn -0.9652 -0.1633 0.2041
vn -0.0441 -0.1368 0.9896
vn 0.7276 -0.5695 -0.3825
vn 0.1931 0.9609 -0.1986
vn -0.8755 -0.2529 -0.4118
vn 0.9591 0.0619 0.2761
vn -0.4471 -0.7305 0.5162
vn -0.0527 -0.2007 -0.9782
vn -0.4583 0.8692 0.1855
vn 0.5769 -0.7095 0.4046
vn -0.1676 0.7170 0.6766
vn -0.8719 -0.3989 -0.2840
vn 0.4619 0.3911 -0.7960
vn -0.2678 -0.4441 0.8550
vn 0.9493 0.3079 0.0636
vn -0.5936 0.7878 -0.1644
vn -0.0901 -0.6517 -0.7531
vn 0.3970 0.6574 0.6405
vn 0.0941 -0.9245 0.3694
vn 0.4790 0.0577 -0.8759
vn -0.9681 0.2110 -0.1348
vn 0.7643 -0.1411 0.6292
vn -0.8361 0.1628 0.5239
vn -0.1174 -0.8129 -0.5705
vn 0.1889 0.7890 -0.5847
vn -0.7640 -0.6438 -0.0423
vn 0.4641 -0.0871 0.8815
vn -0.3445 0.9331 -0.1029
vn 0.6447 -0.2039 -0.7367
vn -0.6452 -0.0838 0.7594
vn 0.4289 -0.8868 -0.1724
vn 0.7040 0.6713 0.2319
vn -0.4879 0.2988 -0.8202
vn 0.1845 -0.4961 0.8485
vn -0.8513 -0.3373 -0.4018
vn 0.7526 -0.1459 -0.6421
vn -0.0857 0.9768 0.1963
vn -0.1958 -0.9761 0.0941
vn -0.4473 0.5039 0.7389
vn -0.3450 0.3243 -0.8808
vn 0.9881 0.1460 0.0490
vn -0.9030 -0.3739 0.2118
vn 0.6577 -0.3142 0.6846
vn -0.0420 0.9991 0.0099
vn 0.2857 -0.3119 -0.9061
vn -0.3030 -0.0302 0.9525
vn -0.0648 -0.9149 -0.3984
vn 0.9480 0.3157 -0.0403
vn -0.5826 0.6289 -0.5148
vn 0.2662 -0.7554 0.5987
vn -0.9971 0.0714 -0.0265
vn 0.3454 -0.1725 -0.9225
vn 0.3855 0.8538 0.3500
vn -0.4878 -0.8730 0.0031
vn 0.0128 0.3776 0.9259
vn -0.4620 0.6391 -0.6149
vn 0.9380 -0.1438 -0.3153
vn -0.8359 -0.0952 0.5406
vn 0.6321 -0.7407 0.2276
vn 0.4289 0.8798 0.2050
vn -0.2255 -0.0449 -0.9732
vn 0.0676 -0.2406 0.9683
vn -0.6372 -0.6232 -0.4535
vn 0.9012 -0.0759 -0.4266
vn -0.3305 0.9396 -0.0893
vn 0.0554 -0.9371 0.3447
vn -0.7417 0.4844 0.4639
vn -0.1768 -0.0182 -0.9841
vn 0.8654 0.4697 0.1745
vn -0.8782 -0.4612 0.1264
vn 0.5331 -0.0656 0.8435
vn -0.1572 0.9616 -0.2248
vn 0.5042 -0.4345 -0.7464
vn -0.5349 0.1251 0.8356
vn 0.1070 -0.9769 -0.1851
vn 0.9015 0.4169 0.1160
vn -0.4735 0.4336 -0.7667
vn 0.8340 -0.3597 0.4184
vn -0.7976 -0.3898 0.4604
vn -0.0221 -0.2481 -0.9685
vn -0.0145 0.9960 0.0886
vn -0.4241 0.6913 0.5851
vn -0.6883 -0.3925 -0.6101
vn 0.3917 -0.7217 0.5707
vn 0.7240 0.4222 -0.5454
vn 0.1826 0.2218 -0.9578
vn -0.0803 -0.9911 0.1058
vn -0.8531 0.4356 0.2872
vn 0.7529 0.3344 0.5669
vn -0.6865 -0.4743 -0.5512
vn 0.9029 -0.1361 -0.4078
vn -0.0022 -0.3653 0.9309
vn -0.2136 0.9765 0.0290
vn 0.4512 -0.8817 -0.1379
vn -0.5102 0.2438 -0.8248
vn 0.6872 0.7019 0.1875
vn -0.6288 -0.0641 0.7749
vn 0.5871 -0.0818 -0.8054
vn -0.7169 -0.6962 -0.0363
vn -0.4164 0.9091 0.0147
vn 0.5463 -0.1307 0.8273
vn -0.4989 -0.3802 0.7788
vn -0.6261 0.5354 -0.5670
vn 0.3861 -0.7443 -0.5450
vn 0.7379 0.5878 0.3317
vn -0.8564 -0.2008 0.4757
vn 0.2149 0.9721 0.0942
vn -0.0995 -0.2259 -0.9691
vn 0.7380 -0.5450 0.3979
vn 0.9369 0.2188 -0.2728
vn -0.6402 0.4662 -0.6106
vn -0.1546 0.3023 0.9406
vn -0.1401 -0.9884 -0.0585
vn -0.9445 -0.3255 0.0451
vn 0.0299 0.9729 0.2291
vn 0.3551 -0.1351 -0.9250
vn 0.5611 -0.5114 0.6509
vn 0.7558 0.4845 -0.4405
vn -0.8670 0.3077 -0.3920
vn 0.0092 0.1922 0.9813
vn 0.1028 -0.9835 -0.1488
vn -0.5633 0.3160 0.7635
vn 0.1443 0.7553 -0.6393
vn -0.4660 -0.7516 -0.4668
vn 0.8836 -0.3195 0.3424
vn 0.9385 0.0633 -0.3395
vn -0.6293 -0.0629 -0.7746
vn -0.2195 0.8130 0.5393
vn -0.0914 -0.8133 0.5746
vn 0.2483 0.8546 -0.4560
vn 0.3020 -0.7752 -0.5548
vn -0.9925 -0.0406 0.1156
vn 0.4393 -0.0371 0.8976
vn 0.6741 -0.5787 0.4590
vn -0.7587 -0.5635 -0.3268
vn 0.4294 0.4622 -0.7759
vn -0.3448 0.6815 0.6455
vn 0.3768 -0.8418 -0.3865
vn -0.3894 -0.1925 0.9007
vn -0.7144 0.3527 -0.6043
vn 0.7281 0.6798 0.0873
vn -0.5572 -0.7999 0.2229
vn 0.9486 -0.1735 0.2646
vn -0.3466 0.7966 0.4953
vn -0.0475 0.1738 -0.9836
vn 0.1421 -0.5032 0.8524
vn 0.0515 -0.6329 -0.7725
vn 0.7061 0.7018 -0.0937
vn -0.9003 0.4350 0.0150
vn 0.6910 -0.7229 0.0023
vn -0.8796 -0.3776 0.2892
vn -0.0856 0.3768 -0.9223
vn 0.2772 0.7229 0.6329
vn -0.1930 -0.9140 -0.3568
vn 0.3071 -0.0709 0.9490
vn -0.8298 0.5567 -0.0388
vn 0.7137 0.4288 -0.5538
vn -0.4498 -0.6479 0.6147
vn 0.8568 -0.3951 -0.3314
vn 0.1927 0.8484 0.4930
vn -0.6018 0.1954 -0.7744
vn 0.4555 -0.6130 0.6455
vn -0.4884 -0.5404 -0.6852
vn 0.6810 0.5768 -0.4511
vn -0.6499 0.5795 0.4917
vn 0.4604 -0.8290 -0.3175
vn -0.6843 -0.2428 0.6876
vn -0.4501 0.4498 -0.7714
vn 0.6707 0.6222 0.4038
vn -0.5309 -0.8266 -0.1868
vn 0.7481 -0.2198 0.6261
vn -0.5916 0.6888 0.4190
vn 0.3760 0.3566 -0.8553
vn -0.1705 -0.6644 0.7277
vn 0.4529 -0.4560 -0.7661
vn 0.5877 0.7323 0.3441
vn -0.8694 0.3865 -0.3077
vn 0.5741 -0.7447 0.3404
vn -0.8501 -0.3744 -0.3703
vn 0.4874 0.4939 -0.7201
vn -0.2128 0.6273 0.7491
vn 0.0751 -0.8162 -0.5728
vn -0.1908 -0.2704 0.9436
vn -0.7429 0.5764 -0.3403
vn 0.8589 0.5114 -0.0294
vn -0.5493 -0.8274 0.1171
vn 0.9709 -0.2382 0.0260
vn -0.2053 0.6422 0.7385
vn -0.2159 0.4253 -0.8789
vn 0.2418 -0.7000 0.6720
vn -0.1449 -0.4277 -0.8923
vn 0.7416 0.6678 -0.0633
vn -0.8393 0.4610 0.2881
vn 0.6333 -0.7049 -0.3196
vn -0.7912 -0.4302 0.4346
vn -0.3030 0.5499 -0.7783
vn 0.4642 0.5878 0.6625
vn -0.3036 -0.8667 -0.3957
vn 0.5677 -0.1805 0.8032
vn -0.7971 0.5406 0.2690
vn 0.5324 0.5069 -0.6780
vn -0.3381 -0.7336 0.5895
vn 0.7312 -0.3511 -0.5848
vn 0.3562 0.7444 0.5648
vn -0.7492 0.3422 -0.5671
vn 0.5198 -0.7530 0.4033
vn -0.6774 -0.3686 -0.6366
vn 0.6213 0.6122 -0.4892
vn -0.4666 0.5094 0.7230
vn 0.5088 -0.7627 -0.3992
vn -0.7075 -0.3541 0.6116
vn -0.4270 0.5329 -0.7305
vn 0.6262 0.5846 0.5159
vn -0.3780 0.6910 0.6161
vn -0.7456 -0.4564 -0.4856
vn 0.5164 -0.6733 0.5291
vn 0.6080 0.4409 -0.6603
vn -0.1193 0.4944 -0.8610
vn 0.0236 -0.9837 -0.1783
vn -0.7632 0.2107 0.6109
vn 0.8595 0.2788 0.4283
vn 0.8979 -0.3406 0.2790
vn -0.7074 -0.6465 0.2857
vn -0.0227 0.1013 -0.9946
vn -0.1674 0.8874 0.4295
s 0
f 4136//5505 4139//5505 4137//5505
f 4136//5506 4137//5506 4138//5506
f 4136//5507 4138//5507 4139//5507
f 4139//5508 4138//5508 4137//5508
f 4139//5509 4140//5509 4141//5509
f 4139//5510 4141//5510 4142//5510
f 4139//5511 4142//5511 4140//5511
f 4140//5512 4142//5512 4141//5512
f 4140//5513 4145//5513 4143//5513
f 4140//5514 4143//5514 4144//5514
f 4140//5515 4144//5515 4145//5515
f 4145//5516 4144//5516 4143//5516
f 4145//5517 4146//5517 4147//5517
f 4145//5518 4147//5518 4148//5518
f 4145//5519 4148//5519 4146//5519
f 4146//5520 4148//5520 4147//5520
f 4146//5521 4151//5521 4149//5521
f 4146//5522 4149//5522 4150//5522
f 4146//5523 4150//5523 4151//5523
f 4151//5524 4150//5524 4149//5524
f 4151//5525 4154//5525 4152//5525
f 4151//5526 4152//5526 4153//5526
f 4151//5527 4153//5527 4154//5527
f 4154//5528 4153//5528 4152//5528
f 4154//5529 4157//5529 4155//5529
f 4154//5530 4155//5530 4156//5530
f 4154//5531 4156//5531 4157//5531
f 4157//5532 4156//5532 4155//5532
f 4157//5533 4158//5533 4159//5533
f 4157//5534 4159//5534 4160//5534
f 4157//5535 4160//5535 4158//5535
f 4158//5536 4160//5536 4159//5536
f 4158//5537 4161//5537 4162//5537
f 4158//5538 4162//5538 4163//5538
f 4158//5539 4163//5539 4161//5539
f 4161//5540 4163//5540 4162//5540
f 4161//5541 4164//5541 4165//5541
f 4161//5542 4165//5542 4166//5542
f 4161//5543 4166//5543 4164//5543
f 4164//5544 4166//5544 4165//5544
f 4164//5545 4167//5545 4168//5545
f 4164//5546 4168//5546 4169//5546
f 4164//5547 4169//5547 4167//5547
f 4167//5548 4169//5548 4168//5548
f 4167//5549 4170//5549 4171//5549
f 4167//5550 4171//5550 4172//5550
f 4167//5551 4172//5551 4170//5551
f 4170//5552 4172//5552 4171//5552
f 4170//5553 4173//5553 4174//5553
f 4170//5554 4174//5554 4175//5554
f 4170//5555 4175//5555 4173//5555
f 4173//5556 4175//5556 4174//5556
f 4173//5557 4176//5557 4177//5557
f 4173//5558 4177//5558 4178//5558
f 4173//5559 4178//5559 4176//5559
f 4176//5560 4178//5560 4177//5560
f 4176//5561 4181//5561 4179//5561
f 4176//5562 4179//5562 4180//5562
f 4176//5563 4180//5563 4181//5563
f 4181//5564 4180//5564 4179//5564
f 4181//5565 4184//5565 4182//5565
f 4181//5566 4182//5566 4183//5566
f 4181//5567 4183//5567 4184//5567
f 4184//5568 4183//5568 4182//5568
f 4184//5569 4185//5569 4186//5569
f 4184//5570 4186//5570 4187//5570
f 4184//5571 4187//5571 4185//5571
f 4185//5572 4187//5572 4186//5572
f 4185//5573 4188//5573 4189//5573
f 4185//5574 4189//5574 4190//5574
f 4185//5575 4190//5575 4188//5575
f 4188//5576 4190//5576 4189//5576
f 4188//5577 4193//5577 4191//5577
f 4188//5578 4191//5578 4192//5578
f 4188//5579 4192//5579 4193//5579
f 4193//5580 4192//5580 4191//5580
f 4193//5581 4196//5581 4194//5581
f 4193//5582 4194//5582 4195//5582
f 4193//5583 4195//5583 4196//5583
f 4196//5584 4195//5584 4194//5584
f 4196//5585 4197//5585 4198//5585
f 4196//5586 4198//5586 4199//5586
f 4196//5587 4199//5587 4197//5587
f 4197//5588 4199//5588 4198//5588
f 4197//5589 4202//5589 4200//5589
f 4197//5590 4200//5590 4201//5590
f 4197//5591 4201//5591 4202//5591
f 4202//5592 4201//5592 4200//5592
f 4202//5593 4205//5593 4203//5593
f 4202//5594 4203//5594 4204//5594
f 4202//5595 4204//5595 4205//5595
f 4205//5596 4204//5596 4203//5596
f 4205//5597 4208//5597 4206//5597
f 4205//5598 4206//5598 4207//5598
f 4205//5599 4207//5599 4208//5599
f 4208//5600 4207//5600 4206//5600
f 4208//5601 4209//5601 4210//5601
f 4208//5602 4210//5602 4211//5602
f 4208//5603 4211//5603 4209//5603
f 4209//5604 4211//5604 4210//5604
f 4209//5605 4212//5605 4213//5605
f 4209//5606 4213//5606 4214//5606
f 4209//5607 4214//5607 4212//5607
f 4212//5608 4214//5608 4213//5608
f 4212//5609 4217//5609 4215//5609
f 4212//5610 4215//5610 4216//5610
f 4212//5611 4216//5611 4217//5611
f 4217//5612 4216//5612 4215//5612
f 4217//5613 4218//5613 4219//5613
f 4217//5614 4219//5614 4220//5614
f 4217//5615 4220//5615 4218//5615
f 4218//5616 4220//5616 4219//5616
f 4218//5617 4223//5617 4221//5617
f 4218//5618 4221//5618 4222//5618
f 4218//5619 4222//5619 4223//5619
f 4223//5620 4222//5620 4221//5620
f 4223//5621 4226//5621 4224//5621
f 4223//5622 4224//5622 4225//5622
f 4223//5623 4225//5623 4226//5623
f 4226//5624 4225//5624 4224//5624
f 4226//5625 4229//5625 4227//5625
f 4226//5626 4227//5626 4228//5626
f 4226//5627 4228//5627 4229//5627
f 4229//5628 4228//5628 4227//5628
f 4229//5629 4232//5629 4230//5629
f 4229//5630 4230//5630 4231//5630
f 4229//5631 4231//5631 4232//5631
f 4232//5632 4231//5632 4230//5632
f 4232//5633 4233//5633 4234//5633
f 4232//5634 4234//5634 4235//5634
f 4232//5635 4235//5635 4233//5635
f 4233//5636 4235//5636 4234//5636
f 4233//5637 4238//5637 4236//5637
f 4233//5638 4236//5638 4237//5638
f 4233//5639 4237//5639 4238//5639
f 4238//5640 4237//5640 4236//5640
f 4238//5641 4239//5641 4240//5641
f 4238//5642 4240//5642 4241//5642
f 4238//5643 4241//5643 4239//5643
f 4239//5644 4241//5644 4240//5644
f 4239//5645 4242//5645 4243//5645
f 4239//5646 4243//5646 4244//5646
f 4239//5647 4244//5647 4242//5647
f 4242//5648 4244//5648 4243//5648
f 4242//5649 4245//5649 4246//5649
f 4242//5650 4246//5650 4247//5650
f 4242//5651 4247//5651 4245//5651
f 4245//5652 4247//5652 4246//5652
f 4245//5653 4250//5653 4248//5653
f 4245//5654 4248//5654 4249//5654
f 4245//5655 4249//5655 4250//5655
f 4250//5656 4249//5656 4248//5656
f 4250//5657 4253//5657 4251//5657
f 4250//5658 4251//5658 4252//5658
f 4250//5659 4252//5659 4253//5659
f 4253//5660 4252//5660 4251//5660
f 4253//5661 4256//5661 4254//5661
f 4253//5662 4254//5662 4255//5662
f 4253//5663 4255//5663 4256//5663
f 4256//5664 4255//5664 4254//5664
f 4256//5665 4257//5665 4258//5665
f 4256//5666 4258//5666 4259//5666
f 4256//5667 4259//5667 4257//5667
f 4257//5668 4259//5668 4258//5668
f 4257//5669 4262//5669 4260//5669
f 4257//5670 4260//5670 4261//5670
f 4257//5671 4261//5671 4262//5671
f 4262//5672 4261//5672 4260//5672
f 4262//5673 4265//5673 4263//5673
f 4262//5674 4263//5674 4264//5674
f 4262//5675 4264//5675 4265//5675
f 4265//5676 4264//5676 4263//5676
f 4265//5677 4268//5677 4266//5677
f 4265//5678 4266//5678 4267//5678
f 4265//5679 4267//5679 4268//5679
f 4268//5680 4267//5680 4266//5680
f 4268//5681 4269//5681 4270//5681
f 4268//5682 4270//5682 4271//5682
f 4268//5683 4271//5683 4269//5683
f 4269//5684 4271//5684 4270//5684
f 4269//5685 4272//5685 4273//5685
f 4269//5686 4273//5686 4274//5686
f 4269//5687 4274//5687 4272//5687
f 4272//5688 4274//5688 4273//5688
f 4272//5689 4277//5689 4275//5689
f 4272//5690 4275//5690 4276//5690
f 4272//5691 4276//5691 4277//5691
f 4277//5692 4276//5692 4275//5692
f 4277//5693 4280//5693 4278//5693
f 4277//5694 4278//5694 4279//5694
f 4277//5695 4279//5695 4280//5695
f 4280//5696 4279//5696 4278//5696
f 4280//5697 4281//5697 4282//5697
f 4280//5698 4282//5698 4283//5698
f 4280//5699 4283//5699 4281//5699
f 4281//5700 4283//5700 4282//5700
f 4281//5701 4284//5701 4285//5701
f 4281//5702 4285//5702 4286//5702
f 4281//5703 4286//5703 4284//5703
f 4284//5704 4286//5704 4285//5704
f 4284//5705 4289//5705 4287//5705
f 4284//5706 4287//5706 4288//5706
f 4284//5707 4288//5707 4289//5707
f 4289//5708 4288//5708 4287//5708
f 4289//5709 4290//5709 4291//5709
f 4289//5710 4291//5710 4292//5710
f 4289//5711 4292//5711 4290//5711
f 4290//5712 4292//5712 4291//5712
f 4290//5713 4293//5713 4294//5713
f 4290//5714 4294//5714 4295//5714
f 4290//5715 4295//5715 4293//5715
f 4293//5716 4295//5716 4294//5716
f 4293//5717 4298//5717 4296//5717
f 4293//5718 4296//5718 4297//5718
f 4293//5719 4297//5719 4298//5719
f 4298//5720 4297//5720 4296//5720
f 4298//5721 4301//5721 4299//5721
f 4298//5722 4299//5722 4300//5722
f 4298//5723 4300//5723 4301//5723
f 4301//5724 4300//5724 4299//5724
f 4301//5725 4302//5725 4303//5725
f 4301//5726 4303//5726 4304//5726
f 4301//5727 4304//5727 4302//5727
f 4302//5728 4304//5728 4303//5728
f 4302//5729 4305//5729 4306//5729
f 4302//5730 4306//5730 4307//5730
f 4302//5731 4307//5731 4305//5731
f 4305//5732 4307//5732 4306//5732
f 4308//5733 4311//5733 4309//5733
f 4308//5734 4309//5734 4310//5734
f 4308//5735 4310//5735 4311//5735
f 4311//5736 4310//5736 4309//5736
f 4311//5737 4314//5737 4312//5737
f 4311//5738 4312//5738 4313//5738
f 4311//5739 4313//5739 4314//5739
f 4314//5740 4313//5740 4312//5740
f 4314//5741 4315//5741 4316//5741
f 4314//5742 4316//5742 4317//5742
f 4314//5743 4317//5743 4315//5743
f 4315//5744 4317//5744 4316//5744
f 4315//5745 4320//5745 4318//5745
f 4315//5746 4318//5746 4319//5746
f 4315//5747 4319//5747 4320//5747
f 4320//5748 4319//5748 4318//5748
f 4320//5749 4323//5749 4321//5749
f 4320//5750 4321//5750 4322//5750
f 4320//5751 4322//5751 4323//5751
f 4323//5752 4322//5752 4321//5752
f 4323//5753 4324//5753 4325//5753
f 4323//5754 4325//5754 4326//5754
f 4323//5755 4326//5755 4324//5755
f 4324//5756 4326//5756 4325//5756
f 4324//5757 4329//5757 4327//5757
f 4324//5758 4327//5758 4328//5758
f 4324//5759 4328//5759 4329//5759
f 4329//5760 4328//5760 4327//5760
f 4329//5761 4332//5761 4330//5761
f 4329//5762 4330//5762 4331//5762
f 4329//5763 4331//5763 4332//5763
f 4332//5764 4331//5764 4330//5764
f 4332//5765 4335//5765 4333//5765
f 4332//5766 4333//5766 4334//5766
f 4332//5767 4334//5767 4335//5767
f 4335//5768 4334//5768 4333//5768
f 4335//5769 4338//5769 4336//5769
f 4335//5770 4336//5770 4337//5770
f 4335//5771 4337//5771 4338//5771
f 4338//5772 4337//5772 4336//5772
f 4338//5773 4341//5773 4339//5773
f 4338//5774 4339//5774 4340//5774
f 4338//5775 4340//5775 4341//5775
f 4341//5776 4340//5776 4339//5776
f 4341//5777 4344//5777 4342//5777
f 4341//5778 4342//5778 4343//5778
f 4341//5779 4343//5779 4344//5779
f 4344//5780 4343//5780 4342//5780
f 4344//5781 4345//5781 4346//5781
f 4344//5782 4346//5782 4347//5782
f 4344//5783 4347//5783 4345//5783
f 4345//5784 4347//5784 4346//5784
f 4345//5785 4348//5785 4349//5785
f 4345//5786 4349//5786 4350//5786
f 4345//5787 4350//5787 4348//5787
f 4348//5788 4350//5788 4349//5788
f 4348//5789 4351//5789 4352//5789
f 4348//5790 4352//5790 4353//5790
f 4348//5791 4353//5791 4351//5791
f 4351//5792 4353//5792 4352//5792
f 4351//5793 4356//5793 4354//5793
f 4351//5794 4354//5794 4355//5794
f 4351//5795 4355//5795 4356//5795
f 4356//5796 4355//5796 4354//5796
f 4356//5797 4359//5797 4357//5797
f 4356//5798 4357//5798 4358//5798
f 4356//5799 4358//5799 4359//5799
f 4359//5800 4358//5800 4357//5800
f 4359//5801 4360//5801 4361//5801
f 4359//5802 4361//5802 4362//5802
f 4359//5803 4362//5803 4360//5803
f 4360//5804 4362//5804 4361//5804
f 4360//5805 4363//5805 4364//5805
f 4360//5806 4364//5806 4365//5806
f 4360//5807 4365//5807 4363//5807
f 4363//5808 4365//5808 4364//5808
f 4363//5809 4366//5809 4367//5809
f 4363//5810 4367//5810 4368//5810
f 4363//5811 4368//5811 4366//5811
f 4366//5812 4368//5812 4367//5812
f 4366//5813 4371//5813 4369//5813
f 4366//5814 4369//5814 4370//5814
f 4366//5815 4370//5815 4371//5815
f 4371//5816 4370//5816 4369//5816
f 4371//5817 4372//5817 4373//5817
f 4371//5818 4373//5818 4374//5818
f 4371//5819 4374//5819 4372//5819
f 4372//5820 4374//5820 4373//5820
f 4372//5821 4375//5821 4376//5821
f 4372//5822 4376//5822 4377//5822
f 4372//5823 4377//5823 4375//5823
f 4375//5824 4377//5824 4376//5824
f 4375//5825 4378//5825 4379//5825
f 4375//5826 4379//5826 4380//5826
f 4375//5827 4380//5827 4378//5827
f 4378//5828 4380//5828 4379//5828
f 4378//5829 4381//5829 4382//5829
f 4378//5830 4382//5830 4383//5830
f 4378//5831 4383//5831 4381//5831
f 4381//5832 4383//5832 4382//5832
f 4381//5833 4386//5833 4384//5833
f 4381//5834 4384//5834 4385//5834
f 4381//5835 4385//5835 4386//5835
f 4386//5836 4385//5836 4384//5836
f 4386//5837 4387//5837 4388//5837
f 4386//5838 4388//5838 4389//5838
f 4386//5839 4389//5839 4387//5839
f 4387//5840 4389//5840 4388//5840
f 4387//5841 4390//5841 4391//5841
f 4387//5842 4391//5842 4392//5842
f 4387//5843 4392//5843 4390//5843
f 4390//5844 4392//5844 4391//5844
f 4390//5845 4395//5845 4393//5845
f 4390//5846 4393//5846 4394//5846
f 4390//5847 4394//5847 4395//5847
f 4395//5848 4394//5848 4393//5848
f 4395//5849 4398//5849 4396//5849
f 4395//5850 4396//5850 4397//5850
f 4395//5851 4397//5851 4398//5851
f 4398//5852 4397//5852 4396//5852
f 4398//5853 4399//5853 4400//5853
f 4398//5854 4400//5854 4401//5854
f 4398//5855 4401//5855 4399//5855
f 4399//5856 4401//5856 4400//5856
f 4399//5857 4402//5857 4403//5857
f 4399//5858 4403//5858 4404//5858
f 4399//5859 4404//5859 4402//5859
f 4402//5860 4404//5860 4403//5860
f 4402//5861 4405//5861 4406//5861
f 4402//5862 4406//5862 4407//5862
f 4402//5863 4407//5863 4405//5863
f 4405//5864 4407//5864 4406//5864
f 4405//5865 4408//5865 4409//5865
f 4405//5866 4409//5866 4410//5866
f 4405//5867 4410//5867 4408//5867
f 4408//5868 4410//5868 4409//5868
f 4408//5869 4411//5869 4412//5869
f 4408//5870 4412//5870 4413//5870
f 4408//5871 4413//5871 4411//5871
f 4411//5872 4413//5872 4412//5872
f 4411//5873 4416//5873 4414//5873
f 4411//5874 4414//5874 4415//5874
f 4411//5875 4415//5875 4416//5875
f 4416//5876 4415//5876 4414//5876
f 4416//5877 4419//5877 4417//5877
f 4416//5878 4417//5878 4418//5878
f 4416//5879 4418//5879 4419//5879
f 4419//5880 4418//5880 4417//5880
f 4419//5881 4422//5881 4420//5881
f 4419//5882 4420//5882 4421//5882
f 4419//5883 4421//5883 4422//5883
f 4422//5884 4421//5884 4420//5884
f 4422//5885 4425//5885 4423//5885
f 4422//5886 4423//5886 4424//5886
f 4422//5887 4424//5887 4425//5887
f 4425//5888 4424//5888 4423//5888
f 4425//5889 4428//5889 4426//5889
f 4425//5890 4426//5890 4427//5890
f 4425//5891 4427//5891 4428//5891
f 4428//5892 4427//5892 4426//5892
f 4428//5893 4431//5893 4429//5893
f 4428//5894 4429//5894 4430//5894
f 4428//5895 4430//5895 4431//5895
f 4431//5896 4430//5896 4429//5896
f 4431//5897 4432//5897 4433//5897
f 4431//5898 4433//5898 4434//5898
f 4431//5899 4434//5899 4432//5899
f 4432//5900 4434//5900 4433//5900
f 4432//5901 4437//5901 4435//5901
f 4432//5902 4435//5902 4436//5902
f 4432//5903 4436//5903 4437//5903
f 4437//5904 4436//5904 4435//5904
f 4437//5905 4440//5905 4438//5905
f 4437//5906 4438//5906 4439//5906
f 4437//5907 4439//5907 4440//5907
f 4440//5908 4439//5908 4438//5908
f 4440//5909 4441//5909 4442//5909
f 4440//5910 4442//5910 4443//5910
f 4440//5911 4443//5911 4441//5911
f 4441//5912 4443//5912 4442//5912
f 4441//5913 4446//5913 4444//5913
f 4441//5914 4444//5914 4445//5914
f 4441//5915 4445//5915 4446//5915
f 4446//5916 4445//5916 4444//5916
f 4446//5917 4447//5917 4448//5917
f 4446//5918 4448//5918 4449//5918
f 4446//5919 4449//5919 4447//5919
f 4447//5920 4449//5920 4448//5920
f 4447//5921 4452//5921 4450//5921
f 4447//5922 4450//5922 4451//5922
f 4447//5923 4451//5923 4452//5923
f 4452//5924 4451//5924 4450//5924
f 4452//5925 4453//5925 4454//5925
f 4452//5926 4454//5926 4455//5926
f 4452//5927 4455//5927 4453//5927
f 4453//5928 4455//5928 4454//5928
f 4453//5929 4456//5929 4457//5929
f 4453//5930 4457//5930 4458//5930
f 4453//5931 4458//5931 4456//5931
f 4456//5932 4458//5932 4457//5932
f 4456//5933 4461//5933 4459//5933
f 4456//5934 4459//5934 4460//5934
f 4456//5935 4460//5935 4461//5935
f 4461//5936 4460//5936 4459//5936
f 4461//5937 4462//5937 4463//5937
f 4461//5938 4463//5938 4464//5938
f 4461//5939 4464//5939 4462//5939
f 4462//5940 4464//5940 4463//5940
f 4462//5941 4467//5941 4465//5941
f 4462//5942 4465//5942 4466//5942
f 4462//5943 4466//5943 4467//5943
f 4467//5944 4466//5944 4465//5944
f 4467//5945 4468//5945 4469//5945
f 4467//5946 4469//5946 4470//5946
f 4467//5947 4470//5947 4468//5947
f 4468//5948 4470//5948 4469//5948
f 4468//5949 4471//5949 4472//5949
f 4468//5950 4472//5950 4473//5950
f 4468//5951 4473//5951 4471//5951
f 4471//5952 4473//5952 4472//5952
f 4471//5953 4476//5953 4474//5953
f 4471//5954 4474//5954 4475//5954
f 4471//5955 4475//5955 4476//5955
f 4476//5956 4475//5956 4474//5956
f 4476//5957 4477//5957 4478//5957
f 4476//5958 4478//5958 4479//5958
f 4476//5959 4479//5959 4477//5959
f 4477//5960 4479//5960 4478//5960
f 4477//5961 4480//5961 4481//5961
f 4477//5962 4481//5962 4482//5962
f 4477//5963 4482//5963 4480//5963
f 4480//5964 4482//5964 4481//5964
f 4480//5965 4483//5965 4484//5965
f 4480//5966 4484//5966 4485//5966
f 4480//5967 4485//5967 4483//5967
f 4483//5968 4485//5968 4484//5968
f 4483//5969 4486//5969 4487//5969
f 4483//5970 4487//5970 4488//5970
f 4483//5971 4488//5971 4486//5971
f 4486//5972 4488//5972 4487//5972
f 4486//5973 4489//5973 4490//5973
f 4486//5974 4490//5974 4491//5974
f 4486//5975 4491//5975 4489//5975
f 4489//5976 4491//5976 4490//5976
f 4489//5977 4492//5977 4493//5977
f 4489//5978 4493//5978 4494//5978
f 4489//5979 4494//5979 4492//5979
f 4492//5980 4494//5980 4493//5980
f 4492//5981 4497//5981 4495//5981
f 4492//5982 4495//5982 4496//5982
f 4492//5983 4496//5983 4497//5983
f 4497//5984 4496//5984 4495//5984
f 4497//5985 4500//5985 4498//5985
f 4497//5986 4498//5986 4499//5986
f 4497//5987 4499//5987 4500//5987
f 4500//5988 4499//5988 4498//5988
f 4500//5989 4503//5989 4501//5989
f 4500//5990 4501//5990 4502//5990
f 4500//5991 4502//5991 4503//5991
f 4503//5992 4502//5992 4501//5992
f 4503//5993 4504//5993 4505//5993
f 4503//5994 4505//5994 4506//5994
f 4503//5995 4506//5995 4504//5995
f 4504//5996 4506//5996 4505//5996
f 4504//5997 4509//5997 4507//5997
f 4504//5998 4507//5998 4508//5998
f 4504//5999 4508//5999 4509//5999
f 4509//6000 4508//6000 4507//6000
f 4509//6001 4510//6001 4511//6001
f 4509//6002 4511//6002 4512//6002
f 4509//6003 4512//6003 4510//6003
f 4510//6004 4512//6004 4511//6004
f 4510//6005 4515//6005 4513//6005
f 4510//6006 4513//6006 4514//6006
f 4510//6007 4514//6007 4515//6007
f 4515//6008 4514//6008 4513//6008
f 4515//6009 4518//6009 4516//6009
f 4515//6010 4516//6010 4517//6010
f 4515//6011 4517//6011 4518//6011
f 4518//6012 4517//6012 4516//6012
f 4518//6013 4519//6013 4520//6013
f 4518//6014 4520//6014 4521//6014
f 4518//6015 4521//6015 4519//6015
f 4519//6016 4521//6016 4520//6016
f 4519//6017 4524//6017 4522//6017
f 4519//6018 4522//6018 4523//6018
f 4519//6019 4523//6019 4524//6019
f 4524//6020 4523//6020 4522//6020
f 4524//6021 4527//6021 4525//6021
f 4524//6022 4525//6022 4526//6022
f 4524//6023 4526//6023 4527//6023
f 4527//6024 4526//6024 4525//6024
f 4527//6025 4528//6025 4529//6025
f 4527//6026 4529//6026 4530//6026
f 4527//6027 4530//6027 4528//6027
f 4528//6028 4530//6028 4529//6028
f 4528//6029 4533//6029 4531//6029
f 4528//6030 4531//6030 4532//6030
f 4528//6031 4532//6031 4533//6031
f 4533//6032 4532//6032 4531//6032
f 4533//6033 4534//6033 4535//6033
f 4533//6034 4535//6034 4536//6034
f 4533//6035 4536//6035 4534//6035
f 4534//6036 4536//6036 4535//6036
f 4534//6037 4537//6037 4538//6037
f 4534//6038 4538//6038 4539//6038
f 4534//6039 4539//6039 4537//6039
f 4537//6040 4539//6040 4538//6040
f 4537//6041 4542//6041 4540//6041
f 4537//6042 4540//6042 4541//6042
f 4537//6043 4541//6043 4542//6043
f 4542//6044 4541//6044 4540//6044
f 4542//6045 4543//6045 4544//6045
f 4542//6046 4544//6046 4545//6046
f 4542//6047 4545//6047 4543//6047
f 4543//6048 4545//6048 4544//6048
f 4543//6049 4546//6049 4547//6049
f 4543//6050 4547//6050 4548//6050
f 4543//6051 4548//6051 4546//6051
f 4546//6052 4548//6052 4547//6052
f 4546//6053 4549//6053 4550//6053
f 4546//6054 4550//6054 4551//6054
f 4546//6055 4551//6055 4549//6055
f 4549//6056 4551//6056 4550//6056
f 4549//6057 4554//6057 4552//6057
f 4549//6058 4552//6058 4553//6058
f 4549//6059 4553//6059 4554//6059
f 4554//6060 4553//6060 4552//6060
f 4554//6061 4557//6061 4555//6061
f 4554//6062 4555//6062 4556//6062
f 4554//6063 4556//6063 4557//6063
f 4557//6064 4556//6064 4555//6064
f 4557//6065 4558//6065 4559//6065
f 4557//6066 4559//6066 4560//6066
f 4557//6067 4560//6067 4558//6067
f 4558//6068 4560//6068 4559//6068
f 4558//6069 4561//6069 4562//6069
f 4558//6070 4562//6070 4563//6070
f 4558//6071 4563//6071 4561//6071
f 4561//6072 4563//6072 4562//6072
f 4561//6073 4564//6073 4565//6073
f 4561//6074 4565//6074 4566//6074
f 4561//6075 4566//6075 4564//6075
f 4564//6076 4566//6076 4565//6076
f 4564//6077 4567//6077 4568//6077
f 4564//6078 4568//6078 4569//6078
f 4564//6079 4569//6079 4567//6079
f 4567//6080 4569//6080 4568//6080
f 4567//6081 4570//6081 4571//6081
f 4567//6082 4571//6082 4572//6082
f 4567//6083 4572//6083 4570//6083
f 4570//6084 4572//6084 4571//6084
f 4570//6085 4573//6085 4574//6085
f 4570//6086 4574//6086 4575//6086
f 4570//6087 4575//6087 4573//6087
f 4573//6088 4575//6088 4574//6088
f 4573//6089 4578//6089 4576//6089
f 4573//6090 4576//6090 4577//6090
f 4573//6091 4577//6091 4578//6091
f 4578//6092 4577//6092 4576//6092
f 4578//6093 4579//6093 4580//6093
f 4578//6094 4580//6094 4581//6094
f 4578//6095 4581//6095 4579//6095
f 4579//6096 4581//6096 4580//6096
f 4579//6097 4582//6097 4583//6097
f 4579//6098 4583//6098 4584//6098
f 4579//6099 4584//6099 4582//6099
f 4582//6100 4584//6100 4583//6100
f 4582//6101 4585//6101 4586//6101
f 4582//6102 4586//6102 4587//6102
f 4582//6103 4587//6103 4585//6103
f 4585//6104 4587//6104 4586//6104
f 4585//6105 4590//6105 4588//6105
f 4585//6106 4588//6106 4589//6106
f 4585//6107 4589//6107 4590//6107
f 4590//6108 4589//6108 4588//6108
f 4590//6109 4593//6109 4591//6109
f 4590//6110 4591//6110 4592//6110
f 4590//6111 4592//6111 4593//6111
f 4593//6112 4592//6112 4591//6112
f 4593//6113 4594//6113 4595//6113
f 4593//6114 4595//6114 4596//6114
f 4593//6115 4596//6115 4594//6115
f 4594//6116 4596//6116 4595//6116
f 4594//6117 4597//6117 4598//6117
f 4594//6118 4598//6118 4599//6118
f 4594//6119 4599//6119 4597//6119
f 4597//6120 4599//6120 4598//6120
f 4597//6121 4602//6121 4600//6121
f 4597//6122 4600//6122 4601//6122
f 4597//6123 4601//6123 4602//6123
f 4602//6124 4601//6124 4600//6124
f 4602//6125 4603//6125 4604//6125
f 4602//6126 4604//6126 4605//6126
f 4602//6127 4605//6127 4603//6127
f 4603//6128 4605//6128 4604//6128
f 4603//6129 4606//6129 4607//6129
f 4603//6130 4607//6130 4608//6130
f 4603//6131 4608//6131 4606//6131
f 4606//6132 4608//6132 4607//6132
f 4606//6133 4611//6133 4609//6133
f 4606//6134 4609//6134 4610//6134
f 4606//6135 4610//6135 4611//6135
f 4611//6136 4610//6136 4609//6136
f 4611//6137 4612//6137 4613//6137
f 4611//6138 4613//6138 4614//6138
f 4611//6139 4614//6139 4612//6139
f 4612//6140 4614//6140 4613//6140
f 4612//6141 4615//6141 4616//6141
f 4612//6142 4616//6142 4617//6142
f 4612//6143 4617//6143 4615//6143
f 4615//6144 4617//6144 4616//6144
f 4615//6145 4618//6145 4619//6145
f 4615//6146 4619//6146 4620//6146
f 4615//6147 4620//6147 4618//6147
f 4618//6148 4620//6148 4619//6148
f 4618//6149 4621//6149 4622//6149
f 4618//6150 4622//6150 4623//6150
f 4618//6151 4623//6151 4621//6151
f 4621//6152 4623//6152 4622//6152
f 4621//6153 4626//6153 4624//6153
f 4621//6154 4624//6154 4625//6154
f 4621//6155 4625//6155 4626//6155
f 4626//6156 4625//6156 4624//6156
f 4626//6157 4629//6157 4627//6157
f 4626//6158 4627//6158 4628//6158
f 4626//6159 4628//6159 4629//6159
f 4629//6160 4628//6160 4627//6160
f 4629//6161 4630//6161 4631//6161
f 4629//6162 4631//6162 4632//6162
f 4629//6163 4632//6163 4630//6163
f 4630//6164 4632//6164 4631//6164
f 4630//6165 4633//6165 4634//6165
f 4630//6166 4634//6166 4635//6166
f 4630//6167 4635//6167 4633//6167
f 4633//6168 4635//6168 4634//6168
f 4633//6169 4638//6169 4636//6169
f 4633//6170 4636//6170 4637//6170
f 4633//6171 4637//6171 4638//6171
f 4638//6172 4637//6172 4636//6172
f 4638//6173 4639//6173 4640//6173
f 4638//6174 4640//6174 4641//6174
f 4638//6175 4641//6175 4639//6175
f 4639//6176 4641//6176 4640//6176
f 4639//6177 4642//6177 4643//6177
f 4639//6178 4643//6178 4644//6178
f 4639//6179 4644//6179 4642//6179
f 4642//6180 4644//6180 4643//6180
f 4642//6181 4647//6181 4645//6181
f 4642//6182 4645//6182 4646//6182
f 4642//6183 4646//6183 4647//6183
f 4647//6184 4646//6184 4645//6184
f 4647//6185 4648//6185 4649//6185
f 4647//6186 4649//6186 4650//6186
f 4647//6187 4650//6187 4648//6187
f 4648//6188 4650//6188 4649//6188
f 4648//6189 4651//6189 4652//6189
f 4648//6190 4652//6190 4653//6190
f 4648//6191 4653//6191 4651//6191
f 4651//6192 4653//6192 4652//6192
f 4651//6193 4654//6193 4655//6193
f 4651//6194 4655//6194 4656//6194
f 4651//6195 4656//6195 4654//6195
f 4654//6196 4656//6196 4655//6196
f 4654//6197 4659//6197 4657//6197
f 4654//6198 4657//6198 4658//6198
f 4654//6199 4658//6199 4659//6199
f 4659//6200 4658//6200 4657//6200
f 4659//6201 4662//6201 4660//6201
f 4659//6202 4660//6202 4661//6202
f 4659//6203 4661//6203 4662//6203
f 4662//6204 4661//6204 4660//6204
f 4662//6205 4663//6205 4664//6205
f 4662//6206 4664//6206 4665//6206
f 4662//6207 4665//6207 4663//6207
f 4663//6208 4665//6208 4664//6208
f 4663//6209 4666//6209 4667//6209
f 4663//6210 4667//6210 4668//6210
f 4663//6211 4668//6211 4666//6211
f 4666//6212 4668//6212 4667//6212
f 4666//6213 4669//6213 4670//6213
f 4666//6214 4670//6214 4671//6214
f 4666//6215 4671//6215 4669//6215
f 4669//6216 4671//6216 4670//6216
o Tetrahedrons_Chain_E
v 160.380005 179.140015 112.749985
v 159.149994 181.580017 111.659988
v 162.029999 181.530014 112.269981
v 160.050003 181.520020 114.459984
v 157.880005 182.000015 116.389984
v 160.050003 183.980011 116.079987
v 160.600006 181.380020 117.349983
v 162.229996 179.190018 118.449982
v 162.309998 181.860016 119.689987
v 163.520004 181.430008 117.039986
v 164.389999 183.720016 115.399986
v 165.250000 180.990021 114.699982
v 166.339996 182.300018 117.099983
v 163.410004 186.200012 116.639984
v 162.410004 185.380020 113.999985
v 165.179993 186.320023 114.289986
v 164.740005 187.490021 118.929985
v 162.149994 186.150009 119.299988
v 162.300003 188.680008 117.789986
v 166.330002 189.800018 119.819984
v 167.679993 187.370010 118.859985
v 166.270004 187.340012 121.439987
v 164.490005 185.930008 123.319984
v 167.190002 186.760010 124.179985
v 166.860001 184.570023 122.229988
v 169.119995 184.690018 120.339981
v 167.229996 182.430008 120.239983
v 169.110001 182.690018 122.489983
v 169.600006 187.230011 118.919983
v 171.720001 185.180008 119.039986
v 170.970001 186.680008 121.469986
v 170.710007 188.110016 124.019981
v 173.380005 187.410019 122.999985
v 171.580002 185.300018 123.999985
v 170.089996 182.950012 124.949982
v 172.839996 183.430008 125.889984
v 172.360001 182.610016 123.109985
v 174.750000 183.290009 121.529984
v 172.619995 181.650009 120.339981
v 174.339996 180.520020 122.449982
v 176.360001 184.620010 123.599983
v 175.490005 186.120010 121.219986
v 177.550003 184.030014 120.969986
v 175.440002 184.690018 126.399986
v 178.320007 184.840012 125.789986
v 176.860001 182.320023 125.369987
v 175.919998 179.680008 124.469986
v 178.289993 179.890015 126.189987
v 178.419998 180.790009 123.399986
v 179.270004 181.710022 120.729988
v 180.880005 179.720016 122.179985
v 180.789993 182.510010 123.119987
v 181.639999 181.860016 125.859985
v 180.970001 184.640015 125.149986
v 183.429993 183.390015 124.099983
v 181.970001 178.930008 125.889984
v 184.339996 180.690018 125.879982
v 182.649994 180.480011 123.469986
v 184.240005 178.750015 124.019981
v 181.600006 177.670013 123.249985
v 183.199997 176.320023 125.319984
v 185.740005 181.080017 123.029984
v 187.119995 178.520020 123.469986
v 186.169998 180.100021 125.769981
v 185.259995 180.960022 128.429977
v 188.059998 180.160019 128.029984
v 185.929993 178.140015 127.949982
v 184.240005 175.730011 127.749985
v 186.630005 175.720016 129.469986
v 186.919998 175.750015 126.539986
v 187.899994 175.800018 123.769981
v 189.089996 173.940018 125.709984
v 189.589996 176.830017 125.939987
v 190.330002 177.140015 128.769989
v 190.160004 179.510010 127.029984
v 192.350006 177.570023 126.679985
v 188.729996 176.590012 131.189987
v 191.669998 176.680008 131.359985
v 190.339996 174.450012 129.969986
v 189.710007 172.110016 128.299988
v 191.350006 171.790009 130.729980
v 192.460007 173.170013 128.369980
v 194.080002 173.890015 126.019981
v 195.119995 171.970016 127.999985
v 194.869995 174.820023 128.699982
v 194.309998 177.330017 130.129990
v 196.960007 176.880020 128.929977
v 196.139999 175.350021 131.309982
v 198.869995 174.650009 132.159988
v 196.570007 173.110016 133.169983
v 196.990005 175.870010 134.079987
v 197.169998 178.470016 135.449982
v 198.470001 176.100021 136.609985
v 195.529999 176.310013 136.599991
v 193.750000 174.090012 137.349991
v 192.889999 176.870010 137.759979
v 195.020004 175.730011 139.439987
v 196.970001 176.120010 141.609985
v 194.750000 174.210022 141.939987
v 194.210007 177.100021 141.909988
v 198.360001 178.440018 142.759979
v 199.600006 176.930008 140.559982
v 199.389999 175.730011 143.239990
v 201.220001 173.420013 143.099991
v 199.470001 173.780014 145.439987
v 201.740005 175.610016 145.009979
v 202.139999 178.060013 146.589981
v 204.250000 177.120010 144.769989
v 203.660004 175.620010 147.239990
v 205.259995 173.230011 147.859985
v 203.330002 174.270020 149.829987
v 205.800003 175.770020 149.249985
v 207.949997 176.180008 151.219986
v 206.649994 178.500015 149.949982
v 208.429993 176.770020 148.379990
v 211.759995 177.370010 144.319992
v 210.399994 174.760010 144.269989
v 209.970001 176.600021 146.519989
v 212.570007 175.250015 146.199982
v 207.630005 174.350021 143.369980
v 209.339996 172.030014 143.989990
v 209.869995 173.650009 141.589981
v 206.389999 177.010010 143.199982
v 205.059998 174.860016 144.699982
v 205.190002 174.740021 141.759979
v 204.460007 172.100021 140.689987
v 205.429993 174.200012 138.879990
v 202.770004 174.440018 140.119980
v 201.320007 175.950012 138.039978
v 200.210007 175.750015 140.769989
v 200.250000 173.380020 139.019989
v 198.199997 172.050018 137.379990
v 198.020004 171.980011 140.319992
v 200.119995 170.440018 138.939987
v 195.740005 173.310013 136.379990
v 195.570007 170.960022 138.139984
v 196.550003 170.660019 135.379990
v 196.039993 168.780014 133.169983
v 193.869995 170.490021 134.179977
v 194.880005 168.280014 135.829987
v 198.589996 168.000015 131.919983
v 196.130005 168.070023 130.319992
v 196.490005 165.990021 132.359985
v 200.570007 168.920013 133.899979
v 200.949997 169.540009 131.039978
v 201.270004 166.780014 131.999985
v 202.669998 170.290009 135.449982
v 201.119995 168.110016 136.669983
v 199.830002 170.700012 136.119980
v 204.990005 171.850021 136.379990
v 203.649994 172.570023 133.859985
v 205.240005 170.100021 134.019989
v 206.949997 173.700012 137.569992
v 207.279999 170.790009 137.909988
v 205.100006 172.200012 139.299988
v 206.460007 176.540009 136.979980
v 208.899994 175.230011 135.979980
v 208.589996 175.770020 138.859985
v 209.570007 177.900009 140.639984
v 211.449997 176.460022 138.899979
v 210.240005 175.090012 141.209991
v 214.589996 181.940018 136.909988
v 211.679993 182.070023 136.469986
v 212.750000 180.570023 138.769989
v 213.119995 179.540009 136.039978
v 214.279999 176.880020 136.509979
v 214.259995 178.010010 133.799988
v 211.740005 177.130020 135.039978
v 210.389999 174.680008 134.129990
v 209.490005 177.310013 133.159988
v 209.009995 176.530014 135.949982
v 211.449997 172.120010 135.129990
v 211.509995 172.710022 132.249985
v 208.940002 172.180008 133.579987
v 206.759995 172.370010 131.619980
v 206.139999 172.190018 134.489990
v 207.220001 169.850021 133.069992
v 208.360001 167.190018 133.629990
v 207.020004 167.710022 131.059982
v 205.440002 167.550018 133.529984
v 202.910004 166.570023 132.389984
v 202.880005 168.200012 134.839981
v 203.910004 165.450012 134.919983
v 202.820007 162.980011 136.099991
v 202.509995 165.550018 137.509979
v 205.160004 164.280014 137.319992
v 194.369995 162.740021 139.849991
v 194.520004 165.020020 137.989990
v 191.899994 164.090012 138.959991
v 193.440002 162.440018 137.069992
v 193.649994 159.610016 136.279984
v 193.279999 161.690018 134.229980
v 191.070007 161.010010 136.059982
v 189.100006 163.190018 135.899979
v 188.720001 161.000015 137.829987
v 188.389999 160.490021 134.949982
v 189.179993 166.090012 136.369980
v 187.199997 164.960022 134.509979
v 190.050003 165.000015 133.779984
v 192.509995 164.100021 132.449982
v 190.729996 166.020020 131.099991
v 189.889999 163.220016 131.449982
v 186.970001 162.820023 131.389984
v 188.779999 160.500015 131.199982
v 188.570007 162.390015 128.949982
v 186.160004 165.620010 130.999985
v 185.419998 164.200012 133.469986
v 184.139999 163.480011 130.919983
v 187.070007 166.060013 128.229980
v 188.149994 167.710022 130.419983
v 185.350006 168.050018 129.549988
v 187.710007 163.580017 126.779984
v 186.850006 165.980011 125.299988
v 184.919998 164.510010 126.959984
v 182.600006 163.500015 128.469986
v 182.279999 164.340012 125.669983
v 182.770004 166.350021 127.759987
v 183.509995 168.820023 126.329987
v 183.309998 168.820023 129.269989
v 180.869995 168.600021 127.629982
v 183.250000 167.530014 123.699982
v 185.690002 169.040009 124.359985
v 183.149994 170.470016 123.919983
v 180.389999 166.840012 123.469986
v 181.220001 169.670013 123.579987
v 181.440002 167.970016 125.979988
v 179.589996 169.680008 123.379982
v 178.270004 167.830017 125.259987
v 177.770004 167.600021 122.369987
v 181.500000 171.910019 123.539986
v 178.919998 172.270020 122.169983
v 181.009995 170.580017 120.959984
v 182.259995 168.550018 119.239983
v 181.009995 170.930008 118.039986
v 179.330002 168.840012 119.269981
v 176.600006 169.670013 119.999985
v 177.320007 166.810013 119.969986
v 177.100006 168.310013 117.439987
v 174.029999 171.050018 119.609985
v 175.740005 170.450012 117.289986
v 176.559998 172.510010 119.229988
v 176.889999 172.140015 116.329987
v 178.690002 173.950012 117.789986
v 175.869995 174.690018 117.379982
v 174.419998 170.820023 115.399986
v 177.029999 169.520020 114.979988
v 176.320007 171.930008 113.439987
v 172.270004 170.260010 117.329987
v 171.619995 170.730011 114.499985
v 172.559998 172.960022 116.179985
v 173.500000 175.080017 114.379982
v 173.490005 175.520020 117.289986
v 170.949997 175.400009 115.809982
v 175.630005 174.920013 112.339981
v 173.369995 176.770020 111.969986
v 172.940002 173.870010 111.759987
v 170.009995 173.800018 112.079987
v 171.479996 171.330017 111.449982
v 171.199997 173.440018 109.409988
v 168.710007 176.440018 111.899986
v 168.960007 175.090012 114.509987
v 167.110001 174.040009 112.479988
v 169.789993 179.070023 111.129982
v 166.880005 178.630020 111.199982
v 168.509995 177.350021 109.109985
v 169.949997 175.870010 107.009987
v 168.210007 178.130020 106.289986
v 167.029999 175.610016 107.249985
v 165.300003 173.240021 107.039986
v 164.919998 175.510010 105.199982
v 164.199997 175.780014 108.039986
v 161.789993 177.180008 109.009987
v 164.449997 177.940018 110.029984
v 163.259995 175.360016 110.799988
v 163.449997 174.530014 113.619987
v 164.399994 172.730011 111.489983
v 161.520004 173.220016 111.829987
v 161.820007 175.820023 115.709984
v 164.759995 175.950012 115.839981
v 163.380005 173.400009 116.339981
v 162.470001 170.610016 116.609985
v 163.309998 172.130020 118.989983
v 165.309998 171.280014 117.009987
v 167.580002 172.740021 118.199982
v 167.940002 171.260010 115.679985
v 167.559998 169.800018 118.199982
v 166.600006 172.640015 120.979988
v 166.889999 175.230011 119.609985
v 169.279999 173.710022 120.389984
v 167.300003 169.950012 121.939987
v 164.470001 170.730011 121.669983
v 166.130005 171.920013 123.789986
v 170.210007 170.310013 121.689987
v 168.979996 167.730011 120.969986
v 169.110001 168.560013 123.789986
v 171.250000 172.610016 120.179985
v 173.009995 171.140015 122.029984
v 170.839996 172.820023 123.089981
v 168.880005 174.010010 124.939987
v 171.750000 174.080017 125.589981
v 170.289993 171.530014 125.669983
v 172.399994 169.480011 125.759987
v 169.570007 168.680008 125.849983
v 170.789993 170.030014 128.159988
v 174.910004 171.030014 125.829987
v 174.440002 169.070023 123.679985
v 174.940002 168.140015 126.419983
v 174.850006 173.950012 126.119987
v 177.190002 172.420013 127.059982
v 174.630005 172.230011 128.499985
v 172.410004 171.490021 130.289978
v 174.919998 172.530014 131.409988
v 174.850006 169.850021 130.209991
v 177.539993 169.160019 129.239990
v 175.449997 167.090012 129.359985
v 176.619995 168.160019 131.849991
v 178.809998 171.120010 127.449982
v 180.460007 169.560013 129.329987
v 178.649994 171.650009 130.339981
v 178.139999 171.140015 133.199982
v 176.610001 173.220016 131.769989
v 179.460007 173.630020 132.359985
v 179.449997 168.590012 133.869980
v 176.589996 168.980011 134.459991
v 178.630005 170.440018 136.009979
v 180.990005 167.050018 131.889984
v 181.740005 166.960022 134.739990
v 182.190002 169.410019 133.179977
v 182.729996 172.290009 132.819992
v 184.750000 170.550018 134.069992
v 182.279999 171.200012 135.519989
v 180.110001 171.440018 137.499985
v 182.880005 172.050018 138.269989
v 182.089996 169.270020 137.729980
v 182.190002 166.380020 137.149979
v 183.220001 167.410019 139.719986
v 184.669998 167.960022 137.219986
v 186.350006 170.310013 137.779984
v 186.509995 168.990021 135.159988
v 187.580002 167.640015 137.549988
v 185.710007 170.270020 140.659988
v 184.940002 172.580017 139.009979
v 187.779999 172.100021 139.629990
v 183.839996 168.950012 142.509979
v 186.389999 170.020020 143.509979
v 186.380005 167.630020 141.789978
v 189.240005 167.930008 141.179977
v 187.710007 165.710022 139.999985
v 188.320007 165.710022 142.879990
v 190.630005 170.220016 139.949982
v 192.029999 168.530014 141.909988
v 189.860001 170.310013 142.789978
v 189.169998 168.950012 145.309982
v 187.789993 171.440018 144.549988
v 190.610001 171.520020 145.369980
v 191.250000 166.870010 145.289978
v 188.410004 166.110016 145.319992
v 189.639999 167.310013 147.709991
v 193.419998 166.530014 143.319992
v 193.660004 165.320023 145.989990
v 193.830002 168.250015 145.679977
v 193.529999 171.040009 146.569992
v 196.020004 169.560013 147.139984
v 193.529999 168.850021 148.539978
v 191.399994 167.640015 150.179977
v 193.910004 168.520020 151.449982
v 193.899994 166.160019 149.679977
v 195.029999 164.190018 147.809982
v 195.300003 163.790009 150.719986
v 196.820007 165.930008 149.379990
v 198.149994 168.220016 150.659988
v 198.919998 167.410019 147.939987
v 199.630005 165.710022 150.229980
v 203.330002 172.750015 152.799988
v 201.419998 174.210022 151.109985
v 202.080002 171.410019 150.499985
v 204.080002 173.520020 150.069992
v 200.990005 177.110016 151.379990
v 199.000000 175.220016 152.459991
v 199.300003 175.530014 149.549988
v 197.220001 173.930008 148.219986
v 199.330002 175.220016 146.619980
v 197.250000 176.860016 147.899979
v 196.949997 179.770020 147.589981
v 194.740005 178.180008 148.699982
v 195.440002 177.940018 145.849991
v 194.520004 178.880020 143.209991
v 192.570007 177.970016 145.209991
v 194.350006 176.030014 143.899979
v 196.190002 178.080017 140.919983
v 196.470001 180.770020 142.069992
v 194.050003 180.070023 140.559982
v 193.100006 180.370010 137.789978
v 194.699997 182.500015 139.039978
v 191.940002 182.020020 139.939987
v 191.229996 178.630020 136.319992
v 193.789993 179.420013 135.089981
v 191.649994 181.410019 135.449982
v 190.570007 177.390015 138.909988
v 188.940002 176.790009 136.539978
v 188.809998 179.460022 137.779984
v 187.860001 181.160019 135.569992
v 188.710007 182.380020 138.109985
v 186.210007 180.830017 137.989990
v 188.940002 180.590012 132.889984
v 186.199997 181.630020 133.189987
v 186.820007 178.880020 134.029984
v 184.729996 177.960022 135.879990
v 186.779999 176.080017 134.919983
v 184.720001 177.060013 133.069992
v 184.110001 179.480011 138.319992
v 182.039993 177.790009 137.079987
v 182.910004 180.270020 135.749985
v 183.179993 182.720016 134.139984
v 180.520004 181.570023 134.629990
v 182.410004 180.190018 132.849991
v 183.600006 178.040009 131.229980
v 181.080002 179.300018 130.379990
v 181.119995 177.540009 132.739990
v 180.440002 176.240021 135.289978
v 178.820007 175.720016 132.889984
v 178.699997 178.350021 134.199982
v 177.509995 180.550018 132.639984
v 178.020004 180.900009 135.519989
v 175.880005 179.090012 134.609985
v 179.000000 181.170013 130.169983
v 176.100006 181.710022 130.329987
v 177.080002 178.930008 130.209991
v 175.479996 176.650009 131.159988
v 177.869995 176.190018 129.499985
v 175.460007 177.390015 128.309982
v 173.250000 177.680008 132.779984
v 175.080002 175.670013 133.899979
v 173.179993 174.920013 131.779984
v 172.460007 179.470016 130.579987
v 172.710007 180.530014 133.319992
v 170.500000 178.710022 132.639984
v 172.179993 177.690018 128.249985
v 169.800003 178.980011 129.419983
v 171.190002 176.830017 130.889984
v 169.520004 178.860016 128.749985
v 171.210007 178.010010 131.009979
v 169.990005 176.000015 129.249985
v 167.960007 178.070023 129.719986
v 168.779999 176.280014 131.909988
v 167.179993 175.230011 129.669983
v 168.410004 180.940018 129.209991
v 165.699997 179.810013 128.989990
v 167.740005 179.130020 126.979988
v 169.160004 177.940018 124.689987
v 166.470001 179.080017 124.329987
v 166.820007 176.580017 125.839981
v 166.289993 174.320023 127.649986
v 164.779999 174.570023 125.139984
v 164.289993 176.450012 127.339981
v 163.050003 178.940018 126.389984
v 163.279999 178.430008 129.279984
v 161.389999 176.860016 127.649986
v 164.300003 180.840012 124.509987
v 161.369995 180.560013 124.589981
v 163.020004 178.390015 123.489983
v 161.110001 176.160019 123.319984
v 163.899994 175.770020 122.489983
v 162.110001 177.440018 120.859985
v 159.740005 174.880020 125.589981
v 159.179993 173.990021 122.849983
v 158.229996 176.620010 123.759987
v 155.899994 176.730011 121.959984
v 157.500000 179.150009 122.449982
v 155.789993 178.050018 124.589981
v 154.369995 180.570023 125.139984
v 156.240005 179.460022 127.129982
v 153.669998 178.120010 126.619987
v 152.960007 177.630020 129.439987
v 153.100006 175.380020 127.549988
v 150.919998 177.360016 127.339981
v 148.320007 178.670013 127.769981
v 148.440002 176.020020 126.479988
v 149.410004 178.400009 125.039986
v 145.830002 180.020020 128.569992
v 148.339996 181.550018 128.369980
v 147.970001 179.590012 130.539978
v 143.669998 181.060013 126.849983
v 143.080002 180.230011 129.609985
v 143.729996 178.200012 127.579987
v 142.729996 176.170013 125.699982
v 142.330002 175.830017 128.599991
v 145.020004 175.560013 127.439987
v 144.080002 175.460022 123.179985
v 141.240005 176.240021 123.159988
v 142.039993 173.660019 124.319984
v 146.350006 176.820023 121.889984
v 145.429993 174.210022 120.889984
v 146.800003 174.380020 123.489983
v 146.779999 172.270020 125.539986
v 148.210007 174.800018 126.039986
v 149.259995 172.880020 124.069984
v 151.539993 171.320023 125.099983
v 151.880005 174.170013 124.439987
v 151.500000 172.200012 122.289986
v 152.800003 172.960022 119.759987
v 150.110001 171.770020 119.729988
v 152.449997 170.120010 120.429985
vn -0.9014 -0.3281 0.2827
vn 0.1911 -0.3184 -0.9285
vn 0.6946 -0.3537 0.6264
vn 0.0138 0.9998 0.0170
vn -0.2205 -0.9754 -0.0053
vn -0.5276 0.4672 -0.7094
vn 0.9765 0.1186 -0.1801
vn -0.2267 0.3883 0.8932
vn -0.0833 -0.4961 -0.8643
vn -0.7541 -0.2579 0.6040
vn -0.0355 0.9838 -0.1758
vn 0.8712 -0.2280 0.4348
vn -0.8090 -0.1066 -0.5781
vn 0.2673 -0.8917 0.3653
vn -0.2075 0.6205 0.7563
vn 0.7492 0.3759 -0.5454
vn -0.7389 -0.5114 0.4387
vn 0.2405 -0.4420 -0.8642
vn 0.7983 0.0145 0.6020
vn -0.2995 0.9374 -0.1777
vn 0.4727 -0.8563 0.2078
vn -0.8841 -0.1998 -0.4225
vn 0.5579 0.5414 -0.6290
vn -0.1448 0.5134 0.8458
vn -0.7903 0.3503 0.5027
vn -0.0073 0.3639 -0.9314
vn -0.0416 -0.9985 -0.0343
vn 0.8400 0.2840 0.4624
vn -0.5456 -0.3353 -0.7680
vn -0.3680 0.8769 0.3092
vn 0.9486 0.1184 -0.2935
vn -0.0352 -0.6616 0.7490
vn -0.5694 0.5049 -0.6488
vn -0.5725 -0.6092 0.5487
vn 0.4696 0.6453 0.6025
vn 0.6746 -0.5420 -0.5011
vn -0.7578 0.4216 0.4980
vn -0.3459 -0.4072 -0.8453
vn 0.4174 -0.7101 0.5671
vn 0.6848 0.6954 -0.2179
vn -0.9529 -0.2955 0.0686
vn 0.0436 0.8733 -0.4853
vn 0.5263 -0.6867 -0.5014
vn 0.3799 0.1111 0.9183
vn -0.6207 0.0781 -0.7802
vn -0.3554 0.5351 0.7664
vn 0.9017 0.3468 -0.2580
vn 0.0752 -0.9599 0.2702
vn -0.4535 0.8281 -0.3296
vn -0.6850 -0.7059 0.1803
vn 0.4982 0.2060 0.8422
vn 0.6398 -0.3259 -0.6961
vn -0.8364 0.2709 0.4765
vn -0.1804 -0.0604 -0.9817
vn 0.3030 -0.8914 0.3371
vn 0.7120 0.6815 0.1693
vn -0.8726 -0.4026 -0.2766
vn -0.0615 0.9971 -0.0451
vn 0.7225 -0.3161 -0.6149
vn 0.2129 -0.2794 0.9363
vn -0.5105 0.4347 -0.7419
vn -0.5819 -0.0690 0.8103
vn 0.8084 0.5481 0.2145
vn 0.2859 -0.9158 -0.2821
vn -0.5772 0.8110 0.0957
vn -0.5294 -0.7359 -0.4221
vn 0.3193 -0.2933 0.9011
vn 0.7884 0.2191 -0.5748
vn -0.9525 -0.1640 0.2566
vn 0.0399 0.6876 -0.7250
vn 0.4061 -0.8528 -0.3283
vn 0.5064 0.3259 0.7983
vn -0.0031 0.0099 0.9999
vn 0.3762 0.8623 -0.3389
vn -0.9366 -0.1089 -0.3329
vn 0.5623 -0.7590 -0.3282
vn -0.2496 0.8870 -0.3884
vn -0.8220 -0.4605 0.3350
vn 0.6364 0.1340 0.7596
vn 0.4351 -0.5624 -0.7031
vn -0.7235 0.6061 0.3303
vn -0.2014 -0.2704 -0.9415
vn 0.0454 -0.8146 0.5783
vn 0.8773 0.4787 0.0335
vn -0.9471 -0.1798 -0.2659
vn 0.2380 0.9451 -0.2241
vn 0.6086 -0.6222 -0.4924
vn 0.0995 -0.1439 0.9846
vn -0.3886 0.3434 -0.8550
vn -0.5519 0.3232 0.7687
vn 0.9384 0.3319 0.0963
vn 0.0030 -0.9999 -0.0099
vn -0.3959 0.9100 -0.1236
vn -0.6749 -0.6938 -0.2513
vn 0.2643 -0.1219 0.9567
vn 0.8065 -0.0931 -0.5839
vn -0.9647 0.1074 0.2405
vn 0.1562 0.3434 -0.9261
vn 0.2485 -0.9678 0.0410
vn 0.5605 0.5158 0.6479
vn -0.7778 -0.2585 -0.5730
vn -0.0413 0.9799 0.1954
vn 0.8526 -0.2103 -0.4784
vn -0.0338 -0.5141 0.8571
vn -0.2137 0.6049 -0.7671
vn -0.8278 -0.1607 0.5375
vn 0.6947 0.4288 0.5775
vn 0.3449 -0.8719 -0.3476
vn -0.5488 0.8266 -0.1251
vn -0.4111 -0.7528 -0.5141
vn 0.0286 -0.2361 0.9713
vn 0.9297 0.1627 -0.3305
vn -0.7711 -0.4363 0.4638
vn -0.3157 0.4156 -0.8530
vn 0.6988 -0.6866 -0.2006
vn 0.3872 0.7091 0.5893
vn 0.3167 0.9099 -0.2680
vn 0.0802 -0.6276 -0.7744
vn -0.9574 0.0520 0.2840
vn 0.5578 -0.3352 0.7592
vn -0.7920 0.3266 -0.5159
vn 0.8355 0.2098 -0.5078
vn -0.0711 -0.9888 0.1315
vn 0.0293 0.4523 0.8914
vn 0.7823 -0.6228 0.0133
vn -0.4002 0.0113 -0.9163
vn 0.3021 0.9219 0.2425
vn -0.6855 -0.3093 0.6592
vn 0.5698 -0.7281 -0.3811
vn -0.9598 -0.1816 -0.2140
vn 0.2681 0.8771 -0.3986
vn 0.1194 0.0326 0.9923
vn -0.5649 -0.0691 0.8222
vn -0.4492 0.5981 -0.6637
vn 0.1213 -0.9095 -0.3977
vn 0.8923 0.3818 0.2409
vn 0.5451 0.4738 -0.6916
vn -0.7129 -0.5375 -0.4505
vn -0.4246 0.6698 0.6091
vn 0.5896 -0.6058 0.5341
vn -0.7257 -0.2853 0.6261
vn -0.3971 0.5423 -0.7404
vn 0.4490 -0.8073 -0.3830
vn 0.6722 0.5506 0.4949
vn 0.6531 0.2520 -0.7141
vn -0.7137 -0.5798 -0.3931
vn -0.4138 0.8278 0.3788
vn 0.4732 -0.4982 0.7266
vn -0.6777 0.0226 0.7350
vn -0.4103 0.3443 -0.8445
vn 0.3101 -0.9399 -0.1428
vn 0.7794 0.5741 0.2510
vn -0.7721 0.4116 -0.4842
vn 0.4284 0.6856 0.5885
vn 0.6673 -0.3350 -0.6652
vn -0.3264 -0.7613 0.5602
vn -0.3121 0.0238 0.9497
vn 0.9328 -0.3585 -0.0360
vn -0.0133 0.9247 -0.3804
vn -0.6073 -0.5899 -0.5323
vn 0.5616 0.2107 -0.8001
vn 0.4844 0.2788 0.8292
vn -0.1785 -0.9834 0.0322
vn -0.8667 0.4953 -0.0585
vn -0.5353 -0.1859 0.8239
vn 0.9390 -0.3153 0.1374
vn 0.0029 0.9829 -0.1840
vn -0.4055 -0.4821 -0.7766
vn 0.5130 -0.4839 -0.7090
vn 0.4914 0.8310 0.2607
vn -0.1000 -0.5921 0.7996
vn -0.9046 0.2432 -0.3500
vn -0.5370 0.8435 -0.0128
vn 0.5246 -0.0463 0.8501
vn 0.6273 -0.0065 -0.7788
vn -0.6142 -0.7871 -0.0563
vn 0.5215 0.4361 -0.7334
vn -0.0177 0.6002 0.7997
vn 0.4311 -0.8677 0.2474
vn -0.9347 -0.1673 -0.3137
vn 0.2507 0.7080 -0.6602
vn -0.3917 0.4288 0.8141
vn 0.8133 -0.5222 0.2565
vn -0.6746 -0.6141 -0.4096
vn 0.1785 0.9561 -0.2325
vn -0.9868 -0.1618 0.0091
vn 0.3811 -0.2006 0.9025
vn 0.4264 -0.5947 -0.6816
vn -0.5119 0.8511 0.1165
vn -0.1265 -0.3389 -0.9323
vn -0.3311 -0.6847 0.6492
vn 0.9713 0.1703 0.1660
vn 0.6738 -0.6624 -0.3275
vn -0.8982 -0.4366 0.0507
vn -0.0376 0.7735 -0.6327
vn 0.2612 0.3233 0.9095
vn -0.6122 0.6121 0.5004
vn -0.4741 -0.3573 -0.8047
vn 0.2730 -0.7587 0.5915
vn 0.8135 0.5050 -0.2883
vn 0.5435 -0.0363 -0.8386
vn -0.4830 -0.8671 0.1221
vn -0.6641 0.7449 -0.0643
vn 0.6021 0.1597 0.7823
vn -0.6519 0.0448 0.7570
vn -0.4815 -0.2571 -0.8379
vn 0.7017 -0.6828 0.2036
vn 0.4305 0.8944 -0.1214
vn -0.1525 0.6741 -0.7227
vn 0.2193 -0.8853 -0.4102
vn -0.8268 -0.0843 0.5561
vn 0.7613 0.2983 0.5757
vn 0.1557 0.2510 -0.9554
vn -0.0479 0.8263 0.5612
vn 0.7521 -0.5765 0.3194
vn -0.8614 -0.5027 0.0729
vn -0.5048 -0.0681 0.8606
vn 0.8924 0.4188 0.1681
vn -0.5148 0.5630 -0.6465
vn 0.1313 -0.9146 -0.3824
vn 0.6367 -0.0655 -0.7683
vn -0.1290 0.9606 0.2464
vn 0.3708 -0.4959 0.7852
vn -0.8792 -0.3977 -0.2624
vn -0.5199 0.1153 0.8464
vn 0.9039 0.4148 0.1038
vn -0.4822 0.4456 -0.7542
vn 0.0988 -0.9753 -0.1977
vn 0.6228 -0.3017 -0.7219
vn 0.0257 0.9973 0.0681
vn 0.2821 -0.3992 0.8724
vn -0.9297 -0.2959 -0.2194
vn -0.0086 0.2025 0.9792
vn 0.8714 0.2902 -0.3956
vn -0.7485 0.4898 -0.4471
vn -0.1165 -0.9835 -0.1383
vn 0.5005 -0.7010 -0.5081
vn -0.0723 0.8300 -0.5531
vn 0.4868 0.2070 0.8486
vn -0.9170 -0.3372 0.2131
vn -0.8664 0.1557 -0.4744
vn 0.4350 0.8776 0.2013
vn 0.6052 -0.5445 -0.5807
vn -0.1734 -0.4897 0.8545
vn 0.9177 -0.2857 -0.2762
vn 0.0640 0.6283 0.7753
vn -0.5343 -0.8026 0.2654
vn -0.4473 0.4606 -0.7666
vn -0.2301 -0.2775 0.9328
vn 0.9920 0.0963 -0.0813
vn -0.4396 0.8742 -0.2061
vn -0.3211 -0.6931 -0.6453
vn 0.5143 0.5151 0.6857
vn 0.1241 -0.9794 0.1592
vn 0.3330 0.2339 -0.9135
vn -0.9705 0.2304 0.0704
vn 0.9338 -0.0822 0.3483
vn -0.6487 -0.1043 0.7539
vn -0.1647 -0.7125 -0.6821
vn -0.1200 0.9000 -0.4191
vn 0.0362 -0.7953 0.6051
vn 0.5023 0.7581 0.4160
vn -0.9531 0.2685 -0.1397
vn 0.4144 -0.2342 -0.8795
vn -0.0084 -0.0881 0.9961
vn 0.8766 -0.3251 -0.3549
vn -0.1263 0.9595 -0.2519
vn -0.7413 -0.5464 -0.3898
vn 0.8494 0.3056 0.4302
vn -0.2698 -0.8828 0.3847
vn 0.1412 -0.0964 -0.9853
vn -0.7196 0.6729 0.1712
vn 0.7361 -0.6630 0.1365
vn -0.2157 0.4463 0.8685
vn -0.8112 -0.4744 -0.3418
vn 0.2898 0.6903 -0.6630
vn -0.1203 -0.5240 0.8432
vn 0.9530 0.2924 -0.0795
vn -0.5934 0.8046 0.0226
vn -0.2408 -0.5705 -0.7852
vn 0.4781 0.1854 0.8585
vn 0.2078 -0.9301 -0.3028
vn 0.2986 0.6520 -0.6970
vn -0.9856 0.0939 0.1408
vn 0.9657 -0.2513 0.0657
vn -0.4944 -0.3721 0.7855
vn -0.3846 -0.3735 -0.8442
vn -0.0859 0.9963 -0.0058
vn 0.4157 -0.8321 0.3671
vn 0.3620 0.7935 0.4892
vn -0.9920 -0.0427 0.1190
vn 0.2138 0.0801 -0.9736
vn 0.0762 0.0164 -0.9970
vn 0.6551 0.6436 0.3958
vn 0.1957 -0.9223 0.3333
vn -0.9267 0.2613 0.2700
vn 0.6868 0.2155 0.6942
vn -0.3265 -0.9361 0.1310
vn 0.4067 0.0858 -0.9095
vn -0.7696 0.6332 0.0828
vn 0.7383 -0.6462 0.1929
vn -0.4158 0.2944 0.8605
vn -0.6902 -0.4451 -0.5705
vn 0.3663 0.7969 -0.4804
vn -0.0583 -0.6660 0.7437
vn 0.8714 0.4871 0.0584
vn -0.7541 0.6521 0.0782
vn -0.0558 -0.4727 -0.8794
vn 0.2746 0.0591 0.9597
vn 0.5454 -0.6993 -0.4620
vn 0.1512 0.8849 -0.4406
vn -0.9681 -0.2431 -0.0599
vn -0.0060 0.2616 0.9652
vn -0.4574 -0.8826 -0.1089
vn 0.9443 -0.0737 -0.3209
vn -0.4812 0.6948 -0.5344
vn 0.6277 -0.7600 0.1684
vn 0.0633 0.6573 0.7510
vn -0.9352 -0.3486 -0.0619
vn 0.2432 0.4509 -0.8588
vn -0.0869 -0.4600 0.8837
vn 0.9669 0.1558 -0.2020
vn -0.4802 0.8766 0.0310
vn -0.4009 -0.5742 -0.7138
vn 0.6084 0.2548 0.7516
vn 0.0904 -0.9789 -0.1833
vn 0.2474 0.5143 -0.8211
vn -0.9450 0.2087 0.2517
vn 0.9300 -0.3630 0.0581
vn -0.4872 -0.1923 0.8518
vn -0.4816 -0.4333 -0.7618
vn 0.0403 0.9880 -0.1493
vn 0.2726 -0.8943 0.3548
vn 0.5093 0.7173 0.4755
vn -0.9799 0.1346 0.1473
vn 0.1949 0.0421 -0.9799
vn 0.1111 -0.1831 0.9768
vn 0.7744 -0.3837 -0.5031
vn -0.0401 0.9877 -0.1510
vn -0.8476 -0.4226 -0.3208
vn 0.8836 0.4450 0.1455
vn -0.0090 -0.8848 0.4658
vn -0.1466 -0.1390 -0.9794
vn -0.7303 0.5757 0.3677
vn 0.8841 -0.4219 -0.2010
vn -0.0206 0.2887 0.9572
vn -0.7306 -0.6629 -0.1638
vn -0.1344 0.7949 -0.5917
vn 0.1201 -0.7709 0.6256
vn 0.7750 0.6255 0.0906
vn -0.8473 0.4819 0.2234
vn -0.0474 -0.3361 -0.9406
vn 0.2449 -0.2615 0.9336
vn 0.6445 -0.4135 -0.6432
vn 0.0359 0.9957 -0.0856
vn -0.9251 -0.3203 -0.2041
vn -0.5677 -0.7629 -0.3094
vn 0.0917 0.6690 -0.7376
vn 0.9046 -0.3407 0.2562
vn -0.4280 0.4340 0.7928
vn 0.9101 0.4101 0.0594
vn -0.1641 -0.3163 -0.9344
vn -0.6904 0.6801 0.2467
vn -0.0576 -0.7750 0.6293
vn -0.7805 -0.5700 -0.2569
vn -0.0138 0.8460 -0.5330
vn 0.8489 -0.4955 -0.1840
vn -0.0528 0.2196 0.9742
vn 0.1726 -0.1505 -0.9734
vn -0.9392 0.3187 0.1279
vn 0.6363 0.6890 0.3470
vn 0.1315 -0.8559 0.5002
vn -0.2550 0.8174 -0.5165
vn -0.2656 -0.8163 -0.5130
vn -0.4659 0.0032 0.8848
vn 0.9894 -0.0067 0.1453
vn -0.9399 -0.0714 -0.3339
vn 0.5460 0.5223 -0.6551
vn 0.3884 -0.9156 0.1040
vn 0.0083 0.4668 0.8843
vn -0.0030 -0.3368 -0.9416
vn -0.6498 0.7553 0.0848
vn 0.9166 0.3227 0.2360
vn -0.2628 -0.7388 0.6205
vn -0.1203 0.3196 -0.9399
vn -0.7274 -0.6485 0.2244
vn -0.0425 0.7784 0.6264
vn 0.8888 -0.4492 0.0912
vn -0.9344 0.3209 -0.1548
vn 0.2714 -0.6110 -0.7437
vn 0.0412 -0.4946 0.8682
vn 0.6213 0.7829 0.0310
vn -0.7277 -0.5387 -0.4245
vn 0.0858 0.8768 -0.4731
vn 0.8652 -0.4974 -0.0643
vn -0.2218 0.1572 0.9623
vn -0.0150 -0.0593 -0.9981
vn -0.9088 0.2507 0.3335
vn 0.6617 0.6935 0.2849
vn 0.2628 -0.8870 0.3796
vn -0.4249 0.7133 -0.5574
vn -0.4080 -0.8846 -0.2258
vn -0.1483 0.1963 0.9693
vn 0.9816 -0.0283 -0.1887
vn -0.9950 -0.0106 -0.0996
vn 0.4255 0.0981 -0.8996
vn 0.2983 -0.8585 0.4171
vn 0.2694 0.7685 0.5803
vn -0.3995 -0.5590 -0.7266
vn -0.3590 0.9314 -0.0602
vn 0.9947 0.0193 -0.1011
vn -0.2344 -0.3922 0.8895
vn -0.2783 0.2269 -0.9333
vn -0.7916 -0.3304 0.5139
vn 0.3693 0.8168 0.4432
vn 0.7028 -0.7110 -0.0247
vn -0.8825 0.4516 -0.1317
vn 0.1187 -0.7104 -0.6937
vn 0.0288 -0.4146 0.9095
vn 0.7331 0.6751 -0.0832
vn -0.6932 -0.6780 -0.2445
vn 0.0454 0.7042 -0.7085
vn 0.8916 -0.4458 0.0795
vn -0.2416 0.4227 0.8734
vn -0.2352 -0.3582 -0.9035
vn -0.6918 0.6632 0.2858
vn 0.8933 0.4473 -0.0444
vn 0.0342 -0.7496 0.6611
vn -0.3580 0.5814 -0.7306
vn -0.6082 -0.7822 0.1353
vn 0.0549 0.5291 0.8468
vn 0.9114 -0.3267 -0.2502
vn -0.9806 0.1721 -0.0939
vn 0.3957 -0.1866 -0.8992
vn 0.1434 -0.7887 0.5978
vn 0.4448 0.8023 0.3980
vn -0.5795 -0.5885 -0.5638
vn -0.1365 0.9545 -0.2652
vn 0.9599 -0.2469 -0.1331
vn -0.2417 -0.1184 0.9631
vn -0.0952 0.1927 -0.9766
vn -0.9057 -0.1133 0.4084
vn 0.4740 0.7613 0.4424
vn 0.5307 -0.8385 0.1233
vn -0.7224 0.5988 -0.3458
vn -0.0425 -0.8779 -0.4769
vn -0.1270 -0.1431 0.9815
vn 0.8914 0.4244 -0.1594
vn -0.8772 -0.4360 -0.2010
vn 0.2661 0.5818 -0.7686
vn 0.6948 -0.7045 0.1446
vn -0.0852 0.5602 0.8240
vn -0.4508 -0.4455 -0.7735
vn -0.4403 0.8791 0.1822
vn 0.9643 0.1520 -0.2168
vn -0.0731 -0.5824 0.8096
vn -0.2279 0.5748 -0.7859
vn -0.7378 -0.6567 0.1563
vn 0.1127 0.5743 0.8109
vn 0.8521 -0.4913 -0.1805
vn -0.8814 0.3998 -0.2516
vn 0.3208 -0.5919 -0.7395
vn -0.1029 -0.5388 0.8361
vn 0.6636 0.7315 0.1567
vn -0.6978 -0.5328 -0.4786
vn 0.1048 0.8883 -0.4471
vn 0.8724 -0.4882 -0.0246
vn -0.2802 0.1348 0.9504
vn -0.0104 -0.0008 -0.9999
vn -0.9067 0.2438 0.3442
vn 0.6704 0.6672 0.3247
vn 0.2473 -0.9110 0.3301
vn -0.3430 0.7865 -0.5136
vn -0.4376 -0.8331 -0.3382
vn -0.2083 0.1149 0.9713
vn 0.9902 -0.0702 -0.1208
vn -0.9930 -0.0788 -0.0876
vn 0.3870 0.3177 -0.8656
vn 0.3834 -0.8950 0.2280
vn 0.2217 0.6521 0.7250
vn -0.4032 -0.4035 -0.8214
vn -0.3955 0.9054 0.1543
vn 0.9892 0.0854 -0.1195
vn -0.1912 -0.5884 0.7856
vn -0.0214 0.6818 -0.7312
vn -0.8630 -0.5051 0.0106
vn 0.1265 0.4603 0.8787
vn 0.7559 -0.6355 -0.1575
vn -0.6925 0.6139 -0.3789
vn 0.1255 -0.7776 -0.6161
vn -0.2969 -0.3287 0.8965
vn 0.8645 0.4930 0.0979
vn -0.7511 -0.3046 0.5857
vn 0.7263 -0.6873 0.0057
vn 0.3594 0.8677 0.3435
vn -0.3329 0.1251 -0.9346
vn 0.6493 0.1654 -0.7424
vn 0.4841 -0.0097 0.8750
vn -0.4469 -0.8835 -0.1402
vn -0.6867 0.7269 0.0066
vn -0.5866 0.0939 0.8044
vn 0.5694 -0.8169 0.0923
vn 0.5867 0.8059 -0.0793
vn -0.5692 -0.0835 -0.8180
vn 0.7515 0.0072 -0.6597
vn 0.3649 0.1357 0.9211
vn -0.4757 -0.8786 -0.0429
vn -0.6400 0.7365 -0.2192
vn -0.0697 0.9319 0.3561
vn -0.1711 -0.6544 0.7366
vn 0.9173 -0.1446 -0.3711
vn -0.6782 -0.1344 -0.7224
vn -0.6455 -0.7330 -0.2147
vn 0.6986 -0.3415 0.6288
vn -0.4873 0.7610 0.4282
vn 0.4351 0.3153 -0.8434
vn 0.8373 -0.4329 -0.3340
vn 0.1947 0.4822 0.8541
vn -0.6950 -0.7004 0.1625
vn -0.3352 0.6513 -0.6807
vn 0.4391 -0.8065 0.3960
vn 0.6704 0.7368 -0.0879
vn -0.7460 0.2989 0.5951
vn -0.3637 -0.2277 -0.9032
vn 0.5273 0.7062 0.4725
vn 0.5988 -0.7711 -0.2166
vn -0.3817 0.3740 -0.8453
vn -0.7446 -0.3106 0.5908
vn 0.9351 0.0712 -0.3472
vn 0.0215 -0.1115 0.9935
vn -0.4502 -0.7908 -0.4148
vn -0.5047 0.8319 -0.2307
vn 0.6960 -0.5920 0.4064
vn 0.3487 0.9354 -0.0585
vn -0.8212 -0.0108 0.5706
vn -0.2259 -0.3308 -0.9163
vn 0.5826 0.2386 0.7769
vn 0.5761 -0.2551 -0.7766
vn -0.5666 0.7853 -0.2495
vn -0.5889 -0.7690 0.2484
vn 0.7778 0.6028 -0.1779
vn 0.2979 -0.7744 0.5581
vn -0.3657 -0.3370 -0.8676
vn -0.7085 0.5101 0.4876
vn 0.9641 -0.2116 -0.1604
vn -0.0869 0.5538 0.8281
vn -0.5149 -0.8499 0.1122
vn -0.3637 0.5086 -0.7804
vn 0.5396 -0.2954 0.7884
vn 0.5157 0.6791 -0.5224
vn -0.8581 0.4046 0.3163
vn -0.1968 -0.7875 -0.5840
vn 0.5288 0.6908 0.4932
vn 0.5939 -0.7698 -0.2341
vn -0.3714 0.4003 -0.8377
vn -0.7511 -0.3215 0.5766
vn 0.9143 0.3496 -0.2044
vn 0.0091 -0.4578 0.8890
vn -0.2737 -0.6504 -0.7085
vn -0.6513 0.7584 0.0232
vn 0.7303 -0.6209 0.2847
vn 0.1902 0.9190 0.3454
vn -0.8712 -0.3231 0.3696
vn -0.0504 0.0253 -0.9984
vn 0.5630 -0.0514 0.8249
vn 0.5499 0.3545 -0.7562
vn -0.7740 0.6116 0.1642
vn -0.3382 -0.9115 -0.2343
vn 0.5891 0.7297 0.3470
vn 0.5514 -0.8078 -0.2084
vn -0.4594 0.3128 -0.8313
vn -0.6814 -0.2340 0.6935
vn 0.9617 0.2146 -0.1707
vn -0.1272 -0.2079 0.9698
vn -0.2688 -0.7921 -0.5480
vn -0.5680 0.7837 -0.2513
vn 0.1228 0.7815 -0.6118
vn -0.4273 0.3055 0.8509
vn 0.8916 -0.4051 0.2024
vn -0.5855 -0.6801 -0.4411
vn -0.2685 -0.2085 -0.9404
vn 0.4083 0.9121 0.0377
vn 0.6657 -0.6777 0.3125
vn -0.8057 -0.0290 0.5916
vn 0.7184 0.6457 0.2588
vn 0.2890 -0.9295 0.2293
vn -0.1643 0.0624 -0.9844
vn -0.8397 0.2219 0.4957
vn 0.9728 -0.1787 -0.1472
vn -0.1607 0.1971 0.9671
vn -0.5319 -0.8033 -0.2680
vn -0.2823 0.7846 -0.5520
vn 0.5979 -0.4969 0.6290
vn 0.4052 0.8895 -0.2110
vn -0.8948 0.1322 0.4264
vn -0.1096 -0.5251 -0.8440
vn 0.4209 0.5049 0.7536
vn 0.6955 -0.5414 -0.4724
vn -0.4143 0.6443 -0.6429
vn -0.7050 -0.6090 0.3634
vn 0.8939 0.4482 0.0080
vn -0.0241 -0.7059 0.7079
vn -0.1548 -0.4185 -0.8949
vn -0.7145 0.6771 0.1763
vn 0.8685 -0.4886 0.0837
vn -0.0498 0.7188 0.6934
vn -0.7566 -0.6409 0.1294
vn -0.0642 0.4119 -0.9089
vn 0.2386 -0.2753 0.9313
vn 0.7934 0.4307 -0.4301
vn -0.7603 0.6490 0.0286
vn -0.2697 -0.8050 -0.5285
vn 0.2140 0.7900 0.5746
vn 0.7383 -0.6712 0.0671
vn -0.0984 0.2935 -0.9509
vn -0.8549 -0.4160 0.3099
vn -0.3546 -0.8415 0.4075
vn 0.5878 -0.2317 -0.7751
vn 0.5283 0.5056 0.6821
vn -0.7606 0.5669 -0.3164
vn -0.6772 -0.2290 -0.6993
vn 0.7495 0.5135 -0.4179
vn 0.3587 -0.8416 0.4037
vn -0.4302 0.5536 0.7130
vn -0.2385 0.9651 0.1076
vn 0.9670 -0.1260 0.2216
vn -0.1682 -0.2853 -0.9436
vn -0.5612 -0.5525 0.6162
vn -0.0732 -0.4392 0.8954
vn 0.5295 -0.5866 -0.6128
vn 0.4605 0.8824 0.0966
vn -0.9142 0.1432 -0.3792
vn -0.1991 0.2012 -0.9591
vn 0.9900 -0.0354 0.1368
vn -0.4009 -0.8834 0.2427
vn -0.3899 0.7154 0.5797
vn 0.5516 -0.1954 -0.8109
vn 0.1919 0.9278 0.3200
vn 0.2240 -0.6523 0.7241
vn -0.9697 -0.0793 -0.2311
vn -0.8709 0.4874 -0.0630
vn 0.4041 0.1496 0.9024
vn 0.6246 0.3424 -0.7019
vn -0.1570 -0.9782 -0.1363
vn 0.2635 0.9561 -0.1282
vn -0.8623 -0.0404 0.5047
vn 0.7106 -0.4788 0.5156
vn -0.1136 -0.4365 -0.8925
vn 0.1292 0.5603 0.8181
vn -0.6309 0.4614 -0.6238
vn -0.3818 -0.8872 0.2592
vn 0.8801 -0.1360 -0.4549
vn -0.2469 -0.6741 -0.6962
vn -0.8310 0.3916 0.3950
vn 0.5426 0.7275 -0.4199
vn 0.5351 -0.4445 0.7184
vn -0.4631 -0.8477 -0.2589
vn -0.2536 0.2468 0.9353
vn -0.2728 0.7329 -0.6233
vn 0.9899 -0.1308 -0.0551
vn -0.4043 0.9122 0.0663
vn -0.6018 -0.6673 0.4388
vn 0.8897 -0.0019 0.4566
vn 0.1177 -0.2417 -0.9632
s 0
f 4672//6217 4675//6217 4673//6217
f 4672//6218 4673//6218 4674//6218
f 4672//6219 4674//6219 4675//6219
f 4675//6220 4674//6220 4673//6220
f 4675//6221 4678//6221 4676//6221
f 4675//6222 4676//6222 4677//6222
f 4675//6223 4677//6223 4678//6223
f 4678//6224 4677//6224 4676//6224
f 4678//6225 4681//6225 4679//6225
f 4678//6226 4679//6226 4680//6226
f 4678//6227 4680//6227 4681//6227
f 4681//6228 4680//6228 4679//6228
f 4681//6229 4682//6229 4683//6229
f 4681//6230 4683//6230 4684//6230
f 4681//6231 4684//6231 4682//6231
f 4682//6232 4684//6232 4683//6232
f 4682//6233 4685//6233 4686//6233
f 4682//6234 4686//6234 4687//6234
f 4682//6235 4687//6235 4685//6235
f 4685//6236 4687//6236 4686//6236
f 4685//6237 4688//6237 4689//6237
f 4685//6238 4689//6238 4690//6238
f 4685//6239 4690//6239 4688//6239
f 4688//6240 4690//6240 4689//6240
f 4688//6241 4693//6241 4691//6241
f 4688//6242 4691//6242 4692//6242
f 4688//6243 4692//6243 4693//6243
f 4693//6244 4692//6244 4691//6244
f 4693//6245 4696//6245 4694//6245
f 4693//6246 4694//6246 4695//6246
f 4693//6247 4695//6247 4696//6247
f 4696//6248 4695//6248 4694//6248
f 4696//6249 4697//6249 4698//6249
f 4696//6250 4698//6250 4699//6250
f 4696//6251 4699//6251 4697//6251
f 4697//6252 4699//6252 4698//6252
f 4697//6253 4702//6253 4700//6253
f 4697//6254 4700//6254 4701//6254
f 4697//6255 4701//6255 4702//6255
f 4702//6256 4701//6256 4700//6256
f 4702//6257 4705//6257 4703//6257
f 4702//6258 4703//6258 4704//6258
f 4702//6259 4704//6259 4705//6259
f 4705//6260 4704//6260 4703//6260
f 4705//6261 4708//6261 4706//6261
f 4705//6262 4706//6262 4707//6262
f 4705//6263 4707//6263 4708//6263
f 4708//6264 4707//6264 4706//6264
f 4708//6265 4709//6265 4710//6265
f 4708//6266 4710//6266 4711//6266
f 4708//6267 4711//6267 4709//6267
f 4709//6268 4711//6268 4710//6268
f 4709//6269 4712//6269 4713//6269
f 4709//6270 4713//6270 4714//6270
f 4709//6271 4714//6271 4712//6271
f 4712//6272 4714//6272 4713//6272
f 4712//6273 4717//6273 4715//6273
f 4712//6274 4715//6274 4716//6274
f 4712//6275 4716//6275 4717//6275
f 4717//6276 4716//6276 4715//6276
f 4717//6277 4720//6277 4718//6277
f 4717//6278 4718//6278 4719//6278
f 4717//6279 4719//6279 4720//6279
f 4720//6280 4719//6280 4718//6280
f 4720//6281 4723//6281 4721//6281
f 4720//6282 4721//6282 4722//6282
f 4720//6283 4722//6283 4723//6283
f 4723//6284 4722//6284 4721//6284
f 4723//6285 4724//6285 4725//6285
f 4723//6286 4725//6286 4726//6286
f 4723//6287 4726//6287 4724//6287
f 4724//6288 4726//6288 4725//6288
f 4724//6289 4727//6289 4728//6289
f 4724//6290 4728//6290 4729//6290
f 4724//6291 4729//6291 4727//6291
f 4727//6292 4729//6292 4728//6292
f 4727//6293 4730//6293 4731//6293
f 4727//6294 4731//6294 4732//6294
f 4727//6295 4732//6295 4730//6295
f 4730//6296 4732//6296 4731//6296
f 4730//6297 4735//6297 4733//6297
f 4730//6298 4733//6298 4734//6298
f 4730//6299 4734//6299 4735//6299
f 4735//6300 4734//6300 4733//6300
f 4735//6301 4738//6301 4736//6301
f 4735//6302 4736//6302 4737//6302
f 4735//6303 4737//6303 4738//6303
f 4738//6304 4737//6304 4736//6304
f 4738//6305 4741//6305 4739//6305
f 4738//6306 4739//6306 4740//6306
f 4738//6307 4740//6307 4741//6307
f 4741//6308 4740//6308 4739//6308
f 4741//6309 4744//6309 4742//6309
f 4741//6310 4742//6310 4743//6310
f 4741//6311 4743//6311 4744//6311
f 4744//6312 4743//6312 4742//6312
f 4744//6313 4745//6313 4746//6313
f 4744//6314 4746//6314 4747//6314
f 4744//6315 4747//6315 4745//6315
f 4745//6316 4747//6316 4746//6316
f 4745//6317 4750//6317 4748//6317
f 4745//6318 4748//6318 4749//6318
f 4745//6319 4749//6319 4750//6319
f 4750//6320 4749//6320 4748//6320
f 4750//6321 4753//6321 4751//6321
f 4750//6322 4751//6322 4752//6322
f 4750//6323 4752//6323 4753//6323
f 4753//6324 4752//6324 4751//6324
f 4753//6325 4756//6325 4754//6325
f 4753//6326 4754//6326 4755//6326
f 4753//6327 4755//6327 4756//6327
f 4756//6328 4755//6328 4754//6328
f 4756//6329 4759//6329 4757//6329
f 4756//6330 4757//6330 4758//6330
f 4756//6331 4758//6331 4759//6331
f 4759//6332 4758//6332 4757//6332
f 4759//6333 4762//6333 4760//6333
f 4759//6334 4760//6334 4761//6334
f 4759//6335 4761//6335 4762//6335
f 4762//6336 4761//6336 4760//6336
f 4762//6337 4765//6337 4763//6337
f 4762//6338 4763//6338 4764//6338
f 4762//6339 4764//6339 4765//6339
f 4765//6340 4764//6340 4763//6340
f 4765//6341 4768//6341 4766//6341
f 4765//6342 4766//6342 4767//6342
f 4765//6343 4767//6343 4768//6343
f 4768//6344 4767//6344 4766//6344
f 4768//6345 4769//6345 4770//6345
f 4768//6346 4770//6346 4771//6346
f 4768//6347 4771//6347 4769//6347
f 4769//6348 4771//6348 4770//6348
f 4769//6349 4774//6349 4772//6349
f 4769//6350 4772//6350 4773//6350
f 4769//6351 4773//6351 4774//6351
f 4774//6352 4773//6352 4772//6352
f 4774//6353 4777//6353 4775//6353
f 4774//6354 4775//6354 4776//6354
f 4774//6355 4776//6355 4777//6355
f 4777//6356 4776//6356 4775//6356
f 4777//6357 4780//6357 4778//6357
f 4777//6358 4778//6358 4779//6358
f 4777//6359 4779//6359 4780//6359
f 4780//6360 4779//6360 4778//6360
f 4780//6361 4783//6361 4781//6361
f 4780//6362 4781//6362 4782//6362
f 4780//6363 4782//6363 4783//6363
f 4783//6364 4782//6364 4781//6364
f 4783//6365 4784//6365 4785//6365
f 4783//6366 4785//6366 4786//6366
f 4783//6367 4786//6367 4784//6367
f 4784//6368 4786//6368 4785//6368
f 4787//6369 4788//6369 4789//6369
f 4787//6370 4789//6370 4790//6370
f 4787//6371 4790//6371 4788//6371
f 4788//6372 4790//6372 4789//6372
f 4788//6373 4791//6373 4792//6373
f 4788//6374 4792//6374 4793//6374
f 4788//6375 4793//6375 4791//6375
f 4791//6376 4793//6376 4792//6376
f 4791//6377 4796//6377 4794//6377
f 4791//6378 4794//6378 4795//6378
f 4791//6379 4795//6379 4796//6379
f 4796//6380 4795//6380 4794//6380
f 4796//6381 4799//6381 4797//6381
f 4796//6382 4797//6382 4798//6382
f 4796//6383 4798//6383 4799//6383
f 4799//6384 4798//6384 4797//6384
f 4799//6385 4802//6385 4800//6385
f 4799//6386 4800//6386 4801//6386
f 4799//6387 4801//6387 4802//6387
f 4802//6388 4801//6388 4800//6388
f 4802//6389 4803//6389 4804//6389
f 4802//6390 4804//6390 4805//6390
f 4802//6391 4805//6391 4803//6391
f 4803//6392 4805//6392 4804//6392
f 4803//6393 4808//6393 4806//6393
f 4803//6394 4806//6394 4807//6394
f 4803//6395 4807//6395 4808//6395
f 4808//6396 4807//6396 4806//6396
f 4808//6397 4809//6397 4810//6397
f 4808//6398 4810//6398 4811//6398
f 4808//6399 4811//6399 4809//6399
f 4809//6400 4811//6400 4810//6400
f 4809//6401 4812//6401 4813//6401
f 4809//6402 4813//6402 4814//6402
f 4809//6403 4814//6403 4812//6403
f 4812//6404 4814//6404 4813//6404
f 4812//6405 4815//6405 4816//6405
f 4812//6406 4816//6406 4817//6406
f 4812//6407 4817//6407 4815//6407
f 4815//6408 4817//6408 4816//6408
f 4815//6409 4818//6409 4819//6409
f 4815//6410 4819//6410 4820//6410
f 4815//6411 4820//6411 4818//6411
f 4818//6412 4820//6412 4819//6412
f 4818//6413 4821//6413 4822//6413
f 4818//6414 4822//6414 4823//6414
f 4818//6415 4823//6415 4821//6415
f 4821//6416 4823//6416 4822//6416
f 4821//6417 4824//6417 4825//6417
f 4821//6418 4825//6418 4826//6418
f 4821//6419 4826//6419 4824//6419
f 4824//6420 4826//6420 4825//6420
f 4824//6421 4829//6421 4827//6421
f 4824//6422 4827//6422 4828//6422
f 4824//6423 4828//6423 4829//6423
f 4829//6424 4828//6424 4827//6424
f 4829//6425 4830//6425 4831//6425
f 4829//6426 4831//6426 4832//6426
f 4829//6427 4832//6427 4830//6427
f 4830//6428 4832//6428 4831//6428
f 4833//6429 4836//6429 4834//6429
f 4833//6430 4834//6430 4835//6430
f 4833//6431 4835//6431 4836//6431
f 4836//6432 4835//6432 4834//6432
f 4836//6433 4839//6433 4837//6433
f 4836//6434 4837//6434 4838//6434
f 4836//6435 4838//6435 4839//6435
f 4839//6436 4838//6436 4837//6436
f 4839//6437 4840//6437 4841//6437
f 4839//6438 4841//6438 4842//6438
f 4839//6439 4842//6439 4840//6439
f 4840//6440 4842//6440 4841//6440
f 4840//6441 4845//6441 4843//6441
f 4840//6442 4843//6442 4844//6442
f 4840//6443 4844//6443 4845//6443
f 4845//6444 4844//6444 4843//6444
f 4845//6445 4848//6445 4846//6445
f 4845//6446 4846//6446 4847//6446
f 4845//6447 4847//6447 4848//6447
f 4848//6448 4847//6448 4846//6448
f 4848//6449 4851//6449 4849//6449
f 4848//6450 4849//6450 4850//6450
f 4848//6451 4850//6451 4851//6451
f 4851//6452 4850//6452 4849//6452
f 4851//6453 4854//6453 4852//6453
f 4851//6454 4852//6454 4853//6454
f 4851//6455 4853//6455 4854//6455
f 4854//6456 4853//6456 4852//6456
f 4854//6457 4855//6457 4856//6457
f 4854//6458 4856//6458 4857//6458
f 4854//6459 4857//6459 4855//6459
f 4855//6460 4857//6460 4856//6460
f 4858//6461 4861//6461 4859//6461
f 4858//6462 4859//6462 4860//6462
f 4858//6463 4860//6463 4861//6463
f 4861//6464 4860//6464 4859//6464
f 4861//6465 4864//6465 4862//6465
f 4861//6466 4862//6466 4863//6466
f 4861//6467 4863//6467 4864//6467
f 4864//6468 4863//6468 4862//6468
f 4864//6469 4865//6469 4866//6469
f 4864//6470 4866//6470 4867//6470
f 4864//6471 4867//6471 4865//6471
f 4865//6472 4867//6472 4866//6472
f 4865//6473 4870//6473 4868//6473
f 4865//6474 4868//6474 4869//6474
f 4865//6475 4869//6475 4870//6475
f 4870//6476 4869//6476 4868//6476
f 4870//6477 4873//6477 4871//6477
f 4870//6478 4871//6478 4872//6478
f 4870//6479 4872//6479 4873//6479
f 4873//6480 4872//6480 4871//6480
f 4873//6481 4874//6481 4875//6481
f 4873//6482 4875//6482 4876//6482
f 4873//6483 4876//6483 4874//6483
f 4874//6484 4876//6484 4875//6484
f 4874//6485 4877//6485 4878//6485
f 4874//6486 4878//6486 4879//6486
f 4874//6487 4879//6487 4877//6487
f 4877//6488 4879//6488 4878//6488
f 4877//6489 4880//6489 4881//6489
f 4877//6490 4881//6490 4882//6490
f 4877//6491 4882//6491 4880//6491
f 4880//6492 4882//6492 4881//6492
f 4880//6493 4885//6493 4883//6493
f 4880//6494 4883//6494 4884//6494
f 4880//6495 4884//6495 4885//6495
f 4885//6496 4884//6496 4883//6496
f 4885//6497 4888//6497 4886//6497
f 4885//6498 4886//6498 4887//6498
f 4885//6499 4887//6499 4888//6499
f 4888//6500 4887//6500 4886//6500
f 4888//6501 4889//6501 4890//6501
f 4888//6502 4890//6502 4891//6502
f 4888//6503 4891//6503 4889//6503
f 4889//6504 4891//6504 4890//6504
f 4889//6505 4892//6505 4893//6505
f 4889//6506 4893//6506 4894//6506
f 4889//6507 4894//6507 4892//6507
f 4892//6508 4894//6508 4893//6508
f 4892//6509 4895//6509 4896//6509
f 4892//6510 4896//6510 4897//6510
f 4892//6511 4897//6511 4895//6511
f 4895//6512 4897//6512 4896//6512
f 4895//6513 4898//6513 4899//6513
f 4895//6514 4899//6514 4900//6514
f 4895//6515 4900//6515 4898//6515
f 4898//6516 4900//6516 4899//6516
f 4898//6517 4903//6517 4901//6517
f 4898//6518 4901//6518 4902//6518
f 4898//6519 4902//6519 4903//6519
f 4903//6520 4902//6520 4901//6520
f 4903//6521 4906//6521 4904//6521
f 4903//6522 4904//6522 4905//6522
f 4903//6523 4905//6523 4906//6523
f 4906//6524 4905//6524 4904//6524
f 4906//6525 4907//6525 4908//6525
f 4906//6526 4908//6526 4909//6526
f 4906//6527 4909//6527 4907//6527
f 4907//6528 4909//6528 4908//6528
f 4907//6529 4912//6529 4910//6529
f 4907//6530 4910//6530 4911//6530
f 4907//6531 4911//6531 4912//6531
f 4912//6532 4911//6532 4910//6532
f 4912//6533 4913//6533 4914//6533
f 4912//6534 4914//6534 4915//6534
f 4912//6535 4915//6535 4913//6535
f 4913//6536 4915//6536 4914//6536
f 4913//6537 4916//6537 4917//6537
f 4913//6538 4917//6538 4918//6538
f 4913//6539 4918//6539 4916//6539
f 4916//6540 4918//6540 4917//6540
f 4916//6541 4921//6541 4919//6541
f 4916//6542 4919//6542 4920//6542
f 4916//6543 4920//6543 4921//6543
f 4921//6544 4920//6544 4919//6544
f 4921//6545 4922//6545 4923//6545
f 4921//6546 4923//6546 4924//6546
f 4921//6547 4924//6547 4922//6547
f 4922//6548 4924//6548 4923//6548
f 4922//6549 4927//6549 4925//6549
f 4922//6550 4925//6550 4926//6550
f 4922//6551 4926//6551 4927//6551
f 4927//6552 4926//6552 4925//6552
f 4927//6553 4928//6553 4929//6553
f 4927//6554 4929//6554 4930//6554
f 4927//6555 4930//6555 4928//6555
f 4928//6556 4930//6556 4929//6556
f 4928//6557 4931//6557 4932//6557
f 4928//6558 4932//6558 4933//6558
f 4928//6559 4933//6559 4931//6559
f 4931//6560 4933//6560 4932//6560
f 4931//6561 4936//6561 4934//6561
f 4931//6562 4934//6562 4935//6562
f 4931//6563 4935//6563 4936//6563
f 4936//6564 4935//6564 4934//6564
f 4936//6565 4939//6565 4937//6565
f 4936//6566 4937//6566 4938//6566
f 4936//6567 4938//6567 4939//6567
f 4939//6568 4938//6568 4937//6568
f 4939//6569 4942//6569 4940//6569
f 4939//6570 4940//6570 4941//6570
f 4939//6571 4941//6571 4942//6571
f 4942//6572 4941//6572 4940//6572
f 4942//6573 4945//6573 4943//6573
f 4942//6574 4943//6574 4944//6574
f 4942//6575 4944//6575 4945//6575
f 4945//6576 4944//6576 4943//6576
f 4945//6577 4946//6577 4947//6577
f 4945//6578 4947//6578 4948//6578
f 4945//6579 4948//6579 4946//6579
f 4946//6580 4948//6580 4947//6580
f 4946//6581 4951//6581 4949//6581
f 4946//6582 4949//6582 4950//6582
f 4946//6583 4950//6583 4951//6583
f 4951//6584 4950//6584 4949//6584
f 4951//6585 4954//6585 4952//6585
f 4951//6586 4952//6586 4953//6586
f 4951//6587 4953//6587 4954//6587
f 4954//6588 4953//6588 4952//6588
f 4954//6589 4955//6589 4956//6589
f 4954//6590 4956//6590 4957//6590
f 4954//6591 4957//6591 4955//6591
f 4955//6592 4957//6592 4956//6592
f 4955//6593 4958//6593 4959//6593
f 4955//6594 4959//6594 4960//6594
f 4955//6595 4960//6595 4958//6595
f 4958//6596 4960//6596 4959//6596
f 4958//6597 4961//6597 4962//6597
f 4958//6598 4962//6598 4963//6598
f 4958//6599 4963//6599 4961//6599
f 4961//6600 4963//6600 4962//6600
f 4961//6601 4964//6601 4965//6601
f 4961//6602 4965//6602 4966//6602
f 4961//6603 4966//6603 4964//6603
f 4964//6604 4966//6604 4965//6604
f 4964//6605 4969//6605 4967//6605
f 4964//6606 4967//6606 4968//6606
f 4964//6607 4968//6607 4969//6607
f 4969//6608 4968//6608 4967//6608
f 4969//6609 4972//6609 4970//6609
f 4969//6610 4970//6610 4971//6610
f 4969//6611 4971//6611 4972//6611
f 4972//6612 4971//6612 4970//6612
f 4972//6613 4973//6613 4974//6613
f 4972//6614 4974//6614 4975//6614
f 4972//6615 4975//6615 4973//6615
f 4973//6616 4975//6616 4974//6616
f 4973//6617 4976//6617 4977//6617
f 4973//6618 4977//6618 4978//6618
f 4973//6619 4978//6619 4976//6619
f 4976//6620 4978//6620 4977//6620
f 4976//6621 4981//6621 4979//6621
f 4976//6622 4979//6622 4980//6622
f 4976//6623 4980//6623 4981//6623
f 4981//6624 4980//6624 4979//6624
f 4981//6625 4984//6625 4982//6625
f 4981//6626 4982//6626 4983//6626
f 4981//6627 4983//6627 4984//6627
f 4984//6628 4983//6628 4982//6628
f 4984//6629 4985//6629 4986//6629
f 4984//6630 4986//6630 4987//6630
f 4984//6631 4987//6631 4985//6631
f 4985//6632 4987//6632 4986//6632
f 4985//6633 4990//6633 4988//6633
f 4985//6634 4988//6634 4989//6634
f 4985//6635 4989//6635 4990//6635
f 4990//6636 4989//6636 4988//6636
f 4990//6637 4991//6637 4992//6637
f 4990//6638 4992//6638 4993//6638
f 4990//6639 4993//6639 4991//6639
f 4991//6640 4993//6640 4992//6640
f 4991//6641 4994//6641 4995//6641
f 4991//6642 4995//6642 4996//6642
f 4991//6643 4996//6643 4994//6643
f 4994//6644 4996//6644 4995//6644
f 4994//6645 4999//6645 4997//6645
f 4994//6646 4997//6646 4998//6646
f 4994//6647 4998//6647 4999//6647
f 4999//6648 4998//6648 4997//6648
f 4999//6649 5002//6649 5000//6649
f 4999//6650 5000//6650 5001//6650
f 4999//6651 5001//6651 5002//6651
f 5002//6652 5001//6652 5000//6652
f 5002//6653 5005//6653 5003//6653
f 5002//6654 5003//6654 5004//6654
f 5002//6655 5004//6655 5005//6655
f 5005//6656 5004//6656 5003//6656
f 5005//6657 5008//6657 5006//6657
f 5005//6658 5006//6658 5007//6658
f 5005//6659 5007//6659 5008//6659
f 5008//6660 5007//6660 5006//6660
f 5008//6661 5009//6661 5010//6661
f 5008//6662 5010//6662 5011//6662
f 5008//6663 5011//6663 5009//6663
f 5009//6664 5011//6664 5010//6664
f 5009//6665 5012//6665 5013//6665
f 5009//6666 5013//6666 5014//6666
f 5009//6667 5014//6667 5012//6667
f 5012//6668 5014//6668 5013//6668
f 5012//6669 5017//6669 5015//6669
f 5012//6670 5015//6670 5016//6670
f 5012//6671 5016//6671 5017//6671
f 5017//6672 5016//6672 5015//6672
f 5017//6673 5018//6673 5019//6673
f 5017//6674 5019//6674 5020//6674
f 5017//6675 5020//6675 5018//6675
f 5018//6676 5020//6676 5019//6676
f 5018//6677 5023//6677 5021//6677
f 5018//6678 5021//6678 5022//6678
f 5018//6679 5022//6679 5023//6679
f 5023//6680 5022//6680 5021//6680
f 5023//6681 5024//6681 5025//6681
f 5023//6682 5025//6682 5026//6682
f 5023//6683 5026//6683 5024//6683
f 5024//6684 5026//6684 5025//6684
f 5024//6685 5027//6685 5028//6685
f 5024//6686 5028//6686 5029//6686
f 5024//6687 5029//6687 5027//6687
f 5027//6688 5029//6688 5028//6688
f 5027//6689 5032//6689 5030//6689
f 5027//6690 5030//6690 5031//6690
f 5027//6691 5031//6691 5032//6691
f 5032//6692 5031//6692 5030//6692
f 5032//6693 5035//6693 5033//6693
f 5032//6694 5033//6694 5034//6694
f 5032//6695 5034//6695 5035//6695
f 5035//6696 5034//6696 5033//6696
f 5035//6697 5038//6697 5036//6697
f 5035//6698 5036//6698 5037//6698
f 5035//6699 5037//6699 5038//6699
f 5038//6700 5037//6700 5036//6700
f 5038//6701 5041//6701 5039//6701
f 5038//6702 5039//6702 5040//6702
f 5038//6703 5040//6703 5041//6703
f 5041//6704 5040//6704 5039//6704
f 5041//6705 5042//6705 5043//6705
f 5041//6706 5043//6706 5044//6706
f 5041//6707 5044//6707 5042//6707
f 5042//6708 5044//6708 5043//6708
f 5045//6709 5046//6709 5047//6709
f 5045//6710 5047//6710 5048//6710
f 5045//6711 5048//6711 5046//6711
f 5046//6712 5048//6712 5047//6712
f 5046//6713 5051//6713 5049//6713
f 5046//6714 5049//6714 5050//6714
f 5046//6715 5050//6715 5051//6715
f 5051//6716 5050//6716 5049//6716
f 5051//6717 5054//6717 5052//6717
f 5051//6718 5052//6718 5053//6718
f 5051//6719 5053//6719 5054//6719
f 5054//6720 5053//6720 5052//6720
f 5054//6721 5057//6721 5055//6721
f 5054//6722 5055//6722 5056//6722
f 5054//6723 5056//6723 5057//6723
f 5057//6724 5056//6724 5055//6724
f 5057//6725 5058//6725 5059//6725
f 5057//6726 5059//6726 5060//6726
f 5057//6727 5060//6727 5058//6727
f 5058//6728 5060//6728 5059//6728
f 5058//6729 5063//6729 5061//6729
f 5058//6730 5061//6730 5062//6730
f 5058//6731 5062//6731 5063//6731
f 5063//6732 5062//6732 5061//6732
f 5063//6733 5064//6733 5065//6733
f 5063//6734 5065//6734 5066//6734
f 5063//6735 5066//6735 5064//6735
f 5064//6736 5066//6736 5065//6736
f 5064//6737 5067//6737 5068//6737
f 5064//6738 5068//6738 5069//6738
f 5064//6739 5069//6739 5067//6739
f 5067//6740 5069//6740 5068//6740
f 5067//6741 5072//6741 5070//6741
f 5067//6742 5070//6742 5071//6742
f 5067//6743 5071//6743 5072//6743
f 5072//6744 5071//6744 5070//6744
f 5072//6745 5073//6745 5074//6745
f 5072//6746 5074//6746 5075//6746
f 5072//6747 5075//6747 5073//6747
f 5073//6748 5075//6748 5074//6748
f 5073//6749 5078//6749 5076//6749
f 5073//6750 5076//6750 5077//6750
f 5073//6751 5077//6751 5078//6751
f 5078//6752 5077//6752 5076//6752
f 5078//6753 5079//6753 5080//6753
f 5078//6754 5080//6754 5081//6754
f 5078//6755 5081//6755 5079//6755
f 5079//6756 5081//6756 5080//6756
f 5079//6757 5084//6757 5082//6757
f 5079//6758 5082//6758 5083//6758
f 5079//6759 5083//6759 5084//6759
f 5084//6760 5083//6760 5082//6760
f 5084//6761 5087//6761 5085//6761
f 5084//6762 5085//6762 5086//6762
f 5084//6763 5086//6763 5087//6763
f 5087//6764 5086//6764 5085//6764
f 5087//6765 5090//6765 5088//6765
f 5087//6766 5088//6766 5089//6766
f 5087//6767 5089//6767 5090//6767
f 5090//6768 5089//6768 5088//6768
f 5090//6769 5093//6769 5091//6769
f 5090//6770 5091//6770 5092//6770
f 5090//6771 5092//6771 5093//6771
f 5093//6772 5092//6772 5091//6772
f 5093//6773 5094//6773 5095//6773
f 5093//6774 5095//6774 5096//6774
f 5093//6775 5096//6775 5094//6775
f 5094//6776 5096//6776 5095//6776
f 5094//6777 5099//6777 5097//6777
f 5094//6778 5097//6778 5098//6778
f 5094//6779 5098//6779 5099//6779
f 5099//6780 5098//6780 5097//6780
f 5099//6781 5100//6781 5101//6781
f 5099//6782 5101//6782 5102//6782
f 5099//6783 5102//6783 5100//6783
f 5100//6784 5102//6784 5101//6784
f 5100//6785 5103//6785 5104//6785
f 5100//6786 5104//6786 5105//6786
f 5100//6787 5105//6787 5103//6787
f 5103//6788 5105//6788 5104//6788
f 5103//6789 5106//6789 5107//6789
f 5103//6790 5107//6790 5108//6790
f 5103//6791 5108//6791 5106//6791
f 5106//6792 5108//6792 5107//6792
f 5106//6793 5109//6793 5110//6793
f 5106//6794 5110//6794 5111//6794
f 5106//6795 5111//6795 5109//6795
f 5109//6796 5111//6796 5110//6796
f 5109//6797 5114//6797 5112//6797
f 5109//6798 5112//6798 5113//6798
f 5109//6799 5113//6799 5114//6799
f 5114//6800 5113//6800 5112//6800
f 5114//6801 5115//6801 5116//6801
f 5114//6802 5116//6802 5117//6802
f 5114//6803 5117//6803 5115//6803
f 5115//6804 5117//6804 5116//6804
f 5115//6805 5120//6805 5118//6805
f 5115//6806 5118//6806 5119//6806
f 5115//6807 5119//6807 5120//6807
f 5120//6808 5119//6808 5118//6808
f 5120//6809 5123//6809 5121//6809
f 5120//6810 5121//6810 5122//6810
f 5120//6811 5122//6811 5123//6811
f 5123//6812 5122//6812 5121//6812
f 5123//6813 5126//6813 5124//6813
f 5123//6814 5124//6814 5125//6814
f 5123//6815 5125//6815 5126//6815
f 5126//6816 5125//6816 5124//6816
f 5126//6817 5127//6817 5128//6817
f 5126//6818 5128//6818 5129//6818
f 5126//6819 5129//6819 5127//6819
f 5127//6820 5129//6820 5128//6820
f 5127//6821 5132//6821 5130//6821
f 5127//6822 5130//6822 5131//6822
f 5127//6823 5131//6823 5132//6823
f 5132//6824 5131//6824 5130//6824
f 5132//6825 5133//6825 5134//6825
f 5132//6826 5134//6826 5135//6826
f 5132//6827 5135//6827 5133//6827
f 5133//6828 5135//6828 5134//6828
f 5133//6829 5138//6829 5136//6829
f 5133//6830 5136//6830 5137//6830
f 5133//6831 5137//6831 5138//6831
f 5138//6832 5137//6832 5136//6832
f 5138//6833 5141//6833 5139//6833
f 5138//6834 5139//6834 5140//6834
f 5138//6835 5140//6835 5141//6835
f 5141//6836 5140//6836 5139//6836
f 5141//6837 5144//6837 5142//6837
f 5141//6838 5142//6838 5143//6838
f 5141//6839 5143//6839 5144//6839
f 5144//6840 5143//6840 5142//6840
f 5144//6841 5147//6841 5145//6841
f 5144//6842 5145//6842 5146//6842
f 5144//6843 5146//6843 5147//6843
f 5147//6844 5146//6844 5145//6844
f 5147//6845 5148//6845 5149//6845
f 5147//6846 5149//6846 5150//6846
f 5147//6847 5150//6847 5148//6847
f 5148//6848 5150//6848 5149//6848
f 5148//6849 5151//6849 5152//6849
f 5148//6850 5152//6850 5153//6850
f 5148//6851 5153//6851 5151//6851
f 5151//6852 5153//6852 5152//6852
f 5151//6853 5156//6853 5154//6853
f 5151//6854 5154//6854 5155//6854
f 5151//6855 5155//6855 5156//6855
f 5156//6856 5155//6856 5154//6856
f 5156//6857 5157//6857 5158//6857
f 5156//6858 5158//6858 5159//6858
f 5156//6859 5159//6859 5157//6859
f 5157//6860 5159//6860 5158//6860
f 5157//6861 5160//6861 5161//6861
f 5157//6862 5161//6862 5162//6862
f 5157//6863 5162//6863 5160//6863
f 5160//6864 5162//6864 5161//6864
f 5160//6865 5165//6865 5163//6865
f 5160//6866 5163//6866 5164//6866
f 5160//6867 5164//6867 5165//6867
f 5165//6868 5164//6868 5163//6868
f 5165//6869 5168//6869 5166//6869
f 5165//6870 5166//6870 5167//6870
f 5165//6871 5167//6871 5168//6871
f 5168//6872 5167//6872 5166//6872
f 5168//6873 5171//6873 5169//6873
f 5168//6874 5169//6874 5170//6874
f 5168//6875 5170//6875 5171//6875
f 5171//6876 5170//6876 5169//6876
f 5171//6877 5172//6877 5173//6877
f 5171//6878 5173//6878 5174//6878
f 5171//6879 5174//6879 5172//6879
f 5172//6880 5174//6880 5173//6880
o Tetrahedrons_Chain_F
v 221.240005 106.200012 185.949982
v 220.279999 103.890015 187.489990
v 219.149994 106.560013 187.989990
v 221.910004 105.950012 188.809982
v 223.059998 108.280014 190.199982
v 224.820007 106.100014 189.279984
v 222.979996 105.650017 191.539978
v 222.990005 105.430016 194.469986
v 224.509995 103.510017 192.849991
v 221.570007 103.430016 192.849991
v 223.699997 105.790016 197.309982
v 220.880005 105.440018 196.529984
v 222.289993 107.940018 195.859985
v 226.559998 106.490013 197.429977
v 225.539993 104.190018 198.939987
v 224.839996 106.920013 199.779984
v 226.250000 108.940018 195.819992
v 227.679993 106.620018 194.709991
v 228.899994 108.190018 196.879990
v 223.539993 110.000015 195.409988
v 225.850006 111.830017 195.379990
v 224.979996 110.590012 197.909988
v 227.029999 110.660019 200.019989
v 224.300003 109.750015 200.639984
v 224.809998 112.590012 200.059982
v 229.669998 109.520012 199.389984
v 229.460007 111.820015 201.199982
v 228.919998 112.160019 198.329987
v 228.320007 113.000015 195.569992
v 230.179993 114.580017 197.219986
v 227.309998 114.570015 197.849991
v 224.720001 115.000015 199.179977
v 226.410004 117.300018 198.469986
v 227.229996 115.490013 200.639984
v 230.110001 115.900017 201.059982
v 228.610001 114.100014 202.839981
v 228.179993 117.010017 202.979980
v 231.750000 115.900017 198.609985
v 232.539993 117.560013 200.899979
v 230.160004 118.280014 199.319992
v 228.320007 119.990013 200.849991
v 227.970001 119.680016 197.939987
v 230.259995 121.200012 198.989990
v 229.899994 120.160019 203.329987
v 227.259995 118.840012 203.349991
v 227.440002 121.770012 203.029984
v 232.259995 121.640015 202.359985
v 232.600006 119.150017 203.899979
v 231.630005 121.580017 205.239990
v 231.020004 124.210014 201.609985
v 232.190002 122.470016 199.539978
v 233.940002 123.870018 201.449982
v 228.339996 125.400017 201.349991
v 230.690002 127.120018 201.789978
v 229.710007 125.390015 203.959991
v 231.979996 125.220016 205.829987
v 229.479996 123.790016 206.419983
v 229.559998 126.730019 206.579987
v 234.690002 124.130013 205.499985
v 234.210007 126.310013 207.409988
v 234.070007 126.830017 204.519989
v 232.449997 129.290009 204.529984
v 233.330002 128.120010 201.969986
v 235.289993 129.400009 203.769989
v 229.820007 129.430008 205.849991
v 231.500000 131.840012 205.649979
v 232.289993 129.650009 207.449982
v 233.360001 127.930016 209.579987
v 232.979996 130.800018 210.059982
v 235.110001 129.890015 208.249985
v 236.000000 132.080017 206.499985
v 237.360001 129.470016 206.399979
v 237.690002 131.210022 208.749985
v 234.899994 133.330017 204.079987
v 236.800003 134.820023 205.759979
v 234.070007 134.290009 206.729980
v 231.330002 134.320023 207.809982
v 232.789993 136.850021 207.439987
v 233.610001 134.980011 209.559982
v 231.550003 136.540009 210.969986
v 234.399994 136.910019 211.629990
v 233.020004 134.420013 212.389984
v 230.600006 132.750015 212.359985
v 230.889999 134.880020 214.369980
v 232.559998 132.460022 214.529984
v 234.309998 130.220016 215.299988
v 232.979996 131.830017 217.379990
v 235.169998 133.000015 215.789978
v 234.759995 135.880020 216.229980
v 236.949997 134.950012 214.499985
v 237.089996 134.530014 217.409988
v 232.589996 136.140015 218.199982
v 232.380005 137.500015 215.599991
v 234.320007 138.450012 217.599991
v 231.639999 133.670013 219.489990
v 231.360001 136.260010 220.879990
v 234.029999 135.060013 220.529984
v 235.889999 137.330017 220.689987
v 236.919998 134.600021 220.269989
v 235.779999 135.360016 222.879990
v 235.360001 139.730011 219.069992
v 236.660004 139.990021 221.699982
v 233.820007 139.240021 221.529984
v 230.970001 138.680008 222.019989
v 232.399994 140.620010 223.709991
v 233.000000 137.740021 223.929977
v 234.240005 135.180008 224.649979
v 233.119995 136.910019 226.749985
v 235.580002 137.710022 225.349991
v 236.389999 140.450012 226.049988
v 238.080002 138.830017 224.269989
v 237.880005 138.150009 227.129990
v 234.759995 142.870010 225.659988
v 236.759995 142.770020 227.819992
v 234.309998 141.150009 228.009979
v 234.080002 139.650009 230.539978
v 231.660004 140.450012 229.069992
v 233.289993 142.480011 230.429977
v 232.660004 145.190018 229.449982
v 234.850006 144.800018 231.379990
v 232.050003 144.460022 232.229980
v 232.139999 146.990021 227.179977
v 231.750000 147.940018 229.939987
v 229.899994 145.970016 228.789978
v 227.580002 145.360016 230.499985
v 228.589996 143.330017 228.619980
v 227.210007 145.720016 227.599991
v 225.080002 143.890015 231.039978
v 226.009995 145.960022 232.919983
v 227.460007 143.410019 232.709991
v 222.300003 142.940018 230.999985
v 224.460007 141.230011 229.949982
v 223.649994 143.650009 228.489990
v 219.399994 142.530014 231.339981
v 220.580002 145.190018 231.799988
v 221.110001 143.000015 233.699982
v 217.710007 140.810013 233.019989
v 218.369995 139.990021 230.269989
v 216.539993 142.250015 230.739990
v 213.610001 141.950012 230.699982
v 215.100006 142.200012 228.169983
v 214.839996 144.520020 229.959991
v 210.740005 141.270020 230.629990
v 212.009995 142.090012 233.159988
v 212.649994 139.470016 231.969986
v 207.800003 141.440018 230.579987
v 209.190002 139.420013 228.949982
v 209.369995 142.270020 228.229980
v 206.509995 143.270020 232.499985
v 205.899994 140.390015 232.559982
v 204.929993 142.050018 230.329987
v 208.449997 144.720016 234.169983
v 205.729996 145.780014 233.819992
v 207.630005 145.830017 231.569992
v 205.550003 146.020020 229.489990
v 208.360001 145.560013 228.729980
v 207.529999 148.170013 229.789978
v 203.229996 144.240021 229.139984
v 203.169998 146.970016 228.039978
v 203.050003 146.560013 230.949982
v 202.600006 146.780014 233.849991
v 200.910004 148.310013 231.979980
v 203.740005 149.050018 232.349991
v 206.350006 150.400009 232.159988
v 203.899994 151.980011 232.559982
v 204.389999 150.660019 229.979980
v 201.830002 150.470016 228.529984
v 204.360001 149.930008 227.129990
v 203.690002 152.670013 227.939987
v 200.210007 151.910019 230.529984
v 199.539993 149.130020 229.819992
v 199.080002 151.300018 227.879990
v 201.259995 153.280014 232.919983
v 198.740005 154.190018 231.679977
v 201.300003 154.640015 230.299988
v 203.369995 155.510010 228.399979
v 201.270004 157.380020 229.249985
v 200.600006 155.120010 227.489990
v 197.679993 154.830017 227.719986
v 199.149994 153.320023 225.659988
v 198.830002 156.240021 225.409988
v 197.399994 157.050018 229.629990
v 196.630005 154.330017 230.429977
v 195.000000 155.800018 228.459991
v 198.320007 159.380020 228.079987
v 199.350006 158.930008 230.799988
v 196.550003 159.760010 230.409988
v 199.229996 158.970016 225.309982
v 198.149994 161.590012 226.129990
v 196.360001 159.270020 225.889984
v 193.960007 157.550018 225.789978
v 193.809998 160.350021 224.889984
v 194.130005 159.740021 227.759979
v 195.020004 162.260010 228.989990
v 194.369995 159.940018 230.679977
v 192.220001 161.380020 229.289978
v 195.259995 164.270020 226.859985
v 197.589996 163.620010 228.539978
v 195.330002 165.110016 229.679977
v 192.580002 163.890015 225.699982
v 194.960007 163.780014 223.969986
v 194.100006 166.350021 225.129990
v 190.830002 161.800018 226.819992
v 189.679993 164.000015 225.219986
v 190.750000 164.530014 227.909988
v 191.119995 167.450012 227.979980
v 191.979996 165.810013 230.259979
v 189.110001 166.190018 229.719986
v 189.490005 168.130020 225.609985
v 192.399994 168.570023 225.579987
v 190.679993 170.270020 227.239990
v 187.669998 165.990021 224.729980
v 187.110001 168.790009 224.019989
v 186.809998 167.890015 226.809982
v 186.479996 167.700012 229.729980
v 184.350006 168.890015 228.069992
v 186.889999 170.330017 228.459991
v 187.070007 172.310013 226.289978
v 189.220001 172.120010 228.289978
v 186.589996 173.190018 229.059982
v 187.050003 171.700012 223.409988
v 185.880005 174.220016 224.389984
v 184.529999 171.660019 224.939987
v 182.789993 169.430008 225.759979
v 181.639999 171.810013 224.449982
v 182.669998 172.000015 227.199982
v 183.130005 174.820023 227.909988
v 183.520004 172.710022 229.929977
v 180.800003 173.380020 228.999985
v 182.690002 176.080017 225.279984
v 185.179993 176.600021 226.769989
v 182.630005 177.720016 227.729980
v 179.899994 175.460022 224.579987
v 182.089996 174.470016 222.889984
v 181.449997 177.350021 222.929977
v 178.789993 176.860016 226.919983
v 178.229996 174.000015 226.519989
v 177.009995 176.010010 224.739990
v 179.539993 179.680008 226.479980
v 180.500000 178.260010 228.879990
v 177.660004 178.970016 228.639984
v 178.130005 179.970016 223.909988
v 181.009995 180.570023 224.099991
v 179.050003 182.360016 225.369980
v 175.300003 179.740021 224.679977
v 176.520004 177.700012 222.949982
v 176.020004 180.400009 221.909988
v 174.559998 180.010010 227.519989
v 172.539993 180.430008 225.419983
v 174.690002 182.390015 225.799988
v 174.850006 184.350021 223.609985
v 176.210007 184.890015 226.159988
v 173.270004 184.960022 226.019989
v 173.059998 185.380020 221.509979
v 174.559998 182.880020 221.079987
v 175.979996 185.460022 221.129990
v 171.539993 187.900009 221.599991
v 170.149994 185.330017 221.939987
v 171.229996 186.080017 219.309982
v 169.619995 184.900009 217.149979
v 172.500000 184.310013 217.319992
v 171.589996 186.990021 216.529984
v 171.380005 188.420013 213.969986
v 173.770004 188.770020 215.649979
v 171.190002 189.910019 216.499985
v 171.199997 189.920013 211.439987
v 168.770004 188.760010 212.639984
v 170.809998 187.000015 211.449982
v 173.529999 191.310013 210.299988
v 170.929993 192.680008 210.459991
v 171.309998 190.480011 208.549988
v 175.860001 192.910019 209.469986
v 175.990005 189.960022 209.409988
v 175.940002 191.390015 211.989990
v 178.039993 194.670013 210.369980
v 175.820007 195.770020 208.779984
v 177.789993 193.980011 207.519989
v 180.740005 193.850021 211.189987
v 178.679993 194.370010 213.229980
v 179.830002 196.600021 211.689987
v 183.350006 187.290009 212.619980
v 185.080002 187.670013 210.269989
v 182.809998 189.500015 210.739990
v 182.309998 186.710022 209.929977
v 187.820007 188.670013 210.629990
v 186.919998 187.780014 207.979980
v 187.350006 185.810013 210.119980
v 185.759995 183.340012 210.029984
v 187.850006 183.660019 212.069992
v 188.589996 183.290009 209.249985
v 188.979996 181.800018 206.739990
v 190.979996 181.600021 208.889984
v 190.699997 184.100021 207.359985
v 189.369995 179.440018 205.019989
v 187.460007 181.540009 204.229980
v 186.850006 179.770020 206.499985
v 191.089996 177.140015 205.679977
v 192.139999 179.340012 204.039978
v 190.119995 177.510010 202.929977
v 190.970001 178.300018 200.219986
v 188.619995 176.560013 200.579987
v 191.320007 175.520020 201.119980
v 192.960007 180.440018 199.909988
v 190.380005 180.610016 198.489990
v 192.399994 178.620010 197.659988
v 185.080002 190.080017 206.259979
v 187.460007 191.730011 205.739990
v 186.279999 190.120010 203.579987
v 187.679993 188.790009 205.799988
v 188.449997 186.460022 204.179977
v 187.880005 186.130020 207.049988
v 190.320007 187.540009 206.179977
v 193.149994 186.770020 205.989990
v 191.720001 186.510010 208.549988
v 192.380005 189.180008 207.499985
v 195.000000 186.820023 203.699982
v 194.119995 184.240021 204.829987
v 195.960007 185.960022 206.349991
v 196.210007 184.680008 208.989990
v 197.160004 187.450012 208.589981
v 198.619995 185.200012 207.369980
v 200.970001 186.240021 208.809982
v 201.139999 185.680008 205.919983
v 200.940002 183.460022 207.839981
v 201.160004 181.150009 206.029984
v 200.020004 180.810013 208.719986
v 202.899994 181.330017 208.399979
v 203.960007 180.580017 211.049988
v 205.740005 181.750015 209.019989
v 204.699997 179.020020 208.669983
v 205.899994 176.380020 209.219986
v 206.750000 177.920013 206.859985
v 204.059998 176.720016 206.939987
v 206.399994 173.680008 210.279984
v 204.580002 175.500015 211.699982
v 207.470001 176.040009 211.679977
v 206.369995 171.010010 211.509979
v 208.880005 172.100021 210.409988
v 206.710007 171.280014 208.599991
v 206.220001 170.000015 214.269989
v 207.289993 168.280014 212.129990
v 204.419998 168.920013 212.209991
v 203.500000 168.300018 209.479980
v 201.820007 169.930008 211.269989
v 202.179993 167.050018 211.789978
v 204.360001 169.900009 207.159988
v 204.889999 167.000015 207.229980
v 206.369995 168.810013 209.019989
v 201.490005 170.280014 206.649979
v 203.449997 170.960022 204.569992
v 203.250000 172.620010 206.989990
v 201.929993 174.910019 208.279984
v 203.039993 175.190018 205.569992
v 204.839996 174.930008 207.879990
v 201.210007 174.070023 211.009979
v 199.100006 174.720016 209.069992
v 200.789993 176.860016 210.159988
v 200.020004 178.420013 212.539978
v 198.720001 178.940018 209.949982
v 201.529999 179.710022 210.369980
v 201.139999 178.200012 215.259979
v 198.529999 177.000015 214.639984
v 198.809998 179.930008 214.759979
v 198.910004 182.850021 215.099991
v 197.929993 181.150009 217.289978
v 196.309998 181.490021 214.849991
v 194.619995 182.690018 212.769989
v 193.809998 182.860016 215.599991
v 193.710007 180.280014 214.179977
v 191.330002 178.890015 215.219986
v 193.630005 177.330017 214.239990
v 191.940002 178.820023 212.339981
v 190.009995 177.910019 210.309982
v 192.880005 177.330017 209.979980
v 191.899994 180.090012 209.679977
v 187.410004 179.190018 209.779984
v 187.539993 176.700012 211.349991
v 188.100006 176.650009 208.459991
v 188.139999 173.890015 207.439987
v 188.649994 176.130020 205.609985
v 185.940002 175.700012 206.689987
v 183.880005 174.780014 204.799988
v 183.740005 177.500015 205.929977
v 183.210007 175.160019 207.639984
v 182.559998 173.940018 202.309982
v 182.179993 172.380020 204.769989
v 184.779999 172.350021 203.399979
v 183.570007 174.260010 199.559982
v 181.729996 176.260010 200.689987
v 180.740005 173.570023 200.019989
v 178.850006 171.510010 199.099991
v 179.539993 173.770020 197.339981
v 177.880005 174.220016 199.729980
v 177.259995 174.260010 202.609985
v 175.160004 174.860016 200.629990
v 177.350006 176.770020 201.079987
v 177.050003 179.700012 201.089981
v 179.440002 178.470016 202.289978
v 176.820007 178.190018 203.609985
v 175.889999 181.820023 199.409988
v 178.809998 181.650009 199.749985
v 177.110001 182.500015 201.999985
v 175.399994 183.320023 204.259979
v 175.149994 180.610016 203.129990
v 174.220001 182.940018 201.579987
v 173.399994 182.880020 206.369980
v 173.419998 181.160019 203.979980
v 172.570007 183.970016 203.759979
v 171.970001 184.570023 208.319992
v 174.789993 183.860016 208.769989
v 172.699997 181.800018 209.019989
v 171.789993 179.000015 209.089981
v 172.820007 180.280014 211.539978
v 174.649994 179.630020 209.329987
v 176.979996 181.430008 209.199982
v 176.720001 179.210022 207.279984
v 177.320007 178.650009 210.109985
v 176.679993 183.470016 211.299988
v 176.899994 184.280014 208.479980
v 179.240005 183.180008 209.879990
v 174.500000 183.030014 213.229980
v 176.960007 184.400009 214.079987
v 177.009995 181.520020 213.469986
v 177.720001 178.660019 213.299988
v 178.350006 180.190018 215.739990
v 179.839996 180.710022 213.249985
v 181.639999 182.440018 211.689987
v 182.690002 180.900009 213.969986
v 180.889999 183.190018 214.439987
v 180.229996 183.080017 217.299988
v 178.869995 185.020020 215.549988
v 181.720001 185.380020 216.219986
v 181.460007 180.620010 218.349991
v 178.850006 181.510010 219.369980
v 181.279999 183.020020 220.049988
v 182.529999 178.760010 216.329987
v 183.440002 178.590012 219.129990
v 184.250000 180.870010 217.449982
v 185.589996 182.320023 219.629990
v 185.080002 183.670013 217.069992
v 187.110001 181.550018 217.229980
v 184.240005 181.920013 222.219986
v 187.050003 182.790009 222.149979
v 186.339996 180.050018 221.349991
v 186.690002 177.370010 220.189987
v 187.970001 178.050018 222.749985
v 188.949997 179.260010 220.249985
v 190.009995 181.730011 219.049988
v 191.710007 179.330017 219.239990
v 190.990005 180.830017 221.669983
v 190.710007 181.890015 224.409988
v 193.330002 180.910019 223.469986
v 191.139999 179.010010 223.979980
v 191.550003 176.380020 222.709991
v 189.440002 176.720016 224.739990
v 192.279999 176.780014 225.539978
v 194.139999 177.030014 221.479980
v 191.889999 176.160019 219.799988
v 193.220001 174.240021 221.579987
v 195.550003 177.720016 223.969986
v 195.389999 179.680008 221.779984
v 197.070007 177.290009 221.489990
v 195.860001 175.120010 225.329987
v 194.119995 177.190018 226.489990
v 197.039993 177.550018 226.499985
v 197.770004 173.520020 223.749985
v 195.089996 172.470016 224.319992
v 197.059998 172.700012 226.489990
v 199.380005 174.810013 221.649979
v 200.410004 172.420013 223.039978
v 200.229996 174.990021 224.469986
v 200.119995 174.480011 227.359985
v 200.460007 177.230011 226.359985
v 202.649994 175.280014 226.109985
v 200.139999 171.540009 227.509979
v 197.889999 173.050018 228.649979
v 200.529999 173.140015 229.949982
v 201.509995 170.560013 225.099991
v 199.979996 168.690018 226.789978
v 202.520004 169.830017 227.759979
v 202.380005 169.370010 222.549988
v 204.009995 171.470016 223.829987
v 201.410004 172.150009 222.619980
v 200.789993 167.960022 220.509979
v 203.539993 167.070023 221.109985
v 203.089996 169.620010 219.699982
v 198.110001 169.010010 221.109985
v 198.550003 166.100021 220.929977
v 198.649994 167.760010 218.499985
v 198.500000 165.740021 216.359985
v 199.350006 168.490021 215.729980
v 196.550003 167.940018 216.449982
v 193.839996 169.100021 216.359985
v 195.050003 167.980011 213.919983
v 196.089996 170.490021 215.049988
v 192.919998 170.820023 218.559982
v 192.029999 168.020020 218.409988
v 191.039993 169.990021 216.459991
v 188.169998 170.610016 216.229980
v 189.460007 168.870010 214.239990
v 190.080002 171.750015 214.299988
v 185.360001 170.670013 215.329987
v 186.320007 172.630020 217.309982
v 186.020004 169.800018 218.069992
v 182.600006 170.620010 214.319992
v 183.940002 173.190018 214.829987
v 183.139999 171.480011 217.079987
v 181.250000 173.220016 213.979980
v 180.610001 171.520020 216.299988
v 179.750000 170.720016 213.599991
v 177.179993 169.810013 214.739990
v 178.289993 168.490021 212.349991
v 177.229996 171.230011 212.149979
v 175.690002 173.600021 211.369980
v 174.910004 170.940018 210.379990
v 177.369995 172.220016 209.389984
v 179.199997 169.930008 209.139984
v 179.320007 171.670013 211.509979
v 180.240005 172.670013 208.899979
v 180.800003 175.210022 210.289978
v 181.979996 174.690018 207.649979
v 182.919998 173.190018 209.999985
v 185.389999 173.840012 211.469986
v 185.279999 171.440018 209.769989
v 183.759995 171.530014 212.289978
v 188.009995 174.090012 212.779984
v 185.850006 175.970016 213.449982
v 187.149994 176.100021 210.809982
v 190.789993 174.070023 213.739990
v 189.880005 172.040009 211.819992
v 188.929993 171.970016 214.599991
v 193.639999 173.930008 214.489990
v 191.770004 175.580017 216.069992
v 192.539993 176.410019 213.349991
v 196.559998 173.790009 214.779984
v 195.119995 176.210022 215.619980
v 195.369995 175.560013 212.759979
v 194.539993 178.140015 211.609985
v 193.059998 175.680008 210.939987
v 195.779999 176.100021 209.889984
v 196.059998 175.700012 206.989990
v 197.160004 173.710022 208.859985
v 198.429993 176.350021 208.619980
v 197.369995 176.400009 204.439987
v 194.690002 177.450012 205.069992
v 195.039993 174.590012 204.459991
v 194.229996 172.540009 202.509979
v 192.179993 174.100021 203.939987
v 193.779999 172.100021 205.379990
v 193.839996 171.060013 199.999985
v 194.940002 169.690018 202.369980
v 196.570007 171.680008 200.929977
v 189.979996 167.960022 191.349991
v 188.059998 169.590012 192.869980
v 189.210007 170.630020 190.369980
v 190.899994 170.370010 192.769989
v 185.250000 168.730011 193.019989
v 186.000000 171.460022 193.829987
v 186.789993 169.170013 195.489990
v 187.570007 170.140015 198.159988
v 188.220001 167.390015 197.349991
v 185.429993 168.140015 197.889984
v 184.139999 166.930008 200.249985
v 183.770004 165.730011 197.579987
v 182.500000 168.310013 198.219986
v 185.919998 167.400009 202.539978
v 184.850006 164.700012 202.039978
v 183.059998 166.850021 202.989990
v 182.089996 166.960022 205.759979
v 180.179993 166.670013 203.539978
v 181.600006 169.220016 203.939987
v 183.100006 168.210022 208.229980
v 183.630005 165.360016 207.689987
v 180.910004 166.250015 208.359985
v 177.979996 166.310013 208.699982
v 179.669998 164.950012 210.699982
v 179.339996 163.780014 208.019989
v 181.619995 161.930008 207.929977
v 179.669998 161.960022 205.719986
v 178.899994 160.890015 208.359985
v 184.080002 163.100021 209.039978
v 184.240005 161.190018 206.799988
v 183.479996 160.260010 209.489990
v 184.440002 159.490021 212.159988
v 184.830002 157.670013 209.879990
v 182.130005 158.110016 210.979980
v 186.169998 161.350021 213.659988
v 184.509995 159.390015 215.099991
v 183.240005 161.670013 213.739990
v 180.399994 161.030014 213.269989
v 181.460007 163.660019 212.499985
v 181.149994 162.980011 215.339981
v 179.899994 158.340012 214.379990
v 179.080002 158.980011 211.629990
v 177.649994 160.180008 213.909988
v 180.619995 158.850021 217.189987
v 182.429993 157.300018 215.469986
v 179.860001 156.140015 216.329987
v 178.789993 160.970016 218.099991
v 177.770004 158.250015 217.639984
v 178.570007 159.920013 215.359985
v 176.020004 160.060013 217.669983
v 177.169998 162.130020 215.929977
v 176.529999 162.760010 218.729980
v 174.139999 158.400009 216.129990
v 173.279999 159.640015 218.659988
v 175.210007 157.410019 218.689987
v 175.210007 154.470016 218.589981
v 173.889999 155.870010 220.819992
v 176.830002 155.880020 220.609985
v 174.389999 152.110016 217.029984
v 176.610001 151.910019 218.949982
v 176.949997 153.430008 216.459991
v 172.759995 150.280014 215.409988
v 173.550003 152.900009 214.319992
v 171.559998 152.740021 216.489990
v 171.289993 147.780014 215.939987
v 173.559998 147.780014 214.059982
v 171.039993 149.110016 213.319992
v 169.500000 148.500015 210.879990
v 171.589996 150.580017 210.829987
v 169.080002 151.050018 212.289978
v 168.169998 148.230011 208.269989
v 167.339996 146.540009 210.529984
v 169.949997 146.100021 209.249985
v 166.649994 148.290009 205.749985
v 169.429993 149.260010 205.819992
v 167.300003 150.810013 207.139984
v 163.729996 147.910019 205.769989
v 165.479996 145.850021 204.599991
v 165.130005 148.430008 203.239990
v 166.589996 148.420013 200.679977
v 165.350006 150.910019 201.659988
v 163.660004 148.690018 200.699982
v 162.350006 148.480011 198.069992
v 161.360001 150.420013 200.049988
v 160.960007 147.530014 200.479980
v 161.050003 147.860016 195.499985
v 163.660004 146.670013 196.149979
v 163.460007 149.550018 195.559982
v 158.119995 147.760010 195.789978
v 159.580002 145.400009 194.799988
v 159.330002 147.790009 193.109985
v 156.880005 146.570023 192.029984
v 159.320007 146.660019 190.389984
v 157.839996 149.140015 190.959991
v 158.270004 152.020020 190.539978
v 155.580002 151.010010 191.139984
v 156.809998 150.440018 188.529984
v 160.910004 152.380020 189.269989
v 160.720001 151.980011 192.179977
v 159.800003 154.500015 190.979980
v 160.910004 150.690018 186.859985
v 163.429993 151.210022 188.289978
v 162.119995 153.370010 186.779984
v 165.070007 153.340012 186.689987
v 163.679993 154.340012 189.089981
v 163.619995 155.900009 186.599991
v 164.070007 157.150009 189.219986
v 164.119995 158.800018 186.789978
v 166.300003 156.880020 187.319992
v 164.149994 155.000015 191.239990
v 162.020004 157.030014 191.329987
v 164.789993 157.770020 192.009979
v 164.639999 152.360016 190.039978
v 165.500000 152.900009 192.799988
v 166.889999 154.180008 190.539978
v 168.660004 155.610016 188.669983
v 169.809998 153.810013 190.699982
v 168.600006 156.370010 191.509979
v 167.940002 155.720016 194.299988
v 167.220001 158.350021 193.199982
v 170.050003 157.690018 193.709991
v 169.369995 153.170013 194.639984
v 166.500000 153.350021 195.299988
v 168.500000 154.690018 197.009979
v 172.119995 154.070023 194.119980
v 170.940002 151.930008 192.479980
v 171.639999 151.410019 195.299988
v 172.080002 155.950012 196.389984
v 172.720001 156.920013 193.689987
v 174.639999 155.210022 195.129990
v 169.919998 157.020020 198.079987
v 172.729996 157.280014 198.929977
v 171.429993 154.640015 198.949982
v 173.830002 152.940018 199.049988
v 171.149994 151.710022 199.099991
v 172.119995 153.230011 201.429977
v 175.960007 153.270020 197.049988
v 176.639999 152.470016 199.799988
v 175.690002 155.210022 199.249985
v 174.919998 158.030014 199.539978
v 177.199997 156.970016 201.069992
v 174.460007 156.140015 201.749985
v 172.149994 154.780014 202.979980
v 173.889999 156.510010 204.619980
v 174.889999 153.920013 203.629990
v 176.190002 151.330017 203.109985
v 175.960007 152.330017 205.869980
v 177.800003 153.630020 203.969986
v 178.339996 155.860016 205.829987
v 179.320007 155.980011 203.049988
v 180.539993 154.100021 204.959991
v 176.240005 157.040009 207.519989
v 179.070007 157.270020 208.299988
v 177.710007 154.660019 208.439987
v 179.360001 152.990021 210.219986
v 177.369995 151.740021 208.449982
v 176.479996 153.330017 210.759979
v 180.470001 153.870010 212.809982
v 182.229996 153.590012 210.459991
v 181.119995 151.190018 211.749985
v 181.220001 149.120010 213.839981
v 183.470001 149.440018 211.979980
v 180.910004 148.350021 211.009979
v 178.369995 148.740021 214.479980
v 180.250000 149.570023 216.579987
v 180.369995 146.840012 215.499985
v 176.910004 150.600021 212.719986
v 175.550003 149.400009 215.039978
v 176.240005 147.730011 212.709991
v 174.429993 146.600021 210.679977
v 174.789993 145.220016 213.249985
v 176.979996 145.260010 211.289978
v 172.759995 145.500015 208.519989
v 174.169998 148.050018 208.129990
v 171.889999 147.900009 209.979980
v 171.250000 144.990021 206.049988
v 171.149994 143.050018 208.259979
v 173.619995 143.370010 206.679977
v 171.869995 145.910019 203.319992
v 169.850006 147.330017 204.929977
v 169.279999 144.640015 203.889984
v 167.009995 144.320023 202.039978
v 166.759995 143.430008 204.829987
v 168.500000 141.950012 202.969986
v 167.029999 144.010010 199.109985
v 166.220001 146.570023 200.309982
v 164.470001 144.210022 200.549988
v 161.889999 144.060013 199.129990
v 161.949997 144.540009 202.039978
v 162.699997 141.900009 200.959991
v 161.729996 144.510010 196.229980
v 160.149994 146.180008 198.059982
v 159.440002 143.350021 197.669983
v 158.309998 143.060013 194.969986
v 156.690002 144.260010 197.109985
v 157.309998 141.380020 197.169983
v 158.320007 139.380020 199.069992
v 156.580002 138.550018 196.849991
v 155.470001 140.110016 199.079987
v 159.009995 140.100021 201.839981
v 159.860001 141.830017 199.609985
v 161.110001 139.190018 199.989990
v 164.020004 139.300018 200.449982
v 162.949997 137.880020 198.099991
v 162.570007 136.760010 200.799988
v 166.039993 139.030014 202.569992
v 165.300003 141.700012 201.579987
v 166.839996 139.870010 199.859985
v 167.360001 141.160019 197.259979
v 167.940002 138.300018 197.629990
v 169.610001 140.320023 198.969986
v 171.619995 141.350021 200.859985
v 172.160004 141.410019 197.959991
v 172.119995 138.840012 199.399979
v 173.960007 136.610016 198.859985
v 171.160004 136.070023 199.569992
v 173.009995 137.110016 201.609985
v 171.589996 136.510010 204.119980
v 173.800003 138.460022 204.099991
v 174.360001 135.600021 203.739990
v 169.539993 134.510010 204.779984
v 168.740005 137.250015 204.019989
v 170.050003 136.760010 206.609985
v 170.410004 135.950012 209.419983
v 168.199997 137.740021 208.669983
v 170.970001 138.720016 208.609985
v 173.259995 140.400009 209.399979
v 170.679993 140.670013 210.789978
v 170.960007 141.600021 208.009979
v 175.080002 140.550018 207.089981
v 175.720001 138.780014 209.349991
v 175.880005 141.700012 209.679977
v 178.520004 141.360016 210.949982
v 176.600006 143.320023 212.029984
v 177.919998 143.820023 209.439987
v 177.539993 146.700012 208.959991
v 177.839996 144.860016 206.679977
v 180.149994 145.440018 208.419983
v 182.520004 143.700012 208.319992
v 182.589996 146.190018 209.879990
v 182.539993 146.300018 206.939987
v 183.960007 145.760010 204.409988
v 185.009995 147.770020 206.289978
v 182.539993 148.310013 204.789978
v 185.149994 143.140015 203.779984
v 184.059998 144.830017 201.619980
v 182.240005 143.540009 203.539978
v 180.059998 142.750015 205.349991
v 179.880005 142.140015 202.479980
v 179.649994 144.930008 203.409988
v 179.669998 147.860016 203.149979
v 177.440002 146.300018 202.039978
v 180.100006 146.160019 200.779984
v 182.220001 145.190018 198.989990
v 179.929993 146.660019 197.879990
v 179.559998 143.930008 198.929977
v 178.330002 141.430008 199.879990
v 178.020004 142.250015 197.069992
v 176.639999 143.740021 199.199982
v 175.330002 145.770020 200.879990
v 173.880005 144.580017 198.619980
v 176.110001 146.430008 198.119980
v 178.029999 148.300018 196.899979
v 175.210007 148.320023 196.049988
v 176.949997 146.060013 195.329987
v 177.830002 143.550018 194.079987
v 176.160004 145.440018 192.559982
v 175.000000 143.920013 194.809982
v 172.419998 145.220016 195.369980
v 173.149994 142.730011 196.759979
v 172.500000 142.670013 193.889984
v 172.509995 147.480011 193.489990
v 172.089996 147.970016 196.369980
v 169.960007 146.720016 194.759979
v 174.679993 147.870010 191.539978
v 171.979996 148.890015 190.969986
v 172.490005 145.990021 190.949982
v 169.789993 144.820023 191.079987
v 172.080002 143.170013 190.249985
v 171.070007 145.290009 188.469986
v 167.000000 145.030014 190.149979
v 167.850006 146.450012 192.589981
v 167.630005 143.510010 192.589981
v 165.679993 143.180008 188.279984
v 166.460007 145.880020 187.389984
v 164.240005 145.540009 189.289978
v 161.330002 145.660019 188.859985
v 162.889999 148.150009 189.019989
v 162.470001 146.510010 191.429977
v 158.610001 144.650009 189.379990
v 160.059998 143.790009 186.959991
v 159.080002 146.560013 187.189987
v 156.039993 144.480011 190.799988
v 157.160004 147.110016 190.089981
v 158.429993 145.490021 192.189987
v 153.229996 143.630020 191.019989
v 153.869995 146.450012 190.429977
v 154.419998 145.340012 193.109985
v 154.490005 148.020020 194.299988
v 156.289993 145.920013 195.299988
v 153.399994 145.760010 195.839981
v 152.979996 146.000015 198.739990
v 151.949997 143.650009 197.299988
v 150.710007 146.290009 196.899979
v 152.979996 145.650009 201.669983
v 153.009995 148.360016 200.499985
v 155.399994 146.640015 200.299988
v 153.250000 143.310013 203.429977
v 150.809998 144.960022 203.529984
v 153.350006 146.030014 204.559982
v 156.059998 142.450012 203.479980
v 154.020004 140.730011 202.239990
v 154.070007 141.080017 205.159988
v 158.850006 142.130020 204.369980
v 156.649994 141.780014 206.289978
v 157.279999 144.460022 205.249985
v 156.240005 146.270020 207.319992
v 159.000000 145.270020 207.499985
v 156.729996 143.440018 207.959991
v 158.070007 140.830017 207.719986
v 155.179993 140.960022 208.309982
v 157.139999 141.780014 210.349991
v 160.679993 142.190018 207.759979
v 159.970001 140.430008 205.509979
v 160.529999 139.280014 208.159988
v 160.910004 143.500015 210.389984
v 161.029999 145.110016 207.919983
v 163.259995 143.320023 208.619980
v 159.059998 143.460022 212.679977
v 161.960007 143.660019 213.129990
v 160.800003 141.140015 212.149979
v 160.759995 138.420013 211.039978
v 161.830002 138.890015 213.739990
v 163.320007 139.830017 211.369980
v 165.250000 141.800018 212.399979
v 165.240005 141.110016 209.539978
v 166.179993 139.140015 211.529984
v 164.570007 144.050018 214.169983
v 167.119995 142.630020 214.519989
v 164.589996 141.300018 215.229980
v 162.679993 139.180008 215.929977
v 164.619995 140.130020 217.929977
v 165.539993 138.540009 215.619980
v 167.350006 136.870010 214.019989
v 165.320007 135.610016 215.739990
v 167.639999 136.960022 216.949982
v 167.839996 137.120010 219.879990
v 169.889999 138.390015 218.189987
v 169.729996 135.450012 218.359985
v 171.880005 134.990021 216.409988
v 169.669998 133.060013 216.649979
v 171.669998 133.280014 218.799988
v 173.910004 137.120010 216.539978
v 172.110001 136.940018 214.209991
v 174.210007 134.920013 214.609985
v 174.300003 139.970016 217.179977
v 176.580002 138.110016 217.269989
v 174.460007 137.940018 219.309982
v 174.130005 142.840012 217.819992
v 171.889999 141.500015 216.449982
v 174.419998 141.960022 215.019989
v 173.070007 144.980011 219.529984
v 175.210007 145.570023 217.609985
v 175.779999 143.940018 219.989990
v 171.119995 146.980011 220.469986
v 171.490005 144.470016 221.969986
v 170.179993 144.430008 219.329987
v 169.990005 149.520020 219.509979
v 172.779999 149.410019 220.439987
v 170.570007 149.160019 222.369980
v 168.199997 150.370010 217.329987
v 170.029999 152.310013 218.569992
v 167.710007 151.300018 220.069992
v 166.679993 150.410019 214.809982
v 165.990005 148.480011 216.919983
v 168.490005 148.160019 215.399979
v 165.429993 150.630020 212.149979
v 167.759995 152.300018 212.829987
v 165.149994 152.820023 214.099991
v 163.000000 149.420013 211.019989
v 165.649994 148.580017 210.049988
v 164.610001 151.260010 209.389984
v 164.000000 152.130020 206.649979
v 166.660004 152.650009 207.799988
v 164.309998 154.120010 208.789978
v 163.210007 152.800018 203.889984
v 161.160004 152.530014 205.989990
v 162.580002 150.150009 204.999985
v 165.050003 152.950012 201.599991
v 163.729996 155.390015 202.579987
v 162.160004 153.320023 201.189987
v 159.339996 152.470016 201.119980
v 161.240005 151.430008 199.129990
v 160.399994 154.250015 199.019989
v 160.500000 154.600021 196.099991
v 160.589996 156.950012 197.869980
v 158.089996 155.410019 197.599991
v 155.149994 155.280014 197.499985
v 156.520004 157.890015 197.549988
v 156.509995 156.190018 199.949982
v 152.320007 154.820023 198.129990
v 153.330002 157.570023 197.809982
v 154.110001 155.970016 200.159988
v 149.580002 155.440018 197.249985
v 150.710007 156.800018 199.599991
v 150.020004 153.940018 199.739990
v 149.649994 151.080017 200.349991
v 147.330002 152.890015 200.339981
v 149.339996 153.090012 202.479980
v 149.440002 151.830017 205.139984
v 148.089996 154.430008 204.789978
v 151.029999 154.250015 204.599991
v 149.169998 150.260010 207.609985
v 151.380005 149.700012 205.749985
v 148.619995 149.010010 205.009979
v 148.240005 148.600021 209.859985
v 147.080002 151.270020 209.419983
v 149.850006 151.000015 210.379990
v 149.449997 146.200012 211.059982
v 146.839996 146.010010 209.719986
v 147.070007 147.430008 212.289978
v 151.970001 146.930008 212.399979
v 152.020004 145.650009 209.749985
v 151.220001 144.100021 212.119980
v 151.350006 147.950012 215.089981
v 152.860001 149.620010 213.189987
v 154.119995 147.240021 214.379990
v 148.600006 147.360016 215.949982
v 150.750000 147.570023 217.949982
v 150.679993 145.270020 216.109985
v 151.289993 142.860016 214.539978
v 151.080002 142.690018 217.469986
v 153.369995 144.080017 216.239990
v 155.210007 146.230011 217.029984
v 156.029999 144.260010 214.999985
v 155.770004 143.450012 217.809982
v 155.649994 149.120010 216.659988
v 157.100006 147.670013 218.769989
v 154.210007 148.140015 219.039978
v 154.679993 148.780014 221.869980
v 152.369995 147.130020 221.109985
v 152.410004 150.000015 220.449982
v 157.009995 150.550018 221.509979
v 157.199997 148.210022 223.289978
v 155.559998 150.520020 224.079987
v 157.309998 153.230011 220.339981
v 156.699997 150.920013 218.609985
v 159.360001 151.170013 219.849991
v 161.449997 150.340012 217.949982
v 161.369995 149.170013 220.649979
v 162.160004 151.980011 220.289978
v 160.970001 149.370010 215.209991
v 163.710007 149.950012 216.109985
v 161.809998 152.150009 215.659988
v 163.580002 154.490021 215.349991
v 160.669998 154.870010 215.669983
v 161.740005 153.730011 213.169983
v 161.830002 155.100021 210.569992
v 159.690002 153.150009 211.129990
v 162.460007 152.230011 210.739990
v 161.889999 156.280014 207.869980
v 164.250000 156.480011 209.629990
v 161.820007 158.030014 210.239990
v 159.350006 156.210022 206.399979
v 161.509995 154.330017 205.699982
v 161.779999 157.200012 205.079987
v 164.190002 157.530014 203.419983
v 162.729996 159.900009 204.389984
v 161.539993 158.190018 202.309982
v 161.479996 158.950012 199.469986
v 159.059998 159.230011 201.119980
v 160.029999 156.560013 200.379990
v 162.020004 159.700012 196.679977
v 163.750000 157.740021 198.029984
v 163.850006 160.580017 198.809982
v 161.500000 161.080017 194.129990
v 159.380005 159.480011 195.399979
v 161.710007 158.140015 194.199982
v 159.449997 161.700012 192.099991
v 161.869995 163.360016 192.309982
v 159.820007 163.480011 194.419983
v 156.559998 161.660019 191.519989
v 157.970001 159.150009 192.139984
v 158.470001 160.520020 189.589981
v 154.380005 162.970016 190.039978
v 154.990005 163.800018 192.799988
v 153.759995 161.170013 192.289978
v 152.179993 160.310013 194.609985
v 153.699997 158.330017 193.059982
v 151.309998 159.590012 191.889984
v 149.809998 159.310013 196.049988
v 150.369995 162.200012 195.969986
v 152.080002 160.410019 197.549988
v 151.960007 160.900009 200.449982
v 154.149994 162.050018 198.859985
v 154.050003 159.150009 199.349991
v 150.869995 159.540009 202.819992
v 149.419998 161.820023 201.639984
v 151.960007 162.260010 203.069992
v 150.139999 156.690018 203.049988
v 150.320007 158.370010 205.469986
v 152.770004 157.630020 204.009979
v 154.910004 159.340012 205.079987
v 155.389999 157.700012 202.679977
v 155.110001 156.410019 205.309982
v 154.070007 162.070023 205.769989
v 156.130005 160.710022 207.379990
v 153.330002 159.820023 207.509979
v 150.850006 158.320023 208.039978
v 152.350006 159.500015 210.269989
v 153.449997 157.180008 208.829987
v 156.210007 156.760010 209.759979
v 155.000000 154.890015 207.829987
v 154.070007 154.930008 210.619980
v 158.330002 158.740021 209.259979
v 158.460007 157.020020 211.649979
v 156.429993 159.140015 211.479980
v 154.270004 158.820023 213.459991
v 154.649994 161.400009 212.099991
v 156.619995 160.490021 214.089981
v 152.610001 156.400009 213.669983
v 153.220001 157.980011 216.079987
v 155.339996 156.410019 214.769989
v 157.270004 154.330017 213.969986
v 156.389999 154.520020 216.769989
v 158.149994 156.590012 215.639984
v 160.190002 158.340012 214.439987
v 160.289993 157.730011 217.319992
v 158.160004 159.470016 216.259979
v 162.789993 157.740021 213.189987
v 162.339996 160.360016 214.469986
v 160.970001 159.700012 211.939987
v 160.750000 161.060013 209.349991
v 162.779999 161.920013 211.299988
v 159.929993 162.450012 211.809982
v 158.550003 161.780014 207.529984
v 160.149994 159.360016 207.019989
v 161.339996 162.030014 206.629990
v 164.169998 161.830017 205.869980
v 162.910004 164.470016 206.189987
v 162.179993 162.760010 203.899979
v 160.699997 164.590012 202.129990
v 160.669998 161.690018 201.619980
v 163.130005 163.240021 201.159988
v 163.970001 163.860016 198.409988
v 165.130005 161.540009 199.809982
v 165.839996 164.280014 200.649979
v 163.539993 166.480011 197.129990
v 162.139999 164.090012 196.109985
v 165.050003 164.380020 195.709991
v 165.169998 165.550018 193.009979
v 165.080002 162.620010 193.349991
v 167.500000 164.120010 194.109985
v 170.399994 164.600021 193.989990
v 169.139999 162.780014 192.059982
v 169.380005 161.990021 194.879990
v 171.429993 166.120010 196.299988
v 173.020004 163.920013 195.149979
v 170.559998 163.330017 196.639984
v 170.800003 164.160019 198.409988
v 168.809998 166.190018 197.629990
v 171.229996 166.990021 199.099991
v 173.210007 163.000015 199.629990
v 171.820007 161.570023 197.469986
v 170.580002 161.780014 200.129990
v 175.759995 164.470016 199.759979
v 175.080002 162.510010 201.849991
v 173.619995 165.060013 201.689987
v 171.039993 165.040009 203.099991
v 172.119995 167.570023 202.039978
v 173.389999 166.270020 204.359985
v 170.470001 162.270020 203.919983
v 168.490005 163.770020 202.339981
v 168.990005 164.500015 205.149979
v 171.869995 159.710022 203.549988
v 169.960007 160.030014 205.759979
v 172.550003 161.430008 205.829987
v 174.610001 163.320023 206.769989
v 173.800003 161.050018 208.469986
v 171.949997 163.300018 208.029984
v 169.539993 162.550018 209.539978
v 169.710007 165.190018 208.259979
v 171.369995 164.590012 210.609985
v 169.089996 159.650009 209.309982
v 167.750000 161.180008 211.429977
v 170.649994 160.720016 211.559982
v 171.009995 162.730011 213.689987
v 173.309998 161.140015 212.759979
v 171.169998 159.860016 214.329987
v 168.369995 163.070023 214.939987
v 169.759995 165.390015 213.789978
v 170.770004 164.140015 216.259979
v 168.190002 160.400009 216.179977
v 166.199997 161.230011 214.169983
v 166.190002 162.470016 216.839981
v 170.289993 158.340012 216.199982
v 168.350006 158.490021 218.409988
v 170.410004 160.570023 218.109985
v 169.190002 162.440018 220.029984
v 167.660004 160.120010 219.069992
v 168.229996 162.360016 217.239990
v 167.600006 161.160019 222.139984
v 166.250000 162.600021 219.959991
v 167.759995 164.090012 221.999985
v 167.960007 158.430008 223.199982
v 167.130005 160.610016 224.999985
v 169.869995 160.550018 223.919983
v 171.210007 163.090012 224.599991
v 172.669998 161.000015 223.119980
v 172.000000 160.590012 225.949982
v 170.160004 165.750015 223.899979
v 172.089996 165.460022 226.099991
v 169.339996 164.450012 226.419983
v 169.740005 162.850021 228.859985
v 167.100006 162.910019 227.549988
v 168.110001 165.290009 228.959991
v 172.470001 163.690018 229.569992
v 171.740005 160.840012 229.669983
v 170.639999 162.720016 231.659988
v 174.929993 162.240021 230.279984
v 173.039993 163.050018 232.389984
v 174.649994 165.080017 230.989990
v 176.130005 162.780014 232.079987
v 174.660004 164.570023 233.889984
v 177.110001 165.520020 232.549988
v 176.479996 160.970016 229.779984
v 175.899994 159.870010 232.449982
v 178.529999 161.080017 231.889984
v 175.440002 161.340012 227.049988
v 177.259995 159.110016 227.639984
v 178.279999 161.870010 227.629990
v 181.130005 161.190018 227.899979
v 180.250000 163.980011 228.229980
v 180.199997 162.720016 225.559982
v 181.580002 158.280014 227.979980
v 183.369995 160.090012 229.459991
v 183.449997 160.020020 226.509979
v 184.729996 158.870010 224.129990
v 186.320007 160.440018 226.039978
v 184.339996 161.780014 224.329987
v 185.850006 157.580017 221.729980
v 182.940002 157.960022 221.969986
v 184.320007 155.990021 223.679977
v 187.160004 156.560013 219.299988
v 188.589996 156.490021 221.869980
v 188.089996 159.070023 220.519989
v 187.000000 157.850021 216.659988
v 185.339996 155.490021 217.239990
v 188.259995 155.200012 216.929977
v 190.110001 153.950012 215.009979
v 187.720001 152.490021 215.909988
v 189.949997 152.950012 217.769989
v 192.669998 152.740021 214.179977
v 192.559998 155.590012 214.909988
v 191.300003 154.660019 212.409988
v 192.250000 156.090012 210.019989
v 189.369995 155.990021 210.629990
v 190.779999 153.560013 209.729980
v 193.350006 155.750015 207.309982
v 195.130005 156.490021 209.539978
v 193.179993 158.440018 208.499985
v 194.940002 160.540009 209.569992
v 192.029999 160.700012 209.989990
v 193.160004 161.120010 207.299988
v 190.850006 162.590012 206.209991
v 192.910004 161.520020 204.399979
v 193.529999 163.810013 206.149979
v 194.000000 166.530014 207.169983
v 193.529999 166.100021 204.299988
v 196.050003 165.200012 205.529984
v 198.440002 163.880020 206.619980
v 198.440002 164.870010 203.849991
v 196.820007 162.520020 204.569992
v 198.350006 164.040009 209.559982
v 200.940002 164.090012 208.159988
v 199.360001 161.610016 208.249985
v 196.509995 161.020020 208.679977
v 198.339996 161.190018 210.979980
v 198.529999 158.920013 209.109985
v 196.770004 158.130020 211.329987
v 198.199997 156.070023 209.789978
v 195.979996 157.560013 208.559982
v 195.770004 160.750015 212.229980
v 197.630005 159.220016 213.929977
v 194.860001 158.290009 213.569992
v 194.460007 156.520020 215.879990
v 192.410004 156.660019 213.769989
v 192.820007 158.940018 215.589981
v 190.529999 160.590012 214.729980
v 192.789993 161.830017 216.149979
v 190.960007 160.040009 217.589981
v 188.759995 161.150009 219.209991
v 188.720001 158.320023 218.399979
v 188.300003 160.430008 216.399979
v 186.259995 161.100021 217.659988
v 187.600006 163.660019 218.219986
v 186.279999 162.190018 220.399979
v 183.770004 163.480011 221.239990
v 186.119995 163.550018 222.999985
v 184.679993 161.020020 222.579987
v 181.539993 165.360016 221.639984
v 180.990005 162.490021 221.219986
v 181.979996 164.150009 218.989990
v 179.360001 167.270020 222.159988
v 181.919998 168.210022 221.049988
v 181.770004 167.300018 223.839981
v 177.050003 169.000015 222.739990
v 177.320007 166.400009 224.089981
v 176.669998 166.510010 221.219986
v 174.929993 170.000015 220.949982
v 177.139999 171.780014 221.749985
v 175.100006 170.980011 223.729980
v 173.550003 173.120010 225.019989
v 175.460007 171.530014 226.589981
v 172.960007 170.300018 225.639984
v 172.520004 175.400009 223.469986
v 174.380005 175.860016 225.699982
v 171.619995 174.980011 226.239990
v 170.020004 175.670013 228.609985
v 169.809998 172.990021 227.419983
v 168.710007 175.310013 225.999985
v 169.559998 175.350021 231.499985
v 170.820007 173.190018 229.959991
v 167.970001 173.790009 229.569992
v 168.320007 176.270020 234.009979
v 170.919998 174.900009 234.069992
v 168.479996 173.390015 233.409988
v 167.399994 179.060013 234.199982
v 167.070007 177.240021 236.489990
v 165.440002 176.870010 234.069992
v 164.210007 174.200012 233.809982
v 166.429993 174.980011 232.039978
v 163.779999 176.230011 231.719986
v 161.679993 176.650009 229.699982
v 164.139999 178.270020 229.629990
v 162.160004 178.690018 231.769989
v 159.779999 177.890015 227.819992
v 159.149994 175.300018 229.069992
v 161.259995 175.470016 227.029984
v 162.490005 174.340012 224.599991
v 163.149994 173.220016 227.239990
v 164.130005 175.890015 226.489990
v 161.649994 176.000015 222.319992
v 160.410004 173.360016 222.759979
v 163.199997 173.540009 221.859985
v 164.710007 173.340012 219.339981
v 163.570007 170.920013 220.569992
v 165.860001 172.270020 221.829987
v 166.940002 171.790009 224.519989
v 168.770004 172.180008 222.249985
v 167.179993 169.720016 222.449982
v 168.270004 168.130020 220.219986
v 165.669998 167.410019 221.409988
v 168.149994 166.980011 222.929977
v 168.979996 169.200012 217.579987
v 169.380005 166.340012 218.159988
v 171.100006 168.360016 219.439987
v 173.449997 166.600021 219.449982
v 173.070007 168.550018 221.619980
v 173.770004 169.480011 218.919983
v 176.460007 169.930008 217.799988
v 175.220001 171.970016 219.519989
v 174.169998 171.490021 216.809982
v 178.949997 171.490021 217.709991
v 178.020004 170.060013 215.309982
v 179.050003 168.550018 217.619980
v 180.089996 165.850021 217.029984
v 179.690002 166.710022 219.819992
v 181.860001 167.890015 218.219986
v 184.710007 167.190018 218.449982
v 183.449997 168.920013 220.469986
v 183.910004 169.940018 217.749985
v 186.889999 169.170013 218.449982
v 186.380005 167.540009 216.049988
v 187.509995 166.290009 218.459991
v 190.250000 165.230011 218.209991
v 189.320007 166.300018 220.789978
v 189.809998 168.130020 218.519989
v 191.720001 165.370010 215.659988
v 190.339996 162.890015 216.429977
v 192.759995 163.740021 217.879990
v 193.869995 161.820023 219.819992
v 195.300003 164.330017 219.239990
v 195.179993 162.200012 217.209991
v 197.490005 163.070023 215.599991
v 195.399994 161.390015 214.379990
v 197.229996 160.250015 216.389984
v 196.820007 157.490021 215.449982
v 197.710007 157.980011 218.209991
v 199.539993 158.480011 215.959991
v 202.339996 158.340012 216.849991
v 201.720001 158.500015 213.979980
v 201.119995 156.040009 215.479980
v 201.970001 160.400009 218.919983
v 204.600006 159.130020 218.569992
v 202.360001 157.590012 219.699982
v 203.460007 154.860016 219.519989
v 200.580002 155.260010 220.009979
v 202.539993 155.910019 222.109985
v 205.119995 154.120010 217.199982
v 205.539993 152.800018 219.799988
v 206.300003 155.620010 219.449982
v 206.899994 158.320023 220.459991
v 208.929993 156.190018 220.639984
v 206.529999 156.090012 222.339981
v 206.259995 153.300018 223.229980
v 204.229996 155.290009 223.989990
v 206.919998 155.400009 225.179977
v 205.550003 150.840012 221.769989
v 206.529999 150.680008 224.539978
v 208.369995 151.440018 222.369980
v 211.119995 151.650009 223.379990
v 210.380005 152.950012 220.849991
v 210.559998 150.010010 220.999985
v 210.289993 148.630020 218.419983
v 210.630005 147.070023 220.899979
v 212.880005 148.640015 219.829987
v 215.509995 149.960022 219.699982
v 215.160004 147.270020 218.569992
v 215.100006 147.660019 221.489990
v 214.809998 144.910019 222.499985
v 215.250000 147.130020 224.379990
v 217.429993 146.250015 222.609985
v 214.559998 142.630020 220.649979
v 212.220001 143.540009 222.189987
v 214.449997 142.190018 223.559982
v 215.100006 139.840012 219.889984
v 217.160004 141.910019 219.459991
v 214.720001 141.890015 217.809982
v 215.429993 142.390015 214.999985
v 213.199997 143.860016 216.229980
v 212.929993 140.990021 215.649979
v 212.169998 138.160019 215.979980
v 210.449997 139.970016 214.429977
v 210.630005 140.260010 217.349991
v 208.940002 142.290009 218.639984
v 207.830002 139.650009 217.989990
v 208.460007 141.540009 215.829987
v 207.210007 143.570023 216.629990
v 209.039993 145.210022 218.249985
v 206.679993 143.970016 219.499985
v 203.910004 144.930008 219.809982
v 206.119995 146.330017 221.169983
v 205.289993 143.660019 222.079987
v 201.000000 145.370010 219.879990
v 202.160004 143.480011 217.939987
v 202.589996 146.370010 217.609985
v 199.779999 147.910019 220.719986
v 199.589996 145.540009 222.459991
v 198.070007 145.640015 219.929977
v 196.350006 143.250015 219.839981
v 196.529999 145.030014 217.499985
v 195.139999 145.940018 219.929977
v 193.699997 147.790009 218.149979
v 193.949997 148.400009 221.019989
v 192.220001 146.190018 220.129990
v 189.339996 145.690018 219.749985
v 190.289993 147.020020 222.199982
v 190.850006 144.160019 221.769989
v 187.110001 146.830017 218.219986
v 186.589996 144.750015 220.229980
v 187.970001 144.070023 217.709991
v 189.229996 146.570023 216.799988
v 187.669998 144.930008 214.919983
v 190.279999 143.970016 215.889984
v 189.729996 146.320023 214.199982
v 191.490005 144.170013 213.209991
v 192.399994 145.950012 215.379990
v 194.690002 147.750015 215.749985
v 194.860001 145.530014 213.829987
v 194.839996 144.980011 216.719986
v 197.380005 148.890015 216.159988
v 195.100006 149.890015 217.729980
v 195.279999 150.500015 214.849991
v 199.729996 149.450012 217.839981
v 199.630005 150.440018 215.059982
v 199.940002 147.560013 215.589981
v 201.910004 146.280014 213.809982
v 199.389999 144.900009 214.459991
v 201.470001 145.220016 216.519989
v 203.080002 145.790009 211.159988
v 204.839996 146.220016 213.479980
v 203.279999 148.460022 212.379990
v 202.020004 143.660019 209.429977
v 203.820007 145.700012 208.309982
v 201.080002 146.420013 209.089981
v 200.490005 149.070023 207.939987
v 199.330002 148.300018 210.529984
v 198.380005 147.010010 208.059982
v 202.380005 149.700012 205.769989
v 202.449997 151.230011 208.289978
v 200.199997 151.570023 206.419983
v 200.339996 154.470016 205.909988
v 197.889999 153.280014 207.019989
v 198.639999 152.760010 204.219986
v 198.800003 151.960022 201.389984
v 198.029999 154.710022 202.109985
v 196.179993 152.490021 202.629990
v 193.970001 150.550018 202.369980
v 193.550003 153.370010 201.639984
v 193.880005 152.620010 204.459991
v 192.220001 148.260010 201.799988
v 193.770004 148.340012 204.299988
v 195.139999 147.920013 201.729980
v 189.559998 149.350021 201.189987
v 189.889999 147.410019 203.379990
v 190.160004 146.530014 200.579987
v 187.610001 147.410019 199.399979
v 187.679993 145.080017 201.199982
v 188.869995 144.900009 198.509979
v 191.429993 144.360016 197.169983
v 189.679993 146.510010 196.179977
v 188.899994 143.700012 195.819992
v 189.059998 141.420013 193.959991
v 191.460007 143.030014 194.519989
v 189.250000 144.180008 192.939987
v 190.589996 146.760010 192.449982
v 187.710007 146.680008 193.079987
v 188.679993 145.690018 190.479980
v 186.690002 144.780014 188.509979
v 189.539993 144.890015 187.779984
v 188.020004 147.380020 188.159988
v 187.559998 148.950012 185.709991
v 189.250000 150.040009 187.859985
v 186.339996 149.800018 188.259979
v 187.619995 150.650009 183.309982
v 185.339996 148.840012 183.769989
v 187.979996 147.740021 183.059982
v 187.330002 152.220016 180.839981
v 189.990005 151.860016 182.049988
v 187.979996 153.570023 183.369980
v 185.190002 153.720016 179.489990
v 186.350006 151.340012 178.199982
v 187.940002 153.810013 178.439987
v 184.550003 156.200012 180.939987
v 182.779999 153.860016 181.179977
v 182.889999 155.370010 178.649979
v 186.869995 156.660019 182.689987
v 184.179993 157.500015 183.559982
v 185.550003 158.930008 181.379990
v 184.169998 161.450012 182.029984
v 184.759995 160.780014 179.229980
v 186.940002 161.510010 181.059982
v 188.240005 163.890015 182.199982
v 188.550003 163.270020 179.339981
v 189.869995 161.590012 181.359985
v 187.759995 164.360016 185.069992
v 186.050003 165.660019 183.049988
v 188.839996 166.520020 183.389984
v 185.470001 164.520020 186.909988
v 187.589996 166.570023 187.009979
v 188.139999 163.830017 187.939987
v 188.500000 162.060013 190.259979
v 189.869995 164.660019 190.169983
v 190.720001 162.480011 188.379990
v 187.470001 160.430008 192.489990
v 188.440002 159.120010 190.039978
v 185.919998 160.650009 189.989990
v 185.169998 160.980011 194.249985
v 187.520004 162.750015 194.289978
v 187.710007 160.030014 195.399979
v 188.050003 158.810013 198.059982
v 189.460007 161.320023 197.389984
v 190.279999 158.790009 196.129990
v 187.270004 157.810013 200.709991
v 187.869995 155.920013 198.539978
v 185.419998 157.550018 198.439987
v 186.820007 156.520020 203.319992
v 185.800003 159.240021 202.819992
v 188.699997 158.780014 203.099991
v 187.720001 154.520020 205.289978
v 187.059998 153.690018 202.539978
v 184.919998 154.540009 204.379990
v 187.309998 154.060013 208.169983
v 189.520004 155.790009 207.249985
v 189.639999 152.880020 206.799988
v 190.940002 150.580017 208.099991
v 192.570007 152.680008 206.829987
v 190.990005 150.830017 205.169983
v 188.919998 149.020020 209.559982
v 191.199997 150.190018 211.009979
v 191.619995 147.930008 209.169983
v 194.389999 146.920013 209.059982
v 192.350006 145.830017 207.239990
v 192.240005 145.210022 210.109985
v 192.830002 142.780014 211.669983
v 190.630005 142.780014 209.709991
v 190.380005 144.320023 212.209991
v 193.309998 142.260010 214.529984
v 195.570007 142.320023 212.649979
v 193.639999 140.100021 212.569992
v 194.160004 138.060013 210.499985
v 192.360001 137.450012 212.749985
v 195.259995 137.720016 213.219986
v 196.160004 139.880020 209.329987
v 193.570007 139.480011 207.989990
v 195.559998 137.310013 208.019989
v 197.729996 141.750015 210.979980
v 198.699997 140.970016 208.309982
v 198.720001 139.010010 210.509979
v 199.740005 137.680008 212.929977
v 201.440002 137.890015 210.529984
v 199.110001 136.090012 210.529984
v 200.419998 133.580017 209.739990
v 198.300003 134.720016 208.049988
v 197.630005 133.550018 210.669983
v 194.860001 132.820023 209.979980
v 195.440002 134.090012 212.569992
v 196.309998 131.320023 212.059982
v 198.350006 130.070023 213.769989
v 196.860001 128.440018 211.819992
v 195.500000 129.480011 214.209991
v 195.190002 128.630020 217.009979
v 193.899994 127.090012 214.859985
v 192.889999 129.760010 215.549988
v 197.300003 128.250015 219.019989
v 194.550003 128.820023 219.879990
v 196.149994 130.920013 218.589981
v 196.970001 133.200012 216.909988
v 196.240005 133.630020 219.729980
v 194.160004 132.930008 217.769989
v 191.619995 131.640015 217.049988
v 191.619995 134.370010 218.129990
v 192.279999 132.100021 219.879990
v 193.000000 130.240021 222.049988
v 191.039993 132.390015 222.529984
v 193.889999 133.050018 222.149979
v 193.679993 135.880020 221.379990
v 196.320007 134.600021 221.569992
v 194.770004 135.150009 224.019989
v 190.809998 136.550018 221.319992
v 192.520004 137.160019 218.999985
v 192.820007 138.700012 221.489990
v 188.669998 134.610016 221.849991
v 188.289993 137.450012 222.529984
v 190.160004 135.800018 224.089981
v 192.350006 134.950012 225.869980
v 190.130005 136.560013 226.929977
v 192.089996 137.780014 225.099991
v 193.979996 139.420013 223.549988
v 193.199997 140.250015 226.259979
v 191.250000 140.410019 224.059982
v 188.740005 140.580017 222.539978
v 190.130005 143.040009 223.369980
v 188.800003 141.350021 225.379990
v 186.740005 140.630020 227.369980
v 188.449997 142.990021 227.799988
v 189.600006 140.290009 227.999985
v 191.029999 142.630020 229.059982
v 192.449997 140.670013 227.379990
v 191.619995 139.950012 230.119980
v 194.089996 139.780014 231.709991
v 191.500000 140.140015 233.049988
v 192.660004 142.340012 231.479980
v 196.440002 139.690018 233.479980
v 196.699997 140.750015 230.749985
v 196.270004 137.870010 231.169983
v 198.919998 138.970016 230.509979
v 197.000000 138.360016 228.359985
v 198.279999 136.170013 229.859985
v 201.210007 136.120010 230.149979
v 200.000000 137.140015 227.669983
v 199.880005 134.260010 228.289978
v 201.479996 132.400009 226.659988
v 198.539993 132.330017 226.519989
v 199.919998 131.390015 228.939987
v 202.899994 130.620010 224.799988
v 204.160004 131.400009 227.339981
v 203.830002 133.380020 225.189987
v 203.830002 129.140015 222.429977
v 200.949997 129.260010 223.049988
v 202.759995 127.680016 224.749985
v 204.300003 128.470016 219.599991
v 205.309998 126.700012 221.709991
v 206.539993 129.350021 221.299988
v 202.910004 130.750015 218.339981
v 201.850006 128.020020 218.019989
v 204.350006 128.800018 216.669983
v 204.850006 130.100021 214.079987
v 203.139999 127.710014 214.219986
v 206.039993 127.470016 214.659988
v 205.500000 131.970016 211.889984
v 207.160004 131.920013 214.319992
v 204.419998 132.990021 214.429977
v 203.600006 133.320023 210.089981
v 205.289993 131.130020 209.069992
v 206.500000 133.730011 209.759979
v 207.800003 135.810013 208.129990
v 208.850006 133.070023 208.119980
v 209.149994 134.750015 210.519989
v 208.539993 137.880020 206.179977
v 209.190002 138.250015 209.029984
v 206.389999 138.400009 208.119980
v 210.500000 139.340012 204.529984
v 207.880005 140.550018 205.109985
v 208.070007 138.240021 203.289978
v 208.070007 136.010010 201.359985
v 205.679993 137.710022 201.649979
v 206.429993 135.840012 203.799988
v 210.699997 135.240021 200.279984
v 208.240005 134.090012 199.139984
v 209.110001 133.300018 201.829987
v 211.460007 132.720016 203.509979
v 210.179993 130.560013 201.979980
v 208.809998 131.730011 204.309982
v 209.039993 130.660019 207.039978
v 206.610001 130.140015 205.459991
v 207.160004 132.850021 206.469986
v 209.350006 129.640015 209.779984
v 211.000000 131.900009 208.849991
v 211.479996 129.190018 207.789978
v 208.779999 126.940018 210.819992
v 206.880005 129.140015 211.299988
v 209.490005 129.110016 212.679977
v 209.460007 129.440018 215.599991
v 206.929993 129.040009 214.139984
v 208.399994 131.580017 213.869980
v 208.690002 130.620010 218.189987
v 210.539993 128.330017 218.099991
v 207.690002 127.960014 217.439987
v 206.589996 132.650009 217.889984
v 209.309998 133.460022 218.659988
v 207.610001 131.990021 220.559982
v 208.649994 132.070023 223.319992
v 206.080002 130.760010 222.749985
v 206.309998 133.690018 222.579987
v 204.630005 135.530014 224.149979
v 204.970001 135.950012 221.259979
v 207.220001 136.440018 223.099991
v 205.210007 136.510010 226.859985
v 202.960007 134.650009 226.419983
v 202.789993 137.430008 225.449982
v 200.899994 139.310013 226.689987
v 200.050003 137.650009 224.409988
v 201.960007 139.850021 223.989990
v 198.929993 141.250015 227.709991
v 201.580002 141.050018 228.959991
v 199.619995 138.880020 229.299988
v 197.300003 143.630020 228.289978
v 196.190002 140.940018 228.749985
v 196.619995 141.910019 225.999985
v 196.059998 146.040009 229.439987
v 196.580002 145.890015 226.549988
v 198.820007 146.150009 228.429977
v 194.710007 148.310013 230.739990
v 196.869995 146.880020 232.139984
v 194.270004 145.570023 231.729980
v 191.800003 147.830017 230.659988
v 193.199997 148.810013 228.259979
v 192.839996 150.580017 230.589981
v 190.490005 151.010010 228.859985
v 192.479996 153.160019 229.209991
v 190.699997 152.420013 231.439987
v 189.350006 150.260010 226.249985
v 188.160004 149.220016 228.739990
v 190.800003 148.260010 227.859985
v 190.850006 149.790009 223.759979
v 188.759995 151.860016 223.859985
v 188.020004 149.020020 223.939987
v 193.619995 150.410019 222.959991
v 192.059998 148.410019 221.459991
v 192.990005 147.810013 224.189987
v 192.850006 145.090012 225.299988
v 194.059998 147.260010 226.879990
v 195.449997 146.210022 224.499985
v 197.919998 147.400009 225.559982
v 197.509995 147.220016 222.649979
v 198.000000 144.780014 224.219986
v 200.679993 143.590012 223.919983
v 198.320007 142.210022 222.819992
v 198.720001 142.360016 225.729980
v 203.210007 142.210022 223.319992
v 202.990005 143.930008 225.699982
v 203.020004 145.130020 223.019989
v 203.380005 141.050018 220.619980
v 202.839996 139.310013 222.939987
v 205.500000 140.510010 222.589981
v 207.710007 138.620010 222.149979
v 207.699997 140.340012 224.539978
v 208.179993 141.510010 221.879990
v 209.710007 136.460022 222.329987
v 209.440002 138.020020 219.839981
v 207.330002 136.130020 220.629990
v 209.559998 133.620010 223.079987
v 210.330002 135.630020 225.089981
v 212.169998 134.960022 222.889984
v 214.289993 133.280014 221.729980
v 213.990005 133.440018 224.649979
v 215.000000 135.760010 223.139984
v 214.660004 138.590012 222.409988
v 217.300003 137.590012 223.249985
v 215.119995 137.840012 225.219986
v 216.610001 138.780014 227.579987
v 214.419998 136.830017 227.899979
v 213.820007 139.620010 227.169983
v 218.789993 140.610016 226.839981
v 219.369995 138.190018 228.419983
v 217.910004 140.430008 229.639984
v 218.020004 143.070023 225.409988
v 219.570007 140.980011 224.029984
v 220.830002 142.610016 226.139984
v 223.250000 143.080017 224.519989
v 223.500000 142.350021 227.359985
v 222.479996 145.000015 226.609985
v 224.089996 147.440018 227.019989
v 222.190002 146.560013 229.099991
v 221.190002 147.650009 226.549988
v 224.910004 149.460022 225.049988
v 226.729996 147.250015 225.739990
v 226.190002 149.380020 227.689987
v 227.190002 149.290009 230.459991
v 225.960007 151.750015 229.419983
v 228.600006 150.890015 228.439987
v 230.940002 152.590012 229.019989
v 230.050003 152.200012 226.239990
v 231.300003 149.980011 227.709991
v 233.470001 153.950012 229.689987
v 231.960007 152.530014 231.779984
v 230.910004 155.040009 230.649979
v 236.270004 153.030014 229.709991
v 235.360001 155.060013 231.649979
v 235.610001 155.760010 228.799988
v 237.229996 157.280014 226.869980
v 235.429993 158.690018 228.719986
v 234.309998 157.090012 226.519989
v 240.130005 157.550018 226.419983
v 238.229996 158.780014 224.539978
v 238.509995 155.850021 224.639984
v 237.740005 153.080017 225.239990
v 238.979996 153.730011 222.649979
v 236.240005 154.620010 223.229980
v 233.559998 155.840012 223.419983
v 234.389999 154.490021 220.939987
v 235.619995 157.060013 221.689987
v 237.910004 156.890015 219.849991
v 237.690002 159.150009 221.729980
v 235.839996 158.950012 219.449982
v 236.979996 154.450012 218.489990
v 239.690002 154.560013 219.639984
v 239.039993 156.140015 217.239990
v 234.570007 155.620010 217.259979
v 234.309998 153.450012 219.239990
v 235.399994 152.880020 216.559982
v 233.949997 158.490021 217.409988
v 232.990005 156.900009 215.139984
v 235.860001 157.500015 215.399979
v 236.889999 155.540009 213.459991
v 238.759995 157.090012 215.129990
v 237.259995 158.420013 212.979980
v 235.970001 152.750015 213.639984
v 237.000000 153.800018 211.089981
v 234.399994 154.730011 212.119980
v 231.789993 155.970016 212.669983
v 232.179993 154.380020 210.219986
v 233.479996 157.010010 210.499985
v 235.589996 159.030014 210.119980
v 232.759995 159.750015 209.689987
v 234.130005 157.960022 207.789978
v 233.009995 158.620010 205.149979
v 233.970001 155.900009 205.699982
v 235.899994 158.100021 205.439987
v 238.279999 156.410019 205.709991
v 238.490005 159.310013 206.129990
v 238.039993 158.240021 203.419983
v 238.520004 154.300018 207.759979
v 240.300003 154.280014 205.409988
v 237.440002 153.650009 205.099991
v 237.970001 151.800018 202.869980
v 235.429993 153.280014 202.979980
v 235.960007 151.120010 204.899979
v 240.740005 152.030014 201.879990
v 239.289993 149.470016 201.649979
v 240.160004 150.440018 204.289978
v 241.350006 150.980011 206.929977
v 241.279999 148.230011 205.879990
v 238.789993 149.540009 206.729980
v 236.619995 150.230011 208.599991
v 237.220001 147.400009 208.009979
v 235.979996 149.110016 205.959991
v 233.699997 149.780014 204.219986
v 234.119995 147.000015 205.089981
v 235.960007 148.230011 203.149979
v 231.029999 150.720016 205.009979
v 231.559998 150.000015 202.209991
v 232.750000 152.430008 203.359985
v 231.289993 151.660019 207.789978
v 230.050003 149.050018 207.229980
v 228.630005 151.530014 206.529984
v 226.039993 150.780014 205.359985
v 226.899994 153.590012 205.339981
v 226.139999 152.310013 207.879990
v 226.220001 154.540009 209.799988
v 226.029999 151.760010 210.769989
v 223.729996 153.010010 209.419983
v 220.990005 153.860016 210.079987
v 221.839996 151.090012 210.599991
v 221.460007 152.020020 207.829987
v 218.800003 155.210022 211.519989
v 218.770004 155.080017 208.579987
v 220.729996 156.790009 209.949982
v 217.529999 156.570023 213.799988
v 219.490005 154.420013 214.269989
v 216.830002 153.780014 213.169983
v 217.419998 158.540009 215.989990
v 215.169998 156.690018 215.549988
v 215.690002 158.860016 213.629990
v 219.679993 159.070023 217.799988
v 216.979996 158.630020 218.899979
v 217.580002 161.100021 217.419983
v 217.770004 164.040009 217.389984
v 218.339996 162.560013 219.869980
v 215.580002 162.730011 218.849991
v 218.350006 165.580017 214.939987
v 218.470001 166.900009 217.569992
v 215.869995 166.080017 216.449982
v 217.679993 164.560013 212.259979
v 219.889999 163.350021 213.779984
v 220.179993 166.070023 212.689987
v 217.259995 165.710022 209.579987
v 214.949997 164.880020 211.209991
v 216.740005 162.850021 210.059982
v 214.369995 161.330017 209.199982
v 216.720001 159.910019 210.259979
v 216.860001 161.200012 207.619980
v 217.080002 160.260010 204.839981
v 219.309998 159.850021 206.719986
v 218.679993 162.560013 205.749985
v 217.529999 158.960022 202.239990
v 215.679993 161.240021 202.439987
v 214.949997 158.640015 203.619980
v 220.089996 158.180008 200.999985
v 217.559998 157.030014 200.019989
v 218.600006 156.250015 202.659988
v 222.399994 158.390015 202.809982
v 221.669998 160.660019 201.079987
v 222.820007 158.220016 199.899979
v 223.089996 155.960022 204.309982
v 222.580002 158.480011 205.749985
v 225.020004 158.170013 204.129990
v 226.949997 159.260010 202.189987
v 227.600006 159.260010 205.059982
v 225.520004 161.070023 204.009979
v 223.679993 161.650009 206.229980
v 223.369995 163.050018 203.659988
v 225.660004 163.670013 205.399979
v 222.149994 159.640015 207.749985
v 223.110001 162.080017 209.089981
v 225.029999 160.010010 208.269989
v 227.369995 158.340012 207.649979
v 226.880005 159.220016 210.419983
v 227.729996 161.170013 208.389984
v 226.830002 163.830017 209.289978
v 228.460007 163.570023 206.849991
v 229.679993 163.090012 209.479980
v 224.000000 164.380020 209.869980
v 226.119995 165.810013 211.339981
v 225.660004 162.950012 211.839981
v 228.119995 161.980011 213.139984
v 225.889999 160.120010 212.629990
v 225.630005 162.210022 214.689987
v 230.789993 162.480011 212.009979
v 230.440002 162.270020 214.919983
v 229.389999 164.620010 213.479980
v 227.809998 167.020020 212.849991
v 229.970001 167.160019 214.849991
v 227.490005 165.680008 215.449982
v 228.350006 163.920013 217.649979
v 225.580002 163.770020 216.639984
v 226.460007 166.120010 218.179977
v 230.449997 161.860016 217.569992
v 229.779999 163.190018 220.109985
v 231.169998 164.680008 217.989990
v 232.750000 166.470016 216.259979
v 233.559998 166.020020 219.059982
v 231.139999 167.590012 218.459991
v 228.490005 168.810013 218.809982
v 230.779999 169.800018 220.369980
v 229.639999 167.150009 220.949982
v 231.669998 165.660019 222.479980
v 229.009995 164.470016 222.009979
v 229.300003 166.750015 223.849991
v 234.020004 167.360016 222.939987
v 234.250000 164.980011 221.229980
v 233.889999 164.670013 224.129990
v 220.160004 158.410019 225.439987
v 222.470001 158.290009 227.249985
v 222.889999 158.710022 224.369980
v 221.970001 156.090012 225.359985
v 220.740005 153.460022 225.859985
v 223.580002 153.640015 225.099991
v 221.490005 154.240021 223.119980
v 223.029999 155.610016 221.009979
v 220.240005 154.820023 220.519989
v 222.330002 152.760010 220.709991
v 224.460007 158.120010 221.589981
v 225.559998 156.210022 219.629990
v 225.570007 155.550018 222.499985
v 225.789993 154.260010 225.129990
v 228.130005 154.360016 223.339981
v 225.850006 152.620010 222.689987
v 225.919998 151.550018 219.939987
v 223.830002 150.650009 221.819992
v 226.630005 149.820023 222.219986
v 225.619995 153.160019 217.499985
v 226.919998 150.520020 217.369980
v 228.279999 152.780014 218.679977
v 230.160004 151.520020 220.569992
v 229.979996 154.450012 220.409988
v 231.179993 152.920013 218.199982
v 229.460007 149.480011 222.579987
v 232.020004 149.310013 221.139984
v 229.500000 148.780014 219.719986
v 227.399994 148.150009 217.749985
v 229.600006 146.250015 218.209991
v 230.130005 148.800018 216.839981
v 231.300003 151.130020 215.469986
v 231.809998 148.410019 214.459991
v 233.020004 149.290009 216.989990
v 235.880005 148.920013 217.599991
v 234.630005 147.400009 215.409988
v 233.949997 146.780014 218.209991
v 232.350006 144.410019 218.909988
v 235.119995 144.090012 217.979980
v 233.029999 144.950012 216.089981
v 231.529999 145.440018 213.609985
v 233.529999 143.290009 213.719986
v 234.399994 146.100021 213.749985
v 237.119995 145.250015 214.519989
v 236.369995 148.100021 214.649979
v 236.690002 146.780014 212.039978
v 237.169998 142.340012 214.109985
v 238.039993 143.480011 216.679977
v 239.690002 143.850021 214.269989
v 237.270004 142.570023 211.179977
v 235.009995 141.190018 212.469986
v 237.679993 139.950012 212.469986
v 239.710007 144.130020 210.679977
v 237.160004 144.980011 209.499985
v 238.500000 142.560013 208.509979
v 241.889999 142.990021 212.299988
v 241.539993 145.910019 212.149979
v 242.509995 144.420013 209.799988
v 241.759995 141.200012 214.639984
v 243.970001 140.950012 212.709991
v 241.240005 140.140015 211.939987
v 239.179993 138.060013 211.679977
v 241.889999 137.570023 210.659988
v 240.130005 139.500015 209.289978
v 241.160004 141.310013 207.219986
v 238.279999 140.720016 207.349991
v 240.169998 138.640015 206.479980
v 243.029999 143.460022 207.979980
v 242.899994 142.540009 205.179977
v 244.059998 140.790009 207.249985
v 244.940002 138.380020 208.679977
v 246.550003 139.430008 206.449982
v 243.940002 138.170013 205.919983
v 242.979996 138.720016 203.189987
v 241.600006 136.730011 204.869980
v 244.279999 136.150009 203.799988
v 241.949997 139.480011 200.539978
v 244.360001 140.790009 201.619980
v 241.720001 141.350021 202.799988
v 241.059998 139.740021 197.749985
v 239.080002 139.600021 199.919983
v 240.639999 137.210022 199.199982
v 239.250000 135.100021 200.709991
v 242.089996 134.780014 200.009979
v 240.029999 134.640015 197.909988
v 240.899994 132.140015 196.609985
v 240.240005 134.500015 194.969986
v 238.100006 133.030014 196.359985
v 236.309998 130.730011 196.779984
v 235.899994 132.520020 194.469986
v 235.309998 133.470016 197.199982
v 234.539993 134.590012 199.809982
v 232.660004 132.880020 198.319992
v 233.270004 135.590012 197.349991
v 231.179993 136.820023 195.689987
v 233.970001 137.730011 195.439987
v 232.419998 138.360016 197.859985
v 232.020004 139.410019 200.589981
v 231.240005 141.030014 198.259979
v 234.089996 140.580017 198.849991
v 231.039993 140.220016 203.239990
v 233.750000 139.100021 202.949982
v 231.399994 137.360016 202.609985
v 229.639999 141.070023 205.689987
v 228.389999 141.480011 203.059982
v 230.740005 143.080017 203.839981
v 230.789993 141.570023 208.349991
v 229.020004 139.260010 207.929977
v 227.910004 141.990021 207.889984
v 225.020004 142.240021 207.389984
v 226.649994 144.650009 207.849991
v 226.110001 142.800018 210.069992
v 224.500000 143.670013 212.379990
v 227.429993 143.490021 212.609985
v 225.809998 141.030014 212.409988
v 223.339996 145.390015 214.459991
v 222.309998 142.660019 214.069992
v 221.779999 144.740021 212.049988
v 220.600006 146.480011 214.549988
v 222.259995 146.870010 212.149979
v 222.910004 148.300018 214.639984
v 224.240005 149.290009 212.199982
v 225.100006 146.760010 213.419983
v 225.679993 149.310013 214.769989
v 227.139999 149.190018 212.679977
v 226.050003 151.000015 210.629990
v 226.020004 148.080017 210.199982
v 224.820007 147.000015 207.739990
v 226.160004 145.200012 209.639984
v 227.740005 147.080017 208.029984
v 230.619995 146.870010 208.639984
v 229.649994 148.970016 206.809982
v 229.619995 146.150009 205.969986
v 231.750000 145.290009 204.119980
v 229.050003 145.830017 203.099991
v 229.539993 143.460022 204.769989
v 234.070007 145.020020 202.329987
v 233.899994 143.380020 204.769989
v 234.389999 146.280014 204.979980
v 234.759995 146.510010 199.889984
v 235.240005 143.610016 200.029984
v 236.899994 145.450012 201.619980
v 234.470001 149.440018 199.929977
v 232.080002 147.730011 199.719986
v 233.949997 147.950012 197.449982
v 235.539993 147.560013 194.999985
v 233.509995 149.690018 195.119980
v 232.679993 146.870010 195.019989
v 231.419998 144.360016 194.119980
v 230.029999 146.930008 193.739990
v 230.330002 145.800018 196.439987
v 228.949997 148.150009 197.569992
v 227.440002 145.690018 197.009979
v 228.449997 147.340012 194.779984
v 228.910004 150.390015 195.659988
v 226.940002 150.280014 197.839981
v 226.770004 148.370010 195.609985
v 225.919998 145.920013 194.209991
v 223.960007 148.050018 194.769989
v 225.029999 146.420013 196.969986
v 222.490005 146.590012 198.449982
v 225.039993 146.480011 199.919983
v 224.059998 144.100021 198.499985
v 219.779999 146.610016 199.599991
v 220.139999 146.470016 196.679977
v 220.779999 148.960022 198.119980
v 220.199997 144.790009 201.869980
v 217.520004 145.060013 200.669983
v 218.669998 147.280014 202.239990
v 216.220001 147.870010 203.759979
v 217.589996 150.020020 202.289978
v 218.820007 148.880020 204.709991
v 218.949997 149.800018 207.499985
v 220.809998 150.890015 205.499985
v 221.100006 148.110016 206.399979
v 217.880005 148.110016 209.659988
v 216.449997 150.550018 208.849991
v 219.020004 150.760010 210.279984
v 216.580002 146.130020 211.399979
v 219.520004 146.280014 211.289978
v 218.009995 145.250015 208.979980
v 214.419998 146.590012 213.349991
v 214.779999 143.920013 212.159988
v 213.770004 146.150009 210.509979
v 212.940002 147.650009 208.119980
v 211.630005 145.090012 208.779984
v 214.419998 145.120010 207.829987
v 215.250000 142.620010 206.509979
v 217.270004 144.380020 207.739990
v 215.889999 145.220016 205.279984
v 214.139999 141.360016 204.099991
v 213.199997 140.520020 206.759979
v 215.919998 139.820023 205.869980
v 218.350006 138.370010 205.069992
v 216.250000 136.990021 206.589981
v 217.899994 139.040009 207.899979
v 216.679993 138.970016 210.589981
v 218.630005 141.070023 209.899979
v 219.529999 138.290009 210.239990
v 213.759995 139.070023 210.889984
v 215.399994 137.700012 212.909988
v 215.080002 136.530014 210.229980
v 217.130005 134.430008 209.959991
v 215.190002 134.890015 207.789978
v 214.309998 133.690018 210.319992
v 220.050003 134.800018 210.029984
v 218.880005 132.160019 210.619980
v 218.559998 134.370010 212.529984
v 217.389999 135.900009 214.749985
v 219.259995 133.700012 215.309982
v 216.559998 133.120010 214.289978
v 216.479996 130.360016 213.259979
v 214.009995 131.960022 213.379990
v 215.259995 131.000015 215.859985
v 218.830002 128.590012 213.309982
v 217.500000 129.200012 210.759979
v 216.160004 127.480019 212.729980
v 220.179993 126.730019 215.149979
v 221.339996 129.380020 214.619980
v 221.369995 127.320015 212.519989
v 222.389999 127.780014 209.799988
v 221.770004 125.040016 210.699982
v 224.089996 126.470016 211.809982
v 224.360001 127.480019 207.639984
v 223.970001 130.100021 208.929977
v 221.889999 129.000015 207.169983
v 220.940002 130.130020 204.619980
v 219.789993 131.060013 207.159988
v 219.190002 128.350021 206.179977
v 221.509995 128.970016 201.969986
v 222.919998 131.400009 202.839981
v 220.050003 131.520020 202.179977
v 219.429993 134.400009 202.189987
v 217.250000 132.420013 202.149979
v 218.940002 132.800018 199.769989
v 218.229996 134.250015 197.309982
v 217.500000 131.420013 197.609985
v 220.320007 132.180008 197.239990
v 220.059998 136.020020 195.839981
v 218.229996 137.150009 197.849991
v 217.169998 136.130020 195.309982
v 215.960007 137.110016 192.809982
v 215.619995 138.630020 195.309982
v 214.250000 136.050018 194.959991
v 215.190002 135.300018 190.619980
v 217.820007 136.630020 190.579987
v 215.369995 138.200012 190.139984
v 215.130005 140.830017 188.839981
v 214.350006 138.390015 187.379990
v 217.190002 138.930008 187.939987
v 214.809998 143.720016 189.299988
v 215.729996 141.970016 191.489990
v 212.940002 141.820023 190.549988
v 216.539993 145.400009 187.609985
v 214.369995 146.630020 189.169983
v 213.729996 144.930008 186.849991
v 218.520004 147.570023 187.819992
v 218.490005 145.830017 185.439987
v 219.380005 144.760010 188.029984
v 222.270004 145.240021 187.739990
v 221.070007 142.780014 186.649979
v 221.300003 143.140015 189.559982
v 224.070007 142.280014 190.089981
v 222.570007 141.110016 187.849991
v 221.830002 140.440018 190.619980
v 223.619995 138.300018 189.679977
v 221.889999 139.710022 187.769989
v 220.710007 137.870010 189.729980
v 226.449997 138.790009 189.019989
v 224.880005 136.870010 187.439987
v 225.639999 136.220016 190.209991
v 226.500000 140.420013 191.479980
v 226.419998 141.730011 188.849991
v 228.860001 140.340012 189.719986
v 225.869995 138.250015 193.369980
v 224.270004 140.730011 193.379990
v 227.050003 140.770020 194.349991
v 224.899994 135.960022 194.929977
v 223.039993 138.100021 194.149979
v 225.100006 138.610016 196.189987
v 223.520004 133.370010 195.219986
v 222.100006 135.870010 195.849991
v 224.259995 134.920013 197.609985
v 224.440002 134.130020 200.449982
v 223.169998 136.680008 199.699982
v 226.080002 136.360016 199.419983
v 224.500000 133.670013 203.349991
v 226.440002 132.310013 201.609985
v 223.610001 131.530014 201.539978
v 224.410004 133.380020 206.279984
v 222.509995 135.180008 204.919983
v 225.369995 135.890015 205.079987
v 224.220001 133.500015 209.219986
v 225.919998 131.470016 207.929977
v 222.990005 131.270020 207.749985
v 221.820007 133.890015 210.869980
v 223.639999 136.150009 210.359985
v 224.490005 133.950012 212.119980
v 226.360001 135.900009 213.279984
v 227.119995 133.060013 213.099991
v 225.039993 133.910019 215.009979
v 224.250000 131.530014 216.539978
v 222.809998 134.070023 216.919983
v 225.570007 133.780014 217.899979
v 225.940002 136.260010 219.449982
v 228.270004 134.580017 218.769989
v 226.300003 133.640015 220.749985
v 227.229996 131.190018 222.099991
v 224.589996 132.320023 222.739990
v 227.029999 133.720016 223.599991
v 227.110001 136.370010 224.879990
v 229.520004 134.680008 224.849991
v 227.220001 133.930008 226.529984
v 226.699997 133.120010 229.309982
v 228.570007 135.320023 228.739990
v 229.309998 132.560013 228.079987
v 224.619995 135.140015 229.839981
v 225.960007 133.780014 232.089981
v 224.080002 132.290009 230.369980
v 222.490005 132.930008 227.979980
v 223.000000 135.010010 229.999985
v 221.190002 132.770020 230.609985
v 222.089996 134.280014 225.389984
v 220.919998 131.620010 225.859985
v 223.830002 131.910019 225.559982
v 223.350006 136.940018 225.219986
v 220.429993 136.670013 224.929977
v 222.220001 135.690018 222.809982
v 221.089996 134.830017 220.229980
v 224.009995 134.860016 220.609985
v 222.520004 137.400009 220.429977
v 223.830002 139.990021 220.909988
v 221.110001 139.900009 219.769989
v 223.419998 139.030014 218.149979
v 225.990005 140.180008 217.269989
v 223.470001 141.560013 216.639984
v 224.130005 139.020020 215.299988
v 225.250000 138.420013 212.639984
v 222.380005 138.990021 212.929977
v 223.500000 136.470016 213.969986
v 228.050003 137.520020 212.589981
v 227.339996 140.140015 211.469986
v 226.509995 137.680008 210.079987
v 228.470001 139.400009 208.719986
v 225.669998 139.360016 207.809982
v 227.399994 137.020020 207.359985
v 227.860001 136.660019 204.469986
v 229.300003 134.970016 206.409988
v 229.970001 137.830017 206.169983
v 227.369995 138.750015 202.459991
v 225.449997 136.540009 202.789978
v 228.100006 136.020020 201.609985
v 228.770004 135.140015 198.879990
v 227.490005 133.270020 200.759979
v 230.279999 134.100021 201.179977
v 231.350006 135.380020 197.499985
v 229.119995 137.140015 196.749985
v 229.020004 134.270020 196.079987
v 229.309998 133.100021 193.399979
v 226.770004 134.360016 194.179977
v 227.580002 131.800018 195.389984
v 231.029999 131.570023 191.549988
v 229.750000 134.070023 190.649979
v 228.119995 131.670013 191.119980
v 233.830002 131.170013 192.369980
v 232.889999 130.170013 189.759979
v 231.979996 128.880020 192.239990
v 229.919998 126.980019 191.349991
v 229.740005 128.190018 194.029984
v 231.830002 126.200012 193.449982
v 229.309998 127.330017 188.489990
v 228.929993 124.700012 189.759979
v 231.649994 125.740013 189.319992
v 234.509995 126.390015 189.089981
v 233.460007 123.930016 187.869980
v 233.639999 124.150017 190.799988
v 233.389999 123.530014 193.659988
v 234.440002 121.500015 191.799988
v 231.589996 122.250015 191.719986
v 230.320007 120.880013 189.439987
v 228.720001 122.630013 191.179977
v 229.699997 120.040016 192.189987
v 230.919998 121.210014 186.579987
v 230.190002 118.560013 187.629990
v 232.789993 119.740013 188.309982
v 235.589996 120.160019 189.129990
v 234.820007 117.690018 187.729980
v 233.940002 118.150017 190.499985
v 231.800003 116.130013 190.389984
v 232.179993 117.740013 192.829987
v 234.149994 115.680016 192.089981
v 232.360001 114.710014 187.869980
v 229.729996 115.970016 188.289978
v 230.470001 113.570015 189.819992
v 234.889999 113.370018 188.579987
v 234.729996 115.040016 186.159988
v 233.330002 112.450012 186.249985
v 234.690002 111.700012 190.989990
v 236.419998 114.080017 190.989990
v 237.169998 111.710014 189.409988
v 221.289993 112.590012 184.419983
v 223.710007 114.110016 185.119980
v 221.940002 113.100014 187.239990
v 221.050003 115.310013 185.509979
v 218.809998 117.190018 185.159988
v 221.580002 118.090012 184.719986
v 220.649994 117.490013 187.439987
v 220.429993 119.430016 189.649979
v 222.809998 117.700012 189.429977
v 220.210007 116.550018 190.199982
v 217.880005 120.860016 189.999985
v 220.289993 122.330017 189.149979
v 220.089996 121.290016 191.899979
v 219.070007 123.010017 194.069992
v 221.960007 122.920013 193.489990
v 220.619995 120.590012 194.709991
v 216.169998 122.530014 194.149979
v 217.199997 125.160019 193.329987
v 217.419998 124.300018 196.139984
v 218.110001 126.980019 197.149979
v 218.820007 124.580017 198.709991
v 216.009995 125.400017 198.469986
v 213.589996 126.600014 199.649979
v 215.899994 125.970016 201.359985
v 214.270004 123.800018 200.219986
v 211.490005 127.100014 197.639984
v 211.949997 124.370018 198.639984
v 213.940002 125.640015 196.879990
v 213.119995 125.020012 196.339981
v 214.419998 127.400017 197.489990
v 212.779999 127.640015 195.049988
v 215.210007 128.290009 193.519989
v 214.089996 130.250015 195.409988
v 212.679993 129.650009 192.899979
v 216.320007 127.950012 190.809982
v 216.600006 125.790016 192.799988
v 218.130005 128.290009 193.109985
v 220.059998 128.300018 195.319992
v 220.130005 130.450012 193.309982
v 220.970001 127.720016 192.579987
v 223.850006 127.260017 192.159988
v 222.270004 128.710022 190.139984
v 221.869995 125.820015 190.519989
v 219.839996 124.640015 188.749985
v 221.270004 122.950012 190.689987
v 222.690002 124.020012 188.339981
v 224.300003 121.600014 187.879990
v 225.220001 124.200012 186.859985
v 222.889999 122.880013 185.629990
v 222.580002 123.750015 182.839981
v 221.289993 121.270012 183.759979
v 224.220001 121.390015 183.469986
v 224.419998 125.400017 181.229980
v 223.240005 126.490013 183.689987
v 221.550003 126.060013 181.319992
v 219.080002 127.100014 182.539978
v 219.000000 125.870018 179.859985
v 220.289993 128.490021 180.239990
v 220.250000 128.420013 184.889984
v 218.699997 125.940018 185.209991
v 217.339996 128.450012 184.489990
v 223.070007 129.270020 184.999985
v 221.149994 130.290009 186.979980
v 220.990005 131.180008 184.179977
v 218.289993 132.230011 184.689987
v 219.399994 132.300018 181.969986
v 220.490005 134.080017 184.049988
v 216.000000 130.810013 185.879990
v 216.149994 133.750015 186.029984
v 218.000000 132.110016 187.619980
v 220.419998 132.290009 189.279984
v 218.720001 129.890015 189.409988
v 217.759995 132.430008 190.539978
v 216.289993 134.970016 190.789978
v 216.729996 133.270020 193.159988
v 214.860001 132.400009 191.049988
v 213.490005 132.050018 188.469986
v 212.300003 133.770020 190.549988
v 212.369995 130.850021 190.919983
v 211.070007 128.210022 191.109985
v 209.669998 130.620010 192.079987
v 212.000000 129.580017 193.549988
v 212.080002 125.490013 191.609985
v 212.080002 126.590012 188.869980
v 209.529999 125.880013 190.179977
v 207.410004 124.120018 189.139984
v 209.699997 124.830017 187.429977
v 207.690002 126.870018 188.109985
v 208.350006 129.330017 186.639984
v 206.880005 127.170013 185.289978
v 209.720001 126.810013 185.979980
v 212.470001 125.840012 186.369980
v 211.250000 125.780014 183.689987
v 210.300003 123.940018 185.779984
v 210.919998 121.100014 186.289978
v 209.179993 121.850014 184.039978
v 208.210007 122.140015 186.799988
v 206.070007 120.210014 187.409988
v 205.399994 123.010017 186.809982
v 206.729996 122.330017 189.339981
v 207.110001 117.660019 188.449982
v 205.740005 117.730019 185.849991
v 204.210007 118.120018 188.329987
v 207.610001 118.980019 191.039978
v 209.869995 117.930016 189.459991
v 208.000000 116.070015 190.769989
v 207.429993 121.810013 191.809982
v 207.410004 119.720016 193.879990
v 205.089996 120.060013 192.099991
v 202.539993 119.520012 190.719986
v 202.600006 119.780014 193.659988
v 203.800003 117.420013 192.359985
v 205.429993 115.040016 191.779984
v 203.350006 114.940018 193.869980
v 205.809998 116.500015 194.309982
v 208.220001 117.910019 195.219986
v 207.229996 115.580017 196.719986
v 205.729996 118.110016 196.769989
v 203.070007 117.080017 197.529984
v 203.500000 119.980019 197.269989
v 204.720001 118.500015 199.509979
v 203.380005 114.200012 198.099991
v 201.649994 115.090012 195.889984
v 200.830002 115.550018 198.679977
v 205.869995 112.640015 198.259979
v 203.669998 112.100014 200.129990
v 205.220001 114.590012 200.369980
v 206.960007 116.670013 201.499985
v 205.679993 114.710014 203.269989
v 204.059998 116.790016 201.949982
v 208.210007 118.990013 200.179977
v 209.839996 117.190018 201.849991
v 207.860001 118.970016 203.099991
v 209.169998 121.710014 200.759979
v 208.539993 119.870018 202.969986
v 206.369995 120.980019 201.319992
v 204.330002 123.010017 201.969986
v 204.529999 120.540016 203.569992
v 203.520004 120.420013 200.809982
v 202.639999 125.330017 202.589981
v 203.270004 124.670013 199.789978
v 205.369995 125.730019 201.559982
v 200.759995 127.600014 202.489990
v 202.160004 126.950012 204.999985
v 200.050003 125.160019 203.979980
v 198.570007 127.960014 200.559982
v 201.039993 129.550018 200.309982
v 199.169998 130.070023 202.519989
v 200.059998 132.000015 204.559982
v 197.369995 130.810013 204.729980
v 197.979996 132.770020 202.619980
v 197.410004 135.650009 202.449982
v 195.199997 133.710022 202.499985
v 196.929993 133.910019 200.119980
v 199.600006 137.530014 201.849991
v 198.410004 137.460022 204.549988
v 196.869995 138.540009 202.289978
v 194.559998 139.820023 203.589981
v 194.600006 139.480011 200.669983
v 196.399994 141.430008 201.949982
v 197.309998 143.880020 200.599991
v 196.720001 143.920013 203.479980
v 194.520004 143.660019 201.529984
v 199.270004 142.640015 198.789978
v 200.039993 144.970016 200.419983
v 198.169998 145.300018 198.159988
v 198.270004 146.140015 195.349991
v 199.039993 148.020020 197.479980
v 196.220001 147.250015 197.139984
v 197.710007 146.390015 192.459991
v 197.860001 143.730011 193.709991
v 200.300003 145.330017 193.379990
v 196.139999 146.750015 189.999985
v 199.059998 146.420013 189.849991
v 197.910004 148.900009 190.939987
v 194.339996 148.970016 189.299988
v 193.300003 146.650009 190.789978
v 194.059998 146.360016 187.949982
v 192.160004 145.600021 185.839981
v 192.160004 148.350021 186.899979
v 191.190002 146.130020 188.569992
v 189.770004 145.290009 184.149979
v 192.389999 144.360016 183.179977
v 191.839996 147.240021 183.409988
v 187.259995 144.950012 182.649979
v 187.679993 147.360016 184.279984
v 187.250000 144.760010 185.579987
v 195.720001 154.430008 187.869980
v 198.619995 154.480011 187.359985
v 196.960007 152.310013 186.259979
v 197.460007 152.440018 189.149979
v 199.399994 151.860016 191.289978
v 197.929993 149.660019 189.999985
v 196.520004 151.530014 191.789978
v 195.210007 150.060013 193.979980
v 193.649994 151.940018 192.339981
v 195.679993 152.960022 194.219986
v 194.649994 150.230011 196.869980
v 197.029999 148.770020 195.909988
v 194.339996 147.670013 195.459991
v 193.919998 144.880020 196.319992
v 193.990005 145.550018 193.449982
v 191.699997 146.400009 195.099991
v 194.699997 142.090012 196.809982
v 192.070007 143.060013 197.699982
v 194.509995 143.980011 199.049988
v 195.899994 139.410019 197.069992
v 197.559998 141.690018 196.229980
v 195.520004 140.600021 194.399979
v 195.059998 136.730011 196.179977
v 194.949997 137.430008 199.029984
v 197.550003 137.060013 197.709991
v 199.419998 134.880020 198.349991
v 199.720001 137.500015 199.649979
v 200.350006 137.200012 196.789978
v 201.330002 132.730011 198.969986
v 199.229996 132.290009 196.959991
v 198.520004 132.480011 199.809982
v 203.369995 130.800018 199.869980
v 202.960007 133.310013 201.349991
v 204.190002 133.360016 198.679977
v 205.250000 128.780014 200.879990
v 204.699997 128.960022 197.999985
v 202.630005 127.950012 199.829987
v 206.070007 129.220016 203.679977
v 208.080002 129.320023 201.519989
v 206.860001 126.750015 202.289978
v 207.699997 124.390015 203.829987
v 209.710007 126.290016 202.829987
v 208.270004 124.540016 200.949982
v 205.610001 122.310013 203.909988
v 206.169998 123.940018 206.299988
v 208.119995 121.930016 205.399979
v 209.360001 119.640015 206.779984
v 206.740005 119.340012 205.479980
v 206.990005 120.950012 207.929977
v 211.119995 117.360016 207.379990
v 210.070007 119.020012 209.569992
v 212.100006 120.110016 207.739990
v 213.259995 115.420013 206.789978
v 210.699997 114.500015 207.919983
v 212.570007 116.050018 209.579987
v 215.139999 113.950012 205.069992
v 216.119995 116.120018 206.799988
v 214.460007 116.740013 204.449982
v 216.949997 111.650017 204.749985
v 217.339996 114.070015 203.109985
v 215.020004 112.310013 202.629990
v 213.059998 113.620018 200.869980
v 212.289993 111.230019 202.399979
v 214.160004 110.990013 200.139984
v 213.050003 109.540016 197.839981
v 215.330002 108.420013 199.319992
v 215.699997 110.800018 197.629990
v 211.139999 111.400017 196.579987
v 210.169998 108.920013 197.849991
v 211.690002 108.790016 195.329987
v 210.229996 108.870018 192.779984
v 211.580002 106.390015 193.629990
v 213.169998 108.720016 192.789978
v 208.550003 109.100014 190.369980
v 210.160004 111.390015 191.269989
v 207.820007 110.550018 192.829987
v 206.910004 106.890015 189.319992
v 209.169998 107.940018 187.739990
v 206.740005 109.560013 188.089981
v 205.149994 109.890015 185.639984
v 206.630005 112.180016 186.749985
v 204.250000 111.140015 188.149979
v 202.809998 111.010017 184.249985
v 202.830002 108.180016 185.049988
v 204.570007 109.100014 182.859985
v 205.880005 108.390015 180.319992
v 202.940002 108.410019 180.509979
v 204.490005 106.320015 181.889984
v 208.380005 108.320015 181.869980
v 208.220001 109.920013 179.399979
v 208.229996 106.980019 179.249985
v 210.190002 108.700012 184.159988
v 208.300003 106.450012 184.139984
v 207.309998 109.200012 184.469986
v 211.910004 111.090012 184.269989
v 213.110001 108.430016 183.859985
v 211.960007 109.140015 186.469986
v 213.179993 109.870018 189.049988
v 213.869995 107.310013 187.769989
v 211.190002 107.700012 188.919983
v 211.699997 111.550018 190.969986
v 213.880005 112.710014 189.369980
v 214.490005 110.800018 191.519989
v 215.490005 112.080017 193.979980
v 217.029999 109.910019 192.719986
v 214.470001 109.320015 194.059982
v 213.580002 113.830017 195.369980
v 215.839996 115.000015 193.899979
v 216.320007 113.530014 196.399979
v 217.410004 115.010017 198.699982
v 219.070007 113.010017 197.319992
v 216.779999 112.150017 198.959991
v 218.839996 116.670013 200.659988
v 215.990005 116.060013 201.059982
v 216.820007 117.890015 198.909988
v 220.520004 117.840012 202.789978
v 220.779999 118.790016 200.009979
v 221.729996 116.100014 200.739990
v 221.710007 119.020012 205.209991
v 221.830002 116.110016 204.769989
v 219.259995 117.390015 205.409988
v 223.710007 118.930016 207.359985
v 220.860001 119.220016 208.019989
v 222.309998 121.450012 206.749985
v 220.889999 123.800018 205.709991
v 223.809998 123.600014 205.419983
v 222.619995 124.060013 208.069992
v 219.279999 124.150017 203.269989
v 219.119995 126.140015 205.429977
v 217.960007 123.450012 205.809982
v 218.449997 122.330017 201.099991
v 221.039993 123.710014 200.949982
v 218.539993 125.240013 200.629990
v 218.550003 120.450012 198.839981
v 215.949997 121.360016 199.889984
v 217.630005 119.530014 201.479980
v 218.479996 118.730019 196.449982
v 220.970001 119.010017 197.999985
v 219.970001 121.260017 196.389984
v 216.130005 118.970016 194.699982
v 216.490005 116.560013 196.349991
v 218.259995 117.040016 194.049988
v 217.660004 115.560013 191.579987
v 219.820007 114.640015 193.359985
v 220.149994 117.120018 191.799988
v 216.889999 114.440018 188.969986
v 215.429993 116.750015 190.059982
v 215.119995 114.100014 191.299988
v 216.649994 111.610016 188.179977
v 219.089996 113.110016 187.539978
v 216.580002 113.720016 186.129990
v 217.009995 111.910019 183.849991
v 218.630005 114.350014 184.109985
v 215.779999 114.550018 183.419983
v 215.389999 115.510017 180.659988
v 214.830002 117.290016 182.939987
v 213.059998 115.010017 182.389984
v 212.899994 116.490013 179.429977
v 212.949997 113.860016 180.749985
v 214.369995 114.260017 178.199982
v 211.729996 113.270012 177.349991
v 213.789993 111.370018 178.269989
v 214.110001 112.750015 175.689987
v 209.080002 114.550018 177.329987
v 209.490005 111.980019 175.949982
v 210.679993 114.450012 174.869980
v 206.960007 116.050018 178.719986
v 208.820007 117.450012 176.919983
v 209.770004 116.410019 179.509979
v 205.270004 115.370018 181.029984
v 204.050003 115.750015 178.379990
v 205.130005 118.060013 179.849991
v 205.360001 120.810013 178.809982
v 205.979996 120.250015 181.629990
v 203.190002 120.110016 180.679977
v 201.419998 121.840012 182.269989
v 201.179993 118.910019 182.469986
v 200.330002 120.300018 180.009979
v 201.669998 124.020012 184.239990
v 199.039993 122.790016 183.739990
v 200.279999 124.500015 181.689987
v 202.330002 125.270012 186.819992
v 202.869995 126.710014 184.309982
v 204.479996 124.360016 185.039978
v 203.119995 124.180016 189.439987
v 200.470001 125.420013 189.099991
v 202.889999 127.090012 189.059982
v 203.440002 129.360016 190.859985
v 201.850006 129.770020 188.419983
v 204.740005 129.230011 188.219986
v 205.550003 129.290009 192.919983
v 202.720001 129.530014 193.709991
v 204.080002 131.790009 192.389984
v 205.630005 134.100021 191.429977
v 205.979996 133.140015 194.189987
v 203.479996 134.490021 193.409988
v 201.089996 136.200012 193.339981
v 203.350006 136.900009 195.099991
v 201.660004 134.570023 195.719986
v 198.429993 137.360016 192.839981
v 199.009995 134.590012 192.019989
v 200.259995 136.840012 190.589981
v 195.559998 138.010010 193.019989
v 197.360001 139.700012 191.409988
v 197.550003 139.730011 194.349991
v 192.770004 137.940018 193.959991
v 194.550003 135.640015 194.449982
v 193.619995 136.230011 191.719986
v 189.990005 137.490021 193.119980
v 190.820007 140.130020 194.129990
v 190.619995 137.840012 195.969986
v 189.270004 136.810013 198.369980
v 188.410004 139.360016 197.169983
v 191.000000 139.190018 198.559982
v 187.100006 135.440018 199.819992
v 189.649994 136.000015 201.179977
v 189.520004 133.960022 199.049988
v 185.440002 133.040009 199.429977
v 184.789993 135.530014 197.989990
v 184.360001 135.350021 200.899979
v 183.289993 138.000015 201.629990
v 183.860001 136.010010 203.729980
v 181.600006 135.600021 201.889984
v 178.990005 135.220016 200.579987
v 179.139999 136.570023 203.189987
v 179.660004 133.680008 202.999985
v 181.320007 132.890015 205.299988
v 180.720001 130.930008 203.179977
v 178.589996 131.820023 205.009979
v 180.949997 134.930008 207.379990
v 183.410004 134.910019 205.759979
v 182.940002 132.790009 207.759979
v 178.460007 136.500015 207.249985
v 179.899994 136.230011 209.809982
v 178.500000 133.910019 208.659988
v 178.899994 131.740021 210.599991
v 177.880005 131.130020 207.899979
v 176.169998 132.550018 209.839981
v 180.880005 133.240021 212.169983
v 180.949997 130.300018 212.139984
v 178.770004 131.700012 213.539978
v 180.279999 136.120010 212.209991
v 182.369995 135.080017 210.419983
v 182.809998 135.130020 213.329987
v 183.960007 136.120010 215.859985
v 185.410004 136.510010 213.329987
v 185.179993 133.820023 214.489990
v 183.940002 137.980011 218.149979
v 184.710007 135.160019 218.529984
v 181.910004 135.850021 217.959991
v 183.649994 140.670013 216.999985
v 186.050003 139.990021 218.559982
v 183.449997 140.280014 219.909988
v 184.050003 141.020020 222.699982
v 181.330002 140.150009 221.959991
v 182.350006 142.760010 221.039978
v 179.479996 143.240021 221.489990
v 180.830002 144.500015 219.209991
v 181.410004 145.410019 221.949982
v 180.360001 147.360016 223.879990
v 181.600006 148.290009 221.379990
v 183.270004 147.090012 223.489990
v 180.580002 147.060013 226.799988
v 178.089996 146.300018 225.419983
v 178.839996 149.140015 225.659988
v 179.449997 151.830017 226.679977
v 177.770004 150.010010 228.259979
v 176.720001 151.190018 225.779984
v 174.369995 152.830017 225.119980
v 174.429993 149.970016 224.389984
v 176.160004 151.890015 222.979980
v 174.050003 155.750015 225.169983
v 172.809998 154.100021 227.269989
v 171.750000 154.040009 224.519989
v 168.880005 154.670013 224.299988
v 170.039993 152.510010 222.669983
v 170.699997 155.320023 222.079987
v 166.309998 155.860016 225.089981
v 166.360001 153.290009 223.639984
v 167.089996 155.780014 222.249985
v 166.660004 158.590012 226.109985
v 166.350006 156.350021 227.989990
v 164.050003 157.240021 226.379990
v 162.369995 156.690018 228.729980
v 161.220001 156.530014 226.029984
v 161.949997 159.150009 227.159988
v 161.240005 161.770020 226.019989
v 161.830002 161.530014 228.889984
v 159.350006 160.370010 227.799988
v 161.929993 160.930008 223.279984
v 163.270004 163.250015 224.499985
v 160.440002 163.430008 223.719986
v 158.970001 165.960022 223.369980
v 157.490005 163.440018 223.739990
v 158.949997 163.940018 221.229980
v 158.789993 161.890015 219.119980
v 160.630005 164.170013 218.829987
v 157.720001 164.590012 218.639984
v 157.570007 166.300018 216.249985
v 155.740005 166.770020 218.509979
v 155.410004 164.380020 216.819992
v 158.699997 166.080017 213.539978
v 159.970001 167.850021 215.519989
v 157.350006 168.560013 214.369980
v 158.660004 163.500015 212.119980
v 160.949997 165.330017 211.799988
v 158.339996 166.010010 210.619980
v 157.639999 166.220016 207.769989
v 157.270004 163.670013 209.189987
v 159.990005 164.640015 208.599991
vn 0.8301 -0.5040 -0.2385
vn -0.7032 -0.1683 -0.6908
vn 0.2050 0.9780 0.0375
vn -0.3328 -0.3078 0.8913
vn -0.8999 0.2194 0.3768
vn 0.1177 0.4653 -0.8773
vn 0.0731 -0.9878 -0.1372
vn 0.7086 0.3031 0.6372
vn 0.8004 0.5980 0.0422
vn 0.0140 -0.5147 -0.8572
vn -0.8312 0.5542 0.0445
vn 0.0173 -0.6367 0.7709
vn 0.0947 -0.9903 0.1018
vn -0.6843 0.1978 -0.7019
vn 0.8785 0.3943 -0.2696
vn -0.2901 0.3970 0.8708
vn 0.1783 -0.5941 -0.7844
vn -0.7741 -0.3589 0.5215
vn -0.2121 0.9220 -0.3239
vn 0.8090 0.0268 0.5872
vn -0.8593 -0.3523 -0.3707
vn 0.6066 -0.7659 0.2131
vn -0.1847 0.5233 0.8319
vn 0.4381 0.5932 -0.6755
vn -0.3851 -0.8237 0.4162
vn 0.0956 -0.1369 -0.9860
vn 0.8979 0.1851 0.3995
vn -0.6107 0.7736 0.1692
vn 0.2622 -0.9388 -0.2236
vn -0.9705 0.1333 -0.2007
vn 0.5429 0.6359 -0.5486
vn 0.1644 0.1690 0.9718
vn -0.3826 -0.4358 -0.8147
vn -0.0821 -0.6210 0.7795
vn -0.4977 0.8454 0.1938
vn 0.9648 0.2113 -0.1565
vn -0.8326 -0.5537 0.0125
vn 0.7646 -0.5513 -0.3340
vn 0.2021 0.3194 0.9258
vn -0.1348 0.7872 -0.6018
vn 0.0032 -0.9497 0.3132
vn -0.4489 0.0546 -0.8919
vn 0.9409 0.3287 -0.0814
vn -0.4941 0.5666 0.6594
vn 0.1982 -0.7677 -0.6094
vn -0.8776 -0.1516 0.4547
vn -0.0428 0.8457 -0.5320
vn 0.7244 0.0741 0.6854
vn -0.7744 -0.3627 -0.5184
vn 0.5418 -0.7582 0.3627
vn -0.3333 0.5610 0.7578
vn 0.5692 0.5599 -0.6022
vn -0.5998 -0.7848 0.1558
vn 0.4760 -0.1148 -0.8719
vn 0.6709 0.0606 0.7391
vn -0.5453 0.8379 -0.0237
vn 0.4352 -0.8737 -0.2174
vn -0.9230 0.0147 -0.3846
vn 0.5366 0.7467 -0.3931
vn -0.0482 0.1114 0.9926
vn -0.0181 -0.5277 -0.8492
vn -0.3658 -0.5571 0.7455
vn -0.5590 0.8225 -0.1051
vn 0.9423 0.2595 0.2115
vn -0.8816 -0.4583 -0.1130
vn 0.7389 -0.6412 -0.2071
vn 0.0888 0.3183 0.9438
vn 0.0566 0.7798 -0.6235
vn -0.4137 -0.8850 0.2138
vn 0.1296 0.0758 -0.9887
vn 0.8862 0.0722 0.4577
vn -0.5981 0.7362 0.3168
vn 0.3431 -0.8017 -0.4894
vn -0.9968 0.0311 -0.0730
vn 0.3923 0.8279 -0.4010
vn 0.2614 -0.0595 0.9634
vn -0.2615 -0.3818 -0.8865
vn -0.1820 -0.6704 0.7194
vn -0.5297 0.8300 0.1750
vn 0.9752 0.2212 -0.0074
vn -0.8347 -0.5495 -0.0358
vn 0.7417 -0.4868 -0.4615
vn 0.2494 0.1603 0.9550
vn -0.1556 0.8771 -0.4544
vn 0.0088 -0.9924 0.1228
vn -0.4274 0.2253 -0.8755
vn 0.9383 0.3457 0.0088
vn -0.5188 0.4233 0.7427
vn 0.2518 -0.6872 -0.6814
vn -0.9294 -0.1772 0.3238
vn 0.0393 0.9105 -0.4116
vn 0.6357 -0.0447 0.7706
vn -0.6381 -0.3054 -0.7068
vn 0.2977 -0.7867 0.5407
vn -0.4541 0.6615 0.5969
vn 0.7938 0.4301 -0.4299
vn -0.7531 -0.6579 0.0025
vn 0.7609 -0.3667 -0.5353
vn 0.3015 0.1656 0.9390
vn -0.3117 0.8579 -0.4084
vn 0.0877 -0.9644 0.2494
vn -0.3650 0.0749 -0.9280
vn 0.8980 0.4382 0.0391
vn -0.6217 0.4523 0.6394
vn -0.6932 -0.6657 -0.2762
vn 0.0677 0.7167 -0.6941
vn 0.8826 -0.4608 0.0928
vn -0.2559 0.4092 0.8758
vn 0.4856 -0.6942 -0.5314
vn -0.4391 0.6475 -0.6228
vn 0.6489 0.4865 0.5850
vn -0.6944 -0.4416 0.5682
vn 0.4302 0.0259 -0.9023
vn -0.7842 -0.6201 -0.0215
vn -0.3098 0.9177 0.2485
vn 0.6630 -0.3241 0.6748
vn -0.6106 0.0340 -0.7912
vn 0.6851 -0.7155 -0.1362
vn -0.5329 -0.2014 0.8218
vn 0.4581 0.8827 0.1054
vn -0.4471 -0.8069 -0.3860
vn 0.5109 0.4709 -0.7192
vn 0.6266 -0.2804 0.7272
vn -0.6912 0.6159 0.3780
vn 0.5798 -0.5411 -0.6091
vn -0.8993 0.1274 -0.4184
vn 0.4218 0.8936 0.1536
vn -0.1009 -0.4789 0.8720
vn -0.0689 0.1262 -0.9896
vn -0.1337 -0.9657 0.2228
vn -0.7043 0.5450 0.4549
vn 0.9044 0.2936 0.3095
vn -0.6817 -0.5067 -0.5277
vn 0.8961 -0.0948 -0.4336
vn 0.0407 -0.3650 0.9301
vn -0.2570 0.9659 0.0315
vn 0.0811 -0.8574 -0.5082
vn -0.2526 0.7347 -0.6296
vn 0.8750 0.2154 0.4336
vn -0.7048 -0.0931 0.7033
vn 0.4820 -0.0129 -0.8761
vn -0.8849 -0.4557 -0.0965
vn -0.1459 0.9474 0.2850
vn 0.5466 -0.4795 0.6865
vn -0.4992 0.3501 -0.7926
vn 0.3289 -0.9237 -0.1966
vn -0.6092 -0.0224 0.7927
vn 0.7783 0.5964 0.1962
vn -0.6681 -0.5336 -0.5185
vn 0.6914 0.3653 -0.6233
vn 0.4412 -0.5877 0.6781
vn -0.4633 0.7551 0.4639
vn 0.9314 0.2695 0.2445
vn 0.0241 -0.8609 -0.5082
vn -0.4147 0.7123 -0.5663
vn -0.5440 -0.1196 0.8305
vn 0.6436 -0.1235 -0.7553
vn 0.3047 -0.5292 0.7919
vn -0.9073 -0.3126 -0.2812
vn -0.0433 0.9686 0.2448
vn -0.0777 -0.7898 -0.6085
vn 0.9505 0.3096 0.0277
vn -0.2937 -0.2610 0.9196
vn -0.5800 0.7415 -0.3372
vn 0.6137 -0.3501 0.7077
vn 0.4115 -0.1463 -0.8996
vn -0.1533 0.9781 0.1410
vn -0.8742 -0.4827 0.0516
vn -0.5158 0.6913 -0.5060
vn 0.8044 0.4231 0.4170
vn 0.2916 -0.7251 -0.6239
vn -0.5804 -0.3890 0.7154
vn 0.1239 -0.4008 0.9077
vn 0.8723 -0.0030 -0.4889
vn -0.3232 0.9418 0.0926
vn -0.6721 -0.5343 -0.5126
vn -0.1454 0.2309 -0.9620
vn 0.8012 0.4908 0.3422
vn 0.1495 -0.9849 0.0878
vn -0.8051 0.2654 0.5305
vn -0.2010 0.7784 0.5947
vn 0.8149 -0.4721 0.3363
vn 0.1634 0.3260 -0.9311
vn -0.7770 -0.6295 0.0012
vn 0.1023 -0.9940 -0.0380
vn 0.7829 0.4327 -0.4471
vn -0.0433 0.2955 0.9544
vn -0.8416 0.2677 -0.4692
vn -0.2214 0.9548 -0.1983
vn 0.8363 -0.0439 0.5465
vn 0.1378 -0.4932 -0.8589
vn -0.7514 -0.4161 0.5121
vn -0.0504 -0.6479 0.7600
vn 0.8167 -0.1893 -0.5451
vn 0.0477 0.9314 0.3608
vn -0.8121 -0.0942 -0.5758
vn 0.7513 -0.1457 0.6437
vn -0.1261 -0.8212 -0.5565
vn 0.2165 0.7752 -0.5935
vn -0.8413 0.1888 0.5065
vn 0.7495 -0.4897 -0.4455
vn -0.3040 -0.5157 0.8010
vn -0.7613 0.1003 -0.6406
vn 0.3156 0.9046 0.2866
vn -0.1465 -0.9876 0.0562
vn 0.9513 0.2114 0.2244
vn -0.6040 0.4660 0.6466
vn -0.1998 0.3135 -0.9283
vn 0.3206 -0.5671 0.7587
vn 0.3880 -0.3371 -0.8578
vn 0.2892 0.9462 0.1452
vn -0.9981 -0.0408 -0.0469
vn 0.9211 -0.3505 0.1695
vn -0.6445 -0.7634 -0.0421
vn -0.0153 0.4933 -0.8698
vn -0.2589 0.6196 0.7410
vn 0.3861 -0.8088 -0.4436
vn 0.1120 -0.0771 0.9907
vn -0.9731 0.0689 -0.2201
vn 0.4735 0.8173 -0.3282
vn -0.0689 -0.9662 0.2482
vn 0.9631 0.2580 -0.0762
vn -0.4394 0.5599 0.7024
vn -0.4543 0.1486 -0.8784
vn 0.6026 -0.3307 0.7263
vn -0.0266 -0.6694 -0.7424
vn 0.3453 0.8716 -0.3479
vn -0.9225 0.1295 0.3636
vn 0.9078 -0.3778 -0.1822
vn -0.5143 -0.6268 0.5853
vn -0.4875 0.1218 -0.8646
vn 0.0926 0.8832 0.4598
vn 0.2048 -0.9551 -0.2142
vn 0.5743 0.2984 0.7623
vn -0.9631 0.0871 0.2548
vn 0.1830 0.5697 -0.8012
vn 0.1257 -0.7552 0.6433
vn 0.7691 0.0296 -0.6385
vn -0.0460 0.8627 0.5037
vn -0.8510 -0.1367 -0.5071
vn 0.9294 -0.1662 0.3294
vn -0.3985 -0.8619 -0.3134
vn 0.0279 0.6540 -0.7560
vn -0.5568 0.3755 0.7409
vn 0.7501 -0.5452 -0.3743
vn -0.2265 -0.3344 0.9148
vn -0.8000 -0.0797 -0.5947
vn 0.2769 0.9594 0.0539
vn -0.0791 -0.9896 0.1205
vn 0.9190 0.2982 0.2578
vn -0.6732 0.4595 0.5794
vn -0.1696 0.2300 -0.9583
vn 0.4203 -0.6247 0.6582
vn 0.2429 -0.2850 -0.9272
vn 0.3308 0.9299 0.1608
vn -0.9941 -0.0189 0.1068
vn 0.9498 -0.3076 -0.0570
vn -0.5989 -0.7941 0.1036
vn -0.2446 0.4937 -0.8345
vn -0.1054 0.6046 0.7895
vn 0.2658 -0.7159 -0.6456
vn 0.2962 -0.2551 0.9205
vn -0.9939 0.1101 -0.0081
vn 0.4328 0.8610 -0.2672
vn 0.0705 -0.9847 0.1596
vn 0.9125 0.3770 -0.1586
vn -0.4087 0.4380 0.8007
vn -0.5744 0.1693 -0.8009
vn 0.7116 -0.2424 0.6594
vn 0.1170 -0.5434 -0.8313
vn 0.0734 0.9725 -0.2208
vn -0.9004 -0.1839 0.3944
vn 0.9034 -0.1045 -0.4159
vn -0.2105 -0.8080 0.5503
vn -0.6875 0.1043 -0.7186
vn -0.0026 0.8113 0.5846
vn 0.1360 -0.9236 -0.3585
vn 0.7928 0.2674 0.5476
vn -0.8208 0.0217 0.5708
vn -0.1044 0.6387 -0.7623
vn 0.3700 -0.6047 0.7053
vn 0.5317 -0.1067 -0.8402
vn 0.0547 0.9486 0.3119
vn -0.9550 -0.2364 -0.1789
vn 0.9891 -0.1035 0.1050
vn -0.4206 -0.9010 -0.1062
vn -0.1898 0.5543 -0.8104
vn -0.3791 0.4496 0.8088
vn 0.4730 -0.6700 -0.5721
vn 0.2083 -0.1798 0.9614
vn -0.9863 -0.0724 -0.1479
vn 0.3047 0.9217 -0.2400
vn 0.1394 -0.9689 0.2043
vn 0.8866 0.4512 -0.1017
vn -0.5071 0.4281 0.7480
vn -0.5179 0.0903 -0.8507
vn 0.7073 -0.3201 0.6303
vn 0.1292 -0.4295 -0.8938
vn 0.0675 0.9933 -0.0939
vn -0.9033 -0.2411 0.3550
vn 0.9574 -0.0868 -0.2755
vn -0.3313 -0.8829 0.3328
vn -0.5458 0.2872 -0.7872
vn -0.0808 0.6814 0.7274
vn 0.4314 -0.7834 -0.4475
vn 0.3972 0.1249 0.9092
vn -0.9827 -0.1641 0.0858
vn 0.1554 0.8227 -0.5469
vn 0.0474 -0.8339 0.5499
vn 0.9070 0.2067 -0.3669
vn -0.3122 0.7571 0.5739
vn -0.6423 -0.1323 -0.7549
vn 0.8169 -0.2337 0.5273
vn -0.1729 -0.7097 -0.6829
vn 0.1417 0.8777 -0.4579
vn -0.7856 0.0678 0.6150
vn 0.8143 -0.2946 -0.5000
vn -0.2298 -0.6859 0.6904
vn -0.7670 0.1052 -0.6330
vn 0.1814 0.8765 0.4460
vn 0.2129 -0.9510 -0.2241
vn 0.7201 0.3738 0.5846
vn -0.8740 0.0407 0.4841
vn -0.0561 0.5361 -0.8423
vn 0.2627 -0.5279 0.8077
vn 0.6618 -0.1596 -0.7325
vn -0.0172 0.9736 0.2275
vn -0.9088 -0.2855 -0.3042
vn 0.9634 0.1205 0.2396
vn -0.2345 -0.9716 0.0313
vn -0.1589 0.3531 -0.9220
vn -0.5715 0.5009 0.6499
vn 0.8236 -0.4512 -0.3437
vn -0.0499 -0.1125 0.9924
vn -0.8070 -0.4095 -0.4254
vn 0.0339 0.9739 -0.2243
vn -0.7583 -0.5221 0.3903
vn 0.8605 -0.4771 0.1786
vn 0.0298 0.9072 0.4196
vn -0.1309 0.0912 -0.9872
vn 0.7470 0.4675 -0.4727
vn 0.1451 0.0522 0.9880
vn -0.0255 -0.9585 -0.2838
vn -0.8682 0.4390 -0.2313
vn -0.6998 0.7008 0.1388
vn -0.1963 -0.7915 0.5787
vn 0.8960 0.3746 0.2386
vn -0.0014 -0.2832 -0.9591
vn 0.4396 -0.7683 -0.4652
vn 0.3345 0.0555 0.9408
vn -0.9907 -0.1357 0.0055
vn 0.2156 0.8484 -0.4835
vn -0.1508 0.8456 0.5121
vn -0.3649 -0.7734 0.5183
vn 0.9803 -0.1314 -0.1477
vn -0.4645 0.0590 -0.8836
vn 0.2380 0.3456 0.9077
vn -0.9911 -0.1185 -0.0607
vn 0.4498 -0.8798 -0.1534
vn 0.3020 0.6542 -0.6934
vn -0.3382 0.0042 -0.9411
vn -0.2940 -0.8384 0.4590
vn -0.3689 0.7907 0.4886
vn 0.9990 0.0441 -0.0051
vn -0.5051 0.1957 0.8406
vn -0.6446 -0.1878 -0.7411
vn 0.5857 -0.7980 0.1418
vn 0.5639 0.7900 -0.2407
vn -0.2798 -0.9593 -0.0380
vn -0.7877 0.5691 0.2360
vn 0.3558 0.2799 -0.8917
vn 0.7133 0.1102 0.6922
vn 0.5947 0.6003 0.5348
vn -0.9354 0.0668 0.3472
vn 0.3175 -0.9448 0.0810
vn 0.0227 0.2750 -0.9612
vn -0.0694 -0.1641 0.9840
vn -0.3115 0.9277 -0.2058
vn -0.5714 -0.6578 -0.4907
vn 0.9519 -0.1051 -0.2880
vn -0.2571 0.1999 -0.9455
vn -0.6689 0.4080 0.6213
vn 0.9054 0.3808 0.1876
vn 0.0197 -0.9906 0.1352
vn -0.4931 -0.7796 0.3862
vn 0.4636 0.4997 0.7317
vn -0.6465 0.6078 -0.4612
vn 0.6763 -0.3279 -0.6596
vn 0.7285 0.4780 -0.4907
vn -0.6692 0.6624 0.3367
vn 0.3891 -0.4997 0.7739
vn -0.4490 -0.6421 -0.6213
vn -0.8108 -0.5453 0.2126
vn 0.3096 0.4689 0.8272
vn -0.2245 0.6744 -0.7034
vn 0.7271 -0.5982 -0.3369
vn -0.5893 0.8063 0.0502
vn -0.3938 -0.7371 0.5493
vn 0.9081 0.2281 0.3513
vn 0.0753 -0.2985 -0.9514
vn -0.3976 0.4828 0.7803
vn -0.7112 -0.5287 -0.4634
vn 0.7160 -0.6191 0.3226
vn 0.3935 0.6644 -0.6354
vn 0.1906 0.0343 0.9811
vn -0.5879 0.7687 -0.2518
vn -0.4646 -0.8576 -0.2208
vn 0.8589 0.0539 -0.5093
vn 0.3880 0.6091 -0.6917
vn -0.9624 -0.1714 -0.2108
vn 0.0734 0.4287 0.9005
vn 0.5003 -0.8659 -0.0002
vn -0.2698 -0.9311 -0.2453
vn -0.6995 0.4046 0.5890
vn 0.0939 0.5500 -0.8299
vn 0.8738 -0.0251 0.4856
vn 0.2444 0.9448 0.2181
vn -0.7777 -0.0100 -0.6285
vn -0.2463 -0.4804 0.8418
vn 0.7801 -0.4544 -0.4301
vn -0.0931 -0.8993 -0.4272
vn -0.9032 0.3464 0.2535
vn 0.4284 0.6295 -0.6482
vn 0.5675 -0.0762 0.8198
vn -0.3993 -0.2982 0.8670
vn -0.2924 0.9355 -0.1985
vn -0.3064 -0.6067 -0.7335
vn 0.9973 -0.0335 0.0652
vn 0.6852 0.4885 -0.5402
vn -0.9115 0.1964 -0.3615
vn 0.0520 0.2984 0.9530
vn 0.1719 -0.9838 -0.0515
vn -0.7885 -0.5973 0.1464
vn -0.2103 0.9154 0.3432
vn 0.2065 0.0466 -0.9773
vn 0.7941 -0.3648 0.4860
vn 0.7155 0.4385 0.5439
vn -0.3004 0.6253 -0.7202
vn -0.7740 -0.2288 0.5905
vn 0.3603 -0.8353 -0.4153
vn -0.7687 -0.3520 -0.5340
vn -0.1765 0.9535 0.2444
vn 0.8379 -0.0579 -0.5428
vn 0.1072 -0.5428 0.8330
vn 0.2126 0.4069 0.8884
vn 0.3952 0.5605 -0.7278
vn -0.9918 -0.0441 -0.1200
vn 0.3829 -0.9229 -0.0409
vn -0.6751 0.7039 0.2209
vn 0.9195 0.3503 0.1782
vn -0.0820 -0.2469 -0.9656
vn -0.1642 -0.8073 0.5668
vn 0.4445 0.8295 -0.3382
vn -0.2902 0.1348 0.9474
vn 0.6451 -0.7628 -0.0442
vn -0.7992 -0.2021 -0.5660
vn -0.8794 -0.1714 -0.4442
vn 0.2320 -0.7733 0.5901
vn -0.0594 0.8319 0.5517
vn 0.7070 0.1124 -0.6982
vn -0.1763 -0.0104 0.9843
vn -0.0593 -0.9310 -0.3602
vn 0.9156 0.3628 -0.1732
vn -0.6800 0.5772 -0.4521
vn -0.8760 -0.2861 -0.3884
vn 0.7428 -0.2763 -0.6099
vn 0.1258 -0.4309 0.8936
vn 0.0077 0.9943 0.1059
vn 0.9198 0.2344 0.3147
vn -0.0193 -0.9542 -0.2987
vn -0.2535 0.5905 -0.7662
vn -0.6489 0.1307 0.7496
vn -0.7028 -0.6776 0.2167
vn 0.1378 0.0372 -0.9898
vn 0.8582 -0.2556 0.4452
vn -0.2950 0.8974 0.3282
vn 0.6112 0.7684 -0.1895
vn 0.4533 -0.8539 -0.2557
vn -0.8426 0.1022 -0.5288
vn -0.2230 -0.0186 0.9746
vn 0.0356 0.1144 -0.9928
vn 0.9304 -0.0737 0.3591
vn -0.5103 -0.8306 0.2230
vn -0.4532 0.7909 0.4111
vn 0.4438 -0.5714 -0.6903
vn 0.4995 0.8615 0.0912
vn -0.0014 -0.4821 0.8761
vn -0.9406 0.1909 -0.2807
vn -0.5431 0.8287 -0.1352
vn 0.3965 0.0079 0.9180
vn 0.7335 -0.0337 -0.6789
vn -0.5885 -0.8016 -0.1052
vn -0.1167 -0.8601 0.4966
vn 0.9263 0.3453 0.1509
vn -0.6638 0.6710 0.3303
vn -0.1441 -0.1574 -0.9770
vn 0.4044 0.5058 -0.7620
vn 0.0919 0.5345 0.8401
vn 0.4733 -0.8744 0.1068
vn -0.9685 -0.1671 -0.1848
vn -0.5210 -0.3025 0.7981
vn 0.9781 -0.0596 0.1996
vn -0.2373 0.9466 -0.2185
vn -0.2175 -0.5874 -0.7796
vn 0.5461 0.3452 -0.7633
vn 0.1733 0.5552 0.8135
vn 0.2527 -0.9494 0.1866
vn -0.9707 0.0478 -0.2354
vn -0.7950 0.5603 0.2325
vn 0.4386 -0.3211 0.8394
vn 0.6503 0.5455 -0.5287
vn -0.2956 -0.7855 -0.5438
vn 0.2325 -0.9722 -0.0277
vn 0.7797 0.5213 0.3470
vn -0.7861 0.1393 0.6022
vn -0.2263 0.3130 -0.9224
vn -0.1591 -0.2772 0.9475
vn 0.7599 -0.5276 -0.3796
vn 0.2242 0.9742 -0.0277
vn -0.8241 -0.1693 -0.5405
vn 0.9737 0.0921 0.2083
vn -0.2409 -0.9698 -0.0384
vn -0.1916 0.4278 -0.8833
vn -0.5401 0.4521 0.7099
vn 0.4690 0.0510 -0.8817
vn 0.3427 -0.7868 0.5134
vn -0.9836 -0.1002 -0.1498
vn 0.1713 0.8381 0.5179
vn -0.8840 -0.1273 0.4498
vn 0.0579 -0.6004 -0.7976
vn 0.7351 -0.2237 0.6400
vn 0.0895 0.9522 -0.2921
vn 0.6905 -0.3317 0.6428
vn 0.0393 -0.5425 -0.8391
vn 0.1774 0.9605 -0.2143
vn -0.9070 -0.0881 0.4118
vn 0.6241 -0.6317 0.4598
vn 0.1681 -0.0263 -0.9854
vn 0.1533 0.9282 0.3389
vn -0.9442 -0.2710 0.1871
vn -0.8747 -0.3221 -0.3623
vn 0.2856 0.8179 -0.4994
vn 0.6912 -0.7145 -0.1086
vn -0.0997 0.2190 0.9706
vn 0.0957 -0.0560 -0.9938
vn -0.9241 0.3061 0.2286
vn 0.6674 0.6513 0.3611
vn 0.1648 -0.9009 0.4014
vn -0.4983 0.5998 -0.6260
vn -0.3108 -0.9428 -0.1207
vn -0.1697 0.2878 0.9425
vn 0.9789 0.0554 -0.1966
vn -0.9944 -0.0512 -0.0923
vn 0.4273 -0.2102 -0.8793
vn 0.3054 -0.6608 0.6856
vn 0.2626 0.9218 0.2853
vn -0.3752 -0.7171 -0.5873
vn -0.4022 0.8797 -0.2538
vn 0.9926 0.0413 -0.1138
vn -0.2152 -0.2059 0.9546
vn -0.0652 0.0431 -0.9969
vn -0.8909 -0.2440 0.3830
vn 0.2826 0.8910 0.3552
vn 0.6745 -0.6912 0.2593
vn -0.7891 0.5032 -0.3524
vn 0.2053 -0.7646 -0.6110
vn -0.2074 -0.3505 0.9133
vn 0.7901 0.6110 0.0488
vn -0.7146 -0.6730 -0.1908
vn 0.1101 0.6014 -0.7913
vn 0.8620 -0.4736 0.1807
vn -0.2566 0.5420 0.8002
vn -0.4594 -0.5330 -0.7105
vn -0.5593 0.7961 0.2309
vn 0.8923 0.3036 -0.3341
vn 0.1247 -0.5673 0.8140
vn -0.2903 0.6224 -0.7269
vn -0.7387 -0.6433 0.2010
vn 0.2176 0.5277 0.8211
vn 0.8113 -0.5051 -0.2943
vn -0.8881 0.3094 0.3401
vn -0.0476 -0.1204 -0.9916
vn 0.2400 -0.8698 0.4311
vn 0.6959 0.6831 0.2216
vn -0.6909 -0.5676 -0.4478
vn -0.2959 0.9552 -0.0067
vn 0.8689 -0.0827 -0.4880
vn 0.1184 -0.3064 0.9445
vn -0.2709 0.3524 -0.8958
vn -0.8114 -0.3182 0.4902
vn 0.4415 0.7275 0.5252
vn 0.6389 -0.7602 -0.1175
vn -0.7199 0.5279 0.4506
vn -0.3213 -0.2987 -0.8986
vn 0.2249 -0.7980 0.5592
vn 0.8152 0.5688 -0.1095
vn -0.9890 -0.1407 -0.0466
vn 0.2238 0.9165 -0.3317
vn 0.4601 -0.6827 -0.5677
vn 0.3041 -0.0961 0.9478
vn -0.6513 0.2452 -0.7181
vn -0.2489 0.4665 0.8488
vn 0.9202 0.2770 -0.2765
vn -0.0199 -0.9892 0.1450
vn -0.2890 0.9515 -0.1057
vn -0.7996 -0.5986 -0.0482
vn 0.4498 -0.1166 0.8855
vn 0.6384 -0.2368 -0.7324
vn -0.8515 0.3583 0.3829
vn -0.0069 0.1157 -0.9933
vn 0.0855 -0.9716 0.2208
vn 0.7753 0.4978 0.3888
vn -0.7757 -0.3626 -0.5165
vn -0.1217 0.9830 0.1377
vn 0.8449 -0.1653 -0.5087
vn 0.0529 -0.4540 0.8895
vn -0.3432 0.4199 -0.8402
vn -0.7375 -0.0426 0.6740
vn 0.7558 0.5472 0.3596
vn 0.3218 -0.9267 -0.1939
vn -0.5329 0.8394 0.1070
vn -0.4289 -0.5851 -0.6883
vn 0.0334 -0.4842 0.8743
vn 0.9279 0.2288 -0.2943
vn -0.9930 0.1165 -0.0172
vn 0.4175 0.5606 -0.7152
vn 0.2243 -0.9611 -0.1611
vn 0.3522 0.2811 0.8927
vn -0.4769 -0.0480 -0.8776
vn -0.2629 0.8393 0.4759
vn 0.9876 -0.0013 -0.1570
vn -0.2481 -0.7914 0.5586
vn -0.8209 0.1828 -0.5410
vn -0.2589 -0.2229 0.9398
vn 0.5834 0.8122 0.0014
vn 0.4981 -0.7692 -0.4002
vn 0.5091 -0.7002 0.5005
vn -0.0316 0.8408 0.5403
vn -0.9320 -0.3210 -0.1682
vn 0.4534 0.1802 -0.8729
vn -0.3532 -0.6179 0.7024
vn 0.9181 0.3032 0.2553
vn -0.6018 0.7946 -0.0802
vn 0.0365 -0.4786 -0.8773
vn 0.2655 0.8898 -0.3712
vn 0.2075 -0.0291 0.9778
vn 0.5096 -0.7201 -0.4709
vn -0.9808 -0.1399 -0.1359
vn -0.6036 -0.5583 0.5693
vn 0.9514 -0.2544 0.1734
vn -0.1329 0.9662 0.2210
vn -0.2177 -0.1535 -0.9639
vn -0.3902 -0.8947 0.2172
vn 0.8526 -0.1248 -0.5075
vn 0.1852 0.4984 0.8469
vn -0.6463 0.5194 -0.5590
vn 0.2387 0.8110 -0.5342
vn 0.7880 -0.2799 0.5483
vn -0.2580 -0.7421 -0.6187
vn -0.7683 0.2118 0.6041
vn -0.2177 -0.8003 0.5587
vn 0.8414 -0.1705 -0.5128
vn 0.1243 0.7956 0.5930
vn -0.7495 0.1746 -0.6386
vn 0.2502 0.6247 -0.7397
vn 0.6115 0.1441 0.7780
vn 0.0822 -0.9440 -0.3195
vn -0.9429 0.1759 0.2830
vn 0.3435 0.0072 -0.9391
vn 0.6443 0.4810 0.5946
vn -0.0976 -0.9446 0.3134
vn -0.8888 0.4572 0.0314
vn 0.2449 0.0004 -0.9695
vn 0.7247 0.4451 0.5260
vn -0.1127 -0.9423 0.3151
vn -0.8590 0.4961 0.1266
vn -0.0977 0.8735 0.4770
vn 0.4887 -0.6476 0.5846
vn 0.5147 0.1374 -0.8463
vn -0.9047 -0.3659 -0.2181
vn 0.7728 0.5840 0.2487
vn -0.5922 -0.1227 0.7964
vn 0.3416 -0.8900 -0.3019
vn -0.5201 0.4277 -0.7393
vn -0.1646 -0.0239 -0.9861
vn -0.6674 -0.5838 0.4624
vn -0.0914 0.9402 0.3280
vn 0.9221 -0.3327 0.1976
vn -0.2757 -0.4139 0.8675
vn -0.7971 0.4155 -0.4381
vn 0.3828 -0.7016 -0.6010
vn 0.6918 0.7015 0.1710
vn 0.3224 0.5373 -0.7794
vn -0.5835 -0.7441 -0.3254
vn -0.5223 0.5879 0.6177
vn 0.7855 -0.3813 0.4874
vn -0.3063 -0.6118 0.7293
vn -0.7839 0.5050 -0.3612
vn 0.4173 -0.5387 -0.7318
vn 0.6732 0.6441 0.3632
vn 0.2657 0.5969 -0.7570
vn -0.7709 -0.5731 -0.2779
vn -0.2672 0.5583 0.7854
vn 0.7734 -0.5827 0.2496
vn -0.1937 -0.7841 0.5896
vn -0.8037 0.5933 -0.0465
vn 0.2261 -0.3223 -0.9193
vn 0.7710 0.5145 0.3753
vn 0.0308 -0.7427 -0.6689
vn -0.1095 -0.3834 0.9171
vn -0.7717 0.6022 -0.2043
vn 0.8517 0.5221 -0.0442
vn 0.9030 0.3799 0.2005
vn -0.6067 0.1525 0.7801
vn 0.0849 -0.9813 -0.1725
vn -0.3813 0.4494 -0.8079
vn -0.8688 -0.4949 -0.0156
vn 0.4385 -0.1301 0.8893
vn -0.1640 0.9749 -0.1503
vn 0.5940 -0.3516 -0.7235
vn 0.6110 -0.7855 0.0983
vn 0.4152 0.8001 0.4329
vn -0.8747 -0.2011 0.4409
vn -0.1544 0.1880 -0.9700
vn 0.0147 0.6861 -0.7274
vn -0.2330 0.4386 0.8680
vn 0.9007 -0.4278 0.0756
vn -0.6817 -0.6996 -0.2141
vn -0.9258 -0.2448 0.2882
vn 0.5828 0.1056 0.8057
vn -0.0239 0.8628 -0.5050
vn 0.3642 -0.7231 -0.5870
vn -0.7538 -0.4068 -0.5160
vn 0.8187 0.0255 -0.5737
vn 0.1796 -0.5494 0.8160
vn -0.2457 0.9299 0.2738
vn 0.2921 -0.9563 -0.0117
vn -0.1474 0.3183 -0.9364
vn 0.7081 0.5580 0.4327
vn -0.8522 0.0807 0.5169
vn -0.6765 0.7332 -0.0687
vn 0.8739 0.3155 -0.3699
vn -0.3141 -0.7949 -0.5191
vn 0.1172 -0.2550 0.9598
vn 0.8058 -0.5738 0.1462
vn -0.0987 0.1935 -0.9761
vn 0.1061 0.8601 0.4990
vn -0.8124 -0.4815 0.3290
vn -0.1960 0.9794 -0.0487
vn 0.7925 -0.2079 -0.5733
vn -0.7923 -0.5150 -0.3273
vn 0.1978 -0.2537 0.9468
vn 0.0747 -0.9950 0.0657
vn -0.1968 0.2580 -0.9459
vn 0.8628 0.4171 0.2856
vn -0.7388 0.3182 0.5941
vn -0.6668 0.7384 -0.1010
vn 0.8468 0.2468 -0.4712
vn -0.3724 -0.8384 -0.3980
vn 0.1905 -0.1484 0.9704
vn -0.1088 0.2031 -0.9731
vn 0.0773 0.8536 0.5152
vn 0.8275 -0.5447 0.1359
vn -0.7950 -0.5140 0.3223
vn 0.5445 0.6940 -0.4710
vn -0.9651 0.1195 -0.2330
vn 0.1187 0.0982 0.9881
vn 0.3038 -0.9105 -0.2804
vn -0.4909 0.2366 0.8385
vn -0.0666 0.7569 -0.6501
vn -0.4045 -0.8230 -0.3988
vn 0.9622 -0.1695 0.2132
vn 0.8817 0.4305 -0.1929
vn -0.4018 -0.3376 -0.8512
vn -0.6134 0.6723 0.4144
vn 0.1331 -0.7634 0.6321
vn 0.0440 0.6020 -0.7973
vn 0.7477 -0.6628 -0.0404
vn -0.8747 -0.4846 0.0043
vn 0.0822 0.5439 0.8351
vn 0.2304 -0.3578 -0.9049
vn 0.6423 0.7266 0.2441
vn 0.0544 -0.7366 0.6742
vn -0.9287 0.3706 -0.0126
vn 0.8911 -0.3045 -0.3366
vn -0.3604 0.7131 -0.6013
vn 0.1033 0.3629 0.9261
vn -0.6342 -0.7731 0.0092
vn 0.4638 0.8432 -0.2719
vn 0.0493 -0.6630 -0.7470
vn -0.9569 0.2022 0.2085
vn 0.4436 -0.3817 0.8108
vn 0.1998 -0.2358 0.9511
vn 0.0821 -0.8175 -0.5700
vn 0.6460 0.6940 -0.3178
vn -0.9309 0.3598 -0.0631
vn 0.3296 -0.7081 -0.6245
vn 0.6141 0.7884 -0.0370
vn -0.0261 -0.3610 0.9322
vn -0.9199 0.2811 -0.2735
vn 0.7676 -0.4207 -0.4835
vn -0.3051 0.8101 -0.5007
vn 0.2916 0.2647 0.9192
vn -0.7550 -0.6526 0.0632
vn -0.8555 0.0176 -0.5175
vn 0.0403 0.7977 0.6017
vn 0.7725 0.0216 -0.6346
vn 0.0421 -0.8348 0.5490
vn -0.6459 -0.2519 0.7206
vn 0.7789 0.4823 0.4008
vn -0.4546 0.5957 -0.6622
vn 0.3237 -0.8266 -0.4604
vn 0.8319 -0.4075 -0.3767
vn 0.1702 0.9590 0.2268
vn -0.2678 -0.4938 0.8273
vn -0.7334 -0.0605 -0.6771
vn -0.7763 0.5291 0.3427
vn 0.6240 -0.2072 0.7535
vn 0.4843 0.5306 -0.6956
vn -0.3325 -0.8534 -0.4015
vn 0.6787 -0.6882 -0.2563
vn 0.4422 0.7262 0.5264
vn -0.7136 -0.4253 0.5567
vn -0.4075 0.3896 -0.8260
vn -0.6706 0.6908 0.2703
vn 0.3150 -0.4921 0.8115
vn 0.7778 0.4464 -0.4425
vn -0.4213 -0.6453 -0.6373
vn 0.3264 -0.9196 -0.2188
vn 0.6865 0.4733 0.5520
vn -0.8552 -0.0631 0.5144
vn -0.1558 0.5076 -0.8474
vn -0.1270 0.9831 0.1318
vn 0.0647 -0.4507 0.8903
vn 0.8405 -0.1590 -0.5179
vn -0.7774 -0.3726 -0.5068
vn -0.0920 -0.9946 -0.0486
vn 0.8454 0.2316 0.4813
vn -0.7821 0.3827 0.4918
vn 0.0285 0.3784 -0.9252
vn 0.6233 0.6912 -0.3656
vn -0.1507 0.1659 0.9746
vn 0.4003 -0.9076 -0.1269
vn -0.8734 0.0488 -0.4845
vn -0.4610 -0.7809 0.4216
vn 0.8777 0.1539 0.4538
vn -0.5732 0.8141 0.0936
vn 0.1559 -0.1878 -0.9698
vn -0.0345 0.9994 -0.0044
vn 0.1041 -0.3293 0.9385
vn 0.7766 -0.3076 -0.5499
vn -0.8480 -0.3623 -0.3869
vn -0.5439 0.4875 0.6830
vn 0.2797 -0.8870 0.3675
vn 0.8127 0.5370 -0.2261
vn -0.5490 -0.1381 -0.8243
vn 0.1743 0.1166 0.9778
vn -0.6380 -0.7581 -0.1351
vn 0.8604 -0.1970 -0.4701
vn -0.3978 0.8392 -0.3707
vn 0.0717 -0.9888 -0.1312
vn -0.5439 0.1906 0.8172
vn -0.4399 0.4129 -0.7975
vn 0.9148 0.3878 0.1130
vn -0.8799 0.3891 -0.2729
vn -0.1550 -0.8089 0.5672
vn 0.5177 0.6784 0.5213
vn 0.5165 -0.2576 -0.8166
vn -0.0310 -0.0526 -0.9981
vn 0.0024 -0.9226 0.3858
vn -0.8010 0.4985 0.3316
vn 0.8308 0.4804 0.2810
vn -0.9824 0.1634 0.0908
vn 0.2526 0.0198 -0.9674
vn 0.2226 -0.8942 0.3884
vn 0.5050 0.7092 0.4919
vn -0.5711 -0.5732 -0.5875
vn -0.2186 0.9630 -0.1576
vn 0.9634 -0.1636 -0.2123
vn -0.1749 -0.2260 0.9583
vn -0.1154 0.3932 -0.9122
vn -0.8857 -0.3181 0.3382
vn 0.3661 0.6950 0.6188
vn 0.6345 -0.7715 -0.0467
vn -0.7309 0.6552 -0.1908
vn -0.0616 -0.7639 -0.6424
vn -0.0944 -0.3406 0.9355
vn 0.8865 0.4513 -0.1020
vn -0.8834 -0.3648 -0.2940
vn 0.2824 0.7290 -0.6235
vn 0.6810 -0.7322 -0.0095
vn -0.0819 0.3654 0.9272
vn -0.2319 -0.2552 -0.9387
vn -0.7150 0.5916 0.3726
vn 0.8719 0.4897 0.0060
vn 0.0765 -0.8263 0.5580
vn -0.3453 0.6834 -0.6433
vn -0.6140 -0.7893 0.0069
vn 0.0428 0.3987 0.9161
vn 0.9151 -0.2896 -0.2806
vn -0.9698 0.1792 -0.1655
vn 0.4485 -0.2249 -0.8650
vn 0.0916 -0.7661 0.6361
vn 0.4288 0.8131 0.3937
vn -0.6584 -0.5890 -0.4686
vn 0.0626 0.8775 -0.4755
vn 0.8971 -0.4417 0.0017
vn -0.2991 0.1544 0.9416
vn 0.0051 -0.0516 -0.9987
vn -0.9407 0.1064 0.3222
vn 0.5440 0.7854 0.2952
vn 0.3912 -0.8368 0.3830
vn -0.6143 0.5529 -0.5630
vn -0.0923 -0.9620 -0.2570
vn -0.2389 0.1108 0.9647
vn 0.9433 0.2976 -0.1467
vn -0.9060 -0.2096 -0.3678
vn 0.6162 0.2452 -0.7484
vn 0.3610 -0.8019 0.4760
vn -0.0732 0.7654 0.6394
vn -0.0231 -0.6487 -0.7607
vn -0.5783 0.7866 -0.2163
vn 0.9403 0.3068 0.1472
vn -0.3369 -0.4468 0.8288
vn 0.1377 0.2609 -0.9555
vn -0.8821 -0.4616 0.0937
vn 0.0145 0.8186 0.5741
vn 0.7318 -0.6189 0.2852
vn -0.8522 0.4411 -0.2814
vn 0.3667 -0.5351 -0.7610
vn -0.1768 -0.6048 0.7765
vn 0.6641 0.6994 0.2643
vn -0.6811 -0.5889 -0.4351
vn 0.0710 0.8571 -0.5103
vn 0.8869 -0.4620 0.0016
vn -0.2753 0.1939 0.9416
vn 0.6909 -0.0829 -0.7182
vn -0.9021 0.1036 -0.4189
vn 0.2004 0.8003 0.5651
vn 0.0098 -0.8219 0.5695
vn -0.7968 -0.3793 0.4704
vn -0.1784 0.9524 -0.2471
vn 0.1799 -0.5290 -0.8293
vn 0.7970 -0.0449 0.6023
vn 0.4251 0.6532 0.6266
vn 0.2598 0.2255 -0.9390
vn -0.9942 0.0486 0.0957
vn 0.3114 -0.9250 0.2176
vn -0.1774 0.9592 -0.2203
vn 0.9333 -0.0959 0.3461
vn -0.1104 -0.5578 -0.8226
vn -0.6465 -0.3051 0.6993
vn 0.6738 -0.1548 -0.7225
vn 0.2928 0.7684 0.5691
vn -0.0800 -0.8212 0.5649
vn -0.8870 0.2085 -0.4121
vn -0.7600 0.5223 0.3869
vn 0.6526 -0.2211 0.7247
vn 0.4541 0.5424 -0.7068
vn -0.3474 -0.8456 -0.4054
vn 0.7916 -0.4929 -0.3610
vn 0.3071 0.8404 0.4466
vn -0.4777 -0.5765 0.6629
vn -0.6223 0.2296 -0.7483
vn -0.7898 0.4782 0.3841
vn 0.5264 -0.4241 0.7370
vn 0.5772 0.6547 -0.4881
vn -0.3142 -0.7064 -0.6343
vn 0.3921 -0.8950 -0.2126
vn 0.7121 0.6003 0.3640
vn -0.7256 -0.1089 0.6794
vn -0.3806 0.4025 -0.8325
vn -0.3381 0.9049 0.2584
vn 0.4840 -0.4055 0.7754
vn 0.6221 0.0858 -0.7782
vn -0.7702 -0.5844 -0.2555
vn -0.0186 -0.9943 0.1051
vn 0.9494 0.3129 -0.0266
vn -0.4711 0.4278 0.7714
vn -0.4591 0.2538 -0.8514
vn 0.0326 0.9860 -0.1633
vn 0.4763 -0.2136 0.8529
vn 0.4452 -0.4757 -0.7586
vn -0.9519 -0.2986 0.0689
vn 0.3627 -0.9176 -0.1624
vn 0.7567 0.6510 0.0593
vn -0.5142 0.0108 0.8576
vn -0.6041 0.2556 -0.7548
vn 0.6899 -0.6915 -0.2145
vn 0.3490 0.9050 -0.2433
vn -0.2072 -0.0242 0.9780
vn -0.8311 -0.1898 -0.5227
vn 0.8042 -0.1422 -0.5771
vn -0.7764 0.2649 -0.5718
vn 0.1880 0.7247 0.6629
vn -0.2153 -0.8473 0.4855
vn -0.1584 -0.9453 0.2852
vn -0.8517 0.5183 0.0774
vn 0.3139 0.0120 -0.9494
vn 0.6961 0.4140 0.5865
vn 0.0525 0.8439 -0.5339
vn -0.7517 -0.5650 -0.3402
vn -0.1604 0.2240 0.9613
vn 0.8599 -0.5029 -0.0876
vn 0.1400 -0.9567 -0.2552
vn -0.7191 0.0575 0.6925
vn -0.2747 0.5256 -0.8052
vn 0.8524 0.3723 0.3671
vn -0.0029 0.8960 0.4440
vn -0.9273 -0.2266 -0.2979
vn 0.3201 -0.6931 0.6459
vn 0.6099 0.0212 -0.7922
vn -0.4312 -0.5163 0.7399
vn -0.4117 0.9095 -0.0578
vn -0.1364 -0.4826 -0.8651
vn 0.9790 0.0879 0.1841
vn 0.7801 0.6050 0.1595
vn -0.2507 0.0275 -0.9677
vn -0.7777 0.3033 0.5506
vn 0.2450 -0.9355 0.2547
vn -0.6503 0.7350 -0.1922
vn 0.8872 0.2245 -0.4032
vn -0.3352 -0.8557 -0.3942
vn 0.1013 -0.1047 0.9893
vn 0.6870 -0.5459 0.4797
vn -0.0384 -0.2775 -0.9600
vn 0.2490 0.9668 0.0570
vn -0.8938 -0.1431 0.4250
vn 0.9492 -0.2484 -0.1932
vn -0.5901 -0.7927 -0.1529
vn -0.2773 0.7469 -0.6044
vn -0.0838 0.2953 0.9517
vn 0.2828 -0.6959 0.6601
vn -0.9937 -0.0261 -0.1088
vn 0.4373 -0.1820 -0.8807
vn 0.2723 0.9039 0.3298
vn -0.4061 0.8751 -0.2631
vn -0.4996 -0.7450 -0.4420
vn -0.0518 -0.1093 0.9927
vn 0.9577 -0.0201 -0.2869
vn 0.3465 -0.4279 -0.8348
vn -0.3797 -0.7032 0.6011
vn -0.7134 0.6597 -0.2362
vn 0.7458 0.4710 0.4711
vn 0.2878 0.1943 0.9378
vn -0.9907 -0.1344 -0.0219
vn 0.4536 -0.8295 -0.3257
vn 0.2497 0.7693 -0.5880
vn -0.3551 -0.4361 -0.8269
vn -0.3292 -0.4946 0.8043
vn -0.3158 0.9479 0.0408
vn 0.9997 -0.0171 -0.0176
vn 0.5408 -0.7077 0.4546
vn -0.2471 0.7078 0.6617
vn -0.8311 -0.4062 -0.3798
vn 0.5373 0.4091 -0.7375
vn -0.1173 -0.2822 0.9521
vn 0.8943 0.4332 -0.1123
vn -0.7184 0.6518 -0.2430
vn -0.0609 -0.8008 -0.5958
vn 0.3216 0.6625 0.6765
vn 0.4501 -0.8788 0.1585
vn 0.2204 0.3248 -0.9197
vn -0.9902 -0.1101 0.0855
vn 0.9850 0.0086 0.1726
vn -0.4887 0.0804 0.8687
vn -0.2560 -0.8581 -0.4451
vn -0.2411 0.7674 -0.5942
vn 0.2928 -0.6515 0.6999
vn 0.4947 0.8608 0.1194
vn -0.9823 0.1663 0.0863
vn 0.1981 -0.3751 -0.9056
vn 0.0660 0.3259 0.9431
vn 0.8327 -0.5001 -0.2378
vn -0.1077 0.7805 -0.6158
vn -0.7911 -0.6051 -0.0893
vn 0.8941 0.3071 0.3261
vn -0.3456 -0.7205 0.6011
vn 0.0871 -0.3564 -0.9303
vn -0.6380 0.7700 0.0038
vn 0.7568 -0.5783 0.3046
vn -0.2084 0.6755 0.7073
vn -0.8062 -0.5674 -0.1675
vn 0.2581 0.4680 -0.8452
vn 0.1827 -0.3862 0.9041
vn 0.8234 0.4565 -0.3370
vn -0.7453 0.6636 0.0640
vn -0.2581 -0.7336 -0.6286
vn 0.4271 0.5330 0.7304
vn 0.4713 -0.8775 -0.0884
vn 0.0660 0.5024 -0.8621
vn -0.9622 -0.1586 0.2212
vn 0.9887 0.0706 0.1322
vn -0.4227 -0.3541 0.8342
vn -0.1919 -0.6231 -0.7582
vn -0.3732 0.9041 -0.2082
vn 0.5188 -0.7392 0.4295
vn 0.2360 0.8683 0.4362
vn -0.9789 -0.1729 0.1091
vn 0.2229 0.0459 -0.9738
vn 0.1583 -0.2595 0.9527
vn 0.8682 -0.0030 -0.4962
vn -0.3987 0.9166 -0.0305
vn -0.6255 -0.6545 -0.4246
vn 0.2434 0.7990 -0.5498
vn 0.5903 -0.0442 0.8060
vn 0.1200 -0.8284 -0.5471
vn -0.9541 0.0714 0.2908
vn -0.3398 -0.5376 0.7717
vn 0.8926 -0.3511 -0.2828
vn 0.0905 0.9566 0.2769
vn -0.6430 -0.0658 -0.7630
vn 0.1450 -0.0273 -0.9891
vn 0.7780 0.4480 0.4404
vn -0.0900 -0.9330 0.3485
vn -0.8358 0.5106 0.2018
vn 0.3837 -0.7734 0.5047
vn 0.6422 0.2863 -0.7110
vn -0.1623 0.7606 0.6286
vn -0.8651 -0.2710 -0.4220
vn -0.4818 -0.0312 -0.8757
vn 0.8435 0.5271 -0.1035
vn 0.2230 -0.9300 0.2923
vn -0.5829 0.4337 0.6871
vn 0.2860 -0.8150 0.5040
vn -0.0158 -0.2013 -0.9794
vn 0.6451 0.7436 0.1756
vn -0.9149 0.2704 0.2997
vn -0.9103 0.1876 -0.3690
vn 0.6932 0.2773 -0.6653
vn 0.0885 -0.9790 0.1837
vn 0.1298 0.5148 0.8474
vn 0.8624 -0.4788 0.1645
vn -0.4012 -0.3186 -0.8588
vn 0.1715 0.9836 -0.0566
vn -0.6330 -0.1834 0.7521
vn -0.9999 0.0117 0.0014
vn 0.3394 0.5596 -0.7561
vn 0.3211 -0.9404 -0.1123
vn 0.3385 0.3698 0.8652
vn -0.4185 -0.5763 -0.7020
vn -0.3607 0.9296 -0.0760
vn 0.9915 0.0172 -0.1292
vn -0.2119 -0.3683 0.9052
vn 0.1538 0.4513 -0.8790
vn -0.9499 -0.3080 0.0532
vn 0.1838 0.6438 0.7428
vn 0.6121 -0.7863 0.0838
vn 0.3137 0.5131 -0.7989
vn -0.0403 -0.9738 -0.2237
vn -0.9100 0.3174 0.2668
vn 0.6376 0.1438 0.7568
vn -0.9353 -0.2239 -0.2741
vn 0.3196 0.7871 -0.5276
vn 0.5965 -0.7836 -0.1739
vn 0.0174 0.2234 0.9746
vn -0.2006 -0.0129 -0.9796
vn -0.7127 0.5129 0.4785
vn 0.8847 0.4401 0.1539
vn 0.0290 -0.9368 0.3487
vn -0.3986 0.7792 -0.4837
vn -0.4806 -0.8370 -0.2617
vn -0.0881 0.1401 0.9862
vn 0.9671 -0.0829 -0.2403
vn -0.9927 0.1174 0.0283
vn 0.3103 0.0149 -0.9505
vn 0.2454 -0.8761 0.4149
vn 0.4379 0.7433 0.5058
vn -0.7096 -0.3997 -0.5803
vn -0.0635 0.9974 -0.0339
vn 0.9001 -0.2867 -0.3282
vn -0.1250 -0.3091 0.9428
vn -0.0891 0.3775 -0.9217
vn -0.9111 -0.1442 0.3862
vn 0.5104 0.6397 0.5746
vn 0.4861 -0.8730 -0.0407
vn -0.6561 0.7342 -0.1748
vn -0.1405 -0.7360 -0.6622
vn -0.1364 -0.3507 0.9265
vn 0.9308 0.3545 -0.0888
vn -0.9648 -0.1006 -0.2428
vn 0.4401 0.6336 -0.6363
vn 0.4533 -0.8898 -0.0515
vn 0.0723 0.3592 0.9305
vn -0.1473 -0.1879 -0.9711
vn -0.6546 0.6910 0.3067
vn 0.9306 0.3396 0.1368
vn -0.1310 -0.8402 0.5262
vn 0.6333 0.7691 -0.0863
vn -0.6528 0.0180 -0.7573
vn -0.4941 0.0726 0.8664
vn 0.5123 -0.8585 -0.0243
vn -0.6205 -0.7796 0.0849
vn -0.5325 0.8464 -0.0099
vn 0.5185 -0.0775 -0.8515
vn 0.6322 0.0104 0.7747
vn -0.5173 0.5065 -0.6898
vn -0.6351 -0.4389 0.6357
vn 0.5911 0.6305 0.5030
vn 0.5595 -0.6965 -0.4492
vn -0.6563 0.5974 0.4609
vn -0.4878 -0.6273 -0.6070
vn 0.5095 -0.5271 0.6801
vn 0.6365 0.5558 -0.5347
vn 0.1928 0.1898 -0.9627
vn 0.2859 -0.9328 0.2194
vn -0.9813 0.0970 0.1661
vn 0.5028 0.6443 0.5763
vn -0.4089 -0.2216 0.8853
vn -0.2470 -0.7058 -0.6640
vn 0.9951 0.0387 0.0909
vn -0.3387 0.8870 -0.3138
vn -0.6844 0.2172 -0.6960
vn 0.8216 -0.3591 -0.4427
vn -0.3694 -0.6849 0.6281
vn 0.2308 0.8277 0.5116
vn 0.7118 0.4347 0.5518
vn 0.1917 -0.9782 -0.0803
vn -0.0156 0.4128 -0.9107
vn -0.8888 0.1314 0.4390
vn 0.3010 -0.2171 -0.9286
vn 0.6239 -0.4181 0.6603
vn -0.9232 -0.3569 0.1423
vn -0.0027 0.9921 0.1254
vn 0.7040 -0.2358 -0.6700
vn 0.4311 0.2825 0.8569
vn -0.5811 -0.7966 0.1665
vn -0.5564 0.7515 -0.3546
vn -0.6382 0.6605 0.3955
vn 0.3656 -0.5846 0.7243
vn 0.7511 0.4874 -0.4453
vn -0.4808 -0.5630 -0.6722
vn 0.6112 -0.7118 -0.3461
vn 0.4569 0.5056 0.7319
vn -0.8328 -0.4237 0.3563
vn -0.2350 0.6294 -0.7407
vn -0.5405 0.7711 0.3366
vn 0.0299 -0.7137 0.6998
vn 0.9284 0.3098 -0.2051
vn -0.4202 -0.3674 -0.8297
vn 0.3235 -0.8787 -0.3510
vn 0.4956 0.2278 0.8381
vn -0.9782 -0.0610 0.1984
vn 0.1568 0.7118 -0.6846
vn 0.0880 0.9735 0.2111
vn -0.2622 -0.4998 0.8255
vn 0.8753 -0.3485 -0.3351
vn -0.7016 -0.1269 -0.7012
vn -0.1048 -0.9833 -0.1486
vn 0.7640 0.1625 0.6245
vn -0.8397 0.3698 0.3978
vn 0.1816 0.4495 -0.8746
vn -0.2539 0.7973 0.5476
vn 0.2157 -0.7656 0.6061
vn 0.8016 0.2170 -0.5571
vn -0.7622 -0.2503 -0.5969
vn -0.3840 -0.9151 -0.1228
vn 0.9979 -0.0587 0.0271
vn -0.3326 0.3893 0.8590
vn -0.2779 0.5847 -0.7622
vn 0.0340 0.0013 -0.9994
vn 0.7849 0.5041 0.3604
vn 0.0303 -0.9424 0.3332
vn -0.8452 0.4378 0.3066
vn -0.2116 -0.0359 -0.9767
vn 0.7838 0.6026 0.1501
vn 0.2218 -0.9193 0.3252
vn -0.7921 0.3492 0.5006
vn -0.0299 -0.8585 -0.5119
vn 0.3537 0.7257 -0.5901
vn 0.5970 -0.1051 0.7954
vn -0.9220 0.2374 0.3059
vn 0.9730 -0.0796 0.2168
vn -0.1430 -0.1887 -0.9716
vn -0.3148 0.9259 0.2091
vn -0.5165 -0.6590 0.5467
vn -0.8603 -0.4725 -0.1915
vn 0.0214 0.8698 -0.4930
vn 0.7657 -0.5697 -0.2986
vn 0.0739 0.1707 0.9826
vn 0.5740 0.6612 0.4830
vn 0.2666 -0.0331 -0.9633
vn -0.9587 0.2755 0.0703
vn 0.1161 -0.9045 0.4103
vn -0.7027 -0.4020 -0.5870
vn 0.1942 0.9348 -0.2974
vn 0.8349 -0.5473 -0.0587
vn -0.3262 0.0140 0.9452
vn 0.4589 -0.2013 -0.8654
vn -0.8602 0.4750 -0.1855
vn 0.5900 0.5789 0.5628
vn -0.1884 -0.8524 0.4878
vn -0.0293 0.8999 -0.4352
vn -0.4451 -0.6732 -0.5905
vn -0.4781 0.0399 0.8774
vn 0.9524 -0.2669 0.1469
vn -0.8570 0.3844 -0.3433
vn 0.6781 -0.0085 -0.7350
vn -0.1581 -0.9348 0.3180
vn 0.3373 0.5578 0.7584
vn -0.2265 -0.2965 -0.9278
vn -0.1813 0.9791 0.0921
vn 0.9682 -0.1735 0.1801
vn -0.5600 -0.5071 0.6552
vn 0.2905 0.5728 -0.7665
vn -0.9775 -0.1944 -0.0813
vn 0.1708 0.4801 0.8605
vn 0.5137 -0.8578 -0.0130
vn -0.3748 0.5850 -0.7192
vn -0.0667 -0.9571 -0.2821
vn -0.5179 0.1328 0.8450
vn 0.9587 0.2372 0.1571
vn -0.8658 0.0683 -0.4957
vn 0.7406 -0.1951 -0.6430
vn -0.0571 -0.7378 0.6726
vn 0.1843 0.8646 0.4675
vn 0.5581 -0.8245 0.0938
vn -0.7013 -0.1505 -0.6968
vn 0.5814 0.7674 -0.2701
vn -0.4362 0.2074 0.8756
vn 0.3068 -0.5603 -0.7694
vn -0.4965 -0.5749 0.6504
vn -0.6026 0.7259 -0.3315
vn 0.7930 0.4083 0.4522
vn 0.4963 0.3001 0.8147
vn -0.9784 0.1643 0.1256
vn 0.1578 -0.9773 -0.1416
vn 0.3232 0.5111 -0.7964
vn -0.5945 -0.7312 -0.3345
vn -0.2034 0.1805 0.9623
vn -0.1562 0.8305 -0.5347
vn 0.9553 -0.2805 -0.0933
vn -0.9580 0.2783 0.0693
vn 0.0955 -0.9435 0.3173
vn 0.5638 0.6025 0.5649
vn 0.2992 0.0637 -0.9521
vn 0.7077 -0.5874 -0.3926
vn 0.1149 0.0445 0.9924
vn -0.9012 -0.3769 -0.2138
vn 0.0776 0.9192 -0.3860
vn -0.5724 0.7334 0.3667
vn -0.2195 -0.8579 0.4645
vn 0.9639 0.2204 0.1495
vn -0.1698 -0.0954 -0.9809
vn 0.3481 -0.8618 -0.3689
vn 0.3061 0.1076 0.9459
vn -0.9997 -0.0062 -0.0249
vn 0.3463 0.7596 -0.5506
vn -0.2071 0.9267 0.3137
vn -0.3622 -0.6609 0.6573
vn 0.9911 -0.1095 -0.0752
vn -0.4228 -0.1532 -0.8932
vn -0.0969 -0.9399 -0.3275
vn 0.5662 0.0114 0.8242
vn -0.9039 0.3720 0.2113
vn 0.4350 0.5574 -0.7071
vn 0.2735 0.9306 0.2433
vn -0.5273 -0.3994 0.7499
vn 0.8137 -0.5570 -0.1662
vn -0.5611 0.0254 -0.8273
vn -0.5940 -0.7406 -0.3141
vn 0.4178 -0.2543 0.8722
vn -0.5398 0.8333 0.1195
vn 0.7145 0.1618 -0.6807
vn -0.3101 0.8082 0.5006
vn -0.1933 -0.8194 0.5396
vn 0.9841 0.0664 -0.1648
vn -0.4821 -0.0553 -0.8744
vn 0.4661 -0.5969 -0.6530
vn 0.6705 0.3933 0.6291
vn -0.6715 -0.5323 0.5155
vn -0.4631 0.7373 -0.4918
vn -0.1968 0.1295 0.9718
vn 0.8598 -0.5006 -0.1004
vn 0.0778 0.8902 -0.4489
vn -0.7403 -0.5209 -0.4250
vn -0.0377 -0.7752 -0.6306
vn 0.6449 0.6808 -0.3473
vn 0.3026 -0.3159 0.8993
vn -0.9088 0.4100 0.0776
vn 0.7923 0.1440 0.5929
vn 0.3136 -0.2546 -0.9148
vn -0.5352 0.8431 -0.0520
vn -0.5694 -0.7312 0.3757
vn 0.4114 -0.9103 0.0450
vn -0.5426 0.0820 -0.8360
vn 0.7226 0.6913 0.0011
vn -0.5914 0.1366 0.7948
vn -0.5481 0.8207 -0.1614
vn 0.6118 -0.1522 -0.7762
vn -0.6040 -0.7895 0.1084
vn 0.5403 0.1220 0.8325
vn -0.5049 -0.6277 -0.5924
vn 0.1051 0.8826 -0.4582
vn 0.9036 -0.3802 0.1974
vn -0.5029 0.1229 0.8555
vn 0.3918 -0.1733 -0.9036
vn -0.9662 0.2398 -0.0946
vn 0.4879 0.7566 0.4353
vn 0.0878 -0.8213 0.5636
vn -0.3134 0.7537 -0.5777
vn -0.2045 -0.8701 -0.4485
vn -0.4705 0.0371 0.8816
vn 0.9865 0.0786 0.1436
vn -0.8429 -0.1272 -0.5229
vn 0.7113 0.3699 -0.5977
vn 0.2972 -0.8813 0.3673
vn -0.1675 0.6370 0.7524
vn 0.0771 -0.4431 -0.8932
vn -0.5295 0.8435 -0.0902
vn 0.9120 0.2159 0.3488
vn -0.4635 -0.6154 0.6375
vn 0.3398 0.5600 -0.7556
vn -0.8476 -0.4532 -0.2760
vn -0.1788 0.5819 0.7934
vn 0.6847 -0.6888 0.2381
vn -0.6115 0.4998 -0.6134
vn 0.5148 -0.6823 -0.5190
vn -0.5394 -0.4599 0.7054
vn 0.6354 0.6427 0.4280
vn -0.6227 -0.2912 -0.7263
vn 0.6744 0.6347 -0.3774
vn 0.4662 -0.7992 0.3794
vn -0.5186 0.4572 0.7225
vn 0.3551 -0.3198 -0.8784
vn -0.8211 0.5500 -0.1527
vn 0.6942 0.5564 0.4566
vn -0.2282 -0.7867 0.5736
vn 0.2215 0.5223 -0.8235
vn -0.7552 -0.6258 -0.1949
vn -0.2668 0.6266 0.7322
vn 0.8014 -0.5245 0.2875
vn 0.5731 -0.7975 -0.1888
vn -0.5490 -0.1741 0.8175
vn -0.6038 0.1698 -0.7789
vn 0.5799 0.8009 0.1495
vn -0.4246 -0.7331 -0.5313
vn 0.3328 -0.3672 0.8686
vn -0.6750 0.7158 0.1788
vn 0.7666 0.3833 -0.5151
vn 0.6530 -0.6463 -0.3948
vn 0.1965 0.1203 0.9731
vn -0.9282 -0.3561 -0.1082
vn 0.0793 0.8790 -0.4702
vn 0.0257 0.9398 0.3407
vn -0.6351 -0.5369 0.5553
vn 0.9150 -0.3996 0.0560
vn -0.3068 -0.0023 -0.9518
vn -0.1465 -0.9435 -0.2974
vn 0.2598 0.0070 0.9656
vn -0.8446 0.5217 -0.1204
vn 0.7307 0.4145 -0.5425
vn 0.5553 0.7649 0.3265
vn -0.8093 -0.0936 0.5799
vn 0.5379 -0.8421 0.0390
vn -0.2830 0.1690 -0.9441
vn -0.7329 -0.5805 -0.3547
vn 0.3012 -0.3500 0.8870
vn -0.3385 0.9348 0.1073
vn 0.7679 -0.0026 -0.6406
vn 0.8499 0.3373 0.4049
vn -0.7610 0.1797 0.6234
vn 0.0762 -0.9843 -0.1591
vn -0.1659 0.4677 -0.8682
vn 0.3431 0.8562 0.3863
vn -0.9991 0.0269 -0.0328
vn 0.2936 -0.7645 0.5739
vn 0.3636 -0.1184 -0.9240
vn -0.1527 0.7668 -0.6234
vn -0.7196 -0.6821 -0.1298
vn -0.0152 0.3280 0.9445
vn 0.8903 -0.4132 -0.1915
vn 0.4430 0.6454 -0.6222
vn -0.0439 -0.9019 -0.4296
vn -0.9267 0.3141 0.2065
vn 0.5278 -0.0613 0.8471
vn -0.3667 -0.6245 -0.6896
vn -0.1284 0.9444 -0.3026
vn 0.9759 -0.1788 0.1253
vn -0.4804 -0.1382 0.8661
vn 0.5681 0.4691 -0.6762
vn -0.8930 -0.2065 -0.4000
vn -0.1212 0.5888 0.7992
vn 0.4471 -0.8509 0.2756
vn -0.3680 0.6931 -0.6199
vn 0.4430 -0.7214 -0.5324
vn -0.7444 -0.3923 0.5404
vn 0.6687 0.4213 0.6127
vn -0.4723 -0.1614 -0.8665
vn 0.8364 0.5228 -0.1649
vn 0.2352 -0.8775 0.4179
vn -0.5985 0.5132 0.6152
vn 0.4188 -0.3359 -0.8437
vn -0.4005 0.9017 -0.1630
vn 0.6964 0.0682 0.7144
vn -0.7147 -0.6355 0.2923
vn 0.6942 0.4597 -0.5538
vn -0.7395 -0.3187 -0.5930
vn -0.3639 0.6393 0.6774
vn 0.4104 -0.7826 0.4680
vn -0.3191 0.6774 -0.6628
vn 0.7103 -0.5664 -0.4179
vn -0.7676 -0.5763 0.2805
vn 0.3760 0.4658 0.8011
vn -0.4043 -0.3778 -0.8329
vn 0.6116 0.7540 -0.2395
vn 0.5181 -0.7128 0.4728
vn -0.7262 0.3372 0.5991
vn 0.8376 -0.0872 -0.5393
vn -0.7738 0.1685 -0.6107
vn 0.0923 0.7626 0.6402
vn -0.1570 -0.8453 0.5108
vn 0.2015 0.6951 -0.6900
vn 0.2919 -0.8966 -0.3331
vn -0.9835 -0.0147 0.1801
vn 0.4905 0.2156 0.8443
vn -0.4396 -0.1735 -0.8813
vn 0.8926 0.4251 -0.1499
vn 0.1187 -0.8658 0.4861
vn -0.5727 0.6129 0.5444
vn 0.5762 -0.3759 -0.7257
vn -0.5258 0.7707 -0.3599
vn 0.5736 0.3129 0.7570
vn -0.6255 -0.7085 0.3267
vn 0.5307 0.5347 -0.6576
vn -0.6076 -0.6242 -0.4910
vn -0.5419 0.6187 0.5688
vn 0.6193 -0.5297 0.5796
vn 0.3543 -0.5474 0.7582
vn -0.1762 -0.5955 -0.7838
vn 0.6721 0.6965 -0.2513
vn -0.8506 0.4451 0.2799
vn -0.0331 -0.8433 -0.5365
vn 0.0574 0.7855 -0.6162
vn 0.8030 -0.0154 0.5958
vn -0.8261 0.0718 0.5590
vn 0.5600 -0.2347 -0.7946
vn -0.9593 -0.2029 -0.1967
vn 0.1017 0.9737 0.2040
vn 0.2991 -0.5373 0.7886
vn -0.3105 0.3953 -0.8645
vn 0.1261 -0.9856 -0.1129
vn -0.6816 0.1690 0.7119
vn 0.8685 0.4182 0.2662
vn -0.7707 -0.4284 -0.4718
vn 0.7539 0.1280 -0.6445
vn 0.3031 -0.5874 0.7504
vn -0.2832 0.8868 0.3653
vn 0.2595 -0.7876 -0.5590
vn -0.6474 0.5727 -0.5029
vn 0.8157 0.5360 0.2177
vn -0.4269 -0.3199 0.8458
vn 0.2805 -0.1053 -0.9540
vn -0.7339 -0.6473 0.2058
vn -0.3258 0.9338 0.1481
vn 0.7799 -0.1787 0.5999
vn 0.4057 0.2591 -0.8765
vn -0.4838 -0.8695 -0.0995
vn -0.6418 0.7096 0.2908
vn 0.7217 -0.1001 0.6849
vn -0.8152 -0.5708 -0.0976
vn -0.2755 0.9466 0.1674
vn 0.5412 -0.0496 -0.8394
vn 0.5480 -0.3280 0.7695
vn -0.9801 0.0532 -0.1910
vn 0.1573 0.1123 0.9811
vn 0.4744 0.7255 -0.4987
vn 0.3479 -0.8911 -0.2915
vn -0.2211 0.9516 0.2132
vn -0.7835 -0.5813 0.2197
vn 0.7901 -0.2900 0.5401
vn 0.2142 -0.0827 -0.9733
vn -0.1302 -0.1569 0.9790
vn -0.6472 0.6940 -0.3154
vn -0.1568 -0.8540 -0.4961
vn 0.9347 0.3144 -0.1659
vn -0.5504 -0.1079 -0.8279
vn -0.5929 -0.0696 0.8023
vn 0.4459 0.8950 -0.0091
vn 0.6957 -0.7174 0.0359
vn 0.2060 -0.8331 0.5133
vn -0.0118 0.7804 0.6252
vn -0.8946 -0.0898 -0.4377
vn 0.7003 0.1419 -0.6996
vn 0.0801 0.8931 -0.4427
vn -0.7721 0.0106 0.6354
vn 0.8431 -0.1982 0.4999
vn -0.1493 -0.7057 -0.6926
vn -0.3715 -0.9104 0.1819
vn 0.1471 0.4808 0.8644
vn -0.6464 0.5137 -0.5641
vn 0.8696 -0.0859 -0.4862
vn 0.8851 0.4371 0.1599
vn -0.7298 0.5957 0.3353
vn -0.0353 -0.8738 0.4850
vn -0.1197 -0.1568 -0.9804
vn -0.5234 0.3895 -0.7579
vn -0.6104 -0.1696 0.7737
vn 0.7172 0.6409 0.2738
vn 0.4179 -0.8616 -0.2880
vn -0.4961 -0.7528 -0.4326
vn 0.1969 -0.2361 0.9516
vn -0.5568 0.8301 -0.0282
vn 0.8567 0.1588 -0.4908
vn 0.0844 0.8399 0.5361
vn -0.7350 -0.5652 0.3746
vn 0.8619 -0.5054 0.0402
vn -0.2093 0.2305 -0.9503
vn -0.9157 0.1128 -0.3858
vn 0.1659 -0.9679 0.1888
vn 0.0691 0.5224 0.8499
vn 0.6804 0.3320 -0.6533
vn 0.7197 -0.2793 -0.6357
vn 0.0948 -0.5139 0.8526
vn -0.8947 -0.1881 -0.4052
vn 0.0808 0.9791 0.1868
vn -0.1651 0.4068 0.8985
vn -0.5102 -0.8568 -0.0742
vn 0.9774 -0.1811 -0.1092
vn -0.3024 0.6291 -0.7161
vn 0.4138 -0.3815 0.8266
vn -0.9828 0.1160 0.1436
vn 0.1534 -0.6210 -0.7687
vn 0.4150 0.8874 -0.2009
vn 0.3442 0.8841 0.3160
vn -0.5576 0.1333 -0.8194
vn -0.5577 -0.4173 0.7175
vn 0.7725 -0.5980 -0.2137
vn -0.9248 -0.3803 -0.0076
vn -0.0494 0.9972 -0.0558
vn 0.5118 -0.3545 -0.7825
vn 0.4626 -0.2640 0.8464
vn -0.0865 -0.2791 -0.9564
vn -0.1906 0.9785 0.0793
vn 0.9296 -0.1849 0.3189
vn -0.6525 -0.5136 0.5572
vn 0.7713 0.0618 0.6335
vn 0.3319 -0.2551 -0.9081
vn -0.4615 0.8857 -0.0507
vn -0.6447 -0.6914 0.3261
vn -0.7615 -0.0693 -0.6444
vn 0.7753 0.4486 -0.4445
vn 0.2694 -0.9167 0.2952
vn -0.2837 0.5375 0.7941
vn 0.6784 0.5217 0.5172
vn 0.4545 -0.7433 -0.4909
vn -0.4553 0.6040 -0.6541
vn -0.6754 -0.3821 0.6308
vn -0.5648 -0.8220 -0.0732
vn 0.4536 0.1741 -0.8740
vn 0.6890 -0.1310 0.7128
vn -0.5776 0.7812 0.2371
vn 0.4911 -0.2461 0.8356
vn 0.2315 -0.6446 -0.7286
vn 0.2605 0.9241 -0.2794
vn -0.9848 -0.0348 0.1701
vn -0.2069 -0.9086 0.3630
vn 0.5261 -0.0904 -0.8456
vn 0.5366 0.5124 0.6704
vn -0.8528 0.4874 -0.1877
vn 0.2955 0.8539 -0.4285
vn 0.8013 -0.5084 0.3153
vn -0.5051 -0.5494 -0.6656
vn -0.5905 0.2066 0.7802
vn 0.0476 -0.1536 0.9870
vn 0.2970 -0.8244 -0.4818
vn 0.5978 0.7621 -0.2487
vn -0.9418 0.2179 -0.2559
vn -0.3482 -0.1453 -0.9261
vn 0.9915 -0.1299 0.0109
vn -0.4261 -0.6560 0.6230
vn -0.2154 0.9318 0.2923
vn 0.5128 0.4370 0.7390
vn 0.3042 -0.9468 -0.1052
vn 0.1578 0.4968 -0.8534
vn -0.9751 0.0137 0.2214
vn -0.6014 -0.7413 0.2981
vn 0.5289 -0.2999 -0.7939
vn 0.6244 0.2440 0.7420
vn -0.5520 0.7964 -0.2470
vn 0.7237 0.6551 -0.2171
vn 0.3996 -0.9082 0.1244
vn -0.6609 -0.0266 -0.7500
vn -0.4587 0.2813 0.8429
vn -0.7549 -0.5661 -0.3311
vn 0.7735 -0.0782 -0.6290
vn 0.2767 -0.3096 0.9097
vn -0.2947 0.9543 0.0489
vn 0.7390 -0.3209 0.5923
vn 0.0118 -0.5179 -0.8553
vn 0.1265 0.9721 -0.1976
vn -0.8779 -0.1352 0.4593
vn 0.9007 0.3922 0.1868
vn 0.0210 -0.4728 -0.8809
vn -0.6827 0.7302 -0.0278
vn -0.2358 -0.6516 0.7210
vn 0.4658 0.8800 -0.0924
vn 0.5570 -0.7164 -0.4202
vn -0.8889 0.0456 -0.4558
vn -0.1326 -0.2092 0.9688
vn -0.0071 0.0656 -0.9978
vn 0.8978 0.2725 0.3459
vn -0.1908 -0.9430 0.2727
vn -0.7005 0.6044 0.3794
vn -0.8116 0.3267 0.4843
vn 0.6554 -0.3662 0.6606
vn 0.4179 0.7575 -0.5015
vn -0.2612 -0.7187 -0.6444
vn 0.4320 -0.6815 -0.5908
vn 0.6982 0.4485 0.5580
vn -0.6643 -0.4496 0.5971
vn -0.4652 0.6820 -0.5643
vn 0.7352 0.5696 -0.3674
vn -0.4427 0.4748 0.7606
vn 0.3818 -0.8661 0.3227
vn -0.6762 -0.1803 -0.7144
vn -0.7591 -0.6455 -0.0841
vn 0.1499 0.2160 0.9648
vn -0.2167 0.8386 -0.4997
vn 0.8280 -0.4110 -0.3814
vn 0.8498 0.5228 0.0675
vn -0.7038 0.4254 0.5690
vn 0.1619 -0.9352 0.3150
vn -0.3061 -0.0149 -0.9519
vn 0.4252 0.8861 0.1844
vn -0.8451 0.1353 -0.5172
vn -0.2077 -0.4555 0.8656
vn 0.6277 -0.5669 -0.5335
vn -0.8780 -0.3855 0.2837
vn 0.0054 0.9848 0.1736
vn 0.1358 -0.1672 -0.9765
vn 0.7364 -0.4338 0.5192
vn -0.4646 0.5978 -0.6533
vn -0.5270 -0.0378 0.8491
vn 0.9141 0.3572 0.1921
vn 0.0776 -0.9190 -0.3865
vn 0.0304 0.9235 0.3825
vn -0.9242 -0.1958 -0.3279
vn 0.2489 -0.6607 0.7082
vn 0.6435 -0.0647 -0.7627
vn -0.1207 -0.1667 -0.9786
vn -0.5125 -0.6814 0.5225
vn -0.3389 0.9131 0.2267
vn 0.9712 -0.0657 0.2291
vn 0.4073 -0.4312 0.8051
vn -0.8610 0.4398 0.2557
vn -0.1734 -0.6965 -0.6963
vn 0.6268 0.6885 -0.3648
vn 0.0541 -0.0287 0.9981
vn -0.5167 0.8085 -0.2815
vn -0.4614 -0.8227 -0.3320
vn 0.9227 0.0431 -0.3832
vn 0.2665 0.3026 -0.9151
vn -0.9347 -0.3546 -0.0247
vn 0.0464 0.7729 0.6329
vn 0.6206 -0.7198 0.3109
vn -0.2416 -0.8063 0.5399
vn -0.6809 0.7161 0.1534
vn 0.0190 -0.2414 -0.9702
vn 0.9013 0.3328 0.2772
vn -0.0027 0.0029 1.0000
vn -0.6326 0.6965 -0.3386
vn -0.2877 -0.8986 -0.3312
vn 0.9230 0.1975 -0.3303
vn -0.3279 -0.9086 0.2586
vn -0.5684 0.6962 0.4385
vn -0.0527 0.0982 -0.9938
vn 0.9487 0.1124 0.2954
vn 0.5128 0.7888 0.3389
vn -0.8288 0.3183 -0.4603
vn -0.2508 -0.5922 0.7658
vn 0.5664 -0.5150 -0.6434
vn -0.5688 -0.7237 -0.3908
vn -0.5002 0.4552 0.7367
vn 0.2264 0.6653 -0.7114
vn 0.8426 -0.3956 0.3653
vn 0.5132 0.1873 0.8376
vn -0.5003 0.8214 -0.2740
vn -0.6448 -0.7467 0.1636
vn 0.6349 -0.2621 -0.7267
vn 0.0637 0.3133 -0.9475
vn -0.9530 0.0393 0.3003
vn 0.5590 0.5874 0.5852
vn 0.3314 -0.9416 0.0603
vn 0.0346 0.9982 0.0482
vn -0.6446 -0.2772 -0.7125
vn -0.2984 -0.3666 0.8812
vn 0.9100 -0.3538 -0.2163
vn -0.9888 -0.1460 -0.0315
vn 0.2541 0.7079 -0.6590
vn 0.4711 -0.8522 -0.2276
vn 0.2633 0.2918 0.9195
vn -0.1681 -0.0027 -0.9858
vn -0.6780 0.5783 0.4538
vn 0.9163 0.3573 0.1806
vn -0.0694 -0.9328 0.3535
vn -0.2415 0.8611 -0.4474
vn -0.6640 -0.7045 -0.2504
vn -0.0092 0.1256 0.9920
vn 0.9141 -0.2825 -0.2911
vn -0.9786 0.2005 0.0453
vn 0.3511 0.2586 -0.8999
vn 0.1453 -0.9783 0.1475
vn 0.4801 0.5175 0.7083
vn -0.5193 -0.2137 -0.8275
vn -0.1510 0.9556 0.2529
vn 0.9742 -0.1485 -0.1699
vn -0.3047 -0.5949 0.7438
vn 0.0799 0.4916 -0.8672
vn -0.9390 0.0714 0.3363
vn 0.6254 0.3996 0.6702
vn 0.2342 -0.9623 -0.1384
vn -0.1540 -0.7963 0.5850
vn -0.2467 0.8307 0.4990
vn -0.5642 -0.0765 -0.8221
vn 0.9649 0.0459 -0.2586
vn 0.2562 0.8409 -0.4766
vn -0.9925 -0.0277 0.1187
vn 0.4407 -0.0200 0.8974
vn 0.2956 -0.7898 -0.5374
vn -0.2751 0.6205 0.7343
vn -0.2456 0.4024 -0.8819
vn -0.4677 -0.8773 0.1076
vn 0.9886 -0.1453 0.0397
vn -0.9884 0.1320 0.0755
vn 0.4641 0.8752 0.1364
vn 0.2205 -0.3567 -0.9078
vn 0.3033 -0.6501 0.6967
vn -0.2431 0.6271 -0.7400
vn -0.3058 0.3806 0.8727
vn 0.9921 -0.1240 0.0188
vn -0.4427 -0.8840 -0.1504
vn -0.9821 -0.1884 -0.0062
vn 0.3686 -0.1772 0.9125
vn 0.1551 0.9581 -0.2409
vn 0.4551 -0.5912 -0.6658
vn 0.4815 -0.8758 -0.0342
vn 0.6327 0.7190 0.2878
vn -0.7560 -0.0606 0.6518
vn -0.3578 0.2172 -0.9082
vn 0.6073 -0.0708 0.7913
vn 0.5046 -0.2325 -0.8314
vn -0.3492 0.9343 -0.0713
vn -0.7659 -0.6335 0.1101
vn 0.2792 -0.3386 0.8986
vn 0.0144 -0.7546 -0.6560
vn 0.6314 0.7156 -0.2988
vn -0.9253 0.3748 0.0580
vn -0.5961 -0.8029 0.0018
vn 0.7148 -0.1166 -0.6895
vn 0.4214 0.1059 0.9007
vn -0.5406 0.8138 -0.2132
vn 0.1159 0.5919 -0.7976
vn 0.8801 -0.1168 0.4601
vn -0.3422 -0.8932 -0.2917
vn -0.6533 0.4182 0.6311
vn -0.0961 -0.7411 0.6645
vn 0.7849 -0.1843 -0.5916
vn 0.1424 0.8652 0.4809
vn -0.8298 0.0601 -0.5548
vn 0.0133 0.3197 -0.9474
vn 0.8541 0.2616 0.4495
vn -0.0915 -0.9957 0.0156
vn -0.7727 0.4148 0.4806
vn -0.0036 -0.0350 0.9994
vn 0.7664 -0.5383 -0.3505
vn 0.0972 0.9490 -0.2998
vn -0.8584 -0.3744 -0.3508
vn -0.1087 -0.7319 -0.6727
vn 0.8523 0.4915 -0.1787
vn 0.0293 -0.3931 0.9190
vn -0.7724 0.6316 -0.0670
vn -0.0957 0.8899 -0.4460
vn 0.7394 0.0438 0.6719
vn 0.2114 -0.6966 -0.6856
vn -0.8556 -0.2367 0.4603
vn 0.6427 0.3282 -0.6923
vn -0.1190 0.7052 0.6990
vn 0.3583 -0.8333 0.4211
vn -0.8815 -0.1952 -0.4300
vn 0.6180 -0.0254 0.7858
vn -0.8271 0.5060 0.2449
vn -0.2462 -0.9333 -0.2612
vn 0.4520 0.4517 -0.7692
vn -0.2860 0.5144 0.8084
vn -0.7920 -0.4676 -0.3925
vn 0.6916 -0.6730 0.2620
vn 0.3859 0.6273 -0.6764
vn -0.3524 0.5966 -0.7210
vn -0.2756 -0.9440 -0.1816
vn -0.3699 0.2891 0.8829
vn 0.9980 0.0605 0.0184
vn 0.1836 -0.6863 0.7038
vn -0.9788 0.2041 -0.0179
vn 0.2854 -0.3529 -0.8911
vn 0.5097 0.8346 0.2086
vn -0.2553 -0.7519 0.6078
vn -0.4282 0.8464 0.3168
vn -0.3127 -0.2044 -0.9276
vn 0.9942 0.1075 0.0025
vn -0.4378 0.4267 -0.7914
vn -0.6817 -0.1621 0.7135
vn 0.7127 0.6062 0.3529
vn 0.4063 -0.8714 -0.2749
vn 0.0004 -0.9833 0.1820
vn 0.1072 0.4974 0.8609
vn -0.8643 0.2612 -0.4299
vn 0.7559 0.2244 -0.6150
vn -0.7340 -0.1690 0.6578
vn 0.7884 -0.5734 0.2228
vn 0.2641 0.9637 0.0381
vn -0.3206 -0.2226 -0.9207
vn 0.7962 0.3812 0.4699
vn -0.3707 -0.7571 0.5380
vn 0.2722 -0.3314 -0.9034
vn -0.6979 0.7089 -0.1018
vn -0.5953 -0.4667 -0.6540
vn 0.6538 -0.6547 0.3793
vn -0.5551 0.3842 0.7378
vn 0.4945 0.7368 -0.4611
vn 0.7677 -0.1468 -0.6238
vn 0.3485 0.1460 0.9259
vn -0.5968 -0.8024 -0.0108
vn -0.5210 0.8033 -0.2887
vn -0.0676 -0.9611 0.2679
vn 0.9611 0.2753 -0.0235
vn -0.4909 0.5645 0.6636
vn -0.4038 0.1242 -0.9064
vn 0.2858 -0.2000 -0.9372
vn 0.2321 0.9464 0.2245
vn 0.4679 -0.6178 0.6320
vn -0.9886 -0.1260 0.0822
vn -0.7585 0.4663 0.4553
vn 0.8647 0.2838 0.4145
vn 0.0045 0.2383 -0.9712
vn -0.1127 -0.9884 0.1015
vn 0.3172 0.2645 -0.9107
vn 0.1607 0.7507 0.6408
vn 0.5012 -0.8105 0.3031
vn -0.9790 -0.2016 -0.0311
vn 0.4998 0.5013 -0.7063
vn -0.1554 0.6010 0.7840
vn 0.5360 -0.7927 0.2902
vn -0.8770 -0.3100 -0.3672
vn 0.0207 -0.9130 0.4075
vn 0.4554 0.6505 0.6078
vn -0.9500 0.2811 -0.1360
vn 0.4745 -0.0190 -0.8800
vn -0.9929 0.0253 -0.1164
vn 0.2285 -0.6057 0.7622
vn 0.3397 0.9202 0.1947
vn 0.4237 -0.3395 -0.8398
vn 0.7464 -0.4760 -0.4651
vn 0.2111 0.0755 0.9746
vn -0.8483 -0.5158 -0.1201
vn -0.1106 0.9144 -0.3894
vn -0.7250 0.4420 0.5282
vn 0.1174 -0.9414 0.3163
vn 0.8553 0.5033 0.1233
vn -0.2480 -0.0035 -0.9688
vn 0.8048 -0.4195 -0.4199
vn 0.1319 0.0507 0.9900
vn -0.8083 -0.5528 -0.2025
vn -0.1265 0.9213 -0.3676
vn -0.4738 0.7242 0.5011
vn -0.2734 -0.8906 0.3633
vn 0.9880 0.1132 0.1049
vn -0.2384 0.0538 -0.9697
vn 0.1347 -0.8290 -0.5428
vn 0.4992 -0.0793 0.8629
vn -0.9752 0.1163 0.1884
vn 0.3387 0.7912 -0.5092
vn -0.6851 -0.5758 0.4462
vn 0.8390 -0.5269 -0.1358
vn 0.1938 0.7945 0.5756
vn -0.3480 0.3100 -0.8848
vn 0.5311 -0.3213 0.7840
vn -0.3858 -0.7847 -0.4851
vn 0.5947 0.5146 -0.6176
vn -0.7391 0.5920 0.3212
vn 0.6116 -0.0975 -0.7852
vn -0.1423 -0.8945 0.4238
vn -0.8764 0.3706 -0.3076
vn 0.4100 0.6229 0.6663
vn 0.3311 -0.0616 0.9416
vn -0.8826 -0.4640 -0.0749
vn 0.6603 -0.4320 -0.6143
vn -0.1094 0.9612 -0.2531
vn -0.8139 0.5432 -0.2060
vn 0.0888 -0.7365 -0.6706
vn -0.0830 -0.3933 0.9157
vn 0.8083 0.5874 -0.0397
vn -0.6228 -0.7820 0.0239
vn -0.0172 0.4154 -0.9095
vn 0.9299 -0.3051 0.2055
vn -0.2905 0.6737 0.6795
vn -0.1912 -0.9694 -0.1537
vn -0.4997 0.5494 -0.6697
vn 0.9815 0.1631 -0.0998
vn -0.2900 0.2549 0.9225
vn -0.7841 0.4287 0.4487
vn 0.4497 0.6650 -0.5963
vn -0.3141 -0.7777 -0.5446
vn 0.6471 -0.3170 0.6934
vn 0.9197 -0.0479 0.3897
vn 0.0642 0.0732 -0.9953
vn -0.4756 0.8002 0.3653
vn -0.5071 -0.8273 0.2416
vn -0.3064 -0.9461 -0.1048
vn -0.4126 0.5639 -0.7154
vn 0.9963 0.0382 -0.0769
vn -0.2763 0.3465 0.8964
vn -0.7776 0.5280 0.3415
vn 0.4538 0.5107 -0.7302
vn -0.3201 -0.8760 -0.3608
vn 0.6448 -0.1629 0.7468
vn 0.9606 -0.0137 0.2776
vn -0.0659 -0.1595 -0.9850
vn -0.3954 0.8917 0.2201
vn -0.4973 -0.7176 0.4875
vn -0.8591 -0.3843 -0.3381
vn 0.1823 0.8682 -0.4614
vn 0.7462 -0.6389 -0.1871
vn -0.0706 0.1547 0.9854
vn 0.9487 0.1562 -0.2748
vn -0.6051 0.1635 -0.7792
vn -0.2371 0.6255 0.7433
vn -0.1078 -0.9443 0.3109
vn -0.5362 -0.8183 -0.2070
vn -0.6053 0.7949 0.0408
vn 0.6828 0.1391 -0.7172
vn 0.4586 -0.1173 0.8809
vn 0.0255 0.5028 0.8640
vn 0.0517 0.6422 -0.7648
vn -0.8545 -0.5161 -0.0586
vn 0.7774 -0.6278 -0.0403
vn -0.2941 -0.4218 -0.8577
vn -0.5289 0.8337 0.1590
vn 0.9723 0.2267 -0.0565
vn -0.1500 -0.6408 0.7529
vn 0.1662 0.3557 0.9197
vn 0.2286 0.7006 -0.6759
vn -0.9636 -0.2512 -0.0912
vn 0.5684 -0.8085 -0.1529
vn 0.6340 -0.3029 -0.7116
vn -0.7273 0.5495 -0.4112
vn 0.4947 0.5514 0.6718
vn -0.4017 -0.7971 0.4509
vn -0.9609 -0.2516 0.1155
vn 0.1074 0.9812 0.1604
vn 0.2949 -0.2229 -0.9292
vn 0.5584 -0.5091 0.6550
vn -0.7773 0.3394 -0.5298
vn -0.1717 0.1491 0.9738
vn 0.8282 0.4889 -0.2738
vn 0.1187 -0.9782 -0.1703
vn -0.3872 0.7605 0.5213
vn -0.7198 -0.6630 -0.2058
vn 0.7173 -0.4420 0.5386
vn 0.3888 0.3447 -0.8544
vn -0.4835 -0.3148 0.8168
vn -0.4929 0.7705 -0.4042
vn 0.0530 -0.7454 -0.6645
vn 0.9234 0.2907 0.2506
vn -0.9369 -0.1229 0.3273
vn 0.3574 0.8738 0.3296
vn 0.0048 -0.0062 -1.0000
vn 0.5745 -0.7437 0.3419
vn 0.3147 -0.1316 0.9400
vn 0.6859 0.5186 -0.5105
vn -0.8639 0.5036 0.0040
vn -0.1346 -0.8915 -0.4325
vn 0.3401 -0.6341 -0.6944
vn -0.1350 0.9013 -0.4117
vn 0.6636 0.0713 0.7446
vn -0.8687 -0.3393 0.3609
vn -0.0612 0.7696 0.6356
vn 0.6966 0.1907 -0.6917
vn -0.8851 -0.1318 -0.4463
vn 0.2490 -0.8282 0.5021
vn 0.8176 -0.5698 -0.0825
vn -0.4509 0.0596 -0.8906
vn 0.2558 0.9168 0.3066
vn -0.6237 -0.4082 0.6666
vn 0.6950 0.1875 -0.6941
vn -0.1966 -0.9803 0.0211
vn -0.8363 0.5022 -0.2197
vn 0.3399 0.2905 0.8945
vn -0.2002 -0.5335 -0.8218
vn 0.9523 -0.1446 0.2686
vn -0.6018 -0.2926 0.7431
vn -0.1505 0.9708 -0.1870
vn 0.4429 -0.8956 0.0423
vn 0.0765 0.3668 -0.9272
vn 0.4449 0.6243 0.6420
vn -0.9659 -0.0952 0.2407
vn 0.8362 -0.2474 -0.4895
vn -0.7398 -0.6121 -0.2792
vn -0.2478 0.9437 -0.2192
vn 0.1505 -0.0827 0.9851
vn -0.0598 -0.2662 -0.9621
vn 0.5478 -0.6726 0.4975
vn -0.9199 0.0379 0.3903
vn 0.4311 0.8995 0.0708
vn -0.2021 -0.9002 -0.3857
vn 0.9125 0.2895 -0.2890
vn -0.0323 -0.0488 0.9983
vn -0.6776 0.6592 -0.3261
vn 0.6647 -0.7457 -0.0459
vn -0.3774 0.1676 -0.9107
vn 0.4542 0.8273 0.3306
vn -0.7404 -0.2486 0.6245
vn 0.5835 -0.1629 -0.7956
vn -0.5023 -0.8366 0.2186
vn -0.6472 0.7347 -0.2034
vn 0.5650 0.2646 0.7815
vn -0.3151 -0.4343 -0.8438
vn 0.7640 -0.5217 0.3797
vn -0.7473 0.0240 0.6641
vn 0.3010 0.9326 -0.1990
vn -0.2209 -0.9401 0.2596
vn 0.5178 -0.0039 -0.8555
vn 0.5502 0.4232 0.7199
vn -0.8457 0.5193 -0.1229
vn -0.0297 -0.9297 -0.3671
vn -0.6652 0.5699 -0.4824
vn 0.9161 0.3809 -0.1256
vn -0.2174 -0.0203 0.9759
vn -0.7093 0.1187 0.6949
vn -0.2472 0.5211 -0.8169
vn 0.0791 -0.9698 -0.2309
vn 0.8750 0.3320 0.3523
vn -0.1069 -0.9925 0.0600
vn -0.9010 0.4289 -0.0647
vn 0.5381 0.2277 -0.8116
vn 0.4693 0.3355 0.8168
vn -0.4563 -0.6823 0.5712
vn -0.2174 0.9167 0.3352
vn -0.3138 -0.0910 -0.9451
vn 0.9891 -0.1420 0.0391
vn 0.3417 -0.2859 0.8953
vn -0.3685 0.9273 0.0660
vn -0.7220 -0.6251 -0.2966
vn 0.7482 -0.0170 -0.6633
vn -0.0842 -0.6739 0.7340
vn -0.0229 0.9206 0.3898
vn -0.7584 -0.1068 -0.6430
vn 0.8662 -0.1394 -0.4799
vn 0.0195 0.6684 -0.7436
vn -0.8453 0.1068 0.5235
vn 0.7847 0.1473 0.6021
vn 0.0402 -0.9235 -0.3816
vn -0.4101 -0.7947 0.4475
vn 0.1073 0.7395 0.6646
vn -0.5932 0.3052 -0.7449
vn 0.8958 -0.2499 -0.3676
vn -0.0841 0.8300 -0.5513
vn -0.6753 0.0196 0.7373
vn 0.9186 -0.0504 0.3919
vn -0.1576 -0.8014 -0.5770
vn -0.8575 -0.5140 -0.0207
vn 0.3870 -0.0371 0.9213
vn -0.1799 0.9501 -0.2548
vn 0.6485 -0.4011 -0.6469
vn 0.8321 0.5493 0.0761
vn -0.5534 0.1182 0.8245
vn 0.2444 -0.9640 -0.1044
vn -0.5238 0.2970 -0.7984
vn -0.8018 0.5817 0.1372
vn -0.1424 -0.8763 0.4602
vn 0.8076 0.4496 0.3816
vn 0.1357 -0.1544 -0.9786
vn 0.5889 -0.6926 -0.4166
vn -0.0075 -0.1213 0.9926
vn -0.9293 -0.0951 -0.3570
vn 0.3473 0.9119 -0.2185
vn -0.0390 0.7792 0.6256
vn -0.7069 -0.6618 0.2498
vn 0.8984 -0.4347 0.0626
vn -0.1515 0.3188 -0.9356
vn -0.5994 -0.2269 -0.7676
vn 0.1563 -0.8182 0.5532
vn -0.4326 0.7079 0.5583
vn 0.8759 0.3369 -0.3453
vn 0.8817 -0.4497 -0.1427
vn -0.3128 -0.1667 0.9351
vn -0.6705 -0.3675 -0.6445
vn 0.1017 0.9833 -0.1509
vn 0.4821 -0.8564 -0.1851
vn 0.3778 0.4234 0.8234
vn -0.9731 -0.1864 0.1350
vn 0.1149 0.6206 -0.7757
vn 0.3501 0.6130 -0.7083
vn -0.5588 0.5193 0.6466
vn 0.7663 -0.4204 0.4858
vn -0.5584 -0.7125 -0.4249
vn 0.4379 0.3141 0.8424
vn -0.0485 0.7536 -0.6555
vn -0.9251 -0.3194 0.2054
vn 0.5325 -0.7500 -0.3925
vn -0.1596 0.8427 0.5142
vn 0.6017 0.1925 -0.7752
vn -0.8721 -0.3588 -0.3326
vn 0.4327 -0.6776 0.5947
vn 0.4142 -0.8350 -0.3622
vn -0.6292 0.3803 -0.6778
vn 0.7167 0.6677 0.2013
vn -0.5006 -0.2113 0.8395
vn -0.6988 0.6409 0.3177
vn 0.4778 0.3921 -0.7861
vn -0.4344 -0.8591 -0.2707
vn 0.6526 -0.1729 0.7377
vn 0.9668 -0.2389 -0.0903
vn -0.4768 -0.2265 -0.8493
vn -0.0856 0.9794 0.1831
vn -0.4053 -0.5149 0.7554
vn 0.0914 -0.9894 0.1127
vn -0.4901 0.1933 -0.8500
vn 0.9073 0.4187 -0.0380
vn -0.5070 0.3759 0.7756
vn 0.7756 0.6288 -0.0559
vn 0.2204 -0.8526 -0.4738
vn -0.7988 0.4214 -0.4295
vn -0.1969 -0.1968 0.9605
vn -0.6988 -0.7094 0.0916
vn 0.2412 0.1070 -0.9646
vn 0.8112 -0.2635 0.5220
vn -0.3571 0.8659 0.3504
vn 0.6033 0.7576 -0.2493
vn 0.4756 -0.8660 -0.1541
vn -0.8278 0.0325 -0.5601
vn -0.2526 0.0758 0.9646
vn -0.7975 -0.5766 -0.1776
vn 0.6404 -0.0672 -0.7651
vn 0.4482 -0.3071 0.8395
vn -0.2920 0.9508 0.1038
vn 0.5159 0.7643 -0.3868
vn 0.6124 -0.7762 0.1496
vn -0.7243 -0.2662 -0.6360
vn -0.4017 0.2797 0.8720
vn -0.2973 -0.7157 0.6319
vn 0.2928 -0.4183 -0.8598
vn 0.7647 0.5043 0.4011
vn -0.7599 0.6267 -0.1730
vn 0.3509 0.6895 -0.6336
vn 0.7367 -0.6249 0.2583
vn -0.7347 -0.5123 -0.4447
vn -0.3535 0.4480 0.8212
vn 0.3534 0.0141 0.9354
vn -0.0208 -0.9418 -0.3355
vn 0.5928 0.5495 -0.5887
vn -0.9250 0.3799 -0.0106
vn -0.9061 -0.3983 -0.1424
vn 0.6275 -0.3396 -0.7007
vn 0.3412 -0.2560 0.9045
vn -0.0627 0.9960 -0.0630
vn 0.6714 0.6262 -0.3963
vn 0.4259 -0.8923 0.1498
vn -0.7735 -0.1018 -0.6255
vn -0.3225 0.3670 0.8725
vn -0.0338 0.0382 0.9987
vn 0.1635 -0.9431 -0.2897
vn 0.7388 0.5867 -0.3316
vn -0.8695 0.3192 -0.3769
vn 0.5137 -0.3478 -0.7843
vn 0.6289 0.4331 0.6457
vn -0.4714 -0.7572 0.4522
vn -0.6712 0.6721 -0.3127
vn -0.6100 0.7914 0.0390
vn 0.1947 -0.3157 0.9286
vn 0.8555 0.2594 -0.4482
vn -0.4394 -0.7347 -0.5169
vn 0.6817 0.6746 0.2833
vn -0.8913 0.2430 0.3827
vn 0.2673 -0.9047 0.3318
vn -0.0601 -0.0125 -0.9981
vn 0.1752 0.3860 0.9057
vn -0.3366 0.7188 -0.6083
vn -0.6853 -0.7245 0.0742
vn 0.8464 -0.3811 -0.3721
vn -0.1242 -0.3694 -0.9209
vn -0.8934 0.2084 0.3980
vn 0.5488 0.8346 -0.0477
vn 0.4667 -0.6757 0.5707
vn -0.1580 -0.4535 0.8772
vn -0.4360 0.8999 0.0058
vn -0.3906 -0.5523 -0.7365
vn 0.9839 0.1042 -0.1451
vn 0.1191 0.4864 -0.8656
vn -0.9695 -0.1989 0.1435
vn 0.3365 0.5685 0.7507
vn 0.5138 -0.8575 -0.0264
vn -0.3006 -0.7860 0.5402
vn -0.4075 0.8351 0.3694
vn -0.2889 -0.1164 -0.9503
vn 0.9967 0.0692 0.0421
vn 0.4988 0.8073 -0.3154
vn -0.9823 0.1414 -0.1226
vn 0.1960 -0.1520 0.9688
vn 0.2897 -0.7968 -0.5302
vn -0.5012 -0.7034 0.5041
vn -0.2434 0.9033 0.3534
vn -0.2376 -0.0520 -0.9700
vn 0.9825 -0.1494 0.1116
vn 0.6767 0.6547 0.3368
vn -0.6450 0.4675 -0.6045
vn -0.4968 -0.3957 0.7724
vn 0.4625 -0.7279 -0.5062
vn 0.0622 -0.2579 -0.9642
vn -0.9609 0.1170 0.2511
vn 0.4900 0.8590 0.1482
vn 0.4099 -0.7187 0.5617
vn -0.0676 0.5077 -0.8589
vn -0.6283 -0.7777 -0.0219
vn -0.2372 0.6004 0.7638
vn 0.9360 -0.3330 0.1144
vn -0.9868 -0.0826 0.1395
vn 0.2196 -0.2189 -0.9507
vn 0.4764 -0.6353 0.6078
vn 0.2900 0.9354 0.2022
vn 0.6515 -0.7502 -0.1126
vn -0.8969 -0.2820 -0.3406
vn 0.3156 0.7961 -0.5163
vn -0.0706 0.2383 0.9686
vn 0.1466 -0.5159 -0.8440
vn -0.3471 -0.6129 0.7099
vn -0.6662 0.7278 -0.1626
vn 0.8658 0.4020 0.2979
vn -0.1517 0.4608 0.8744
vn -0.8503 -0.4368 -0.2935
vn 0.7146 -0.6913 0.1073
vn 0.2877 0.6671 -0.6872
vn -0.5452 0.5076 -0.6672
vn 0.0202 -0.9679 -0.2506
vn -0.4053 0.1011 0.9086
vn 0.9322 0.3619 0.0110
vn 0.7203 -0.5470 0.4266
vn -0.8883 -0.4287 0.1651
vn 0.1638 0.0574 -0.9848
vn 0.0031 0.9199 0.3920
vn -0.6930 0.6275 0.3550
vn -0.3951 -0.5541 -0.7327
vn 0.3151 -0.5961 0.7384
vn 0.7724 0.5242 -0.3586
vn 0.5671 -0.7907 -0.2304
vn -0.8958 -0.3155 0.3131
vn -0.1113 0.5789 -0.8078
vn 0.4413 0.5275 0.7259
vn -0.5988 0.7969 0.0799
vn -0.3947 -0.6514 -0.6480
vn 0.0950 -0.4361 0.8949
vn 0.8993 0.2889 -0.3284
vn 0.5050 -0.8385 -0.2049
vn -0.9139 -0.2325 0.3327
vn -0.0766 0.5516 -0.8306
vn 0.4850 0.5196 0.7034
vn -0.1041 -0.3371 -0.9357
vn -0.2428 -0.7249 0.6447
vn -0.6050 0.7839 0.1395
vn 0.9480 0.2798 0.1519
vn 0.7391 0.0637 0.6706
vn -0.8781 -0.0409 0.4768
vn 0.1197 -0.8263 -0.5503
vn 0.0189 0.8040 -0.5943
vn 0.1658 -0.7841 0.5980
vn 0.0061 0.8396 0.5431
vn -0.8893 -0.1002 -0.4462
vn 0.7171 0.0448 -0.6955
vn -0.6201 0.3268 0.7132
vn 0.9050 -0.1668 0.3914
vn 0.0722 0.6911 -0.7192
vn -0.3578 -0.8508 -0.3848
vn 0.3104 0.5625 0.7663
vn -0.3682 -0.8628 0.3464
vn 0.7690 -0.1899 -0.6104
vn -0.7125 0.4881 -0.5041
vn 0.5114 -0.5196 0.6845
vn -0.6350 0.6201 0.4608
vn -0.5144 -0.6299 -0.5820
vn 0.6355 0.5294 -0.5621
vn -0.3541 -0.3487 0.8678
vn 0.7901 0.5880 0.1731
vn -0.7131 0.5285 -0.4606
vn 0.2771 -0.7664 -0.5796
vn -0.0468 0.6763 0.7351
vn 0.4129 -0.8421 0.3470
vn 0.5568 0.3599 -0.7486
vn -0.9224 -0.1941 -0.3339
vn 0.7497 0.1280 0.6493
vn -0.8403 -0.2077 0.5008
vn 0.2142 -0.7573 -0.6169
vn -0.1267 0.8368 -0.5326
vn -0.0355 -0.7124 0.7009
vn 0.1656 0.8862 0.4327
vn -0.8701 0.0298 -0.4920
vn 0.7402 -0.2020 -0.6414
vn -0.5173 0.2239 0.8260
vn 0.9232 -0.2880 0.2543
vn 0.0549 0.8061 -0.5893
vn -0.4592 -0.7406 -0.4905
vn 0.4353 0.6315 0.6416
vn -0.2883 -0.8235 0.4886
vn 0.6523 -0.2461 -0.7169
vn -0.7987 0.4387 -0.4118
vn 0.6799 -0.7275 -0.0920
vn -0.0791 0.2634 0.9614
vn -0.8854 -0.3296 -0.3279
vn 0.2836 0.7916 -0.5412
vn 0.1572 0.9717 0.1763
vn -0.9112 -0.2564 0.3225
vn 0.6854 -0.5441 0.4838
vn 0.0671 -0.1749 -0.9823
vn -0.1999 -0.1262 0.9717
vn -0.3383 0.8931 -0.2965
vn -0.4511 -0.7196 -0.5278
vn 0.9883 -0.0507 -0.1441
vn -0.9228 0.2093 0.3235
vn 0.6633 0.5589 0.4976
vn 0.0626 0.1972 -0.9784
vn 0.1962 -0.9679 0.1569
vn 0.4126 0.7469 -0.5215
vn -0.7065 0.3654 0.6061
vn 0.7043 -0.4551 0.5449
vn -0.4117 -0.6598 -0.6286
vn 0.1357 0.8117 0.5682
vn -0.3437 0.2754 -0.8978
vn -0.6622 -0.6060 0.4409
vn 0.8691 -0.4825 -0.1091
vn -0.4924 0.8692 0.0441
vn 0.8913 0.1418 -0.4307
vn -0.5289 -0.6557 -0.5388
vn 0.1283 -0.3566 0.9254
vn -0.0364 0.9231 -0.3828
vn 0.6488 -0.0210 0.7607
vn 0.2926 -0.6398 -0.7107
vn -0.9069 -0.2612 0.3307
vn -0.5667 0.1669 0.8068
vn 0.6879 -0.6940 0.2124
vn 0.4548 0.8489 -0.2691
vn -0.5765 -0.3221 -0.7510
vn -0.2755 -0.9423 0.1902
vn 0.6851 0.0092 -0.7284
vn 0.3880 0.4074 0.8267
vn -0.7997 0.5274 -0.2870
vn 0.1093 0.9385 -0.3276
vn 0.8959 -0.4395 0.0648
vn -0.5764 -0.5102 -0.6383
vn -0.4284 0.0097 0.9035
vn 0.0133 -0.8550 0.5185
vn 0.4412 -0.1413 -0.8862
vn 0.4951 0.7073 0.5046
vn -0.9474 0.2890 -0.1378
vn -0.2783 0.6324 -0.7229
vn 0.9979 -0.0589 0.0268
vn -0.3822 -0.9050 -0.1868
vn -0.3376 0.3306 0.8813
vn 0.3027 0.2648 0.9156
vn 0.5625 -0.7574 -0.3315
vn 0.0930 0.7802 -0.6186
vn -0.9572 -0.2872 0.0349
vn -0.5035 -0.8629 0.0433
vn 0.5649 0.0135 -0.8251
vn 0.5845 0.0877 0.8067
vn -0.6463 0.7626 -0.0271
vn 0.7380 0.6747 0.0086
vn 0.3502 -0.8733 -0.3387
vn -0.7339 0.3195 -0.5994
vn -0.3545 -0.1204 0.9273
vn 0.4241 -0.6626 0.6173
vn -0.5373 -0.4830 -0.6914
vn 0.7125 0.5391 -0.4492
vn -0.6003 0.6058 0.5222
vn 0.5171 0.3925 -0.7606
vn 0.1836 -0.9813 0.0581
vn -0.9775 0.1462 -0.1523
vn 0.2750 0.4441 0.8527
vn 0.9634 -0.0649 -0.2602
vn -0.2529 -0.7946 0.5520
vn -0.5661 0.0282 -0.8239
vn -0.1450 0.8346 0.5314
vn 0.9673 -0.2416 0.0771
vn -0.4064 0.0420 0.9127
vn -0.4722 -0.6916 -0.5465
vn -0.0902 0.8917 -0.4434
vn -0.6381 -0.6529 0.4080
vn 0.7439 0.1787 0.6440
vn -0.4800 0.8530 -0.2047
vn 0.3745 -0.3790 -0.8462
vn 0.9473 -0.2125 -0.2396
vn -0.0466 0.9153 0.4001
vn -0.3336 -0.6699 0.6633
vn -0.5678 -0.0348 -0.8224
vn -0.3042 0.7821 -0.5438
vn -0.3772 0.0654 0.9238
vn 0.9987 -0.0033 0.0513
vn -0.3169 -0.8454 -0.4299
vn -0.3877 -0.8821 0.2676
vn 0.4999 0.3925 0.7720
vn -0.7380 0.6194 -0.2678
vn 0.6250 -0.1302 -0.7697
vn 0.7554 0.6290 -0.1838
vn -0.6769 0.4533 0.5800
vn 0.3503 -0.8121 0.4667
vn -0.4276 -0.2713 -0.8623
vn -0.0880 0.7512 -0.6542
vn -0.9103 -0.3184 0.2645
vn 0.4901 0.3192 0.8111
vn 0.5055 -0.7528 -0.4216
vn -0.5961 0.3566 0.7194
vn -0.3641 0.2608 -0.8941
vn 0.0404 -0.9971 0.0641
vn 0.9186 0.3795 0.1104
vn 0.3845 -0.4034 -0.8303
vn -0.9699 -0.2343 0.0666
vn 0.1020 0.9941 -0.0367
vn 0.4844 -0.3581 0.7982
vn -0.7326 0.0984 -0.6735
vn 0.4161 -0.9044 -0.0942
vn -0.3755 0.1029 0.9211
vn 0.6922 0.7045 -0.1568
vn -0.6132 -0.7224 -0.3195
vn 0.4873 0.3911 -0.7807
vn 0.6603 -0.3814 0.6469
vn -0.5367 0.7121 0.4526
vn 0.2136 -0.6875 -0.6941
vn -0.8513 0.4666 -0.2398
vn 0.7416 0.6692 0.0472
vn -0.1029 -0.4474 0.8884
vn -0.0692 0.2606 -0.9630
vn -0.5435 -0.8230 0.1653
vn -0.3454 0.7448 0.5709
vn 0.9570 -0.1810 0.2268
vn -0.8323 -0.0970 -0.5457
vn 0.7431 -0.5066 -0.4372
vn -0.1556 -0.3634 0.9185
vn 0.2470 0.9670 0.0620
vn -0.2551 -0.8719 -0.4180
vn -0.0028 0.7188 -0.6952
vn 0.9161 -0.0786 0.3932
vn -0.6548 0.2311 0.7196
vn 0.3872 -0.2186 -0.8957
vn -0.9953 -0.0904 -0.0339
vn 0.2401 0.9390 0.2463
vn 0.3681 -0.6291 0.6847
vn -0.4192 0.3115 -0.8528
vn 0.1627 -0.9853 -0.0515
vn -0.6122 0.1959 0.7660
vn 0.8697 0.4736 0.1388
vn -0.7210 -0.5758 -0.3855
vn 0.6512 0.2397 -0.7201
vn 0.4736 -0.4994 0.7255
vn -0.4049 0.8321 0.3790
vn 0.2797 -0.6934 -0.6641
vn -0.7619 0.5296 -0.3728
vn 0.7668 0.6129 0.1905
vn -0.2846 -0.4486 0.8472
vn 0.0854 0.1254 -0.9884
vn -0.6841 -0.7046 0.1885
vn -0.2830 0.8621 0.4203
vn 0.8812 -0.2816 0.3799
vn -0.7807 0.0918 -0.6181
vn 0.5631 -0.7748 -0.2874
vn -0.3306 -0.1538 0.9311
vn 0.5483 0.8359 -0.0243
vn -0.4263 -0.8112 -0.4002
vn 0.2078 0.6588 -0.7231
vn 0.8463 -0.2627 0.4634
vn -0.6279 0.4143 0.6588
vn 0.3346 -0.4136 -0.8467
vn -0.9769 0.1950 -0.0876
vn 0.4932 0.8520 0.1753
vn 0.1486 -0.6324 0.7602
vn -0.2419 0.5506 -0.7989
vn -0.3150 -0.9388 -0.1394
vn -0.4357 0.3817 0.8152
vn 0.9923 0.0069 0.1239
vn -0.5618 -0.4619 0.6863
vn -0.0553 0.9891 0.1362
vn -0.3334 -0.2286 -0.9147
vn 0.9499 -0.2976 0.0951
vn -0.9072 0.3986 -0.1348
vn 0.2541 0.0646 0.9650
vn 0.6676 0.4975 -0.5539
vn -0.0133 -0.9607 -0.2771
vn -0.3114 0.8846 0.3471
vn -0.6986 -0.6921 0.1815
vn 0.8525 -0.2573 0.4551
vn 0.1545 0.0658 -0.9858
vn -0.5025 0.0875 0.8601
vn -0.5069 0.4576 -0.7305
vn 0.1080 -0.9688 -0.2232
vn 0.9014 0.4226 0.0941
vn -0.9950 -0.0926 0.0378
vn 0.2727 0.8726 0.4052
vn 0.2975 -0.0334 -0.9541
vn 0.4239 -0.7468 0.5124
vn -0.5945 0.7441 -0.3047
vn -0.2006 -0.2163 0.9555
vn 0.9561 0.2806 -0.0848
vn -0.1593 -0.8097 -0.5648
vn -0.1300 0.8202 0.5571
vn -0.8869 -0.4282 -0.1735
vn 0.5939 -0.6400 0.4876
vn 0.4222 0.2508 -0.8711
vn -0.7107 -0.0052 0.7035
vn -0.1391 0.7773 -0.6136
vn -0.0454 -0.8514 -0.5225
vn 0.8979 0.0788 0.4330
vn -0.9638 0.2557 -0.0761
vn 0.4366 0.5509 0.7112
vn 0.4587 0.1606 -0.8740
vn 0.0696 -0.9688 0.2381
vn -0.2462 0.9681 -0.0471
vn -0.5365 -0.4480 0.7152
vn 0.9732 -0.0882 0.2123
vn -0.1904 -0.4336 -0.8808
vn -0.1363 0.5521 0.8226
vn -0.8103 0.0644 -0.5825
vn 0.1482 -0.9539 0.2609
vn 0.7993 0.3351 -0.4988
vn -0.1438 0.3890 0.9099
vn 0.2313 0.7324 -0.6404
vn -0.8356 -0.4575 -0.3042
vn 0.7470 -0.6639 0.0344
vn -0.8381 0.5364 -0.0994
vn 0.3239 0.0602 0.9442
vn 0.7030 0.3583 -0.6143
vn -0.1870 -0.9555 -0.2280
vn -0.2272 0.9201 0.3192
vn -0.7060 -0.6414 0.3003
vn 0.8823 -0.2772 0.3803
vn 0.0498 -0.0048 -0.9987
vn -0.3058 -0.1235 0.9440
vn -0.5377 0.7240 -0.4321
vn -0.1238 -0.8540 -0.5054
vn 0.9669 0.2549 -0.0104
vn -0.9361 -0.0648 0.3456
vn 0.4629 0.7720 0.4355
vn -0.0205 0.1391 -0.9901
vn 0.4930 -0.8448 0.2079
vn -0.4992 0.8650 0.0509
vn -0.2709 -0.5833 0.7658
vn 0.9830 0.1772 0.0475
vn -0.2128 -0.4582 -0.8630
vn -0.1894 0.5557 0.8095
vn -0.8623 -0.3155 -0.3961
vn 0.5574 -0.7886 0.2597
vn 0.4947 0.5494 -0.6734
vn -0.6069 -0.0319 0.7942
vn -0.2649 0.7612 -0.5920
vn -0.0709 -0.8582 -0.5085
vn 0.9428 0.1288 0.3075
vn -0.9723 0.2085 0.1054
vn 0.5377 0.6550 0.5309
vn 0.2532 0.0642 -0.9653
vn 0.1822 -0.9267 0.3287
vn -0.7125 0.6891 0.1320
vn 0.2664 -0.3749 0.8880
vn 0.7973 0.4183 -0.4350
vn -0.3516 -0.7335 -0.5817
vn -0.1316 0.7778 0.6146
vn -0.6799 -0.7039 0.2057
vn 0.9178 -0.3758 0.1281
vn -0.1045 0.3014 -0.9477
vn -0.0610 -0.2851 0.9566
vn -0.7061 0.6818 -0.1912
vn -0.1360 -0.7928 -0.5941
vn 0.9025 0.3951 -0.1717
vn -0.9285 -0.1334 0.3466
vn 0.5163 0.5686 0.6405
vn -0.0382 0.4537 -0.8903
vn 0.4483 -0.8888 -0.0948
vn -0.6004 0.7164 0.3555
vn 0.1241 -0.7084 0.6949
vn 0.8889 0.3943 -0.2331
vn -0.4132 -0.4029 -0.8167
vn 0.5718 -0.7025 -0.4237
vn 0.4428 0.3354 0.8315
vn -0.8899 -0.3917 0.2336
vn -0.1253 0.7581 -0.6400
vn 0.8906 -0.3282 -0.3147
vn 0.0232 0.9961 0.0854
vn -0.2092 -0.4047 0.8902
vn -0.7046 -0.2612 -0.6598
vn -0.8809 0.3621 -0.3049
vn 0.2613 0.4420 0.8581
vn 0.6956 0.1835 -0.6946
vn -0.0765 -0.9871 0.1409
vn -0.2364 -0.5118 0.8260
vn 0.9514 0.3033 0.0535
vn -0.5994 0.7963 -0.0807
vn -0.1156 -0.5884 -0.8002
vn 0.2816 -0.0441 0.9585
vn 0.6065 -0.5727 -0.5515
vn 0.0536 0.9466 -0.3178
vn -0.9400 -0.3295 -0.0885
vn 0.7148 0.6939 -0.0869
vn 0.3728 -0.8078 0.4566
vn -0.3286 -0.2518 -0.9103
vn -0.7590 0.3641 0.5398
vn -0.6986 -0.3312 0.6342
vn 0.1601 -0.6859 -0.7098
vn 0.8494 0.1686 0.5001
vn -0.3150 0.8496 -0.4230
vn -0.9132 -0.4070 0.0227
vn 0.2334 0.2442 -0.9412
vn 0.6666 -0.6578 0.3507
vn 0.0123 0.8229 0.5680
vn 0.3644 0.9197 -0.1463
vn 0.5613 -0.6608 -0.4983
vn -0.9414 -0.0448 -0.3344
vn 0.0165 -0.2131 0.9769
vn -0.4321 -0.8995 0.0651
vn 0.1696 0.2193 -0.9608
vn 0.8661 -0.0140 0.4998
vn -0.6030 0.6933 0.3947
vn 0.1794 0.9499 -0.2561
vn 0.7916 -0.5636 -0.2363
vn -0.8038 -0.3340 -0.4924
vn -0.1650 -0.0527 0.9849
vn -0.1266 -0.9594 0.2520
vn 0.1758 0.0685 -0.9820
vn 0.7782 0.3762 0.5028
vn -0.8261 0.5152 0.2284
vn 0.0820 0.9502 -0.3007
vn 0.8115 -0.5114 -0.2828
vn -0.8138 -0.4085 -0.4133
vn -0.0800 -0.0284 0.9964
vn 0.6680 -0.3461 0.6588
vn -0.1964 -0.7084 -0.6779
vn 0.3729 0.8064 -0.4589
vn -0.8422 0.2495 0.4779
vn 0.0087 -0.0604 0.9981
vn -0.3523 -0.8541 -0.3825
vn 0.9295 0.1580 -0.3333
vn -0.5868 0.7588 -0.2826
vn -0.6619 -0.4960 -0.5620
vn 0.1374 -0.4877 0.8622
vn -0.3443 0.9203 0.1857
vn 0.8706 0.0605 -0.4883
vn -0.1044 -0.8893 0.4452
vn -0.0885 0.7229 0.6853
vn -0.7085 0.1099 -0.6971
vn 0.9007 0.0542 -0.4310
vn 0.0155 0.9127 -0.4083
vn -0.8657 -0.1358 0.4819
vn 0.7605 -0.0881 0.6434
vn 0.0902 -0.6905 -0.7177
vn -0.1332 -0.9432 0.3043
vn -0.1189 0.6205 0.7751
vn -0.6697 0.2186 -0.7098
vn 0.9224 0.1012 -0.3728
vn 0.2501 0.9555 -0.1562
vn -0.9777 -0.0606 0.2009
vn 0.5248 -0.3598 0.7715
vn 0.2025 -0.5357 -0.8197
vn -0.4784 -0.7130 -0.5126
vn -0.3037 -0.0177 0.9526
vn -0.2047 0.8933 -0.4000
vn 0.9857 -0.1636 -0.0413
vn -0.9165 -0.1692 -0.3625
vn 0.2650 -0.7561 0.5984
vn 0.0012 0.8533 0.5214
vn 0.6480 0.0707 -0.7583
vn 0.9604 0.0986 -0.2606
vn -0.0727 -0.0208 0.9971
vn -0.3629 -0.8503 -0.3813
vn -0.5230 0.7746 -0.3557
vn 0.2261 -0.9285 0.2945
vn 0.6889 0.6371 0.3457
vn -0.8991 0.2519 0.3579
vn -0.0167 0.0403 -0.9990
vn 0.6026 -0.5197 0.6057
vn 0.4345 0.1027 -0.8948
vn -0.1711 0.9020 0.3965
vn -0.8679 -0.4852 -0.1066
vn 0.1947 -0.3298 0.9237
vn -0.0924 -0.7800 -0.6190
vn 0.7500 0.5870 -0.3048
vn -0.8523 0.5230 0.0009
vn 0.5295 -0.5449 -0.6501
vn 0.6235 0.5137 0.5894
vn -0.5654 -0.6047 0.5610
vn -0.5884 0.6357 -0.4996
vn 0.8069 -0.4781 0.3468
vn 0.2138 0.4277 -0.8783
vn -0.2760 0.7032 0.6552
vn -0.7461 -0.6545 -0.1220
vn 0.0549 0.9983 -0.0205
vn 0.9237 -0.3831 0.0047
vn -0.4921 -0.3265 -0.8070
vn -0.4872 -0.2907 0.8235
vn 0.0137 -0.9987 0.0496
vn 0.5641 0.2999 -0.7693
vn 0.3636 0.3807 0.8502
vn -0.9393 0.3172 -0.1310
vn 0.8438 0.4840 0.2319
vn 0.2094 -0.7436 -0.6350
vn -0.6402 0.6362 -0.4306
vn -0.4100 -0.3755 0.8312
vn 0.1297 -0.8358 0.5335
vn -0.5510 -0.2024 -0.8096
vn 0.8901 0.3560 -0.2847
vn -0.4697 0.6823 0.5602
vn -0.6524 0.7283 -0.2098
vn 0.5358 -0.2090 -0.8181
vn -0.4937 -0.8188 0.2930
vn 0.6111 0.3008 0.7322
vn -0.5207 -0.5279 -0.6710
vn 0.1052 0.9392 -0.3270
vn 0.9013 -0.4160 0.1210
vn -0.4865 0.0049 0.8737
vn -0.0058 0.6622 0.7493
vn 0.7860 0.1766 -0.5925
vn -0.8433 0.0877 -0.5302
vn 0.0612 -0.9259 0.3728
vn 0.0596 0.9843 -0.1661
vn 0.6194 -0.2484 0.7447
vn 0.2590 -0.4960 -0.8288
vn -0.9379 -0.2386 0.2516
vn 0.8639 0.5035 0.0160
vn -0.6819 0.4891 0.5438
vn 0.1408 -0.9122 0.3848
vn -0.3205 -0.0793 -0.9439
vn -0.1000 -0.4903 0.8658
vn 0.2525 0.9502 0.1828
vn -0.8657 -0.0234 -0.5000
vn 0.7136 -0.4353 -0.5489
vn 0.7917 0.3098 -0.5266
vn -0.7172 0.6961 -0.0336
vn 0.2718 -0.1522 0.9503
vn -0.3474 -0.8519 -0.3918
vn 0.4761 0.8697 -0.1302
vn -0.4423 -0.2692 -0.8555
vn -0.6925 0.1010 0.7143
vn 0.6579 -0.7027 0.2710
vn -0.7442 0.5851 -0.3223
vn 0.8327 0.2067 -0.5138
vn -0.2457 -0.9597 -0.1364
vn 0.1601 0.1708 0.9722
vn -0.0931 0.2048 -0.9744
vn 0.0820 0.8545 0.5130
vn 0.8173 -0.5574 0.1458
vn -0.8062 -0.5008 0.3149
vn 0.6231 0.6619 -0.4168
vn -0.9452 0.2496 -0.2104
vn 0.1274 -0.0031 0.9918
vn 0.1924 -0.9109 -0.3651
vn -0.1274 0.9874 0.0939
vn 0.0537 -0.2404 -0.9692
vn -0.7738 -0.4746 0.4195
vn 0.8463 -0.2728 0.4575
vn -0.7305 0.3181 -0.6043
vn 0.7662 0.6415 -0.0383
vn 0.3059 -0.9051 -0.2952
vn -0.3430 -0.0528 0.9379
vn 0.1752 0.3398 -0.9241
vn -0.5005 0.6921 0.5202
vn 0.8685 -0.1952 0.4556
vn -0.5447 -0.8372 -0.0495
vn 0.5987 0.7915 -0.1230
vn -0.8791 0.1790 -0.4417
vn -0.1440 -0.1636 0.9760
vn 0.4247 -0.8051 -0.4141
vn -0.5064 -0.7637 -0.4005
vn -0.5192 0.3803 0.7654
vn 0.1386 0.7080 -0.6925
vn 0.8874 -0.3226 0.3292
vn -0.9370 0.1023 -0.3341
vn 0.0096 -0.6228 0.7823
vn 0.3526 0.8919 0.2831
vn 0.5765 -0.3698 -0.7286
vn -0.4576 -0.8366 -0.3011
vn 0.7037 -0.2268 0.6733
vn -0.6735 0.6134 0.4126
vn 0.4262 0.4499 -0.7848
vn 0.6991 0.7129 0.0555
vn -0.2725 -0.2733 0.9225
vn 0.3693 -0.7908 -0.4880
vn -0.7967 0.3536 -0.4902
vn -0.8662 -0.4986 0.0319
vn 0.7223 -0.5629 0.4018
vn -0.0830 0.8526 0.5160
vn 0.2275 0.2086 -0.9512
vn 0.9260 0.2004 -0.3200
vn -0.0127 -0.0062 0.9999
vn -0.2839 -0.8948 -0.3445
vn -0.6300 0.7004 -0.3355
vn -0.8718 0.2683 0.4098
vn 0.2867 -0.8825 0.3727
vn 0.6918 0.6915 0.2079
vn -0.1093 -0.0769 -0.9910
vn 0.1037 -0.6967 -0.7098
vn 0.6951 -0.1316 0.7068
vn -0.9089 -0.0763 0.4100
vn 0.1096 0.9057 -0.4094
vn 0.8326 0.5162 -0.2006
vn -0.1167 -0.0724 0.9905
vn 0.0723 -0.9162 -0.3942
vn -0.7884 0.4721 -0.3943
vn -0.9618 0.1018 0.2541
vn 0.3975 -0.7710 0.4975
vn 0.4948 0.8373 0.2325
vn 0.0695 -0.1671 -0.9835
vn -0.9323 0.0882 0.3506
vn 0.2123 -0.9664 -0.1450
vn 0.6441 0.3854 0.6607
vn 0.0769 0.4937 -0.8662
vn 0.9486 0.1495 -0.2791
vn -0.0896 -0.9074 0.4106
vn -0.5969 0.0612 -0.7999
vn -0.2623 0.6971 0.6673
vn 0.6260 0.1290 0.7691
vn -0.9292 -0.1250 0.3479
vn 0.2760 -0.8079 -0.5207
vn 0.0268 0.8028 -0.5957
vn -0.1393 0.0313 0.9898
vn -0.6379 0.6255 -0.4493
vn -0.1610 -0.9305 -0.3291
vn 0.9391 0.2717 -0.2105
vn -0.0353 0.6638 0.7471
vn -0.1646 0.4656 -0.8696
vn -0.7019 -0.6980 0.1418
vn 0.9017 -0.4320 -0.0178
vn -0.0690 0.3528 0.9331
vn 0.3394 0.7211 -0.6040
vn -0.9011 -0.2999 -0.3133
vn 0.6320 -0.7747 -0.0186
vn 0.7224 0.6733 -0.1573
vn -0.8917 0.4336 -0.1298
vn 0.0682 -0.3529 0.9332
vn 0.1004 -0.7548 -0.6482
vn -0.2722 0.7343 -0.6219
vn -0.7214 -0.6916 0.0357
vn 0.1480 0.3768 0.9144
vn 0.8455 -0.4195 -0.3304
vn -0.9996 -0.0087 0.0261
vn 0.3091 -0.0518 -0.9496
vn 0.3548 -0.7827 0.5114
vn 0.3358 0.8472 0.4118
vn -0.6258 -0.4010 -0.6690
vn 0.0299 0.9915 -0.1266
vn 0.9164 -0.3788 -0.1294
vn -0.3194 -0.2098 0.9241
vn -0.2076 -0.4892 -0.8471
vn -0.0938 0.9840 -0.1512
vn 0.9373 -0.2049 0.2821
vn -0.6356 -0.2919 0.7148
vn 0.8835 -0.4674 0.0296
vn -0.3134 0.0608 -0.9477
vn 0.0952 0.9201 0.3798
vn -0.6662 -0.5145 0.5399
vn -0.8841 -0.4616 -0.0724
vn 0.0235 0.7707 -0.6368
vn 0.7324 -0.6426 -0.2252
vn 0.1269 0.3375 0.9327
vn 0.6340 0.7657 0.1084
vn 0.1380 -0.4201 -0.8969
vn -0.9410 0.3306 0.0719
vn 0.1687 -0.6765 0.7169
vn -0.6481 -0.7556 -0.0947
vn -0.1159 0.6384 -0.7609
vn 0.9329 -0.3601 -0.0070
vn -0.1666 0.4764 0.8633
vn 0.7740 0.6328 0.0242
vn 0.0900 -0.6094 -0.7878
vn -0.8510 0.5196 -0.0762
vn -0.0143 -0.5448 0.8384
vn -0.0517 -0.9861 0.1578
vn -0.5239 0.2373 -0.8181
vn 0.9554 0.2651 -0.1301
vn -0.3800 0.4839 0.7883
vn -0.7571 0.6351 0.1529
vn 0.3923 0.1624 -0.9054
vn -0.3372 -0.9400 0.0511
vn 0.7005 0.1431 0.6991
vn 0.8922 -0.4133 -0.1822
vn -0.6396 -0.2541 -0.7255
vn 0.0948 0.9951 0.0274
vn -0.3465 -0.3279 0.8789
vn -0.9688 -0.0102 0.2476
vn 0.1218 0.5129 -0.8497
vn 0.3194 -0.9389 -0.1279
vn 0.5267 0.4348 0.7304
vn 0.9432 0.2215 -0.2478
vn -0.4126 -0.5547 -0.7225
vn -0.5236 0.8448 0.1104
vn -0.0101 -0.5106 0.8598
vn -0.9979 -0.0012 0.0648
vn 0.2775 0.4111 -0.8684
vn 0.3395 -0.9395 0.0453
vn 0.3809 0.5297 0.7579
vn -0.7546 0.6543 0.0495
vn 0.6935 0.3381 -0.6363
vn -0.3409 -0.8835 -0.3212
vn 0.4046 -0.1087 0.9080
vn -0.3431 -0.1085 -0.9330
vn 0.6987 0.7152 0.0162
vn 0.3991 -0.8626 0.3110
vn -0.7550 0.2554 0.6040
vn 0.8340 0.2653 -0.4838
vn 0.1106 0.1770 0.9780
vn -0.1738 -0.9740 -0.1452
vn -0.7729 0.5293 -0.3499
vn -0.8324 0.4283 0.3518
vn 0.1342 -0.8844 0.4471
vn 0.7856 0.5901 0.1863
vn -0.0882 -0.1356 -0.9868
vn 0.8824 -0.4302 -0.1906
vn -0.1087 0.1146 0.9875
vn -0.7351 -0.5786 -0.3532
vn -0.0384 0.8943 -0.4458
vn -0.8591 0.4607 0.2227
vn -0.0331 -0.9437 0.3291
vn 0.7610 0.4775 0.4390
vn 0.1290 0.0054 -0.9916
vn 0.8901 -0.4550 0.0260
vn -0.3871 0.0250 0.9217
vn -0.6148 -0.5064 -0.6047
vn 0.1122 0.9332 -0.3413
vn 0.4376 -0.8921 0.1121
vn 0.0652 0.5105 0.8574
vn -0.9630 -0.1239 -0.2395
vn 0.4592 0.5049 -0.7309
vn 0.1787 0.9733 -0.1443
vn -0.7988 -0.1110 0.5912
vn 0.7977 -0.4219 0.4310
vn -0.1766 -0.4415 -0.8797
vn -0.3016 -0.9452 0.1248
vn 0.1519 0.4230 0.8933
vn -0.7005 0.5153 -0.4937
vn 0.8526 0.0076 -0.5226
vn 0.7448 -0.5504 0.3773
vn -0.2158 0.7450 0.6312
vn -0.8091 -0.5741 -0.1255
vn 0.2813 0.3776 -0.8822
vn -0.7409 -0.6707 -0.0344
vn 0.4263 -0.0240 0.9043
vn -0.3678 0.9138 -0.1724
vn 0.6828 -0.2185 -0.6971
vn 0.9677 0.2510 0.0250
vn -0.5005 0.5363 0.6796
vn -0.0976 -0.9729 0.2095
vn -0.3693 0.1848 -0.9108
vn -0.9005 0.2977 -0.3170
vn -0.0600 -0.2826 0.9574
vn 0.6492 0.7560 -0.0844
vn 0.3129 -0.7713 -0.5542
vn 0.2499 -0.9181 0.3076
vn 0.3007 0.6701 0.6786
vn -0.9925 0.0596 -0.1071
vn 0.4438 0.1890 -0.8760
vn 0.3288 0.8781 -0.3477
vn -0.6334 0.1577 0.7576
vn 0.7765 -0.5423 0.3208
vn -0.4698 -0.4943 -0.7314
vn 0.7961 0.5194 0.3106
vn -0.8188 0.5698 0.0700
vn -0.1121 -0.8144 0.5693
vn 0.1312 -0.2756 -0.9523
vn -0.2574 0.1538 0.9540
vn 0.2484 0.8713 -0.4233
vn -0.7738 -0.3994 -0.4917
vn 0.7784 -0.6265 -0.0403
vn -0.5345 0.7563 -0.3773
vn 0.5273 0.3250 0.7851
vn 0.6245 -0.3501 -0.6981
vn -0.6168 -0.7321 0.2891
vn 0.5668 0.8236 -0.0201
vn -0.9410 0.2475 0.2310
vn 0.3535 -0.6335 0.6883
vn 0.0218 -0.4373 -0.8991
vn -0.0794 0.6242 0.7773
vn -0.1814 0.4980 -0.8480
vn -0.6641 -0.7414 0.0965
vn 0.9243 -0.3805 -0.0282
vn -0.6498 0.7526 0.1064
vn 0.9282 0.3385 0.1545
vn -0.0716 -0.3710 -0.9259
vn -0.2074 -0.7170 0.6655
vn 0.2139 0.7801 -0.5879
vn -0.1350 0.3152 0.9394
vn 0.7566 -0.6532 -0.0289
vn -0.8362 -0.4427 -0.3237
vn 0.4845 0.8516 0.1999
vn -0.9643 0.1944 -0.1799
vn 0.0745 -0.6160 0.7842
vn 0.4064 -0.4311 -0.8056
vn -0.2966 0.6920 0.6581
vn 0.1915 0.4381 -0.8783
vn -0.7220 -0.6821 -0.1161
vn 0.8273 -0.4491 0.3374
vn -0.6317 0.6886 -0.3560
vn 0.6789 0.4374 0.5898
vn 0.4648 -0.4510 -0.7619
vn -0.5114 -0.6785 0.5273
vn 0.3425 0.8490 -0.4023
vn -0.7037 0.2148 0.6773
vn 0.7516 -0.4890 0.4426
vn -0.3911 -0.5775 -0.7166
vn 0.2739 0.8000 0.5339
vn -0.5861 0.2906 -0.7563
vn -0.5014 -0.6358 0.5868
vn 0.8133 -0.4523 -0.3659
vn -0.7658 0.5566 0.3222
vn 0.6122 0.5635 -0.5547
vn -0.3493 -0.7563 -0.5531
vn 0.5014 -0.3645 0.7847
vn 0.0330 0.3743 -0.9267
vn 0.5248 -0.8506 0.0329
vn -0.9498 -0.1849 0.2524
vn 0.3917 0.6598 0.6413
vn -0.5854 -0.5950 0.5507
vn -0.0683 -0.2606 -0.9630
vn 0.9482 -0.0946 0.3033
vn -0.2913 0.9503 0.1100
vn 0.4513 0.6924 -0.5629
vn 0.3259 -0.9096 -0.2578
vn -0.9888 0.0486 -0.1411
vn 0.2110 0.1678 0.9630
vn -0.3421 -0.7490 0.5674
vn -0.2301 -0.1761 -0.9571
vn 0.9932 0.0646 0.0967
vn -0.4199 0.8586 0.2941
vn -0.1065 0.7542 -0.6479
vn 0.7567 -0.5864 -0.2888
vn -0.8449 -0.5342 0.0263
vn 0.1941 0.3651 0.9105
vn 0.1463 -0.7830 0.6046
vn 0.0245 -0.3063 -0.9516
vn 0.7195 0.6778 0.1511
vn -0.8910 0.4098 0.1952
vn -0.6852 0.4047 -0.6057
vn 0.8793 -0.0478 -0.4738
vn -0.2909 -0.9211 0.2588
vn 0.0938 0.5619 0.8218
vn 0.3719 0.9133 -0.1660
vn 0.7489 -0.6442 0.1556
vn -0.5320 -0.2911 -0.7951
vn -0.5912 0.0205 0.8062
vn -0.6633 0.1563 0.7319
vn 0.6920 -0.6506 0.3129
vn 0.4394 0.8645 -0.2441
vn -0.4701 -0.3723 -0.8002
vn -0.8119 -0.3393 -0.4751
vn 0.0933 -0.4741 0.8755
vn -0.0925 0.9830 0.1589
vn 0.8098 -0.1712 -0.5611
vn 0.5634 -0.3837 0.7317
vn -0.8447 0.3708 0.3859
vn -0.2238 -0.7171 -0.6600
vn 0.5053 0.7310 -0.4586
vn -0.0185 0.9911 -0.1319
vn -0.8668 -0.3939 -0.3056
vn 0.1361 -0.2035 0.9696
vn 0.7500 -0.3930 -0.5321
vn -0.1674 -0.9743 0.1506
vn -0.6362 0.5378 0.5531
vn -0.1370 0.2163 -0.9667
vn 0.9391 0.2179 0.2658
vn -0.0199 -0.7392 0.6731
vn 0.2051 0.8640 0.4598
vn -0.8913 0.0644 -0.4488
vn 0.7039 -0.1875 -0.6851
vn 0.0818 0.7834 -0.6161
vn -0.7053 0.1879 0.6836
vn 0.8752 -0.1558 0.4579
vn -0.2523 -0.8140 -0.5231
vn -0.8029 -0.5683 0.1798
vn 0.4895 0.1628 0.8566
vn -0.2899 0.8743 -0.3892
vn 0.6050 -0.4671 -0.6448
vn -0.8169 0.5186 0.2525
vn 0.0922 -0.7922 0.6032
vn 0.8059 0.5848 0.0928
vn -0.0811 -0.3093 -0.9475
vn -0.1608 -0.5916 -0.7901
vn 0.7747 -0.3500 0.5267
vn -0.8155 0.0170 0.5785
vn 0.2035 0.9276 -0.3134
vn -0.1711 -0.8935 0.4152
vn 0.5000 -0.1218 -0.8574
vn 0.5443 0.5599 0.6247
vn -0.8712 0.4555 -0.1830
vn 0.8357 -0.5371 -0.1144
vn -0.7834 -0.5215 -0.3381
vn 0.0800 0.8515 -0.5181
vn -0.1311 0.2071 0.9695
vn 0.1208 -0.2776 -0.9531
vn 0.2092 -0.7718 0.6005
vn -0.9454 0.2912 0.1466
vn 0.6164 0.7599 0.2063
vn -0.3859 -0.9046 -0.1808
vn 0.8336 0.1196 -0.5392
vn 0.2152 0.0807 0.9732
vn -0.6647 0.7029 -0.2532
vn 0.5337 -0.8455 0.0182
vn -0.4935 0.0694 -0.8669
vn 0.6146 0.7834 0.0929
vn -0.6544 -0.0052 0.7561
vn 0.0007 0.9941 -0.1089
vn 0.5347 -0.4185 -0.7341
vn -0.9405 -0.3375 -0.0403
vn 0.4053 -0.2393 0.8823
vn -0.1732 -0.0033 -0.9849
vn 0.8585 0.4787 0.1840
vn 0.0675 -0.9421 0.3286
vn -0.7491 0.4646 0.4723
vn 0.5273 -0.8331 -0.1670
vn 0.4935 0.7876 -0.3689
vn -0.1271 0.1217 0.9844
vn -0.8917 -0.0779 -0.4458
vn -0.4008 0.1321 -0.9066
vn 0.1156 0.8880 0.4451
vn 0.8909 -0.4452 -0.0896
vn -0.6046 -0.5737 0.5526
vn -0.4916 -0.0225 0.8705
vn 0.9180 0.3680 0.1477
vn -0.4937 0.5836 -0.6447
vn 0.0668 -0.9259 -0.3717
vn -0.6220 0.3294 0.7104
vn 0.4986 -0.7991 0.3359
vn 0.6521 0.7208 -0.2349
vn -0.5283 -0.2501 -0.8114
vn 0.7106 0.2105 0.6713
vn -0.8657 0.4067 0.2919
vn -0.1076 -0.9914 -0.0746
vn 0.2635 0.3759 -0.8884
vn -0.1754 -0.1037 0.9790
vn 0.3498 0.9194 -0.1798
vn -0.8510 -0.1366 -0.5071
vn 0.6738 -0.6790 -0.2915
vn 0.2632 0.2259 0.9379
vn 0.8000 0.0676 -0.5962
vn -0.7029 0.6382 -0.3141
vn -0.3630 -0.9313 -0.0297
vn -0.0733 -0.2257 -0.9714
vn 0.2946 0.9503 0.1006
vn 0.6683 -0.6037 0.4346
vn -0.8917 -0.1198 0.4365
vn 0.8736 0.1704 -0.4558
vn -0.7381 0.4269 -0.5225
vn 0.0230 0.3856 0.9224
vn -0.1587 -0.9857 0.0571
vn 0.0841 0.8811 -0.4653
vn 0.2964 -0.7310 -0.6147
vn -0.9532 -0.1520 0.2615
vn 0.5732 0.0008 0.8194
vn -0.2900 0.2340 -0.9280
vn 0.9972 0.0477 0.0578
vn -0.3046 -0.9267 0.2200
vn -0.4028 0.6460 0.6484
vn 0.5024 -0.3244 -0.8014
vn -0.1629 0.9831 -0.0836
vn 0.5367 -0.1811 0.8241
vn -0.8760 -0.4786 0.0602
vn 0.6888 0.5783 -0.4372
vn -0.6706 -0.2932 -0.6814
vn -0.4592 0.5213 0.7193
vn 0.4392 -0.8051 0.3986
vn -0.2678 0.8022 -0.5337
vn 0.5653 -0.6027 -0.5632
vn -0.8193 -0.4916 0.2951
vn 0.5220 0.2937 0.8008
vn -0.2570 -0.0484 -0.9652
vn 0.6543 0.7441 0.1353
vn 0.4147 -0.8670 0.2763
vn -0.8137 0.1705 0.5558
vn 0.7789 -0.0400 -0.6258
vn -0.6388 0.7066 -0.3043
vn 0.3244 0.2171 0.9207
vn -0.4663 -0.8846 0.0088
vn 0.4796 0.7131 -0.5113
vn -0.3786 -0.6698 -0.6388
vn -0.7416 0.4105 0.5306
vn 0.6385 -0.4571 0.6192
vn 0.7893 -0.6058 -0.1001
vn -0.8244 -0.5448 0.1533
vn -0.1069 0.5422 -0.8334
vn 0.1462 0.6087 0.7798
vn 0.1992 -0.5635 -0.8018
vn 0.0036 -0.5720 0.8202
vn -0.8992 0.4248 -0.1049
vn 0.6962 0.7124 0.0883
vn -0.2595 0.2881 -0.9218
vn 0.9434 -0.3315 -0.0070
vn -0.6066 -0.7348 0.3035
vn -0.0776 0.7770 0.6248
vn 0.6455 0.4514 0.6161
vn 0.1979 -0.9798 -0.0298
vn 0.0891 0.3838 -0.9191
vn -0.9316 0.1414 0.3348
vn -0.8133 -0.5801 -0.0463
vn 0.7008 -0.3607 -0.6154
vn 0.3522 0.0064 0.9359
vn -0.2397 0.9315 -0.2735
vn 0.7492 0.6091 -0.2602
vn 0.3542 -0.7419 0.5693
vn -0.4174 -0.3820 -0.8245
vn -0.6854 0.5142 0.5155
vn -0.6382 -0.4187 0.6461
vn 0.3972 -0.7088 -0.5830
vn 0.7276 0.4622 0.5069
vn -0.4856 0.6651 -0.5673
vn 0.7060 0.3343 -0.6243
vn 0.3667 -0.7504 0.5499
vn -0.7835 -0.3258 -0.5291
vn -0.2898 0.7416 0.6051
vn -0.0248 0.0540 0.9982
vn -0.2952 -0.9101 -0.2910
vn 0.9339 0.1661 -0.3165
vn -0.6130 0.6884 -0.3878
vn -0.1908 -0.0898 -0.9775
vn 0.6685 -0.6904 0.2767
vn -0.8472 -0.1298 0.5153
vn 0.3671 0.9115 0.1854
vn 0.5581 0.1859 0.8087
vn -0.4396 -0.8928 0.0979
vn 0.5805 -0.0014 -0.8142
vn -0.7009 0.7073 -0.0920
vn 0.9495 -0.2436 0.1979
vn -0.5931 -0.3648 0.7178
vn -0.2637 -0.3886 -0.8829
vn -0.0892 0.9955 -0.0321
vn -0.7442 -0.4290 -0.5120
vn 0.2925 -0.6112 0.7355
vn -0.3191 0.8637 0.3902
vn 0.7710 0.1738 -0.6126
vn 0.9461 -0.3180 -0.0614
vn -0.1936 0.2958 0.9354
vn -0.6184 -0.7466 -0.2452
vn -0.1335 0.7665 -0.6282
vn -0.9805 0.0354 0.1931
vn 0.4565 -0.5523 0.6975
vn 0.3766 0.9264 0.0072
vn 0.1498 -0.4136 -0.8981
vn -0.1156 -0.9907 -0.0712
vn 0.8685 0.2043 0.4516
vn -0.7516 0.3844 0.5360
vn -0.0016 0.4017 -0.9158
vn 0.6414 0.2971 -0.7073
vn 0.2240 0.4536 0.8626
vn 0.0681 -0.9905 0.1194
vn -0.9310 0.2415 -0.2738
vn 0.6658 0.2684 -0.6962
vn 0.1322 0.5583 0.8190
vn 0.1275 -0.9642 0.2325
vn -0.9247 0.1369 -0.3551
vn -0.1693 -0.8988 0.4043
vn 0.9822 0.1878 -0.0026
vn -0.4697 0.7018 0.5355
vn -0.3443 0.0092 -0.9388
vn 0.4082 0.4616 -0.7876
vn 0.4039 0.3548 0.8432
vn 0.1709 -0.9833 -0.0632
vn -0.9860 0.1668 0.0075
vn 0.1266 0.6126 0.7802
vn -0.1550 0.5384 -0.8283
vn -0.7924 -0.5877 0.1635
vn 0.8164 -0.5658 -0.1158
vn -0.0554 0.9499 0.3077
vn 0.7265 -0.0856 -0.6818
vn -0.8734 -0.2713 -0.4045
vn 0.2032 -0.5928 0.7793
vn -0.2270 -0.7403 -0.6327
vn 0.0279 0.8657 -0.4998
vn 0.8926 -0.1789 0.4138
vn -0.6927 0.0527 0.7193
vn -0.9541 0.2246 -0.1981
vn 0.5381 0.8411 0.0548
vn 0.3601 -0.5824 -0.7288
vn 0.0532 -0.4867 0.8720
vn 0.9883 -0.1523 -0.0114
vn -0.2379 0.6887 -0.6849
vn -0.2779 0.3209 0.9054
vn -0.4704 -0.8568 -0.2115
vn -0.3954 -0.2650 -0.8795
vn -0.4990 0.7852 0.3667
vn 0.9609 0.2464 -0.1264
vn -0.0656 -0.7654 0.6402
vn 0.2207 0.1916 0.9563
vn 0.0133 0.8525 -0.5225
vn -0.9094 -0.4124 -0.0544
vn 0.6766 -0.6319 -0.3779
vn 0.5075 0.1241 -0.8527
vn -0.9358 0.3324 -0.1178
vn 0.4456 0.5127 0.7339
vn -0.0174 -0.9711 0.2379
vn -0.6017 -0.2987 0.7408
vn -0.0900 0.9883 -0.1235
vn -0.2548 -0.4672 -0.8467
vn 0.9467 -0.2235 0.2320
vn 0.6127 0.3384 -0.7142
vn -0.9468 0.2033 -0.2494
vn 0.2198 0.4455 0.8679
vn 0.1163 -0.9887 0.0949
vn -0.6812 -0.4512 0.5765
vn -0.2225 0.9713 -0.0843
vn 0.0010 -0.4218 -0.9067
vn 0.9047 -0.0969 0.4149
vn 0.7533 0.6495 -0.1033
vn -0.7009 0.1916 -0.6870
vn -0.3949 0.0897 0.9144
vn 0.3445 -0.9306 -0.1240
vn -0.8379 -0.4455 0.3154
vn -0.1631 0.9809 -0.1064
vn 0.2735 -0.3929 -0.8780
vn 0.7277 -0.1446 0.6705
vn -0.0756 0.5259 0.8472
vn 0.2415 0.6111 -0.7538
vn -0.8763 -0.4400 -0.1963
vn 0.7101 -0.6963 0.1043
vn 0.4080 -0.4407 -0.7996
vn -0.6790 0.6708 -0.2984
vn 0.7157 0.4584 0.5269
vn -0.4446 -0.6881 0.5735
vn 0.4527 -0.2675 -0.8506
vn -0.8655 0.4546 -0.2104
vn 0.5922 0.6262 0.5071
vn -0.1812 -0.8133 0.5529
vn -0.7985 -0.5979 0.0703
vn -0.2542 0.9284 0.2710
vn 0.3297 0.0061 -0.9441
vn 0.7238 -0.3368 0.6023
vn -0.3642 -0.1209 -0.9235
vn -0.7452 0.2278 0.6268
vn 0.6714 0.7410 -0.0013
vn 0.4370 -0.8481 0.2996
vn 0.1585 -0.6583 0.7359
vn -0.2201 0.8936 0.3912
vn -0.7625 -0.3118 -0.5669
vn 0.8237 0.0759 -0.5619
vn -0.6783 -0.5940 0.4326
vn 0.6043 0.3780 0.7014
vn -0.4661 0.7447 -0.4776
vn 0.5380 -0.5306 -0.6550
vn 0.7442 0.4486 -0.4949
vn -0.2937 0.5807 0.7593
vn 0.3176 -0.8788 0.3562
vn -0.7695 -0.1495 -0.6209
vn -0.6312 -0.4814 0.6081
vn 0.8383 0.2229 0.4975
vn -0.4269 0.8436 -0.3258
vn 0.2175 -0.5874 -0.7796
vn 0.7455 0.4091 -0.5262
vn -0.1013 0.4846 0.8689
vn 0.2078 -0.9624 0.1750
vn -0.8527 0.0683 -0.5179
vn -0.8336 -0.2934 0.4681
vn 0.7972 -0.3728 0.4748
vn 0.0509 0.9987 0.0022
vn -0.0137 -0.3309 -0.9436
vn 0.7639 -0.3159 -0.5627
vn 0.3564 0.4875 0.7971
vn -0.5409 -0.7849 0.3022
vn -0.5778 0.6165 -0.5348
vn -0.7348 0.2447 0.6327
vn 0.6114 -0.6606 0.4355
vn 0.5139 0.8231 -0.2419
vn -0.3896 -0.4057 -0.8268
vn 0.7970 -0.2482 -0.5507
vn 0.3021 0.4441 0.8435
vn -0.5181 -0.8251 0.2251
vn -0.5799 0.6270 -0.5202
vn 0.5605 0.7585 -0.3325
vn -0.4053 0.2460 0.8805
vn 0.5710 -0.8133 0.1120
vn -0.7278 -0.1913 -0.6586
vn -0.0112 0.9615 -0.2745
vn -0.7811 -0.1856 0.5962
vn 0.8481 -0.1962 0.4922
vn -0.0565 -0.5790 -0.8134
vn -0.3073 0.7895 0.5313
vn -0.3912 0.0456 -0.9192
vn -0.3012 -0.8419 0.4478
vn 0.9981 0.0065 -0.0605
vn 0.6866 -0.5728 -0.4477
vn -0.9144 -0.2960 -0.2761
vn 0.1369 0.9540 -0.2665
vn 0.0919 -0.0860 0.9921
vn -0.7294 0.5036 0.4630
vn -0.0914 0.1113 -0.9896
vn -0.0655 -0.9698 0.2349
vn 0.8873 0.3549 0.2944
vn 0.7546 0.4447 -0.4826
vn -0.3478 -0.7565 -0.5539
vn -0.7324 0.6621 0.1590
vn 0.3256 -0.3512 0.8779
vn -0.3146 -0.8212 0.4761
vn -0.6545 0.2420 -0.7163
vn 0.8956 -0.1746 -0.4092
vn 0.0750 0.7560 0.6503
vn 0.4956 0.6715 -0.5509
vn -0.0645 -0.8620 -0.5028
vn -0.9184 0.3450 0.1938
vn 0.4859 -0.1546 0.8602
vn -0.2963 -0.7711 0.5636
vn -0.5608 0.0446 -0.8267
vn 0.9590 -0.1220 -0.2558
vn -0.1021 0.8488 0.5187
vn 0.3407 0.7089 -0.6176
vn -0.0082 -0.8808 -0.4734
vn -0.9283 0.2310 0.2913
vn 0.5956 -0.0584 0.8011
vn 0.2479 -0.8209 0.5144
vn -0.8750 -0.1456 -0.4617
vn 0.7067 0.1944 -0.6803
vn -0.0774 0.7738 0.6287
vn -0.7001 0.6932 0.1714
vn -0.0267 -0.2706 -0.9623
vn -0.1735 -0.7990 0.5758
vn 0.9017 0.3762 0.2129
vn 0.8701 0.1086 -0.4808
vn -0.4864 -0.7916 -0.3699
vn -0.5566 0.8211 -0.1267
vn 0.1729 -0.1403 0.9749
vn 0.7159 0.2390 -0.6560
vn -0.0912 -0.9949 0.0432
vn -0.8693 0.3993 -0.2914
vn 0.2450 0.3546 0.9023
vn -0.1189 -0.4610 -0.8794
vn 0.8425 -0.3195 0.4338
vn -0.7779 -0.2076 0.5931
vn 0.0530 0.9876 -0.1476
vn 0.7475 0.5152 -0.4193
vn 0.0180 0.1322 0.9911
vn 0.1088 -0.9714 -0.2112
vn -0.8728 0.3250 -0.3641
vn 0.4350 -0.7649 0.4751
vn 0.4903 0.8455 0.2116
vn -0.9512 0.0777 0.2987
vn 0.0282 -0.1602 -0.9867
vn 0.0110 0.7690 -0.6392
vn -0.5003 0.2587 0.8263
vn 0.9393 -0.2421 0.2430
vn -0.4479 -0.7842 -0.4294
vn -0.2661 -0.7787 0.5682
vn 0.5614 0.6319 0.5343
vn -0.8202 0.4755 -0.3182
vn 0.5255 -0.3281 -0.7850
vn 0.4709 0.7004 -0.5364
vn -0.5095 0.4330 0.7436
vn 0.6715 -0.6335 0.3845
vn -0.6331 -0.4995 -0.5914
vn -0.6537 -0.5685 0.4994
vn 0.7267 0.2939 0.6209
vn -0.4705 0.8026 -0.3667
vn 0.3961 -0.5261 -0.7526
vn 0.6403 0.6192 -0.4546
vn -0.3398 0.4309 0.8359
vn 0.4659 -0.8546 0.2293
vn -0.7668 -0.1963 -0.6111
vn -0.9939 0.0581 0.0938
vn 0.3999 -0.2777 0.8735
vn 0.3662 0.8917 -0.2660
vn 0.2304 -0.6741 -0.7018
vn -0.9057 -0.3983 0.1454
vn 0.6789 -0.5073 0.5308
vn -0.0041 0.9558 0.2939
vn 0.2317 -0.0503 -0.9715
vn 0.9457 0.3242 -0.0209
vn -0.3473 0.0437 0.9367
vn -0.0374 -0.9455 -0.3236
vn -0.5625 0.5790 -0.5902
vn 0.5266 0.6496 -0.5484
vn -0.2585 0.4294 0.8653
vn 0.5554 -0.8114 0.1820
vn -0.8236 -0.2669 -0.5005
vn -0.3357 0.0901 0.9377
vn 0.9804 -0.1964 0.0166
vn -0.1600 0.8531 -0.4966
vn -0.4830 -0.7458 -0.4588
vn -0.2424 -0.4887 0.8381
vn 0.6471 -0.5449 -0.5332
vn 0.4210 0.8752 0.2382
vn -0.8245 0.1599 -0.5428
vn -0.6194 -0.1641 -0.7677
vn 0.9430 0.0378 -0.3307
vn -0.0912 -0.7431 0.6629
vn -0.2337 0.8696 0.4349
vn 0.7219 0.3092 0.6191
vn 0.1232 -0.9728 -0.1962
vn 0.0459 0.5210 -0.8523
vn -0.8912 0.1426 0.4307
vn -0.5871 -0.2429 -0.7722
vn 0.9544 -0.1721 -0.2440
vn -0.2435 -0.5531 0.7968
vn -0.1232 0.9678 0.2193
vn 0.6663 -0.0037 0.7457
vn 0.0617 -0.8597 -0.5071
vn 0.1948 0.7643 -0.6147
vn -0.9213 0.1011 0.3755
vn 0.1769 -0.6710 0.7201
vn -0.5920 -0.4056 -0.6964
vn 0.8642 0.2791 -0.4186
vn -0.4497 0.8007 0.3958
vn -0.9130 0.4063 0.0367
vn 0.2838 -0.1018 -0.9535
vn -0.0164 -0.8982 0.4394
vn 0.6475 0.5925 0.4792
vn 0.9612 0.0403 -0.2730
vn -0.3830 -0.8881 -0.2540
vn -0.5087 0.7260 -0.4627
vn -0.0691 0.1238 0.9899
vn -0.8357 -0.2024 0.5106
vn -0.1172 -0.2735 -0.9547
vn 0.7649 -0.5037 0.4015
vn 0.1864 0.9815 0.0435
vn 0.6800 0.2540 -0.6878
vn -0.0731 -0.9965 0.0410
vn -0.8872 0.3894 -0.2474
vn 0.2792 0.3535 0.8928
vn -0.6581 0.1337 -0.7410
vn 0.7268 -0.6149 -0.3060
vn -0.4633 -0.4014 0.7901
vn 0.3961 0.8817 0.2564
vn 0.4072 0.5390 -0.7373
vn 0.7236 -0.3697 0.5829
vn -0.5282 -0.7542 -0.3900
vn -0.6039 0.5827 0.5437
vn -0.3111 -0.3291 0.8916
vn 0.7027 -0.6163 -0.3555
vn 0.3822 0.9188 0.0985
vn -0.7726 0.0260 -0.6344
vn -0.1796 -0.5715 -0.8007
vn 0.9217 0.3827 -0.0635
vn -0.0738 -0.5552 0.8284
vn -0.6670 0.7442 0.0355
vn 0.2829 0.4042 0.8698
vn 0.7505 -0.5452 -0.3735
vn -0.2354 0.7274 -0.6446
vn -0.7972 -0.5861 0.1449
vn 0.1319 -0.9870 0.0920
vn 0.2354 0.2818 -0.9301
vn 0.5894 0.4741 0.6541
vn -0.9557 0.2305 0.1830
vn -0.6517 -0.4916 -0.5776
vn 0.3089 0.8241 -0.4748
vn 0.7868 -0.5871 0.1906
vn -0.4443 0.2544 0.8590
vn -0.3557 0.8841 0.3030
vn 0.9914 0.0590 -0.1170
vn -0.4269 -0.2451 -0.8704
vn -0.2106 -0.6996 0.6829
vn 0.3498 -0.3810 0.8558
vn 0.5886 -0.2841 -0.7569
vn -0.0090 0.9981 0.0604
vn -0.9293 -0.3339 -0.1580
vn -0.3247 0.1271 -0.9372
vn 0.9318 0.3536 0.0822
vn -0.0072 -0.9741 0.2259
vn -0.6016 0.4918 0.6294
vn 0.3908 -0.7237 -0.5688
vn 0.1034 0.8810 -0.4616
vn 0.4756 0.0278 0.8792
vn -0.9711 -0.1847 0.1513
vn 0.8211 0.2841 -0.4951
vn -0.6908 -0.3091 -0.6537
vn -0.3585 0.7726 0.5241
vn 0.2260 -0.7463 0.6260
vn -0.4354 0.6028 -0.6686
vn 0.6666 -0.5844 -0.4627
vn -0.6965 -0.5703 0.4355
vn 0.4616 0.5525 0.6941
vn -0.2495 -0.4660 -0.8489
vn 0.5292 0.8218 -0.2110
vn 0.5510 -0.6131 0.5661
vn -0.8307 0.2563 0.4943
vn 0.9374 -0.1196 -0.3271
vn -0.5733 0.3326 -0.7488
vn -0.0104 0.6654 0.7464
vn -0.3519 -0.8757 0.3308
vn 0.6106 0.0226 -0.7916
vn -0.5562 -0.8302 -0.0359
vn -0.5960 0.8029 -0.0154
vn 0.5423 0.0043 0.8401
vn -0.4362 -0.1033 0.8939
vn -0.6819 -0.1321 -0.7194
vn 0.7257 -0.6809 -0.0980
vn 0.3920 0.9169 -0.0750
vn -0.4648 0.8756 -0.1314
vn 0.2135 -0.4022 -0.8903
vn -0.5937 -0.6203 0.5126
vn 0.8483 0.1469 0.5088
vn 0.9543 0.2359 -0.1833
vn -0.1730 -0.9413 -0.2899
vn -0.6009 0.6179 -0.5071
vn -0.1791 0.0832 0.9803
vn -0.9858 -0.1435 -0.0870
vn 0.4556 -0.3079 -0.8352
vn 0.3463 -0.5225 0.7792
vn 0.1827 0.9727 0.1429
vn 0.8104 0.4992 -0.3067
vn 0.2494 -0.9480 0.1978
vn -0.6956 0.0187 -0.7182
vn -0.3629 0.4327 0.8252
vn 0.1005 -0.2911 0.9514
vn -0.2217 -0.7920 -0.5689
vn 0.8540 0.4120 -0.3176
vn -0.7385 0.6709 -0.0665
vn -0.8908 -0.0310 -0.4533
vn 0.7188 -0.1803 -0.6714
vn 0.0319 -0.6944 0.7189
vn 0.1381 0.9039 0.4048
vn 0.7647 0.6444 0.0086
vn 0.3509 -0.9285 -0.1218
vn -0.6171 0.2266 -0.7536
vn -0.4975 0.0582 0.8655
vn 0.2353 0.2975 -0.9253
vn 0.8154 -0.3575 0.4552
vn -0.6957 -0.7168 -0.0465
vn -0.3537 0.7777 0.5198
vn -0.4105 -0.2336 0.8814
vn 0.5853 -0.7513 -0.3049
vn 0.5511 0.8288 0.0970
vn -0.7226 0.1567 -0.6733
vn 0.2419 0.0431 -0.9693
vn 0.8289 0.0814 0.5534
vn -0.4473 -0.8736 0.1915
vn -0.6214 0.7510 0.2231
vn -0.1998 -0.6563 0.7275
vn 0.8110 -0.2964 -0.5045
vn 0.1670 0.9009 0.4007
vn -0.7797 0.0521 -0.6240
vn 0.0405 -0.4904 0.8706
vn 0.4746 -0.5310 -0.7020
vn 0.4425 0.8916 0.0964
vn -0.9550 0.1315 -0.2660
vn -0.2817 0.3673 -0.8864
vn 0.9914 -0.1302 0.0083
vn -0.4490 -0.8800 0.1549
vn -0.2573 0.6419 0.7224
vn 0.6550 0.4828 0.5813
vn 0.2487 -0.9674 -0.0486
vn 0.0153 0.3924 -0.9197
vn -0.9182 0.0895 0.3858
vn 0.9660 0.1820 -0.1834
vn -0.0782 -0.5887 0.8045
vn -0.4083 -0.4550 -0.7914
vn -0.4779 0.8617 0.1703
vn -0.8621 -0.5027 -0.0630
vn 0.7110 -0.6019 0.3636
vn -0.1176 0.7854 0.6077
vn 0.2706 0.3210 -0.9076
vn 0.8148 0.4178 -0.4020
vn 0.0072 0.1411 0.9900
vn -0.0047 -0.9802 -0.1980
vn -0.8175 0.4226 -0.3913
vn -0.8905 -0.2907 0.3500
vn 0.7206 -0.5238 0.4542
vn 0.1287 0.9746 0.1835
vn 0.0415 -0.1589 -0.9864
vn 0.6639 0.6273 0.4071
vn -0.5310 -0.4391 0.7247
vn 0.4810 -0.6984 -0.5299
vn -0.6131 0.5108 -0.6027
vn 0.5804 -0.7557 0.3033
vn -0.1679 0.6207 0.7658
vn -0.8704 -0.3622 -0.3335
vn 0.4582 0.4962 -0.7375
vn -0.9910 -0.0526 0.1234
vn 0.4558 -0.4346 0.7768
vn 0.2758 0.9595 -0.0570
vn 0.2586 -0.4710 -0.8434
vn -0.9294 0.2732 0.2484
vn 0.3683 -0.6016 0.7088
vn 0.5758 0.8136 -0.0815
vn -0.0169 -0.4846 -0.8746
s 0
f 5175//6881 5178//6881 5176//6881
f 5175//6882 5176//6882 5177//6882
f 5175//6883 5177//6883 5178//6883
f 5178//6884 5177//6884 5176//6884
f 5178//6885 5181//6885 5179//6885
f 5178//6886 5179//6886 5180//6886
f 5178//6887 5180//6887 5181//6887
f 5181//6888 5180//6888 5179//6888
f 5181//6889 5182//6889 5183//6889
f 5181//6890 5183//6890 5184//6890
f 5181//6891 5184//6891 5182//6891
f 5182//6892 5184//6892 5183//6892
f 5182//6893 5185//6893 5186//6893
f 5182//6894 5186//6894 5187//6894
f 5182//6895 5187//6895 5185//6895
f 5185//6896 5187//6896 5186//6896
f 5185//6897 5188//6897 5189//6897
f 5185//6898 5189//6898 5190//6898
f 5185//6899 5190//6899 5188//6899
f 5188//6900 5190//6900 5189//6900
f 5188//6901 5191//6901 5192//6901
f 5188//6902 5192//6902 5193//6902
f 5188//6903 5193//6903 5191//6903
f 5191//6904 5193//6904 5192//6904
f 5191//6905 5196//6905 5194//6905
f 5191//6906 5194//6906 5195//6906
f 5191//6907 5195//6907 5196//6907
f 5196//6908 5195//6908 5194//6908
f 5196//6909 5197//6909 5198//6909
f 5196//6910 5198//6910 5199//6910
f 5196//6911 5199//6911 5197//6911
f 5197//6912 5199//6912 5198//6912
f 5197//6913 5202//6913 5200//6913
f 5197//6914 5200//6914 5201//6914
f 5197//6915 5201//6915 5202//6915
f 5202//6916 5201//6916 5200//6916
f 5202//6917 5205//6917 5203//6917
f 5202//6918 5203//6918 5204//6918
f 5202//6919 5204//6919 5205//6919
f 5205//6920 5204//6920 5203//6920
f 5205//6921 5208//6921 5206//6921
f 5205//6922 5206//6922 5207//6922
f 5205//6923 5207//6923 5208//6923
f 5208//6924 5207//6924 5206//6924
f 5208//6925 5209//6925 5210//6925
f 5208//6926 5210//6926 5211//6926
f 5208//6927 5211//6927 5209//6927
f 5209//6928 5211//6928 5210//6928
f 5209//6929 5214//6929 5212//6929
f 5209//6930 5212//6930 5213//6930
f 5209//6931 5213//6931 5214//6931
f 5214//6932 5213//6932 5212//6932
f 5214//6933 5215//6933 5216//6933
f 5214//6934 5216//6934 5217//6934
f 5214//6935 5217//6935 5215//6935
f 5215//6936 5217//6936 5216//6936
f 5215//6937 5218//6937 5219//6937
f 5215//6938 5219//6938 5220//6938
f 5215//6939 5220//6939 5218//6939
f 5218//6940 5220//6940 5219//6940
f 5218//6941 5221//6941 5222//6941
f 5218//6942 5222//6942 5223//6942
f 5218//6943 5223//6943 5221//6943
f 5221//6944 5223//6944 5222//6944
f 5221//6945 5224//6945 5225//6945
f 5221//6946 5225//6946 5226//6946
f 5221//6947 5226//6947 5224//6947
f 5224//6948 5226//6948 5225//6948
f 5224//6949 5229//6949 5227//6949
f 5224//6950 5227//6950 5228//6950
f 5224//6951 5228//6951 5229//6951
f 5229//6952 5228//6952 5227//6952
f 5229//6953 5230//6953 5231//6953
f 5229//6954 5231//6954 5232//6954
f 5229//6955 5232//6955 5230//6955
f 5230//6956 5232//6956 5231//6956
f 5230//6957 5235//6957 5233//6957
f 5230//6958 5233//6958 5234//6958
f 5230//6959 5234//6959 5235//6959
f 5235//6960 5234//6960 5233//6960
f 5235//6961 5236//6961 5237//6961
f 5235//6962 5237//6962 5238//6962
f 5235//6963 5238//6963 5236//6963
f 5236//6964 5238//6964 5237//6964
f 5236//6965 5241//6965 5239//6965
f 5236//6966 5239//6966 5240//6966
f 5236//6967 5240//6967 5241//6967
f 5241//6968 5240//6968 5239//6968
f 5241//6969 5244//6969 5242//6969
f 5241//6970 5242//6970 5243//6970
f 5241//6971 5243//6971 5244//6971
f 5244//6972 5243//6972 5242//6972
f 5244//6973 5245//6973 5246//6973
f 5244//6974 5246//6974 5247//6974
f 5244//6975 5247//6975 5245//6975
f 5245//6976 5247//6976 5246//6976
f 5245//6977 5250//6977 5248//6977
f 5245//6978 5248//6978 5249//6978
f 5245//6979 5249//6979 5250//6979
f 5250//6980 5249//6980 5248//6980
f 5250//6981 5253//6981 5251//6981
f 5250//6982 5251//6982 5252//6982
f 5250//6983 5252//6983 5253//6983
f 5253//6984 5252//6984 5251//6984
f 5253//6985 5256//6985 5254//6985
f 5253//6986 5254//6986 5255//6986
f 5253//6987 5255//6987 5256//6987
f 5256//6988 5255//6988 5254//6988
f 5256//6989 5259//6989 5257//6989
f 5256//6990 5257//6990 5258//6990
f 5256//6991 5258//6991 5259//6991
f 5259//6992 5258//6992 5257//6992
f 5259//6993 5262//6993 5260//6993
f 5259//6994 5260//6994 5261//6994
f 5259//6995 5261//6995 5262//6995
f 5262//6996 5261//6996 5260//6996
f 5262//6997 5263//6997 5264//6997
f 5262//6998 5264//6998 5265//6998
f 5262//6999 5265//6999 5263//6999
f 5263//7000 5265//7000 5264//7000
f 5263//7001 5266//7001 5267//7001
f 5263//7002 5267//7002 5268//7002
f 5263//7003 5268//7003 5266//7003
f 5266//7004 5268//7004 5267//7004
f 5266//7005 5271//7005 5269//7005
f 5266//7006 5269//7006 5270//7006
f 5266//7007 5270//7007 5271//7007
f 5271//7008 5270//7008 5269//7008
f 5271//7009 5272//7009 5273//7009
f 5271//7010 5273//7010 5274//7010
f 5271//7011 5274//7011 5272//7011
f 5272//7012 5274//7012 5273//7012
f 5272//7013 5277//7013 5275//7013
f 5272//7014 5275//7014 5276//7014
f 5272//7015 5276//7015 5277//7015
f 5277//7016 5276//7016 5275//7016
f 5277//7017 5280//7017 5278//7017
f 5277//7018 5278//7018 5279//7018
f 5277//7019 5279//7019 5280//7019
f 5280//7020 5279//7020 5278//7020
f 5280//7021 5283//7021 5281//7021
f 5280//7022 5281//7022 5282//7022
f 5280//7023 5282//7023 5283//7023
f 5283//7024 5282//7024 5281//7024
f 5283//7025 5284//7025 5285//7025
f 5283//7026 5285//7026 5286//7026
f 5283//7027 5286//7027 5284//7027
f 5284//7028 5286//7028 5285//7028
f 5284//7029 5289//7029 5287//7029
f 5284//7030 5287//7030 5288//7030
f 5284//7031 5288//7031 5289//7031
f 5289//7032 5288//7032 5287//7032
f 5289//7033 5292//7033 5290//7033
f 5289//7034 5290//7034 5291//7034
f 5289//7035 5291//7035 5292//7035
f 5292//7036 5291//7036 5290//7036
f 5292//7037 5293//7037 5294//7037
f 5292//7038 5294//7038 5295//7038
f 5292//7039 5295//7039 5293//7039
f 5293//7040 5295//7040 5294//7040
f 5293//7041 5298//7041 5296//7041
f 5293//7042 5296//7042 5297//7042
f 5293//7043 5297//7043 5298//7043
f 5298//7044 5297//7044 5296//7044
f 5298//7045 5299//7045 5300//7045
f 5298//7046 5300//7046 5301//7046
f 5298//7047 5301//7047 5299//7047
f 5299//7048 5301//7048 5300//7048
f 5299//7049 5302//7049 5303//7049
f 5299//7050 5303//7050 5304//7050
f 5299//7051 5304//7051 5302//7051
f 5302//7052 5304//7052 5303//7052
f 5302//7053 5305//7053 5306//7053
f 5302//7054 5306//7054 5307//7054
f 5302//7055 5307//7055 5305//7055
f 5305//7056 5307//7056 5306//7056
f 5305//7057 5308//7057 5309//7057
f 5305//7058 5309//7058 5310//7058
f 5305//7059 5310//7059 5308//7059
f 5308//7060 5310//7060 5309//7060
f 5308//7061 5313//7061 5311//7061
f 5308//7062 5311//7062 5312//7062
f 5308//7063 5312//7063 5313//7063
f 5313//7064 5312//7064 5311//7064
f 5313//7065 5314//7065 5315//7065
f 5313//7066 5315//7066 5316//7066
f 5313//7067 5316//7067 5314//7067
f 5314//7068 5316//7068 5315//7068
f 5314//7069 5317//7069 5318//7069
f 5314//7070 5318//7070 5319//7070
f 5314//7071 5319//7071 5317//7071
f 5317//7072 5319//7072 5318//7072
f 5317//7073 5320//7073 5321//7073
f 5317//7074 5321//7074 5322//7074
f 5317//7075 5322//7075 5320//7075
f 5320//7076 5322//7076 5321//7076
f 5320//7077 5323//7077 5324//7077
f 5320//7078 5324//7078 5325//7078
f 5320//7079 5325//7079 5323//7079
f 5323//7080 5325//7080 5324//7080
f 5323//7081 5328//7081 5326//7081
f 5323//7082 5326//7082 5327//7082
f 5323//7083 5327//7083 5328//7083
f 5328//7084 5327//7084 5326//7084
f 5328//7085 5329//7085 5330//7085
f 5328//7086 5330//7086 5331//7086
f 5328//7087 5331//7087 5329//7087
f 5329//7088 5331//7088 5330//7088
f 5329//7089 5334//7089 5332//7089
f 5329//7090 5332//7090 5333//7090
f 5329//7091 5333//7091 5334//7091
f 5334//7092 5333//7092 5332//7092
f 5334//7093 5337//7093 5335//7093
f 5334//7094 5335//7094 5336//7094
f 5334//7095 5336//7095 5337//7095
f 5337//7096 5336//7096 5335//7096
f 5337//7097 5340//7097 5338//7097
f 5337//7098 5338//7098 5339//7098
f 5337//7099 5339//7099 5340//7099
f 5340//7100 5339//7100 5338//7100
f 5340//7101 5341//7101 5342//7101
f 5340//7102 5342//7102 5343//7102
f 5340//7103 5343//7103 5341//7103
f 5341//7104 5343//7104 5342//7104
f 5341//7105 5344//7105 5345//7105
f 5341//7106 5345//7106 5346//7106
f 5341//7107 5346//7107 5344//7107
f 5344//7108 5346//7108 5345//7108
f 5344//7109 5349//7109 5347//7109
f 5344//7110 5347//7110 5348//7110
f 5344//7111 5348//7111 5349//7111
f 5349//7112 5348//7112 5347//7112
f 5349//7113 5352//7113 5350//7113
f 5349//7114 5350//7114 5351//7114
f 5349//7115 5351//7115 5352//7115
f 5352//7116 5351//7116 5350//7116
f 5352//7117 5353//7117 5354//7117
f 5352//7118 5354//7118 5355//7118
f 5352//7119 5355//7119 5353//7119
f 5353//7120 5355//7120 5354//7120
f 5353//7121 5356//7121 5357//7121
f 5353//7122 5357//7122 5358//7122
f 5353//7123 5358//7123 5356//7123
f 5356//7124 5358//7124 5357//7124
f 5356//7125 5359//7125 5360//7125
f 5356//7126 5360//7126 5361//7126
f 5356//7127 5361//7127 5359//7127
f 5359//7128 5361//7128 5360//7128
f 5359//7129 5364//7129 5362//7129
f 5359//7130 5362//7130 5363//7130
f 5359//7131 5363//7131 5364//7131
f 5364//7132 5363//7132 5362//7132
f 5364//7133 5367//7133 5365//7133
f 5364//7134 5365//7134 5366//7134
f 5364//7135 5366//7135 5367//7135
f 5367//7136 5366//7136 5365//7136
f 5367//7137 5368//7137 5369//7137
f 5367//7138 5369//7138 5370//7138
f 5367//7139 5370//7139 5368//7139
f 5368//7140 5370//7140 5369//7140
f 5368//7141 5371//7141 5372//7141
f 5368//7142 5372//7142 5373//7142
f 5368//7143 5373//7143 5371//7143
f 5371//7144 5373//7144 5372//7144
f 5371//7145 5374//7145 5375//7145
f 5371//7146 5375//7146 5376//7146
f 5371//7147 5376//7147 5374//7147
f 5374//7148 5376//7148 5375//7148
f 5374//7149 5379//7149 5377//7149
f 5374//7150 5377//7150 5378//7150
f 5374//7151 5378//7151 5379//7151
f 5379//7152 5378//7152 5377//7152
f 5379//7153 5380//7153 5381//7153
f 5379//7154 5381//7154 5382//7154
f 5379//7155 5382//7155 5380//7155
f 5380//7156 5382//7156 5381//7156
f 5380//7157 5383//7157 5384//7157
f 5380//7158 5384//7158 5385//7158
f 5380//7159 5385//7159 5383//7159
f 5383//7160 5385//7160 5384//7160
f 5383//7161 5388//7161 5386//7161
f 5383//7162 5386//7162 5387//7162
f 5383//7163 5387//7163 5388//7163
f 5388//7164 5387//7164 5386//7164
f 5388//7165 5391//7165 5389//7165
f 5388//7166 5389//7166 5390//7166
f 5388//7167 5390//7167 5391//7167
f 5391//7168 5390//7168 5389//7168
f 5391//7169 5392//7169 5393//7169
f 5391//7170 5393//7170 5394//7170
f 5391//7171 5394//7171 5392//7171
f 5392//7172 5394//7172 5393//7172
f 5392//7173 5397//7173 5395//7173
f 5392//7174 5395//7174 5396//7174
f 5392//7175 5396//7175 5397//7175
f 5397//7176 5396//7176 5395//7176
f 5397//7177 5400//7177 5398//7177
f 5397//7178 5398//7178 5399//7178
f 5397//7179 5399//7179 5400//7179
f 5400//7180 5399//7180 5398//7180
f 5400//7181 5401//7181 5402//7181
f 5400//7182 5402//7182 5403//7182
f 5400//7183 5403//7183 5401//7183
f 5401//7184 5403//7184 5402//7184
f 5401//7185 5404//7185 5405//7185
f 5401//7186 5405//7186 5406//7186
f 5401//7187 5406//7187 5404//7187
f 5404//7188 5406//7188 5405//7188
f 5404//7189 5407//7189 5408//7189
f 5404//7190 5408//7190 5409//7190
f 5404//7191 5409//7191 5407//7191
f 5407//7192 5409//7192 5408//7192
f 5407//7193 5410//7193 5411//7193
f 5407//7194 5411//7194 5412//7194
f 5407//7195 5412//7195 5410//7195
f 5410//7196 5412//7196 5411//7196
f 5410//7197 5413//7197 5414//7197
f 5410//7198 5414//7198 5415//7198
f 5410//7199 5415//7199 5413//7199
f 5413//7200 5415//7200 5414//7200
f 5413//7201 5416//7201 5417//7201
f 5413//7202 5417//7202 5418//7202
f 5413//7203 5418//7203 5416//7203
f 5416//7204 5418//7204 5417//7204
f 5416//7205 5419//7205 5420//7205
f 5416//7206 5420//7206 5421//7206
f 5416//7207 5421//7207 5419//7207
f 5419//7208 5421//7208 5420//7208
f 5419//7209 5424//7209 5422//7209
f 5419//7210 5422//7210 5423//7210
f 5419//7211 5423//7211 5424//7211
f 5424//7212 5423//7212 5422//7212
f 5424//7213 5425//7213 5426//7213
f 5424//7214 5426//7214 5427//7214
f 5424//7215 5427//7215 5425//7215
f 5425//7216 5427//7216 5426//7216
f 5425//7217 5428//7217 5429//7217
f 5425//7218 5429//7218 5430//7218
f 5425//7219 5430//7219 5428//7219
f 5428//7220 5430//7220 5429//7220
f 5428//7221 5433//7221 5431//7221
f 5428//7222 5431//7222 5432//7222
f 5428//7223 5432//7223 5433//7223
f 5433//7224 5432//7224 5431//7224
f 5433//7225 5436//7225 5434//7225
f 5433//7226 5434//7226 5435//7226
f 5433//7227 5435//7227 5436//7227
f 5436//7228 5435//7228 5434//7228
f 5436//7229 5437//7229 5438//7229
f 5436//7230 5438//7230 5439//7230
f 5436//7231 5439//7231 5437//7231
f 5437//7232 5439//7232 5438//7232
f 5437//7233 5440//7233 5441//7233
f 5437//7234 5441//7234 5442//7234
f 5437//7235 5442//7235 5440//7235
f 5440//7236 5442//7236 5441//7236
f 5440//7237 5443//7237 5444//7237
f 5440//7238 5444//7238 5445//7238
f 5440//7239 5445//7239 5443//7239
f 5443//7240 5445//7240 5444//7240
f 5443//7241 5446//7241 5447//7241
f 5443//7242 5447//7242 5448//7242
f 5443//7243 5448//7243 5446//7243
f 5446//7244 5448//7244 5447//7244
f 5446//7245 5449//7245 5450//7245
f 5446//7246 5450//7246 5451//7246
f 5446//7247 5451//7247 5449//7247
f 5449//7248 5451//7248 5450//7248
f 5449//7249 5452//7249 5453//7249
f 5449//7250 5453//7250 5454//7250
f 5449//7251 5454//7251 5452//7251
f 5452//7252 5454//7252 5453//7252
f 5455//7253 5456//7253 5457//7253
f 5455//7254 5457//7254 5458//7254
f 5455//7255 5458//7255 5456//7255
f 5456//7256 5458//7256 5457//7256
f 5456//7257 5461//7257 5459//7257
f 5456//7258 5459//7258 5460//7258
f 5456//7259 5460//7259 5461//7259
f 5461//7260 5460//7260 5459//7260
f 5461//7261 5464//7261 5462//7261
f 5461//7262 5462//7262 5463//7262
f 5461//7263 5463//7263 5464//7263
f 5464//7264 5463//7264 5462//7264
f 5464//7265 5465//7265 5466//7265
f 5464//7266 5466//7266 5467//7266
f 5464//7267 5467//7267 5465//7267
f 5465//7268 5467//7268 5466//7268
f 5465//7269 5468//7269 5469//7269
f 5465//7270 5469//7270 5470//7270
f 5465//7271 5470//7271 5468//7271
f 5468//7272 5470//7272 5469//7272
f 5468//7273 5473//7273 5471//7273
f 5468//7274 5471//7274 5472//7274
f 5468//7275 5472//7275 5473//7275
f 5473//7276 5472//7276 5471//7276
f 5473//7277 5474//7277 5475//7277
f 5473//7278 5475//7278 5476//7278
f 5473//7279 5476//7279 5474//7279
f 5474//7280 5476//7280 5475//7280
f 5474//7281 5477//7281 5478//7281
f 5474//7282 5478//7282 5479//7282
f 5474//7283 5479//7283 5477//7283
f 5477//7284 5479//7284 5478//7284
f 5480//7285 5483//7285 5481//7285
f 5480//7286 5481//7286 5482//7286
f 5480//7287 5482//7287 5483//7287
f 5483//7288 5482//7288 5481//7288
f 5483//7289 5486//7289 5484//7289
f 5483//7290 5484//7290 5485//7290
f 5483//7291 5485//7291 5486//7291
f 5486//7292 5485//7292 5484//7292
f 5486//7293 5487//7293 5488//7293
f 5486//7294 5488//7294 5489//7294
f 5486//7295 5489//7295 5487//7295
f 5487//7296 5489//7296 5488//7296
f 5487//7297 5492//7297 5490//7297
f 5487//7298 5490//7298 5491//7298
f 5487//7299 5491//7299 5492//7299
f 5492//7300 5491//7300 5490//7300
f 5492//7301 5495//7301 5493//7301
f 5492//7302 5493//7302 5494//7302
f 5492//7303 5494//7303 5495//7303
f 5495//7304 5494//7304 5493//7304
f 5495//7305 5498//7305 5496//7305
f 5495//7306 5496//7306 5497//7306
f 5495//7307 5497//7307 5498//7307
f 5498//7308 5497//7308 5496//7308
f 5498//7309 5501//7309 5499//7309
f 5498//7310 5499//7310 5500//7310
f 5498//7311 5500//7311 5501//7311
f 5501//7312 5500//7312 5499//7312
f 5501//7313 5504//7313 5502//7313
f 5501//7314 5502//7314 5503//7314
f 5501//7315 5503//7315 5504//7315
f 5504//7316 5503//7316 5502//7316
f 5504//7317 5505//7317 5506//7317
f 5504//7318 5506//7318 5507//7318
f 5504//7319 5507//7319 5505//7319
f 5505//7320 5507//7320 5506//7320
f 5505//7321 5508//7321 5509//7321
f 5505//7322 5509//7322 5510//7322
f 5505//7323 5510//7323 5508//7323
f 5508//7324 5510//7324 5509//7324
f 5508//7325 5511//7325 5512//7325
f 5508//7326 5512//7326 5513//7326
f 5508//7327 5513//7327 5511//7327
f 5511//7328 5513//7328 5512//7328
f 5511//7329 5516//7329 5514//7329
f 5511//7330 5514//7330 5515//7330
f 5511//7331 5515//7331 5516//7331
f 5516//7332 5515//7332 5514//7332
f 5516//7333 5517//7333 5518//7333
f 5516//7334 5518//7334 5519//7334
f 5516//7335 5519//7335 5517//7335
f 5517//7336 5519//7336 5518//7336
f 5517//7337 5520//7337 5521//7337
f 5517//7338 5521//7338 5522//7338
f 5517//7339 5522//7339 5520//7339
f 5520//7340 5522//7340 5521//7340
f 5520//7341 5525//7341 5523//7341
f 5520//7342 5523//7342 5524//7342
f 5520//7343 5524//7343 5525//7343
f 5525//7344 5524//7344 5523//7344
f 5525//7345 5526//7345 5527//7345
f 5525//7346 5527//7346 5528//7346
f 5525//7347 5528//7347 5526//7347
f 5526//7348 5528//7348 5527//7348
f 5526//7349 5531//7349 5529//7349
f 5526//7350 5529//7350 5530//7350
f 5526//7351 5530//7351 5531//7351
f 5531//7352 5530//7352 5529//7352
f 5531//7353 5532//7353 5533//7353
f 5531//7354 5533//7354 5534//7354
f 5531//7355 5534//7355 5532//7355
f 5532//7356 5534//7356 5533//7356
f 5532//7357 5537//7357 5535//7357
f 5532//7358 5535//7358 5536//7358
f 5532//7359 5536//7359 5537//7359
f 5537//7360 5536//7360 5535//7360
f 5537//7361 5540//7361 5538//7361
f 5537//7362 5538//7362 5539//7362
f 5537//7363 5539//7363 5540//7363
f 5540//7364 5539//7364 5538//7364
f 5540//7365 5543//7365 5541//7365
f 5540//7366 5541//7366 5542//7366
f 5540//7367 5542//7367 5543//7367
f 5543//7368 5542//7368 5541//7368
f 5543//7369 5546//7369 5544//7369
f 5543//7370 5544//7370 5545//7370
f 5543//7371 5545//7371 5546//7371
f 5546//7372 5545//7372 5544//7372
f 5546//7373 5547//7373 5548//7373
f 5546//7374 5548//7374 5549//7374
f 5546//7375 5549//7375 5547//7375
f 5547//7376 5549//7376 5548//7376
f 5547//7377 5552//7377 5550//7377
f 5547//7378 5550//7378 5551//7378
f 5547//7379 5551//7379 5552//7379
f 5552//7380 5551//7380 5550//7380
f 5552//7381 5555//7381 5553//7381
f 5552//7382 5553//7382 5554//7382
f 5552//7383 5554//7383 5555//7383
f 5555//7384 5554//7384 5553//7384
f 5555//7385 5556//7385 5557//7385
f 5555//7386 5557//7386 5558//7386
f 5555//7387 5558//7387 5556//7387
f 5556//7388 5558//7388 5557//7388
f 5556//7389 5559//7389 5560//7389
f 5556//7390 5560//7390 5561//7390
f 5556//7391 5561//7391 5559//7391
f 5559//7392 5561//7392 5560//7392
f 5559//7393 5564//7393 5562//7393
f 5559//7394 5562//7394 5563//7394
f 5559//7395 5563//7395 5564//7395
f 5564//7396 5563//7396 5562//7396
f 5564//7397 5567//7397 5565//7397
f 5564//7398 5565//7398 5566//7398
f 5564//7399 5566//7399 5567//7399
f 5567//7400 5566//7400 5565//7400
f 5567//7401 5570//7401 5568//7401
f 5567//7402 5568//7402 5569//7402
f 5567//7403 5569//7403 5570//7403
f 5570//7404 5569//7404 5568//7404
f 5570//7405 5571//7405 5572//7405
f 5570//7406 5572//7406 5573//7406
f 5570//7407 5573//7407 5571//7407
f 5571//7408 5573//7408 5572//7408
f 5571//7409 5576//7409 5574//7409
f 5571//7410 5574//7410 5575//7410
f 5571//7411 5575//7411 5576//7411
f 5576//7412 5575//7412 5574//7412
f 5576//7413 5577//7413 5578//7413
f 5576//7414 5578//7414 5579//7414
f 5576//7415 5579//7415 5577//7415
f 5577//7416 5579//7416 5578//7416
f 5577//7417 5580//7417 5581//7417
f 5577//7418 5581//7418 5582//7418
f 5577//7419 5582//7419 5580//7419
f 5580//7420 5582//7420 5581//7420
f 5580//7421 5585//7421 5583//7421
f 5580//7422 5583//7422 5584//7422
f 5580//7423 5584//7423 5585//7423
f 5585//7424 5584//7424 5583//7424
f 5585//7425 5588//7425 5586//7425
f 5585//7426 5586//7426 5587//7426
f 5585//7427 5587//7427 5588//7427
f 5588//7428 5587//7428 5586//7428
f 5588//7429 5589//7429 5590//7429
f 5588//7430 5590//7430 5591//7430
f 5588//7431 5591//7431 5589//7431
f 5589//7432 5591//7432 5590//7432
f 5589//7433 5592//7433 5593//7433
f 5589//7434 5593//7434 5594//7434
f 5589//7435 5594//7435 5592//7435
f 5592//7436 5594//7436 5593//7436
f 5592//7437 5597//7437 5595//7437
f 5592//7438 5595//7438 5596//7438
f 5592//7439 5596//7439 5597//7439
f 5597//7440 5596//7440 5595//7440
f 5597//7441 5600//7441 5598//7441
f 5597//7442 5598//7442 5599//7442
f 5597//7443 5599//7443 5600//7443
f 5600//7444 5599//7444 5598//7444
f 5600//7445 5603//7445 5601//7445
f 5600//7446 5601//7446 5602//7446
f 5600//7447 5602//7447 5603//7447
f 5603//7448 5602//7448 5601//7448
f 5603//7449 5604//7449 5605//7449
f 5603//7450 5605//7450 5606//7450
f 5603//7451 5606//7451 5604//7451
f 5604//7452 5606//7452 5605//7452
f 5604//7453 5607//7453 5608//7453
f 5604//7454 5608//7454 5609//7454
f 5604//7455 5609//7455 5607//7455
f 5607//7456 5609//7456 5608//7456
f 5607//7457 5612//7457 5610//7457
f 5607//7458 5610//7458 5611//7458
f 5607//7459 5611//7459 5612//7459
f 5612//7460 5611//7460 5610//7460
f 5612//7461 5613//7461 5614//7461
f 5612//7462 5614//7462 5615//7462
f 5612//7463 5615//7463 5613//7463
f 5613//7464 5615//7464 5614//7464
f 5613//7465 5618//7465 5616//7465
f 5613//7466 5616//7466 5617//7466
f 5613//7467 5617//7467 5618//7467
f 5618//7468 5617//7468 5616//7468
f 5618//7469 5621//7469 5619//7469
f 5618//7470 5619//7470 5620//7470
f 5618//7471 5620//7471 5621//7471
f 5621//7472 5620//7472 5619//7472
f 5621//7473 5624//7473 5622//7473
f 5621//7474 5622//7474 5623//7474
f 5621//7475 5623//7475 5624//7475
f 5624//7476 5623//7476 5622//7476
f 5624//7477 5627//7477 5625//7477
f 5624//7478 5625//7478 5626//7478
f 5624//7479 5626//7479 5627//7479
f 5627//7480 5626//7480 5625//7480
f 5627//7481 5628//7481 5629//7481
f 5627//7482 5629//7482 5630//7482
f 5627//7483 5630//7483 5628//7483
f 5628//7484 5630//7484 5629//7484
f 5628//7485 5631//7485 5632//7485
f 5628//7486 5632//7486 5633//7486
f 5628//7487 5633//7487 5631//7487
f 5631//7488 5633//7488 5632//7488
f 5631//7489 5634//7489 5635//7489
f 5631//7490 5635//7490 5636//7490
f 5631//7491 5636//7491 5634//7491
f 5634//7492 5636//7492 5635//7492
f 5634//7493 5637//7493 5638//7493
f 5634//7494 5638//7494 5639//7494
f 5634//7495 5639//7495 5637//7495
f 5637//7496 5639//7496 5638//7496
f 5637//7497 5640//7497 5641//7497
f 5637//7498 5641//7498 5642//7498
f 5637//7499 5642//7499 5640//7499
f 5640//7500 5642//7500 5641//7500
f 5640//7501 5645//7501 5643//7501
f 5640//7502 5643//7502 5644//7502
f 5640//7503 5644//7503 5645//7503
f 5645//7504 5644//7504 5643//7504
f 5645//7505 5646//7505 5647//7505
f 5645//7506 5647//7506 5648//7506
f 5645//7507 5648//7507 5646//7507
f 5646//7508 5648//7508 5647//7508
f 5646//7509 5649//7509 5650//7509
f 5646//7510 5650//7510 5651//7510
f 5646//7511 5651//7511 5649//7511
f 5649//7512 5651//7512 5650//7512
f 5649//7513 5652//7513 5653//7513
f 5649//7514 5653//7514 5654//7514
f 5649//7515 5654//7515 5652//7515
f 5652//7516 5654//7516 5653//7516
f 5652//7517 5655//7517 5656//7517
f 5652//7518 5656//7518 5657//7518
f 5652//7519 5657//7519 5655//7519
f 5655//7520 5657//7520 5656//7520
f 5655//7521 5658//7521 5659//7521
f 5655//7522 5659//7522 5660//7522
f 5655//7523 5660//7523 5658//7523
f 5658//7524 5660//7524 5659//7524
f 5658//7525 5663//7525 5661//7525
f 5658//7526 5661//7526 5662//7526
f 5658//7527 5662//7527 5663//7527
f 5663//7528 5662//7528 5661//7528
f 5663//7529 5666//7529 5664//7529
f 5663//7530 5664//7530 5665//7530
f 5663//7531 5665//7531 5666//7531
f 5666//7532 5665//7532 5664//7532
f 5666//7533 5667//7533 5668//7533
f 5666//7534 5668//7534 5669//7534
f 5666//7535 5669//7535 5667//7535
f 5667//7536 5669//7536 5668//7536
f 5667//7537 5672//7537 5670//7537
f 5667//7538 5670//7538 5671//7538
f 5667//7539 5671//7539 5672//7539
f 5672//7540 5671//7540 5670//7540
f 5672//7541 5673//7541 5674//7541
f 5672//7542 5674//7542 5675//7542
f 5672//7543 5675//7543 5673//7543
f 5673//7544 5675//7544 5674//7544
f 5673//7545 5676//7545 5677//7545
f 5673//7546 5677//7546 5678//7546
f 5673//7547 5678//7547 5676//7547
f 5676//7548 5678//7548 5677//7548
f 5676//7549 5679//7549 5680//7549
f 5676//7550 5680//7550 5681//7550
f 5676//7551 5681//7551 5679//7551
f 5679//7552 5681//7552 5680//7552
f 5679//7553 5684//7553 5682//7553
f 5679//7554 5682//7554 5683//7554
f 5679//7555 5683//7555 5684//7555
f 5684//7556 5683//7556 5682//7556
f 5684//7557 5687//7557 5685//7557
f 5684//7558 5685//7558 5686//7558
f 5684//7559 5686//7559 5687//7559
f 5687//7560 5686//7560 5685//7560
f 5687//7561 5690//7561 5688//7561
f 5687//7562 5688//7562 5689//7562
f 5687//7563 5689//7563 5690//7563
f 5690//7564 5689//7564 5688//7564
f 5690//7565 5693//7565 5691//7565
f 5690//7566 5691//7566 5692//7566
f 5690//7567 5692//7567 5693//7567
f 5693//7568 5692//7568 5691//7568
f 5693//7569 5696//7569 5694//7569
f 5693//7570 5694//7570 5695//7570
f 5693//7571 5695//7571 5696//7571
f 5696//7572 5695//7572 5694//7572
f 5696//7573 5697//7573 5698//7573
f 5696//7574 5698//7574 5699//7574
f 5696//7575 5699//7575 5697//7575
f 5697//7576 5699//7576 5698//7576
f 5697//7577 5700//7577 5701//7577
f 5697//7578 5701//7578 5702//7578
f 5697//7579 5702//7579 5700//7579
f 5700//7580 5702//7580 5701//7580
f 5700//7581 5703//7581 5704//7581
f 5700//7582 5704//7582 5705//7582
f 5700//7583 5705//7583 5703//7583
f 5703//7584 5705//7584 5704//7584
f 5703//7585 5706//7585 5707//7585
f 5703//7586 5707//7586 5708//7586
f 5703//7587 5708//7587 5706//7587
f 5706//7588 5708//7588 5707//7588
f 5706//7589 5711//7589 5709//7589
f 5706//7590 5709//7590 5710//7590
f 5706//7591 5710//7591 5711//7591
f 5711//7592 5710//7592 5709//7592
f 5711//7593 5714//7593 5712//7593
f 5711//7594 5712//7594 5713//7594
f 5711//7595 5713//7595 5714//7595
f 5714//7596 5713//7596 5712//7596
f 5714//7597 5715//7597 5716//7597
f 5714//7598 5716//7598 5717//7598
f 5714//7599 5717//7599 5715//7599
f 5715//7600 5717//7600 5716//7600
f 5715//7601 5720//7601 5718//7601
f 5715//7602 5718//7602 5719//7602
f 5715//7603 5719//7603 5720//7603
f 5720//7604 5719//7604 5718//7604
f 5720//7605 5721//7605 5722//7605
f 5720//7606 5722//7606 5723//7606
f 5720//7607 5723//7607 5721//7607
f 5721//7608 5723//7608 5722//7608
f 5721//7609 5724//7609 5725//7609
f 5721//7610 5725//7610 5726//7610
f 5721//7611 5726//7611 5724//7611
f 5724//7612 5726//7612 5725//7612
f 5727//7613 5728//7613 5729//7613
f 5727//7614 5729//7614 5730//7614
f 5727//7615 5730//7615 5728//7615
f 5728//7616 5730//7616 5729//7616
f 5728//7617 5733//7617 5731//7617
f 5728//7618 5731//7618 5732//7618
f 5728//7619 5732//7619 5733//7619
f 5733//7620 5732//7620 5731//7620
f 5733//7621 5736//7621 5734//7621
f 5733//7622 5734//7622 5735//7622
f 5733//7623 5735//7623 5736//7623
f 5736//7624 5735//7624 5734//7624
f 5736//7625 5737//7625 5738//7625
f 5736//7626 5738//7626 5739//7626
f 5736//7627 5739//7627 5737//7627
f 5737//7628 5739//7628 5738//7628
f 5737//7629 5742//7629 5740//7629
f 5737//7630 5740//7630 5741//7630
f 5737//7631 5741//7631 5742//7631
f 5742//7632 5741//7632 5740//7632
f 5742//7633 5743//7633 5744//7633
f 5742//7634 5744//7634 5745//7634
f 5742//7635 5745//7635 5743//7635
f 5743//7636 5745//7636 5744//7636
f 5743//7637 5748//7637 5746//7637
f 5743//7638 5746//7638 5747//7638
f 5743//7639 5747//7639 5748//7639
f 5748//7640 5747//7640 5746//7640
f 5748//7641 5751//7641 5749//7641
f 5748//7642 5749//7642 5750//7642
f 5748//7643 5750//7643 5751//7643
f 5751//7644 5750//7644 5749//7644
f 5751//7645 5752//7645 5753//7645
f 5751//7646 5753//7646 5754//7646
f 5751//7647 5754//7647 5752//7647
f 5752//7648 5754//7648 5753//7648
f 5752//7649 5757//7649 5755//7649
f 5752//7650 5755//7650 5756//7650
f 5752//7651 5756//7651 5757//7651
f 5757//7652 5756//7652 5755//7652
f 5757//7653 5758//7653 5759//7653
f 5757//7654 5759//7654 5760//7654
f 5757//7655 5760//7655 5758//7655
f 5758//7656 5760//7656 5759//7656
f 5758//7657 5763//7657 5761//7657
f 5758//7658 5761//7658 5762//7658
f 5758//7659 5762//7659 5763//7659
f 5763//7660 5762//7660 5761//7660
f 5763//7661 5764//7661 5765//7661
f 5763//7662 5765//7662 5766//7662
f 5763//7663 5766//7663 5764//7663
f 5764//7664 5766//7664 5765//7664
f 5764//7665 5767//7665 5768//7665
f 5764//7666 5768//7666 5769//7666
f 5764//7667 5769//7667 5767//7667
f 5767//7668 5769//7668 5768//7668
f 5767//7669 5770//7669 5771//7669
f 5767//7670 5771//7670 5772//7670
f 5767//7671 5772//7671 5770//7671
f 5770//7672 5772//7672 5771//7672
f 5770//7673 5773//7673 5774//7673
f 5770//7674 5774//7674 5775//7674
f 5770//7675 5775//7675 5773//7675
f 5773//7676 5775//7676 5774//7676
f 5773//7677 5776//7677 5777//7677
f 5773//7678 5777//7678 5778//7678
f 5773//7679 5778//7679 5776//7679
f 5776//7680 5778//7680 5777//7680
f 5776//7681 5781//7681 5779//7681
f 5776//7682 5779//7682 5780//7682
f 5776//7683 5780//7683 5781//7683
f 5781//7684 5780//7684 5779//7684
f 5781//7685 5782//7685 5783//7685
f 5781//7686 5783//7686 5784//7686
f 5781//7687 5784//7687 5782//7687
f 5782//7688 5784//7688 5783//7688
f 5782//7689 5785//7689 5786//7689
f 5782//7690 5786//7690 5787//7690
f 5782//7691 5787//7691 5785//7691
f 5785//7692 5787//7692 5786//7692
f 5785//7693 5788//7693 5789//7693
f 5785//7694 5789//7694 5790//7694
f 5785//7695 5790//7695 5788//7695
f 5788//7696 5790//7696 5789//7696
f 5788//7697 5793//7697 5791//7697
f 5788//7698 5791//7698 5792//7698
f 5788//7699 5792//7699 5793//7699
f 5793//7700 5792//7700 5791//7700
f 5793//7701 5794//7701 5795//7701
f 5793//7702 5795//7702 5796//7702
f 5793//7703 5796//7703 5794//7703
f 5794//7704 5796//7704 5795//7704
f 5794//7705 5797//7705 5798//7705
f 5794//7706 5798//7706 5799//7706
f 5794//7707 5799//7707 5797//7707
f 5797//7708 5799//7708 5798//7708
f 5797//7709 5800//7709 5801//7709
f 5797//7710 5801//7710 5802//7710
f 5797//7711 5802//7711 5800//7711
f 5800//7712 5802//7712 5801//7712
f 5800//7713 5805//7713 5803//7713
f 5800//7714 5803//7714 5804//7714
f 5800//7715 5804//7715 5805//7715
f 5805//7716 5804//7716 5803//7716
f 5805//7717 5808//7717 5806//7717
f 5805//7718 5806//7718 5807//7718
f 5805//7719 5807//7719 5808//7719
f 5808//7720 5807//7720 5806//7720
f 5808//7721 5809//7721 5810//7721
f 5808//7722 5810//7722 5811//7722
f 5808//7723 5811//7723 5809//7723
f 5809//7724 5811//7724 5810//7724
f 5809//7725 5812//7725 5813//7725
f 5809//7726 5813//7726 5814//7726
f 5809//7727 5814//7727 5812//7727
f 5812//7728 5814//7728 5813//7728
f 5812//7729 5817//7729 5815//7729
f 5812//7730 5815//7730 5816//7730
f 5812//7731 5816//7731 5817//7731
f 5817//7732 5816//7732 5815//7732
f 5817//7733 5820//7733 5818//7733
f 5817//7734 5818//7734 5819//7734
f 5817//7735 5819//7735 5820//7735
f 5820//7736 5819//7736 5818//7736
f 5820//7737 5821//7737 5822//7737
f 5820//7738 5822//7738 5823//7738
f 5820//7739 5823//7739 5821//7739
f 5821//7740 5823//7740 5822//7740
f 5821//7741 5824//7741 5825//7741
f 5821//7742 5825//7742 5826//7742
f 5821//7743 5826//7743 5824//7743
f 5824//7744 5826//7744 5825//7744
f 5824//7745 5829//7745 5827//7745
f 5824//7746 5827//7746 5828//7746
f 5824//7747 5828//7747 5829//7747
f 5829//7748 5828//7748 5827//7748
f 5829//7749 5832//7749 5830//7749
f 5829//7750 5830//7750 5831//7750
f 5829//7751 5831//7751 5832//7751
f 5832//7752 5831//7752 5830//7752
f 5832//7753 5833//7753 5834//7753
f 5832//7754 5834//7754 5835//7754
f 5832//7755 5835//7755 5833//7755
f 5833//7756 5835//7756 5834//7756
f 5833//7757 5836//7757 5837//7757
f 5833//7758 5837//7758 5838//7758
f 5833//7759 5838//7759 5836//7759
f 5836//7760 5838//7760 5837//7760
f 5836//7761 5841//7761 5839//7761
f 5836//7762 5839//7762 5840//7762
f 5836//7763 5840//7763 5841//7763
f 5841//7764 5840//7764 5839//7764
f 5841//7765 5844//7765 5842//7765
f 5841//7766 5842//7766 5843//7766
f 5841//7767 5843//7767 5844//7767
f 5844//7768 5843//7768 5842//7768
f 5844//7769 5845//7769 5846//7769
f 5844//7770 5846//7770 5847//7770
f 5844//7771 5847//7771 5845//7771
f 5845//7772 5847//7772 5846//7772
f 5845//7773 5848//7773 5849//7773
f 5845//7774 5849//7774 5850//7774
f 5845//7775 5850//7775 5848//7775
f 5848//7776 5850//7776 5849//7776
f 5848//7777 5851//7777 5852//7777
f 5848//7778 5852//7778 5853//7778
f 5848//7779 5853//7779 5851//7779
f 5851//7780 5853//7780 5852//7780
f 5851//7781 5854//7781 5855//7781
f 5851//7782 5855//7782 5856//7782
f 5851//7783 5856//7783 5854//7783
f 5854//7784 5856//7784 5855//7784
f 5854//7785 5859//7785 5857//7785
f 5854//7786 5857//7786 5858//7786
f 5854//7787 5858//7787 5859//7787
f 5859//7788 5858//7788 5857//7788
f 5859//7789 5860//7789 5861//7789
f 5859//7790 5861//7790 5862//7790
f 5859//7791 5862//7791 5860//7791
f 5860//7792 5862//7792 5861//7792
f 5860//7793 5865//7793 5863//7793
f 5860//7794 5863//7794 5864//7794
f 5860//7795 5864//7795 5865//7795
f 5865//7796 5864//7796 5863//7796
f 5865//7797 5868//7797 5866//7797
f 5865//7798 5866//7798 5867//7798
f 5865//7799 5867//7799 5868//7799
f 5868//7800 5867//7800 5866//7800
f 5868//7801 5871//7801 5869//7801
f 5868//7802 5869//7802 5870//7802
f 5868//7803 5870//7803 5871//7803
f 5871//7804 5870//7804 5869//7804
f 5871//7805 5874//7805 5872//7805
f 5871//7806 5872//7806 5873//7806
f 5871//7807 5873//7807 5874//7807
f 5874//7808 5873//7808 5872//7808
f 5874//7809 5875//7809 5876//7809
f 5874//7810 5876//7810 5877//7810
f 5874//7811 5877//7811 5875//7811
f 5875//7812 5877//7812 5876//7812
f 5875//7813 5880//7813 5878//7813
f 5875//7814 5878//7814 5879//7814
f 5875//7815 5879//7815 5880//7815
f 5880//7816 5879//7816 5878//7816
f 5880//7817 5881//7817 5882//7817
f 5880//7818 5882//7818 5883//7818
f 5880//7819 5883//7819 5881//7819
f 5881//7820 5883//7820 5882//7820
f 5881//7821 5886//7821 5884//7821
f 5881//7822 5884//7822 5885//7822
f 5881//7823 5885//7823 5886//7823
f 5886//7824 5885//7824 5884//7824
f 5886//7825 5887//7825 5888//7825
f 5886//7826 5888//7826 5889//7826
f 5886//7827 5889//7827 5887//7827
f 5887//7828 5889//7828 5888//7828
f 5887//7829 5890//7829 5891//7829
f 5887//7830 5891//7830 5892//7830
f 5887//7831 5892//7831 5890//7831
f 5890//7832 5892//7832 5891//7832
f 5890//7833 5895//7833 5893//7833
f 5890//7834 5893//7834 5894//7834
f 5890//7835 5894//7835 5895//7835
f 5895//7836 5894//7836 5893//7836
f 5895//7837 5896//7837 5897//7837
f 5895//7838 5897//7838 5898//7838
f 5895//7839 5898//7839 5896//7839
f 5896//7840 5898//7840 5897//7840
f 5896//7841 5899//7841 5900//7841
f 5896//7842 5900//7842 5901//7842
f 5896//7843 5901//7843 5899//7843
f 5899//7844 5901//7844 5900//7844
f 5899//7845 5902//7845 5903//7845
f 5899//7846 5903//7846 5904//7846
f 5899//7847 5904//7847 5902//7847
f 5902//7848 5904//7848 5903//7848
f 5902//7849 5907//7849 5905//7849
f 5902//7850 5905//7850 5906//7850
f 5902//7851 5906//7851 5907//7851
f 5907//7852 5906//7852 5905//7852
f 5907//7853 5908//7853 5909//7853
f 5907//7854 5909//7854 5910//7854
f 5907//7855 5910//7855 5908//7855
f 5908//7856 5910//7856 5909//7856
f 5908//7857 5913//7857 5911//7857
f 5908//7858 5911//7858 5912//7858
f 5908//7859 5912//7859 5913//7859
f 5913//7860 5912//7860 5911//7860
f 5913//7861 5914//7861 5915//7861
f 5913//7862 5915//7862 5916//7862
f 5913//7863 5916//7863 5914//7863
f 5914//7864 5916//7864 5915//7864
f 5914//7865 5919//7865 5917//7865
f 5914//7866 5917//7866 5918//7866
f 5914//7867 5918//7867 5919//7867
f 5919//7868 5918//7868 5917//7868
f 5919//7869 5922//7869 5920//7869
f 5919//7870 5920//7870 5921//7870
f 5919//7871 5921//7871 5922//7871
f 5922//7872 5921//7872 5920//7872
f 5922//7873 5923//7873 5924//7873
f 5922//7874 5924//7874 5925//7874
f 5922//7875 5925//7875 5923//7875
f 5923//7876 5925//7876 5924//7876
f 5923//7877 5928//7877 5926//7877
f 5923//7878 5926//7878 5927//7878
f 5923//7879 5927//7879 5928//7879
f 5928//7880 5927//7880 5926//7880
f 5928//7881 5929//7881 5930//7881
f 5928//7882 5930//7882 5931//7882
f 5928//7883 5931//7883 5929//7883
f 5929//7884 5931//7884 5930//7884
f 5929//7885 5934//7885 5932//7885
f 5929//7886 5932//7886 5933//7886
f 5929//7887 5933//7887 5934//7887
f 5934//7888 5933//7888 5932//7888
f 5934//7889 5937//7889 5935//7889
f 5934//7890 5935//7890 5936//7890
f 5934//7891 5936//7891 5937//7891
f 5937//7892 5936//7892 5935//7892
f 5937//7893 5940//7893 5938//7893
f 5937//7894 5938//7894 5939//7894
f 5937//7895 5939//7895 5940//7895
f 5940//7896 5939//7896 5938//7896
f 5940//7897 5943//7897 5941//7897
f 5940//7898 5941//7898 5942//7898
f 5940//7899 5942//7899 5943//7899
f 5943//7900 5942//7900 5941//7900
f 5943//7901 5944//7901 5945//7901
f 5943//7902 5945//7902 5946//7902
f 5943//7903 5946//7903 5944//7903
f 5944//7904 5946//7904 5945//7904
f 5944//7905 5949//7905 5947//7905
f 5944//7906 5947//7906 5948//7906
f 5944//7907 5948//7907 5949//7907
f 5949//7908 5948//7908 5947//7908
f 5949//7909 5952//7909 5950//7909
f 5949//7910 5950//7910 5951//7910
f 5949//7911 5951//7911 5952//7911
f 5952//7912 5951//7912 5950//7912
f 5952//7913 5953//7913 5954//7913
f 5952//7914 5954//7914 5955//7914
f 5952//7915 5955//7915 5953//7915
f 5953//7916 5955//7916 5954//7916
f 5953//7917 5958//7917 5956//7917
f 5953//7918 5956//7918 5957//7918
f 5953//7919 5957//7919 5958//7919
f 5958//7920 5957//7920 5956//7920
f 5958//7921 5961//7921 5959//7921
f 5958//7922 5959//7922 5960//7922
f 5958//7923 5960//7923 5961//7923
f 5961//7924 5960//7924 5959//7924
f 5961//7925 5964//7925 5962//7925
f 5961//7926 5962//7926 5963//7926
f 5961//7927 5963//7927 5964//7927
f 5964//7928 5963//7928 5962//7928
f 5964//7929 5967//7929 5965//7929
f 5964//7930 5965//7930 5966//7930
f 5964//7931 5966//7931 5967//7931
f 5967//7932 5966//7932 5965//7932
f 5967//7933 5968//7933 5969//7933
f 5967//7934 5969//7934 5970//7934
f 5967//7935 5970//7935 5968//7935
f 5968//7936 5970//7936 5969//7936
f 5968//7937 5973//7937 5971//7937
f 5968//7938 5971//7938 5972//7938
f 5968//7939 5972//7939 5973//7939
f 5973//7940 5972//7940 5971//7940
f 5973//7941 5976//7941 5974//7941
f 5973//7942 5974//7942 5975//7942
f 5973//7943 5975//7943 5976//7943
f 5976//7944 5975//7944 5974//7944
f 5976//7945 5979//7945 5977//7945
f 5976//7946 5977//7946 5978//7946
f 5976//7947 5978//7947 5979//7947
f 5979//7948 5978//7948 5977//7948
f 5979//7949 5982//7949 5980//7949
f 5979//7950 5980//7950 5981//7950
f 5979//7951 5981//7951 5982//7951
f 5982//7952 5981//7952 5980//7952
f 5982//7953 5985//7953 5983//7953
f 5982//7954 5983//7954 5984//7954
f 5982//7955 5984//7955 5985//7955
f 5985//7956 5984//7956 5983//7956
f 5985//7957 5988//7957 5986//7957
f 5985//7958 5986//7958 5987//7958
f 5985//7959 5987//7959 5988//7959
f 5988//7960 5987//7960 5986//7960
f 5988//7961 5991//7961 5989//7961
f 5988//7962 5989//7962 5990//7962
f 5988//7963 5990//7963 5991//7963
f 5991//7964 5990//7964 5989//7964
f 5991//7965 5994//7965 5992//7965
f 5991//7966 5992//7966 5993//7966
f 5991//7967 5993//7967 5994//7967
f 5994//7968 5993//7968 5992//7968
f 5994//7969 5995//7969 5996//7969
f 5994//7970 5996//7970 5997//7970
f 5994//7971 5997//7971 5995//7971
f 5995//7972 5997//7972 5996//7972
f 5995//7973 5998//7973 5999//7973
f 5995//7974 5999//7974 6000//7974
f 5995//7975 6000//7975 5998//7975
f 5998//7976 6000//7976 5999//7976
f 5998//7977 6003//7977 6001//7977
f 5998//7978 6001//7978 6002//7978
f 5998//7979 6002//7979 6003//7979
f 6003//7980 6002//7980 6001//7980
f 6003//7981 6004//7981 6005//7981
f 6003//7982 6005//7982 6006//7982
f 6003//7983 6006//7983 6004//7983
f 6004//7984 6006//7984 6005//7984
f 6004//7985 6007//7985 6008//7985
f 6004//7986 6008//7986 6009//7986
f 6004//7987 6009//7987 6007//7987
f 6007//7988 6009//7988 6008//7988
f 6007//7989 6012//7989 6010//7989
f 6007//7990 6010//7990 6011//7990
f 6007//7991 6011//7991 6012//7991
f 6012//7992 6011//7992 6010//7992
f 6012//7993 6013//7993 6014//7993
f 6012//7994 6014//7994 6015//7994
f 6012//7995 6015//7995 6013//7995
f 6013//7996 6015//7996 6014//7996
f 6013//7997 6016//7997 6017//7997
f 6013//7998 6017//7998 6018//7998
f 6013//7999 6018//7999 6016//7999
f 6016//8000 6018//8000 6017//8000
f 6016//8001 6019//8001 6020//8001
f 6016//8002 6020//8002 6021//8002
f 6016//8003 6021//8003 6019//8003
f 6019//8004 6021//8004 6020//8004
f 6019//8005 6024//8005 6022//8005
f 6019//8006 6022//8006 6023//8006
f 6019//8007 6023//8007 6024//8007
f 6024//8008 6023//8008 6022//8008
f 6024//8009 6027//8009 6025//8009
f 6024//8010 6025//8010 6026//8010
f 6024//8011 6026//8011 6027//8011
f 6027//8012 6026//8012 6025//8012
f 6027//8013 6028//8013 6029//8013
f 6027//8014 6029//8014 6030//8014
f 6027//8015 6030//8015 6028//8015
f 6028//8016 6030//8016 6029//8016
f 6028//8017 6031//8017 6032//8017
f 6028//8018 6032//8018 6033//8018
f 6028//8019 6033//8019 6031//8019
f 6031//8020 6033//8020 6032//8020
f 6031//8021 6034//8021 6035//8021
f 6031//8022 6035//8022 6036//8022
f 6031//8023 6036//8023 6034//8023
f 6034//8024 6036//8024 6035//8024
f 6034//8025 6037//8025 6038//8025
f 6034//8026 6038//8026 6039//8026
f 6034//8027 6039//8027 6037//8027
f 6037//8028 6039//8028 6038//8028
f 6037//8029 6042//8029 6040//8029
f 6037//8030 6040//8030 6041//8030
f 6037//8031 6041//8031 6042//8031
f 6042//8032 6041//8032 6040//8032
f 6042//8033 6045//8033 6043//8033
f 6042//8034 6043//8034 6044//8034
f 6042//8035 6044//8035 6045//8035
f 6045//8036 6044//8036 6043//8036
f 6045//8037 6046//8037 6047//8037
f 6045//8038 6047//8038 6048//8038
f 6045//8039 6048//8039 6046//8039
f 6046//8040 6048//8040 6047//8040
f 6046//8041 6049//8041 6050//8041
f 6046//8042 6050//8042 6051//8042
f 6046//8043 6051//8043 6049//8043
f 6049//8044 6051//8044 6050//8044
f 6049//8045 6052//8045 6053//8045
f 6049//8046 6053//8046 6054//8046
f 6049//8047 6054//8047 6052//8047
f 6052//8048 6054//8048 6053//8048
f 6052//8049 6057//8049 6055//8049
f 6052//8050 6055//8050 6056//8050
f 6052//8051 6056//8051 6057//8051
f 6057//8052 6056//8052 6055//8052
f 6057//8053 6060//8053 6058//8053
f 6057//8054 6058//8054 6059//8054
f 6057//8055 6059//8055 6060//8055
f 6060//8056 6059//8056 6058//8056
f 6060//8057 6061//8057 6062//8057
f 6060//8058 6062//8058 6063//8058
f 6060//8059 6063//8059 6061//8059
f 6061//8060 6063//8060 6062//8060
f 6061//8061 6066//8061 6064//8061
f 6061//8062 6064//8062 6065//8062
f 6061//8063 6065//8063 6066//8063
f 6066//8064 6065//8064 6064//8064
f 6066//8065 6069//8065 6067//8065
f 6066//8066 6067//8066 6068//8066
f 6066//8067 6068//8067 6069//8067
f 6069//8068 6068//8068 6067//8068
f 6069//8069 6072//8069 6070//8069
f 6069//8070 6070//8070 6071//8070
f 6069//8071 6071//8071 6072//8071
f 6072//8072 6071//8072 6070//8072
f 6072//8073 6075//8073 6073//8073
f 6072//8074 6073//8074 6074//8074
f 6072//8075 6074//8075 6075//8075
f 6075//8076 6074//8076 6073//8076
f 6075//8077 6076//8077 6077//8077
f 6075//8078 6077//8078 6078//8078
f 6075//8079 6078//8079 6076//8079
f 6076//8080 6078//8080 6077//8080
f 6076//8081 6079//8081 6080//8081
f 6076//8082 6080//8082 6081//8082
f 6076//8083 6081//8083 6079//8083
f 6079//8084 6081//8084 6080//8084
f 6079//8085 6082//8085 6083//8085
f 6079//8086 6083//8086 6084//8086
f 6079//8087 6084//8087 6082//8087
f 6082//8088 6084//8088 6083//8088
f 6082//8089 6085//8089 6086//8089
f 6082//8090 6086//8090 6087//8090
f 6082//8091 6087//8091 6085//8091
f 6085//8092 6087//8092 6086//8092
f 6085//8093 6088//8093 6089//8093
f 6085//8094 6089//8094 6090//8094
f 6085//8095 6090//8095 6088//8095
f 6088//8096 6090//8096 6089//8096
f 6088//8097 6091//8097 6092//8097
f 6088//8098 6092//8098 6093//8098
f 6088//8099 6093//8099 6091//8099
f 6091//8100 6093//8100 6092//8100
f 6091//8101 6094//8101 6095//8101
f 6091//8102 6095//8102 6096//8102
f 6091//8103 6096//8103 6094//8103
f 6094//8104 6096//8104 6095//8104
f 6094//8105 6097//8105 6098//8105
f 6094//8106 6098//8106 6099//8106
f 6094//8107 6099//8107 6097//8107
f 6097//8108 6099//8108 6098//8108
f 6097//8109 6100//8109 6101//8109
f 6097//8110 6101//8110 6102//8110
f 6097//8111 6102//8111 6100//8111
f 6100//8112 6102//8112 6101//8112
f 6100//8113 6103//8113 6104//8113
f 6100//8114 6104//8114 6105//8114
f 6100//8115 6105//8115 6103//8115
f 6103//8116 6105//8116 6104//8116
f 6103//8117 6108//8117 6106//8117
f 6103//8118 6106//8118 6107//8118
f 6103//8119 6107//8119 6108//8119
f 6108//8120 6107//8120 6106//8120
f 6108//8121 6109//8121 6110//8121
f 6108//8122 6110//8122 6111//8122
f 6108//8123 6111//8123 6109//8123
f 6109//8124 6111//8124 6110//8124
f 6109//8125 6112//8125 6113//8125
f 6109//8126 6113//8126 6114//8126
f 6109//8127 6114//8127 6112//8127
f 6112//8128 6114//8128 6113//8128
f 6112//8129 6117//8129 6115//8129
f 6112//8130 6115//8130 6116//8130
f 6112//8131 6116//8131 6117//8131
f 6117//8132 6116//8132 6115//8132
f 6117//8133 6120//8133 6118//8133
f 6117//8134 6118//8134 6119//8134
f 6117//8135 6119//8135 6120//8135
f 6120//8136 6119//8136 6118//8136
f 6120//8137 6123//8137 6121//8137
f 6120//8138 6121//8138 6122//8138
f 6120//8139 6122//8139 6123//8139
f 6123//8140 6122//8140 6121//8140
f 6123//8141 6124//8141 6125//8141
f 6123//8142 6125//8142 6126//8142
f 6123//8143 6126//8143 6124//8143
f 6124//8144 6126//8144 6125//8144
f 6124//8145 6127//8145 6128//8145
f 6124//8146 6128//8146 6129//8146
f 6124//8147 6129//8147 6127//8147
f 6127//8148 6129//8148 6128//8148
f 6127//8149 6132//8149 6130//8149
f 6127//8150 6130//8150 6131//8150
f 6127//8151 6131//8151 6132//8151
f 6132//8152 6131//8152 6130//8152
f 6132//8153 6135//8153 6133//8153
f 6132//8154 6133//8154 6134//8154
f 6132//8155 6134//8155 6135//8155
f 6135//8156 6134//8156 6133//8156
f 6135//8157 6136//8157 6137//8157
f 6135//8158 6137//8158 6138//8158
f 6135//8159 6138//8159 6136//8159
f 6136//8160 6138//8160 6137//8160
f 6136//8161 6139//8161 6140//8161
f 6136//8162 6140//8162 6141//8162
f 6136//8163 6141//8163 6139//8163
f 6139//8164 6141//8164 6140//8164
f 6139//8165 6142//8165 6143//8165
f 6139//8166 6143//8166 6144//8166
f 6139//8167 6144//8167 6142//8167
f 6142//8168 6144//8168 6143//8168
f 6142//8169 6145//8169 6146//8169
f 6142//8170 6146//8170 6147//8170
f 6142//8171 6147//8171 6145//8171
f 6145//8172 6147//8172 6146//8172
f 6145//8173 6148//8173 6149//8173
f 6145//8174 6149//8174 6150//8174
f 6145//8175 6150//8175 6148//8175
f 6148//8176 6150//8176 6149//8176
f 6148//8177 6151//8177 6152//8177
f 6148//8178 6152//8178 6153//8178
f 6148//8179 6153//8179 6151//8179
f 6151//8180 6153//8180 6152//8180
f 6151//8181 6156//8181 6154//8181
f 6151//8182 6154//8182 6155//8182
f 6151//8183 6155//8183 6156//8183
f 6156//8184 6155//8184 6154//8184
f 6156//8185 6159//8185 6157//8185
f 6156//8186 6157//8186 6158//8186
f 6156//8187 6158//8187 6159//8187
f 6159//8188 6158//8188 6157//8188
f 6159//8189 6160//8189 6161//8189
f 6159//8190 6161//8190 6162//8190
f 6159//8191 6162//8191 6160//8191
f 6160//8192 6162//8192 6161//8192
f 6160//8193 6165//8193 6163//8193
f 6160//8194 6163//8194 6164//8194
f 6160//8195 6164//8195 6165//8195
f 6165//8196 6164//8196 6163//8196
f 6165//8197 6166//8197 6167//8197
f 6165//8198 6167//8198 6168//8198
f 6165//8199 6168//8199 6166//8199
f 6166//8200 6168//8200 6167//8200
f 6166//8201 6169//8201 6170//8201
f 6166//8202 6170//8202 6171//8202
f 6166//8203 6171//8203 6169//8203
f 6169//8204 6171//8204 6170//8204
f 6169//8205 6174//8205 6172//8205
f 6169//8206 6172//8206 6173//8206
f 6169//8207 6173//8207 6174//8207
f 6174//8208 6173//8208 6172//8208
f 6174//8209 6175//8209 6176//8209
f 6174//8210 6176//8210 6177//8210
f 6174//8211 6177//8211 6175//8211
f 6175//8212 6177//8212 6176//8212
f 6175//8213 6180//8213 6178//8213
f 6175//8214 6178//8214 6179//8214
f 6175//8215 6179//8215 6180//8215
f 6180//8216 6179//8216 6178//8216
f 6180//8217 6183//8217 6181//8217
f 6180//8218 6181//8218 6182//8218
f 6180//8219 6182//8219 6183//8219
f 6183//8220 6182//8220 6181//8220
f 6183//8221 6184//8221 6185//8221
f 6183//8222 6185//8222 6186//8222
f 6183//8223 6186//8223 6184//8223
f 6184//8224 6186//8224 6185//8224
f 6184//8225 6187//8225 6188//8225
f 6184//8226 6188//8226 6189//8226
f 6184//8227 6189//8227 6187//8227
f 6187//8228 6189//8228 6188//8228
f 6187//8229 6192//8229 6190//8229
f 6187//8230 6190//8230 6191//8230
f 6187//8231 6191//8231 6192//8231
f 6192//8232 6191//8232 6190//8232
f 6192//8233 6195//8233 6193//8233
f 6192//8234 6193//8234 6194//8234
f 6192//8235 6194//8235 6195//8235
f 6195//8236 6194//8236 6193//8236
f 6195//8237 6196//8237 6197//8237
f 6195//8238 6197//8238 6198//8238
f 6195//8239 6198//8239 6196//8239
f 6196//8240 6198//8240 6197//8240
f 6196//8241 6199//8241 6200//8241
f 6196//8242 6200//8242 6201//8242
f 6196//8243 6201//8243 6199//8243
f 6199//8244 6201//8244 6200//8244
f 6199//8245 6202//8245 6203//8245
f 6199//8246 6203//8246 6204//8246
f 6199//8247 6204//8247 6202//8247
f 6202//8248 6204//8248 6203//8248
f 6202//8249 6205//8249 6206//8249
f 6202//8250 6206//8250 6207//8250
f 6202//8251 6207//8251 6205//8251
f 6205//8252 6207//8252 6206//8252
f 6205//8253 6208//8253 6209//8253
f 6205//8254 6209//8254 6210//8254
f 6205//8255 6210//8255 6208//8255
f 6208//8256 6210//8256 6209//8256
f 6208//8257 6213//8257 6211//8257
f 6208//8258 6211//8258 6212//8258
f 6208//8259 6212//8259 6213//8259
f 6213//8260 6212//8260 6211//8260
f 6213//8261 6214//8261 6215//8261
f 6213//8262 6215//8262 6216//8262
f 6213//8263 6216//8263 6214//8263
f 6214//8264 6216//8264 6215//8264
f 6214//8265 6219//8265 6217//8265
f 6214//8266 6217//8266 6218//8266
f 6214//8267 6218//8267 6219//8267
f 6219//8268 6218//8268 6217//8268
f 6219//8269 6220//8269 6221//8269
f 6219//8270 6221//8270 6222//8270
f 6219//8271 6222//8271 6220//8271
f 6220//8272 6222//8272 6221//8272
f 6220//8273 6223//8273 6224//8273
f 6220//8274 6224//8274 6225//8274
f 6220//8275 6225//8275 6223//8275
f 6223//8276 6225//8276 6224//8276
f 6223//8277 6228//8277 6226//8277
f 6223//8278 6226//8278 6227//8278
f 6223//8279 6227//8279 6228//8279
f 6228//8280 6227//8280 6226//8280
f 6228//8281 6229//8281 6230//8281
f 6228//8282 6230//8282 6231//8282
f 6228//8283 6231//8283 6229//8283
f 6229//8284 6231//8284 6230//8284
f 6229//8285 6234//8285 6232//8285
f 6229//8286 6232//8286 6233//8286
f 6229//8287 6233//8287 6234//8287
f 6234//8288 6233//8288 6232//8288
f 6234//8289 6237//8289 6235//8289
f 6234//8290 6235//8290 6236//8290
f 6234//8291 6236//8291 6237//8291
f 6237//8292 6236//8292 6235//8292
f 6237//8293 6238//8293 6239//8293
f 6237//8294 6239//8294 6240//8294
f 6237//8295 6240//8295 6238//8295
f 6238//8296 6240//8296 6239//8296
f 6238//8297 6243//8297 6241//8297
f 6238//8298 6241//8298 6242//8298
f 6238//8299 6242//8299 6243//8299
f 6243//8300 6242//8300 6241//8300
f 6243//8301 6244//8301 6245//8301
f 6243//8302 6245//8302 6246//8302
f 6243//8303 6246//8303 6244//8303
f 6244//8304 6246//8304 6245//8304
f 6244//8305 6249//8305 6247//8305
f 6244//8306 6247//8306 6248//8306
f 6244//8307 6248//8307 6249//8307
f 6249//8308 6248//8308 6247//8308
f 6249//8309 6252//8309 6250//8309
f 6249//8310 6250//8310 6251//8310
f 6249//8311 6251//8311 6252//8311
f 6252//8312 6251//8312 6250//8312
f 6252//8313 6253//8313 6254//8313
f 6252//8314 6254//8314 6255//8314
f 6252//8315 6255//8315 6253//8315
f 6253//8316 6255//8316 6254//8316
f 6253//8317 6258//8317 6256//8317
f 6253//8318 6256//8318 6257//8318
f 6253//8319 6257//8319 6258//8319
f 6258//8320 6257//8320 6256//8320
f 6258//8321 6259//8321 6260//8321
f 6258//8322 6260//8322 6261//8322
f 6258//8323 6261//8323 6259//8323
f 6259//8324 6261//8324 6260//8324
f 6259//8325 6264//8325 6262//8325
f 6259//8326 6262//8326 6263//8326
f 6259//8327 6263//8327 6264//8327
f 6264//8328 6263//8328 6262//8328
f 6264//8329 6267//8329 6265//8329
f 6264//8330 6265//8330 6266//8330
f 6264//8331 6266//8331 6267//8331
f 6267//8332 6266//8332 6265//8332
f 6267//8333 6270//8333 6268//8333
f 6267//8334 6268//8334 6269//8334
f 6267//8335 6269//8335 6270//8335
f 6270//8336 6269//8336 6268//8336
f 6270//8337 6271//8337 6272//8337
f 6270//8338 6272//8338 6273//8338
f 6270//8339 6273//8339 6271//8339
f 6271//8340 6273//8340 6272//8340
f 6271//8341 6276//8341 6274//8341
f 6271//8342 6274//8342 6275//8342
f 6271//8343 6275//8343 6276//8343
f 6276//8344 6275//8344 6274//8344
f 6276//8345 6279//8345 6277//8345
f 6276//8346 6277//8346 6278//8346
f 6276//8347 6278//8347 6279//8347
f 6279//8348 6278//8348 6277//8348
f 6279//8349 6280//8349 6281//8349
f 6279//8350 6281//8350 6282//8350
f 6279//8351 6282//8351 6280//8351
f 6280//8352 6282//8352 6281//8352
f 6280//8353 6283//8353 6284//8353
f 6280//8354 6284//8354 6285//8354
f 6280//8355 6285//8355 6283//8355
f 6283//8356 6285//8356 6284//8356
f 6283//8357 6286//8357 6287//8357
f 6283//8358 6287//8358 6288//8358
f 6283//8359 6288//8359 6286//8359
f 6286//8360 6288//8360 6287//8360
f 6286//8361 6289//8361 6290//8361
f 6286//8362 6290//8362 6291//8362
f 6286//8363 6291//8363 6289//8363
f 6289//8364 6291//8364 6290//8364
f 6289//8365 6294//8365 6292//8365
f 6289//8366 6292//8366 6293//8366
f 6289//8367 6293//8367 6294//8367
f 6294//8368 6293//8368 6292//8368
f 6294//8369 6295//8369 6296//8369
f 6294//8370 6296//8370 6297//8370
f 6294//8371 6297//8371 6295//8371
f 6295//8372 6297//8372 6296//8372
f 6295//8373 6298//8373 6299//8373
f 6295//8374 6299//8374 6300//8374
f 6295//8375 6300//8375 6298//8375
f 6298//8376 6300//8376 6299//8376
f 6298//8377 6303//8377 6301//8377
f 6298//8378 6301//8378 6302//8378
f 6298//8379 6302//8379 6303//8379
f 6303//8380 6302//8380 6301//8380
f 6303//8381 6306//8381 6304//8381
f 6303//8382 6304//8382 6305//8382
f 6303//8383 6305//8383 6306//8383
f 6306//8384 6305//8384 6304//8384
f 6306//8385 6307//8385 6308//8385
f 6306//8386 6308//8386 6309//8386
f 6306//8387 6309//8387 6307//8387
f 6307//8388 6309//8388 6308//8388
f 6307//8389 6312//8389 6310//8389
f 6307//8390 6310//8390 6311//8390
f 6307//8391 6311//8391 6312//8391
f 6312//8392 6311//8392 6310//8392
f 6312//8393 6313//8393 6314//8393
f 6312//8394 6314//8394 6315//8394
f 6312//8395 6315//8395 6313//8395
f 6313//8396 6315//8396 6314//8396
f 6313//8397 6316//8397 6317//8397
f 6313//8398 6317//8398 6318//8398
f 6313//8399 6318//8399 6316//8399
f 6316//8400 6318//8400 6317//8400
f 6316//8401 6319//8401 6320//8401
f 6316//8402 6320//8402 6321//8402
f 6316//8403 6321//8403 6319//8403
f 6319//8404 6321//8404 6320//8404
f 6319//8405 6324//8405 6322//8405
f 6319//8406 6322//8406 6323//8406
f 6319//8407 6323//8407 6324//8407
f 6324//8408 6323//8408 6322//8408
f 6324//8409 6325//8409 6326//8409
f 6324//8410 6326//8410 6327//8410
f 6324//8411 6327//8411 6325//8411
f 6325//8412 6327//8412 6326//8412
f 6325//8413 6328//8413 6329//8413
f 6325//8414 6329//8414 6330//8414
f 6325//8415 6330//8415 6328//8415
f 6328//8416 6330//8416 6329//8416
f 6328//8417 6333//8417 6331//8417
f 6328//8418 6331//8418 6332//8418
f 6328//8419 6332//8419 6333//8419
f 6333//8420 6332//8420 6331//8420
f 6333//8421 6334//8421 6335//8421
f 6333//8422 6335//8422 6336//8422
f 6333//8423 6336//8423 6334//8423
f 6334//8424 6336//8424 6335//8424
f 6334//8425 6339//8425 6337//8425
f 6334//8426 6337//8426 6338//8426
f 6334//8427 6338//8427 6339//8427
f 6339//8428 6338//8428 6337//8428
f 6339//8429 6340//8429 6341//8429
f 6339//8430 6341//8430 6342//8430
f 6339//8431 6342//8431 6340//8431
f 6340//8432 6342//8432 6341//8432
f 6340//8433 6343//8433 6344//8433
f 6340//8434 6344//8434 6345//8434
f 6340//8435 6345//8435 6343//8435
f 6343//8436 6345//8436 6344//8436
f 6343//8437 6348//8437 6346//8437
f 6343//8438 6346//8438 6347//8438
f 6343//8439 6347//8439 6348//8439
f 6348//8440 6347//8440 6346//8440
f 6348//8441 6349//8441 6350//8441
f 6348//8442 6350//8442 6351//8442
f 6348//8443 6351//8443 6349//8443
f 6349//8444 6351//8444 6350//8444
f 6349//8445 6352//8445 6353//8445
f 6349//8446 6353//8446 6354//8446
f 6349//8447 6354//8447 6352//8447
f 6352//8448 6354//8448 6353//8448
f 6352//8449 6357//8449 6355//8449
f 6352//8450 6355//8450 6356//8450
f 6352//8451 6356//8451 6357//8451
f 6357//8452 6356//8452 6355//8452
f 6357//8453 6358//8453 6359//8453
f 6357//8454 6359//8454 6360//8454
f 6357//8455 6360//8455 6358//8455
f 6358//8456 6360//8456 6359//8456
f 6358//8457 6363//8457 6361//8457
f 6358//8458 6361//8458 6362//8458
f 6358//8459 6362//8459 6363//8459
f 6363//8460 6362//8460 6361//8460
f 6363//8461 6364//8461 6365//8461
f 6363//8462 6365//8462 6366//8462
f 6363//8463 6366//8463 6364//8463
f 6364//8464 6366//8464 6365//8464
f 6364//8465 6367//8465 6368//8465
f 6364//8466 6368//8466 6369//8466
f 6364//8467 6369//8467 6367//8467
f 6367//8468 6369//8468 6368//8468
f 6367//8469 6370//8469 6371//8469
f 6367//8470 6371//8470 6372//8470
f 6367//8471 6372//8471 6370//8471
f 6370//8472 6372//8472 6371//8472
f 6370//8473 6375//8473 6373//8473
f 6370//8474 6373//8474 6374//8474
f 6370//8475 6374//8475 6375//8475
f 6375//8476 6374//8476 6373//8476
f 6375//8477 6376//8477 6377//8477
f 6375//8478 6377//8478 6378//8478
f 6375//8479 6378//8479 6376//8479
f 6376//8480 6378//8480 6377//8480
f 6376//8481 6381//8481 6379//8481
f 6376//8482 6379//8482 6380//8482
f 6376//8483 6380//8483 6381//8483
f 6381//8484 6380//8484 6379//8484
f 6381//8485 6382//8485 6383//8485
f 6381//8486 6383//8486 6384//8486
f 6381//8487 6384//8487 6382//8487
f 6382//8488 6384//8488 6383//8488
f 6382//8489 6387//8489 6385//8489
f 6382//8490 6385//8490 6386//8490
f 6382//8491 6386//8491 6387//8491
f 6387//8492 6386//8492 6385//8492
f 6387//8493 6390//8493 6388//8493
f 6387//8494 6388//8494 6389//8494
f 6387//8495 6389//8495 6390//8495
f 6390//8496 6389//8496 6388//8496
f 6390//8497 6393//8497 6391//8497
f 6390//8498 6391//8498 6392//8498
f 6390//8499 6392//8499 6393//8499
f 6393//8500 6392//8500 6391//8500
f 6393//8501 6396//8501 6394//8501
f 6393//8502 6394//8502 6395//8502
f 6393//8503 6395//8503 6396//8503
f 6396//8504 6395//8504 6394//8504
f 6396//8505 6397//8505 6398//8505
f 6396//8506 6398//8506 6399//8506
f 6396//8507 6399//8507 6397//8507
f 6397//8508 6399//8508 6398//8508
f 6397//8509 6402//8509 6400//8509
f 6397//8510 6400//8510 6401//8510
f 6397//8511 6401//8511 6402//8511
f 6402//8512 6401//8512 6400//8512
f 6402//8513 6405//8513 6403//8513
f 6402//8514 6403//8514 6404//8514
f 6402//8515 6404//8515 6405//8515
f 6405//8516 6404//8516 6403//8516
f 6405//8517 6406//8517 6407//8517
f 6405//8518 6407//8518 6408//8518
f 6405//8519 6408//8519 6406//8519
f 6406//8520 6408//8520 6407//8520
f 6406//8521 6411//8521 6409//8521
f 6406//8522 6409//8522 6410//8522
f 6406//8523 6410//8523 6411//8523
f 6411//8524 6410//8524 6409//8524
f 6411//8525 6414//8525 6412//8525
f 6411//8526 6412//8526 6413//8526
f 6411//8527 6413//8527 6414//8527
f 6414//8528 6413//8528 6412//8528
f 6414//8529 6417//8529 6415//8529
f 6414//8530 6415//8530 6416//8530
f 6414//8531 6416//8531 6417//8531
f 6417//8532 6416//8532 6415//8532
f 6417//8533 6418//8533 6419//8533
f 6417//8534 6419//8534 6420//8534
f 6417//8535 6420//8535 6418//8535
f 6418//8536 6420//8536 6419//8536
f 6418//8537 6423//8537 6421//8537
f 6418//8538 6421//8538 6422//8538
f 6418//8539 6422//8539 6423//8539
f 6423//8540 6422//8540 6421//8540
f 6423//8541 6424//8541 6425//8541
f 6423//8542 6425//8542 6426//8542
f 6423//8543 6426//8543 6424//8543
f 6424//8544 6426//8544 6425//8544
f 6424//8545 6427//8545 6428//8545
f 6424//8546 6428//8546 6429//8546
f 6424//8547 6429//8547 6427//8547
f 6427//8548 6429//8548 6428//8548
f 6427//8549 6430//8549 6431//8549
f 6427//8550 6431//8550 6432//8550
f 6427//8551 6432//8551 6430//8551
f 6430//8552 6432//8552 6431//8552
f 6430//8553 6433//8553 6434//8553
f 6430//8554 6434//8554 6435//8554
f 6430//8555 6435//8555 6433//8555
f 6433//8556 6435//8556 6434//8556
f 6433//8557 6438//8557 6436//8557
f 6433//8558 6436//8558 6437//8558
f 6433//8559 6437//8559 6438//8559
f 6438//8560 6437//8560 6436//8560
f 6438//8561 6439//8561 6440//8561
f 6438//8562 6440//8562 6441//8562
f 6438//8563 6441//8563 6439//8563
f 6439//8564 6441//8564 6440//8564
f 6439//8565 6444//8565 6442//8565
f 6439//8566 6442//8566 6443//8566
f 6439//8567 6443//8567 6444//8567
f 6444//8568 6443//8568 6442//8568
f 6444//8569 6445//8569 6446//8569
f 6444//8570 6446//8570 6447//8570
f 6444//8571 6447//8571 6445//8571
f 6445//8572 6447//8572 6446//8572
f 6445//8573 6448//8573 6449//8573
f 6445//8574 6449//8574 6450//8574
f 6445//8575 6450//8575 6448//8575
f 6448//8576 6450//8576 6449//8576
f 6448//8577 6451//8577 6452//8577
f 6448//8578 6452//8578 6453//8578
f 6448//8579 6453//8579 6451//8579
f 6451//8580 6453//8580 6452//8580
f 6451//8581 6456//8581 6454//8581
f 6451//8582 6454//8582 6455//8582
f 6451//8583 6455//8583 6456//8583
f 6456//8584 6455//8584 6454//8584
f 6456//8585 6459//8585 6457//8585
f 6456//8586 6457//8586 6458//8586
f 6456//8587 6458//8587 6459//8587
f 6459//8588 6458//8588 6457//8588
f 6459//8589 6460//8589 6461//8589
f 6459//8590 6461//8590 6462//8590
f 6459//8591 6462//8591 6460//8591
f 6460//8592 6462//8592 6461//8592
f 6460//8593 6465//8593 6463//8593
f 6460//8594 6463//8594 6464//8594
f 6460//8595 6464//8595 6465//8595
f 6465//8596 6464//8596 6463//8596
f 6465//8597 6466//8597 6467//8597
f 6465//8598 6467//8598 6468//8598
f 6465//8599 6468//8599 6466//8599
f 6466//8600 6468//8600 6467//8600
f 6466//8601 6471//8601 6469//8601
f 6466//8602 6469//8602 6470//8602
f 6466//8603 6470//8603 6471//8603
f 6471//8604 6470//8604 6469//8604
f 6471//8605 6474//8605 6472//8605
f 6471//8606 6472//8606 6473//8606
f 6471//8607 6473//8607 6474//8607
f 6474//8608 6473//8608 6472//8608
f 6474//8609 6477//8609 6475//8609
f 6474//8610 6475//8610 6476//8610
f 6474//8611 6476//8611 6477//8611
f 6477//8612 6476//8612 6475//8612
f 6477//8613 6478//8613 6479//8613
f 6477//8614 6479//8614 6480//8614
f 6477//8615 6480//8615 6478//8615
f 6478//8616 6480//8616 6479//8616
f 6478//8617 6483//8617 6481//8617
f 6478//8618 6481//8618 6482//8618
f 6478//8619 6482//8619 6483//8619
f 6483//8620 6482//8620 6481//8620
f 6483//8621 6486//8621 6484//8621
f 6483//8622 6484//8622 6485//8622
f 6483//8623 6485//8623 6486//8623
f 6486//8624 6485//8624 6484//8624
f 6486//8625 6487//8625 6488//8625
f 6486//8626 6488//8626 6489//8626
f 6486//8627 6489//8627 6487//8627
f 6487//8628 6489//8628 6488//8628
f 6487//8629 6492//8629 6490//8629
f 6487//8630 6490//8630 6491//8630
f 6487//8631 6491//8631 6492//8631
f 6492//8632 6491//8632 6490//8632
f 6492//8633 6495//8633 6493//8633
f 6492//8634 6493//8634 6494//8634
f 6492//8635 6494//8635 6495//8635
f 6495//8636 6494//8636 6493//8636
f 6495//8637 6496//8637 6497//8637
f 6495//8638 6497//8638 6498//8638
f 6495//8639 6498//8639 6496//8639
f 6496//8640 6498//8640 6497//8640
f 6496//8641 6501//8641 6499//8641
f 6496//8642 6499//8642 6500//8642
f 6496//8643 6500//8643 6501//8643
f 6501//8644 6500//8644 6499//8644
f 6501//8645 6502//8645 6503//8645
f 6501//8646 6503//8646 6504//8646
f 6501//8647 6504//8647 6502//8647
f 6502//8648 6504//8648 6503//8648
f 6502//8649 6507//8649 6505//8649
f 6502//8650 6505//8650 6506//8650
f 6502//8651 6506//8651 6507//8651
f 6507//8652 6506//8652 6505//8652
f 6507//8653 6510//8653 6508//8653
f 6507//8654 6508//8654 6509//8654
f 6507//8655 6509//8655 6510//8655
f 6510//8656 6509//8656 6508//8656
f 6510//8657 6513//8657 6511//8657
f 6510//8658 6511//8658 6512//8658
f 6510//8659 6512//8659 6513//8659
f 6513//8660 6512//8660 6511//8660
f 6513//8661 6516//8661 6514//8661
f 6513//8662 6514//8662 6515//8662
f 6513//8663 6515//8663 6516//8663
f 6516//8664 6515//8664 6514//8664
f 6516//8665 6517//8665 6518//8665
f 6516//8666 6518//8666 6519//8666
f 6516//8667 6519//8667 6517//8667
f 6517//8668 6519//8668 6518//8668
f 6517//8669 6522//8669 6520//8669
f 6517//8670 6520//8670 6521//8670
f 6517//8671 6521//8671 6522//8671
f 6522//8672 6521//8672 6520//8672
f 6522//8673 6523//8673 6524//8673
f 6522//8674 6524//8674 6525//8674
f 6522//8675 6525//8675 6523//8675
f 6523//8676 6525//8676 6524//8676
f 6523//8677 6528//8677 6526//8677
f 6523//8678 6526//8678 6527//8678
f 6523//8679 6527//8679 6528//8679
f 6528//8680 6527//8680 6526//8680
f 6528//8681 6531//8681 6529//8681
f 6528//8682 6529//8682 6530//8682
f 6528//8683 6530//8683 6531//8683
f 6531//8684 6530//8684 6529//8684
f 6531//8685 6532//8685 6533//8685
f 6531//8686 6533//8686 6534//8686
f 6531//8687 6534//8687 6532//8687
f 6532//8688 6534//8688 6533//8688
f 6532//8689 6537//8689 6535//8689
f 6532//8690 6535//8690 6536//8690
f 6532//8691 6536//8691 6537//8691
f 6537//8692 6536//8692 6535//8692
f 6537//8693 6540//8693 6538//8693
f 6537//8694 6538//8694 6539//8694
f 6537//8695 6539//8695 6540//8695
f 6540//8696 6539//8696 6538//8696
f 6540//8697 6543//8697 6541//8697
f 6540//8698 6541//8698 6542//8698
f 6540//8699 6542//8699 6543//8699
f 6543//8700 6542//8700 6541//8700
f 6543//8701 6546//8701 6544//8701
f 6543//8702 6544//8702 6545//8702
f 6543//8703 6545//8703 6546//8703
f 6546//8704 6545//8704 6544//8704
f 6546//8705 6547//8705 6548//8705
f 6546//8706 6548//8706 6549//8706
f 6546//8707 6549//8707 6547//8707
f 6547//8708 6549//8708 6548//8708
f 6547//8709 6550//8709 6551//8709
f 6547//8710 6551//8710 6552//8710
f 6547//8711 6552//8711 6550//8711
f 6550//8712 6552//8712 6551//8712
f 6550//8713 6555//8713 6553//8713
f 6550//8714 6553//8714 6554//8714
f 6550//8715 6554//8715 6555//8715
f 6555//8716 6554//8716 6553//8716
f 6555//8717 6558//8717 6556//8717
f 6555//8718 6556//8718 6557//8718
f 6555//8719 6557//8719 6558//8719
f 6558//8720 6557//8720 6556//8720
f 6558//8721 6561//8721 6559//8721
f 6558//8722 6559//8722 6560//8722
f 6558//8723 6560//8723 6561//8723
f 6561//8724 6560//8724 6559//8724
f 6561//8725 6562//8725 6563//8725
f 6561//8726 6563//8726 6564//8726
f 6561//8727 6564//8727 6562//8727
f 6562//8728 6564//8728 6563//8728
f 6562//8729 6567//8729 6565//8729
f 6562//8730 6565//8730 6566//8730
f 6562//8731 6566//8731 6567//8731
f 6567//8732 6566//8732 6565//8732
f 6567//8733 6568//8733 6569//8733
f 6567//8734 6569//8734 6570//8734
f 6567//8735 6570//8735 6568//8735
f 6568//8736 6570//8736 6569//8736
f 6568//8737 6571//8737 6572//8737
f 6568//8738 6572//8738 6573//8738
f 6568//8739 6573//8739 6571//8739
f 6571//8740 6573//8740 6572//8740
f 6571//8741 6576//8741 6574//8741
f 6571//8742 6574//8742 6575//8742
f 6571//8743 6575//8743 6576//8743
f 6576//8744 6575//8744 6574//8744
f 6576//8745 6579//8745 6577//8745
f 6576//8746 6577//8746 6578//8746
f 6576//8747 6578//8747 6579//8747
f 6579//8748 6578//8748 6577//8748
f 6579//8749 6582//8749 6580//8749
f 6579//8750 6580//8750 6581//8750
f 6579//8751 6581//8751 6582//8751
f 6582//8752 6581//8752 6580//8752
f 6582//8753 6583//8753 6584//8753
f 6582//8754 6584//8754 6585//8754
f 6582//8755 6585//8755 6583//8755
f 6583//8756 6585//8756 6584//8756
f 6583//8757 6588//8757 6586//8757
f 6583//8758 6586//8758 6587//8758
f 6583//8759 6587//8759 6588//8759
f 6588//8760 6587//8760 6586//8760
f 6588//8761 6591//8761 6589//8761
f 6588//8762 6589//8762 6590//8762
f 6588//8763 6590//8763 6591//8763
f 6591//8764 6590//8764 6589//8764
f 6591//8765 6594//8765 6592//8765
f 6591//8766 6592//8766 6593//8766
f 6591//8767 6593//8767 6594//8767
f 6594//8768 6593//8768 6592//8768
f 6594//8769 6595//8769 6596//8769
f 6594//8770 6596//8770 6597//8770
f 6594//8771 6597//8771 6595//8771
f 6595//8772 6597//8772 6596//8772
f 6595//8773 6598//8773 6599//8773
f 6595//8774 6599//8774 6600//8774
f 6595//8775 6600//8775 6598//8775
f 6598//8776 6600//8776 6599//8776
f 6598//8777 6603//8777 6601//8777
f 6598//8778 6601//8778 6602//8778
f 6598//8779 6602//8779 6603//8779
f 6603//8780 6602//8780 6601//8780
f 6603//8781 6604//8781 6605//8781
f 6603//8782 6605//8782 6606//8782
f 6603//8783 6606//8783 6604//8783
f 6604//8784 6606//8784 6605//8784
f 6604//8785 6607//8785 6608//8785
f 6604//8786 6608//8786 6609//8786
f 6604//8787 6609//8787 6607//8787
f 6607//8788 6609//8788 6608//8788
f 6607//8789 6612//8789 6610//8789
f 6607//8790 6610//8790 6611//8790
f 6607//8791 6611//8791 6612//8791
f 6612//8792 6611//8792 6610//8792
f 6612//8793 6613//8793 6614//8793
f 6612//8794 6614//8794 6615//8794
f 6612//8795 6615//8795 6613//8795
f 6613//8796 6615//8796 6614//8796
f 6613//8797 6618//8797 6616//8797
f 6613//8798 6616//8798 6617//8798
f 6613//8799 6617//8799 6618//8799
f 6618//8800 6617//8800 6616//8800
f 6618//8801 6621//8801 6619//8801
f 6618//8802 6619//8802 6620//8802
f 6618//8803 6620//8803 6621//8803
f 6621//8804 6620//8804 6619//8804
f 6621//8805 6624//8805 6622//8805
f 6621//8806 6622//8806 6623//8806
f 6621//8807 6623//8807 6624//8807
f 6624//8808 6623//8808 6622//8808
f 6624//8809 6625//8809 6626//8809
f 6624//8810 6626//8810 6627//8810
f 6624//8811 6627//8811 6625//8811
f 6625//8812 6627//8812 6626//8812
f 6625//8813 6628//8813 6629//8813
f 6625//8814 6629//8814 6630//8814
f 6625//8815 6630//8815 6628//8815
f 6628//8816 6630//8816 6629//8816
f 6628//8817 6633//8817 6631//8817
f 6628//8818 6631//8818 6632//8818
f 6628//8819 6632//8819 6633//8819
f 6633//8820 6632//8820 6631//8820
f 6633//8821 6636//8821 6634//8821
f 6633//8822 6634//8822 6635//8822
f 6633//8823 6635//8823 6636//8823
f 6636//8824 6635//8824 6634//8824
f 6636//8825 6639//8825 6637//8825
f 6636//8826 6637//8826 6638//8826
f 6636//8827 6638//8827 6639//8827
f 6639//8828 6638//8828 6637//8828
f 6639//8829 6642//8829 6640//8829
f 6639//8830 6640//8830 6641//8830
f 6639//8831 6641//8831 6642//8831
f 6642//8832 6641//8832 6640//8832
f 6642//8833 6645//8833 6643//8833
f 6642//8834 6643//8834 6644//8834
f 6642//8835 6644//8835 6645//8835
f 6645//8836 6644//8836 6643//8836
f 6645//8837 6648//8837 6646//8837
f 6645//8838 6646//8838 6647//8838
f 6645//8839 6647//8839 6648//8839
f 6648//8840 6647//8840 6646//8840
f 6648//8841 6649//8841 6650//8841
f 6648//8842 6650//8842 6651//8842
f 6648//8843 6651//8843 6649//8843
f 6649//8844 6651//8844 6650//8844
f 6649//8845 6652//8845 6653//8845
f 6649//8846 6653//8846 6654//8846
f 6649//8847 6654//8847 6652//8847
f 6652//8848 6654//8848 6653//8848
f 6652//8849 6655//8849 6656//8849
f 6652//8850 6656//8850 6657//8850
f 6652//8851 6657//8851 6655//8851
f 6655//8852 6657//8852 6656//8852
f 6655//8853 6658//8853 6659//8853
f 6655//8854 6659//8854 6660//8854
f 6655//8855 6660//8855 6658//8855
f 6658//8856 6660//8856 6659//8856
f 6658//8857 6661//8857 6662//8857
f 6658//8858 6662//8858 6663//8858
f 6658//8859 6663//8859 6661//8859
f 6661//8860 6663//8860 6662//8860
f 6661//8861 6666//8861 6664//8861
f 6661//8862 6664//8862 6665//8862
f 6661//8863 6665//8863 6666//8863
f 6666//8864 6665//8864 6664//8864
f 6666//8865 6669//8865 6667//8865
f 6666//8866 6667//8866 6668//8866
f 6666//8867 6668//8867 6669//8867
f 6669//8868 6668//8868 6667//8868
f 6669//8869 6670//8869 6671//8869
f 6669//8870 6671//8870 6672//8870
f 6669//8871 6672//8871 6670//8871
f 6670//8872 6672//8872 6671//8872
f 6670//8873 6673//8873 6674//8873
f 6670//8874 6674//8874 6675//8874
f 6670//8875 6675//8875 6673//8875
f 6673//8876 6675//8876 6674//8876
f 6673//8877 6678//8877 6676//8877
f 6673//8878 6676//8878 6677//8878
f 6673//8879 6677//8879 6678//8879
f 6678//8880 6677//8880 6676//8880
f 6678//8881 6679//8881 6680//8881
f 6678//8882 6680//8882 6681//8882
f 6678//8883 6681//8883 6679//8883
f 6679//8884 6681//8884 6680//8884
f 6679//8885 6682//8885 6683//8885
f 6679//8886 6683//8886 6684//8886
f 6679//8887 6684//8887 6682//8887
f 6682//8888 6684//8888 6683//8888
f 6682//8889 6687//8889 6685//8889
f 6682//8890 6685//8890 6686//8890
f 6682//8891 6686//8891 6687//8891
f 6687//8892 6686//8892 6685//8892
f 6687//8893 6688//8893 6689//8893
f 6687//8894 6689//8894 6690//8894
f 6687//8895 6690//8895 6688//8895
f 6688//8896 6690//8896 6689//8896
f 6688//8897 6691//8897 6692//8897
f 6688//8898 6692//8898 6693//8898
f 6688//8899 6693//8899 6691//8899
f 6691//8900 6693//8900 6692//8900
f 6691//8901 6694//8901 6695//8901
f 6691//8902 6695//8902 6696//8902
f 6691//8903 6696//8903 6694//8903
f 6694//8904 6696//8904 6695//8904
f 6694//8905 6697//8905 6698//8905
f 6694//8906 6698//8906 6699//8906
f 6694//8907 6699//8907 6697//8907
f 6697//8908 6699//8908 6698//8908
f 6697//8909 6702//8909 6700//8909
f 6697//8910 6700//8910 6701//8910
f 6697//8911 6701//8911 6702//8911
f 6702//8912 6701//8912 6700//8912
f 6702//8913 6703//8913 6704//8913
f 6702//8914 6704//8914 6705//8914
f 6702//8915 6705//8915 6703//8915
f 6703//8916 6705//8916 6704//8916
f 6703//8917 6708//8917 6706//8917
f 6703//8918 6706//8918 6707//8918
f 6703//8919 6707//8919 6708//8919
f 6708//8920 6707//8920 6706//8920
f 6708//8921 6711//8921 6709//8921
f 6708//8922 6709//8922 6710//8922
f 6708//8923 6710//8923 6711//8923
f 6711//8924 6710//8924 6709//8924
f 6711//8925 6712//8925 6713//8925
f 6711//8926 6713//8926 6714//8926
f 6711//8927 6714//8927 6712//8927
f 6712//8928 6714//8928 6713//8928
f 6712//8929 6717//8929 6715//8929
f 6712//8930 6715//8930 6716//8930
f 6712//8931 6716//8931 6717//8931
f 6717//8932 6716//8932 6715//8932
f 6717//8933 6718//8933 6719//8933
f 6717//8934 6719//8934 6720//8934
f 6717//8935 6720//8935 6718//8935
f 6718//8936 6720//8936 6719//8936
f 6718//8937 6721//8937 6722//8937
f 6718//8938 6722//8938 6723//8938
f 6718//8939 6723//8939 6721//8939
f 6721//8940 6723//8940 6722//8940
f 6721//8941 6726//8941 6724//8941
f 6721//8942 6724//8942 6725//8942
f 6721//8943 6725//8943 6726//8943
f 6726//8944 6725//8944 6724//8944
f 6726//8945 6729//8945 6727//8945
f 6726//8946 6727//8946 6728//8946
f 6726//8947 6728//8947 6729//8947
f 6729//8948 6728//8948 6727//8948
f 6729//8949 6732//8949 6730//8949
f 6729//8950 6730//8950 6731//8950
f 6729//8951 6731//8951 6732//8951
f 6732//8952 6731//8952 6730//8952
f 6732//8953 6735//8953 6733//8953
f 6732//8954 6733//8954 6734//8954
f 6732//8955 6734//8955 6735//8955
f 6735//8956 6734//8956 6733//8956
f 6735//8957 6738//8957 6736//8957
f 6735//8958 6736//8958 6737//8958
f 6735//8959 6737//8959 6738//8959
f 6738//8960 6737//8960 6736//8960
f 6738//8961 6739//8961 6740//8961
f 6738//8962 6740//8962 6741//8962
f 6738//8963 6741//8963 6739//8963
f 6739//8964 6741//8964 6740//8964
f 6739//8965 6744//8965 6742//8965
f 6739//8966 6742//8966 6743//8966
f 6739//8967 6743//8967 6744//8967
f 6744//8968 6743//8968 6742//8968
f 6744//8969 6747//8969 6745//8969
f 6744//8970 6745//8970 6746//8970
f 6744//8971 6746//8971 6747//8971
f 6747//8972 6746//8972 6745//8972
f 6747//8973 6750//8973 6748//8973
f 6747//8974 6748//8974 6749//8974
f 6747//8975 6749//8975 6750//8975
f 6750//8976 6749//8976 6748//8976
f 6750//8977 6753//8977 6751//8977
f 6750//8978 6751//8978 6752//8978
f 6750//8979 6752//8979 6753//8979
f 6753//8980 6752//8980 6751//8980
f 6753//8981 6754//8981 6755//8981
f 6753//8982 6755//8982 6756//8982
f 6753//8983 6756//8983 6754//8983
f 6754//8984 6756//8984 6755//8984
f 6754//8985 6757//8985 6758//8985
f 6754//8986 6758//8986 6759//8986
f 6754//8987 6759//8987 6757//8987
f 6757//8988 6759//8988 6758//8988
f 6757//8989 6762//8989 6760//8989
f 6757//8990 6760//8990 6761//8990
f 6757//8991 6761//8991 6762//8991
f 6762//8992 6761//8992 6760//8992
f 6762//8993 6765//8993 6763//8993
f 6762//8994 6763//8994 6764//8994
f 6762//8995 6764//8995 6765//8995
f 6765//8996 6764//8996 6763//8996
f 6765//8997 6768//8997 6766//8997
f 6765//8998 6766//8998 6767//8998
f 6765//8999 6767//8999 6768//8999
f 6768//9000 6767//9000 6766//9000
f 6768//9001 6771//9001 6769//9001
f 6768//9002 6769//9002 6770//9002
f 6768//9003 6770//9003 6771//9003
f 6771//9004 6770//9004 6769//9004
f 6771//9005 6774//9005 6772//9005
f 6771//9006 6772//9006 6773//9006
f 6771//9007 6773//9007 6774//9007
f 6774//9008 6773//9008 6772//9008
f 6774//9009 6777//9009 6775//9009
f 6774//9010 6775//9010 6776//9010
f 6774//9011 6776//9011 6777//9011
f 6777//9012 6776//9012 6775//9012
f 6777//9013 6778//9013 6779//9013
f 6777//9014 6779//9014 6780//9014
f 6777//9015 6780//9015 6778//9015
f 6778//9016 6780//9016 6779//9016
f 6778//9017 6783//9017 6781//9017
f 6778//9018 6781//9018 6782//9018
f 6778//9019 6782//9019 6783//9019
f 6783//9020 6782//9020 6781//9020
f 6783//9021 6786//9021 6784//9021
f 6783//9022 6784//9022 6785//9022
f 6783//9023 6785//9023 6786//9023
f 6786//9024 6785//9024 6784//9024
f 6786//9025 6789//9025 6787//9025
f 6786//9026 6787//9026 6788//9026
f 6786//9027 6788//9027 6789//9027
f 6789//9028 6788//9028 6787//9028
f 6789//9029 6790//9029 6791//9029
f 6789//9030 6791//9030 6792//9030
f 6789//9031 6792//9031 6790//9031
f 6790//9032 6792//9032 6791//9032
f 6790//9033 6793//9033 6794//9033
f 6790//9034 6794//9034 6795//9034
f 6790//9035 6795//9035 6793//9035
f 6793//9036 6795//9036 6794//9036
f 6793//9037 6796//9037 6797//9037
f 6793//9038 6797//9038 6798//9038
f 6793//9039 6798//9039 6796//9039
f 6796//9040 6798//9040 6797//9040
f 6796//9041 6799//9041 6800//9041
f 6796//9042 6800//9042 6801//9042
f 6796//9043 6801//9043 6799//9043
f 6799//9044 6801//9044 6800//9044
f 6799//9045 6804//9045 6802//9045
f 6799//9046 6802//9046 6803//9046
f 6799//9047 6803//9047 6804//9047
f 6804//9048 6803//9048 6802//9048
f 6804//9049 6805//9049 6806//9049
f 6804//9050 6806//9050 6807//9050
f 6804//9051 6807//9051 6805//9051
f 6805//9052 6807//9052 6806//9052
f 6805//9053 6808//9053 6809//9053
f 6805//9054 6809//9054 6810//9054
f 6805//9055 6810//9055 6808//9055
f 6808//9056 6810//9056 6809//9056
f 6808//9057 6813//9057 6811//9057
f 6808//9058 6811//9058 6812//9058
f 6808//9059 6812//9059 6813//9059
f 6813//9060 6812//9060 6811//9060
f 6813//9061 6814//9061 6815//9061
f 6813//9062 6815//9062 6816//9062
f 6813//9063 6816//9063 6814//9063
f 6814//9064 6816//9064 6815//9064
f 6814//9065 6817//9065 6818//9065
f 6814//9066 6818//9066 6819//9066
f 6814//9067 6819//9067 6817//9067
f 6817//9068 6819//9068 6818//9068
f 6817//9069 6822//9069 6820//9069
f 6817//9070 6820//9070 6821//9070
f 6817//9071 6821//9071 6822//9071
f 6822//9072 6821//9072 6820//9072
f 6822//9073 6823//9073 6824//9073
f 6822//9074 6824//9074 6825//9074
f 6822//9075 6825//9075 6823//9075
f 6823//9076 6825//9076 6824//9076
f 6823//9077 6828//9077 6826//9077
f 6823//9078 6826//9078 6827//9078
f 6823//9079 6827//9079 6828//9079
f 6828//9080 6827//9080 6826//9080
f 6828//9081 6831//9081 6829//9081
f 6828//9082 6829//9082 6830//9082
f 6828//9083 6830//9083 6831//9083
f 6831//9084 6830//9084 6829//9084
f 6831//9085 6832//9085 6833//9085
f 6831//9086 6833//9086 6834//9086
f 6831//9087 6834//9087 6832//9087
f 6832//9088 6834//9088 6833//9088
f 6832//9089 6835//9089 6836//9089
f 6832//9090 6836//9090 6837//9090
f 6832//9091 6837//9091 6835//9091
f 6835//9092 6837//9092 6836//9092
f 6835//9093 6840//9093 6838//9093
f 6835//9094 6838//9094 6839//9094
f 6835//9095 6839//9095 6840//9095
f 6840//9096 6839//9096 6838//9096
f 6840//9097 6841//9097 6842//9097
f 6840//9098 6842//9098 6843//9098
f 6840//9099 6843//9099 6841//9099
f 6841//9100 6843//9100 6842//9100
f 6841//9101 6844//9101 6845//9101
f 6841//9102 6845//9102 6846//9102
f 6841//9103 6846//9103 6844//9103
f 6844//9104 6846//9104 6845//9104
f 6844//9105 6849//9105 6847//9105
f 6844//9106 6847//9106 6848//9106
f 6844//9107 6848//9107 6849//9107
f 6849//9108 6848//9108 6847//9108
f 6849//9109 6852//9109 6850//9109
f 6849//9110 6850//9110 6851//9110
f 6849//9111 6851//9111 6852//9111
f 6852//9112 6851//9112 6850//9112
f 6852//9113 6853//9113 6854//9113
f 6852//9114 6854//9114 6855//9114
f 6852//9115 6855//9115 6853//9115
f 6853//9116 6855//9116 6854//9116
f 6853//9117 6858//9117 6856//9117
f 6853//9118 6856//9118 6857//9118
f 6853//9119 6857//9119 6858//9119
f 6858//9120 6857//9120 6856//9120
f 6858//9121 6859//9121 6860//9121
f 6858//9122 6860//9122 6861//9122
f 6858//9123 6861//9123 6859//9123
f 6859//9124 6861//9124 6860//9124
f 6859//9125 6862//9125 6863//9125
f 6859//9126 6863//9126 6864//9126
f 6859//9127 6864//9127 6862//9127
f 6862//9128 6864//9128 6863//9128
f 6862//9129 6865//9129 6866//9129
f 6862//9130 6866//9130 6867//9130
f 6862//9131 6867//9131 6865//9131
f 6865//9132 6867//9132 6866//9132
f 6865//9133 6868//9133 6869//9133
f 6865//9134 6869//9134 6870//9134
f 6865//9135 6870//9135 6868//9135
f 6868//9136 6870//9136 6869//9136
f 6868//9137 6871//9137 6872//9137
f 6868//9138 6872//9138 6873//9138
f 6868//9139 6873//9139 6871//9139
f 6871//9140 6873//9140 6872//9140
f 6871//9141 6876//9141 6874//9141
f 6871//9142 6874//9142 6875//9142
f 6871//9143 6875//9143 6876//9143
f 6876//9144 6875//9144 6874//9144
f 6876//9145 6877//9145 6878//9145
f 6876//9146 6878//9146 6879//9146
f 6876//9147 6879//9147 6877//9147
f 6877//9148 6879//9148 6878//9148
f 6877//9149 6880//9149 6881//9149
f 6877//9150 6881//9150 6882//9150
f 6877//9151 6882//9151 6880//9151
f 6880//9152 6882//9152 6881//9152
f 6880//9153 6883//9153 6884//9153
f 6880//9154 6884//9154 6885//9154
f 6880//9155 6885//9155 6883//9155
f 6883//9156 6885//9156 6884//9156
f 6883//9157 6888//9157 6886//9157
f 6883//9158 6886//9158 6887//9158
f 6883//9159 6887//9159 6888//9159
f 6888//9160 6887//9160 6886//9160
f 6888//9161 6891//9161 6889//9161
f 6888//9162 6889//9162 6890//9162
f 6888//9163 6890//9163 6891//9163
f 6891//9164 6890//9164 6889//9164
f 6891//9165 6894//9165 6892//9165
f 6891//9166 6892//9166 6893//9166
f 6891//9167 6893//9167 6894//9167
f 6894//9168 6893//9168 6892//9168
f 6894//9169 6895//9169 6896//9169
f 6894//9170 6896//9170 6897//9170
f 6894//9171 6897//9171 6895//9171
f 6895//9172 6897//9172 6896//9172
f 6895//9173 6898//9173 6899//9173
f 6895//9174 6899//9174 6900//9174
f 6895//9175 6900//9175 6898//9175
f 6898//9176 6900//9176 6899//9176
f 6898//9177 6903//9177 6901//9177
f 6898//9178 6901//9178 6902//9178
f 6898//9179 6902//9179 6903//9179
f 6903//9180 6902//9180 6901//9180
f 6903//9181 6904//9181 6905//9181
f 6903//9182 6905//9182 6906//9182
f 6903//9183 6906//9183 6904//9183
f 6904//9184 6906//9184 6905//9184
f 6904//9185 6907//9185 6908//9185
f 6904//9186 6908//9186 6909//9186
f 6904//9187 6909//9187 6907//9187
f 6907//9188 6909//9188 6908//9188
f 6907//9189 6912//9189 6910//9189
f 6907//9190 6910//9190 6911//9190
f 6907//9191 6911//9191 6912//9191
f 6912//9192 6911//9192 6910//9192
f 6912//9193 6915//9193 6913//9193
f 6912//9194 6913//9194 6914//9194
f 6912//9195 6914//9195 6915//9195
f 6915//9196 6914//9196 6913//9196
f 6915//9197 6918//9197 6916//9197
f 6915//9198 6916//9198 6917//9198
f 6915//9199 6917//9199 6918//9199
f 6918//9200 6917//9200 6916//9200
f 6918//9201 6919//9201 6920//9201
f 6918//9202 6920//9202 6921//9202
f 6918//9203 6921//9203 6919//9203
f 6919//9204 6921//9204 6920//9204
f 6919//9205 6922//9205 6923//9205
f 6919//9206 6923//9206 6924//9206
f 6919//9207 6924//9207 6922//9207
f 6922//9208 6924//9208 6923//9208
f 6922//9209 6927//9209 6925//9209
f 6922//9210 6925//9210 6926//9210
f 6922//9211 6926//9211 6927//9211
f 6927//9212 6926//9212 6925//9212
f 6927//9213 6930//9213 6928//9213
f 6927//9214 6928//9214 6929//9214
f 6927//9215 6929//9215 6930//9215
f 6930//9216 6929//9216 6928//9216
f 6930//9217 6931//9217 6932//9217
f 6930//9218 6932//9218 6933//9218
f 6930//9219 6933//9219 6931//9219
f 6931//9220 6933//9220 6932//9220
f 6931//9221 6936//9221 6934//9221
f 6931//9222 6934//9222 6935//9222
f 6931//9223 6935//9223 6936//9223
f 6936//9224 6935//9224 6934//9224
f 6936//9225 6939//9225 6937//9225
f 6936//9226 6937//9226 6938//9226
f 6936//9227 6938//9227 6939//9227
f 6939//9228 6938//9228 6937//9228
f 6939//9229 6940//9229 6941//9229
f 6939//9230 6941//9230 6942//9230
f 6939//9231 6942//9231 6940//9231
f 6940//9232 6942//9232 6941//9232
f 6940//9233 6943//9233 6944//9233
f 6940//9234 6944//9234 6945//9234
f 6940//9235 6945//9235 6943//9235
f 6943//9236 6945//9236 6944//9236
f 6943//9237 6948//9237 6946//9237
f 6943//9238 6946//9238 6947//9238
f 6943//9239 6947//9239 6948//9239
f 6948//9240 6947//9240 6946//9240
f 6948//9241 6949//9241 6950//9241
f 6948//9242 6950//9242 6951//9242
f 6948//9243 6951//9243 6949//9243
f 6949//9244 6951//9244 6950//9244
f 6949//9245 6954//9245 6952//9245
f 6949//9246 6952//9246 6953//9246
f 6949//9247 6953//9247 6954//9247
f 6954//9248 6953//9248 6952//9248
f 6954//9249 6957//9249 6955//9249
f 6954//9250 6955//9250 6956//9250
f 6954//9251 6956//9251 6957//9251
f 6957//9252 6956//9252 6955//9252
f 6957//9253 6960//9253 6958//9253
f 6957//9254 6958//9254 6959//9254
f 6957//9255 6959//9255 6960//9255
f 6960//9256 6959//9256 6958//9256
f 6960//9257 6961//9257 6962//9257
f 6960//9258 6962//9258 6963//9258
f 6960//9259 6963//9259 6961//9259
f 6961//9260 6963//9260 6962//9260
f 6961//9261 6964//9261 6965//9261
f 6961//9262 6965//9262 6966//9262
f 6961//9263 6966//9263 6964//9263
f 6964//9264 6966//9264 6965//9264
f 6964//9265 6967//9265 6968//9265
f 6964//9266 6968//9266 6969//9266
f 6964//9267 6969//9267 6967//9267
f 6967//9268 6969//9268 6968//9268
f 6967//9269 6972//9269 6970//9269
f 6967//9270 6970//9270 6971//9270
f 6967//9271 6971//9271 6972//9271
f 6972//9272 6971//9272 6970//9272
f 6972//9273 6973//9273 6974//9273
f 6972//9274 6974//9274 6975//9274
f 6972//9275 6975//9275 6973//9275
f 6973//9276 6975//9276 6974//9276
f 6973//9277 6978//9277 6976//9277
f 6973//9278 6976//9278 6977//9278
f 6973//9279 6977//9279 6978//9279
f 6978//9280 6977//9280 6976//9280
f 6978//9281 6981//9281 6979//9281
f 6978//9282 6979//9282 6980//9282
f 6978//9283 6980//9283 6981//9283
f 6981//9284 6980//9284 6979//9284
f 6981//9285 6984//9285 6982//9285
f 6981//9286 6982//9286 6983//9286
f 6981//9287 6983//9287 6984//9287
f 6984//9288 6983//9288 6982//9288
f 6984//9289 6987//9289 6985//9289
f 6984//9290 6985//9290 6986//9290
f 6984//9291 6986//9291 6987//9291
f 6987//9292 6986//9292 6985//9292
f 6987//9293 6988//9293 6989//9293
f 6987//9294 6989//9294 6990//9294
f 6987//9295 6990//9295 6988//9295
f 6988//9296 6990//9296 6989//9296
f 6988//9297 6993//9297 6991//9297
f 6988//9298 6991//9298 6992//9298
f 6988//9299 6992//9299 6993//9299
f 6993//9300 6992//9300 6991//9300
f 6993//9301 6994//9301 6995//9301
f 6993//9302 6995//9302 6996//9302
f 6993//9303 6996//9303 6994//9303
f 6994//9304 6996//9304 6995//9304
f 6994//9305 6999//9305 6997//9305
f 6994//9306 6997//9306 6998//9306
f 6994//9307 6998//9307 6999//9307
f 6999//9308 6998//9308 6997//9308
f 6999//9309 7002//9309 7000//9309
f 6999//9310 7000//9310 7001//9310
f 6999//9311 7001//9311 7002//9311
f 7002//9312 7001//9312 7000//9312
f 7002//9313 7005//9313 7003//9313
f 7002//9314 7003//9314 7004//9314
f 7002//9315 7004//9315 7005//9315
f 7005//9316 7004//9316 7003//9316
f 7005//9317 7006//9317 7007//9317
f 7005//9318 7007//9318 7008//9318
f 7005//9319 7008//9319 7006//9319
f 7006//9320 7008//9320 7007//9320
f 7006//9321 7009//9321 7010//9321
f 7006//9322 7010//9322 7011//9322
f 7006//9323 7011//9323 7009//9323
f 7009//9324 7011//9324 7010//9324
f 7009//9325 7014//9325 7012//9325
f 7009//9326 7012//9326 7013//9326
f 7009//9327 7013//9327 7014//9327
f 7014//9328 7013//9328 7012//9328
f 7014//9329 7017//9329 7015//9329
f 7014//9330 7015//9330 7016//9330
f 7014//9331 7016//9331 7017//9331
f 7017//9332 7016//9332 7015//9332
f 7017//9333 7020//9333 7018//9333
f 7017//9334 7018//9334 7019//9334
f 7017//9335 7019//9335 7020//9335
f 7020//9336 7019//9336 7018//9336
f 7020//9337 7021//9337 7022//9337
f 7020//9338 7022//9338 7023//9338
f 7020//9339 7023//9339 7021//9339
f 7021//9340 7023//9340 7022//9340
f 7021//9341 7024//9341 7025//9341
f 7021//9342 7025//9342 7026//9342
f 7021//9343 7026//9343 7024//9343
f 7024//9344 7026//9344 7025//9344
f 7024//9345 7027//9345 7028//9345
f 7024//9346 7028//9346 7029//9346
f 7024//9347 7029//9347 7027//9347
f 7027//9348 7029//9348 7028//9348
f 7027//9349 7030//9349 7031//9349
f 7027//9350 7031//9350 7032//9350
f 7027//9351 7032//9351 7030//9351
f 7030//9352 7032//9352 7031//9352
f 7030//9353 7035//9353 7033//9353
f 7030//9354 7033//9354 7034//9354
f 7030//9355 7034//9355 7035//9355
f 7035//9356 7034//9356 7033//9356
f 7035//9357 7036//9357 7037//9357
f 7035//9358 7037//9358 7038//9358
f 7035//9359 7038//9359 7036//9359
f 7036//9360 7038//9360 7037//9360
f 7036//9361 7039//9361 7040//9361
f 7036//9362 7040//9362 7041//9362
f 7036//9363 7041//9363 7039//9363
f 7039//9364 7041//9364 7040//9364
f 7039//9365 7042//9365 7043//9365
f 7039//9366 7043//9366 7044//9366
f 7039//9367 7044//9367 7042//9367
f 7042//9368 7044//9368 7043//9368
f 7042//9369 7047//9369 7045//9369
f 7042//9370 7045//9370 7046//9370
f 7042//9371 7046//9371 7047//9371
f 7047//9372 7046//9372 7045//9372
f 7047//9373 7050//9373 7048//9373
f 7047//9374 7048//9374 7049//9374
f 7047//9375 7049//9375 7050//9375
f 7050//9376 7049//9376 7048//9376
f 7050//9377 7051//9377 7052//9377
f 7050//9378 7052//9378 7053//9378
f 7050//9379 7053//9379 7051//9379
f 7051//9380 7053//9380 7052//9380
f 7051//9381 7054//9381 7055//9381
f 7051//9382 7055//9382 7056//9382
f 7051//9383 7056//9383 7054//9383
f 7054//9384 7056//9384 7055//9384
f 7054//9385 7057//9385 7058//9385
f 7054//9386 7058//9386 7059//9386
f 7054//9387 7059//9387 7057//9387
f 7057//9388 7059//9388 7058//9388
f 7057//9389 7060//9389 7061//9389
f 7057//9390 7061//9390 7062//9390
f 7057//9391 7062//9391 7060//9391
f 7060//9392 7062//9392 7061//9392
f 7060//9393 7065//9393 7063//9393
f 7060//9394 7063//9394 7064//9394
f 7060//9395 7064//9395 7065//9395
f 7065//9396 7064//9396 7063//9396
f 7065//9397 7068//9397 7066//9397
f 7065//9398 7066//9398 7067//9398
f 7065//9399 7067//9399 7068//9399
f 7068//9400 7067//9400 7066//9400
f 7068//9401 7069//9401 7070//9401
f 7068//9402 7070//9402 7071//9402
f 7068//9403 7071//9403 7069//9403
f 7069//9404 7071//9404 7070//9404
f 7069//9405 7074//9405 7072//9405
f 7069//9406 7072//9406 7073//9406
f 7069//9407 7073//9407 7074//9407
f 7074//9408 7073//9408 7072//9408
f 7074//9409 7077//9409 7075//9409
f 7074//9410 7075//9410 7076//9410
f 7074//9411 7076//9411 7077//9411
f 7077//9412 7076//9412 7075//9412
f 7077//9413 7078//9413 7079//9413
f 7077//9414 7079//9414 7080//9414
f 7077//9415 7080//9415 7078//9415
f 7078//9416 7080//9416 7079//9416
f 7078//9417 7083//9417 7081//9417
f 7078//9418 7081//9418 7082//9418
f 7078//9419 7082//9419 7083//9419
f 7083//9420 7082//9420 7081//9420
f 7083//9421 7084//9421 7085//9421
f 7083//9422 7085//9422 7086//9422
f 7083//9423 7086//9423 7084//9423
f 7084//9424 7086//9424 7085//9424
f 7084//9425 7089//9425 7087//9425
f 7084//9426 7087//9426 7088//9426
f 7084//9427 7088//9427 7089//9427
f 7089//9428 7088//9428 7087//9428
f 7089//9429 7092//9429 7090//9429
f 7089//9430 7090//9430 7091//9430
f 7089//9431 7091//9431 7092//9431
f 7092//9432 7091//9432 7090//9432
f 7092//9433 7093//9433 7094//9433
f 7092//9434 7094//9434 7095//9434
f 7092//9435 7095//9435 7093//9435
f 7093//9436 7095//9436 7094//9436
f 7093//9437 7098//9437 7096//9437
f 7093//9438 7096//9438 7097//9438
f 7093//9439 7097//9439 7098//9439
f 7098//9440 7097//9440 7096//9440
f 7098//9441 7101//9441 7099//9441
f 7098//9442 7099//9442 7100//9442
f 7098//9443 7100//9443 7101//9443
f 7101//9444 7100//9444 7099//9444
f 7101//9445 7104//9445 7102//9445
f 7101//9446 7102//9446 7103//9446
f 7101//9447 7103//9447 7104//9447
f 7104//9448 7103//9448 7102//9448
f 7104//9449 7105//9449 7106//9449
f 7104//9450 7106//9450 7107//9450
f 7104//9451 7107//9451 7105//9451
f 7105//9452 7107//9452 7106//9452
f 7105//9453 7108//9453 7109//9453
f 7105//9454 7109//9454 7110//9454
f 7105//9455 7110//9455 7108//9455
f 7108//9456 7110//9456 7109//9456
f 7111//9457 7114//9457 7112//9457
f 7111//9458 7112//9458 7113//9458
f 7111//9459 7113//9459 7114//9459
f 7114//9460 7113//9460 7112//9460
f 7114//9461 7117//9461 7115//9461
f 7114//9462 7115//9462 7116//9462
f 7114//9463 7116//9463 7117//9463
f 7117//9464 7116//9464 7115//9464
f 7117//9465 7118//9465 7119//9465
f 7117//9466 7119//9466 7120//9466
f 7117//9467 7120//9467 7118//9467
f 7118//9468 7120//9468 7119//9468
f 7118//9469 7123//9469 7121//9469
f 7118//9470 7121//9470 7122//9470
f 7118//9471 7122//9471 7123//9471
f 7123//9472 7122//9472 7121//9472
f 7123//9473 7126//9473 7124//9473
f 7123//9474 7124//9474 7125//9474
f 7123//9475 7125//9475 7126//9475
f 7126//9476 7125//9476 7124//9476
f 7126//9477 7127//9477 7128//9477
f 7126//9478 7128//9478 7129//9478
f 7126//9479 7129//9479 7127//9479
f 7127//9480 7129//9480 7128//9480
f 7127//9481 7132//9481 7130//9481
f 7127//9482 7130//9482 7131//9482
f 7127//9483 7131//9483 7132//9483
f 7132//9484 7131//9484 7130//9484
f 7132//9485 7133//9485 7134//9485
f 7132//9486 7134//9486 7135//9486
f 7132//9487 7135//9487 7133//9487
f 7133//9488 7135//9488 7134//9488
f 7133//9489 7138//9489 7136//9489
f 7133//9490 7136//9490 7137//9490
f 7133//9491 7137//9491 7138//9491
f 7138//9492 7137//9492 7136//9492
f 7138//9493 7141//9493 7139//9493
f 7138//9494 7139//9494 7140//9494
f 7138//9495 7140//9495 7141//9495
f 7141//9496 7140//9496 7139//9496
f 7141//9497 7144//9497 7142//9497
f 7141//9498 7142//9498 7143//9498
f 7141//9499 7143//9499 7144//9499
f 7144//9500 7143//9500 7142//9500
f 7144//9501 7147//9501 7145//9501
f 7144//9502 7145//9502 7146//9502
f 7144//9503 7146//9503 7147//9503
f 7147//9504 7146//9504 7145//9504
f 7147//9505 7150//9505 7148//9505
f 7147//9506 7148//9506 7149//9506
f 7147//9507 7149//9507 7150//9507
f 7150//9508 7149//9508 7148//9508
f 7150//9509 7153//9509 7151//9509
f 7150//9510 7151//9510 7152//9510
f 7150//9511 7152//9511 7153//9511
f 7153//9512 7152//9512 7151//9512
f 7153//9513 7154//9513 7155//9513
f 7153//9514 7155//9514 7156//9514
f 7153//9515 7156//9515 7154//9515
f 7154//9516 7156//9516 7155//9516
f 7154//9517 7157//9517 7158//9517
f 7154//9518 7158//9518 7159//9518
f 7154//9519 7159//9519 7157//9519
f 7157//9520 7159//9520 7158//9520
f 7157//9521 7160//9521 7161//9521
f 7157//9522 7161//9522 7162//9522
f 7157//9523 7162//9523 7160//9523
f 7160//9524 7162//9524 7161//9524
f 7160//9525 7163//9525 7164//9525
f 7160//9526 7164//9526 7165//9526
f 7160//9527 7165//9527 7163//9527
f 7163//9528 7165//9528 7164//9528
f 7163//9529 7166//9529 7167//9529
f 7163//9530 7167//9530 7168//9530
f 7163//9531 7168//9531 7166//9531
f 7166//9532 7168//9532 7167//9532
f 7166//9533 7171//9533 7169//9533
f 7166//9534 7169//9534 7170//9534
f 7166//9535 7170//9535 7171//9535
f 7171//9536 7170//9536 7169//9536
f 7171//9537 7174//9537 7172//9537
f 7171//9538 7172//9538 7173//9538
f 7171//9539 7173//9539 7174//9539
f 7174//9540 7173//9540 7172//9540
f 7174//9541 7175//9541 7176//9541
f 7174//9542 7176//9542 7177//9542
f 7174//9543 7177//9543 7175//9543
f 7175//9544 7177//9544 7176//9544
f 7175//9545 7180//9545 7178//9545
f 7175//9546 7178//9546 7179//9546
f 7175//9547 7179//9547 7180//9547
f 7180//9548 7179//9548 7178//9548
f 7180//9549 7183//9549 7181//9549
f 7180//9550 7181//9550 7182//9550
f 7180//9551 7182//9551 7183//9551
f 7183//9552 7182//9552 7181//9552
f 7183//9553 7184//9553 7185//9553
f 7183//9554 7185//9554 7186//9554
f 7183//9555 7186//9555 7184//9555
f 7184//9556 7186//9556 7185//9556
f 7184//9557 7187//9557 7188//9557
f 7184//9558 7188//9558 7189//9558
f 7184//9559 7189//9559 7187//9559
f 7187//9560 7189//9560 7188//9560
f 7187//9561 7192//9561 7190//9561
f 7187//9562 7190//9562 7191//9562
f 7187//9563 7191//9563 7192//9563
f 7192//9564 7191//9564 7190//9564
f 7192//9565 7195//9565 7193//9565
f 7192//9566 7193//9566 7194//9566
f 7192//9567 7194//9567 7195//9567
f 7195//9568 7194//9568 7193//9568
f 7195//9569 7198//9569 7196//9569
f 7195//9570 7196//9570 7197//9570
f 7195//9571 7197//9571 7198//9571
f 7198//9572 7197//9572 7196//9572
f 7198//9573 7201//9573 7199//9573
f 7198//9574 7199//9574 7200//9574
f 7198//9575 7200//9575 7201//9575
f 7201//9576 7200//9576 7199//9576
f 7201//9577 7204//9577 7202//9577
f 7201//9578 7202//9578 7203//9578
f 7201//9579 7203//9579 7204//9579
f 7204//9580 7203//9580 7202//9580
f 7204//9581 7207//9581 7205//9581
f 7204//9582 7205//9582 7206//9582
f 7204//9583 7206//9583 7207//9583
f 7207//9584 7206//9584 7205//9584
f 7207//9585 7208//9585 7209//9585
f 7207//9586 7209//9586 7210//9586
f 7207//9587 7210//9587 7208//9587
f 7208//9588 7210//9588 7209//9588
f 7208//9589 7211//9589 7212//9589
f 7208//9590 7212//9590 7213//9590
f 7208//9591 7213//9591 7211//9591
f 7211//9592 7213//9592 7212//9592
f 7211//9593 7214//9593 7215//9593
f 7211//9594 7215//9594 7216//9594
f 7211//9595 7216//9595 7214//9595
f 7214//9596 7216//9596 7215//9596
f 7214//9597 7219//9597 7217//9597
f 7214//9598 7217//9598 7218//9598
f 7214//9599 7218//9599 7219//9599
f 7219//9600 7218//9600 7217//9600
f 7219//9601 7222//9601 7220//9601
f 7219//9602 7220//9602 7221//9602
f 7219//9603 7221//9603 7222//9603
f 7222//9604 7221//9604 7220//9604
f 7222//9605 7223//9605 7224//9605
f 7222//9606 7224//9606 7225//9606
f 7222//9607 7225//9607 7223//9607
f 7223//9608 7225//9608 7224//9608
f 7223//9609 7226//9609 7227//9609
f 7223//9610 7227//9610 7228//9610
f 7223//9611 7228//9611 7226//9611
f 7226//9612 7228//9612 7227//9612
f 7226//9613 7231//9613 7229//9613
f 7226//9614 7229//9614 7230//9614
f 7226//9615 7230//9615 7231//9615
f 7231//9616 7230//9616 7229//9616
f 7231//9617 7232//9617 7233//9617
f 7231//9618 7233//9618 7234//9618
f 7231//9619 7234//9619 7232//9619
f 7232//9620 7234//9620 7233//9620
f 7232//9621 7237//9621 7235//9621
f 7232//9622 7235//9622 7236//9622
f 7232//9623 7236//9623 7237//9623
f 7237//9624 7236//9624 7235//9624
f 7237//9625 7240//9625 7238//9625
f 7237//9626 7238//9626 7239//9626
f 7237//9627 7239//9627 7240//9627
f 7240//9628 7239//9628 7238//9628
f 7240//9629 7243//9629 7241//9629
f 7240//9630 7241//9630 7242//9630
f 7240//9631 7242//9631 7243//9631
f 7243//9632 7242//9632 7241//9632
f 7243//9633 7244//9633 7245//9633
f 7243//9634 7245//9634 7246//9634
f 7243//9635 7246//9635 7244//9635
f 7244//9636 7246//9636 7245//9636
f 7244//9637 7247//9637 7248//9637
f 7244//9638 7248//9638 7249//9638
f 7244//9639 7249//9639 7247//9639
f 7247//9640 7249//9640 7248//9640
f 7247//9641 7250//9641 7251//9641
f 7247//9642 7251//9642 7252//9642
f 7247//9643 7252//9643 7250//9643
f 7250//9644 7252//9644 7251//9644
f 7250//9645 7255//9645 7253//9645
f 7250//9646 7253//9646 7254//9646
f 7250//9647 7254//9647 7255//9647
f 7255//9648 7254//9648 7253//9648
f 7255//9649 7258//9649 7256//9649
f 7255//9650 7256//9650 7257//9650
f 7255//9651 7257//9651 7258//9651
f 7258//9652 7257//9652 7256//9652
f 7258//9653 7261//9653 7259//9653
f 7258//9654 7259//9654 7260//9654
f 7258//9655 7260//9655 7261//9655
f 7261//9656 7260//9656 7259//9656
f 7261//9657 7262//9657 7263//9657
f 7261//9658 7263//9658 7264//9658
f 7261//9659 7264//9659 7262//9659
f 7262//9660 7264//9660 7263//9660
f 7262//9661 7267//9661 7265//9661
f 7262//9662 7265//9662 7266//9662
f 7262//9663 7266//9663 7267//9663
f 7267//9664 7266//9664 7265//9664
f 7267//9665 7270//9665 7268//9665
f 7267//9666 7268//9666 7269//9666
f 7267//9667 7269//9667 7270//9667
f 7270//9668 7269//9668 7268//9668
f 7270//9669 7271//9669 7272//9669
f 7270//9670 7272//9670 7273//9670
f 7270//9671 7273//9671 7271//9671
f 7271//9672 7273//9672 7272//9672
f 7271//9673 7274//9673 7275//9673
f 7271//9674 7275//9674 7276//9674
f 7271//9675 7276//9675 7274//9675
f 7274//9676 7276//9676 7275//9676
f 7274//9677 7279//9677 7277//9677
f 7274//9678 7277//9678 7278//9678
f 7274//9679 7278//9679 7279//9679
f 7279//9680 7278//9680 7277//9680
f 7279//9681 7282//9681 7280//9681
f 7279//9682 7280//9682 7281//9682
f 7279//9683 7281//9683 7282//9683
f 7282//9684 7281//9684 7280//9684
f 7282//9685 7283//9685 7284//9685
f 7282//9686 7284//9686 7285//9686
f 7282//9687 7285//9687 7283//9687
f 7283//9688 7285//9688 7284//9688
f 7283//9689 7286//9689 7287//9689
f 7283//9690 7287//9690 7288//9690
f 7283//9691 7288//9691 7286//9691
f 7286//9692 7288//9692 7287//9692
f 7286//9693 7289//9693 7290//9693
f 7286//9694 7290//9694 7291//9694
f 7286//9695 7291//9695 7289//9695
f 7289//9696 7291//9696 7290//9696
f 7289//9697 7294//9697 7292//9697
f 7289//9698 7292//9698 7293//9698
f 7289//9699 7293//9699 7294//9699
f 7294//9700 7293//9700 7292//9700
f 7294//9701 7297//9701 7295//9701
f 7294//9702 7295//9702 7296//9702
f 7294//9703 7296//9703 7297//9703
f 7297//9704 7296//9704 7295//9704
f 7297//9705 7298//9705 7299//9705
f 7297//9706 7299//9706 7300//9706
f 7297//9707 7300//9707 7298//9707
f 7298//9708 7300//9708 7299//9708
f 7298//9709 7303//9709 7301//9709
f 7298//9710 7301//9710 7302//9710
f 7298//9711 7302//9711 7303//9711
f 7303//9712 7302//9712 7301//9712
f 7303//9713 7306//9713 7304//9713
f 7303//9714 7304//9714 7305//9714
f 7303//9715 7305//9715 7306//9715
f 7306//9716 7305//9716 7304//9716
f 7306//9717 7307//9717 7308//9717
f 7306//9718 7308//9718 7309//9718
f 7306//9719 7309//9719 7307//9719
f 7307//9720 7309//9720 7308//9720
f 7307//9721 7312//9721 7310//9721
f 7307//9722 7310//9722 7311//9722
f 7307//9723 7311//9723 7312//9723
f 7312//9724 7311//9724 7310//9724
f 7312//9725 7313//9725 7314//9725
f 7312//9726 7314//9726 7315//9726
f 7312//9727 7315//9727 7313//9727
f 7313//9728 7315//9728 7314//9728
f 7313//9729 7318//9729 7316//9729
f 7313//9730 7316//9730 7317//9730
f 7313//9731 7317//9731 7318//9731
f 7318//9732 7317//9732 7316//9732
f 7318//9733 7321//9733 7319//9733
f 7318//9734 7319//9734 7320//9734
f 7318//9735 7320//9735 7321//9735
f 7321//9736 7320//9736 7319//9736
f 7321//9737 7322//9737 7323//9737
f 7321//9738 7323//9738 7324//9738
f 7321//9739 7324//9739 7322//9739
f 7322//9740 7324//9740 7323//9740
f 7322//9741 7325//9741 7326//9741
f 7322//9742 7326//9742 7327//9742
f 7322//9743 7327//9743 7325//9743
f 7325//9744 7327//9744 7326//9744
f 7325//9745 7330//9745 7328//9745
f 7325//9746 7328//9746 7329//9746
f 7325//9747 7329//9747 7330//9747
f 7330//9748 7329//9748 7328//9748
f 7330//9749 7331//9749 7332//9749
f 7330//9750 7332//9750 7333//9750
f 7330//9751 7333//9751 7331//9751
f 7331//9752 7333//9752 7332//9752
f 7331//9753 7336//9753 7334//9753
f 7331//9754 7334//9754 7335//9754
f 7331//9755 7335//9755 7336//9755
f 7336//9756 7335//9756 7334//9756
f 7336//9757 7337//9757 7338//9757
f 7336//9758 7338//9758 7339//9758
f 7336//9759 7339//9759 7337//9759
f 7337//9760 7339//9760 7338//9760
f 7337//9761 7342//9761 7340//9761
f 7337//9762 7340//9762 7341//9762
f 7337//9763 7341//9763 7342//9763
f 7342//9764 7341//9764 7340//9764
f 7342//9765 7345//9765 7343//9765
f 7342//9766 7343//9766 7344//9766
f 7342//9767 7344//9767 7345//9767
f 7345//9768 7344//9768 7343//9768
f 7345//9769 7346//9769 7347//9769
f 7345//9770 7347//9770 7348//9770
f 7345//9771 7348//9771 7346//9771
f 7346//9772 7348//9772 7347//9772
f 7346//9773 7351//9773 7349//9773
f 7346//9774 7349//9774 7350//9774
f 7346//9775 7350//9775 7351//9775
f 7351//9776 7350//9776 7349//9776
f 7351//9777 7352//9777 7353//9777
f 7351//9778 7353//9778 7354//9778
f 7351//9779 7354//9779 7352//9779
f 7352//9780 7354//9780 7353//9780
f 7352//9781 7357//9781 7355//9781
f 7352//9782 7355//9782 7356//9782
f 7352//9783 7356//9783 7357//9783
f 7357//9784 7356//9784 7355//9784
f 7357//9785 7358//9785 7359//9785
f 7357//9786 7359//9786 7360//9786
f 7357//9787 7360//9787 7358//9787
f 7358//9788 7360//9788 7359//9788
f 7358//9789 7361//9789 7362//9789
f 7358//9790 7362//9790 7363//9790
f 7358//9791 7363//9791 7361//9791
f 7361//9792 7363//9792 7362//9792
f 7361//9793 7364//9793 7365//9793
f 7361//9794 7365//9794 7366//9794
f 7361//9795 7366//9795 7364//9795
f 7364//9796 7366//9796 7365//9796
f 7364//9797 7369//9797 7367//9797
f 7364//9798 7367//9798 7368//9798
f 7364//9799 7368//9799 7369//9799
f 7369//9800 7368//9800 7367//9800
f 7369//9801 7372//9801 7370//9801
f 7369//9802 7370//9802 7371//9802
f 7369//9803 7371//9803 7372//9803
f 7372//9804 7371//9804 7370//9804
f 7372//9805 7375//9805 7373//9805
f 7372//9806 7373//9806 7374//9806
f 7372//9807 7374//9807 7375//9807
f 7375//9808 7374//9808 7373//9808
f 7375//9809 7376//9809 7377//9809
f 7375//9810 7377//9810 7378//9810
f 7375//9811 7378//9811 7376//9811
f 7376//9812 7378//9812 7377//9812
f 7376//9813 7379//9813 7380//9813
f 7376//9814 7380//9814 7381//9814
f 7376//9815 7381//9815 7379//9815
f 7379//9816 7381//9816 7380//9816
f 7379//9817 7382//9817 7383//9817
f 7379//9818 7383//9818 7384//9818
f 7379//9819 7384//9819 7382//9819
f 7382//9820 7384//9820 7383//9820
f 7382//9821 7385//9821 7386//9821
f 7382//9822 7386//9822 7387//9822
f 7382//9823 7387//9823 7385//9823
f 7385//9824 7387//9824 7386//9824
f 7385//9825 7388//9825 7389//9825
f 7385//9826 7389//9826 7390//9826
f 7385//9827 7390//9827 7388//9827
f 7388//9828 7390//9828 7389//9828
f 7388//9829 7393//9829 7391//9829
f 7388//9830 7391//9830 7392//9830
f 7388//9831 7392//9831 7393//9831
f 7393//9832 7392//9832 7391//9832
f 7393//9833 7394//9833 7395//9833
f 7393//9834 7395//9834 7396//9834
f 7393//9835 7396//9835 7394//9835
f 7394//9836 7396//9836 7395//9836
f 7394//9837 7397//9837 7398//9837
f 7394//9838 7398//9838 7399//9838
f 7394//9839 7399//9839 7397//9839
f 7397//9840 7399//9840 7398//9840
f 7397//9841 7400//9841 7401//9841
f 7397//9842 7401//9842 7402//9842
f 7397//9843 7402//9843 7400//9843
f 7400//9844 7402//9844 7401//9844
f 7400//9845 7403//9845 7404//9845
f 7400//9846 7404//9846 7405//9846
f 7400//9847 7405//9847 7403//9847
f 7403//9848 7405//9848 7404//9848
f 7403//9849 7408//9849 7406//9849
f 7403//9850 7406//9850 7407//9850
f 7403//9851 7407//9851 7408//9851
f 7408//9852 7407//9852 7406//9852
f 7408//9853 7411//9853 7409//9853
f 7408//9854 7409//9854 7410//9854
f 7408//9855 7410//9855 7411//9855
f 7411//9856 7410//9856 7409//9856
f 7411//9857 7414//9857 7412//9857
f 7411//9858 7412//9858 7413//9858
f 7411//9859 7413//9859 7414//9859
f 7414//9860 7413//9860 7412//9860
f 7414//9861 7417//9861 7415//9861
f 7414//9862 7415//9862 7416//9862
f 7414//9863 7416//9863 7417//9863
f 7417//9864 7416//9864 7415//9864
f 7417//9865 7420//9865 7418//9865
f 7417//9866 7418//9866 7419//9866
f 7417//9867 7419//9867 7420//9867
f 7420//9868 7419//9868 7418//9868
f 7420//9869 7423//9869 7421//9869
f 7420//9870 7421//9870 7422//9870
f 7420//9871 7422//9871 7423//9871
f 7423//9872 7422//9872 7421//9872
f 7423//9873 7424//9873 7425//9873
f 7423//9874 7425//9874 7426//9874
f 7423//9875 7426//9875 7424//9875
f 7424//9876 7426//9876 7425//9876
f 7424//9877 7429//9877 7427//9877
f 7424//9878 7427//9878 7428//9878
f 7424//9879 7428//9879 7429//9879
f 7429//9880 7428//9880 7427//9880
f 7429//9881 7430//9881 7431//9881
f 7429//9882 7431//9882 7432//9882
f 7429//9883 7432//9883 7430//9883
f 7430//9884 7432//9884 7431//9884
f 7430//9885 7433//9885 7434//9885
f 7430//9886 7434//9886 7435//9886
f 7430//9887 7435//9887 7433//9887
f 7433//9888 7435//9888 7434//9888
f 7433//9889 7438//9889 7436//9889
f 7433//9890 7436//9890 7437//9890
f 7433//9891 7437//9891 7438//9891
f 7438//9892 7437//9892 7436//9892
f 7438//9893 7441//9893 7439//9893
f 7438//9894 7439//9894 7440//9894
f 7438//9895 7440//9895 7441//9895
f 7441//9896 7440//9896 7439//9896
f 7441//9897 7444//9897 7442//9897
f 7441//9898 7442//9898 7443//9898
f 7441//9899 7443//9899 7444//9899
f 7444//9900 7443//9900 7442//9900
f 7444//9901 7447//9901 7445//9901
f 7444//9902 7445//9902 7446//9902
f 7444//9903 7446//9903 7447//9903
f 7447//9904 7446//9904 7445//9904
f 7447//9905 7448//9905 7449//9905
f 7447//9906 7449//9906 7450//9906
f 7447//9907 7450//9907 7448//9907
f 7448//9908 7450//9908 7449//9908
f 7448//9909 7453//9909 7451//9909
f 7448//9910 7451//9910 7452//9910
f 7448//9911 7452//9911 7453//9911
f 7453//9912 7452//9912 7451//9912
f 7453//9913 7456//9913 7454//9913
f 7453//9914 7454//9914 7455//9914
f 7453//9915 7455//9915 7456//9915
f 7456//9916 7455//9916 7454//9916
f 7456//9917 7457//9917 7458//9917
f 7456//9918 7458//9918 7459//9918
f 7456//9919 7459//9919 7457//9919
f 7457//9920 7459//9920 7458//9920
f 7457//9921 7462//9921 7460//9921
f 7457//9922 7460//9922 7461//9922
f 7457//9923 7461//9923 7462//9923
f 7462//9924 7461//9924 7460//9924
f 7462//9925 7463//9925 7464//9925
f 7462//9926 7464//9926 7465//9926
f 7462//9927 7465//9927 7463//9927
f 7463//9928 7465//9928 7464//9928
f 7463//9929 7468//9929 7466//9929
f 7463//9930 7466//9930 7467//9930
f 7463//9931 7467//9931 7468//9931
f 7468//9932 7467//9932 7466//9932
f 7468//9933 7469//9933 7470//9933
f 7468//9934 7470//9934 7471//9934
f 7468//9935 7471//9935 7469//9935
f 7469//9936 7471//9936 7470//9936
f 7469//9937 7472//9937 7473//9937
f 7469//9938 7473//9938 7474//9938
f 7469//9939 7474//9939 7472//9939
f 7472//9940 7474//9940 7473//9940
f 7472//9941 7477//9941 7475//9941
f 7472//9942 7475//9942 7476//9942
f 7472//9943 7476//9943 7477//9943
f 7477//9944 7476//9944 7475//9944
f 7477//9945 7478//9945 7479//9945
f 7477//9946 7479//9946 7480//9946
f 7477//9947 7480//9947 7478//9947
f 7478//9948 7480//9948 7479//9948
f 7478//9949 7483//9949 7481//9949
f 7478//9950 7481//9950 7482//9950
f 7478//9951 7482//9951 7483//9951
f 7483//9952 7482//9952 7481//9952
f 7483//9953 7486//9953 7484//9953
f 7483//9954 7484//9954 7485//9954
f 7483//9955 7485//9955 7486//9955
f 7486//9956 7485//9956 7484//9956
f 7486//9957 7489//9957 7487//9957
f 7486//9958 7487//9958 7488//9958
f 7486//9959 7488//9959 7489//9959
f 7489//9960 7488//9960 7487//9960
f 7489//9961 7490//9961 7491//9961
f 7489//9962 7491//9962 7492//9962
f 7489//9963 7492//9963 7490//9963
f 7490//9964 7492//9964 7491//9964
f 7490//9965 7495//9965 7493//9965
f 7490//9966 7493//9966 7494//9966
f 7490//9967 7494//9967 7495//9967
f 7495//9968 7494//9968 7493//9968
f 7495//9969 7498//9969 7496//9969
f 7495//9970 7496//9970 7497//9970
f 7495//9971 7497//9971 7498//9971
f 7498//9972 7497//9972 7496//9972
f 7498//9973 7499//9973 7500//9973
f 7498//9974 7500//9974 7501//9974
f 7498//9975 7501//9975 7499//9975
f 7499//9976 7501//9976 7500//9976
f 7499//9977 7502//9977 7503//9977
f 7499//9978 7503//9978 7504//9978
f 7499//9979 7504//9979 7502//9979
f 7502//9980 7504//9980 7503//9980
f 7502//9981 7505//9981 7506//9981
f 7502//9982 7506//9982 7507//9982
f 7502//9983 7507//9983 7505//9983
f 7505//9984 7507//9984 7506//9984
f 7505//9985 7508//9985 7509//9985
f 7505//9986 7509//9986 7510//9986
f 7505//9987 7510//9987 7508//9987
f 7508//9988 7510//9988 7509//9988
f 7511//9989 7514//9989 7512//9989
f 7511//9990 7512//9990 7513//9990
f 7511//9991 7513//9991 7514//9991
f 7514//9992 7513//9992 7512//9992
f 7514//9993 7517//9993 7515//9993
f 7514//9994 7515//9994 7516//9994
f 7514//9995 7516//9995 7517//9995
f 7517//9996 7516//9996 7515//9996
f 7517//9997 7518//9997 7519//9997
f 7517//9998 7519//9998 7520//9998
f 7517//9999 7520//9999 7518//9999
f 7518//10000 7520//10000 7519//10000
f 7518//10001 7523//10001 7521//10001
f 7518//10002 7521//10002 7522//10002
f 7518//10003 7522//10003 7523//10003
f 7523//10004 7522//10004 7521//10004
f 7523//10005 7524//10005 7525//10005
f 7523//10006 7525//10006 7526//10006
f 7523//10007 7526//10007 7524//10007
f 7524//10008 7526//10008 7525//10008
f 7524//10009 7529//10009 7527//10009
f 7524//10010 7527//10010 7528//10010
f 7524//10011 7528//10011 7529//10011
f 7529//10012 7528//10012 7527//10012
f 7529//10013 7532//10013 7530//10013
f 7529//10014 7530//10014 7531//10014
f 7529//10015 7531//10015 7532//10015
f 7532//10016 7531//10016 7530//10016
f 7532//10017 7533//10017 7534//10017
f 7532//10018 7534//10018 7535//10018
f 7532//10019 7535//10019 7533//10019
f 7533//10020 7535//10020 7534//10020
f 7533//10021 7536//10021 7537//10021
f 7533//10022 7537//10022 7538//10022
f 7533//10023 7538//10023 7536//10023
f 7536//10024 7538//10024 7537//10024
f 7536//10025 7541//10025 7539//10025
f 7536//10026 7539//10026 7540//10026
f 7536//10027 7540//10027 7541//10027
f 7541//10028 7540//10028 7539//10028
f 7541//10029 7542//10029 7543//10029
f 7541//10030 7543//10030 7544//10030
f 7541//10031 7544//10031 7542//10031
f 7542//10032 7544//10032 7543//10032
f 7542//10033 7547//10033 7545//10033
f 7542//10034 7545//10034 7546//10034
f 7542//10035 7546//10035 7547//10035
f 7547//10036 7546//10036 7545//10036
f 7547//10037 7550//10037 7548//10037
f 7547//10038 7548//10038 7549//10038
f 7547//10039 7549//10039 7550//10039
f 7550//10040 7549//10040 7548//10040
f 7550//10041 7553//10041 7551//10041
f 7550//10042 7551//10042 7552//10042
f 7550//10043 7552//10043 7553//10043
f 7553//10044 7552//10044 7551//10044
f 7553//10045 7556//10045 7554//10045
f 7553//10046 7554//10046 7555//10046
f 7553//10047 7555//10047 7556//10047
f 7556//10048 7555//10048 7554//10048
f 7556//10049 7559//10049 7557//10049
f 7556//10050 7557//10050 7558//10050
f 7556//10051 7558//10051 7559//10051
f 7559//10052 7558//10052 7557//10052
f 7559//10053 7560//10053 7561//10053
f 7559//10054 7561//10054 7562//10054
f 7559//10055 7562//10055 7560//10055
f 7560//10056 7562//10056 7561//10056
f 7560//10057 7565//10057 7563//10057
f 7560//10058 7563//10058 7564//10058
f 7560//10059 7564//10059 7565//10059
f 7565//10060 7564//10060 7563//10060
f 7565//10061 7566//10061 7567//10061
f 7565//10062 7567//10062 7568//10062
f 7565//10063 7568//10063 7566//10063
f 7566//10064 7568//10064 7567//10064
f 7566//10065 7569//10065 7570//10065
f 7566//10066 7570//10066 7571//10066
f 7566//10067 7571//10067 7569//10067
f 7569//10068 7571//10068 7570//10068
f 7569//10069 7574//10069 7572//10069
f 7569//10070 7572//10070 7573//10070
f 7569//10071 7573//10071 7574//10071
f 7574//10072 7573//10072 7572//10072
f 7574//10073 7575//10073 7576//10073
f 7574//10074 7576//10074 7577//10074
f 7574//10075 7577//10075 7575//10075
f 7575//10076 7577//10076 7576//10076
f 7575//10077 7580//10077 7578//10077
f 7575//10078 7578//10078 7579//10078
f 7575//10079 7579//10079 7580//10079
f 7580//10080 7579//10080 7578//10080
f 7580//10081 7583//10081 7581//10081
f 7580//10082 7581//10082 7582//10082
f 7580//10083 7582//10083 7583//10083
f 7583//10084 7582//10084 7581//10084
f 7583//10085 7586//10085 7584//10085
f 7583//10086 7584//10086 7585//10086
f 7583//10087 7585//10087 7586//10087
f 7586//10088 7585//10088 7584//10088
f 7586//10089 7589//10089 7587//10089
f 7586//10090 7587//10090 7588//10090
f 7586//10091 7588//10091 7589//10091
f 7589//10092 7588//10092 7587//10092
f 7589//10093 7590//10093 7591//10093
f 7589//10094 7591//10094 7592//10094
f 7589//10095 7592//10095 7590//10095
f 7590//10096 7592//10096 7591//10096
f 7590//10097 7595//10097 7593//10097
f 7590//10098 7593//10098 7594//10098
f 7590//10099 7594//10099 7595//10099
f 7595//10100 7594//10100 7593//10100
f 7595//10101 7598//10101 7596//10101
f 7595//10102 7596//10102 7597//10102
f 7595//10103 7597//10103 7598//10103
f 7598//10104 7597//10104 7596//10104
f 7598//10105 7601//10105 7599//10105
f 7598//10106 7599//10106 7600//10106
f 7598//10107 7600//10107 7601//10107
f 7601//10108 7600//10108 7599//10108
f 7601//10109 7604//10109 7602//10109
f 7601//10110 7602//10110 7603//10110
f 7601//10111 7603//10111 7604//10111
f 7604//10112 7603//10112 7602//10112
f 7604//10113 7607//10113 7605//10113
f 7604//10114 7605//10114 7606//10114
f 7604//10115 7606//10115 7607//10115
f 7607//10116 7606//10116 7605//10116
f 7607//10117 7608//10117 7609//10117
f 7607//10118 7609//10118 7610//10118
f 7607//10119 7610//10119 7608//10119
f 7608//10120 7610//10120 7609//10120
f 7608//10121 7611//10121 7612//10121
f 7608//10122 7612//10122 7613//10122
f 7608//10123 7613//10123 7611//10123
f 7611//10124 7613//10124 7612//10124
f 7611//10125 7614//10125 7615//10125
f 7611//10126 7615//10126 7616//10126
f 7611//10127 7616//10127 7614//10127
f 7614//10128 7616//10128 7615//10128
f 7614//10129 7619//10129 7617//10129
f 7614//10130 7617//10130 7618//10130
f 7614//10131 7618//10131 7619//10131
f 7619//10132 7618//10132 7617//10132
f 7619//10133 7622//10133 7620//10133
f 7619//10134 7620//10134 7621//10134
f 7619//10135 7621//10135 7622//10135
f 7622//10136 7621//10136 7620//10136
f 7622//10137 7625//10137 7623//10137
f 7622//10138 7623//10138 7624//10138
f 7622//10139 7624//10139 7625//10139
f 7625//10140 7624//10140 7623//10140
f 7625//10141 7628//10141 7626//10141
f 7625//10142 7626//10142 7627//10142
f 7625//10143 7627//10143 7628//10143
f 7628//10144 7627//10144 7626//10144
f 7628//10145 7629//10145 7630//10145
f 7628//10146 7630//10146 7631//10146
f 7628//10147 7631//10147 7629//10147
f 7629//10148 7631//10148 7630//10148
f 7629//10149 7632//10149 7633//10149
f 7629//10150 7633//10150 7634//10150
f 7629//10151 7634//10151 7632//10151
f 7632//10152 7634//10152 7633//10152
f 7632//10153 7637//10153 7635//10153
f 7632//10154 7635//10154 7636//10154
f 7632//10155 7636//10155 7637//10155
f 7637//10156 7636//10156 7635//10156
f 7637//10157 7638//10157 7639//10157
f 7637//10158 7639//10158 7640//10158
f 7637//10159 7640//10159 7638//10159
f 7638//10160 7640//10160 7639//10160
f 7638//10161 7641//10161 7642//10161
f 7638//10162 7642//10162 7643//10162
f 7638//10163 7643//10163 7641//10163
f 7641//10164 7643//10164 7642//10164
f 7641//10165 7646//10165 7644//10165
f 7641//10166 7644//10166 7645//10166
f 7641//10167 7645//10167 7646//10167
f 7646//10168 7645//10168 7644//10168
f 7646//10169 7647//10169 7648//10169
f 7646//10170 7648//10170 7649//10170
f 7646//10171 7649//10171 7647//10171
f 7647//10172 7649//10172 7648//10172
f 7647//10173 7650//10173 7651//10173
f 7647//10174 7651//10174 7652//10174
f 7647//10175 7652//10175 7650//10175
f 7650//10176 7652//10176 7651//10176
f 7650//10177 7653//10177 7654//10177
f 7650//10178 7654//10178 7655//10178
f 7650//10179 7655//10179 7653//10179
f 7653//10180 7655//10180 7654//10180
f 7653//10181 7658//10181 7656//10181
f 7653//10182 7656//10182 7657//10182
f 7653//10183 7657//10183 7658//10183
f 7658//10184 7657//10184 7656//10184
f 7658//10185 7661//10185 7659//10185
f 7658//10186 7659//10186 7660//10186
f 7658//10187 7660//10187 7661//10187
f 7661//10188 7660//10188 7659//10188
f 7661//10189 7662//10189 7663//10189
f 7661//10190 7663//10190 7664//10190
f 7661//10191 7664//10191 7662//10191
f 7662//10192 7664//10192 7663//10192
f 7662//10193 7667//10193 7665//10193
f 7662//10194 7665//10194 7666//10194
f 7662//10195 7666//10195 7667//10195
f 7667//10196 7666//10196 7665//10196
f 7667//10197 7670//10197 7668//10197
f 7667//10198 7668//10198 7669//10198
f 7667//10199 7669//10199 7670//10199
f 7670//10200 7669//10200 7668//10200
f 7670//10201 7671//10201 7672//10201
f 7670//10202 7672//10202 7673//10202
f 7670//10203 7673//10203 7671//10203
f 7671//10204 7673//10204 7672//10204
f 7671//10205 7676//10205 7674//10205
f 7671//10206 7674//10206 7675//10206
f 7671//10207 7675//10207 7676//10207
f 7676//10208 7675//10208 7674//10208
f 7676//10209 7677//10209 7678//10209
f 7676//10210 7678//10210 7679//10210
f 7676//10211 7679//10211 7677//10211
f 7677//10212 7679//10212 7678//10212
f 7677//10213 7680//10213 7681//10213
f 7677//10214 7681//10214 7682//10214
f 7677//10215 7682//10215 7680//10215
f 7680//10216 7682//10216 7681//10216
f 7680//10217 7683//10217 7684//10217
f 7680//10218 7684//10218 7685//10218
f 7680//10219 7685//10219 7683//10219
f 7683//10220 7685//10220 7684//10220
f 7683//10221 7688//10221 7686//10221
f 7683//10222 7686//10222 7687//10222
f 7683//10223 7687//10223 7688//10223
f 7688//10224 7687//10224 7686//10224
f 7688//10225 7689//10225 7690//10225
f 7688//10226 7690//10226 7691//10226
f 7688//10227 7691//10227 7689//10227
f 7689//10228 7691//10228 7690//10228
f 7689//10229 7692//10229 7693//10229
f 7689//10230 7693//10230 7694//10230
f 7689//10231 7694//10231 7692//10231
f 7692//10232 7694//10232 7693//10232
f 7692//10233 7695//10233 7696//10233
f 7692//10234 7696//10234 7697//10234
f 7692//10235 7697//10235 7695//10235
f 7695//10236 7697//10236 7696//10236
f 7698//10237 7701//10237 7699//10237
f 7698//10238 7699//10238 7700//10238
f 7698//10239 7700//10239 7701//10239
f 7701//10240 7700//10240 7699//10240
f 7701//10241 7704//10241 7702//10241
f 7701//10242 7702//10242 7703//10242
f 7701//10243 7703//10243 7704//10243
f 7704//10244 7703//10244 7702//10244
f 7704//10245 7705//10245 7706//10245
f 7704//10246 7706//10246 7707//10246
f 7704//10247 7707//10247 7705//10247
f 7705//10248 7707//10248 7706//10248
f 7705//10249 7710//10249 7708//10249
f 7705//10250 7708//10250 7709//10250
f 7705//10251 7709//10251 7710//10251
f 7710//10252 7709//10252 7708//10252
f 7710//10253 7711//10253 7712//10253
f 7710//10254 7712//10254 7713//10254
f 7710//10255 7713//10255 7711//10255
f 7711//10256 7713//10256 7712//10256
f 7711//10257 7714//10257 7715//10257
f 7711//10258 7715//10258 7716//10258
f 7711//10259 7716//10259 7714//10259
f 7714//10260 7716//10260 7715//10260
f 7714//10261 7717//10261 7718//10261
f 7714//10262 7718//10262 7719//10262
f 7714//10263 7719//10263 7717//10263
f 7717//10264 7719//10264 7718//10264
f 7717//10265 7722//10265 7720//10265
f 7717//10266 7720//10266 7721//10266
f 7717//10267 7721//10267 7722//10267
f 7722//10268 7721//10268 7720//10268
f 7722//10269 7723//10269 7724//10269
f 7722//10270 7724//10270 7725//10270
f 7722//10271 7725//10271 7723//10271
f 7723//10272 7725//10272 7724//10272
f 7723//10273 7726//10273 7727//10273
f 7723//10274 7727//10274 7728//10274
f 7723//10275 7728//10275 7726//10275
f 7726//10276 7728//10276 7727//10276
f 7726//10277 7729//10277 7730//10277
f 7726//10278 7730//10278 7731//10278
f 7726//10279 7731//10279 7729//10279
f 7729//10280 7731//10280 7730//10280
f 7729//10281 7732//10281 7733//10281
f 7729//10282 7733//10282 7734//10282
f 7729//10283 7734//10283 7732//10283
f 7732//10284 7734//10284 7733//10284
f 7732//10285 7737//10285 7735//10285
f 7732//10286 7735//10286 7736//10286
f 7732//10287 7736//10287 7737//10287
f 7737//10288 7736//10288 7735//10288
f 7737//10289 7738//10289 7739//10289
f 7737//10290 7739//10290 7740//10290
f 7737//10291 7740//10291 7738//10291
f 7738//10292 7740//10292 7739//10292
f 7738//10293 7743//10293 7741//10293
f 7738//10294 7741//10294 7742//10294
f 7738//10295 7742//10295 7743//10295
f 7743//10296 7742//10296 7741//10296
f 7743//10297 7744//10297 7745//10297
f 7743//10298 7745//10298 7746//10298
f 7743//10299 7746//10299 7744//10299
f 7744//10300 7746//10300 7745//10300
f 7744//10301 7747//10301 7748//10301
f 7744//10302 7748//10302 7749//10302
f 7744//10303 7749//10303 7747//10303
f 7747//10304 7749//10304 7748//10304
f 7747//10305 7750//10305 7751//10305
f 7747//10306 7751//10306 7752//10306
f 7747//10307 7752//10307 7750//10307
f 7750//10308 7752//10308 7751//10308
f 7750//10309 7753//10309 7754//10309
f 7750//10310 7754//10310 7755//10310
f 7750//10311 7755//10311 7753//10311
f 7753//10312 7755//10312 7754//10312
f 7753//10313 7758//10313 7756//10313
f 7753//10314 7756//10314 7757//10314
f 7753//10315 7757//10315 7758//10315
f 7758//10316 7757//10316 7756//10316
f 7758//10317 7761//10317 7759//10317
f 7758//10318 7759//10318 7760//10318
f 7758//10319 7760//10319 7761//10319
f 7761//10320 7760//10320 7759//10320
f 7761//10321 7762//10321 7763//10321
f 7761//10322 7763//10322 7764//10322
f 7761//10323 7764//10323 7762//10323
f 7762//10324 7764//10324 7763//10324
f 7762//10325 7767//10325 7765//10325
f 7762//10326 7765//10326 7766//10326
f 7762//10327 7766//10327 7767//10327
f 7767//10328 7766//10328 7765//10328
f 7767//10329 7768//10329 7769//10329
f 7767//10330 7769//10330 7770//10330
f 7767//10331 7770//10331 7768//10331
f 7768//10332 7770//10332 7769//10332
f 7768//10333 7771//10333 7772//10333
f 7768//10334 7772//10334 7773//10334
f 7768//10335 7773//10335 7771//10335
f 7771//10336 7773//10336 7772//10336
f 7771//10337 7776//10337 7774//10337
f 7771//10338 7774//10338 7775//10338
f 7771//10339 7775//10339 7776//10339
f 7776//10340 7775//10340 7774//10340
f 7776//10341 7777//10341 7778//10341
f 7776//10342 7778//10342 7779//10342
f 7776//10343 7779//10343 7777//10343
f 7777//10344 7779//10344 7778//10344
f 7777//10345 7782//10345 7780//10345
f 7777//10346 7780//10346 7781//10346
f 7777//10347 7781//10347 7782//10347
f 7782//10348 7781//10348 7780//10348
f 7782//10349 7783//10349 7784//10349
f 7782//10350 7784//10350 7785//10350
f 7782//10351 7785//10351 7783//10351
f 7783//10352 7785//10352 7784//10352
f 7783//10353 7786//10353 7787//10353
f 7783//10354 7787//10354 7788//10354
f 7783//10355 7788//10355 7786//10355
f 7786//10356 7788//10356 7787//10356
f 7786//10357 7789//10357 7790//10357
f 7786//10358 7790//10358 7791//10358
f 7786//10359 7791//10359 7789//10359
f 7789//10360 7791//10360 7790//10360
f 7789//10361 7794//10361 7792//10361
f 7789//10362 7792//10362 7793//10362
f 7789//10363 7793//10363 7794//10363
f 7794//10364 7793//10364 7792//10364
f 7794//10365 7795//10365 7796//10365
f 7794//10366 7796//10366 7797//10366
f 7794//10367 7797//10367 7795//10367
f 7795//10368 7797//10368 7796//10368
f 7795//10369 7800//10369 7798//10369
f 7795//10370 7798//10370 7799//10370
f 7795//10371 7799//10371 7800//10371
f 7800//10372 7799//10372 7798//10372
f 7800//10373 7801//10373 7802//10373
f 7800//10374 7802//10374 7803//10374
f 7800//10375 7803//10375 7801//10375
f 7801//10376 7803//10376 7802//10376
f 7801//10377 7806//10377 7804//10377
f 7801//10378 7804//10378 7805//10378
f 7801//10379 7805//10379 7806//10379
f 7806//10380 7805//10380 7804//10380
f 7806//10381 7807//10381 7808//10381
f 7806//10382 7808//10382 7809//10382
f 7806//10383 7809//10383 7807//10383
f 7807//10384 7809//10384 7808//10384
f 7807//10385 7810//10385 7811//10385
f 7807//10386 7811//10386 7812//10386
f 7807//10387 7812//10387 7810//10387
f 7810//10388 7812//10388 7811//10388
f 7810//10389 7813//10389 7814//10389
f 7810//10390 7814//10390 7815//10390
f 7810//10391 7815//10391 7813//10391
f 7813//10392 7815//10392 7814//10392
f 7813//10393 7816//10393 7817//10393
f 7813//10394 7817//10394 7818//10394
f 7813//10395 7818//10395 7816//10395
f 7816//10396 7818//10396 7817//10396
f 7816//10397 7821//10397 7819//10397
f 7816//10398 7819//10398 7820//10398
f 7816//10399 7820//10399 7821//10399
f 7821//10400 7820//10400 7819//10400
f 7821//10401 7822//10401 7823//10401
f 7821//10402 7823//10402 7824//10402
f 7821//10403 7824//10403 7822//10403
f 7822//10404 7824//10404 7823//10404
f 7822//10405 7825//10405 7826//10405
f 7822//10406 7826//10406 7827//10406
f 7822//10407 7827//10407 7825//10407
f 7825//10408 7827//10408 7826//10408
f 7825//10409 7828//10409 7829//10409
f 7825//10410 7829//10410 7830//10410
f 7825//10411 7830//10411 7828//10411
f 7828//10412 7830//10412 7829//10412
f 7828//10413 7831//10413 7832//10413
f 7828//10414 7832//10414 7833//10414
f 7828//10415 7833//10415 7831//10415
f 7831//10416 7833//10416 7832//10416
f 7831//10417 7834//10417 7835//10417
f 7831//10418 7835//10418 7836//10418
f 7831//10419 7836//10419 7834//10419
f 7834//10420 7836//10420 7835//10420
f 7834//10421 7839//10421 7837//10421
f 7834//10422 7837//10422 7838//10422
f 7834//10423 7838//10423 7839//10423
f 7839//10424 7838//10424 7837//10424
f 7839//10425 7840//10425 7841//10425
f 7839//10426 7841//10426 7842//10426
f 7839//10427 7842//10427 7840//10427
f 7840//10428 7842//10428 7841//10428
f 7840//10429 7843//10429 7844//10429
f 7840//10430 7844//10430 7845//10430
f 7840//10431 7845//10431 7843//10431
f 7843//10432 7845//10432 7844//10432
f 7843//10433 7848//10433 7846//10433
f 7843//10434 7846//10434 7847//10434
f 7843//10435 7847//10435 7848//10435
f 7848//10436 7847//10436 7846//10436
f 7848//10437 7851//10437 7849//10437
f 7848//10438 7849//10438 7850//10438
f 7848//10439 7850//10439 7851//10439
f 7851//10440 7850//10440 7849//10440
f 7851//10441 7852//10441 7853//10441
f 7851//10442 7853//10442 7854//10442
f 7851//10443 7854//10443 7852//10443
f 7852//10444 7854//10444 7853//10444
f 7852//10445 7857//10445 7855//10445
f 7852//10446 7855//10446 7856//10446
f 7852//10447 7856//10447 7857//10447
f 7857//10448 7856//10448 7855//10448
f 7857//10449 7858//10449 7859//10449
f 7857//10450 7859//10450 7860//10450
f 7857//10451 7860//10451 7858//10451
f 7858//10452 7860//10452 7859//10452
f 7858//10453 7861//10453 7862//10453
f 7858//10454 7862//10454 7863//10454
f 7858//10455 7863//10455 7861//10455
f 7861//10456 7863//10456 7862//10456
f 7861//10457 7864//10457 7865//10457
f 7861//10458 7865//10458 7866//10458
f 7861//10459 7866//10459 7864//10459
f 7864//10460 7866//10460 7865//10460
f 7864//10461 7869//10461 7867//10461
f 7864//10462 7867//10462 7868//10462
f 7864//10463 7868//10463 7869//10463
f 7869//10464 7868//10464 7867//10464
f 7869//10465 7872//10465 7870//10465
f 7869//10466 7870//10466 7871//10466
f 7869//10467 7871//10467 7872//10467
f 7872//10468 7871//10468 7870//10468
f 7872//10469 7873//10469 7874//10469
f 7872//10470 7874//10470 7875//10470
f 7872//10471 7875//10471 7873//10471
f 7873//10472 7875//10472 7874//10472
f 7873//10473 7876//10473 7877//10473
f 7873//10474 7877//10474 7878//10474
f 7873//10475 7878//10475 7876//10475
f 7876//10476 7878//10476 7877//10476
f 7876//10477 7879//10477 7880//10477
f 7876//10478 7880//10478 7881//10478
f 7876//10479 7881//10479 7879//10479
f 7879//10480 7881//10480 7880//10480
f 7879//10481 7884//10481 7882//10481
f 7879//10482 7882//10482 7883//10482
f 7879//10483 7883//10483 7884//10483
f 7884//10484 7883//10484 7882//10484
f 7884//10485 7885//10485 7886//10485
f 7884//10486 7886//10486 7887//10486
f 7884//10487 7887//10487 7885//10487
f 7885//10488 7887//10488 7886//10488
f 7885//10489 7890//10489 7888//10489
f 7885//10490 7888//10490 7889//10490
f 7885//10491 7889//10491 7890//10491
f 7890//10492 7889//10492 7888//10492
f 7890//10493 7893//10493 7891//10493
f 7890//10494 7891//10494 7892//10494
f 7890//10495 7892//10495 7893//10495
f 7893//10496 7892//10496 7891//10496
f 7893//10497 7894//10497 7895//10497
f 7893//10498 7895//10498 7896//10498
f 7893//10499 7896//10499 7894//10499
f 7894//10500 7896//10500 7895//10500
f 7894//10501 7897//10501 7898//10501
f 7894//10502 7898//10502 7899//10502
f 7894//10503 7899//10503 7897//10503
f 7897//10504 7899//10504 7898//10504
f 7897//10505 7900//10505 7901//10505
f 7897//10506 7901//10506 7902//10506
f 7897//10507 7902//10507 7900//10507
f 7900//10508 7902//10508 7901//10508
f 7900//10509 7903//10509 7904//10509
f 7900//10510 7904//10510 7905//10510
f 7900//10511 7905//10511 7903//10511
f 7903//10512 7905//10512 7904//10512
f 7903//10513 7908//10513 7906//10513
f 7903//10514 7906//10514 7907//10514
f 7903//10515 7907//10515 7908//10515
f 7908//10516 7907//10516 7906//10516
f 7908//10517 7909//10517 7910//10517
f 7908//10518 7910//10518 7911//10518
f 7908//10519 7911//10519 7909//10519
f 7909//10520 7911//10520 7910//10520
f 7909//10521 7912//10521 7913//10521
f 7909//10522 7913//10522 7914//10522
f 7909//10523 7914//10523 7912//10523
f 7912//10524 7914//10524 7913//10524
f 7912//10525 7917//10525 7915//10525
f 7912//10526 7915//10526 7916//10526
f 7912//10527 7916//10527 7917//10527
f 7917//10528 7916//10528 7915//10528
f 7917//10529 7920//10529 7918//10529
f 7917//10530 7918//10530 7919//10530
f 7917//10531 7919//10531 7920//10531
f 7920//10532 7919//10532 7918//10532
f 7920//10533 7923//10533 7921//10533
f 7920//10534 7921//10534 7922//10534
f 7920//10535 7922//10535 7923//10535
f 7923//10536 7922//10536 7921//10536
f 7923//10537 7924//10537 7925//10537
f 7923//10538 7925//10538 7926//10538
f 7923//10539 7926//10539 7924//10539
f 7924//10540 7926//10540 7925//10540
f 7924//10541 7927//10541 7928//10541
f 7924//10542 7928//10542 7929//10542
f 7924//10543 7929//10543 7927//10543
f 7927//10544 7929//10544 7928//10544
f 7927//10545 7932//10545 7930//10545
f 7927//10546 7930//10546 7931//10546
f 7927//10547 7931//10547 7932//10547
f 7932//10548 7931//10548 7930//10548
f 7932//10549 7933//10549 7934//10549
f 7932//10550 7934//10550 7935//10550
f 7932//10551 7935//10551 7933//10551
f 7933//10552 7935//10552 7934//10552
f 7933//10553 7936//10553 7937//10553
f 7933//10554 7937//10554 7938//10554
f 7933//10555 7938//10555 7936//10555
f 7936//10556 7938//10556 7937//10556
f 7936//10557 7941//10557 7939//10557
f 7936//10558 7939//10558 7940//10558
f 7936//10559 7940//10559 7941//10559
f 7941//10560 7940//10560 7939//10560
f 7941//10561 7942//10561 7943//10561
f 7941//10562 7943//10562 7944//10562
f 7941//10563 7944//10563 7942//10563
f 7942//10564 7944//10564 7943//10564
f 7942//10565 7945//10565 7946//10565
f 7942//10566 7946//10566 7947//10566
f 7942//10567 7947//10567 7945//10567
f 7945//10568 7947//10568 7946//10568
f 7945//10569 7950//10569 7948//10569
f 7945//10570 7948//10570 7949//10570
f 7945//10571 7949//10571 7950//10571
f 7950//10572 7949//10572 7948//10572
f 7950//10573 7953//10573 7951//10573
f 7950//10574 7951//10574 7952//10574
f 7950//10575 7952//10575 7953//10575
f 7953//10576 7952//10576 7951//10576
f 7953//10577 7956//10577 7954//10577
f 7953//10578 7954//10578 7955//10578
f 7953//10579 7955//10579 7956//10579
f 7956//10580 7955//10580 7954//10580
f 7956//10581 7957//10581 7958//10581
f 7956//10582 7958//10582 7959//10582
f 7956//10583 7959//10583 7957//10583
f 7957//10584 7959//10584 7958//10584
f 7957//10585 7962//10585 7960//10585
f 7957//10586 7960//10586 7961//10586
f 7957//10587 7961//10587 7962//10587
f 7962//10588 7961//10588 7960//10588
f 7962//10589 7965//10589 7963//10589
f 7962//10590 7963//10590 7964//10590
f 7962//10591 7964//10591 7965//10591
f 7965//10592 7964//10592 7963//10592
f 7965//10593 7966//10593 7967//10593
f 7965//10594 7967//10594 7968//10594
f 7965//10595 7968//10595 7966//10595
f 7966//10596 7968//10596 7967//10596
f 7966//10597 7971//10597 7969//10597
f 7966//10598 7969//10598 7970//10598
f 7966//10599 7970//10599 7971//10599
f 7971//10600 7970//10600 7969//10600
f 7971//10601 7972//10601 7973//10601
f 7971//10602 7973//10602 7974//10602
f 7971//10603 7974//10603 7972//10603
f 7972//10604 7974//10604 7973//10604
f 7972//10605 7975//10605 7976//10605
f 7972//10606 7976//10606 7977//10606
f 7972//10607 7977//10607 7975//10607
f 7975//10608 7977//10608 7976//10608
f 7975//10609 7980//10609 7978//10609
f 7975//10610 7978//10610 7979//10610
f 7975//10611 7979//10611 7980//10611
f 7980//10612 7979//10612 7978//10612
f 7980//10613 7983//10613 7981//10613
f 7980//10614 7981//10614 7982//10614
f 7980//10615 7982//10615 7983//10615
f 7983//10616 7982//10616 7981//10616
f 7983//10617 7984//10617 7985//10617
f 7983//10618 7985//10618 7986//10618
f 7983//10619 7986//10619 7984//10619
f 7984//10620 7986//10620 7985//10620
f 7984//10621 7989//10621 7987//10621
f 7984//10622 7987//10622 7988//10622
f 7984//10623 7988//10623 7989//10623
f 7989//10624 7988//10624 7987//10624
f 7989//10625 7992//10625 7990//10625
f 7989//10626 7990//10626 7991//10626
f 7989//10627 7991//10627 7992//10627
f 7992//10628 7991//10628 7990//10628
f 7992//10629 7995//10629 7993//10629
f 7992//10630 7993//10630 7994//10630
f 7992//10631 7994//10631 7995//10631
f 7995//10632 7994//10632 7993//10632
f 7995//10633 7996//10633 7997//10633
f 7995//10634 7997//10634 7998//10634
f 7995//10635 7998//10635 7996//10635
f 7996//10636 7998//10636 7997//10636
f 7996//10637 7999//10637 8000//10637
f 7996//10638 8000//10638 8001//10638
f 7996//10639 8001//10639 7999//10639
f 7999//10640 8001//10640 8000//10640
f 7999//10641 8004//10641 8002//10641
f 7999//10642 8002//10642 8003//10642
f 7999//10643 8003//10643 8004//10643
f 8004//10644 8003//10644 8002//10644
f 8004//10645 8005//10645 8006//10645
f 8004//10646 8006//10646 8007//10646
f 8004//10647 8007//10647 8005//10647
f 8005//10648 8007//10648 8006//10648
