# Blender 4.1.1
# www.blender.org
mtllib tetrascapeBlender_GAlpha_6R3Q.mtl
o Tetrahedrons_Chain_B
v 92.922997 157.490021 108.479988
v 90.192001 157.440018 109.539986
v 91.795998 154.990021 109.509987
v 90.800003 156.120010 106.989983
v 87.970001 157.450012 111.449982
v 88.374001 159.740021 109.659988
v 90.254997 159.240021 111.849983
v 86.998001 154.690018 111.229988
v 85.750000 156.540009 113.129982
v 88.461998 155.550018 113.619987
v 89.146004 157.440018 115.749985
v 91.028999 155.320023 115.019981
v 88.540001 154.650009 116.409988
v 89.360001 160.350021 115.549988
v 88.567001 159.120010 118.079987
v 86.727997 159.090012 115.799988
v 84.536003 158.820023 113.879982
v 83.980003 159.700012 116.619987
v 84.772003 156.930008 116.099983
v 85.724998 154.170013 116.349983
v 83.202003 154.970016 117.609985
v 85.747002 155.940018 118.679985
v 87.926003 156.960022 120.359985
v 85.565002 155.750015 121.599983
v 85.353996 158.360016 120.289986
v 84.092003 160.880020 119.469986
v 83.733002 159.870010 122.199982
v 82.446999 158.500015 119.959984
v 81.203003 156.240021 118.569984
v 79.748001 157.630020 120.689987
v 82.057999 155.960022 121.349983
v 82.898003 157.150009 123.889984
v 84.279999 154.780014 122.859985
v 81.541000 154.550018 123.869987
v 80.960999 159.240021 124.579987
v 83.754997 159.950012 124.059982
v 83.050003 158.490021 126.499985
v 78.233002 158.850021 125.579987
v 78.675003 159.720016 122.819984
v 79.226997 161.550018 125.029984
v 76.907997 159.170013 128.169983
v 77.875999 156.540009 127.339981
v 75.558998 157.740021 126.009987
v 72.747002 157.040009 126.449982
v 74.308998 155.600021 124.439987
v 73.549004 158.390015 123.979988
v 71.246002 158.810013 128.249985
v 71.855003 156.060013 129.059982
v 69.899002 156.560013 126.939987
v 67.017998 156.140015 127.269981
v 68.678001 154.030014 126.089981
v 68.148003 156.500015 124.589981
v 65.023003 158.260010 127.569984
v 65.973999 156.810013 129.929977
v 64.253998 155.460022 127.969986
v 61.651001 154.540009 128.939987
v 63.765999 152.600021 128.339981
v 62.438000 154.040009 126.169983
v 59.866001 156.840012 129.269989
v 60.633999 155.240021 131.599991
v 58.824001 154.120010 129.589981
v 55.923000 154.490021 129.409988
v 57.025002 152.330017 131.059982
v 57.186001 152.170013 128.139984
v 53.145000 153.560013 129.319992
v 54.379002 154.730011 126.929985
v 53.736000 156.430008 129.229980
v 53.655998 158.970016 130.679977
v 51.419998 158.200012 128.949982
v 53.993000 158.960022 127.769981
v 55.647999 157.660019 132.389984
v 53.837002 159.670013 133.519989
v 55.958000 160.490021 131.669983
v 58.164001 158.720016 130.889984
v 58.595001 160.800018 132.909988
v 58.195999 161.550018 130.109985
v 59.554001 159.620010 128.379990
v 61.123001 161.450012 130.039978
v 59.637001 162.470016 127.729988
v 59.189999 165.370010 127.759987
v 58.403000 163.780014 125.419983
v 61.240002 164.220016 126.009987
v 60.853001 165.870010 130.119980
v 57.953999 166.270020 130.259979
v 59.613998 168.110016 128.699982
v 62.709000 163.850021 131.149979
v 63.342999 166.700012 131.419983
v 63.424000 165.430008 128.779984
v 63.236000 167.590012 126.809982
v 63.687000 164.830017 125.929985
v 65.813004 166.290009 127.319984
v 63.162998 169.790009 128.749985
v 60.979000 169.450012 126.819984
v 63.615002 170.350021 125.909988
v 63.419998 169.160019 131.599991
v 64.302002 171.760010 130.589981
v 65.813004 169.340012 129.919983
v 67.718002 167.390015 128.849991
v 68.693001 169.820023 130.169983
v 67.402000 169.990021 127.539986
v 66.529999 172.780014 127.279984
v 66.561996 171.020020 124.929985
v 69.083000 171.920013 126.119987
v 64.960999 174.070023 129.389984
v 66.899002 175.630020 127.839981
v 67.833000 173.630020 129.759979
v 69.180000 171.850021 131.659988
v 69.896004 174.690018 131.549988
v 70.641998 172.900009 129.349991
v 72.636002 171.080017 128.219986
v 73.319000 173.890015 128.679977
v 71.446999 173.160019 126.539986
v 70.806999 175.550018 124.959984
v 70.093002 172.890015 123.959984
v 72.903000 173.710022 124.059982
v 58.507999 177.090012 115.589981
v 59.026001 179.490021 117.189987
v 58.139000 177.020020 118.499985
v 56.278999 178.540009 116.819984
v 53.855000 177.020020 116.199982
v 54.335999 179.600021 114.899986
v 53.669998 179.500015 117.749985
v 53.262001 174.960022 118.199982
v 53.388000 174.250015 115.359985
v 51.165001 175.870010 116.369987
v 54.863998 175.540009 120.589981
v 52.625999 173.650009 120.749985
v 52.108002 176.520020 120.399986
v 50.808998 179.060013 119.739983
v 49.792000 177.430008 121.949982
v 49.444000 176.530014 119.179985
v 48.784000 173.670013 119.099983
v 48.854000 175.240021 116.619987
v 46.709999 175.670013 118.569984
v 49.998001 171.120010 119.879982
v 47.125999 171.560013 120.269981
v 49.060001 173.000015 121.929985
v 49.541000 175.280014 123.699982
v 48.139999 172.920013 124.709984
v 46.821999 174.690018 122.789986
v 45.000999 176.050018 120.939987
v 43.998001 175.020020 123.489983
v 44.769001 173.160019 121.359985
v 45.112000 170.660019 122.849983
v 45.588001 170.720016 119.959984
v 42.860001 170.960022 120.999985
v 46.863998 170.540009 125.189987
v 44.523998 168.780014 125.019981
v 44.169998 171.660019 125.439987
v 43.221001 174.430008 125.459984
v 42.181999 172.510010 127.409988
v 41.433998 172.280014 124.589981
v 40.430000 169.690018 123.649986
v 40.250000 172.050018 121.919983
v 38.551998 171.850021 124.299988
v 42.369999 167.500015 123.769981
v 39.500000 166.920013 123.879982
v 40.823002 168.220016 126.159988
v 38.952000 169.690018 127.869987
v 41.773998 169.480011 128.619980
v 40.042000 167.120010 128.759979
v 36.381001 169.510010 126.469986
v 37.390999 172.110016 127.359985
v 36.458000 170.160019 129.329987
v 35.942001 168.090012 123.949982
v 33.821999 168.180008 125.969986
v 36.236000 166.580017 126.439987
v 36.026001 166.040009 129.309982
v 38.298000 164.990021 127.779984
v 35.619999 163.880020 127.379982
v 35.831001 168.100021 131.379990
v 34.457001 165.540009 131.739990
v 33.494999 167.450012 129.729980
v 31.672001 166.080017 127.899986
v 32.069000 168.980011 127.679985
v 30.603001 167.870010 129.959991
v 32.029999 163.470016 129.169983
v 32.457001 163.760010 126.289986
v 29.747999 163.930008 127.389984
v 31.125000 163.860016 131.929977
v 33.833000 162.880020 131.399979
v 31.521999 161.150009 130.889984
v 29.409000 166.240021 132.029984
v 29.500000 164.400009 134.309982
v 28.212000 163.570023 131.809982
v 28.476999 160.820023 130.829987
v 26.377001 162.570023 129.759979
v 26.193001 161.570023 132.509979
v 30.325001 159.530014 132.699982
v 30.929001 159.570023 129.829987
v 28.740000 157.910019 130.849991
v 30.684999 160.400009 135.469986
v 32.153000 158.070023 134.459991
v 29.259001 157.910019 134.889984
v 27.563999 157.070023 137.129990
v 29.112000 155.080017 135.639984
v 26.809000 156.380020 134.379990
v 26.450001 159.780014 137.239990
v 27.041000 158.330017 139.719986
v 24.806000 157.490021 138.029984
v 26.785000 162.670013 136.869980
v 24.972000 161.170013 135.119980
v 27.868999 160.800018 134.889984
v 28.983000 164.400009 137.729980
v 26.591999 164.140015 139.399979
v 26.445000 165.580017 136.849991
v 25.545000 168.310013 136.309982
v 23.580000 166.180008 136.729980
v 25.188000 166.220016 134.279984
v 25.075001 170.520020 134.439987
v 27.726000 170.150009 135.629990
v 25.493999 171.070023 137.289978
v 26.729000 172.210022 139.689987
v 23.820999 171.880020 139.559982
v 25.145000 173.910019 137.909988
v 23.530001 174.970016 135.709991
v 25.731001 176.560013 136.809982
v 23.299000 176.140015 138.389984
v 22.086000 175.790009 133.299988
v 21.023001 173.640015 134.989990
v 23.437000 173.190018 133.389984
v 23.511000 176.880020 130.979980
v 22.058001 178.670013 132.779984
v 20.580999 176.860016 131.019989
v 26.337999 176.230011 130.569992
v 24.841000 177.640015 128.479980
v 24.274000 174.820023 129.039978
v 22.047001 172.980011 128.539978
v 24.784000 172.180008 127.869987
v 23.431000 174.240021 126.289986
v 25.719000 175.650009 125.119987
v 22.993999 176.570023 124.559982
v 23.950001 174.050018 123.409988
v 27.775999 173.810013 126.099983
v 27.882999 176.640015 126.819984
v 28.452000 175.810013 124.069984
v 26.868000 171.400009 124.699982
v 27.011999 171.430008 127.619987
v 29.475000 171.420013 126.039986
v 27.264999 172.540009 122.029984
v 24.639000 171.490021 122.799988
v 26.874001 169.650009 122.339981
v 30.184999 172.760010 122.129982
v 28.551001 175.140015 121.609985
v 28.778999 173.050018 119.569984
v 31.816999 171.930008 124.409988
v 32.924999 171.810013 121.699982
v 30.833000 169.930008 122.509987
v 28.813999 167.810013 122.529984
v 31.473000 167.290009 121.409988
v 29.607000 169.050018 119.999985
v 31.419001 170.150009 117.979988
v 28.653999 171.100021 118.139984
v 29.215000 168.400009 117.169983
v 33.938999 171.640015 118.149986
v 33.446999 169.840012 115.889984
v 33.917999 168.740021 118.559982
v 33.307999 166.400009 120.209984
v 36.025002 167.490021 120.169983
v 34.967999 166.100021 117.819984
v 35.873001 166.610016 115.079987
v 34.823002 163.980011 115.809982
v 37.425999 164.850021 116.829987
v 35.668999 169.390015 114.149986
v 35.016998 167.180008 112.329987
v 37.798000 167.650009 113.129982
v 39.890999 169.410019 112.069984
v 39.029999 167.060013 110.539986
v 40.570999 166.710022 113.009987
v 41.167000 171.390015 110.329987
v 42.421001 170.650009 112.869987
v 39.952000 172.220016 112.859985
v 39.956001 175.010010 113.759987
v 38.966000 172.900009 115.539986
v 37.421001 173.670013 113.169983
v 40.037998 177.530014 115.259987
v 39.801998 177.570023 112.339981
v 42.316002 176.740021 113.589981
v 38.800999 179.550018 116.989983
v 41.124001 178.030014 117.929985
v 38.532001 176.700012 117.629982
v 36.193001 180.550018 116.099983
v 38.599998 182.160019 115.679985
v 37.541000 181.790009 118.389984
v 37.700001 184.580017 119.269981
v 38.243000 182.410019 121.169983
v 35.512001 182.870010 120.209984
v 34.139000 180.600021 121.459984
v 32.714001 182.300018 119.549988
v 33.412998 183.350021 122.199982
v 35.824001 178.270020 120.929985
v 33.967999 178.250015 123.199982
v 36.352001 179.950012 123.269981
v 35.668999 181.840012 125.399986
v 38.233002 182.070023 123.999985
v 37.762001 179.840012 125.839981
v 33.084999 180.650009 126.089981
v 33.252998 183.500015 125.429985
v 34.386002 182.510010 127.949982
v 34.043999 178.000015 126.889984
v 32.094002 178.260010 124.709984
v 31.289000 178.800018 127.479988
v 35.793999 178.740021 129.109985
v 36.863998 177.200012 126.859985
v 35.000999 175.950012 128.749985
v 36.214001 181.500015 130.019989
v 36.394001 179.290009 131.929977
v 33.794998 180.050018 130.809982
v 31.964001 177.800018 131.199982
v 30.957001 180.340012 130.139984
v 31.789000 180.140015 132.949982
v 32.601002 175.130020 130.149979
v 31.051001 175.400009 132.619980
v 33.897999 176.100021 132.599991
v 36.716999 176.540009 133.259979
v 35.118000 174.680008 134.849991
v 34.618999 177.560013 135.029984
v 33.105000 179.950012 135.779984
v 34.346001 178.300018 137.849991
v 32.027000 177.290009 136.369980
v 29.929001 175.690018 135.099991
v 29.295000 177.350021 137.429977
v 30.938999 174.950012 137.749985
v 30.598000 174.520020 140.629990
v 32.779999 173.190018 139.199982
v 30.007999 172.360016 138.749985
v 32.714001 172.280014 137.629990
v 30.523001 173.470016 136.089981
v 30.617001 170.570023 136.509979
v 33.507000 170.960022 136.799988
v 32.084000 172.160019 134.529984
v 32.462002 169.250015 134.649979
v 33.785999 169.590012 139.369980
v 34.909000 172.270020 139.009979
v 36.130001 169.970016 137.649979
v 32.793999 166.970016 138.509979
v 31.410000 168.430008 140.639984
v 34.049999 167.270020 141.139984
v 32.443001 166.400009 135.659988
v 33.448002 164.310013 137.449982
v 35.138000 166.610016 136.789978
v 37.348999 166.530014 138.709991
v 37.270000 168.620010 136.649979
v 37.820999 165.840012 135.899979
v 36.874001 166.310013 141.589981
v 39.429001 165.440018 140.459991
v 36.992001 163.900009 139.939987
v 37.882000 162.110016 137.789978
v 35.193001 161.820023 138.909988
v 37.535999 161.070023 140.509979
v 40.172001 160.460022 137.009979
v 40.074001 163.280014 136.239990
v 38.257000 161.360016 134.979980
v 40.875999 158.340012 138.909988
v 41.709000 158.130020 136.109985
v 38.882999 157.830017 136.819992
v 37.636002 157.760010 134.169983
v 35.977001 157.550018 136.579987
v 37.735001 155.340012 135.809982
v 36.403999 159.320023 132.019989
v 37.277000 156.570023 131.519989
v 39.263000 158.680008 131.919983
v 40.813000 157.980011 129.529984
v 42.146000 158.210022 132.129990
v 41.153000 160.610016 130.769989
v 43.044998 162.840012 130.589981
v 40.564999 163.150009 132.119980
v 40.473000 162.980011 129.189987
v 45.404999 164.490021 131.119980
v 44.275002 164.380020 128.419983
v 45.659000 162.050018 129.529984
v 47.876999 163.930008 132.589981
v 45.598000 165.140015 133.969986
v 47.119999 166.700012 132.009979
v 48.790001 168.890015 131.019989
v 48.238998 168.640015 133.889984
v 46.102001 169.440018 132.049988
v 44.278999 171.200012 133.519989
v 43.212002 168.970016 131.949982
v 44.368000 171.300018 130.589981
v 45.508999 173.470016 134.909988
v 44.169998 171.360016 136.439987
v 42.591000 173.220016 134.819992
v 48.356998 173.830017 134.329987
v 46.722000 176.130020 135.119980
v 46.340000 174.900009 132.489990
v 43.924000 175.570023 130.979980
v 46.147999 174.190018 129.659988
v 46.428001 177.000015 130.449982
v 42.752998 177.760010 132.529984
v 41.278000 175.250015 132.189987
v 41.636002 177.060013 129.909988
v 44.160999 178.790009 134.879990
v 42.591999 180.610016 133.199982
v 45.101002 179.480011 132.189987
v 45.367001 179.700012 129.279984
v 47.658001 178.860016 130.899979
v 46.713001 181.630020 131.029984
v 42.776001 180.990021 128.819992
v 43.542000 178.630020 127.259987
v 44.893002 181.190018 126.799988
v 41.425999 181.910019 131.249985
v 41.125999 183.410019 128.749985
v 43.688999 183.420013 130.169983
v 46.504002 183.900009 130.829987
v 44.866001 186.080017 129.759979
v 45.647999 183.850021 128.029984
v 47.094002 182.600021 125.809982
v 46.386002 185.440018 125.679985
v 44.296001 183.400009 125.469986
v 41.596001 184.530014 125.579987
v 42.241001 182.470016 123.599983
v 43.360001 185.160019 123.329987
v 45.592999 185.490021 121.459984
v 44.848999 187.680008 123.249985
v 43.091999 186.950012 121.019981
v 48.219002 186.210022 120.379982
v 46.334999 184.660019 118.749985
v 47.630001 183.420013 121.059982
v 50.568001 186.870010 121.989983
v 49.486000 188.830017 120.099983
v 50.851002 186.440018 119.109985
v 50.310001 185.980011 124.769981
v 52.382000 187.920013 124.039986
v 52.610001 185.130020 123.169983
v 55.492001 184.860016 122.719986
v 53.626999 183.010010 121.419983
v 54.067001 182.860016 124.309982
v 55.112000 181.230011 126.509987
v 53.338001 180.030014 124.509987
v 52.273998 181.960022 126.449982
v 56.939999 179.800018 128.299988
v 55.157001 181.860016 129.369980
v 57.417000 182.620010 127.669983
v 59.730000 179.290009 129.039978
v 58.312000 177.410019 127.299988
v 57.596001 177.610016 130.129990
v 56.680000 177.120010 132.869980
v 57.571999 174.880020 131.199982
v 55.047001 176.240021 130.599991
v 53.550999 177.850021 128.659988
v 52.630001 175.150009 129.359985
v 55.066002 175.500015 127.769981
v 57.591000 175.090012 126.339981
v 55.243000 173.480011 125.659988
v 56.618999 173.060013 128.209991
v 57.483002 172.110016 130.839981
v 57.092999 170.200012 128.649979
v 54.779999 171.510010 129.879990
v 52.432999 171.110016 128.179977
v 52.145000 172.430008 130.779984
v 52.728001 169.560013 130.639984
v 51.766998 169.090012 126.159988
v 52.500999 171.810013 125.329987
v 49.935001 171.320023 126.659988
v 50.306999 166.650009 126.869987
v 53.236000 166.650009 126.819984
v 51.728001 166.820023 124.309982
v 52.226002 164.530014 122.559982
v 53.227001 167.180008 121.819984
v 50.352001 166.630020 121.729988
v 53.523998 162.080017 121.619987
v 50.602001 162.280014 121.609985
v 52.048000 162.080017 124.149986
v 54.922001 159.940018 120.179985
v 56.167999 161.190018 122.519981
v 55.898998 162.700012 120.019981
v 53.674999 158.500015 117.949982
v 54.568001 157.040009 120.329987
v 56.537998 158.180008 118.479988
v 59.300999 157.370010 117.939987
v 58.632000 160.210022 118.209984
v 57.730000 158.710022 115.859985
v 62.023998 158.410019 118.229988
v 61.597000 155.580017 117.619987
v 60.910999 156.630020 120.269981
v 61.562000 161.220016 118.949982
v 62.787998 160.550018 116.379982
v 64.292999 160.160019 118.859985
v 67.011002 159.940018 117.789986
v 66.449997 159.110016 120.539986
v 66.398003 161.950012 119.829987
v 66.027000 164.060013 121.829987
v 66.626999 164.770020 119.049988
v 68.691002 163.540009 120.729988
v 70.904999 165.110016 121.829987
v 71.221001 163.730011 119.259987
v 71.083000 162.190018 121.749985
v 70.139999 167.140015 123.799988
v 71.517998 167.930008 121.339981
v 72.963997 166.460022 123.419983
v 74.833000 167.530014 125.399986
v 75.589996 167.450012 122.569984
v 75.385002 164.960022 124.099983
v 74.142998 167.350021 128.249985
v 74.319000 169.970016 126.939987
v 76.750999 168.410019 127.429985
v 77.156998 169.440018 130.149979
v 77.665001 171.170013 127.839981
v 79.463997 168.930008 128.409988
v 81.717003 167.060013 128.209991
v 82.194000 169.950012 128.149979
v 80.898003 168.640015 125.879982
v 80.682999 164.910019 129.899979
v 82.639000 164.310013 127.799988
v 79.900002 165.060013 127.079987
v 79.790001 164.020020 124.339981
v 78.287003 166.430008 125.059982
v 77.440002 163.820023 126.079987
v 75.015999 163.980011 127.719986
v 76.353996 161.410019 127.329987
v 74.931000 162.670013 125.099983
v 72.436996 161.340012 124.329987
v 74.797997 161.140015 122.609985
v 73.370003 163.690018 122.839981
v 69.749001 160.220016 123.989983
v 70.378998 161.840012 126.349983
v 71.528000 159.160019 126.069984
v 68.956001 157.640015 122.859985
v 68.575996 160.100021 121.309982
v 66.910004 159.580017 123.669983
v 64.867996 161.680008 123.669983
v 65.079002 159.830017 125.939987
v 64.083000 158.870010 123.359985
v 61.346001 157.880020 123.039986
v 63.570000 155.990021 123.309982
v 63.279999 157.570023 120.859985
v 58.917000 159.500015 123.289986
v 60.042000 158.170013 125.649986
v 58.766998 156.580017 123.539986
v 56.313999 155.150009 124.259987
v 56.259998 158.060013 123.899986
v 57.620998 156.890015 126.219986
v 53.681999 156.020020 123.309982
v 54.085999 155.390015 126.139984
v 54.091000 153.240021 124.149986
v 52.273998 151.590012 125.739983
v 54.807999 150.480011 124.779991
v 52.640999 151.030014 122.889992
v 53.537998 150.580017 120.139992
v 50.674000 150.730011 120.739990
v 52.237000 148.420013 121.629990
v 56.153999 150.180008 121.389992
v 55.191002 152.890015 120.849983
v 55.987999 151.150009 118.639992
v 56.212002 148.230011 123.579994
v 58.652000 149.670013 122.839989
v 57.554001 147.630020 121.049995
v 57.276001 146.340012 118.429993
v 59.563000 145.700012 120.149994
v 59.383999 148.330017 118.869995
v 59.821999 151.150009 118.229996
v 61.803001 149.140015 117.429993
v 61.473000 149.840012 120.259995
v 63.695000 148.260010 121.339989
v 61.750000 149.490021 123.149994
v 63.652000 151.170013 121.689995
v 64.184998 145.510010 120.469994
v 66.289001 147.000015 121.859993
v 65.536003 147.730011 119.119995
v 67.133003 150.170013 119.379990
v 65.335999 149.840012 117.099991
v 67.773003 148.220016 117.289993
v 68.630997 149.640015 121.849991
v 67.093002 152.120010 121.569984
v 69.536003 151.730011 119.999985
v 68.546997 147.000015 123.099991
v 69.948997 149.200012 124.429993
v 71.060997 148.010010 121.989990
v 73.837997 148.900009 122.279991
v 72.844002 148.010010 119.669991
v 73.245003 146.060013 121.829994
v 74.445999 150.750015 124.469994
v 76.589996 149.810013 122.709991
v 75.344002 147.960022 124.609993
v 71.773003 151.410019 125.459991
v 73.460999 153.500015 124.289986
v 74.149002 152.360016 126.899986
v 75.630997 154.580017 128.099991
v 76.039001 151.840012 129.069992
v 73.515999 153.230011 129.619980
v 70.748001 153.360016 130.569992
v 72.884003 154.680008 132.089981
v 72.722000 151.750015 132.019989
v 68.170998 154.390015 131.509979
v 68.407997 151.600021 130.649979
v 68.552002 153.760010 128.679977
v 67.425003 157.200012 131.909988
v 67.944000 155.480011 134.219986
v 65.537003 155.070023 132.599991
v 64.053001 152.860016 133.829987
v 63.352001 153.780014 131.139984
v 62.764000 155.460022 133.459991
v 61.419998 157.840012 132.399979
v 62.409000 157.820023 135.159988
v 60.092999 156.190018 134.419983
v 57.471001 156.890015 135.519989
v 58.990002 154.660019 136.669983
v 57.801998 154.410019 133.999985
v 55.282001 157.680008 137.299988
v 54.928001 157.810013 134.399979
v 56.707001 159.710022 135.739990
v 56.134998 158.060013 140.079987
v 54.464001 155.770020 139.359985
v 53.328999 158.470016 139.339981
v 50.414001 158.720016 139.509979
v 52.124001 160.980011 140.259979
v 52.021999 158.590012 141.959991
v 49.133999 157.820023 137.039978
v 47.520000 159.010010 139.169983
v 48.689999 156.350021 139.529984
v 48.791000 154.950012 142.109985
v 48.486000 153.430008 139.619980
v 46.277000 155.080017 140.609985
v 44.183998 155.480011 138.599991
v 43.791000 156.450012 141.329987
v 43.771000 153.570023 140.779984
v 44.043999 154.450012 135.849991
v 44.923000 157.200012 136.349991
v 42.118999 156.470016 136.769989
v 42.250000 152.440018 134.709991
v 44.980000 151.700012 135.479980
v 44.527000 153.430008 133.149979
v 44.750999 153.400009 130.229980
v 46.602001 151.810013 131.859985
v 46.799000 154.740021 131.839981
v 44.389999 152.640015 127.419983
v 44.930000 155.430008 128.129990
v 42.341000 154.230011 128.789978
v 46.112999 150.850021 125.869995
v 43.846001 152.190018 124.579987
v 43.373001 150.050018 126.519989
v 41.403000 149.570023 128.639984
v 42.817001 147.310013 127.419991
v 40.806999 148.790009 125.879990
v 39.426998 151.320023 129.909988
v 42.272999 151.620010 130.539978
v 40.806000 149.270020 131.489990
v 42.695999 147.790009 133.169983
v 40.293999 146.460022 132.149979
v 40.060001 148.520020 134.219986
v 44.924000 148.800018 134.789978
v 45.436001 146.940018 132.579987
v 44.102001 145.990021 135.009979
v 45.771999 149.050018 137.579987
v 44.162998 151.160019 136.339981
v 46.952000 150.780014 135.529984
v 47.637001 153.500015 134.679977
v 49.000000 151.200012 133.469986
v 49.542999 151.930008 136.259979
v 50.902000 149.800018 137.729980
v 50.782001 152.500015 138.849991
v 52.462002 151.960022 136.509979
v 49.273998 147.360016 137.809982
v 52.195000 147.180008 137.959991
v 50.897999 147.960022 135.449982
v 50.326000 149.200012 132.859985
v 52.019001 146.820023 132.999985
v 53.015999 149.380020 133.999985
v 55.148998 148.830017 135.939987
v 54.530998 151.590012 135.179977
v 55.816002 149.800018 133.249985
v 55.223000 145.910019 135.729980
v 54.657001 147.180008 138.309982
v 57.348999 147.330017 137.159988
v 53.605000 144.220016 133.969986
v 56.310001 143.380020 134.719986
v 55.929001 145.650009 132.899979
v 58.469002 147.100021 133.119980
v 56.326000 148.150009 131.419983
v 57.771999 145.720016 130.629990
v 59.639999 147.990021 135.649979
v 61.380001 147.200012 133.429977
v 59.824001 145.170013 134.859985
v 59.814999 142.900009 133.009979
v 58.521000 142.660019 135.629990
v 61.442001 142.800018 135.439987
v 58.705002 143.190018 130.309982
v 60.834999 141.250015 130.819992
v 61.426998 144.110016 130.889984
v 63.910000 144.840012 132.259979
v 62.702999 146.690018 130.329987
v 63.949001 144.210022 129.399979
v 64.106003 144.390015 135.149979
v 66.540001 144.610016 133.529984
v 64.821999 142.250015 133.269989
v 63.648998 139.580017 133.029984
v 66.556999 139.890015 133.199982
v 65.130997 140.740021 130.779984
v 65.018997 142.590012 128.509979
v 63.840000 139.920013 128.289978
v 66.750999 140.230011 128.399979
v 67.722000 137.910019 126.889992
v 69.272003 138.940018 129.149979
v 69.101997 140.490021 126.669991
v 69.819000 143.210022 127.489990
v 69.367996 142.600021 124.659996
v 71.748001 141.560013 126.019989
v 68.498001 144.980011 129.409988
v 71.323997 145.380020 128.749985
v 70.505997 143.050018 130.329987
v 71.158997 140.450012 131.509979
v 70.392998 142.690018 133.239990
v 72.981003 142.720016 131.859985
v 73.652000 145.570023 131.989990
v 75.681000 143.620010 131.169983
v 74.778999 143.700012 133.959991
v 72.481003 147.990021 133.159988
v 72.327003 147.530014 130.269989
v 74.899002 148.170013 131.509979
v 70.755997 149.890015 134.559982
v 73.512001 149.470016 135.459991
v 71.508003 147.370010 135.849991
v 67.862999 149.580017 134.899979
v 68.911003 151.330017 132.799988
v 69.151001 152.110016 135.609985
v 67.221001 154.010010 136.719986
v 69.724998 154.980011 135.539978
v 69.763000 153.540009 138.089981
v 65.012001 155.770020 137.499985
v 65.054001 152.980011 138.399979
v 64.551003 153.610016 135.579987
v 64.462997 158.350021 136.219986
v 65.345001 158.260010 139.009979
v 62.660999 157.330017 138.289978
v 60.930000 156.900009 140.619980
v 60.055000 156.040009 137.959991
v 60.200001 158.890015 138.599991
v 58.060001 160.890015 138.569992
v 59.320999 160.060013 136.059982
v 60.817001 161.690018 137.979980
v 55.455002 161.680008 137.479980
v 57.653000 163.610016 137.569992
v 56.359001 162.760010 140.049988
v 55.275002 164.620010 142.039978
v 57.950001 163.480011 142.399979
v 55.583000 161.780014 142.699982
v 52.722000 166.010010 142.399979
v 55.231998 167.520020 142.429977
v 54.575001 165.740021 144.659988
v 50.826000 165.320023 140.279984
v 49.875000 166.620010 142.729980
v 50.798000 163.840012 142.809982
v 52.473000 161.630020 143.769989
v 49.601002 161.650009 144.349991
v 51.375999 163.570023 145.669983
v 49.813999 165.830017 146.699982
v 52.716000 165.760010 147.089981
v 50.988998 163.890015 148.559982
v 48.091999 167.740021 145.289978
v 47.403000 166.860016 147.999985
v 47.167999 165.000015 145.749985
v 46.917000 162.460022 147.199982
v 46.637001 162.520020 144.279984
v 44.555000 163.690018 145.979980
v 48.862999 161.540009 149.189987
v 46.013000 160.960022 149.549988
v 47.005001 163.700012 149.849991
v 47.462002 166.490021 150.609985
v 45.901001 164.740021 152.359985
v 44.787998 165.620010 149.799988
v 42.949001 165.410019 147.519989
v 41.988998 166.430008 150.099991
v 42.667999 163.590012 149.799988
v 41.023998 161.190018 149.469986
v 39.751999 163.830017 149.639984
v 40.995998 162.650009 152.009979
v 40.770000 159.210022 147.329987
v 39.389999 161.780014 147.109985
v 38.480999 159.790009 149.069992
v 42.466999 158.130020 145.199982
v 40.251999 156.530014 146.249985
v 42.627998 157.010010 147.899979
v 44.631001 154.890015 148.189987
v 42.451000 155.130020 150.139984
v 44.583000 157.140015 150.079987
v 45.844002 152.250015 148.559982
v 47.522999 154.550018 147.869980
v 45.683998 153.440018 145.879990
v 43.576000 150.400009 148.709991
v 45.507999 150.530014 150.909988
v 46.290001 149.360016 148.339981
v 43.077999 149.900009 145.859985
v 41.391998 151.790009 147.339981
v 41.188000 148.920013 147.879990
v 45.738998 148.840012 145.259979
v 44.556000 150.900009 143.539978
v 43.466999 148.180008 143.529984
v 48.618999 148.870010 145.799988
v 47.341999 146.430008 144.799988
v 46.820999 147.340012 147.529984
v 47.875000 146.050018 149.939987
v 45.153000 145.460022 149.029984
v 45.779999 148.080017 150.169983
v 50.681999 145.210022 149.969986
v 49.158001 145.310013 152.469986
v 49.914001 147.790009 151.109985
v 49.408001 150.600021 150.449982
v 51.604000 149.890015 152.259979
v 48.827000 149.600021 153.139984
v 49.061001 148.210022 155.709991
v 46.415001 148.780014 154.589981
v 48.063999 150.970016 155.619980
v 51.990002 148.190018 155.619980
v 50.526001 145.760010 156.369980
v 50.606998 148.050018 158.199982
v 53.180000 149.570023 153.319992
v 54.694000 147.490021 154.729980
v 54.195000 150.070023 156.029984
v 56.334999 152.040009 156.399979
v 55.845001 150.000015 158.449982
v 53.918999 152.170013 158.049988
v 56.848000 154.920013 156.399979
v 57.123001 153.380020 153.919983
v 59.070000 153.040009 156.079987
v 61.158001 152.410019 154.119980
v 60.692001 150.620010 156.389984
v 61.894001 153.260010 156.829987
v 64.655998 154.210022 157.049988
v 63.603001 152.300018 159.009979
v 62.647999 155.070023 158.999985
v 67.102997 153.980011 155.459991
v 66.870003 156.070023 157.489990
v 65.285004 156.240021 155.039978
v 64.644997 159.000015 154.279984
v 62.488998 157.090012 154.839981
v 64.108002 156.800018 152.409988
v 63.923000 161.740021 153.529984
v 66.722000 160.880020 153.419983
v 65.396004 161.240021 156.009979
v 62.719002 164.280014 152.699982
v 61.168999 162.370010 154.299988
v 61.801998 161.760010 151.509979
v 62.188999 167.140015 153.029984
v 61.943001 165.900009 150.389984
v 64.586998 166.250015 151.599991
v 60.495998 169.260010 154.139984
v 63.380001 169.690018 153.839981
v 62.374001 167.830017 155.869980
v 58.833000 171.670013 154.309982
v 59.266998 170.000015 156.689987
v 57.598999 169.010010 154.489990
v 55.568001 166.930008 154.829987
v 57.977001 166.390015 153.249985
v 55.931000 168.220016 152.219986
v 52.691002 166.400009 154.659988
v 53.987999 166.660019 157.279984
v 54.511002 164.310013 155.609985
v 53.695000 161.500015 155.629990
v 55.724998 162.450012 157.519989
v 56.358002 162.240021 154.659988
v 50.970001 160.420013 155.629990
v 53.247002 158.640015 155.129990
v 52.459999 160.630020 153.119980
v 53.047001 162.740021 151.179977
v 52.599998 160.000015 150.259979
v 55.042000 160.670013 151.729980
v 55.957001 158.120010 152.839981
v 57.379002 160.590012 153.499985
v 57.548000 159.480011 150.789978
v 54.013000 156.460022 151.409988
v 54.056999 156.460022 154.339981
v 56.237000 155.200012 152.839981
v 52.208000 157.770020 149.509979
v 52.933998 154.960022 149.139984
v 54.929001 157.060013 148.689987
v 57.752998 156.280014 148.629990
v 56.919998 158.870010 147.529984
v 56.209000 156.390015 146.139984
v 57.250000 153.510010 149.439987
v 59.188999 155.140015 150.909988
v 59.803001 154.230011 148.199982
v 54.481998 152.560013 149.569992
v 56.659000 150.670013 149.079987
v 55.898998 152.600021 147.009979
v 55.416000 154.160019 144.579987
v 55.838001 151.270020 144.399979
v 58.070999 153.030014 145.089981
v 60.632000 154.120010 146.009979
v 60.535000 152.400009 143.639984
v 60.070000 151.260010 146.299988
v 59.769001 149.490021 148.609985
v 61.449001 148.680008 146.359985
v 58.536999 148.780014 146.049988
v 56.055000 148.930008 144.499985
v 57.464001 146.380020 144.759979
v 58.613998 148.530014 143.139984
v 61.528999 148.260010 143.049988
v 60.181000 150.130020 141.249985
v 59.898998 147.240021 140.839981
v 62.171001 145.940018 144.729980
v 63.395000 148.550018 145.289978
v 64.189003 147.040009 142.909988
v 61.338001 143.930008 142.769989
v 59.828999 144.270020 145.259979
v 62.513000 143.090012 145.319992
v 63.415001 144.500015 140.789978
v 60.589001 144.570023 140.009979
v 61.876999 142.010010 140.629990
v 65.735001 143.980011 142.499985
v 65.541000 146.500015 141.019989
v 66.038002 143.990021 139.589981
v 65.456001 143.360016 145.349991
v 67.841003 142.490021 143.889984
v 65.254997 141.220016 143.349991
v 63.032001 139.420013 142.729980
v 65.339996 138.430008 144.239990
v 65.617996 139.070023 141.389984
v 65.806000 138.420013 138.539978
v 67.417000 136.940018 140.489990
v 68.044998 139.740021 139.889984
v 70.950996 139.810013 139.519989
v 69.556999 137.240021 139.709991
v 69.822998 138.940018 142.079987
v 73.721001 140.100021 140.429977
v 72.863998 137.630020 139.099991
v 71.915001 138.250015 141.809982
v 75.218002 142.110016 138.909988
v 76.504997 139.590012 139.669983
v 75.888000 141.600021 141.709991
v 74.725998 141.250015 136.149979
v 76.982002 143.020020 136.749985
v 74.238998 144.030014 136.929977
v 72.440002 145.430008 135.079987
v 74.834999 146.780014 136.089981
v 72.582001 146.250015 137.889984
v 73.805000 148.220016 139.689987
v 72.028000 146.150009 140.769989
v 70.929001 148.320023 139.139984
v 69.586998 150.690018 140.219986
v 68.047997 148.260010 139.669983
v 69.095001 149.870010 137.449982
v 71.014000 153.250015 140.219986
v 70.483002 151.860016 142.749985
v 68.278999 153.100021 141.259979
v 66.683998 155.460022 141.929977
v 65.758003 152.800018 142.729980
v 65.731003 153.580017 139.899979
v 65.087997 157.880020 142.339981
v 67.696999 158.050018 141.019989
v 67.542999 157.470016 143.889984
v 63.408001 160.270020 142.129990
v 63.564999 158.820023 144.669983
v 62.169998 157.630020 142.379990
v 64.202003 161.570023 139.619980
v 64.518997 162.990021 142.169983
v 61.841000 162.520020 141.079987
v 60.618999 164.530014 139.339981
v 60.061001 164.550018 142.209991
v 58.966000 162.420013 140.519989
v 59.706001 166.540009 137.409988
v 60.286999 163.810013 136.519989
v 62.473999 165.580017 137.329987
v 57.244999 167.350021 136.039978
v 59.821999 167.540009 134.659988
v 59.199001 169.370010 136.859985
v 61.181000 171.520020 137.099991
v 59.223999 171.090012 139.229980
v 58.359001 172.170013 136.649979
v 63.874001 172.450012 137.779984
v 62.550999 173.440018 135.349991
v 63.476002 170.660019 135.489990
v 65.079002 171.080017 140.069992
v 64.781998 174.000015 140.089981
v 66.739998 172.740021 138.309982
v 65.195999 168.450012 138.799988
v 63.125000 169.020020 140.789978
v 65.920998 168.740021 141.619980
v 65.066002 168.400009 135.869980
v 66.563004 166.330017 137.299988
v 67.580002 169.080017 137.209991
v 68.998001 171.560013 137.839981
v 70.435997 169.330017 136.609985
v 69.539001 169.140015 139.389984
v 69.280998 166.400009 140.399979
v 68.977997 168.670013 142.229980
v 71.613998 168.010010 141.129990
v 69.712997 164.790009 137.989990
v 67.436996 164.220016 139.739990
v 70.162003 163.610016 140.629990
v 72.405998 165.750015 137.349991
v 70.291000 165.880020 135.329987
v 71.403999 163.290009 136.129990
v 73.976997 167.420013 139.179977
v 75.331001 165.580017 137.339981
v 73.811996 164.530014 139.609985
v 72.396004 162.930008 141.619980
v 75.188004 162.330017 140.969986
v 73.073997 161.750015 139.019989
v 71.477997 160.930008 136.709991
v 73.577003 159.170013 137.739990
v 74.297997 161.650009 136.359985
v 77.136002 161.850021 137.059982
v 75.847000 163.990021 135.539978
v 76.339996 161.400009 134.279984
v 77.149002 159.250015 138.419983
v 78.086998 161.650009 139.819992
v 79.678001 160.510010 137.639984
v 74.682999 157.710022 138.759979
v 77.283997 156.360016 138.889984
v 76.292999 157.390015 136.329987
v 78.384003 157.910019 134.339981
v 75.585999 157.700012 133.499985
v 77.031998 155.310013 134.399979
v 80.573997 156.760010 135.909988
v 80.556000 159.630020 135.309982
v 81.060997 157.680008 133.169983
v 79.419998 154.070023 135.769989
v 80.059998 155.250015 138.369980
v 82.216003 154.420013 136.569992
v 79.314003 153.620010 132.869980
v 76.858002 153.500015 134.469986
v 78.875000 151.390015 134.719986
v 80.307999 155.360016 130.729980
v 80.397003 152.440018 130.419983
v 82.188004 153.770020 132.319992
v 84.210999 154.000015 134.429977
v 84.891998 152.730011 131.879990
v 83.096001 151.380020 133.759979
v 80.958000 149.440018 134.239990
v 83.721001 148.790009 134.969986
v 82.945999 148.930008 132.149979
v 85.184998 148.160019 130.429977
v 82.722000 149.210022 129.239990
v 82.736000 146.550018 130.459991
vn 0.3497 0.2178 0.9112
vn 0.6895 -0.5190 -0.5052
vn -0.2050 0.8484 -0.4880
vn -0.8332 -0.5465 0.0842
vn -0.5895 -0.4303 -0.6836
vn 0.6851 0.5655 -0.4593
vn 0.4594 -0.7067 0.5381
vn -0.5536 0.5713 0.6059
vn 0.8614 -0.2690 -0.4309
vn -0.6500 0.2851 -0.7045
vn 0.1640 0.7603 0.6285
vn -0.3749 -0.7752 0.5086
vn 0.4218 0.6067 -0.6738
vn 0.0831 -0.9477 -0.3080
vn -0.9667 0.2343 0.1026
vn 0.4625 0.1077 0.8801
vn -0.0641 -0.0637 -0.9959
vn 0.9598 -0.0516 0.2757
vn -0.5061 -0.7543 0.4181
vn -0.3882 0.8708 0.3017
vn 0.5699 -0.5948 -0.5670
vn 0.1278 0.9516 -0.2797
vn 0.2629 -0.1049 0.9591
vn -0.9607 -0.2534 -0.1136
vn 0.9251 0.2981 -0.2352
vn -0.4944 -0.2462 -0.8336
vn -0.4794 0.7434 0.4664
vn 0.0493 -0.7956 0.6039
vn 0.3255 0.5598 -0.7620
vn 0.4431 -0.8960 -0.0307
vn -0.9910 -0.1149 -0.0692
vn 0.2223 0.4517 0.8640
vn 0.0962 -0.2641 -0.9597
vn 0.8134 0.5026 0.2929
vn -0.1033 -0.8210 0.5614
vn -0.8072 0.5802 0.1085
vn 0.9007 -0.3064 -0.3079
vn -0.3853 0.6280 -0.6762
vn 0.0870 0.4680 0.8795
vn -0.6022 -0.7913 0.1055
vn 0.6444 0.5882 -0.4887
vn -0.1134 -0.8570 -0.5027
vn -0.8842 0.4609 0.0765
vn 0.3537 -0.1916 0.9155
vn -0.2119 0.1237 -0.9694
vn 0.9500 -0.2967 0.0970
vn -0.6073 -0.6918 0.3906
vn -0.1308 0.8669 0.4810
vn 0.0278 -0.9546 -0.2965
vn 0.5785 0.5514 -0.6011
vn 0.3348 0.0682 0.9398
vn -0.9404 0.3372 -0.0443
vn -0.4066 0.8579 -0.3140
vn 0.8834 0.1899 0.4285
vn 0.1294 -0.6135 -0.7790
vn -0.6069 -0.4336 0.6661
vn 0.2745 -0.6679 0.6918
vn 0.7213 0.0831 -0.6876
vn -0.1527 0.8872 0.4353
vn -0.8454 -0.3028 -0.4400
vn -0.2325 0.5895 -0.7736
vn 0.8577 0.3106 0.4098
vn 0.1041 -0.9423 -0.3182
vn -0.7297 0.0395 0.6826
vn 0.1600 -0.3829 0.9098
vn 0.7903 -0.1851 -0.5841
vn -0.1354 0.9879 0.0756
vn -0.8156 -0.4180 -0.4001
vn -0.2271 -0.0763 -0.9709
vn 0.7314 0.6716 0.1179
vn 0.3055 -0.8880 0.3436
vn -0.8097 0.2949 0.5074
vn 0.3279 0.0660 0.9424
vn 0.7661 -0.2093 -0.6077
vn -0.4095 0.8704 -0.2735
vn -0.6843 -0.7264 -0.0633
vn -0.2197 -0.0306 -0.9751
vn 0.7915 0.5933 0.1465
vn 0.2114 -0.9223 0.3235
vn -0.7841 0.3599 0.5056
vn 0.0298 0.6163 0.7869
vn 0.7343 -0.6744 0.0775
vn 0.1193 0.5259 -0.8421
vn -0.8833 -0.4682 -0.0230
vn -0.0460 0.0408 0.9981
vn 0.3127 -0.9069 -0.2825
vn 0.6411 0.6919 -0.3322
vn -0.9071 0.1748 -0.3828
vn -0.4414 -0.4553 0.7732
vn -0.2522 -0.4643 -0.8490
vn 0.9928 -0.0344 0.1151
vn -0.2990 0.9535 -0.0379
vn 0.5227 -0.2635 -0.8108
vn -0.6604 -0.7182 0.2191
vn -0.4871 0.8547 -0.1796
vn 0.6234 0.1280 0.7714
vn -0.4819 -0.2278 -0.8461
vn -0.2624 -0.6438 0.7188
vn -0.2422 0.9280 0.2831
vn 0.9864 -0.0539 -0.1550
vn -0.8336 -0.0996 -0.5433
vn -0.0051 -0.6694 0.7428
vn 0.0407 0.9234 0.3816
vn 0.7979 -0.1560 -0.5822
vn -0.9044 -0.1436 0.4017
vn 0.2407 -0.7835 -0.5729
vn 0.6771 0.0968 0.7295
vn -0.0123 0.8290 -0.5591
vn -0.1176 -0.9515 0.2844
vn -0.8082 0.2991 -0.5073
vn 0.8075 0.0758 -0.5850
vn 0.1187 0.5776 0.8076
vn -0.4241 -0.6892 -0.5874
vn -0.4681 0.0204 0.8835
vn -0.0726 0.8979 -0.4342
vn 0.9638 -0.2276 0.1390
vn -0.9880 -0.1419 -0.0613
vn 0.4482 -0.8655 0.2236
vn 0.1963 0.6700 0.7159
vn 0.3430 0.3358 -0.8773
vn -0.4820 -0.5884 0.6491
vn -0.2293 -0.2732 -0.9342
vn 0.9862 -0.0900 0.1392
vn -0.2750 0.9507 0.1437
vn -0.0733 -0.9752 -0.2089
vn -0.9128 0.3737 0.1649
vn 0.4215 0.4768 -0.7714
vn 0.5636 0.1259 0.8164
vn -0.7175 -0.3810 -0.5831
vn 0.0035 -0.4784 0.8781
vn -0.1751 0.9732 0.1489
vn 0.8887 -0.1155 -0.4437
vn -0.9413 -0.2761 0.1940
vn 0.4813 -0.7514 -0.4514
vn 0.4649 0.2251 0.8563
vn -0.0028 0.8004 -0.5995
vn -0.1893 -0.8941 0.4059
vn -0.7120 0.2230 -0.6658
vn 0.8885 -0.0250 -0.4582
vn 0.0141 0.6959 0.7180
vn -0.2847 -0.7920 -0.5401
vn -0.6991 0.2028 0.6856
vn 0.1172 0.7894 -0.6026
vn 0.8665 -0.2007 0.4571
vn -0.7278 -0.6317 -0.2670
vn 0.3147 -0.2274 0.9216
vn -0.3498 0.9367 -0.0135
vn 0.7637 -0.0808 -0.6405
vn -0.8864 0.0656 0.4583
vn 0.2814 -0.9584 -0.0474
vn 0.6797 0.5224 0.5149
vn -0.0745 0.3684 -0.9267
vn -0.0850 0.5653 -0.8205
vn 0.9527 -0.2816 0.1140
vn -0.5784 -0.8104 -0.0929
vn -0.2900 0.5276 0.7984
vn 0.4813 -0.4643 -0.7434
vn 0.3805 0.9168 0.1211
vn 0.1101 -0.5209 0.8465
vn -0.9720 0.0680 -0.2248
vn 0.9770 -0.1925 0.0915
vn -0.1932 0.3144 -0.9294
vn -0.2622 0.7100 0.6536
vn -0.5225 -0.8323 0.1849
vn 0.3291 0.8431 -0.4252
vn 0.6179 -0.7513 -0.2318
vn -0.9191 -0.2068 -0.3355
vn -0.0271 0.1162 0.9929
vn 0.4162 -0.0233 -0.9090
vn 0.6106 0.4766 0.6325
vn -0.1512 -0.9344 0.3226
vn -0.8748 0.4823 -0.0468
vn 0.9689 -0.2205 -0.1122
vn -0.1904 0.8936 -0.4064
vn -0.2251 0.0247 0.9740
vn -0.5545 -0.6960 -0.4562
vn 0.9010 0.4335 0.0148
vn -0.1800 -0.3651 -0.9134
vn -0.6999 0.6767 0.2285
vn -0.0227 -0.7420 0.6701
vn 0.1387 0.5889 -0.7962
vn 0.8736 -0.3998 0.2776
vn -0.6415 -0.7308 -0.2333
vn -0.3701 0.5425 0.7542
vn 0.6419 -0.1605 -0.7498
vn 0.2104 0.8749 0.4361
vn 0.0806 -0.7362 0.6720
vn -0.9335 0.0229 -0.3579
vn 0.9598 0.2287 0.1628
vn -0.2958 0.3987 -0.8680
vn -0.5613 0.3655 0.7425
vn -0.1017 -0.9941 -0.0374
vn 0.3569 0.9077 -0.2207
vn 0.5568 -0.6965 -0.4526
vn -0.9458 -0.0700 -0.3170
vn 0.0335 -0.1402 0.9896
vn 0.3185 0.1159 -0.9408
vn 0.7333 0.2467 0.6336
vn -0.2619 -0.9538 0.1473
vn -0.7901 0.5914 0.1613
vn 0.9002 -0.2107 -0.3811
vn -0.1455 0.9891 -0.0207
vn -0.0466 -0.3248 0.9446
vn -0.7078 -0.4520 -0.5429
vn 0.7140 0.6471 0.2672
vn -0.0230 -0.0750 -0.9969
vn -0.8866 0.3250 0.3291
vn 0.1964 -0.8965 0.3972
vn 0.1970 0.8396 -0.5062
vn 0.8059 -0.5920 -0.0084
vn -0.7672 -0.4747 -0.4313
vn -0.2342 0.2279 0.9451
vn 0.4685 0.1177 -0.8756
vn 0.5090 0.4790 0.7152
vn -0.0531 -0.9734 0.2227
vn -0.9231 0.3796 -0.0614
vn 0.9882 -0.0474 -0.1454
vn -0.3559 0.8393 -0.4109
vn -0.1915 -0.0006 0.9815
vn -0.4404 -0.7898 -0.4270
vn 0.5165 0.8339 0.1947
vn 0.2863 -0.3726 -0.8827
vn -0.9768 0.2118 -0.0316
vn 0.1721 -0.6741 0.7183
vn 0.2764 0.6941 -0.6647
vn 0.8125 -0.3731 0.4479
vn -0.4882 -0.7373 -0.4669
vn -0.5989 0.4175 0.6834
vn 0.7547 -0.1517 -0.6382
vn 0.1632 0.8417 0.5147
vn -0.0610 -0.7689 0.6364
vn -0.8555 0.0783 -0.5119
vn 0.9634 0.2120 0.1642
vn -0.3065 0.4705 -0.8275
vn -0.5469 0.3044 0.7799
vn -0.1089 -0.9873 -0.1156
vn 0.3363 0.9415 -0.0228
vn 0.5592 -0.5693 -0.6027
vn -0.9509 -0.0208 -0.3089
vn 0.0561 -0.3505 0.9349
vn 0.0344 0.0667 -0.9972
vn 0.7531 0.5264 0.3947
vn 0.0840 -0.9578 0.2747
vn -0.8717 0.3637 0.3283
vn 0.6258 0.3146 -0.7137
vn -0.6462 0.7301 0.2223
vn 0.5224 -0.2411 0.8179
vn -0.5022 -0.8014 -0.3250
vn 0.4879 0.8653 0.1147
vn -0.3956 -0.0421 -0.9175
vn -0.7308 -0.0614 0.6798
vn 0.6354 -0.7623 0.1231
vn -0.8621 0.5046 -0.0464
vn 0.7505 0.5963 -0.2848
vn -0.0466 -0.7921 -0.6086
vn 0.1565 -0.3082 0.9384
vn 0.7676 0.1266 0.6283
vn 0.3482 -0.2570 -0.9015
vn -0.5175 0.8527 -0.0719
vn -0.5975 -0.7236 0.3456
vn 0.9249 0.3801 0.0018
vn 0.0062 -0.8987 0.4385
vn -0.3218 -0.0940 -0.9421
vn -0.6104 0.6118 0.5032
vn -0.7532 0.1687 0.6357
vn -0.1484 -0.8713 -0.4678
vn 0.8622 -0.0352 0.5053
vn 0.0407 0.7374 -0.6742
vn 0.3412 0.0334 -0.9394
vn 0.4190 -0.7709 0.4798
vn -0.9932 -0.1161 -0.0083
vn 0.2341 0.8523 0.4678
vn -0.0005 0.1939 0.9810
vn -0.1970 -0.9696 -0.1451
vn 0.8968 0.2197 -0.3839
vn -0.6989 0.5561 -0.4497
vn -0.9844 -0.0747 0.1591
vn 0.2603 -0.5908 -0.7637
vn 0.4947 -0.2827 0.8218
vn 0.2298 0.9488 -0.2169
vn 0.8227 0.2159 -0.5259
vn 0.0865 -0.9164 0.3908
vn -0.7989 0.0329 -0.6006
vn -0.1088 0.6688 0.7355
vn 0.6279 -0.4127 -0.6598
vn 0.5006 0.2351 0.8331
vn -0.7274 -0.6497 0.2209
vn -0.3997 0.8269 -0.3955
vn -0.5107 0.6730 0.5350
vn 0.2430 -0.7743 0.5843
vn 0.8341 0.4210 -0.3565
vn -0.5642 -0.3195 -0.7613
vn 0.8235 0.1085 0.5568
vn -0.8092 0.0968 0.5795
vn 0.0004 -0.9052 -0.4250
vn -0.0145 0.7031 -0.7109
vn -0.0560 -0.6954 0.7164
vn 0.2603 0.8765 0.4049
vn -0.8904 0.0904 -0.4462
vn 0.6860 -0.2719 -0.6748
vn -0.6412 0.7666 0.0349
vn 0.1119 -0.3845 0.9163
vn 0.8844 0.3210 -0.3388
vn -0.3562 -0.7046 -0.6137
vn 0.0385 0.6003 0.7988
vn -0.9451 -0.2895 -0.1512
vn 0.5750 -0.8031 0.1566
vn 0.3317 0.4929 -0.8044
vn -0.5531 -0.1857 0.8122
vn -0.1766 0.9316 -0.3177
vn -0.2388 -0.6508 -0.7207
vn 0.9688 -0.0949 0.2291
vn -0.9429 0.3302 0.0431
vn 0.5084 0.3416 0.7904
vn 0.4301 0.3268 -0.8416
vn 0.0025 -0.9999 0.0101
vn -0.2589 0.9016 0.3465
vn -0.4748 -0.7075 0.5234
vn 0.9879 -0.1236 0.0941
vn -0.2552 -0.0689 -0.9644
vn -0.0473 0.1821 0.9821
vn -0.8308 0.3397 -0.4409
vn 0.0795 -0.9847 -0.1552
vn 0.7978 0.4635 -0.3857
vn -0.8271 -0.1155 0.5500
vn 0.3396 0.9355 0.0975
vn -0.2124 -0.1777 -0.9609
vn 0.6990 -0.6424 0.3142
vn -0.7192 0.6859 0.1108
vn 0.3208 -0.2970 0.8994
vn 0.7617 0.3978 -0.5115
vn -0.3641 -0.7861 -0.4994
vn 0.2822 0.7133 0.6416
vn -0.9449 -0.2652 0.1918
vn 0.5958 -0.7968 0.1005
vn 0.0660 0.3495 -0.9346
vn -0.1485 0.1395 0.9790
vn -0.4116 0.7544 -0.5113
vn -0.4213 -0.8623 -0.2809
vn 0.9818 -0.0335 -0.1870
vn -0.8190 -0.1724 -0.5472
vn -0.2295 0.6001 0.7663
vn 0.6953 0.4366 -0.5710
vn 0.3527 -0.8663 0.3537
vn -0.9213 0.2988 -0.2487
vn -0.0557 -0.6849 0.7265
vn 0.5288 0.7857 0.3209
vn 0.4472 -0.4005 -0.7997
vn 0.5974 0.2935 0.7463
vn -0.9525 0.0315 0.3030
vn 0.2347 -0.9347 -0.2668
vn 0.1224 0.6091 -0.7835
vn -0.6965 0.5529 -0.4573
vn -0.3179 -0.9460 0.0643
vn 0.1620 0.3606 0.9186
vn 0.8500 0.0310 -0.5259
vn -0.8710 0.1504 -0.4676
vn 0.5038 -0.7302 -0.4615
vn -0.1712 -0.2632 0.9494
vn 0.5365 0.8437 -0.0191
vn 0.9214 -0.1205 0.3696
vn -0.4931 -0.8691 0.0391
vn 0.0592 0.3064 -0.9501
vn -0.4880 0.6851 0.5407
vn -0.9966 -0.0154 0.0803
vn 0.2719 -0.4542 -0.8484
vn 0.4059 -0.4772 0.7794
vn 0.3192 0.9476 -0.0128
vn 0.6092 0.6970 -0.3783
vn 0.4583 -0.8886 -0.0200
vn -0.8362 -0.0438 -0.5467
vn -0.2293 0.2338 0.9448
vn -0.4564 -0.6419 0.6162
vn 0.1364 -0.4360 -0.8896
vn 0.8868 0.2600 0.3820
vn -0.5658 0.8173 -0.1095
vn -0.5547 0.2789 -0.7839
vn 0.9680 0.0236 -0.2497
vn -0.2517 -0.9292 0.2708
vn -0.1624 0.6267 0.7622
vn 0.2973 -0.5922 -0.7489
vn -0.1098 0.9336 -0.3410
vn 0.6862 -0.0146 0.7273
vn -0.8735 -0.3275 0.3602
vn 0.6144 0.5687 -0.5469
vn -0.7136 -0.3826 -0.5868
vn -0.4200 0.5596 0.7145
vn 0.5193 -0.7454 0.4180
vn -0.4222 0.6066 -0.6736
vn 0.7437 -0.5118 -0.4300
vn -0.6848 -0.6400 0.3483
vn 0.3632 0.5461 0.7549
vn -0.1589 -0.2138 -0.9639
vn 0.5655 0.8219 0.0686
vn 0.4699 -0.7665 0.4378
vn -0.8762 0.1572 0.4557
vn 0.7476 0.0712 -0.6603
vn -0.7891 0.5179 -0.3303
vn 0.2965 0.3728 0.8793
vn -0.2546 -0.9604 0.1132
vn 0.2363 0.8506 -0.4698
vn -0.2082 -0.7088 -0.6740
vn -0.8002 0.1526 0.5799
vn 0.7706 -0.2921 0.5664
vn -0.4699 0.3401 -0.8146
vn 0.9778 -0.0857 -0.1913
vn -0.3704 -0.8937 0.2531
vn -0.1378 0.6412 0.7549
vn 0.1876 -0.3140 -0.9307
vn 0.0913 0.9949 0.0438
vn 0.6525 -0.4219 0.6294
vn -0.9304 -0.2617 0.2568
vn 0.7400 0.3916 -0.5468
vn -0.8467 0.0073 -0.5321
vn -0.1270 0.5404 0.8317
vn 0.2329 -0.9401 0.2489
vn -0.0142 0.8590 -0.5119
vn 0.2599 -0.7468 -0.6122
vn -0.9079 -0.1809 0.3781
vn 0.6625 0.0682 0.7460
vn -0.4583 -0.0114 -0.8887
vn 0.8340 0.5481 -0.0631
vn 0.2358 -0.9341 0.2680
vn -0.6105 0.3991 0.6841
vn 0.6974 -0.5759 -0.4266
vn -0.2179 0.7659 -0.6050
vn 0.3452 0.3525 0.8698
vn -0.8240 -0.5428 0.1625
vn -0.9468 0.3152 -0.0650
vn 0.5978 0.7795 0.1872
vn 0.2686 -0.4294 -0.8622
vn 0.0793 -0.6667 0.7411
vn 0.2456 -0.7236 0.6450
vn 0.1959 0.8909 0.4097
vn -0.9746 -0.0627 -0.2149
vn 0.5334 -0.1043 -0.8394
vn -0.1656 0.8252 0.5400
vn -0.7471 -0.1240 -0.6531
vn 0.0459 -0.7926 0.6080
vn 0.8649 0.0920 -0.4935
vn -0.8620 0.4026 0.3082
vn 0.4436 0.6188 -0.6483
vn -0.1857 -0.8753 -0.4465
vn 0.6005 -0.1460 0.7861
vn -0.5812 0.4439 -0.6820
vn 0.1201 0.6108 0.7826
vn 0.8920 -0.2056 -0.4025
vn -0.4309 -0.8501 0.3027
vn 0.0061 0.9804 -0.1968
vn -0.9375 -0.3005 0.1756
vn 0.5633 -0.1826 0.8058
vn 0.3683 -0.4962 -0.7862
vn -0.5166 0.5911 0.6195
vn -0.2548 0.2045 -0.9451
vn -0.2084 -0.9574 0.2001
vn 0.9791 0.1603 0.1251
vn -0.9856 0.0599 -0.1580
vn 0.3711 0.9192 0.1314
vn 0.4394 -0.4288 -0.7893
vn 0.1737 -0.5505 0.8165
vn -0.3527 0.6421 -0.6806
vn -0.5492 0.0623 0.8334
vn 0.9522 0.2247 0.2070
vn -0.0505 -0.9307 -0.3623
vn 0.4676 0.2479 0.8485
vn -0.5987 0.7504 -0.2802
vn -0.5446 -0.8256 0.1477
vn 0.6775 -0.1717 -0.7152
vn -0.7246 0.3107 0.6152
vn 0.8513 0.4776 0.2174
vn -0.2584 0.1950 -0.9461
vn 0.1330 -0.9846 0.1134
vn -0.0975 0.9950 0.0196
vn -0.0424 -0.3587 0.9325
vn 0.8807 -0.2405 -0.4081
vn -0.7389 -0.3985 -0.5434
vn 0.2063 0.8444 0.4944
vn -0.9015 -0.3358 0.2729
vn 0.6901 -0.6906 0.2166
vn 0.0061 0.1807 -0.9835
vn -0.7276 0.3672 -0.5794
vn -0.1707 -0.9699 0.1734
vn 0.0181 0.4986 0.8666
vn 0.8814 0.1034 -0.4610
vn 0.4658 -0.3288 0.8216
vn -0.9678 -0.2478 0.0448
vn 0.4165 -0.4185 -0.8071
vn 0.0870 0.9944 -0.0604
vn -0.5916 0.7768 0.2159
vn -0.4502 -0.5877 -0.6723
vn 0.1793 -0.5239 0.8327
vn 0.8644 0.3346 -0.3754
vn 0.5034 -0.0431 -0.8630
vn -0.3435 -0.9103 0.2309
vn -0.7683 0.6334 -0.0924
vn 0.6090 0.3185 0.7264
vn -0.3774 -0.1268 -0.9173
vn 0.8133 -0.5721 0.1063
vn -0.6842 -0.2641 0.6798
vn 0.2467 0.9602 0.1310
vn 0.0693 -0.5962 0.7998
vn 0.1171 -0.5433 -0.8313
vn 0.7126 0.7001 0.0455
vn -0.8986 0.4386 -0.0123
vn 0.8619 -0.5036 0.0598
vn -0.7652 -0.6438 0.0067
vn -0.0192 0.5297 -0.8480
vn -0.0770 0.6169 0.7833
vn 0.0056 -0.8618 -0.5073
vn 0.2177 -0.1751 0.9602
vn -0.9061 0.4182 -0.0640
vn 0.6827 0.6188 -0.3886
vn -0.3999 -0.8822 0.2485
vn 0.9952 -0.0863 -0.0459
vn -0.2428 0.6812 0.6907
vn -0.3518 0.2857 -0.8914
vn 0.4236 -0.3614 0.8306
vn -0.1963 -0.7527 -0.6284
vn 0.6254 0.6451 -0.4390
vn -0.8511 0.4680 0.2378
vn 0.5909 -0.8067 -0.0005
vn -0.8079 -0.1777 0.5619
vn -0.2851 0.2041 -0.9365
vn 0.5020 0.7792 0.3753
vn -0.2809 -0.9547 -0.0978
vn 0.4701 0.1193 0.8745
vn -0.8073 0.5895 -0.0292
vn 0.6181 0.2459 -0.7466
vn -0.4170 -0.5915 0.6901
vn 0.7621 -0.4802 -0.4342
vn 0.3377 0.8339 0.4365
vn -0.6824 0.2358 -0.6918
vn 0.6285 -0.5446 0.5553
vn -0.7998 -0.5522 -0.2353
vn 0.4627 0.2913 -0.8373
vn -0.2900 0.8049 0.5177
vn 0.1762 -0.9837 -0.0363
vn -0.2621 0.2593 0.9295
vn -0.7404 0.2303 -0.6315
vn 0.8289 0.4941 -0.2622
vn -0.2961 -0.9018 0.3149
vn 0.8697 0.2366 0.4332
vn -0.6898 0.6815 0.2445
vn 0.1159 -0.0166 -0.9931
vn 0.3520 0.7926 0.4979
vn -0.2706 -0.7098 0.6503
vn 0.7119 -0.3569 -0.6049
vn -0.7925 0.2750 -0.5443
vn 0.6312 -0.3510 0.6917
vn -0.7630 0.4651 0.4489
vn -0.3473 -0.7603 -0.5489
vn 0.4816 0.6469 -0.5912
vn -0.3827 0.8488 -0.3648
vn -0.7106 -0.7033 0.0208
vn 0.3392 0.1545 0.9279
vn 0.7535 -0.3015 -0.5842
vn -0.5940 0.3639 0.7174
vn -0.4399 0.1176 -0.8903
vn 0.1629 -0.9734 0.1613
vn 0.8704 0.4921 0.0121
vn -0.5095 -0.8047 -0.3049
vn -0.6376 0.7489 0.1806
vn 0.6458 0.2749 -0.7123
vn 0.5010 -0.2201 0.8370
vn 0.1791 0.5309 0.8283
vn -0.0647 0.6166 -0.7846
vn -0.8601 -0.4993 0.1050
vn 0.7464 -0.6490 -0.1473
vn 0.7935 -0.2438 -0.5576
vn -0.7888 0.1613 -0.5931
vn 0.2026 0.8304 0.5190
vn -0.2057 -0.7479 0.6312
vn -0.7023 -0.6928 0.1637
vn -0.4366 0.8800 -0.1870
vn 0.5577 -0.2697 -0.7850
vn 0.5812 0.0826 0.8096
vn -0.0925 0.6220 0.7775
vn 0.3064 0.5117 -0.8026
vn -0.8836 -0.4263 -0.1934
vn 0.6703 -0.7089 0.2197
vn -0.4735 0.8808 -0.0008
vn 0.9344 0.1228 0.3343
vn 0.0246 -0.3650 -0.9307
vn -0.4858 -0.6385 0.5970
vn 0.8058 0.5743 -0.1448
vn -0.5522 0.3807 0.7417
vn 0.2920 -0.9248 0.2438
vn -0.5430 -0.0323 -0.8391
vn 0.4944 0.4489 0.7443
vn -0.2725 0.6835 -0.6772
vn -0.8139 -0.4523 0.3647
vn 0.5918 -0.6809 -0.4315
vn -0.3353 0.8455 0.4156
vn 0.9553 0.1165 -0.2717
vn -0.5508 -0.2153 -0.8064
vn -0.0699 -0.7456 0.6627
vn 0.1620 0.8870 -0.4324
vn 0.3297 0.0209 0.9439
vn 0.4880 -0.7109 -0.5064
vn -0.9800 -0.1987 -0.0077
vn 0.9611 -0.2728 -0.0441
vn -0.0625 0.9696 0.2367
vn -0.4696 -0.5420 0.6969
vn -0.4311 -0.1549 -0.8889
vn -0.8235 0.3668 -0.4328
vn 0.0164 0.2703 0.9626
vn 0.8095 0.3625 -0.4618
vn -0.0011 -0.9978 -0.0669
vn 0.8534 -0.1864 0.4868
vn -0.1887 0.9816 0.0283
vn -0.7501 -0.4968 0.4366
vn 0.0868 -0.2982 -0.9505
vn 0.0286 0.3712 -0.9281
vn -0.7945 0.3702 0.4814
vn 0.8351 0.2555 0.4872
vn -0.0681 -0.9969 -0.0397
vn -0.4308 -0.6804 0.5929
vn 0.1164 0.8557 0.5043
vn -0.5798 0.1589 -0.7991
vn 0.8943 -0.3338 -0.2979
vn 0.1984 0.7691 -0.6076
vn -0.8990 0.1313 0.4179
vn 0.6985 -0.0483 0.7140
vn 0.0016 -0.8521 -0.5233
vn 0.1769 -0.0518 0.9829
vn -0.6968 0.6953 -0.1763
vn -0.3241 -0.8877 -0.3271
vn 0.8430 0.2441 -0.4794
vn 0.0251 0.2070 -0.9780
vn -0.5931 -0.7892 0.1592
vn -0.3553 0.7917 0.4970
vn 0.9235 -0.2087 0.3218
vn -0.0684 -0.2582 0.9637
vn -0.9059 -0.0409 -0.4215
vn 0.6166 -0.6292 -0.4732
vn 0.3589 0.9307 -0.0714
vn -0.2291 0.6581 -0.7172
vn -0.2011 -0.9257 -0.3204
vn -0.5421 0.1945 0.8175
vn 0.9727 0.0729 0.2204
vn 0.1722 -0.6615 0.7299
vn -0.9784 0.0226 -0.2054
vn 0.5072 -0.2678 -0.8192
vn 0.2994 0.9070 0.2963
vn -0.3382 0.8112 -0.4771
vn -0.2407 -0.8195 -0.5202
vn -0.4156 -0.0502 0.9082
vn 0.9942 0.0581 0.0910
vn -0.0764 -0.7091 0.7010
vn -0.8819 0.1121 -0.4580
vn 0.6925 -0.2670 -0.6701
vn 0.2656 0.8646 0.4264
vn -0.3861 0.9134 -0.1291
vn -0.0809 -0.5170 -0.8522
vn -0.4978 -0.4742 0.7262
vn 0.9637 0.0777 0.2556
vn 0.3858 -0.9219 0.0352
vn -0.9697 -0.0539 -0.2382
vn 0.4840 0.5377 -0.6904
vn 0.1020 0.4394 0.8925
vn 0.0543 -0.9365 0.3465
vn -0.9501 0.3111 0.0240
vn 0.3347 0.0291 -0.9419
vn 0.5629 0.5974 0.5712
vn 0.0928 0.0054 0.9957
vn -0.3587 0.8824 -0.3045
vn -0.6287 -0.7282 -0.2729
vn 0.8939 -0.1563 -0.4202
vn -0.7826 0.5711 0.2477
vn 0.7446 0.1527 0.6499
vn 0.3078 0.2405 -0.9206
vn -0.2698 -0.9626 0.0237
vn 0.3168 -0.8909 0.3254
vn 0.7877 0.5648 -0.2460
vn -0.5219 0.4521 0.7234
vn -0.5836 -0.1242 -0.8025
vn -0.2326 0.8729 -0.4289
vn 0.5600 0.1684 0.8112
vn 0.5119 -0.5659 -0.6464
vn -0.8381 -0.4766 0.2655
vn 0.2874 -0.8228 0.4902
vn 0.8072 0.4827 -0.3397
vn -0.5094 0.5959 0.6208
vn -0.5832 -0.2571 -0.7706
vn -0.2815 0.8245 -0.4909
vn 0.7094 0.2347 0.6646
vn 0.3610 -0.6691 -0.6497
vn -0.7887 -0.3880 0.4769
vn -0.0138 -0.3976 0.9175
vn 0.9125 -0.1077 -0.3946
vn -0.2255 0.9727 0.0551
vn -0.6708 -0.4668 -0.5764
vn 0.0875 0.0851 -0.9925
vn 0.6409 0.6232 0.4483
vn 0.2066 -0.9404 0.2702
vn -0.9335 0.2305 0.2746
vn -0.1174 0.0037 0.9931
vn 0.9607 -0.1673 -0.2216
vn -0.2770 0.8860 -0.3718
vn -0.5653 -0.7221 -0.3988
vn -0.1525 -0.0765 -0.9853
vn 0.5582 0.8078 0.1892
vn 0.4752 -0.8164 0.3281
vn -0.8799 0.0852 0.4675
vn -0.2123 -0.1239 -0.9693
vn 0.5176 0.8467 0.1234
vn 0.5456 -0.7734 0.3228
vn -0.8505 0.0490 0.5237
vn 0.2566 -0.2448 -0.9350
vn 0.2511 0.9518 0.1761
vn 0.4797 -0.5954 0.6445
vn -0.9871 -0.1100 0.1164
vn -0.7540 0.6194 -0.2188
vn 0.4522 0.3085 0.8369
vn 0.6571 -0.0014 -0.7538
vn -0.3537 -0.9254 0.1363
vn 0.0192 0.9877 -0.1554
vn -0.7050 -0.2169 0.6752
vn 0.8907 -0.3020 0.3399
vn -0.2045 -0.4693 -0.8590
vn -0.4275 0.0282 0.9036
vn -0.5217 0.5687 -0.6359
vn 0.0152 -0.9427 -0.3334
vn 0.9361 0.3457 0.0654
vn -0.8407 -0.4153 -0.3475
vn -0.2299 0.7238 0.6506
vn 0.5207 0.3873 -0.7608
vn 0.5507 -0.6980 0.4577
vn -0.6240 0.7253 -0.2909
vn -0.5236 -0.7410 0.4204
vn 0.6508 0.3676 0.6643
vn 0.4977 -0.3519 -0.7927
vn -0.6588 0.2623 0.7051
vn -0.4768 -0.1235 -0.8703
vn 0.4437 -0.8565 0.2636
vn 0.6892 0.7180 -0.0972
vn -0.5640 -0.8245 -0.0458
vn -0.5859 0.7959 0.1525
vn 0.4971 0.1109 -0.8606
vn 0.6510 -0.0812 0.7547
vn -0.7597 0.0692 -0.6465
vn -0.3402 -0.3382 0.8774
vn 0.4127 0.9020 0.1269
vn 0.6854 -0.6344 -0.3574
vn -0.7389 0.4281 0.5204
vn -0.3861 -0.6568 -0.6478
vn 0.6180 -0.4715 0.6291
vn 0.5060 0.7025 -0.5005
vn -0.8019 -0.4534 0.3891
vn -0.2966 0.7105 -0.6381
vn 0.5609 -0.6715 -0.4842
vn 0.5377 0.4162 0.7333
vn -0.2249 -0.4111 -0.8834
vn -0.8439 0.2513 0.4740
vn 0.5569 0.8178 -0.1450
vn 0.5092 -0.6591 0.5535
vn -0.2779 0.9366 -0.2135
vn -0.6077 -0.6423 -0.4670
vn -0.0568 -0.1447 0.9878
vn 0.9400 -0.1475 -0.3077
vn -0.1611 0.7755 -0.6104
vn 0.3396 -0.7754 -0.5323
vn -0.8559 -0.2528 0.4512
vn 0.6777 0.2528 0.6905
vn -0.0013 -0.8337 0.5522
vn -0.3828 -0.1962 -0.9028
vn 0.9385 0.3294 -0.1035
vn -0.5535 0.6998 0.4516
vn -0.6725 0.6451 -0.3628
vn 0.7326 -0.1276 -0.6686
vn -0.4450 -0.8778 0.1772
vn 0.3831 0.3584 0.8513
vn -0.1418 0.8374 -0.5279
vn 0.9581 -0.0597 0.2802
vn -0.2311 -0.7921 -0.5649
vn -0.5850 0.0130 0.8109
vn 0.2337 -0.2682 0.9346
vn 0.4440 -0.6198 -0.6471
vn 0.3132 0.9351 -0.1660
vn -0.9913 -0.0462 -0.1232
vn -0.3750 0.0323 -0.9264
vn 0.9654 0.2596 -0.0236
vn -0.0881 -0.9267 0.3653
vn -0.5027 0.6354 0.5861
vn 0.3204 0.2873 0.9027
vn 0.6477 -0.6532 -0.3922
vn -0.0728 0.7989 -0.5970
vn -0.8974 -0.4327 0.0859
vn -0.4115 -0.5545 -0.7233
vn 0.8799 0.3576 -0.3127
vn 0.1379 -0.5652 0.8134
vn -0.6077 0.7621 0.2233
vn 0.4375 0.6293 0.6424
vn 0.6236 -0.7538 -0.2069
vn -0.2240 0.4874 -0.8440
vn -0.8388 -0.3615 0.4071
vn -0.3399 -0.9404 -0.0007
vn 0.4526 0.1906 -0.8711
vn 0.6518 0.1181 0.7491
vn -0.7659 0.6313 0.1218
vn 0.1909 0.9630 -0.1902
vn 0.8207 -0.5430 -0.1776
vn -0.7434 -0.3169 -0.5890
vn -0.2680 -0.1056 0.9576
vn -0.0264 0.3328 -0.9426
vn 0.8682 0.2625 0.4211
vn -0.0853 -0.9964 0.0031
vn -0.7562 0.4004 0.5176
vn 0.7916 -0.5775 -0.1998
vn 0.1379 0.9055 -0.4014
vn -0.1077 0.0867 0.9904
vn -0.8217 -0.4144 -0.3912
vn -0.2368 0.8500 0.4705
vn 0.9944 -0.0719 -0.0779
vn -0.4087 0.0004 -0.9127
vn -0.3500 -0.7799 0.5189
vn 0.4099 0.8765 -0.2524
vn 0.1775 -0.1858 0.9664
vn 0.3993 -0.7258 -0.5602
vn -0.9872 0.0365 -0.1551
vn 0.9464 -0.3152 0.0699
vn -0.1239 0.8076 0.5766
vn -0.6170 -0.7261 0.3034
vn -0.2042 0.2379 -0.9496
vn -0.5743 0.7265 -0.3772
vn -0.3220 -0.2331 0.9176
vn 0.9475 0.3157 0.0502
vn -0.0526 -0.8066 -0.5887
vn -0.6304 -0.7752 -0.0404
vn 0.5116 -0.0285 0.8588
vn -0.5198 0.8529 -0.0486
vn 0.6366 -0.0481 -0.7697
vn 0.9822 -0.1697 -0.0803
vn -0.1590 0.7166 0.6791
vn -0.4605 -0.8402 0.2864
vn -0.3622 0.2951 -0.8842
vn 0.3240 -0.4215 0.8470
vn 0.5903 0.7721 -0.2354
vn -0.9375 0.3235 0.1283
vn 0.0217 -0.6741 -0.7383
vn 0.7212 0.0797 0.6882
vn 0.3876 -0.3577 -0.8496
vn -0.4004 0.9008 -0.1681
vn -0.7103 -0.6221 0.3292
vn -0.7222 -0.6556 -0.2203
vn 0.0971 0.6541 -0.7502
vn 0.8638 -0.4868 0.1297
vn -0.2374 0.4878 0.8401
vn 0.5035 -0.2834 -0.8162
vn -0.9655 0.1218 -0.2304
vn 0.3742 0.8630 0.3393
vn 0.0877 -0.7011 0.7076
vn 0.1049 0.7727 -0.6260
vn -0.3530 -0.7893 -0.5024
vn -0.6403 0.2443 0.7283
vn 0.8883 -0.2287 0.3983
vn 0.7187 -0.6772 -0.1578
vn -0.8354 -0.4634 0.2955
vn -0.1782 0.4994 -0.8479
vn 0.2934 0.6407 0.7095
vn -0.3986 0.3635 0.8420
vn -0.7039 -0.0442 -0.7089
vn 0.3593 -0.9176 0.1702
vn 0.7425 0.5984 -0.3011
vn -0.8575 -0.2292 0.4606
vn 0.0087 0.9757 -0.2189
vn 0.0777 -0.5322 -0.8430
vn 0.7690 -0.2155 0.6018
vn -0.7679 0.4992 -0.4015
vn -0.0472 0.0642 0.9968
vn 0.8601 0.3963 -0.3213
vn -0.0451 -0.9603 -0.2752
vn -0.2529 0.8497 0.4627
vn -0.8080 -0.5807 -0.0995
vn 0.6914 -0.4801 0.5398
vn 0.3696 0.2097 -0.9052
vn -0.6637 0.0568 0.7458
vn -0.2899 0.5978 -0.7474
vn 0.0540 -0.9435 -0.3268
vn 0.8986 0.2915 0.3279
vn -0.9777 -0.0097 -0.2097
vn 0.2074 0.7821 0.5876
vn 0.5219 0.0743 -0.8498
vn 0.2484 -0.8464 0.4711
vn -0.5821 0.7835 -0.2172
vn -0.3693 -0.4770 0.7975
vn 0.9265 0.3174 0.2020
vn 0.0233 -0.6230 -0.7819
vn -0.3622 0.5168 0.7757
vn -0.7489 -0.2455 -0.6156
vn 0.4449 -0.8303 0.3356
vn 0.6662 0.5575 -0.4954
vn -0.8648 -0.1870 0.4660
vn 0.0031 0.9429 -0.3331
vn 0.1039 -0.6248 -0.7739
vn 0.7574 -0.1298 0.6399
vn -0.8594 0.3251 -0.3947
vn 0.0497 0.2693 0.9618
vn 0.7682 0.4026 -0.4978
vn 0.0432 -0.9966 -0.0699
vn -0.3567 0.9019 0.2435
vn -0.6854 -0.6982 0.2068
vn 0.8303 -0.1847 0.5259
vn 0.2150 -0.0206 -0.9764
vn -0.5299 0.4218 0.7357
vn -0.5095 0.0658 -0.8580
vn 0.1648 -0.9628 0.2143
vn 0.8754 0.4745 -0.0926
vn -0.9447 -0.3276 0.0131
vn 0.0125 0.9881 0.1530
vn 0.4115 -0.2017 -0.8888
vn 0.5208 -0.4584 0.7202
vn -0.8459 0.4030 -0.3494
vn -0.0511 -0.0671 0.9964
vn 0.7756 0.5778 -0.2541
vn 0.1201 -0.9124 -0.3913
vn 0.7490 0.5312 0.3960
vn -0.8720 0.3575 0.3344
vn 0.0920 -0.9590 0.2681
vn 0.0304 0.0688 -0.9972
vn -0.5916 0.2511 -0.7662
vn -0.4960 -0.6099 0.6181
vn 0.2740 0.8239 0.4962
vn 0.8145 -0.4652 -0.3466
vn -0.9689 0.2234 0.1063
vn 0.1049 -0.6928 -0.7134
vn 0.3558 -0.3545 0.8647
vn 0.5069 0.8225 -0.2581
vn -0.7181 -0.6827 0.1352
vn -0.2609 0.6137 -0.7452
vn 0.8572 -0.4591 -0.2332
vn 0.1217 0.5274 0.8408
vn 0.4828 -0.2585 -0.8367
vn -0.9593 -0.2732 -0.0710
vn 0.0550 0.9907 0.1247
vn 0.4221 -0.4593 0.7816
vn -0.2802 0.1095 -0.9537
vn 0.3448 -0.9285 0.1381
vn -0.7853 0.1576 0.5988
vn 0.7205 0.6597 0.2140
vn -0.8688 -0.4797 0.1226
vn 0.4766 -0.3754 -0.7949
vn 0.5657 -0.1207 0.8158
vn -0.1721 0.9742 -0.1459
vn 0.3101 0.7302 -0.6088
vn 0.7292 -0.6758 0.1080
vn -0.8061 -0.4420 -0.3935
vn -0.2323 0.3874 0.8922
vn 0.1453 -0.3352 0.9309
vn 0.0075 -0.7700 -0.6379
vn 0.7292 0.6408 -0.2401
vn -0.8837 0.4649 -0.0536
vn -0.4466 0.0676 -0.8922
vn 0.9722 -0.1975 -0.1260
vn -0.4212 -0.7368 0.5288
vn -0.1042 0.8653 0.4902
vn 0.5056 0.2717 0.8188
vn 0.2482 -0.9350 -0.2532
vn 0.2280 0.6192 -0.7514
vn -0.9817 0.0449 0.1851
vn -0.5427 -0.4631 -0.7007
vn 0.9526 0.0542 -0.2994
vn -0.0522 -0.5127 0.8570
vn -0.3581 0.9227 0.1430
vn 0.5065 0.6987 0.5053
vn 0.4234 -0.8935 0.1496
vn 0.0155 0.2183 -0.9758
vn -0.9474 -0.0235 0.3192
vn -0.6786 -0.7276 -0.1003
vn 0.8582 -0.2838 -0.4277
vn 0.1554 0.1808 0.9712
vn -0.3360 0.8309 -0.4436
vn -0.4312 -0.7676 0.4742
vn 0.2929 -0.2910 -0.9108
vn 0.7949 0.3106 0.5212
vn -0.6555 0.7504 -0.0848
vn 0.3952 0.7686 -0.5031
vn 0.5667 -0.8128 -0.1346
vn -0.9245 -0.1785 -0.3367
vn -0.0363 0.2225 0.9743
vn -0.0676 0.1320 -0.9889
vn 0.9635 -0.0216 0.2667
vn -0.4348 -0.8642 0.2533
vn -0.4599 0.7551 0.4673
vn 0.6573 -0.6537 -0.3751
vn 0.1433 0.8962 -0.4199
vn 0.1300 0.0716 0.9889
vn -0.9293 -0.3141 -0.1941
vn 0.8146 0.5693 -0.1109
vn -0.1747 -0.5007 -0.8478
vn -0.7862 0.5799 0.2136
vn 0.1463 -0.6487 0.7468
vn 0.1281 0.4832 -0.8661
vn 0.7872 -0.5925 0.1710
vn -0.8322 -0.5522 -0.0503
vn -0.0840 0.6626 0.7442
vn 0.4013 -0.2816 -0.8716
vn 0.5292 0.7582 0.3808
vn 0.0135 -0.7714 0.6362
vn -0.9447 0.2943 -0.1446
vn 0.9834 -0.1528 -0.0974
vn -0.3354 0.5325 -0.7772
vn -0.1767 0.5011 0.8472
vn -0.4727 -0.8808 0.0272
vn 0.6609 0.6711 -0.3360
vn 0.1106 -0.8565 -0.5041
vn -0.9272 0.3502 -0.1331
vn 0.1563 -0.1632 0.9741
vn 0.2152 0.2237 -0.9506
vn 0.8363 -0.2674 0.4786
vn -0.6548 -0.7554 0.0250
vn -0.3964 0.8014 0.4478
vn 0.6207 -0.6483 -0.4410
vn 0.2393 0.9301 -0.2787
vn 0.0817 -0.0854 0.9930
vn -0.9418 -0.1964 -0.2728
vn 0.0623 0.0940 -0.9936
vn 0.0512 0.9045 0.4234
vn 0.7562 -0.5637 0.3323
vn -0.8685 -0.4339 0.2398
vn 0.7997 0.3904 -0.4561
vn -0.4753 0.7180 0.5086
vn 0.2965 -0.7183 0.6294
vn -0.6178 -0.3902 -0.6827
vn 0.7127 0.6620 0.2321
vn -0.6106 0.3947 -0.6866
vn -0.5235 -0.2295 0.8206
vn 0.4232 -0.8277 -0.3686
vn -0.5647 -0.6096 -0.5563
vn -0.5902 0.6407 0.4911
vn 0.6251 0.5098 -0.5910
vn 0.5274 -0.5398 0.6561
vn 0.1306 0.1962 0.9718
vn 0.0433 0.8549 -0.5169
vn -0.8926 -0.4294 -0.1374
vn 0.7178 -0.6194 -0.3179
vn -0.5497 0.7096 0.4408
vn 0.9635 0.1309 0.2336
vn -0.1130 0.0581 -0.9919
vn -0.3012 -0.8991 0.3176
vn 0.6238 0.7440 -0.2395
vn -0.4283 0.1964 0.8820
vn 0.5103 -0.8578 0.0613
vn -0.7077 -0.0817 -0.7018
vn 0.4118 0.7117 0.5691
vn -0.8523 0.3427 -0.3952
vn -0.1938 -0.8045 0.5615
vn 0.6315 -0.2501 -0.7339
vn -0.1182 0.8016 0.5860
vn 0.1731 0.2946 -0.9398
vn -0.8299 -0.5572 0.0274
vn 0.7751 -0.5401 0.3279
vn 0.3494 -0.7539 -0.5564
vn -0.8178 0.3827 -0.4298
vn 0.6982 0.7119 0.0757
vn -0.2307 -0.3413 0.9112
vn 0.1396 0.4347 -0.8897
vn -0.2828 -0.9497 -0.1344
vn -0.7095 0.4926 0.5039
vn 0.8540 0.0246 0.5196
vn -0.9285 -0.2348 -0.2878
vn 0.6205 -0.0717 -0.7809
vn 0.2936 -0.6300 0.7189
vn 0.0134 0.9363 0.3510
vn 0.0124 -0.8791 -0.4766
vn -0.5402 0.6552 -0.5281
vn 0.9348 0.3409 0.0993
vn -0.4085 -0.1181 0.9051
vn -0.0314 -0.2774 -0.9602
vn -0.8049 -0.3528 0.4771
vn 0.0086 0.9982 0.0588
vn 0.8277 -0.3679 0.4237
vn -0.6566 0.7465 0.1082
vn -0.3809 -0.6925 -0.6126
vn 0.1864 -0.4131 0.8914
vn 0.8506 0.3584 -0.3847
vn 0.6439 -0.6137 -0.4568
vn -0.7033 -0.5387 0.4639
vn -0.4310 0.5955 -0.6780
vn 0.4885 0.5573 0.6714
vn 0.1242 -0.0221 0.9920
vn -0.9619 0.1713 -0.2131
vn 0.2762 -0.8795 -0.3875
vn 0.5611 0.7297 -0.3909
vn 0.0055 0.9537 -0.3006
vn -0.6642 -0.5146 -0.5422
vn -0.2531 -0.0458 0.9664
vn 0.9107 -0.3940 -0.1237
vn 0.3068 -0.7588 -0.5746
vn -0.8116 -0.2780 0.5139
vn -0.2241 0.7853 -0.5771
vn 0.7276 0.2531 0.6376
vn -0.4971 -0.5279 -0.6887
vn 0.3855 -0.6204 0.6830
vn -0.6254 0.6382 0.4489
vn 0.7374 0.5111 -0.4416
vn 0.0126 0.2682 0.9633
vn -0.2850 -0.9555 -0.0759
vn 0.9158 0.1057 -0.3874
vn -0.6439 0.5807 -0.4983
vn -0.1272 -0.2929 -0.9476
vn 0.6965 -0.5701 0.4358
vn -0.8642 -0.0923 0.4947
vn 0.2943 0.9555 0.0179
vn 0.3331 0.4318 0.8382
vn -0.1735 -0.9696 0.1726
vn 0.6873 0.0903 -0.7208
vn -0.8474 0.4451 -0.2896
vn -0.9626 -0.1995 0.1834
vn 0.3729 -0.6961 -0.6135
vn 0.5109 -0.0045 0.8596
vn 0.0776 0.8996 -0.4298
vn -0.1497 0.3622 -0.9200
vn 0.8992 -0.4349 0.0471
vn -0.7074 -0.6749 0.2100
vn -0.0424 0.7470 0.6635
vn -0.1189 -0.0120 -0.9928
vn 0.8081 0.5412 0.2324
vn 0.1207 -0.9363 0.3299
vn -0.8073 0.4037 0.4304
vn 0.4677 -0.3221 0.8231
vn 0.6696 0.3945 -0.6293
vn -0.6717 0.6970 0.2510
vn -0.4630 -0.7673 -0.4436
vn 0.1155 -0.3259 -0.9383
vn -0.1807 0.9835 -0.0082
vn 0.8353 -0.1826 0.5186
vn -0.7689 -0.4751 0.4278
vn -0.7173 0.2130 0.6634
vn 0.7680 0.6284 0.1238
vn -0.3648 0.0993 -0.9258
vn 0.3115 -0.9402 0.1380
vn -0.3648 0.9206 -0.1396
vn 0.0724 -0.1828 0.9805
vn 0.9043 -0.0680 -0.4214
vn -0.6143 -0.6677 -0.4205
vn 0.3844 0.5646 0.7304
vn -0.9778 0.1896 -0.0896
vn 0.1331 -0.9665 0.2194
vn 0.4599 0.2143 -0.8617
vn -0.5957 0.1312 0.7924
vn 0.2931 0.8910 -0.3467
vn -0.5005 -0.4902 -0.7136
vn 0.8020 -0.5335 0.2685
vn -0.6535 0.7569 0.0098
vn 0.5879 0.0564 0.8070
vn 0.5614 0.0538 -0.8258
vn -0.4966 -0.8680 0.0075
vn 0.3258 0.8942 0.3070
vn -0.7846 -0.2758 0.5552
vn 0.7319 -0.6744 0.0977
vn -0.2748 0.0554 -0.9599
vn 0.1361 0.4241 0.8953
vn -0.7251 0.4830 -0.4909
vn -0.2619 -0.9576 0.1201
vn 0.8498 0.0505 -0.5247
vn -0.7263 0.3111 0.6130
vn 0.6961 0.7133 -0.0818
vn -0.3837 -0.1943 -0.9028
vn 0.4151 -0.8299 0.3727
vn -0.3271 0.9302 -0.1665
vn 0.0959 -0.1448 0.9848
vn 0.8864 -0.1281 -0.4448
vn -0.6548 -0.6576 -0.3727
vn 0.2624 0.8349 0.4838
vn -0.9837 -0.1498 0.0993
vn 0.4948 -0.7789 0.3853
vn 0.2260 0.0934 -0.9696
vn -0.3962 0.1694 0.9024
vn -0.1347 0.8046 -0.5784
vn -0.4477 -0.7909 -0.4172
vn 0.9787 -0.1829 0.0927
vn -0.8319 0.4875 0.2651
vn 0.7902 0.4324 0.4343
vn 0.1069 0.0341 -0.9937
vn -0.0642 -0.9533 0.2953
vn 0.1112 0.9904 -0.0821
vn -0.5272 -0.2073 0.8241
vn 0.8986 -0.4346 0.0611
vn -0.4818 -0.3482 -0.8041
vn 0.0881 0.7230 0.6852
vn -0.8217 0.1579 -0.5476
vn -0.0679 -0.8859 0.4589
vn 0.8034 0.0061 -0.5954
vn -0.7625 0.2276 0.6057
vn 0.3623 0.8370 -0.4102
vn -0.3189 -0.6122 -0.7236
vn 0.7207 -0.4510 0.5266
vn -0.5843 0.6776 -0.4466
vn 0.0707 0.2103 0.9751
vn 0.9109 0.0241 -0.4118
vn -0.3975 -0.9101 -0.1166
vn -0.0412 0.9708 0.2363
vn -0.8974 -0.4159 0.1471
vn 0.6767 -0.4551 0.5788
vn 0.2624 -0.1004 -0.9597
vn -0.4766 0.4176 0.7736
vn -0.3071 0.4245 -0.8518
vn -0.2015 -0.9792 -0.0244
vn 0.9853 0.1364 0.1031
vn -0.9863 0.1520 -0.0635
vn 0.4554 0.8597 0.2316
vn 0.3457 -0.3306 -0.8782
vn 0.1860 -0.6802 0.7091
vn -0.2951 0.6160 -0.7304
vn -0.4485 0.2592 0.8554
vn 0.9916 0.0658 0.1115
vn -0.2491 -0.9395 -0.2353
vn -0.3881 0.8927 -0.2292
vn -0.7379 -0.6669 0.1034
vn 0.5106 0.0691 0.8570
vn 0.6148 -0.2947 -0.7316
vn -0.1262 -0.0049 -0.9920
vn -0.7561 -0.4886 0.4354
vn 0.0192 0.9440 0.3293
vn 0.8630 -0.4513 0.2269
vn 0.2502 0.3903 -0.8860
vn -0.7576 -0.6419 -0.1184
vn -0.2800 0.7345 0.6182
vn 0.7874 -0.4809 0.3857
vn -0.3096 -0.4160 -0.8550
vn 0.0655 -0.7008 0.7103
vn -0.6535 0.7016 0.2842
vn 0.8983 0.4168 -0.1390
vn -0.9424 -0.2326 0.2405
vn 0.5869 -0.7968 0.1436
vn 0.3156 0.7544 0.5755
vn 0.0387 0.2762 -0.9603
vn -0.7318 -0.6434 0.2247
vn 0.5248 -0.3507 -0.7757
vn 0.6045 0.1100 0.7890
vn -0.3987 0.8856 -0.2383
vn 0.1698 0.6052 -0.7777
vn 0.7848 -0.6059 0.1299
vn -0.8184 -0.5470 -0.1764
vn -0.1386 0.5490 0.8243
vn 0.1777 -0.3230 0.9296
vn -0.0966 -0.7835 -0.6138
vn 0.7627 0.5706 -0.3044
vn -0.8439 0.5365 -0.0089
vn -0.3578 0.1995 -0.9122
vn 0.8704 -0.4852 -0.0839
vn -0.6556 -0.5697 0.4956
vn 0.1431 0.8544 0.4995
vn 0.4939 0.0882 0.8650
vn -0.0400 -0.9634 -0.2651
vn 0.4760 0.5225 -0.7074
vn -0.9286 0.3554 0.1068
vn -0.4398 -0.1397 -0.8872
vn 0.9279 -0.3718 -0.0254
vn -0.5264 -0.4675 0.7101
vn 0.0373 0.9791 0.1999
vn 0.7745 0.5688 0.2768
vn 0.0832 -0.9041 0.4191
vn -0.0058 -0.0916 -0.9958
vn -0.8533 0.4283 0.2973
vn -0.5739 -0.6388 -0.5124
vn 0.9210 -0.3776 0.0958
vn -0.3950 0.1480 0.9067
vn 0.0469 0.8702 -0.4904
vn 0.7830 0.6042 0.1480
vn -0.1377 -0.5712 0.8092
vn 0.1750 -0.5814 -0.7946
vn -0.8189 0.5503 -0.1630
vn -0.9490 -0.2600 0.1781
vn 0.5933 -0.7939 0.1328
vn 0.2707 0.7279 0.6300
vn 0.0856 0.3252 -0.9418
vn -0.4620 0.0887 0.8824
vn -0.1154 -0.9319 -0.3438
vn 0.9741 0.1964 0.1125
vn -0.3963 0.6476 -0.6509
vn 0.6303 -0.6315 0.4516
vn -0.9418 -0.2673 0.2039
vn 0.1509 -0.0288 -0.9881
vn 0.1605 0.9285 0.3349
vn -0.3932 0.7567 0.5224
vn -0.6164 -0.2428 -0.7490
vn 0.1226 -0.7922 0.5979
vn 0.8869 0.2764 -0.3702
vn -0.9032 -0.0947 0.4186
vn 0.0204 0.8265 -0.5626
vn 0.1869 -0.7966 -0.5749
vn 0.6940 0.0657 0.7169
vn -0.6079 0.3232 -0.7252
vn -0.2029 0.4890 0.8484
vn 0.9503 0.1686 -0.2617
vn -0.1388 -0.9809 0.1365
vn -0.2586 0.9660 -0.0050
vn -0.8243 -0.5642 0.0462
vn 0.5789 -0.1881 0.7934
vn 0.5039 -0.2137 -0.8369
vn -0.7235 0.2503 0.6433
vn -0.2219 0.3573 -0.9072
vn 0.0782 -0.9960 -0.0428
vn 0.8680 0.3905 0.3068
vn -0.9815 0.0223 -0.1902
vn 0.3210 0.9221 0.2160
vn 0.4874 -0.3420 -0.8034
vn 0.1734 -0.6040 0.7779
vn -0.5640 0.6364 -0.5262
vn -0.3147 -0.0211 0.9490
vn 0.9539 0.2988 -0.0287
vn -0.0754 -0.9151 -0.3962
vn -0.2497 0.9138 0.3202
vn -0.8094 -0.4604 -0.3645
vn 0.3701 -0.5294 0.7634
vn 0.6911 0.0750 -0.7188
vn -0.8083 0.1315 0.5739
vn 0.0395 0.7210 -0.6919
vn -0.0534 -0.8922 -0.4484
vn 0.8224 0.0375 0.5677
vn -0.8757 0.3109 -0.3694
vn 0.3020 0.6308 0.7148
vn 0.6816 -0.0257 -0.7313
vn -0.1065 -0.9156 0.3878
vn -0.2625 0.9521 -0.1566
vn -0.6627 -0.4325 0.6114
vn 0.9076 -0.0308 0.4188
vn 0.0169 -0.4899 -0.8716
vn -0.2430 0.4601 0.8539
vn -0.6852 0.2090 -0.6978
vn 0.0325 -0.9881 0.1506
vn 0.8957 0.3205 -0.3083
vn -0.9280 0.1690 0.3320
vn 0.4821 0.8700 -0.1031
vn -0.0422 -0.4633 -0.8852
vn 0.4887 -0.5742 0.6569
vn -0.5185 0.7331 -0.4401
vn 0.0348 0.1620 0.9862
vn 0.9302 -0.0162 -0.3666
vn -0.4460 -0.8767 -0.1801
vn -0.1148 0.9840 0.1365
vn -0.8702 -0.4637 0.1666
vn 0.6907 -0.3445 0.6358
vn 0.2951 -0.1751 -0.9393
vn -0.5124 0.1726 0.8412
vn -0.2399 0.6887 -0.6842
vn -0.2295 -0.9097 -0.3462
vn 0.9808 0.0458 0.1897
vn -0.9188 0.3917 0.0484
vn 0.6396 0.5883 0.4948
vn 0.2826 -0.0715 -0.9566
vn -0.0046 -0.9102 0.4142
vn -0.1433 0.9787 -0.1466
vn -0.3883 -0.2666 0.8821
vn 0.9803 -0.1973 -0.0052
vn -0.4497 -0.5162 -0.7289
vn 0.0855 0.7533 0.6522
vn -0.9117 0.0158 -0.4106
vn 0.1368 -0.8675 0.4783
vn 0.6894 0.0972 -0.7179
vn -0.7226 0.1341 0.6782
vn 0.2815 0.8868 -0.3665
vn -0.3425 -0.5769 -0.7415
vn 0.7853 -0.4444 0.4311
vn -0.5781 0.4725 -0.6652
vn -0.1487 0.3889 0.9092
vn 0.9597 0.1109 -0.2582
vn -0.2329 -0.9724 0.0157
vn 0.3663 0.9285 0.0611
vn -0.9963 0.0313 0.0797
vn 0.3761 -0.5583 0.7395
vn 0.2536 -0.4022 -0.8797
s 0
f 1//1 2//1 3//1
f 1//2 3//2 4//2
f 1//3 4//3 2//3
f 2//4 4//4 3//4
f 2//5 5//5 6//5
f 2//6 6//6 7//6
f 2//7 7//7 5//7
f 5//8 7//8 6//8
f 5//9 10//9 8//9
f 5//10 8//10 9//10
f 5//11 9//11 10//11
f 10//12 9//12 8//12
f 10//13 11//13 12//13
f 10//14 12//14 13//14
f 10//15 13//15 11//15
f 11//16 13//16 12//16
f 11//17 16//17 14//17
f 11//18 14//18 15//18
f 11//19 15//19 16//19
f 16//20 15//20 14//20
f 16//21 19//21 17//21
f 16//22 17//22 18//22
f 16//23 18//23 19//23
f 19//24 18//24 17//24
f 19//25 22//25 20//25
f 19//26 20//26 21//26
f 19//27 21//27 22//27
f 22//28 21//28 20//28
f 22//29 25//29 23//29
f 22//30 23//30 24//30
f 22//31 24//31 25//31
f 25//32 24//32 23//32
f 25//33 28//33 26//33
f 25//34 26//34 27//34
f 25//35 27//35 28//35
f 28//36 27//36 26//36
f 28//37 31//37 29//37
f 28//38 29//38 30//38
f 28//39 30//39 31//39
f 31//40 30//40 29//40
f 31//41 32//41 33//41
f 31//42 33//42 34//42
f 31//43 34//43 32//43
f 32//44 34//44 33//44
f 32//45 35//45 36//45
f 32//46 36//46 37//46
f 32//47 37//47 35//47
f 35//48 37//48 36//48
f 35//49 38//49 39//49
f 35//50 39//50 40//50
f 35//51 40//51 38//51
f 38//52 40//52 39//52
f 38//53 43//53 41//53
f 38//54 41//54 42//54
f 38//55 42//55 43//55
f 43//56 42//56 41//56
f 43//57 44//57 45//57
f 43//58 45//58 46//58
f 43//59 46//59 44//59
f 44//60 46//60 45//60
f 44//61 49//61 47//61
f 44//62 47//62 48//62
f 44//63 48//63 49//63
f 49//64 48//64 47//64
f 49//65 50//65 51//65
f 49//66 51//66 52//66
f 49//67 52//67 50//67
f 50//68 52//68 51//68
f 50//69 55//69 53//69
f 50//70 53//70 54//70
f 50//71 54//71 55//71
f 55//72 54//72 53//72
f 55//73 56//73 57//73
f 55//74 57//74 58//74
f 55//75 58//75 56//75
f 56//76 58//76 57//76
f 56//77 61//77 59//77
f 56//78 59//78 60//78
f 56//79 60//79 61//79
f 61//80 60//80 59//80
f 61//81 62//81 63//81
f 61//82 63//82 64//82
f 61//83 64//83 62//83
f 62//84 64//84 63//84
f 62//85 67//85 65//85
f 62//86 65//86 66//86
f 62//87 66//87 67//87
f 67//88 66//88 65//88
f 67//89 68//89 69//89
f 67//90 69//90 70//90
f 67//91 70//91 68//91
f 68//92 70//92 69//92
f 68//93 73//93 71//93
f 68//94 71//94 72//94
f 68//95 72//95 73//95
f 73//96 72//96 71//96
f 73//97 76//97 74//97
f 73//98 74//98 75//98
f 73//99 75//99 76//99
f 76//100 75//100 74//100
f 76//101 79//101 77//101
f 76//102 77//102 78//102
f 76//103 78//103 79//103
f 79//104 78//104 77//104
f 79//105 80//105 81//105
f 79//106 81//106 82//106
f 79//107 82//107 80//107
f 80//108 82//108 81//108
f 80//109 83//109 84//109
f 80//110 84//110 85//110
f 80//111 85//111 83//111
f 83//112 85//112 84//112
f 83//113 88//113 86//113
f 83//114 86//114 87//114
f 83//115 87//115 88//115
f 88//116 87//116 86//116
f 88//117 89//117 90//117
f 88//118 90//118 91//118
f 88//119 91//119 89//119
f 89//120 91//120 90//120
f 89//121 92//121 93//121
f 89//122 93//122 94//122
f 89//123 94//123 92//123
f 92//124 94//124 93//124
f 92//125 97//125 95//125
f 92//126 95//126 96//126
f 92//127 96//127 97//127
f 97//128 96//128 95//128
f 97//129 100//129 98//129
f 97//130 98//130 99//130
f 97//131 99//131 100//131
f 100//132 99//132 98//132
f 100//133 101//133 102//133
f 100//134 102//134 103//134
f 100//135 103//135 101//135
f 101//136 103//136 102//136
f 101//137 106//137 104//137
f 101//138 104//138 105//138
f 101//139 105//139 106//139
f 106//140 105//140 104//140
f 106//141 109//141 107//141
f 106//142 107//142 108//142
f 106//143 108//143 109//143
f 109//144 108//144 107//144
f 109//145 112//145 110//145
f 109//146 110//146 111//146
f 109//147 111//147 112//147
f 112//148 111//148 110//148
f 112//149 113//149 114//149
f 112//150 114//150 115//150
f 112//151 115//151 113//151
f 113//152 115//152 114//152
f 116//153 119//153 117//153
f 116//154 117//154 118//154
f 116//155 118//155 119//155
f 119//156 118//156 117//156
f 119//157 120//157 121//157
f 119//158 121//158 122//158
f 119//159 122//159 120//159
f 120//160 122//160 121//160
f 120//161 123//161 124//161
f 120//162 124//162 125//162
f 120//163 125//163 123//163
f 123//164 125//164 124//164
f 123//165 128//165 126//165
f 123//166 126//166 127//166
f 123//167 127//167 128//167
f 128//168 127//168 126//168
f 128//169 131//169 129//169
f 128//170 129//170 130//170
f 128//171 130//171 131//171
f 131//172 130//172 129//172
f 131//173 132//173 133//173
f 131//174 133//174 134//174
f 131//175 134//175 132//175
f 132//176 134//176 133//176
f 132//177 137//177 135//177
f 132//178 135//178 136//178
f 132//179 136//179 137//179
f 137//180 136//180 135//180
f 137//181 140//181 138//181
f 137//182 138//182 139//182
f 137//183 139//183 140//183
f 140//184 139//184 138//184
f 140//185 143//185 141//185
f 140//186 141//186 142//186
f 140//187 142//187 143//187
f 143//188 142//188 141//188
f 143//189 144//189 145//189
f 143//190 145//190 146//190
f 143//191 146//191 144//191
f 144//192 146//192 145//192
f 144//193 149//193 147//193
f 144//194 147//194 148//194
f 144//195 148//195 149//195
f 149//196 148//196 147//196
f 149//197 152//197 150//197
f 149//198 150//198 151//198
f 149//199 151//199 152//199
f 152//200 151//200 150//200
f 152//201 153//201 154//201
f 152//202 154//202 155//202
f 152//203 155//203 153//203
f 153//204 155//204 154//204
f 153//205 158//205 156//205
f 153//206 156//206 157//206
f 153//207 157//207 158//207
f 158//208 157//208 156//208
f 158//209 159//209 160//209
f 158//210 160//210 161//210
f 158//211 161//211 159//211
f 159//212 161//212 160//212
f 159//213 162//213 163//213
f 159//214 163//214 164//214
f 159//215 164//215 162//215
f 162//216 164//216 163//216
f 162//217 167//217 165//217
f 162//218 165//218 166//218
f 162//219 166//219 167//219
f 167//220 166//220 165//220
f 167//221 168//221 169//221
f 167//222 169//222 170//222
f 167//223 170//223 168//223
f 168//224 170//224 169//224
f 168//225 173//225 171//225
f 168//226 171//226 172//226
f 168//227 172//227 173//227
f 173//228 172//228 171//228
f 173//229 174//229 175//229
f 173//230 175//230 176//230
f 173//231 176//231 174//231
f 174//232 176//232 175//232
f 174//233 177//233 178//233
f 174//234 178//234 179//234
f 174//235 179//235 177//235
f 177//236 179//236 178//236
f 177//237 180//237 181//237
f 177//238 181//238 182//238
f 177//239 182//239 180//239
f 180//240 182//240 181//240
f 180//241 185//241 183//241
f 180//242 183//242 184//242
f 180//243 184//243 185//243
f 185//244 184//244 183//244
f 185//245 186//245 187//245
f 185//246 187//246 188//246
f 185//247 188//247 186//247
f 186//248 188//248 187//248
f 186//249 189//249 190//249
f 186//250 190//250 191//250
f 186//251 191//251 189//251
f 189//252 191//252 190//252
f 189//253 194//253 192//253
f 189//254 192//254 193//254
f 189//255 193//255 194//255
f 194//256 193//256 192//256
f 194//257 195//257 196//257
f 194//258 196//258 197//258
f 194//259 197//259 195//259
f 195//260 197//260 196//260
f 195//261 198//261 199//261
f 195//262 199//262 200//262
f 195//263 200//263 198//263
f 198//264 200//264 199//264
f 198//265 201//265 202//265
f 198//266 202//266 203//266
f 198//267 203//267 201//267
f 201//268 203//268 202//268
f 201//269 206//269 204//269
f 201//270 204//270 205//270
f 201//271 205//271 206//271
f 206//272 205//272 204//272
f 206//273 207//273 208//273
f 206//274 208//274 209//274
f 206//275 209//275 207//275
f 207//276 209//276 208//276
f 207//277 212//277 210//277
f 207//278 210//278 211//278
f 207//279 211//279 212//279
f 212//280 211//280 210//280
f 212//281 215//281 213//281
f 212//282 213//282 214//282
f 212//283 214//283 215//283
f 215//284 214//284 213//284
f 215//285 216//285 217//285
f 215//286 217//286 218//286
f 215//287 218//287 216//287
f 216//288 218//288 217//288
f 216//289 219//289 220//289
f 216//290 220//290 221//290
f 216//291 221//291 219//291
f 219//292 221//292 220//292
f 219//293 222//293 223//293
f 219//294 223//294 224//294
f 219//295 224//295 222//295
f 222//296 224//296 223//296
f 222//297 227//297 225//297
f 222//298 225//298 226//298
f 222//299 226//299 227//299
f 227//300 226//300 225//300
f 227//301 230//301 228//301
f 227//302 228//302 229//302
f 227//303 229//303 230//303
f 230//304 229//304 228//304
f 230//305 231//305 232//305
f 230//306 232//306 233//306
f 230//307 233//307 231//307
f 231//308 233//308 232//308
f 231//309 234//309 235//309
f 231//310 235//310 236//310
f 231//311 236//311 234//311
f 234//312 236//312 235//312
f 234//313 237//313 238//313
f 234//314 238//314 239//314
f 234//315 239//315 237//315
f 237//316 239//316 238//316
f 237//317 240//317 241//317
f 237//318 241//318 242//318
f 237//319 242//319 240//319
f 240//320 242//320 241//320
f 240//321 243//321 244//321
f 240//322 244//322 245//322
f 240//323 245//323 243//323
f 243//324 245//324 244//324
f 243//325 248//325 246//325
f 243//326 246//326 247//326
f 243//327 247//327 248//327
f 248//328 247//328 246//328
f 248//329 251//329 249//329
f 248//330 249//330 250//330
f 248//331 250//331 251//331
f 251//332 250//332 249//332
f 251//333 252//333 253//333
f 251//334 253//334 254//334
f 251//335 254//335 252//335
f 252//336 254//336 253//336
f 252//337 257//337 255//337
f 252//338 255//338 256//338
f 252//339 256//339 257//339
f 257//340 256//340 255//340
f 257//341 260//341 258//341
f 257//342 258//342 259//342
f 257//343 259//343 260//343
f 260//344 259//344 258//344
f 260//345 261//345 262//345
f 260//346 262//346 263//346
f 260//347 263//347 261//347
f 261//348 263//348 262//348
f 261//349 266//349 264//349
f 261//350 264//350 265//350
f 261//351 265//351 266//351
f 266//352 265//352 264//352
f 266//353 267//353 268//353
f 266//354 268//354 269//354
f 266//355 269//355 267//355
f 267//356 269//356 268//356
f 267//357 272//357 270//357
f 267//358 270//358 271//358
f 267//359 271//359 272//359
f 272//360 271//360 270//360
f 272//361 273//361 274//361
f 272//362 274//362 275//362
f 272//363 275//363 273//363
f 273//364 275//364 274//364
f 273//365 276//365 277//365
f 273//366 277//366 278//366
f 273//367 278//367 276//367
f 276//368 278//368 277//368
f 276//369 279//369 280//369
f 276//370 280//370 281//370
f 276//371 281//371 279//371
f 279//372 281//372 280//372
f 279//373 284//373 282//373
f 279//374 282//374 283//374
f 279//375 283//375 284//375
f 284//376 283//376 282//376
f 284//377 287//377 285//377
f 284//378 285//378 286//378
f 284//379 286//379 287//379
f 287//380 286//380 285//380
f 287//381 288//381 289//381
f 287//382 289//382 290//382
f 287//383 290//383 288//383
f 288//384 290//384 289//384
f 288//385 293//385 291//385
f 288//386 291//386 292//386
f 288//387 292//387 293//387
f 293//388 292//388 291//388
f 293//389 294//389 295//389
f 293//390 295//390 296//390
f 293//391 296//391 294//391
f 294//392 296//392 295//392
f 294//393 297//393 298//393
f 294//394 298//394 299//394
f 294//395 299//395 297//395
f 297//396 299//396 298//396
f 297//397 300//397 301//397
f 297//398 301//398 302//398
f 297//399 302//399 300//399
f 300//400 302//400 301//400
f 300//401 303//401 304//401
f 300//402 304//402 305//402
f 300//403 305//403 303//403
f 303//404 305//404 304//404
f 303//405 308//405 306//405
f 303//406 306//406 307//406
f 303//407 307//407 308//407
f 308//408 307//408 306//408
f 308//409 309//409 310//409
f 308//410 310//410 311//410
f 308//411 311//411 309//411
f 309//412 311//412 310//412
f 309//413 314//413 312//413
f 309//414 312//414 313//414
f 309//415 313//415 314//415
f 314//416 313//416 312//416
f 314//417 317//417 315//417
f 314//418 315//418 316//418
f 314//419 316//419 317//419
f 317//420 316//420 315//420
f 317//421 320//421 318//421
f 317//422 318//422 319//422
f 317//423 319//423 320//423
f 320//424 319//424 318//424
f 320//425 323//425 321//425
f 320//426 321//426 322//426
f 320//427 322//427 323//427
f 323//428 322//428 321//428
f 323//429 326//429 324//429
f 323//430 324//430 325//430
f 323//431 325//431 326//431
f 326//432 325//432 324//432
f 326//433 329//433 327//433
f 326//434 327//434 328//434
f 326//435 328//435 329//435
f 329//436 328//436 327//436
f 329//437 330//437 331//437
f 329//438 331//438 332//438
f 329//439 332//439 330//439
f 330//440 332//440 331//440
f 330//441 333//441 334//441
f 330//442 334//442 335//442
f 330//443 335//443 333//443
f 333//444 335//444 334//444
f 333//445 336//445 337//445
f 333//446 337//446 338//446
f 333//447 338//447 336//447
f 336//448 338//448 337//448
f 336//449 341//449 339//449
f 336//450 339//450 340//450
f 336//451 340//451 341//451
f 341//452 340//452 339//452
f 341//453 342//453 343//453
f 341//454 343//454 344//454
f 341//455 344//455 342//455
f 342//456 344//456 343//456
f 342//457 347//457 345//457
f 342//458 345//458 346//458
f 342//459 346//459 347//459
f 347//460 346//460 345//460
f 347//461 348//461 349//461
f 347//462 349//462 350//462
f 347//463 350//463 348//463
f 348//464 350//464 349//464
f 348//465 351//465 352//465
f 348//466 352//466 353//466
f 348//467 353//467 351//467
f 351//468 353//468 352//468
f 351//469 356//469 354//469
f 351//470 354//470 355//470
f 351//471 355//471 356//471
f 356//472 355//472 354//472
f 356//473 357//473 358//473
f 356//474 358//474 359//474
f 356//475 359//475 357//475
f 357//476 359//476 358//476
f 357//477 362//477 360//477
f 357//478 360//478 361//478
f 357//479 361//479 362//479
f 362//480 361//480 360//480
f 362//481 365//481 363//481
f 362//482 363//482 364//482
f 362//483 364//483 365//483
f 365//484 364//484 363//484
f 365//485 366//485 367//485
f 365//486 367//486 368//486
f 365//487 368//487 366//487
f 366//488 368//488 367//488
f 366//489 369//489 370//489
f 366//490 370//490 371//490
f 366//491 371//491 369//491
f 369//492 371//492 370//492
f 369//493 374//493 372//493
f 369//494 372//494 373//494
f 369//495 373//495 374//495
f 374//496 373//496 372//496
f 374//497 377//497 375//497
f 374//498 375//498 376//498
f 374//499 376//499 377//499
f 377//500 376//500 375//500
f 377//501 378//501 379//501
f 377//502 379//502 380//502
f 377//503 380//503 378//503
f 378//504 380//504 379//504
f 378//505 381//505 382//505
f 378//506 382//506 383//506
f 378//507 383//507 381//507
f 381//508 383//508 382//508
f 381//509 386//509 384//509
f 381//510 384//510 385//510
f 381//511 385//511 386//511
f 386//512 385//512 384//512
f 386//513 387//513 388//513
f 386//514 388//514 389//514
f 386//515 389//515 387//515
f 387//516 389//516 388//516
f 387//517 390//517 391//517
f 387//518 391//518 392//518
f 387//519 392//519 390//519
f 390//520 392//520 391//520
f 390//521 395//521 393//521
f 390//522 393//522 394//522
f 390//523 394//523 395//523
f 395//524 394//524 393//524
f 395//525 396//525 397//525
f 395//526 397//526 398//526
f 395//527 398//527 396//527
f 396//528 398//528 397//528
f 396//529 399//529 400//529
f 396//530 400//530 401//530
f 396//531 401//531 399//531
f 399//532 401//532 400//532
f 399//533 404//533 402//533
f 399//534 402//534 403//534
f 399//535 403//535 404//535
f 404//536 403//536 402//536
f 404//537 407//537 405//537
f 404//538 405//538 406//538
f 404//539 406//539 407//539
f 407//540 406//540 405//540
f 407//541 410//541 408//541
f 407//542 408//542 409//542
f 407//543 409//543 410//543
f 410//544 409//544 408//544
f 410//545 413//545 411//545
f 410//546 411//546 412//546
f 410//547 412//547 413//547
f 413//548 412//548 411//548
f 413//549 414//549 415//549
f 413//550 415//550 416//550
f 413//551 416//551 414//551
f 414//552 416//552 415//552
f 414//553 417//553 418//553
f 414//554 418//554 419//554
f 414//555 419//555 417//555
f 417//556 419//556 418//556
f 417//557 420//557 421//557
f 417//558 421//558 422//558
f 417//559 422//559 420//559
f 420//560 422//560 421//560
f 420//561 425//561 423//561
f 420//562 423//562 424//562
f 420//563 424//563 425//563
f 425//564 424//564 423//564
f 425//565 428//565 426//565
f 425//566 426//566 427//566
f 425//567 427//567 428//567
f 428//568 427//568 426//568
f 428//569 429//569 430//569
f 428//570 430//570 431//570
f 428//571 431//571 429//571
f 429//572 431//572 430//572
f 429//573 432//573 433//573
f 429//574 433//574 434//574
f 429//575 434//575 432//575
f 432//576 434//576 433//576
f 432//577 437//577 435//577
f 432//578 435//578 436//578
f 432//579 436//579 437//579
f 437//580 436//580 435//580
f 437//581 440//581 438//581
f 437//582 438//582 439//582
f 437//583 439//583 440//583
f 440//584 439//584 438//584
f 440//585 443//585 441//585
f 440//586 441//586 442//586
f 440//587 442//587 443//587
f 443//588 442//588 441//588
f 443//589 446//589 444//589
f 443//590 444//590 445//590
f 443//591 445//591 446//591
f 446//592 445//592 444//592
f 446//593 449//593 447//593
f 446//594 447//594 448//594
f 446//595 448//595 449//595
f 449//596 448//596 447//596
f 449//597 450//597 451//597
f 449//598 451//598 452//598
f 449//599 452//599 450//599
f 450//600 452//600 451//600
f 450//601 453//601 454//601
f 450//602 454//602 455//602
f 450//603 455//603 453//603
f 453//604 455//604 454//604
f 453//605 458//605 456//605
f 453//606 456//606 457//606
f 453//607 457//607 458//607
f 458//608 457//608 456//608
f 458//609 459//609 460//609
f 458//610 460//610 461//610
f 458//611 461//611 459//611
f 459//612 461//612 460//612
f 459//613 462//613 463//613
f 459//614 463//614 464//614
f 459//615 464//615 462//615
f 462//616 464//616 463//616
f 462//617 465//617 466//617
f 462//618 466//618 467//618
f 462//619 467//619 465//619
f 465//620 467//620 466//620
f 465//621 470//621 468//621
f 465//622 468//622 469//622
f 465//623 469//623 470//623
f 470//624 469//624 468//624
f 470//625 471//625 472//625
f 470//626 472//626 473//626
f 470//627 473//627 471//627
f 471//628 473//628 472//628
f 471//629 474//629 475//629
f 471//630 475//630 476//630
f 471//631 476//631 474//631
f 474//632 476//632 475//632
f 474//633 479//633 477//633
f 474//634 477//634 478//634
f 474//635 478//635 479//635
f 479//636 478//636 477//636
f 479//637 482//637 480//637
f 479//638 480//638 481//638
f 479//639 481//639 482//639
f 482//640 481//640 480//640
f 482//641 485//641 483//641
f 482//642 483//642 484//642
f 482//643 484//643 485//643
f 485//644 484//644 483//644
f 485//645 486//645 487//645
f 485//646 487//646 488//646
f 485//647 488//647 486//647
f 486//648 488//648 487//648
f 486//649 491//649 489//649
f 486//650 489//650 490//650
f 486//651 490//651 491//651
f 491//652 490//652 489//652
f 491//653 492//653 493//653
f 491//654 493//654 494//654
f 491//655 494//655 492//655
f 492//656 494//656 493//656
f 492//657 497//657 495//657
f 492//658 495//658 496//658
f 492//659 496//659 497//659
f 497//660 496//660 495//660
f 497//661 500//661 498//661
f 497//662 498//662 499//662
f 497//663 499//663 500//663
f 500//664 499//664 498//664
f 500//665 501//665 502//665
f 500//666 502//666 503//666
f 500//667 503//667 501//667
f 501//668 503//668 502//668
f 501//669 506//669 504//669
f 501//670 504//670 505//670
f 501//671 505//671 506//671
f 506//672 505//672 504//672
f 506//673 509//673 507//673
f 506//674 507//674 508//674
f 506//675 508//675 509//675
f 509//676 508//676 507//676
f 509//677 512//677 510//677
f 509//678 510//678 511//678
f 509//679 511//679 512//679
f 512//680 511//680 510//680
f 512//681 513//681 514//681
f 512//682 514//682 515//682
f 512//683 515//683 513//683
f 513//684 515//684 514//684
f 513//685 516//685 517//685
f 513//686 517//686 518//686
f 513//687 518//687 516//687
f 516//688 518//688 517//688
f 516//689 521//689 519//689
f 516//690 519//690 520//690
f 516//691 520//691 521//691
f 521//692 520//692 519//692
f 521//693 524//693 522//693
f 521//694 522//694 523//694
f 521//695 523//695 524//695
f 524//696 523//696 522//696
f 524//697 525//697 526//697
f 524//698 526//698 527//698
f 524//699 527//699 525//699
f 525//700 527//700 526//700
f 525//701 530//701 528//701
f 525//702 528//702 529//702
f 525//703 529//703 530//703
f 530//704 529//704 528//704
f 530//705 531//705 532//705
f 530//706 532//706 533//706
f 530//707 533//707 531//707
f 531//708 533//708 532//708
f 531//709 536//709 534//709
f 531//710 534//710 535//710
f 531//711 535//711 536//711
f 536//712 535//712 534//712
f 536//713 539//713 537//713
f 536//714 537//714 538//714
f 536//715 538//715 539//715
f 539//716 538//716 537//716
f 539//717 540//717 541//717
f 539//718 541//718 542//718
f 539//719 542//719 540//719
f 540//720 542//720 541//720
f 540//721 543//721 544//721
f 540//722 544//722 545//722
f 540//723 545//723 543//723
f 543//724 545//724 544//724
f 543//725 548//725 546//725
f 543//726 546//726 547//726
f 543//727 547//727 548//727
f 548//728 547//728 546//728
f 548//729 551//729 549//729
f 548//730 549//730 550//730
f 548//731 550//731 551//731
f 551//732 550//732 549//732
f 551//733 554//733 552//733
f 551//734 552//734 553//734
f 551//735 553//735 554//735
f 554//736 553//736 552//736
f 554//737 555//737 556//737
f 554//738 556//738 557//738
f 554//739 557//739 555//739
f 555//740 557//740 556//740
f 555//741 560//741 558//741
f 555//742 558//742 559//742
f 555//743 559//743 560//743
f 560//744 559//744 558//744
f 560//745 561//745 562//745
f 560//746 562//746 563//746
f 560//747 563//747 561//747
f 561//748 563//748 562//748
f 561//749 564//749 565//749
f 561//750 565//750 566//750
f 561//751 566//751 564//751
f 564//752 566//752 565//752
f 564//753 569//753 567//753
f 564//754 567//754 568//754
f 564//755 568//755 569//755
f 569//756 568//756 567//756
f 569//757 570//757 571//757
f 569//758 571//758 572//758
f 569//759 572//759 570//759
f 570//760 572//760 571//760
f 570//761 573//761 574//761
f 570//762 574//762 575//762
f 570//763 575//763 573//763
f 573//764 575//764 574//764
f 573//765 578//765 576//765
f 573//766 576//766 577//766
f 573//767 577//767 578//767
f 578//768 577//768 576//768
f 578//769 581//769 579//769
f 578//770 579//770 580//770
f 578//771 580//771 581//771
f 581//772 580//772 579//772
f 581//773 582//773 583//773
f 581//774 583//774 584//774
f 581//775 584//775 582//775
f 582//776 584//776 583//776
f 582//777 585//777 586//777
f 582//778 586//778 587//778
f 582//779 587//779 585//779
f 585//780 587//780 586//780
f 585//781 590//781 588//781
f 585//782 588//782 589//782
f 585//783 589//783 590//783
f 590//784 589//784 588//784
f 590//785 593//785 591//785
f 590//786 591//786 592//786
f 590//787 592//787 593//787
f 593//788 592//788 591//788
f 593//789 596//789 594//789
f 593//790 594//790 595//790
f 593//791 595//791 596//791
f 596//792 595//792 594//792
f 596//793 597//793 598//793
f 596//794 598//794 599//794
f 596//795 599//795 597//795
f 597//796 599//796 598//796
f 597//797 600//797 601//797
f 597//798 601//798 602//798
f 597//799 602//799 600//799
f 600//800 602//800 601//800
f 600//801 605//801 603//801
f 600//802 603//802 604//802
f 600//803 604//803 605//803
f 605//804 604//804 603//804
f 605//805 606//805 607//805
f 605//806 607//806 608//806
f 605//807 608//807 606//807
f 606//808 608//808 607//808
f 606//809 611//809 609//809
f 606//810 609//810 610//810
f 606//811 610//811 611//811
f 611//812 610//812 609//812
f 611//813 614//813 612//813
f 611//814 612//814 613//814
f 611//815 613//815 614//815
f 614//816 613//816 612//816
f 614//817 615//817 616//817
f 614//818 616//818 617//818
f 614//819 617//819 615//819
f 615//820 617//820 616//820
f 615//821 618//821 619//821
f 615//822 619//822 620//822
f 615//823 620//823 618//823
f 618//824 620//824 619//824
f 618//825 623//825 621//825
f 618//826 621//826 622//826
f 618//827 622//827 623//827
f 623//828 622//828 621//828
f 623//829 624//829 625//829
f 623//830 625//830 626//830
f 623//831 626//831 624//831
f 624//832 626//832 625//832
f 624//833 627//833 628//833
f 624//834 628//834 629//834
f 624//835 629//835 627//835
f 627//836 629//836 628//836
f 627//837 632//837 630//837
f 627//838 630//838 631//838
f 627//839 631//839 632//839
f 632//840 631//840 630//840
f 632//841 633//841 634//841
f 632//842 634//842 635//842
f 632//843 635//843 633//843
f 633//844 635//844 634//844
f 633//845 638//845 636//845
f 633//846 636//846 637//846
f 633//847 637//847 638//847
f 638//848 637//848 636//848
f 638//849 639//849 640//849
f 638//850 640//850 641//850
f 638//851 641//851 639//851
f 639//852 641//852 640//852
f 639//853 642//853 643//853
f 639//854 643//854 644//854
f 639//855 644//855 642//855
f 642//856 644//856 643//856
f 642//857 647//857 645//857
f 642//858 645//858 646//858
f 642//859 646//859 647//859
f 647//860 646//860 645//860
f 647//861 650//861 648//861
f 647//862 648//862 649//862
f 647//863 649//863 650//863
f 650//864 649//864 648//864
f 650//865 651//865 652//865
f 650//866 652//866 653//866
f 650//867 653//867 651//867
f 651//868 653//868 652//868
f 651//869 656//869 654//869
f 651//870 654//870 655//870
f 651//871 655//871 656//871
f 656//872 655//872 654//872
f 656//873 659//873 657//873
f 656//874 657//874 658//874
f 656//875 658//875 659//875
f 659//876 658//876 657//876
f 659//877 660//877 661//877
f 659//878 661//878 662//878
f 659//879 662//879 660//879
f 660//880 662//880 661//880
f 660//881 663//881 664//881
f 660//882 664//882 665//882
f 660//883 665//883 663//883
f 663//884 665//884 664//884
f 663//885 668//885 666//885
f 663//886 666//886 667//886
f 663//887 667//887 668//887
f 668//888 667//888 666//888
f 668//889 669//889 670//889
f 668//890 670//890 671//890
f 668//891 671//891 669//891
f 669//892 671//892 670//892
f 669//893 674//893 672//893
f 669//894 672//894 673//894
f 669//895 673//895 674//895
f 674//896 673//896 672//896
f 674//897 675//897 676//897
f 674//898 676//898 677//898
f 674//899 677//899 675//899
f 675//900 677//900 676//900
f 675//901 680//901 678//901
f 675//902 678//902 679//902
f 675//903 679//903 680//903
f 680//904 679//904 678//904
f 680//905 681//905 682//905
f 680//906 682//906 683//906
f 680//907 683//907 681//907
f 681//908 683//908 682//908
f 681//909 686//909 684//909
f 681//910 684//910 685//910
f 681//911 685//911 686//911
f 686//912 685//912 684//912
f 686//913 689//913 687//913
f 686//914 687//914 688//914
f 686//915 688//915 689//915
f 689//916 688//916 687//916
f 689//917 692//917 690//917
f 689//918 690//918 691//918
f 689//919 691//919 692//919
f 692//920 691//920 690//920
f 692//921 695//921 693//921
f 692//922 693//922 694//922
f 692//923 694//923 695//923
f 695//924 694//924 693//924
f 695//925 696//925 697//925
f 695//926 697//926 698//926
f 695//927 698//927 696//927
f 696//928 698//928 697//928
f 696//929 701//929 699//929
f 696//930 699//930 700//930
f 696//931 700//931 701//931
f 701//932 700//932 699//932
f 701//933 704//933 702//933
f 701//934 702//934 703//934
f 701//935 703//935 704//935
f 704//936 703//936 702//936
f 704//937 705//937 706//937
f 704//938 706//938 707//938
f 704//939 707//939 705//939
f 705//940 707//940 706//940
f 705//941 708//941 709//941
f 705//942 709//942 710//942
f 705//943 710//943 708//943
f 708//944 710//944 709//944
f 708//945 711//945 712//945
f 708//946 712//946 713//946
f 708//947 713//947 711//947
f 711//948 713//948 712//948
f 711//949 716//949 714//949
f 711//950 714//950 715//950
f 711//951 715//951 716//951
f 716//952 715//952 714//952
f 716//953 717//953 718//953
f 716//954 718//954 719//954
f 716//955 719//955 717//955
f 717//956 719//956 718//956
f 717//957 720//957 721//957
f 717//958 721//958 722//958
f 717//959 722//959 720//959
f 720//960 722//960 721//960
f 720//961 725//961 723//961
f 720//962 723//962 724//962
f 720//963 724//963 725//963
f 725//964 724//964 723//964
f 725//965 728//965 726//965
f 725//966 726//966 727//966
f 725//967 727//967 728//967
f 728//968 727//968 726//968
f 728//969 729//969 730//969
f 728//970 730//970 731//970
f 728//971 731//971 729//971
f 729//972 731//972 730//972
f 729//973 734//973 732//973
f 729//974 732//974 733//974
f 729//975 733//975 734//975
f 734//976 733//976 732//976
f 734//977 735//977 736//977
f 734//978 736//978 737//978
f 734//979 737//979 735//979
f 735//980 737//980 736//980
f 735//981 738//981 739//981
f 735//982 739//982 740//982
f 735//983 740//983 738//983
f 738//984 740//984 739//984
f 738//985 743//985 741//985
f 738//986 741//986 742//986
f 738//987 742//987 743//987
f 743//988 742//988 741//988
f 743//989 746//989 744//989
f 743//990 744//990 745//990
f 743//991 745//991 746//991
f 746//992 745//992 744//992
f 746//993 747//993 748//993
f 746//994 748//994 749//994
f 746//995 749//995 747//995
f 747//996 749//996 748//996
f 747//997 752//997 750//997
f 747//998 750//998 751//998
f 747//999 751//999 752//999
f 752//1000 751//1000 750//1000
f 752//1001 753//1001 754//1001
f 752//1002 754//1002 755//1002
f 752//1003 755//1003 753//1003
f 753//1004 755//1004 754//1004
f 753//1005 758//1005 756//1005
f 753//1006 756//1006 757//1006
f 753//1007 757//1007 758//1007
f 758//1008 757//1008 756//1008
f 758//1009 761//1009 759//1009
f 758//1010 759//1010 760//1010
f 758//1011 760//1011 761//1011
f 761//1012 760//1012 759//1012
f 761//1013 764//1013 762//1013
f 761//1014 762//1014 763//1014
f 761//1015 763//1015 764//1015
f 764//1016 763//1016 762//1016
f 764//1017 765//1017 766//1017
f 764//1018 766//1018 767//1018
f 764//1019 767//1019 765//1019
f 765//1020 767//1020 766//1020
f 765//1021 768//1021 769//1021
f 765//1022 769//1022 770//1022
f 765//1023 770//1023 768//1023
f 768//1024 770//1024 769//1024
f 768//1025 773//1025 771//1025
f 768//1026 771//1026 772//1026
f 768//1027 772//1027 773//1027
f 773//1028 772//1028 771//1028
f 773//1029 774//1029 775//1029
f 773//1030 775//1030 776//1030
f 773//1031 776//1031 774//1031
f 774//1032 776//1032 775//1032
f 774//1033 777//1033 778//1033
f 774//1034 778//1034 779//1034
f 774//1035 779//1035 777//1035
f 777//1036 779//1036 778//1036
f 777//1037 780//1037 781//1037
f 777//1038 781//1038 782//1038
f 777//1039 782//1039 780//1039
f 780//1040 782//1040 781//1040
f 780//1041 783//1041 784//1041
f 780//1042 784//1042 785//1042
f 780//1043 785//1043 783//1043
f 783//1044 785//1044 784//1044
f 783//1045 786//1045 787//1045
f 783//1046 787//1046 788//1046
f 783//1047 788//1047 786//1047
f 786//1048 788//1048 787//1048
f 786//1049 791//1049 789//1049
f 786//1050 789//1050 790//1050
f 786//1051 790//1051 791//1051
f 791//1052 790//1052 789//1052
f 791//1053 792//1053 793//1053
f 791//1054 793//1054 794//1054
f 791//1055 794//1055 792//1055
f 792//1056 794//1056 793//1056
f 792//1057 797//1057 795//1057
f 792//1058 795//1058 796//1058
f 792//1059 796//1059 797//1059
f 797//1060 796//1060 795//1060
f 797//1061 800//1061 798//1061
f 797//1062 798//1062 799//1062
f 797//1063 799//1063 800//1063
f 800//1064 799//1064 798//1064
f 800//1065 801//1065 802//1065
f 800//1066 802//1066 803//1066
f 800//1067 803//1067 801//1067
f 801//1068 803//1068 802//1068
f 801//1069 804//1069 805//1069
f 801//1070 805//1070 806//1070
f 801//1071 806//1071 804//1071
f 804//1072 806//1072 805//1072
f 804//1073 809//1073 807//1073
f 804//1074 807//1074 808//1074
f 804//1075 808//1075 809//1075
f 809//1076 808//1076 807//1076
f 809//1077 810//1077 811//1077
f 809//1078 811//1078 812//1078
f 809//1079 812//1079 810//1079
f 810//1080 812//1080 811//1080
f 810//1081 815//1081 813//1081
f 810//1082 813//1082 814//1082
f 810//1083 814//1083 815//1083
f 815//1084 814//1084 813//1084
f 815//1085 818//1085 816//1085
f 815//1086 816//1086 817//1086
f 815//1087 817//1087 818//1087
f 818//1088 817//1088 816//1088
f 818//1089 819//1089 820//1089
f 818//1090 820//1090 821//1090
f 818//1091 821//1091 819//1091
f 819//1092 821//1092 820//1092
f 819//1093 824//1093 822//1093
f 819//1094 822//1094 823//1094
f 819//1095 823//1095 824//1095
f 824//1096 823//1096 822//1096
f 824//1097 825//1097 826//1097
f 824//1098 826//1098 827//1098
f 824//1099 827//1099 825//1099
f 825//1100 827//1100 826//1100
f 825//1101 828//1101 829//1101
f 825//1102 829//1102 830//1102
f 825//1103 830//1103 828//1103
f 828//1104 830//1104 829//1104
f 828//1105 831//1105 832//1105
f 828//1106 832//1106 833//1106
f 828//1107 833//1107 831//1107
f 831//1108 833//1108 832//1108
f 831//1109 834//1109 835//1109
f 831//1110 835//1110 836//1110
f 831//1111 836//1111 834//1111
f 834//1112 836//1112 835//1112
f 834//1113 837//1113 838//1113
f 834//1114 838//1114 839//1114
f 834//1115 839//1115 837//1115
f 837//1116 839//1116 838//1116
f 837//1117 842//1117 840//1117
f 837//1118 840//1118 841//1118
f 837//1119 841//1119 842//1119
f 842//1120 841//1120 840//1120
f 842//1121 843//1121 844//1121
f 842//1122 844//1122 845//1122
f 842//1123 845//1123 843//1123
f 843//1124 845//1124 844//1124
f 843//1125 848//1125 846//1125
f 843//1126 846//1126 847//1126
f 843//1127 847//1127 848//1127
f 848//1128 847//1128 846//1128
f 848//1129 849//1129 850//1129
f 848//1130 850//1130 851//1130
f 848//1131 851//1131 849//1131
f 849//1132 851//1132 850//1132
f 849//1133 854//1133 852//1133
f 849//1134 852//1134 853//1134
f 849//1135 853//1135 854//1135
f 854//1136 853//1136 852//1136
f 854//1137 857//1137 855//1137
f 854//1138 855//1138 856//1138
f 854//1139 856//1139 857//1139
f 857//1140 856//1140 855//1140
f 857//1141 858//1141 859//1141
f 857//1142 859//1142 860//1142
f 857//1143 860//1143 858//1143
f 858//1144 860//1144 859//1144
f 858//1145 861//1145 862//1145
f 858//1146 862//1146 863//1146
f 858//1147 863//1147 861//1147
f 861//1148 863//1148 862//1148
f 861//1149 866//1149 864//1149
f 861//1150 864//1150 865//1150
f 861//1151 865//1151 866//1151
f 866//1152 865//1152 864//1152
f 866//1153 867//1153 868//1153
f 866//1154 868//1154 869//1154
f 866//1155 869//1155 867//1155
f 867//1156 869//1156 868//1156
f 867//1157 870//1157 871//1157
f 867//1158 871//1158 872//1158
f 867//1159 872//1159 870//1159
f 870//1160 872//1160 871//1160
f 870//1161 875//1161 873//1161
f 870//1162 873//1162 874//1162
f 870//1163 874//1163 875//1163
f 875//1164 874//1164 873//1164
f 875//1165 878//1165 876//1165
f 875//1166 876//1166 877//1166
f 875//1167 877//1167 878//1167
f 878//1168 877//1168 876//1168
f 878//1169 881//1169 879//1169
f 878//1170 879//1170 880//1170
f 878//1171 880//1171 881//1171
f 881//1172 880//1172 879//1172
f 881//1173 884//1173 882//1173
f 881//1174 882//1174 883//1174
f 881//1175 883//1175 884//1175
f 884//1176 883//1176 882//1176
f 884//1177 887//1177 885//1177
f 884//1178 885//1178 886//1178
f 884//1179 886//1179 887//1179
f 887//1180 886//1180 885//1180
f 887//1181 888//1181 889//1181
f 887//1182 889//1182 890//1182
f 887//1183 890//1183 888//1183
f 888//1184 890//1184 889//1184
f 888//1185 891//1185 892//1185
f 888//1186 892//1186 893//1186
f 888//1187 893//1187 891//1187
f 891//1188 893//1188 892//1188
f 891//1189 894//1189 895//1189
f 891//1190 895//1190 896//1190
f 891//1191 896//1191 894//1191
f 894//1192 896//1192 895//1192
f 894//1193 897//1193 898//1193
f 894//1194 898//1194 899//1194
f 894//1195 899//1195 897//1195
f 897//1196 899//1196 898//1196
f 897//1197 900//1197 901//1197
f 897//1198 901//1198 902//1198
f 897//1199 902//1199 900//1199
f 900//1200 902//1200 901//1200
f 900//1201 905//1201 903//1201
f 900//1202 903//1202 904//1202
f 900//1203 904//1203 905//1203
f 905//1204 904//1204 903//1204
f 905//1205 908//1205 906//1205
f 905//1206 906//1206 907//1206
f 905//1207 907//1207 908//1207
f 908//1208 907//1208 906//1208
f 908//1209 911//1209 909//1209
f 908//1210 909//1210 910//1210
f 908//1211 910//1211 911//1211
f 911//1212 910//1212 909//1212
f 911//1213 912//1213 913//1213
f 911//1214 913//1214 914//1214
f 911//1215 914//1215 912//1215
f 912//1216 914//1216 913//1216
f 912//1217 915//1217 916//1217
f 912//1218 916//1218 917//1218
f 912//1219 917//1219 915//1219
f 915//1220 917//1220 916//1220
f 915//1221 918//1221 919//1221
f 915//1222 919//1222 920//1222
f 915//1223 920//1223 918//1223
f 918//1224 920//1224 919//1224
f 918//1225 923//1225 921//1225
f 918//1226 921//1226 922//1226
f 918//1227 922//1227 923//1227
f 923//1228 922//1228 921//1228
f 923//1229 926//1229 924//1229
f 923//1230 924//1230 925//1230
f 923//1231 925//1231 926//1231
f 926//1232 925//1232 924//1232
f 926//1233 929//1233 927//1233
f 926//1234 927//1234 928//1234
f 926//1235 928//1235 929//1235
f 929//1236 928//1236 927//1236
f 929//1237 930//1237 931//1237
f 929//1238 931//1238 932//1238
f 929//1239 932//1239 930//1239
f 930//1240 932//1240 931//1240
f 930//1241 935//1241 933//1241
f 930//1242 933//1242 934//1242
f 930//1243 934//1243 935//1243
f 935//1244 934//1244 933//1244
f 935//1245 936//1245 937//1245
f 935//1246 937//1246 938//1246
f 935//1247 938//1247 936//1247
f 936//1248 938//1248 937//1248
f 936//1249 939//1249 940//1249
f 936//1250 940//1250 941//1250
f 936//1251 941//1251 939//1251
f 939//1252 941//1252 940//1252
f 939//1253 942//1253 943//1253
f 939//1254 943//1254 944//1254
f 939//1255 944//1255 942//1255
f 942//1256 944//1256 943//1256
f 942//1257 947//1257 945//1257
f 942//1258 945//1258 946//1258
f 942//1259 946//1259 947//1259
f 947//1260 946//1260 945//1260
f 947//1261 948//1261 949//1261
f 947//1262 949//1262 950//1262
f 947//1263 950//1263 948//1263
f 948//1264 950//1264 949//1264
f 948//1265 951//1265 952//1265
f 948//1266 952//1266 953//1266
f 948//1267 953//1267 951//1267
f 951//1268 953//1268 952//1268
f 951//1269 956//1269 954//1269
f 951//1270 954//1270 955//1270
f 951//1271 955//1271 956//1271
f 956//1272 955//1272 954//1272
f 956//1273 957//1273 958//1273
f 956//1274 958//1274 959//1274
f 956//1275 959//1275 957//1275
f 957//1276 959//1276 958//1276
f 957//1277 960//1277 961//1277
f 957//1278 961//1278 962//1278
f 957//1279 962//1279 960//1279
f 960//1280 962//1280 961//1280
f 960//1281 963//1281 964//1281
f 960//1282 964//1282 965//1282
f 960//1283 965//1283 963//1283
f 963//1284 965//1284 964//1284
f 963//1285 966//1285 967//1285
f 963//1286 967//1286 968//1286
f 963//1287 968//1287 966//1287
f 966//1288 968//1288 967//1288
f 966//1289 971//1289 969//1289
f 966//1290 969//1290 970//1290
f 966//1291 970//1291 971//1291
f 971//1292 970//1292 969//1292
f 971//1293 974//1293 972//1293
f 971//1294 972//1294 973//1294
f 971//1295 973//1295 974//1295
f 974//1296 973//1296 972//1296
f 974//1297 975//1297 976//1297
f 974//1298 976//1298 977//1298
f 974//1299 977//1299 975//1299
f 975//1300 977//1300 976//1300
f 975//1301 978//1301 979//1301
f 975//1302 979//1302 980//1302
f 975//1303 980//1303 978//1303
f 978//1304 980//1304 979//1304
f 978//1305 981//1305 982//1305
f 978//1306 982//1306 983//1306
f 978//1307 983//1307 981//1307
f 981//1308 983//1308 982//1308
f 981//1309 986//1309 984//1309
f 981//1310 984//1310 985//1310
f 981//1311 985//1311 986//1311
f 986//1312 985//1312 984//1312
f 986//1313 989//1313 987//1313
f 986//1314 987//1314 988//1314
f 986//1315 988//1315 989//1315
f 989//1316 988//1316 987//1316
f 989//1317 992//1317 990//1317
f 989//1318 990//1318 991//1318
f 989//1319 991//1319 992//1319
f 992//1320 991//1320 990//1320
f 992//1321 993//1321 994//1321
f 992//1322 994//1322 995//1322
f 992//1323 995//1323 993//1323
f 993//1324 995//1324 994//1324
f 993//1325 996//1325 997//1325
f 993//1326 997//1326 998//1326
f 993//1327 998//1327 996//1327
f 996//1328 998//1328 997//1328
f 996//1329 1001//1329 999//1329
f 996//1330 999//1330 1000//1330
f 996//1331 1000//1331 1001//1331
f 1001//1332 1000//1332 999//1332
f 1001//1333 1002//1333 1003//1333
f 1001//1334 1003//1334 1004//1334
f 1001//1335 1004//1335 1002//1335
f 1002//1336 1004//1336 1003//1336
f 1002//1337 1005//1337 1006//1337
f 1002//1338 1006//1338 1007//1338
f 1002//1339 1007//1339 1005//1339
f 1005//1340 1007//1340 1006//1340
f 1005//1341 1008//1341 1009//1341
f 1005//1342 1009//1342 1010//1342
f 1005//1343 1010//1343 1008//1343
f 1008//1344 1010//1344 1009//1344
f 1008//1345 1011//1345 1012//1345
f 1008//1346 1012//1346 1013//1346
f 1008//1347 1013//1347 1011//1347
f 1011//1348 1013//1348 1012//1348
f 1011//1349 1016//1349 1014//1349
f 1011//1350 1014//1350 1015//1350
f 1011//1351 1015//1351 1016//1351
f 1016//1352 1015//1352 1014//1352
f 1016//1353 1019//1353 1017//1353
f 1016//1354 1017//1354 1018//1354
f 1016//1355 1018//1355 1019//1355
f 1019//1356 1018//1356 1017//1356
f 1019//1357 1022//1357 1020//1357
f 1019//1358 1020//1358 1021//1358
f 1019//1359 1021//1359 1022//1359
f 1022//1360 1021//1360 1020//1360
f 1022//1361 1023//1361 1024//1361
f 1022//1362 1024//1362 1025//1362
f 1022//1363 1025//1363 1023//1363
f 1023//1364 1025//1364 1024//1364
