# Blender 4.1.1
# www.blender.org
mtllib untitled.mtl
o Tetrahedrons_Chain_A
v 221.970001 218.950012 173.689987
v 222.550003 216.450012 172.329987
v 219.860001 217.530014 172.299988
v 220.960007 216.450012 174.749985
v 219.339996 216.600021 177.159988
v 221.970001 215.360016 177.239990
v 219.779999 214.040009 175.869980
v 220.089996 211.290009 176.729980
v 219.419998 211.870010 173.969986
v 217.460007 212.310013 176.059982
v 215.360001 210.580017 177.069992
v 215.039993 211.930008 174.519989
v 214.960007 213.450012 176.989990
v 216.520004 208.610016 178.849991
v 213.919998 208.140015 177.669983
v 214.240005 210.180008 179.709991
v 217.800003 208.650009 181.449982
v 219.339996 209.260010 179.069992
v 218.429993 206.550018 179.559982
v 218.889999 204.030014 180.919983
v 220.809998 205.000015 178.979980
v 218.210007 204.060013 178.099991
v 218.880005 203.460022 183.759979
v 217.809998 201.520020 181.899979
v 216.389999 203.990021 182.389984
v 214.669998 206.290009 182.809982
v 213.520004 203.640015 182.599991
v 214.649994 204.920013 180.249985
v 216.070007 208.390015 184.229980
v 213.389999 207.630020 185.039978
v 213.800003 209.040009 182.539978
v 213.720001 211.780014 181.599991
v 211.250000 210.300018 181.949982
v 213.059998 209.610016 179.799988
v 216.270004 212.940018 180.859985
v 215.160004 213.440018 183.489990
v 213.940002 214.640015 181.149979
v 211.580002 215.510010 179.709991
v 214.009995 217.090012 179.609985
v 212.470001 216.970016 182.059982
v 213.440002 219.130020 183.719986
v 211.779999 217.060013 184.879990
v 210.630005 218.980011 183.039978
v 209.139999 221.370010 183.749985
v 207.970001 218.740021 184.159988
v 208.320007 219.760010 181.469986
v 207.940002 223.920013 184.419983
v 210.570007 223.830017 183.189987
v 210.220001 222.940018 185.929977
v 207.119995 226.690018 184.209991
v 207.279999 225.430008 186.809982
v 205.190002 224.660019 184.959991
v 203.649994 222.540009 186.189987
v 203.259995 223.160019 183.389984
v 202.350006 225.020020 185.419983
v 199.800003 225.450012 186.719986
v 200.130005 226.140015 183.929977
v 201.449997 227.710022 185.979980
v 198.520004 224.570023 189.169983
v 197.050003 224.530014 186.669983
v 197.710007 227.060013 187.929977
v 197.580002 225.370010 191.789978
v 200.330002 224.520020 191.429977
v 198.169998 222.580017 191.259979
v 195.360001 222.360016 191.919983
v 197.320007 222.710022 194.029984
v 197.179993 220.200012 192.579987
v 195.369995 218.920013 194.449982
v 196.779999 217.330017 192.469986
v 194.649994 219.120010 191.649979
v 194.139999 218.060013 196.929977
v 192.669998 219.740021 195.079987
v 194.899994 220.830017 196.579987
v 193.949997 215.390015 198.049988
v 193.029999 217.680008 199.579987
v 195.869995 217.290009 199.119980
v 195.770004 213.520020 196.789978
v 192.910004 213.170013 196.509979
v 194.179993 212.680008 199.069992
v 198.440002 213.320023 197.919983
v 197.949997 215.040009 195.629990
v 197.869995 212.150009 195.329987
v 198.509995 210.840012 199.419983
v 197.910004 213.330017 200.769989
v 200.589996 212.820023 199.799988
v 196.789993 208.550018 198.969986
v 199.490005 208.160019 199.959991
v 199.059998 209.020020 197.229980
v 199.080002 209.650009 194.399979
v 200.639999 207.420013 195.399979
v 201.440002 210.140015 196.009979
v 202.729996 212.570023 196.929977
v 204.320007 210.420013 195.809982
v 203.070007 210.100021 198.409988
v 201.770004 208.920013 200.719986
v 204.669998 208.980011 200.549988
v 203.149994 207.220016 198.809982
v 204.770004 205.920013 196.789978
v 201.970001 205.230011 197.069992
v 203.869995 204.430008 199.109985
v 207.419998 207.090012 196.749985
v 206.059998 206.510010 194.259979
v 207.039993 204.340012 195.919983
v 207.369995 208.830017 199.059982
v 209.039993 209.500015 196.789978
v 209.729996 207.260010 198.489990
v 211.289993 205.990021 200.579987
v 212.410004 208.190018 199.069992
v 212.020004 205.620010 197.799988
v 211.779999 203.240021 201.379990
v 209.460007 204.650009 202.389984
v 212.110001 205.390015 203.299988
v 212.089996 207.730011 204.999985
v 214.419998 206.000015 204.939987
v 211.960007 205.090012 206.179977
v 211.369995 210.040009 203.399979
v 210.970001 210.090012 206.269989
v 209.300003 208.400009 204.599991
v 207.500000 206.460022 203.419983
v 206.470001 208.470016 205.239990
v 208.130005 206.320023 206.239990
v 209.179993 207.230011 208.789978
v 210.039993 204.680008 207.699982
v 207.330002 205.000015 208.699982
v 207.809998 209.770020 208.949982
v 210.699997 209.680008 209.039978
v 209.149994 208.700012 211.289978
v 205.070007 208.830017 209.129990
v 205.880005 210.510010 206.909988
v 205.669998 211.630020 209.579987
v 204.199997 206.070023 209.199982
v 202.649994 208.110016 210.559982
v 205.240005 207.320023 211.599991
v 206.050003 209.420013 213.429977
v 207.740005 207.100021 213.039978
v 205.229996 206.830017 214.459991
v 203.800003 211.200012 213.079987
v 206.500000 212.200012 212.729980
v 205.529999 211.500015 215.379990
v 201.580002 210.220016 211.489990
v 201.110001 212.170013 213.589981
v 201.830002 209.440018 214.269989
v 202.460007 206.930008 215.569992
v 200.229996 208.520020 216.509979
v 202.949997 209.430008 216.949982
v 205.339996 210.930008 217.609985
v 203.389999 210.330017 219.669983
v 202.759995 212.250015 217.589981
v 199.889999 212.640015 217.389984
v 201.699997 214.390015 215.939987
v 201.520004 214.560013 218.829987
v 199.070007 210.760010 219.439987
v 198.139999 210.430008 216.719986
v 197.149994 212.630020 218.329987
v 200.389999 211.990021 221.719986
v 200.940002 209.220016 221.039978
v 198.350006 209.970016 222.139984
v 199.320007 214.680008 221.779984
v 202.190002 214.260010 221.719986
v 200.669998 213.610016 224.109985
v 196.479996 214.340012 222.279984
v 197.380005 215.540009 219.799988
v 197.649994 217.000015 222.289978
v 195.059998 211.890015 222.859985
v 194.369995 214.320023 224.269989
v 196.889999 212.990021 224.819992
v 198.130005 215.120010 226.339981
v 199.639999 212.740021 225.699982
v 197.479996 212.610016 227.629990
v 198.169998 217.830017 225.309982
v 197.860001 217.370010 228.159988
v 195.699997 216.710022 226.339981
v 193.350006 215.640015 225.029984
v 193.059998 217.620010 227.119980
v 193.919998 214.930008 227.779984
v 194.470001 212.320023 228.909988
v 192.470001 214.030014 230.119980
v 195.279999 214.710022 230.329987
v 195.389999 217.510010 231.069992
v 197.850006 216.010010 230.719986
v 196.130005 215.480011 232.999985
v 194.130005 219.530014 229.409988
v 194.380005 219.950012 232.269989
v 192.529999 217.960022 231.259979
v 190.610001 215.830017 230.869980
v 189.940002 218.090012 232.559982
v 191.910004 216.150009 233.439987
v 193.460007 217.470016 235.509979
v 193.919998 214.670013 234.909988
v 191.479996 215.490021 236.229980
v 195.020004 219.860016 234.979980
v 193.910004 219.400009 237.619980
v 192.160004 220.060013 235.409988
v 189.910004 220.780014 233.719986
v 190.279999 222.090012 236.279984
v 189.460007 219.310013 236.179977
v 188.949997 216.600021 237.059982
v 187.250000 218.760010 237.969986
v 189.970001 218.560013 238.939987
v 192.259995 220.190018 239.659988
v 192.509995 218.160019 237.599991
v 192.190002 217.380020 240.379990
v 194.779999 216.070023 240.219986
v 192.429993 214.780014 239.109985
v 192.720001 215.020020 241.979980
v 197.169998 217.360016 239.209991
v 197.389999 215.030014 240.909988
v 196.500000 217.550018 242.019989
v 196.070007 220.080017 243.369980
v 198.169998 218.300018 244.279984
v 195.380005 217.600021 244.699982
v 194.660004 215.270020 246.259979
v 192.669998 217.290009 245.659988
v 194.809998 217.870010 247.519989
v 196.110001 212.810013 246.769989
v 193.699997 212.760010 245.159988
v 193.529999 213.250015 248.009979
v 191.300003 214.560013 249.319992
v 193.289993 213.180008 250.899979
v 191.449997 211.670013 249.259979
v 188.970001 210.390015 248.449982
v 189.059998 213.260010 248.859985
v 189.240005 211.470016 251.129990
v 187.259995 211.770020 246.559982
v 186.860001 212.130020 249.409988
v 186.199997 209.600021 248.159988
v 187.470001 211.260010 243.719986
v 187.380005 213.990021 244.699982
v 185.009995 212.330017 244.819992
v 186.449997 208.880020 242.419983
v 189.179993 208.940018 243.399979
v 188.429993 210.510010 241.079987
v 188.740005 210.960022 238.239990
v 191.029999 210.170013 239.839981
v 189.899994 212.830017 240.129990
v 189.570007 209.970016 235.639984
v 188.369995 212.590012 235.869980
v 186.750000 210.220016 236.259979
v 191.639999 208.000015 236.159988
v 191.440002 209.230011 233.539978
v 189.419998 207.340012 234.409988
v 191.800003 205.360016 237.349991
v 191.429993 207.680008 239.029984
v 193.970001 207.240021 237.709991
v 196.169998 205.900009 239.039978
v 195.080002 208.350021 240.149979
v 196.619995 208.420013 237.689987
v 196.839996 209.950012 235.229980
v 199.080002 208.370010 236.159988
v 198.309998 210.770020 237.589981
v 200.419998 212.730011 237.189987
v 200.050003 211.490021 239.789978
v 198.100006 213.390015 238.809982
v 203.300003 212.940018 236.919983
v 201.690002 215.330017 237.309982
v 201.559998 213.890015 234.799988
v 201.880005 216.000015 232.829987
v 200.009995 213.840012 232.349991
v 202.860001 213.330017 232.269989
v 205.289993 211.770020 232.489990
v 203.759995 211.720016 230.029984
v 202.720001 210.440018 232.419983
v 200.830002 209.960022 234.569992
v 201.259995 207.930008 232.539978
v 199.869995 210.380020 231.859985
v 198.350006 212.510010 230.609985
v 197.570007 209.740021 230.229980
v 199.990005 210.750015 228.989990
v 201.550003 208.410019 228.299988
v 202.550003 211.060013 227.679977
v 200.300003 209.970016 226.209991
v 199.580002 206.440018 229.099991
v 202.250000 206.350021 230.229980
v 201.820007 205.650009 227.449982
v 197.039993 207.390015 230.129990
v 197.199997 204.810013 228.809982
v 197.479996 207.250015 227.269989
v 197.809998 209.260010 225.209991
v 195.889999 207.110016 224.849991
v 198.729996 206.540009 224.749985
v 199.020004 203.700012 225.269989
v 201.350006 205.310013 224.639984
v 199.389999 204.740021 222.579987
v 198.009995 202.470016 227.689987
v 198.240005 200.910019 225.249985
v 196.220001 202.980011 225.459991
v 194.080002 204.940018 225.329987
v 193.570007 202.190018 224.579987
v 195.220001 203.870010 222.889984
v 196.869995 202.710022 220.799988
v 196.169998 205.520020 220.699982
v 194.139999 203.500015 220.219986
v 196.539993 199.970016 221.709991
v 199.199997 201.080017 221.359985
v 197.550003 200.500015 219.039978
v 196.259995 198.360016 224.099991
v 194.429993 197.990021 221.869980
v 194.289993 200.400009 223.479980
v 196.559998 198.530014 226.979980
v 198.899994 198.510010 225.269989
v 197.320007 196.100021 225.589981
v 197.380005 200.910019 228.429977
v 199.100006 198.580017 228.369980
v 196.630005 198.510010 229.879990
v 199.009995 198.480011 231.529984
v 197.389999 196.090012 231.269989
v 196.389999 198.370010 232.759979
v 193.770004 198.500015 233.979980
v 194.889999 200.850021 232.699982
v 196.000000 199.890015 235.199982
v 198.679993 200.980011 235.469986
v 196.960007 200.760010 237.789978
v 196.369995 202.710022 235.739990
v 194.130005 203.840012 234.279984
v 196.729996 205.120010 234.159988
v 195.179993 205.210022 236.609985
v 192.029999 201.890015 234.719986
v 192.919998 202.490021 232.019989
v 191.399994 204.460022 233.519989
v 188.690002 205.420013 233.849991
v 189.830002 205.200012 231.199982
v 190.779999 207.250015 233.019989
v 186.020004 206.200012 234.659988
v 188.199997 206.320023 236.569992
v 187.179993 203.750015 235.689987
v 183.309998 205.220016 235.009979
v 183.919998 207.050018 232.849991
v 183.929993 207.990021 235.589981
v 183.690002 210.880020 235.449982
v 184.500000 209.600021 237.929977
v 181.770004 209.330017 236.979980
v 185.419998 212.690018 233.989990
v 182.899994 213.640015 235.069992
v 182.910004 211.810013 232.819992
v 182.690002 212.930008 230.159988
v 180.320007 211.990021 231.539978
v 182.279999 210.090012 230.579987
v 185.399994 213.150009 229.169983
v 183.820007 215.540009 229.609985
v 183.169998 213.750015 227.419983
v 187.169998 211.570023 230.839981
v 187.850006 212.050018 228.059982
v 185.639999 210.290009 228.729980
v 183.199997 208.740021 228.549988
v 185.570007 207.880020 227.119980
v 184.130005 210.240021 226.259979
v 183.369995 212.760010 225.029984
v 183.860001 210.430008 223.379990
v 186.070007 211.750015 224.709991
v 188.649994 212.530014 225.789978
v 188.350006 212.030014 222.949982
v 188.229996 209.830017 224.829987
v 187.779999 207.270020 226.119980
v 189.779999 207.510010 224.029984
v 186.960007 207.660019 223.369980
v 186.630005 208.980011 220.809982
v 184.330002 207.870010 222.179977
v 186.309998 206.100021 221.019989
v 187.509995 211.720016 220.469986
v 187.380005 209.940018 218.179977
v 189.410004 209.540009 220.209991
v 191.750000 208.850021 221.769989
v 191.940002 209.050018 218.879990
v 190.490005 206.850021 220.089981
v 188.889999 205.800018 217.909988
v 188.839996 204.500015 220.499985
v 191.210007 204.340012 218.839981
v 189.679993 207.610016 215.779984
v 186.880005 207.300018 216.459991
v 188.300003 205.140015 215.149979
v 192.529999 207.080017 215.869980
v 191.550003 209.790009 216.179977
v 191.380005 208.480011 213.599991
v 192.520004 204.270020 215.149979
v 190.020004 205.680008 215.509979
v 191.690002 205.090012 217.799988
v 191.389999 204.490021 212.489990
v 190.190002 202.710022 214.429977
v 192.770004 202.060013 213.279984
v 190.509995 207.000015 211.329987
v 191.339996 204.820023 209.609985
v 193.300003 206.250015 211.189987
v 195.699997 204.660019 211.569992
v 195.660004 207.440018 212.389984
v 195.649994 206.760010 209.579987
v 194.960007 202.260010 210.119980
v 195.570007 202.110016 212.949982
v 197.679993 202.610016 211.029984
v 192.490005 201.940018 208.629990
v 194.889999 200.550018 207.779984
v 194.699997 203.430008 207.479980
v 195.199997 206.240021 206.979980
v 195.600006 204.300018 204.859985
v 197.419998 204.370010 207.119980
v 199.520004 203.950012 209.069992
v 200.169998 204.160019 206.249985
v 198.779999 201.820023 207.249985
v 197.460007 199.300018 207.809982
v 199.910004 199.330017 206.269989
v 197.460007 200.370010 205.109985
v 200.119995 200.040009 203.999985
v 199.470001 202.420013 205.529984
v 198.320007 202.030014 202.889984
v 201.179993 201.700012 203.259979
v 200.009995 204.350021 203.299988
v 200.149994 202.870010 200.809982
v 201.380005 198.830017 202.849991
v 202.410004 200.030014 205.279984
v 203.770004 200.480011 202.759979
v 200.389999 198.740021 200.129990
v 198.990005 197.310013 202.229980
v 201.580002 196.380020 201.319992
v 199.490005 200.690018 198.179977
v 200.830002 198.280014 197.299988
v 202.330002 200.340012 198.679977
v 204.440002 201.530014 200.269989
v 204.940002 200.790009 197.509979
v 204.589996 198.730011 199.519989
v 204.830002 196.330017 201.119980
v 206.770004 196.890015 199.029984
v 204.050003 196.140015 198.329987
v 204.250000 197.110016 195.609985
v 201.809998 195.840012 196.519989
v 204.210007 194.260010 196.139984
v 205.750000 197.780014 193.219986
v 206.229996 199.220016 195.679977
v 203.750000 199.610016 194.229980
v 204.830002 197.720016 190.469986
v 206.440002 195.540009 191.499985
v 207.639999 198.140015 191.049988
v 210.490005 197.760010 190.699982
v 209.199997 200.110016 189.599991
v 208.710007 197.510010 188.429977
v 211.240005 196.020020 192.889984
v 213.289993 197.170013 191.189987
v 211.529999 195.110016 190.149979
v 211.449997 195.420013 187.269989
v 209.960007 193.270020 188.539978
v 212.860001 193.180008 188.449982
v 213.610001 197.180008 186.479980
v 210.860001 198.020020 186.139984
v 211.949997 195.920013 184.459991
v 215.679993 195.150009 186.619980
v 215.759995 197.430008 188.409988
v 216.300003 197.790009 185.579987
v 215.220001 193.480011 184.299988
v 215.300003 192.300018 186.949982
v 217.729996 193.310013 185.739990
v 216.179993 194.270020 181.689987
v 213.350006 194.410019 182.289978
v 214.639999 191.840012 181.979980
v 218.990005 193.580017 181.889984
v 218.160004 196.340012 182.169983
v 218.020004 195.040009 179.579987
v 217.389999 197.100021 177.649979
v 217.429993 194.320023 176.829987
v 219.910004 195.680008 177.479980
v 221.320007 194.390015 175.299988
v 222.589996 194.650009 177.889984
v 222.179993 196.990021 176.229980
v 223.610001 198.630020 174.309982
v 224.490005 198.530014 177.069992
v 222.020004 199.890015 176.379990
v 225.729996 198.430008 172.349991
v 224.169998 200.870010 172.549988
v 222.960007 198.450012 171.489990
v 222.500000 197.700012 168.729980
v 220.490005 199.200012 170.169983
v 220.990005 196.430008 170.849991
v 223.990005 195.460022 167.649979
v 224.710007 198.160019 166.909988
v 222.250000 197.000015 165.919983
v 221.529999 198.720016 163.699982
v 219.649994 196.730011 164.659988
v 222.050003 195.900009 163.249985
v 223.110001 193.210022 163.019989
v 224.320007 195.380020 161.529984
v 221.690002 194.400009 160.789978
v 220.449997 192.520020 158.969986
v 222.809998 194.000015 158.149979
v 220.270004 195.360016 158.459991
v 218.630005 190.770020 157.549988
v 218.460007 191.010010 160.429977
v 220.699997 189.640015 159.219986
v 217.440002 189.800018 155.089981
v 216.000000 189.560013 157.589981
v 218.339996 187.920013 157.109985
v 214.779999 190.260010 154.059982
v 216.770004 188.970016 152.389984
v 217.020004 191.790009 153.029984
v 214.630005 192.890015 154.259979
v 216.130005 194.460022 152.339981
v 217.240005 193.930008 154.959991
v 218.800003 196.370010 155.139984
v 219.699997 193.970016 156.509979
v 217.360001 195.400009 157.459991
v 217.110001 196.140015 160.249985
v 215.600006 193.900009 159.209991
v 214.910004 196.600021 158.429977
v 217.300003 196.180008 163.149979
v 216.699997 198.620010 161.699982
v 219.350006 197.460022 161.539978
v 218.389999 193.600021 163.909988
v 215.610001 194.210022 164.429977
v 217.690002 195.540009 165.949982
v 218.050003 194.430008 168.599991
v 217.639999 197.280014 168.259979
v 220.139999 196.060013 167.419983
v 220.059998 192.660019 169.719986
v 217.470001 191.610016 168.929977
v 217.690002 193.320023 171.259979
v 214.949997 193.050018 172.179977
v 216.639999 195.160019 173.239990
v 217.149994 192.400009 173.949982
v 214.690002 193.160019 175.289978
v 217.229996 194.220016 176.209991
v 216.589996 191.420013 176.619980
v 214.029999 190.420013 177.559982
v 215.119995 192.870010 178.659988
v 216.350006 190.320023 179.299988
v 218.360001 190.920013 181.299988
v 218.160004 188.240021 180.199982
v 216.100006 189.230011 181.969986
v 215.039993 187.510010 184.049988
v 214.929993 190.390015 184.359985
v 217.479996 189.010010 184.509979
v 215.830002 184.960022 185.169983
v 213.970001 185.050018 182.949982
v 213.130005 185.950012 185.569992
v 210.250000 185.770020 185.849991
v 211.889999 186.390015 188.159988
v 211.949997 183.730011 187.019989
v 207.979996 186.850021 184.409988
v 208.240005 183.990021 184.749985
v 210.039993 185.410019 182.979980
v 205.800003 188.000015 182.879990
v 208.350006 189.370010 183.019989
v 206.639999 189.250015 185.359985
v 203.710007 188.810013 181.039978
v 203.009995 187.590012 183.569992
v 204.240005 186.000015 181.479980
v 203.429993 190.390015 178.619980
v 201.080002 189.630020 180.139984
v 202.559998 187.630020 178.659988
v 204.570007 192.240021 176.699982
v 206.279999 190.340012 178.069992
v 205.119995 192.560013 179.529984
v 202.649994 194.130020 175.649979
v 203.750000 192.080017 173.919983
v 205.419998 194.280014 174.819992
v 206.270004 196.540009 173.229980
v 207.630005 193.990021 172.969986
v 207.960007 195.570023 175.379990
v 207.520004 198.740021 171.789978
v 205.020004 199.160019 173.209991
v 205.070007 197.550018 170.789978
v 208.729996 200.970016 170.389984
v 209.649994 198.260010 169.889984
v 210.229996 199.540009 172.429977
v 209.750000 203.420013 169.229980
v 207.600006 203.520020 171.169983
v 207.110001 202.470016 168.519989
v 211.009995 203.740021 166.639984
v 212.619995 203.810013 169.059982
v 210.820007 206.000015 168.449982
v 210.899994 207.920013 170.619980
v 208.979996 208.240021 168.459991
v 211.809998 208.680008 167.979980
v 212.429993 211.420013 167.249985
v 213.869995 209.230011 166.009979
v 214.320007 209.870010 168.799988
v 212.309998 213.890015 165.729980
v 213.839996 213.770020 168.189987
v 210.940002 213.680008 168.279984
v 211.509995 212.690018 163.209991
v 213.860001 214.380020 163.329987
v 211.220001 215.550018 163.619980
v 209.570007 216.730011 161.549988
v 212.149994 217.890015 162.179977
v 209.960007 218.120010 164.069992
v 206.759995 217.420013 161.769989
v 207.550003 214.970016 160.429977
v 208.089996 217.540009 159.199982
v 207.500000 216.280014 156.649979
v 209.509995 218.360016 156.809982
v 206.710007 219.030014 157.119980
v 205.789993 221.740021 156.649979
v 203.949997 219.510010 156.389984
v 206.050003 219.890015 154.429977
v 208.309998 221.110016 157.939987
v 205.820007 220.050018 159.009979
v 206.410004 222.880020 159.239990
v 204.449997 222.600021 161.349991
v 206.419998 224.730011 161.479980
v 207.229996 221.970016 161.869980
v 210.050003 222.010010 162.539978
v 208.770004 219.510010 161.829987
v 208.149994 220.800018 164.359985
v 206.500000 219.170013 166.099991
v 207.229996 221.860016 166.889984
v 209.240005 219.770020 166.839981
v 210.610001 220.990021 169.079987
v 212.119995 219.610016 167.029984
v 210.470001 218.100021 168.859985
v 209.520004 215.370010 168.989990
v 210.740005 216.590012 171.319992
v 212.369995 215.920013 169.019989
v 208.789993 215.080017 166.199982
v 206.729996 215.280014 168.229980
v 208.350006 212.890015 168.039978
v 207.020004 211.160019 169.949982
v 209.690002 210.510010 169.039978
v 207.440002 210.260010 167.229980
v 206.729996 207.520020 166.589981
v 207.779999 209.270020 164.529984
v 205.119995 209.710022 165.579987
v 206.839996 204.680008 166.029984
v 204.580002 205.780014 167.469986
v 207.179993 205.640015 168.739990
v 207.190002 201.940018 165.149979
v 209.429993 203.770020 165.099991
v 207.250000 204.090012 163.219986
v 205.339996 200.400009 163.539978
v 205.130005 200.340012 166.429977
v 207.360001 199.040009 165.109985
v 207.919998 196.240021 164.639984
v 207.880005 197.280014 167.349991
v 210.029999 198.000015 165.539978
v 209.649994 194.890015 162.749985
v 206.850006 195.310013 162.109985
v 207.600006 193.400009 164.149979
v 205.979996 192.240021 166.259979
v 208.600006 191.140015 165.669983
v 206.419998 190.770020 163.789978
v 204.360001 188.780014 163.359985
v 203.639999 191.580017 163.579987
v 204.550003 190.130020 165.919983
v 201.720001 189.980011 163.449982
v 202.240005 187.510010 164.879990
v 202.139999 187.520020 161.979980
v 201.679993 192.230011 165.279984
v 199.190002 191.060013 164.369980
v 200.839996 192.580017 162.529984
v 202.339996 193.020020 167.989990
v 203.940002 191.020020 166.639984
v 201.240005 190.390015 167.479980
v 203.169998 195.290009 169.599991
v 205.149994 193.430008 168.589981
v 203.330002 192.610016 170.689987
v 201.750000 190.890015 172.409988
v 203.529999 192.870010 173.569992
v 204.630005 190.530014 172.239990
v 206.000000 188.350021 173.579987
v 207.520004 190.540009 172.439987
v 206.190002 188.640015 170.699982
v 205.610001 185.510010 173.999985
v 205.130005 187.380020 176.169983
v 207.839996 186.870010 175.249985
v 209.899994 185.730011 176.949982
v 209.820007 188.590012 176.499985
v 210.589996 186.810013 174.349991
v 209.740005 183.120010 178.209991
v 210.660004 185.420013 179.729980
v 212.320007 184.300018 177.629990
v 215.059998 185.000015 176.989990
v 214.179993 182.250015 176.759979
v 214.479996 183.450012 179.379990
v 217.279999 186.710022 177.759979
v 214.639999 187.850021 177.329987
v 216.179993 186.860016 175.079987
v 216.160004 188.280014 172.549988
v 214.169998 186.240021 173.079987
v 216.940002 185.490021 172.639984
v 217.679993 188.650009 170.109985
v 217.789993 190.650009 172.199982
v 215.369995 190.320023 170.639984
v 214.470001 192.240021 168.669983
v 213.710007 192.560013 171.449982
v 212.580002 190.410019 169.869980
v 215.529999 191.630020 166.039978
v 216.399994 194.020020 167.429977
v 213.699997 193.850021 166.379990
v 213.070007 194.950012 163.779984
v 212.850006 196.610016 166.139984
v 210.949997 194.460022 165.689987
v 211.850006 193.510010 161.579987
v 214.710007 193.980011 161.589981
v 212.869995 196.190018 161.159988
v 214.889999 198.010010 160.159988
v 212.470001 199.050018 161.369980
v 212.360001 197.750015 158.769989
v 209.820007 197.040009 157.559982
v 212.289993 196.650009 156.089981
v 211.300003 199.330017 156.579987
v 209.699997 201.350021 155.259979
v 211.470001 199.660019 153.699982
v 212.580002 201.680008 155.459991
v 208.360001 203.330017 156.909988
v 206.830002 201.720016 155.029984
v 208.639999 203.770020 154.059982
v 210.139999 204.940018 158.519989
v 210.389999 202.050018 158.539978
v 208.100006 203.330017 159.799988
v 210.460007 207.260010 160.239990
v 211.050003 207.460022 157.409988
v 212.800003 205.930008 159.149979
v 214.490005 204.520020 157.269989
v 214.720001 203.980011 160.109985
v 215.630005 206.510010 159.029984
v 213.009995 204.180008 154.799988
v 215.690002 203.120010 155.029984
v 215.279999 205.980011 154.889984
v 217.710007 206.900009 156.169983
v 215.899994 208.810013 154.969986
v 217.460007 207.040009 153.289978
v 220.389999 205.930008 156.719986
v 218.309998 205.640015 158.719986
v 219.380005 208.260010 158.119980
v 222.470001 206.760010 154.869980
v 221.600006 203.990021 154.929977
v 223.130005 205.080017 157.139984
v 225.779999 205.600021 158.189987
v 225.160004 203.010010 157.039978
v 224.009995 203.790009 159.589981
v 226.380005 208.240021 159.229980
v 228.460007 206.700012 157.929977
v 227.470001 205.900009 160.529984
v 224.490005 208.560013 161.409988
v 223.649994 209.050018 158.679977
v 225.470001 210.890015 159.989990
v 225.589996 208.610016 164.089981
v 224.149994 206.270020 163.149979
v 222.720001 208.740021 163.699982
v 226.220001 209.960022 166.569992
v 227.869995 210.390015 164.229980
v 227.940002 207.840012 165.609985
v 227.139999 210.110016 169.319992
v 224.300003 210.190018 168.739990
v 225.990005 212.450012 168.049988
v 224.350006 213.900009 166.139984
v 226.789993 215.090012 167.169983
v 224.490005 214.780014 168.899979
v 221.500000 213.670013 165.659988
v 223.360001 212.000015 164.189987
v 223.229996 214.840012 163.639984
v 219.149994 215.370010 165.779984
v 220.210007 214.180008 168.209991
v 218.910004 212.520020 166.229980
v 219.190002 209.920013 164.959991
v 216.589996 211.200012 165.089981
v 217.809998 210.150009 167.499985
v 217.190002 210.120010 170.329987
v 219.139999 208.260010 169.259979
v 216.330002 207.930008 168.629990
v 215.940002 205.250015 167.589981
v 213.770004 207.170013 167.489990
v 214.610001 206.070023 170.029984
v 212.509995 207.100021 171.749985
v 215.020004 206.210022 172.899979
v 213.160004 204.270020 171.799988
v 211.750000 202.370010 173.459991
v 214.309998 201.660019 172.299988
v 211.970001 201.920013 170.609985
v 210.199997 200.530014 175.089981
v 209.020004 203.020020 174.199982
v 211.110001 203.040009 176.209991
v 208.570007 198.810013 176.749985
v 211.369995 198.190018 176.339981
v 209.479996 197.870010 174.159988
v 206.690002 197.180008 178.249985
v 205.839996 199.720016 177.139984
v 207.679993 199.660019 179.379990
v 205.169998 195.470016 180.029984
v 204.059998 198.000015 179.139984
v 206.279999 197.970016 180.999985
v 204.389999 193.850021 182.299988
v 202.470001 194.440018 180.209991
v 203.339996 196.540009 182.009979
v 204.160004 191.900009 184.429977
v 204.940002 194.620010 185.039978
v 206.770004 192.870010 183.629990
v 205.089996 189.170013 184.119980
v 202.250000 189.730011 184.179977
v 203.830002 190.000015 186.599991
v 203.050003 189.510010 189.349991
v 205.490005 188.340012 188.299988
v 202.910004 187.370010 187.389984
v 200.649994 190.880020 190.219986
v 203.160004 191.310013 191.609985
v 201.789993 188.770020 191.849991
v 199.389999 193.070023 188.799988
v 197.839996 190.730011 189.509979
v 199.869995 190.550018 187.449982
v 200.270004 195.480011 190.169983
v 198.050003 195.590012 188.299988
v 200.750000 195.170013 187.329987
v 202.889999 196.500015 185.889984
v 200.199997 196.480011 184.799988
v 201.770004 194.040009 184.859985
v 205.070007 197.780014 184.469986
v 205.619995 196.140015 186.799988
v 204.309998 198.720016 187.109985
v 204.899994 200.100021 182.739990
v 205.339996 197.470016 181.599991
v 207.440002 198.760010 183.129990
v 209.690002 199.880020 181.669983
v 209.929993 197.280014 182.929977
v 209.789993 199.670013 184.559982
v 209.809998 202.720016 181.109985
v 209.160004 200.850021 178.989990
v 211.850006 200.940018 180.069992
v 214.250000 199.430008 179.459991
v 214.429993 201.880020 180.999985
v 213.789993 202.000015 178.179977
v 214.009995 204.850021 177.699982
v 212.699997 203.150009 175.749985
v 215.570007 202.980011 176.119980
v 216.800003 201.320023 174.089981
v 218.429993 202.530014 176.159988
v 217.259995 204.180008 174.089981
v 218.919998 205.390015 172.039978
v 218.229996 206.890015 174.419983
v 216.199997 206.310013 172.429977
v 218.529999 207.290009 169.889984
v 218.740005 204.460022 169.299988
v 221.070007 205.930008 170.179977
v 223.800003 205.180008 169.529984
v 223.080002 207.980011 169.739990
v 222.110001 206.400009 167.509979
v 223.850006 202.390015 168.729980
v 223.779999 203.090012 171.539978
v 226.169998 203.580017 169.989990
v 222.179993 202.540009 166.359985
v 222.270004 200.100021 167.919983
v 224.559998 200.900009 166.349991
v 225.869995 199.740021 164.039978
v 226.630005 198.900009 166.709991
v 227.330002 201.550018 165.769989
v 226.229996 200.980011 161.439987
v 223.750000 199.600021 162.059982
v 226.199997 198.090012 161.669983
v 226.649994 195.250015 162.039978
v 228.899994 197.070023 161.849991
v 227.300003 196.510010 159.499985
v 225.940002 192.930008 163.619980
v 227.610001 195.020020 164.759979
v 228.669998 193.280014 162.699982
v 225.100006 191.160019 165.759979
v 225.160004 190.210022 163.019989
v 223.160004 192.140015 163.829987
v 225.199997 189.130020 167.819992
v 223.229996 191.250015 167.979980
v 226.039993 191.840012 168.419983
v 227.619995 187.930008 168.889984
v 226.410004 186.850021 166.489990
v 225.100006 186.510010 169.049988
v 224.080002 183.890015 168.329987
v 222.330002 185.830017 169.589981
v 224.449997 184.580017 171.119980
v 223.580002 182.810013 173.249985
v 224.440002 185.510010 173.869980
v 226.380005 183.530014 173.019989
v 223.100006 180.000015 173.779984
v 220.860001 181.830017 173.529984
v 222.600006 181.970016 175.849991
v 222.789993 177.130020 174.049988
v 225.440002 178.320023 174.109985
v 223.929993 178.250015 171.629990
v 221.830002 174.830017 172.579987
v 220.190002 176.010010 174.659988
v 222.600006 174.550018 175.359985
v 222.330002 175.010010 178.209991
v 224.929993 174.450012 177.079987
v 222.929993 172.350021 177.219986
v 221.919998 169.980011 178.539978
v 224.699997 170.750015 178.859985
v 223.759995 169.730011 176.319992
v 220.289993 167.610016 178.899979
v 219.860001 169.330017 176.609985
v 219.130005 170.240021 179.259979
v 218.970001 173.040009 178.509979
v 219.610001 172.300018 181.239990
v 216.929993 171.880020 180.219986
v 217.429993 175.090012 177.149979
v 219.759995 173.930008 175.869980
v 220.089996 175.690018 178.149979
v 221.300003 178.320023 178.269989
v 222.960007 175.950012 178.389984
v 221.259995 176.630020 180.629990
v 219.860001 180.820023 178.559982
v 221.259995 180.220016 176.079987
v 222.759995 180.820023 178.489990
v 225.509995 181.240021 177.669983
v 224.889999 180.770020 180.459991
v 224.130005 183.270020 179.209991
v 222.979996 184.970016 181.269989
v 223.179993 185.930008 178.539978
v 225.580002 185.600021 180.139984
v 228.309998 185.230011 181.029984
v 226.970001 187.760010 181.489990
v 227.740005 187.000015 178.799988
v 226.990005 188.950012 176.789978
v 229.320007 187.280014 176.389984
v 229.369995 189.370010 178.399979
v 225.149994 190.880020 175.649979
v 224.649994 189.790009 178.289978
v 224.350006 188.110016 175.939987
v 227.020004 191.850021 173.649979
v 227.250000 189.140015 174.649979
v 227.910004 191.380020 176.369980
v 229.460007 190.290009 173.609985
v 229.529999 193.110016 172.939987
v 228.289993 191.230011 171.119980
v 227.270004 193.140015 169.189987
v 226.320007 190.400009 169.159988
v 229.029999 191.000015 168.329987
v 230.050003 191.540009 165.669983
v 229.779999 188.800018 166.589981
v 231.830002 190.520020 167.719986
v 230.210007 192.150009 162.839981
v 232.039993 193.420013 164.699982
v 229.229996 194.150009 164.699982
v 229.940002 192.850021 160.039978
v 228.360001 190.690018 161.159988
v 231.210007 190.360016 160.799988
v 229.029999 193.960022 157.519989
v 231.779999 193.070023 157.809982
v 230.869995 195.460022 159.179977
v 226.309998 194.910019 157.789978
v 226.889999 192.640015 156.079987
v 227.740005 195.300018 155.299988
v 226.910004 197.620010 153.769989
v 225.949997 194.980011 153.039978
v 228.729996 195.690018 152.599991
v 228.779999 199.830017 153.909988
v 226.630005 199.620010 155.849991
v 226.029999 200.300018 153.099991
v 225.740005 201.680008 150.569992
v 226.490005 203.160019 152.949982
v 223.800003 202.100021 152.679977
v 220.910004 202.380020 152.689987
v 222.600006 204.740021 152.499985
v 222.460007 203.250015 154.989990
v 218.809998 201.100021 154.219986
v 219.600006 200.010010 151.649979
v 218.160004 202.530014 151.779984
v 216.500000 204.850021 151.299988
v 215.649994 202.240021 150.359985
v 217.889999 203.580017 149.089981
v 219.610001 201.360016 148.359985
v 220.619995 204.070023 148.249985
v 218.649994 203.180008 146.319992
v 217.470001 199.450012 147.929977
v 219.139999 199.240021 150.289978
v 220.229996 198.610016 147.679977
v 216.440002 200.650009 145.489990
v 214.619995 199.860016 147.609985
v 215.970001 197.840012 146.039978
v 218.800003 200.540009 143.799988
v 217.750000 203.100021 144.679977
v 216.279999 201.520020 142.739990
v 219.199997 197.670013 143.779984
v 221.440002 199.450012 144.279984
v 220.270004 199.300018 141.629990
v 216.610001 196.790009 142.809982
v 217.500000 196.040009 145.469986
v 218.770004 194.880020 143.139984
v 216.850006 197.980011 140.179977
v 214.539993 198.570023 141.839981
v 214.850006 195.930008 140.669983
v 219.270004 199.390015 139.419983
v 217.649994 198.100021 137.399979
v 219.169998 196.500015 139.279984
v 220.600006 194.470016 140.769989
v 220.449997 194.300018 137.879990
v 218.080002 193.810013 139.479980
v 215.649994 193.900009 137.909988
v 215.570007 192.980011 140.659988
v 216.830002 191.350021 138.619980
v 214.419998 196.090012 136.459991
v 214.039993 193.360016 135.559982
v 216.630005 194.640015 135.279984
v 218.110001 192.950012 133.449982
v 219.520004 194.450012 135.499985
v 218.309998 195.840012 133.249985
vn 0.8312 -0.1042 0.5461
vn 0.2119 0.5045 -0.8370
vn -0.6853 0.5010 0.5285
vn -0.3597 -0.9026 -0.2364
vn -0.8176 0.1408 -0.5583
vn 0.4104 0.8848 0.2208
vn 0.6551 -0.5577 -0.5098
vn -0.2472 -0.4696 0.8476
vn -0.1326 0.2822 0.9501
vn 0.9729 0.0383 -0.2281
vn -0.5073 0.6138 -0.6049
vn -0.3334 -0.9357 -0.1157
vn 0.4186 -0.7799 -0.4654
vn 0.1927 0.8385 -0.5097
vn 0.3788 0.0785 0.9221
vn -0.9893 -0.1364 0.0519
vn 0.4353 -0.4488 -0.7804
vn -0.8526 0.4303 -0.2965
vn 0.6175 0.6955 0.3674
vn -0.1991 -0.6772 0.7084
vn -0.7409 -0.5583 0.3733
vn -0.2308 0.9680 0.0987
vn 0.1256 -0.2172 -0.9680
vn 0.8456 -0.1940 0.4974
vn 0.4906 0.4815 0.7263
vn 0.1125 0.4952 -0.8615
vn -0.9710 -0.0512 0.2336
vn 0.3677 -0.9247 -0.0985
vn 0.0997 0.9755 0.1961
vn 0.9036 -0.4205 -0.0812
vn -0.5019 -0.1186 -0.8568
vn -0.5032 -0.4372 0.7454
vn 0.0865 -0.1160 0.9895
vn 0.0758 -0.8905 -0.4486
vn 0.7266 0.6034 -0.3286
vn -0.8910 0.4032 -0.2088
vn 0.6145 0.1178 -0.7801
vn 0.3820 -0.6788 0.6272
vn -0.8925 -0.3141 -0.3235
vn -0.1040 0.8735 0.4756
vn -0.0593 0.3224 0.9448
vn -0.4285 -0.9007 -0.0717
vn 0.9598 -0.0656 -0.2729
vn -0.4711 0.6436 -0.6032
vn -0.2189 -0.1352 -0.9663
vn 0.4703 -0.8091 0.3523
vn -0.8445 0.1460 0.5152
vn 0.5945 0.7979 0.0992
vn -0.5686 -0.5847 0.5786
vn 0.3009 -0.5137 -0.8035
vn 0.8002 0.3026 0.5178
vn -0.5295 0.7958 -0.2939
vn 0.1682 0.5521 -0.8166
vn 0.8173 -0.5338 0.2170
vn -0.7665 -0.6199 -0.1678
vn -0.2178 0.6042 0.7665
vn 0.3902 -0.0301 0.9202
vn -0.0683 -0.9299 -0.3615
vn 0.5894 0.5447 -0.5966
vn -0.9109 0.4110 0.0373
vn -0.4222 0.0393 -0.9057
vn 0.8575 -0.5114 -0.0566
vn -0.6192 -0.4588 0.6372
vn 0.1837 0.9278 0.3248
vn -0.2270 -0.1403 -0.9637
vn 0.9540 0.2886 0.0811
vn -0.1310 -0.8541 0.5034
vn -0.5965 0.7073 0.3795
vn 0.1948 0.3825 0.9032
vn 0.7113 -0.6588 -0.2449
vn -0.0171 0.7334 -0.6796
vn -0.8883 -0.4587 0.0221
vn -0.2888 -0.9209 -0.2619
vn 0.6379 0.3556 -0.6831
vn 0.4491 -0.0356 0.8928
vn -0.7980 0.6003 0.0541
vn 0.3154 -0.9335 -0.1705
vn -0.1416 0.4707 -0.8709
vn 0.6877 0.4903 0.5354
vn -0.8615 -0.0278 0.5070
vn -0.9446 -0.1437 -0.2950
vn 0.2667 0.9443 -0.1927
vn 0.6016 -0.6264 -0.4957
vn 0.0759 -0.1706 0.9824
vn -0.1761 -0.4204 -0.8901
vn -0.0955 0.9925 -0.0759
vn 0.9291 -0.2225 0.2955
vn -0.6569 -0.3493 0.6682
vn 0.7554 -0.1299 0.6422
vn 0.3498 -0.0129 -0.9367
vn -0.4405 0.8803 0.1762
vn -0.6651 -0.7373 0.1184
vn -0.3545 -0.8150 -0.4584
vn 0.0748 0.7506 -0.6566
vn 0.9036 -0.2001 0.3788
vn -0.6239 0.2641 0.7356
vn -0.9123 -0.1015 -0.3967
vn 0.1660 0.9640 0.2078
vn 0.6841 -0.3230 -0.6540
vn 0.0625 -0.5370 0.8413
vn 0.0114 0.5663 -0.8241
vn -0.8841 0.0970 0.4572
vn 0.7297 0.2943 0.6173
vn 0.1419 -0.9569 -0.2535
vn -0.2034 0.7615 0.6154
vn -0.5219 0.1024 -0.8468
vn -0.2523 -0.8598 0.4439
vn 0.9771 -0.0050 -0.2128
vn -0.9740 -0.1367 -0.1807
vn 0.1985 0.9795 0.0335
vn 0.5377 -0.4252 -0.7281
vn 0.2378 -0.4181 0.8768
vn -0.5764 0.5514 -0.6030
vn -0.3349 0.0669 0.9399
vn 0.9411 0.3356 -0.0425
vn -0.0293 -0.9547 -0.2961
vn -0.3299 0.9220 0.2029
vn -0.7804 -0.6092 -0.1411
vn 0.5496 -0.3334 0.7660
vn 0.5605 0.0208 -0.8279
vn -0.8054 0.2191 0.5507
vn -0.1021 0.3992 -0.9112
vn 0.0911 -0.9928 -0.0784
vn 0.8165 0.3753 0.4387
vn -0.8456 -0.0964 -0.5251
vn 0.0085 0.8886 0.4587
vn 0.7828 -0.0642 -0.6189
vn 0.0552 -0.7257 0.6858
vn -0.2419 0.7160 -0.6548
vn -0.7499 -0.1236 0.6499
vn 0.8283 0.2667 0.4927
vn 0.1626 -0.8577 -0.4878
vn -0.4038 0.9148 0.0074
vn -0.6190 -0.6341 -0.4635
vn 0.1487 -0.3045 0.9408
vn 0.8749 0.0251 -0.4837
vn -0.3634 -0.7479 0.5555
vn -0.7560 0.5149 -0.4042
vn 0.5753 -0.3746 -0.7271
vn 0.5438 0.6072 0.5793
vn -0.3689 0.6463 0.6680
vn 0.0426 0.4374 -0.8983
vn -0.5911 -0.8052 -0.0481
vn 0.9196 -0.2771 0.2784
vn 0.9588 0.0927 -0.2686
vn -0.5357 -0.3225 -0.7804
vn -0.3511 0.8865 0.3014
vn -0.0736 -0.6580 0.7494
vn 0.3852 0.5446 -0.7451
vn 0.3089 -0.9475 -0.0826
vn -0.9984 0.0272 -0.0492
vn 0.3021 0.3766 0.8757
vn -0.0203 -0.5736 -0.8189
vn 0.9205 0.3713 0.1218
vn -0.2461 -0.5473 0.7999
vn -0.6540 0.7493 -0.1042
vn 0.7763 -0.5968 -0.2031
vn -0.1591 0.6166 -0.7710
vn 0.1989 0.5354 0.8209
vn -0.8155 -0.5578 0.1545
vn 0.7536 0.4564 -0.4731
vn -0.2880 -0.8017 -0.5238
vn -0.7683 0.6337 0.0902
vn 0.3016 -0.2869 0.9092
vn 0.0335 0.0808 -0.9962
vn 0.7911 -0.5231 0.3171
vn -0.8412 -0.4705 0.2666
vn 0.0157 0.9127 0.4084
vn 0.2447 -0.8140 -0.5268
vn 0.5834 0.7643 -0.2747
vn 0.1271 -0.1839 0.9747
vn -0.9570 0.2329 -0.1730
vn 0.9228 -0.2971 -0.2452
vn -0.5353 0.1477 -0.8316
vn 0.0523 0.8536 0.5183
vn -0.4388 -0.7049 0.5573
vn 0.4715 0.4690 -0.7469
vn 0.0105 -0.9856 -0.1688
vn -0.9460 0.3200 0.0515
vn 0.4669 0.1952 0.8625
vn -0.0376 -0.2383 -0.9705
vn 0.9426 -0.0704 0.3264
vn -0.5789 -0.6300 0.5176
vn -0.3301 0.9355 0.1263
vn 0.5448 -0.7934 -0.2716
vn 0.1428 0.7410 -0.6561
vn 0.2813 0.3011 0.9111
vn -0.9678 -0.2511 0.0166
vn 0.9222 0.0319 -0.3853
vn -0.6086 -0.4800 -0.6319
vn -0.3348 0.9313 0.1434
vn 0.0214 -0.4864 0.8735
vn 0.1239 0.2275 -0.9659
vn 0.4791 -0.8535 0.2049
vn -0.9749 -0.1097 0.1940
vn 0.3719 0.7355 0.5663
vn -0.0295 -0.6195 -0.7845
vn 0.8869 0.4610 0.0281
vn -0.1297 -0.5221 0.8430
vn -0.7271 0.6813 -0.0854
vn 0.7967 -0.5692 -0.2033
vn -0.2865 0.4785 -0.8300
vn 0.2400 0.6658 0.7065
vn -0.7496 -0.5760 0.3262
vn 0.7496 0.2944 -0.5928
vn -0.3956 -0.8477 -0.3535
vn -0.7012 0.7126 0.0215
vn 0.3469 -0.1581 0.9245
vn -0.0187 0.0148 -0.9997
vn 0.7442 -0.5901 0.3128
vn -0.8706 -0.3539 0.3419
vn 0.1430 0.9282 0.3434
vn 0.0334 -0.9044 -0.4255
vn 0.6901 0.5892 -0.4203
vn 0.1825 -0.0840 0.9796
vn -0.9067 0.3993 -0.1358
vn 0.7479 -0.5285 -0.4016
vn -0.6703 0.2208 -0.7085
vn 0.3612 0.8463 0.3915
vn -0.4417 -0.5408 0.7159
vn 0.3107 0.4256 -0.8499
vn -0.0506 -0.9911 -0.1234
vn -0.9036 0.3563 0.2379
vn 0.6442 0.2110 0.7352
vn -0.2246 -0.3433 -0.9120
vn 0.9932 0.0281 0.1126
vn -0.3963 -0.6057 0.6900
vn -0.3728 0.9216 0.1082
vn 0.5327 -0.7862 -0.3134
vn 0.0492 0.7285 -0.6833
vn 0.3706 0.3314 0.8677
vn -0.9534 -0.2737 0.1270
vn 0.8815 -0.0185 -0.4718
vn -0.7006 -0.4027 -0.5890
vn -0.2448 0.9461 0.2122
vn 0.0638 -0.5256 0.8483
vn 0.0178 0.2548 -0.9668
vn 0.4336 -0.8931 0.1195
vn -0.9480 -0.0460 0.3151
vn 0.4946 0.6868 0.5327
vn -0.1549 -0.6831 -0.7137
vn 0.8880 0.4373 -0.1419
vn -0.0105 -0.4448 0.8956
vn -0.7221 0.6907 -0.0383
vn 0.7358 -0.6090 -0.2964
vn -0.3736 0.4819 -0.7926
vn 0.3617 0.6641 0.6543
vn -0.7233 -0.5381 0.4328
vn 0.6870 0.2584 -0.6792
vn -0.4349 -0.8590 -0.2702
vn -0.6942 0.7170 0.0626
vn 0.4415 -0.1181 0.8895
vn -0.1556 -0.1160 -0.9810
vn 0.8332 -0.4849 0.2658
vn -0.7787 -0.3713 0.5057
vn 0.0998 0.9723 0.2114
vn 0.0977 -0.8621 -0.4973
vn 0.5565 0.7043 -0.4408
vn 0.3037 -0.1236 0.9447
vn -0.9591 0.2831 -0.0063
vn 0.9362 -0.2548 -0.2422
vn -0.6014 -0.1421 -0.7862
vn -0.0241 0.9636 0.2663
vn -0.3133 -0.5674 0.7615
vn -0.4389 0.2333 0.8677
vn -0.2601 0.6718 -0.6936
vn -0.2961 -0.9103 -0.2895
vn 0.9933 0.0049 0.1157
vn 0.1709 0.4451 -0.8790
vn -0.9831 -0.1452 0.1115
vn 0.3386 0.5789 0.7417
vn 0.4716 -0.8815 0.0261
vn -0.5254 0.8313 -0.1815
vn -0.0221 -0.5906 -0.8066
vn -0.3988 -0.4840 0.7790
vn 0.9473 0.2423 0.2095
vn -0.9212 0.0493 -0.3859
vn 0.6449 0.4422 -0.6233
vn 0.2592 -0.9575 0.1262
vn 0.0152 0.4693 0.8829
vn -0.2416 -0.4872 -0.8392
vn -0.1565 0.9797 -0.1254
vn 0.9649 -0.1575 0.2101
vn -0.5655 -0.3330 0.7545
vn 0.4498 0.4277 0.7841
vn 0.5469 0.1517 -0.8234
vn -0.9077 0.4011 -0.1231
vn -0.0889 -0.9825 0.1636
vn -0.5103 -0.0086 -0.8600
vn 0.5334 0.8434 0.0647
vn 0.6168 -0.7865 0.0322
vn -0.6417 -0.0492 0.7653
vn 0.2469 0.1295 -0.9604
vn 0.3976 0.7356 0.5485
vn 0.3501 -0.8805 0.3196
vn -0.9955 0.0179 0.0931
vn 0.6338 0.7734 -0.0087
vn 0.0349 -0.4500 0.8924
vn 0.2605 -0.6522 -0.7119
vn -0.9292 0.3273 -0.1718
vn 0.9973 0.0068 0.0725
vn -0.3879 0.6042 0.6961
vn -0.3409 -0.9294 0.1417
vn -0.2685 0.3176 -0.9094
vn -0.7291 0.5413 -0.4189
vn -0.3096 -0.3502 0.8840
vn 0.8066 0.5767 0.1295
vn 0.2306 -0.7696 -0.5954
vn -0.2094 -0.9620 -0.1753
vn 0.4382 0.0886 0.8945
vn -0.8461 0.5329 -0.0079
vn 0.6146 0.3388 -0.7124
vn 0.9052 0.4027 0.1356
vn -0.6839 0.5469 0.4829
vn -0.0050 -0.9351 0.3545
vn -0.2158 -0.0131 -0.9763
vn 0.6189 0.7281 0.2946
vn -0.6312 0.3578 -0.6882
vn -0.5187 -0.3377 0.7854
vn 0.5325 -0.7499 -0.3927
vn 0.4383 -0.3472 -0.8291
vn -0.9917 -0.0977 -0.0835
vn 0.2318 0.9647 0.1245
vn 0.3206 -0.5215 0.7907
vn 0.2121 -0.4906 -0.8452
vn -0.6512 -0.5340 0.5392
vn -0.3979 0.8897 -0.2238
vn 0.8383 0.1335 0.5286
vn -0.7727 0.5677 0.2840
vn -0.3385 -0.7852 -0.5186
vn 0.4953 -0.3219 0.8069
vn 0.6179 0.5392 -0.5722
vn 0.6305 -0.7316 -0.2592
vn -0.6728 -0.3559 0.6486
vn -0.4710 0.3411 -0.8135
vn 0.5110 0.7453 0.4282
vn 0.0259 -0.9041 -0.4265
vn 0.0997 -0.0944 0.9905
vn -0.8756 0.4372 -0.2055
vn 0.7453 0.5609 -0.3604
vn 0.8840 0.2403 0.4010
vn -0.7231 0.5268 0.4467
vn -0.1712 -0.9769 0.1283
vn 0.0099 0.2087 -0.9779
vn -0.0553 0.0544 0.9970
vn 0.5290 0.7754 -0.3448
vn -0.9214 0.0245 -0.3878
vn 0.4492 -0.8542 -0.2620
vn -0.0545 0.9836 0.1717
vn 0.7311 -0.3988 0.5536
vn 0.1936 -0.1589 -0.9681
vn -0.8712 -0.4270 0.2424
vn 0.7765 0.6201 0.1124
vn -0.5874 0.0546 0.8074
vn 0.3360 -0.9358 -0.1066
vn -0.5238 0.2588 -0.8115
vn 0.4515 0.0382 0.8914
vn -0.2588 0.9221 -0.2876
vn -0.8208 -0.5672 0.0676
vn 0.6288 -0.3941 -0.6703
vn -0.2952 0.5979 0.7452
vn 0.9701 0.1530 -0.1886
vn -0.5342 0.2007 -0.8212
vn -0.1432 -0.9543 0.2624
vn 0.3533 0.9355 0.0086
vn 0.1926 -0.4375 0.8784
vn 0.4419 -0.5145 -0.7348
vn -0.9881 0.0169 -0.1528
vn 0.8950 0.2390 0.3766
vn -0.7073 0.5592 0.4324
vn -0.1875 -0.9658 0.1791
vn -0.0013 0.1663 -0.9861
vn 0.1307 0.1915 0.9728
vn 0.3399 0.7720 -0.5370
vn -0.9736 -0.1334 -0.1855
vn 0.5036 -0.8268 -0.2504
vn -0.2072 0.9043 0.3731
vn 0.9307 -0.2620 0.2553
vn -0.0749 0.0281 -0.9968
vn -0.6470 -0.6686 0.3665
vn 0.6756 0.7372 -0.0076
vn -0.2508 -0.2111 0.9447
vn 0.3865 -0.8146 -0.4325
vn -0.8126 0.2888 -0.5063
vn 0.8215 0.2233 0.5246
vn -0.7146 0.6715 0.1960
vn -0.3184 -0.9129 0.2553
vn 0.2128 0.0183 -0.9769
vn -0.0070 0.3159 0.9488
vn 0.5626 0.6140 -0.5536
vn -0.9350 -0.0052 -0.3547
vn 0.3804 -0.9240 -0.0395
vn 0.6141 -0.6860 -0.3902
vn -0.4912 0.4639 -0.7372
vn 0.5332 0.6714 0.5147
vn -0.6542 -0.4461 0.6108
vn -0.0321 0.9979 -0.0556
vn 0.3939 -0.3700 -0.8414
vn -0.9266 -0.3571 0.1176
vn 0.5669 -0.2682 0.7789
vn -0.9498 0.3119 0.0251
vn 0.4445 0.3494 -0.8248
vn 0.0238 -0.9997 -0.0075
vn 0.4842 0.3366 0.8076
vn -0.0199 0.9987 0.0469
vn 0.5441 -0.2829 -0.7899
vn -0.9330 -0.3473 -0.0946
vn 0.4078 -0.3674 0.8359
vn 0.2115 -0.8141 0.5409
vn -0.4172 -0.2733 -0.8668
vn 0.8436 0.5059 -0.1803
vn -0.6384 0.5799 0.5061
vn 0.0237 0.1850 -0.9824
vn 0.3555 -0.9178 0.1765
vn -0.9424 0.0607 0.3289
vn 0.5611 0.6744 0.4800
vn 0.2376 -0.5572 -0.7957
vn 0.8289 0.2148 0.5165
vn -0.6354 -0.5056 0.5836
vn -0.4320 0.8489 -0.3045
vn -0.1658 0.3836 0.9085
vn 0.6863 -0.7244 0.0653
vn 0.3330 0.7203 -0.6085
vn -0.8507 -0.3788 -0.3646
vn -0.3405 -0.9377 -0.0686
vn 0.8379 0.0897 -0.5384
vn 0.1926 0.2144 0.9576
vn -0.6919 0.6314 -0.3501
vn 0.1910 0.9416 -0.2772
vn 0.8479 -0.4385 0.2979
vn -0.3824 -0.5061 -0.7731
vn -0.6591 0.0041 0.7520
vn 0.2109 -0.2453 0.9462
vn 0.2028 -0.7746 -0.5990
vn 0.5532 0.7873 -0.2721
vn -0.9695 0.2330 -0.0764
vn 0.9581 0.0660 -0.2788
vn -0.1233 -0.8033 0.5827
vn -0.5768 -0.0872 -0.8122
vn -0.2582 0.8215 0.5083
vn 0.4671 -0.7809 -0.4147
vn 0.4593 0.2488 0.8527
vn -0.9497 -0.2450 0.1950
vn 0.0221 0.7757 -0.6308
vn -0.1314 0.9097 0.3939
vn -0.3591 -0.6887 0.6298
vn 0.9753 -0.1629 -0.1492
vn -0.4847 -0.0591 -0.8727
vn 0.3390 0.0512 0.9394
vn -0.9202 0.3890 -0.0448
vn -0.0288 -0.9562 -0.2912
vn 0.6107 0.5146 -0.6018
vn -0.7497 -0.1616 0.6417
vn 0.4920 0.8297 0.2636
vn -0.3683 0.1111 -0.9230
vn 0.6263 -0.7794 0.0186
vn -0.5265 0.7933 0.3058
vn 0.2835 -0.5384 0.7936
vn 0.8081 0.3108 -0.5003
vn -0.5669 -0.5645 -0.6000
vn 0.2805 0.4880 0.8265
vn -0.9642 -0.2549 0.0736
vn 0.5563 -0.8241 -0.1065
vn 0.1266 0.5909 -0.7968
vn -0.2981 -0.2783 0.9131
vn -0.2302 0.9623 -0.1451
vn -0.4612 -0.5618 -0.6868
vn 0.9888 -0.1244 -0.0825
vn -0.8964 0.3148 0.3119
vn 0.6910 0.2247 0.6870
vn 0.2262 0.4492 -0.8643
vn -0.0213 -0.9907 -0.1341
vn -0.1421 0.8722 0.4680
vn -0.3236 -0.7446 0.5838
vn 0.9745 -0.1220 -0.1885
vn -0.5096 -0.0061 -0.8604
vn 0.1996 0.0573 0.9782
vn -0.9447 0.2828 -0.1662
vn 0.1233 -0.9430 -0.3091
vn 0.6211 0.6013 -0.5027
vn -0.5880 -0.2701 0.7625
vn 0.2310 0.9695 0.0823
vn -0.4831 -0.1555 -0.8617
vn 0.8392 -0.5435 0.0176
vn -0.7625 0.5840 0.2784
vn 0.5454 -0.2430 0.8022
vn 0.5723 0.4912 -0.6566
vn -0.3539 -0.8331 -0.4250
vn 0.0783 0.7452 0.6623
vn -0.7009 -0.6452 0.3041
vn 0.8786 -0.4717 -0.0750
vn -0.2578 0.3715 -0.8919
vn -0.0561 -0.1335 0.9895
vn -0.7008 0.6536 -0.2857
vn -0.1478 -0.8735 -0.4639
vn 0.9040 0.3543 -0.2395
vn 0.0005 0.2482 -0.9687
vn -0.4706 0.7086 0.5258
vn 0.9429 -0.0858 0.3219
vn -0.4743 -0.8720 0.1212
vn -0.5933 0.7415 0.3134
vn 0.1821 -0.6230 0.7607
vn 0.8620 0.3807 -0.3347
vn -0.4546 -0.4982 -0.7383
vn 0.1678 0.4614 0.8712
vn -0.9401 -0.3401 -0.0226
vn 0.6372 -0.7644 -0.0986
vn 0.1356 0.6450 -0.7520
vn -0.3237 -0.2720 0.9062
vn -0.3481 0.9114 -0.2193
vn -0.3255 -0.6544 -0.6825
vn 0.9998 0.0166 -0.0076
vn -0.9621 0.1660 0.2162
vn 0.5776 0.3656 0.7299
vn 0.2307 0.4501 -0.8627
vn 0.1553 -0.9842 -0.0856
vn -0.3550 0.8413 0.4078
vn -0.2469 -0.7789 0.5766
vn 0.9957 0.0582 -0.0723
vn -0.3929 -0.1209 -0.9116
vn 0.0743 0.1619 0.9840
vn -0.9505 0.1180 -0.2873
vn 0.2947 -0.9326 -0.2084
vn 0.5803 0.6524 -0.4875
vn -0.6773 -0.3276 0.6588
vn 0.1066 0.9894 0.0983
vn -0.3094 -0.2123 -0.9269
vn 0.8774 -0.4491 0.1688
vn -0.8507 0.4886 0.1937
vn 0.5308 -0.0908 0.8426
vn 0.5352 0.5084 -0.6746
vn -0.2150 -0.9079 -0.3598
vn -0.3530 -0.6786 -0.6442
vn 0.2930 -0.4591 0.8387
vn -0.7190 0.6608 0.2156
vn 0.7785 0.4758 -0.4094
vn -0.1365 -0.0752 0.9878
vn -0.7108 0.5864 -0.3885
vn -0.0516 -0.9094 -0.4126
vn 0.8977 0.3992 -0.1868
vn -0.8899 -0.1247 0.4388
vn 0.4530 0.8027 0.3878
vn -0.1278 0.1315 -0.9830
vn 0.5649 -0.8095 0.1603
vn -0.5605 0.8090 0.1772
vn 0.1109 -0.5199 0.8470
vn 0.8981 0.2833 -0.3363
vn -0.4470 -0.5721 -0.6876
vn -0.0401 0.6972 0.7157
vn -0.8817 -0.4679 -0.0610
vn 0.7131 -0.6660 0.2191
vn 0.2079 0.4354 -0.8759
vn -0.4888 -0.2501 0.8358
vn -0.2898 0.9100 -0.2965
vn -0.2070 -0.6650 -0.7176
vn 0.9842 0.0053 0.1769
vn -0.9614 0.0794 0.2634
vn 0.5663 0.4956 0.6585
vn 0.1263 0.3923 -0.9111
vn 0.2680 -0.9634 -0.0093
vn -0.3541 0.8888 0.2909
vn -0.3783 -0.7158 0.5869
vn 0.9973 -0.0004 0.0732
vn -0.2640 -0.1728 -0.9489
vn 0.7012 -0.6664 0.2533
vn -0.4245 0.3710 0.8259
vn -0.6947 -0.4491 -0.5619
vn 0.4201 0.7451 -0.5181
vn -0.1538 0.9877 0.0299
vn -0.8303 -0.4770 0.2882
vn 0.7514 -0.2404 0.6145
vn 0.2331 -0.2693 -0.9344
vn 0.1705 0.4930 0.8532
vn -0.8353 0.3487 -0.4250
vn -0.1066 -0.9758 0.1911
vn 0.7727 0.1337 -0.6206
vn -0.9289 -0.3696 0.0244
vn 0.0603 0.7915 0.6082
vn 0.2226 0.2811 -0.9335
vn 0.6443 -0.7028 0.3016
vn -0.7941 0.6016 0.0868
vn 0.0028 -0.6599 0.7514
vn 0.8372 0.5457 0.0355
vn -0.0422 -0.4863 -0.8728
vn 0.0090 0.4003 0.9163
vn -0.9266 -0.3055 -0.2192
vn 0.6254 -0.7798 -0.0275
vn 0.2918 0.6853 -0.6673
vn -0.5424 -0.5069 0.6699
vn -0.1923 0.9774 0.0876
vn -0.2387 -0.3069 -0.9213
vn 0.9727 -0.1635 0.1648
vn -0.9855 0.1422 0.0931
vn 0.4295 0.0472 0.9018
vn 0.3856 0.7109 -0.5882
vn 0.1716 -0.8980 -0.4051
vn 0.1156 0.9381 0.3265
vn -0.7505 -0.4365 0.4962
vn 0.8428 -0.5158 0.1539
vn -0.2067 0.0143 -0.9783
vn -0.1786 -0.8639 -0.4710
vn -0.1023 -0.1308 0.9861
vn -0.6490 0.6934 -0.3130
vn 0.9322 0.3008 -0.2013
vn 0.4257 0.6846 0.5917
vn -0.9699 -0.0816 0.2295
vn 0.4490 -0.8833 0.1349
vn 0.0950 0.2829 -0.9544
vn -0.6142 0.4380 -0.6564
vn -0.3813 -0.8824 0.2756
vn 0.1030 0.5875 0.8027
vn 0.8941 -0.1441 -0.4240
vn 0.5950 -0.7737 -0.2177
vn -0.3019 -0.0659 0.9511
vn -0.7967 -0.0127 -0.6042
vn 0.5059 0.8527 -0.1304
vn -0.0290 -0.9971 0.0703
vn 0.6511 0.3616 0.6673
vn -0.9090 0.3732 0.1857
vn 0.2880 0.2597 -0.9217
vn 0.4213 0.8550 -0.3026
vn -0.4332 0.1404 0.8903
vn 0.7018 -0.7084 0.0755
vn -0.6903 -0.2876 -0.6639
vn -0.7600 -0.6116 0.2200
vn 0.6295 0.0447 0.7757
vn -0.3523 0.9150 -0.1966
vn 0.4869 -0.3493 -0.8006
vn 0.9666 0.2031 -0.1561
vn -0.3797 0.6676 0.6404
vn -0.0913 -0.9183 0.3852
vn -0.4937 0.0475 -0.8683
vn -0.8606 -0.3691 0.3510
vn 0.6199 0.1789 0.7640
vn -0.1785 0.8515 -0.4931
vn 0.4211 -0.6612 -0.6209
vn 0.5822 -0.7302 0.3576
vn 0.4775 0.8759 0.0699
vn -0.8454 0.0420 0.5325
vn -0.2165 -0.1858 -0.9584
vn -0.6474 0.7554 -0.1012
vn 0.5272 0.1188 0.8414
vn 0.6233 -0.0138 -0.7819
vn -0.5047 -0.8623 0.0421
vn -0.4150 0.8969 -0.1529
vn 0.0889 -0.1608 0.9830
vn 0.9039 -0.0261 -0.4270
vn -0.5794 -0.7091 -0.4018
vn -0.1518 0.6952 0.7026
vn -0.2884 -0.8928 0.3460
vn 0.9724 -0.0338 -0.2309
vn -0.5327 0.2319 -0.8139
vn 0.0701 -0.6720 0.7372
vn -0.5550 -0.3767 -0.7416
vn 0.9140 0.2159 -0.3436
vn -0.4262 0.8344 0.3494
vn -0.8008 0.5323 -0.2745
vn 0.5164 -0.2702 -0.8126
vn -0.2982 -0.8165 0.4944
vn 0.5812 0.5567 0.5935
vn 0.7538 -0.6153 0.2307
vn -0.4893 -0.3552 -0.7965
vn 0.3624 0.9084 -0.2085
vn -0.6282 0.0635 0.7754
vn -0.9774 -0.2006 0.0668
vn 0.1764 0.5184 -0.8368
vn 0.5170 -0.8557 -0.0221
vn 0.2844 0.5405 0.7918
vn 0.9247 0.3782 -0.0424
vn -0.2485 -0.3688 -0.8957
vn -0.6461 0.7196 0.2545
vn -0.0324 -0.7298 0.6829
vn -0.9880 -0.1328 0.0786
vn 0.1862 0.7867 -0.5886
vn 0.4132 -0.8186 -0.3990
vn 0.3851 0.1638 0.9082
vn 0.4746 0.7876 0.3929
vn 0.3530 -0.1800 -0.9181
vn -0.9794 0.1955 -0.0510
vn 0.1502 -0.8037 0.5757
vn -0.0165 -0.9450 -0.3265
vn -0.3054 0.6114 -0.7301
vn 0.9321 0.2416 0.2698
vn -0.6079 0.0906 0.7888
vn -0.4588 -0.7987 -0.3894
vn -0.0989 0.7767 -0.6220
vn 0.9706 -0.2030 0.1291
vn -0.4131 0.2237 0.8828
vn 0.2253 -0.9082 -0.3526
vn -0.4666 0.5266 -0.7106
vn 0.8393 0.4724 0.2690
vn -0.6001 -0.0899 0.7949
vn -0.5201 0.8067 0.2806
vn 0.6449 0.2485 -0.7227
vn -0.6299 -0.6967 -0.3434
vn 0.5024 -0.3601 0.7861
vn -0.8954 0.0137 -0.4450
vn 0.4762 0.8598 -0.1842
vn 0.5371 -0.7638 -0.3579
vn -0.1180 -0.1107 0.9868
vn 0.2926 0.4591 0.8388
vn 0.7648 -0.0453 -0.6426
vn -0.7505 0.5128 -0.4168
vn -0.3070 -0.9260 0.2197
vn -0.0808 0.9755 -0.2044
vn 0.8767 -0.1727 0.4491
vn -0.0495 -0.5276 -0.8480
vn -0.7472 -0.2760 0.6046
vn -0.5162 0.0547 0.8547
vn 0.6473 -0.7607 0.0480
vn 0.4980 0.8552 -0.1437
vn -0.6317 -0.1479 -0.7610
vn 0.3098 -0.4937 -0.8126
vn 0.7848 0.2070 0.5841
vn -0.6526 -0.5644 0.5055
vn -0.4424 0.8521 -0.2796
vn -0.0269 0.9033 0.4282
vn 0.2683 -0.6841 0.6783
vn 0.6624 0.0076 -0.7491
vn -0.9050 -0.2270 -0.3599
vn 0.0772 0.8389 0.5388
vn -0.4149 -0.7193 0.5571
vn 0.9100 -0.2911 -0.2954
vn -0.5733 0.1691 -0.8017
vn -0.1528 -0.6648 -0.7313
vn 0.1576 -0.4838 0.8609
vn -0.8037 0.5883 0.0897
vn 0.7984 0.5610 -0.2186
vn 0.1943 0.6198 0.7604
vn -0.7456 -0.6156 0.2553
vn 0.8182 -0.5350 -0.2105
vn -0.2693 0.5326 -0.8024
vn -0.6389 -0.2672 -0.7214
vn 0.3053 -0.8150 0.4925
vn -0.4558 0.6204 0.6382
vn 0.7867 0.4614 -0.4102
vn 0.5096 0.2494 0.8235
vn -0.8728 -0.4145 0.2577
vn 0.5357 -0.6540 -0.5342
vn -0.1738 0.8182 -0.5480
vn -0.6744 -0.0938 -0.7324
vn 0.1667 -0.8953 0.4131
vn -0.3495 0.6268 0.6964
vn 0.8541 0.3593 -0.3761
vn 0.6701 0.0709 0.7389
vn -0.8188 -0.4656 0.3359
vn 0.3916 -0.5218 -0.7578
vn -0.2442 0.9162 -0.3178
vn -0.8833 0.2456 -0.3994
vn 0.1310 -0.9897 -0.0585
vn 0.0184 0.2823 0.9591
vn 0.7320 0.4623 -0.5004
vn 0.9249 -0.3009 0.2322
vn -0.6640 -0.5477 0.5091
vn -0.1483 -0.1174 -0.9819
vn -0.1093 0.9646 0.2400
vn -0.6852 -0.0387 -0.7273
vn 0.3841 -0.9115 0.1471
vn -0.4284 0.3219 0.8443
vn 0.7314 0.6295 -0.2624
vn 0.8093 -0.2788 -0.5170
vn 0.0407 -0.3920 0.9191
vn -0.8207 -0.3278 -0.4679
vn -0.0289 0.9974 0.0666
vn -0.9210 -0.1452 0.3615
vn 0.5651 -0.8000 0.2016
vn 0.4052 0.8085 0.4268
vn -0.0480 0.1370 -0.9894
vn 0.4321 -0.5909 -0.6813
vn 0.6527 0.1917 0.7330
vn -0.8034 -0.4601 0.3781
vn -0.2809 0.8581 -0.4299
vn 0.2476 0.9534 0.1727
vn -0.0528 -0.4923 0.8688
vn 0.6930 -0.4245 -0.5827
vn -0.8870 -0.0341 -0.4606
vn -0.8792 -0.3138 0.3585
vn 0.7005 -0.6907 0.1792
vn 0.2547 0.8582 0.4458
vn -0.0739 0.1473 -0.9863
vn -0.2408 0.0859 0.9668
vn -0.0912 -0.9548 -0.2829
vn 0.9450 0.2971 -0.1369
vn -0.6134 0.5699 -0.5468
vn 0.4258 0.7861 -0.4480
vn 0.0949 -0.8088 -0.5804
vn -0.9704 0.1902 0.1486
vn 0.4478 -0.1648 0.8788
vn -0.1628 -0.9470 -0.2769
vn -0.6217 0.6053 -0.4971
vn 0.9459 0.2480 -0.2091
vn -0.1631 0.0909 0.9824
vn -0.1214 0.8804 0.4585
vn 0.2262 0.1572 -0.9613
vn -0.8455 -0.5303 0.0632
vn 0.7427 -0.5051 0.4396
vn 0.3091 -0.8225 -0.4774
vn -0.8214 0.3542 -0.4471
vn 0.7201 0.6933 -0.0286
vn -0.2083 -0.2231 0.9523
vn -0.8535 0.0017 0.5211
vn 0.0814 0.8535 -0.5146
vn -0.0008 -0.7710 -0.6369
vn 0.7740 -0.0853 0.6275
vn -0.8968 0.3263 0.2987
vn 0.7043 0.6369 0.3136
vn 0.0211 -0.0549 -0.9983
vn 0.1709 -0.9068 0.3853
vn 0.9133 -0.3534 -0.2022
vn -0.0042 0.9947 -0.1023
vn -0.2477 -0.2425 0.9380
vn -0.6630 -0.3990 -0.6334
vn -0.8833 0.3871 -0.2645
vn 0.3863 0.5336 0.7523
vn 0.6250 0.0241 -0.7803
vn -0.1306 -0.9471 0.2932
vn 0.9293 -0.2933 0.2245
vn 0.0204 0.9395 -0.3419
vn -0.5723 -0.0430 0.8189
vn -0.3774 -0.6020 -0.7037
vn -0.4774 0.1522 -0.8654
vn -0.2871 0.6905 0.6639
vn 0.9867 0.0673 -0.1476
vn -0.2201 -0.9105 0.3501
vn 0.2404 -0.2688 0.9327
vn 0.2761 0.9479 -0.1588
vn -0.9883 -0.0857 -0.1262
vn 0.4724 -0.5960 -0.6493
vn 0.6328 0.0478 -0.7728
vn -0.6244 0.7806 -0.0292
vn 0.5173 0.0185 0.8556
vn -0.5273 -0.8478 -0.0559
vn -0.9764 -0.2061 0.0647
vn 0.2162 0.7915 0.5717
vn 0.2334 0.2062 -0.9503
vn 0.5269 -0.7909 0.3113
vn 0.6475 -0.1998 0.7354
vn 0.2277 0.8788 -0.4193
vn -0.9254 0.0392 0.3770
vn 0.0503 -0.7198 -0.6924
vn -0.8165 0.4205 -0.3957
vn 0.4121 0.6270 0.6611
vn 0.6593 -0.1964 -0.7258
vn -0.2532 -0.8505 0.4610
vn 0.1052 0.1048 -0.9889
vn 0.2180 0.8653 0.4514
vn 0.6194 -0.7125 0.3297
vn -0.9436 -0.2589 0.2065
vn 0.2659 0.5243 0.8089
vn 0.5030 -0.8640 -0.0203
vn 0.2118 0.5277 -0.8226
vn -0.9817 -0.1874 0.0332
vn 0.0129 -0.6308 0.7758
vn -0.4652 -0.4310 -0.7732
vn 0.9392 0.2266 -0.2580
vn -0.4860 0.8360 0.2548
vn 0.5983 0.7183 -0.3551
vn -0.0219 -0.7647 -0.6440
vn -0.9240 0.3634 0.1191
vn 0.3484 -0.3168 0.8822
vn -0.9307 0.0887 0.3547
vn 0.0963 0.5522 -0.8281
vn 0.1856 -0.9591 -0.2137
vn 0.6510 0.3190 0.6888
vn -0.1249 -0.6419 -0.7566
vn -0.7410 0.6715 -0.0092
vn 0.8762 0.4707 -0.1033
vn -0.0111 -0.4980 0.8671
vn -0.0617 0.4942 0.8671
vn 0.0499 0.6553 -0.7537
vn -0.8091 -0.5770 -0.1115
vn 0.8207 -0.5714 -0.0034
vn 0.5678 -0.1962 -0.7995
vn -0.9538 0.0885 -0.2872
vn 0.3040 0.8541 0.4220
vn 0.0841 -0.7456 0.6611
vn -0.5963 0.1085 0.7954
vn -0.2025 0.7175 -0.6665
vn -0.1550 -0.8971 -0.4138
vn 0.9563 0.0713 0.2834
vn -0.0037 -0.4346 -0.9006
vn -0.9410 0.1922 0.2787
vn 0.5178 0.8543 -0.0463
vn 0.4291 -0.6112 0.6651
vn -0.2639 0.1640 -0.9505
vn -0.5933 -0.7040 0.3904
vn -0.0932 0.8455 0.5257
vn 0.9512 -0.3070 0.0317
vn 0.6453 -0.7008 -0.3041
vn -0.2207 -0.1475 0.9641
vn -0.8355 -0.0579 -0.5464
vn 0.4098 0.9046 -0.1175
vn -0.6049 0.6923 0.3934
vn -0.1683 -0.8810 0.4422
vn 0.9518 0.2707 0.1444
vn -0.1778 -0.0813 -0.9807
vn -0.5862 -0.6630 -0.4657
vn 0.7778 -0.4740 0.4127
vn -0.5235 0.4654 0.7137
vn 0.3343 0.6721 -0.6607
vn 0.8199 0.5494 0.1609
vn -0.2470 -0.4862 0.8382
vn 0.1794 -0.6623 -0.7274
vn -0.7532 0.5977 -0.2747
vn -0.7730 -0.6112 -0.1698
vn 0.7462 -0.5162 0.4205
vn -0.2850 0.7364 0.6136
vn 0.3123 0.3901 -0.8662
vn 0.9525 0.2837 -0.1108
vn -0.2412 0.0101 0.9704
vn -0.1139 -0.9246 -0.3636
vn -0.5950 0.6302 -0.4988
vn -0.8921 0.3782 0.2471
vn 0.1400 -0.8622 0.4868
vn 0.7191 0.6477 0.2516
vn 0.0308 -0.1662 -0.9856
vn 0.3835 -0.7338 -0.5608
vn 0.4461 -0.0033 0.8950
vn -0.9827 -0.1458 0.1145
vn 0.1551 0.8810 -0.4470
vn -0.4760 0.5876 0.6543
vn 0.0785 -0.9230 0.3768
vn 0.9127 0.3692 -0.1754
vn -0.5151 -0.0337 -0.8565
vn -0.7387 -0.6633 -0.1196
vn 0.8776 -0.4795 -0.0031
vn -0.1152 0.4778 0.8709
vn -0.0242 0.6643 -0.7471
vn -0.1457 -0.6897 0.7093
vn 0.0154 -0.4388 -0.8985
vn 0.8737 0.4605 0.1569
vn -0.7421 0.6696 0.0305
vn 0.6445 0.0505 -0.7630
vn -0.5064 -0.8611 -0.0456
vn -0.6405 0.7658 -0.0576
vn 0.5025 0.0494 0.8631
vn 0.0330 -0.5982 0.8007
vn -0.9479 0.2635 -0.1790
vn 0.3679 -0.4829 -0.7946
vn 0.5461 0.8199 0.1718
vn -0.6900 -0.7192 -0.0809
vn -0.0444 0.4057 0.9129
vn -0.1739 0.7064 -0.6861
vn 0.9089 -0.3900 -0.1478
vn -0.6063 0.7516 0.2598
vn -0.3709 -0.8637 0.3412
vn 0.9074 0.1493 0.3928
vn 0.0702 -0.0387 -0.9968
vn -0.4887 0.0825 0.8685
vn -0.6335 0.1602 -0.7570
vn 0.3888 -0.9180 -0.0784
vn 0.7351 0.6772 -0.0309
vn -0.2439 -0.8910 -0.3829
vn -0.8125 0.4235 0.4005
vn 0.3618 0.5904 -0.7215
vn 0.6967 -0.1227 0.7068
vn 0.1679 0.8151 0.5544
vn -0.6947 0.2033 -0.6899
vn -0.3205 -0.7426 0.5881
vn 0.8486 -0.2763 -0.4512
vn 0.2913 0.3291 -0.8982
vn -0.7123 -0.6933 -0.1092
vn -0.3613 0.7653 0.5327
vn 0.7840 -0.3988 0.4756
vn -0.2510 0.4036 -0.8798
vn 0.3637 -0.9202 -0.1447
vn -0.8068 -0.0486 0.5889
vn 0.6955 0.5682 0.4397
vn -0.2665 -0.9596 -0.0902
vn 0.2844 0.3533 -0.8913
vn 0.7589 0.0751 0.6469
vn -0.7782 0.5313 0.3348
vn 0.8551 -0.3881 -0.3437
vn -0.7626 -0.3158 -0.5646
vn 0.0506 0.9979 -0.0394
vn -0.1418 -0.2926 0.9457
vn -0.5822 0.7670 -0.2696
vn 0.3864 -0.4308 -0.8156
vn -0.5452 -0.6703 0.5034
vn 0.7396 0.3359 0.5832
vn 0.9077 0.2732 -0.3186
vn -0.0421 -0.9968 0.0684
vn -0.6924 0.3203 -0.6465
vn -0.1722 0.4032 0.8988
vn 0.5166 -0.4075 -0.7530
vn 0.5912 0.0881 0.8017
vn -0.7795 -0.5842 0.2258
vn -0.3266 0.9052 -0.2720
vn -0.0637 -0.6984 0.7129
vn 0.9062 -0.0401 -0.4210
vn -0.1409 0.9043 0.4031
vn -0.6991 -0.1667 -0.6953
vn -0.1524 -0.1416 -0.9781
vn 0.5852 0.7994 0.1362
vn 0.4440 -0.8085 0.3863
vn -0.8786 0.1458 0.4547
vn 0.8642 -0.1426 0.4825
vn 0.1764 0.4473 -0.8768
vn -0.6003 0.5760 0.5549
vn -0.4424 -0.8823 -0.1605
vn -0.8584 0.4791 -0.1830
vn 0.7268 0.6664 0.1663
vn 0.2432 -0.5639 -0.7893
vn -0.1124 -0.5814 0.8058
vn 0.7820 -0.3211 0.5342
vn 0.3107 0.3042 -0.9005
vn -0.4382 0.7630 0.4753
vn -0.6561 -0.7471 -0.1066
vn -0.6725 -0.1672 -0.7210
vn 0.3722 0.9229 -0.0982
vn 0.7403 -0.6683 -0.0732
vn -0.4398 -0.0852 0.8940
vn 0.4661 0.3602 0.8081
vn 0.5899 0.1066 -0.8004
vn -0.8510 0.5046 -0.1454
vn -0.2066 -0.9688 0.1370
vn -0.3321 -0.4531 -0.8273
vn 0.1772 0.9649 -0.1938
vn 0.8441 -0.4417 0.3041
vn -0.6911 -0.0704 0.7193
vn 0.2387 0.5477 0.8019
vn 0.7534 0.0258 -0.6570
vn -0.8253 0.3720 -0.4249
vn -0.1675 -0.9441 0.2838
vn -0.2742 -0.4607 -0.8442
vn 0.2826 0.9366 -0.2071
vn 0.7621 -0.4946 0.4178
vn -0.7723 0.0190 0.6349
vn -0.4097 -0.4574 -0.7893
vn 0.2140 0.9469 -0.2401
vn 0.8404 -0.4746 0.2617
vn -0.6423 -0.0122 0.7664
vn 0.2816 -0.8241 -0.4914
vn -0.3068 0.6895 -0.6561
vn 0.7741 0.3584 0.5218
vn -0.7484 -0.2248 0.6240
vn -0.9609 0.2479 0.1232
vn 0.5100 0.7960 -0.3261
vn 0.0696 -0.7395 -0.6695
vn 0.3809 -0.3050 0.8729
vn 0.8929 0.2626 0.3657
vn 0.0013 0.1133 -0.9936
vn -0.7105 0.5794 0.3993
vn -0.1838 -0.9565 0.2267
vn 0.5123 0.8086 0.2894
vn 0.4341 -0.3950 -0.8096
vn -0.9395 0.2627 -0.2197
vn -0.0063 -0.6752 0.7376
vn 0.2106 0.7597 -0.6153
vn 0.8508 -0.4304 0.3014
vn -0.5596 -0.6744 -0.4817
vn -0.4993 0.3444 0.7950
vn -0.2430 0.4254 0.8718
vn 0.0249 -0.9935 0.1113
vn 0.8985 0.3276 -0.2921
vn -0.6807 0.2410 -0.6918
vn 0.8800 -0.4327 0.1960
vn -0.6379 -0.1912 0.7460
vn -0.3645 -0.3639 -0.8571
vn 0.1225 0.9886 -0.0872
vn -0.2027 0.8509 0.4846
vn -0.8358 -0.5402 -0.0980
vn 0.6751 -0.5246 0.5188
vn 0.3656 0.2129 -0.9061
vn 0.0897 -0.8044 -0.5873
vn -0.3366 -0.2790 0.8994
vn -0.6462 0.6410 -0.4143
vn 0.8920 0.4409 0.0998
vn 0.1945 0.5955 0.7795
vn -0.9882 -0.1312 -0.0788
vn 0.4438 -0.8855 0.1374
vn 0.3506 0.4212 -0.8364
vn -0.3267 -0.4364 -0.8383
vn -0.2658 -0.5538 0.7891
vn -0.4020 0.9121 0.0802
vn 0.9965 0.0780 -0.0288
vn 0.5440 0.1401 0.8273
vn -0.9712 0.0850 0.2228
vn 0.1774 -0.9136 -0.3658
vn 0.2510 0.6865 -0.6825
vn -0.4788 -0.4586 -0.7486
vn -0.1141 -0.5227 0.8449
vn -0.3791 0.9169 0.1251
vn 0.9737 0.0656 -0.2182
vn 0.7424 0.0551 0.6677
vn -0.8752 0.1453 0.4613
vn 0.0017 -0.9036 -0.4284
vn 0.1318 0.7016 -0.7002
vn -0.7982 0.1284 -0.5886
vn -0.1348 -0.8055 0.5770
vn 0.1191 0.8081 0.5768
vn 0.8147 -0.1310 -0.5649
vn 0.8184 -0.3486 0.4569
vn -0.7142 0.1731 0.6782
vn -0.3237 -0.6766 -0.6614
vn 0.2205 0.8527 -0.4735
vn 0.3269 0.7368 0.5918
vn -0.9909 -0.0937 0.0969
vn 0.4422 -0.8578 0.2621
vn 0.2236 0.2148 -0.9507
vn 0.2278 -0.0144 0.9736
vn -0.7218 0.6728 -0.1627
vn -0.3161 -0.9057 -0.2825
vn 0.8115 0.2483 -0.5289
vn -0.9997 -0.0116 -0.0220
vn 0.3105 0.6574 0.6866
vn 0.3524 0.2638 -0.8979
vn 0.3393 -0.9108 0.2353
vn 0.5351 0.7786 -0.3278
vn -0.7622 0.3285 0.5578
vn 0.5848 -0.5975 0.5486
vn -0.3565 -0.5126 -0.7811
vn -0.6918 -0.7214 -0.0301
vn 0.1271 0.3016 0.9449
vn -0.2985 0.7742 -0.5581
vn 0.8638 -0.3550 -0.3576
vn 0.9905 0.0007 0.1375
vn -0.3860 0.8523 0.3530
vn -0.4016 -0.7769 0.4849
vn -0.2020 -0.0756 -0.9765
vn -0.0184 0.1263 0.9918
vn 0.3437 0.8335 -0.4326
vn -0.9245 -0.1896 -0.3306
vn 0.6009 -0.7665 -0.2265
vn -0.8171 0.4738 0.3285
vn 0.7167 0.6691 -0.1964
vn -0.2174 -0.5031 -0.8364
vn 0.3182 -0.6372 0.7019
vn 0.9462 -0.2988 0.1243
vn -0.1440 0.2524 -0.9569
vn -0.1808 0.7916 0.5837
vn -0.6201 -0.7453 0.2448
vn -0.6448 -0.5599 -0.5204
vn -0.1740 0.9671 -0.1857
vn 0.9346 -0.2296 -0.2716
vn -0.1150 -0.1806 0.9768
vn -0.1823 0.4235 0.8873
vn 0.5534 0.6189 -0.5575
vn -0.8644 -0.1863 -0.4671
vn 0.4929 -0.8591 0.1381
vn 0.9346 -0.3538 -0.0364
vn -0.2611 0.3490 -0.9000
vn -0.0501 0.7383 0.6726
vn -0.6243 -0.7350 0.2646
vn -0.9389 0.3251 -0.1133
vn 0.6380 0.7301 -0.2446
vn 0.1544 -0.7900 -0.5934
vn 0.1465 -0.2655 0.9529
vn -0.0367 -0.1792 -0.9831
vn -0.3168 0.9310 0.1814
vn 0.9413 -0.0999 0.3225
vn -0.5867 -0.6527 0.4794
vn -0.0677 0.1007 0.9926
vn 0.5755 0.7288 -0.3710
vn -0.9135 0.0608 -0.4022
vn 0.4037 -0.8879 -0.2207
vn 0.9362 -0.2114 -0.2806
vn -0.4197 0.6067 -0.6751
vn 0.0146 0.4518 0.8920
vn -0.5302 -0.8456 0.0617
vn -0.9783 -0.1981 -0.0607
vn 0.1482 0.9784 -0.1439
vn 0.4939 -0.5170 -0.6991
vn 0.3370 -0.2607 0.9047
vn -0.2441 0.5492 0.7993
vn 0.7911 0.4074 -0.4564
vn -0.7711 -0.0257 -0.6362
vn 0.2242 -0.9302 0.2906
vn 0.2478 -0.0233 0.9685
vn 0.6614 -0.5348 -0.5259
vn 0.0047 0.9462 -0.3236
vn -0.9144 -0.3870 -0.1190
vn 0.9732 -0.0059 -0.2298
vn -0.1742 -0.6610 0.7299
vn -0.5362 -0.2469 -0.8072
vn -0.2610 0.9145 0.3091
vn -0.3930 0.2849 0.8743
vn -0.5771 -0.7059 -0.4107
vn 0.9178 -0.3674 0.1508
vn 0.0538 0.7867 -0.6150
vn 0.0827 0.0074 -0.9965
vn 0.0578 -0.9423 0.3299
vn -0.8802 0.3928 0.2664
vn 0.7415 0.5395 0.3989
vn 0.0240 -0.1015 0.9945
vn -0.8256 -0.4336 -0.3611
vn 0.8083 -0.4374 -0.3942
vn -0.0058 0.9712 -0.2382
vn -0.3177 0.4265 -0.8469
vn 0.1080 -0.9840 -0.1417
vn -0.6682 0.1601 0.7265
vn 0.8789 0.3984 0.2624
vn 0.4410 -0.5557 0.7048
vn -0.9063 -0.3735 -0.1977
vn 0.5535 -0.0121 -0.8328
vn -0.0870 0.9418 0.3248
vn 0.1030 -0.7661 -0.6344
vn -0.3328 -0.3364 0.8809
vn -0.6564 0.6556 -0.3731
vn 0.8859 0.4460 0.1276
vn -0.5694 -0.6860 -0.4530
vn 0.7689 -0.4526 0.4515
vn -0.5461 0.4902 0.6793
vn 0.3462 0.6460 -0.6803
vn 0.5286 0.7447 0.4076
vn 0.0749 -0.8157 0.5736
vn 0.3571 -0.1987 -0.9127
vn -0.9603 0.2700 -0.0704
vn -0.6100 -0.3194 -0.7252
vn -0.1033 -0.5864 0.8034
vn -0.2331 0.9426 0.2392
vn 0.9479 -0.0363 -0.3164
vn -0.5383 -0.8403 -0.0643
vn 0.1593 0.2245 0.9614
vn -0.4992 0.7498 -0.4343
vn 0.8772 -0.1315 -0.4618
vn 0.7931 0.5872 0.1620
vn -0.7338 0.2475 0.6327
vn 0.2565 -0.9553 0.1468
vn -0.3148 0.1195 -0.9416
vn -0.9312 -0.0302 -0.3632
vn 0.0694 -0.6042 0.7938
vn 0.2203 0.9360 0.2745
vn 0.6412 -0.3003 -0.7062
vn 0.6484 -0.7509 -0.1252
vn 0.0970 0.3734 0.9226
vn -0.9321 -0.3396 -0.1259
vn 0.1861 0.7165 -0.6723
vn -0.7237 0.6498 0.2322
vn -0.0040 -0.7526 0.6584
vn 0.8867 0.4614 0.0298
vn -0.1579 -0.3611 -0.9191
vn -0.2635 -0.9143 -0.3076
vn 0.7728 -0.0674 0.6310
vn -0.7723 0.4294 0.4681
vn 0.2624 0.5531 -0.7907
vn 0.3402 0.8794 0.3331
vn -0.1392 -0.6183 0.7735
vn 0.6683 -0.3979 -0.6285
vn -0.8681 0.1375 -0.4770
vn -0.7865 0.1184 0.6062
vn 0.2393 -0.9695 -0.0523
vn 0.7778 0.5154 0.3596
vn -0.2304 0.3363 -0.9131
vn 0.2547 -0.1550 -0.9545
vn 0.5926 -0.5393 0.5983
vn -0.9507 -0.2774 0.1388
vn 0.1017 0.9707 0.2178
vn -0.5470 -0.7597 -0.3517
vn 0.9654 -0.1658 -0.2011
vn -0.1278 0.0724 0.9891
vn -0.2914 0.8508 -0.4373
vn -0.0105 -0.0728 -0.9973
vn 0.8621 0.4120 0.2950
vn -0.0869 -0.9110 0.4031
vn -0.7643 0.5714 0.2989
vn -0.1285 0.8403 0.5267
vn 0.6809 -0.5753 0.4533
vn 0.3170 0.2287 -0.9204
vn -0.8681 -0.4931 -0.0577
vn 0.7883 0.5958 0.1534
vn -0.4722 -0.1585 0.8671
vn 0.3117 -0.8741 -0.3725
vn -0.6270 0.4366 -0.6452
vn 0.3056 -0.0754 0.9492
vn -0.2327 0.9515 -0.2012
vn -0.8044 -0.5781 -0.1372
vn 0.7333 -0.2981 -0.6111
vn -0.6307 0.5942 0.4991
vn 0.9261 0.1203 0.3577
vn -0.0160 0.2366 -0.9715
vn -0.2799 -0.9533 0.1132
vn 0.0845 0.9078 0.4108
vn -0.1775 -0.6751 0.7160
vn 0.8488 -0.2347 -0.4737
vn -0.7586 -0.0006 -0.6515
vn 0.5804 -0.0415 0.8132
vn -0.8313 0.5143 0.2111
vn -0.2435 -0.9287 -0.2796
vn 0.4899 0.4563 -0.7428
vn -0.1922 -0.0336 0.9808
vn 0.4068 0.8842 -0.2297
vn -0.8517 -0.1151 -0.5112
vn 0.6362 -0.7334 -0.2394
vn -0.4208 0.8265 0.3738
vn 0.7925 -0.2498 0.5563
vn 0.2943 0.1704 -0.9404
vn -0.6633 -0.7483 0.0110
vn 0.4844 0.7796 0.3970
vn -0.6371 -0.3736 0.6741
vn 0.6597 -0.7055 -0.2590
vn -0.5052 0.2994 -0.8094
vn 0.3292 -0.0570 0.9425
vn -0.5268 0.8421 -0.1153
vn -0.5811 -0.7885 -0.2013
vn 0.7790 0.0034 -0.6270
vn -0.4932 0.2615 0.8297
vn 0.8404 0.5368 -0.0752
vn -0.5755 0.1738 -0.7992
vn 0.2314 -0.9718 0.0452
vn -0.1647 0.9368 0.3086
vn 0.4983 -0.5007 0.7078
vn 0.5430 0.0176 -0.8395
vn -0.8735 -0.4535 -0.1771
vn 0.6439 0.6396 0.4199
vn -0.8143 -0.0764 0.5754
vn 0.4333 -0.8967 -0.0908
vn -0.2633 0.3349 -0.9047
vn -0.0986 -0.7696 0.6309
vn 0.0167 0.8546 0.5190
vn -0.7731 0.0096 -0.6342
vn 0.8512 -0.0946 -0.5162
s 0
f 1//1 4//1 2//1
f 1//2 2//2 3//2
f 1//3 3//3 4//3
f 4//4 3//4 2//4
f 4//5 7//5 5//5
f 4//6 5//6 6//6
f 4//7 6//7 7//7
f 7//8 6//8 5//8
f 7//9 10//9 8//9
f 7//10 8//10 9//10
f 7//11 9//11 10//11
f 10//12 9//12 8//12
f 10//13 11//13 12//13
f 10//14 12//14 13//14
f 10//15 13//15 11//15
f 11//16 13//16 12//16
f 11//17 14//17 15//17
f 11//18 15//18 16//18
f 11//19 16//19 14//19
f 14//20 16//20 15//20
f 14//21 19//21 17//21
f 14//22 17//22 18//22
f 14//23 18//23 19//23
f 19//24 18//24 17//24
f 19//25 20//25 21//25
f 19//26 21//26 22//26
f 19//27 22//27 20//27
f 20//28 22//28 21//28
f 20//29 25//29 23//29
f 20//30 23//30 24//30
f 20//31 24//31 25//31
f 25//32 24//32 23//32
f 25//33 26//33 27//33
f 25//34 27//34 28//34
f 25//35 28//35 26//35
f 26//36 28//36 27//36
f 26//37 31//37 29//37
f 26//38 29//38 30//38
f 26//39 30//39 31//39
f 31//40 30//40 29//40
f 31//41 32//41 33//41
f 31//42 33//42 34//42
f 31//43 34//43 32//43
f 32//44 34//44 33//44
f 32//45 37//45 35//45
f 32//46 35//46 36//46
f 32//47 36//47 37//47
f 37//48 36//48 35//48
f 37//49 40//49 38//49
f 37//50 38//50 39//50
f 37//51 39//51 40//51
f 40//52 39//52 38//52
f 40//53 43//53 41//53
f 40//54 41//54 42//54
f 40//55 42//55 43//55
f 43//56 42//56 41//56
f 43//57 44//57 45//57
f 43//58 45//58 46//58
f 43//59 46//59 44//59
f 44//60 46//60 45//60
f 44//61 47//61 48//61
f 44//62 48//62 49//62
f 44//63 49//63 47//63
f 47//64 49//64 48//64
f 47//65 52//65 50//65
f 47//66 50//66 51//66
f 47//67 51//67 52//67
f 52//68 51//68 50//68
f 52//69 55//69 53//69
f 52//70 53//70 54//70
f 52//71 54//71 55//71
f 55//72 54//72 53//72
f 55//73 56//73 57//73
f 55//74 57//74 58//74
f 55//75 58//75 56//75
f 56//76 58//76 57//76
f 56//77 59//77 60//77
f 56//78 60//78 61//78
f 56//79 61//79 59//79
f 59//80 61//80 60//80
f 59//81 64//81 62//81
f 59//82 62//82 63//82
f 59//83 63//83 64//83
f 64//84 63//84 62//84
f 64//85 67//85 65//85
f 64//86 65//86 66//86
f 64//87 66//87 67//87
f 67//88 66//88 65//88
f 67//89 68//89 69//89
f 67//90 69//90 70//90
f 67//91 70//91 68//91
f 68//92 70//92 69//92
f 68//93 71//93 72//93
f 68//94 72//94 73//94
f 68//95 73//95 71//95
f 71//96 73//96 72//96
f 71//97 74//97 75//97
f 71//98 75//98 76//98
f 71//99 76//99 74//99
f 74//100 76//100 75//100
f 74//101 77//101 78//101
f 74//102 78//102 79//102
f 74//103 79//103 77//103
f 77//104 79//104 78//104
f 77//105 80//105 81//105
f 77//106 81//106 82//106
f 77//107 82//107 80//107
f 80//108 82//108 81//108
f 80//109 83//109 84//109
f 80//110 84//110 85//110
f 80//111 85//111 83//111
f 83//112 85//112 84//112
f 83//113 88//113 86//113
f 83//114 86//114 87//114
f 83//115 87//115 88//115
f 88//116 87//116 86//116
f 88//117 91//117 89//117
f 88//118 89//118 90//118
f 88//119 90//119 91//119
f 91//120 90//120 89//120
f 91//121 94//121 92//121
f 91//122 92//122 93//122
f 91//123 93//123 94//123
f 94//124 93//124 92//124
f 94//125 97//125 95//125
f 94//126 95//126 96//126
f 94//127 96//127 97//127
f 97//128 96//128 95//128
f 97//129 98//129 99//129
f 97//130 99//130 100//130
f 97//131 100//131 98//131
f 98//132 100//132 99//132
f 98//133 101//133 102//133
f 98//134 102//134 103//134
f 98//135 103//135 101//135
f 101//136 103//136 102//136
f 101//137 106//137 104//137
f 101//138 104//138 105//138
f 101//139 105//139 106//139
f 106//140 105//140 104//140
f 106//141 107//141 108//141
f 106//142 108//142 109//142
f 106//143 109//143 107//143
f 107//144 109//144 108//144
f 107//145 112//145 110//145
f 107//146 110//146 111//146
f 107//147 111//147 112//147
f 112//148 111//148 110//148
f 112//149 113//149 114//149
f 112//150 114//150 115//150
f 112//151 115//151 113//151
f 113//152 115//152 114//152
f 113//153 118//153 116//153
f 113//154 116//154 117//154
f 113//155 117//155 118//155
f 118//156 117//156 116//156
f 118//157 121//157 119//157
f 118//158 119//158 120//158
f 118//159 120//159 121//159
f 121//160 120//160 119//160
f 121//161 122//161 123//161
f 121//162 123//162 124//162
f 121//163 124//163 122//163
f 122//164 124//164 123//164
f 122//165 125//165 126//165
f 122//166 126//166 127//166
f 122//167 127//167 125//167
f 125//168 127//168 126//168
f 125//169 128//169 129//169
f 125//170 129//170 130//170
f 125//171 130//171 128//171
f 128//172 130//172 129//172
f 128//173 133//173 131//173
f 128//174 131//174 132//174
f 128//175 132//175 133//175
f 133//176 132//176 131//176
f 133//177 134//177 135//177
f 133//178 135//178 136//178
f 133//179 136//179 134//179
f 134//180 136//180 135//180
f 134//181 137//181 138//181
f 134//182 138//182 139//182
f 134//183 139//183 137//183
f 137//184 139//184 138//184
f 137//185 142//185 140//185
f 137//186 140//186 141//186
f 137//187 141//187 142//187
f 142//188 141//188 140//188
f 142//189 145//189 143//189
f 142//190 143//190 144//190
f 142//191 144//191 145//191
f 145//192 144//192 143//192
f 145//193 148//193 146//193
f 145//194 146//194 147//194
f 145//195 147//195 148//195
f 148//196 147//196 146//196
f 148//197 149//197 150//197
f 148//198 150//198 151//198
f 148//199 151//199 149//199
f 149//200 151//200 150//200
f 149//201 152//201 153//201
f 149//202 153//202 154//202
f 149//203 154//203 152//203
f 152//204 154//204 153//204
f 152//205 155//205 156//205
f 152//206 156//206 157//206
f 152//207 157//207 155//207
f 155//208 157//208 156//208
f 155//209 158//209 159//209
f 155//210 159//210 160//210
f 155//211 160//211 158//211
f 158//212 160//212 159//212
f 158//213 161//213 162//213
f 158//214 162//214 163//214
f 158//215 163//215 161//215
f 161//216 163//216 162//216
f 161//217 166//217 164//217
f 161//218 164//218 165//218
f 161//219 165//219 166//219
f 166//220 165//220 164//220
f 166//221 167//221 168//221
f 166//222 168//222 169//222
f 166//223 169//223 167//223
f 167//224 169//224 168//224
f 167//225 172//225 170//225
f 167//226 170//226 171//226
f 167//227 171//227 172//227
f 172//228 171//228 170//228
f 172//229 175//229 173//229
f 172//230 173//230 174//230
f 172//231 174//231 175//231
f 175//232 174//232 173//232
f 175//233 178//233 176//233
f 175//234 176//234 177//234
f 175//235 177//235 178//235
f 178//236 177//236 176//236
f 178//237 179//237 180//237
f 178//238 180//238 181//238
f 178//239 181//239 179//239
f 179//240 181//240 180//240
f 179//241 184//241 182//241
f 179//242 182//242 183//242
f 179//243 183//243 184//243
f 184//244 183//244 182//244
f 184//245 187//245 185//245
f 184//246 185//246 186//246
f 184//247 186//247 187//247
f 187//248 186//248 185//248
f 187//249 188//249 189//249
f 187//250 189//250 190//250
f 187//251 190//251 188//251
f 188//252 190//252 189//252
f 188//253 193//253 191//253
f 188//254 191//254 192//254
f 188//255 192//255 193//255
f 193//256 192//256 191//256
f 193//257 196//257 194//257
f 193//258 194//258 195//258
f 193//259 195//259 196//259
f 196//260 195//260 194//260
f 196//261 199//261 197//261
f 196//262 197//262 198//262
f 196//263 198//263 199//263
f 199//264 198//264 197//264
f 199//265 202//265 200//265
f 199//266 200//266 201//266
f 199//267 201//267 202//267
f 202//268 201//268 200//268
f 202//269 203//269 204//269
f 202//270 204//270 205//270
f 202//271 205//271 203//271
f 203//272 205//272 204//272
f 203//273 208//273 206//273
f 203//274 206//274 207//274
f 203//275 207//275 208//275
f 208//276 207//276 206//276
f 208//277 211//277 209//277
f 208//278 209//278 210//278
f 208//279 210//279 211//279
f 211//280 210//280 209//280
f 211//281 212//281 213//281
f 211//282 213//282 214//282
f 211//283 214//283 212//283
f 212//284 214//284 213//284
f 212//285 217//285 215//285
f 212//286 215//286 216//286
f 212//287 216//287 217//287
f 217//288 216//288 215//288
f 217//289 220//289 218//289
f 217//290 218//290 219//290
f 217//291 219//291 220//291
f 220//292 219//292 218//292
f 220//293 221//293 222//293
f 220//294 222//294 223//294
f 220//295 223//295 221//295
f 221//296 223//296 222//296
f 221//297 224//297 225//297
f 221//298 225//298 226//298
f 221//299 226//299 224//299
f 224//300 226//300 225//300
f 224//301 227//301 228//301
f 224//302 228//302 229//302
f 224//303 229//303 227//303
f 227//304 229//304 228//304
f 227//305 232//305 230//305
f 227//306 230//306 231//306
f 227//307 231//307 232//307
f 232//308 231//308 230//308
f 232//309 233//309 234//309
f 232//310 234//310 235//310
f 232//311 235//311 233//311
f 233//312 235//312 234//312
f 233//313 236//313 237//313
f 233//314 237//314 238//314
f 233//315 238//315 236//315
f 236//316 238//316 237//316
f 236//317 239//317 240//317
f 236//318 240//318 241//318
f 236//319 241//319 239//319
f 239//320 241//320 240//320
f 239//321 244//321 242//321
f 239//322 242//322 243//322
f 239//323 243//323 244//323
f 244//324 243//324 242//324
f 244//325 247//325 245//325
f 244//326 245//326 246//326
f 244//327 246//327 247//327
f 247//328 246//328 245//328
f 247//329 250//329 248//329
f 247//330 248//330 249//330
f 247//331 249//331 250//331
f 250//332 249//332 248//332
f 250//333 251//333 252//333
f 250//334 252//334 253//334
f 250//335 253//335 251//335
f 251//336 253//336 252//336
f 251//337 256//337 254//337
f 251//338 254//338 255//338
f 251//339 255//339 256//339
f 256//340 255//340 254//340
f 256//341 259//341 257//341
f 256//342 257//342 258//342
f 256//343 258//343 259//343
f 259//344 258//344 257//344
f 259//345 262//345 260//345
f 259//346 260//346 261//346
f 259//347 261//347 262//347
f 262//348 261//348 260//348
f 262//349 265//349 263//349
f 262//350 263//350 264//350
f 262//351 264//351 265//351
f 265//352 264//352 263//352
f 265//353 268//353 266//353
f 265//354 266//354 267//354
f 265//355 267//355 268//355
f 268//356 267//356 266//356
f 268//357 269//357 270//357
f 268//358 270//358 271//358
f 268//359 271//359 269//359
f 269//360 271//360 270//360
f 269//361 272//361 273//361
f 269//362 273//362 274//362
f 269//363 274//363 272//363
f 272//364 274//364 273//364
f 272//365 277//365 275//365
f 272//366 275//366 276//366
f 272//367 276//367 277//367
f 277//368 276//368 275//368
f 277//369 280//369 278//369
f 277//370 278//370 279//370
f 277//371 279//371 280//371
f 280//372 279//372 278//372
f 280//373 281//373 282//373
f 280//374 282//374 283//374
f 280//375 283//375 281//375
f 281//376 283//376 282//376
f 281//377 286//377 284//377
f 281//378 284//378 285//378
f 281//379 285//379 286//379
f 286//380 285//380 284//380
f 286//381 289//381 287//381
f 286//382 287//382 288//382
f 286//383 288//383 289//383
f 289//384 288//384 287//384
f 289//385 290//385 291//385
f 289//386 291//386 292//386
f 289//387 292//387 290//387
f 290//388 292//388 291//388
f 290//389 293//389 294//389
f 290//390 294//390 295//390
f 290//391 295//391 293//391
f 293//392 295//392 294//392
f 293//393 296//393 297//393
f 293//394 297//394 298//394
f 293//395 298//395 296//395
f 296//396 298//396 297//396
f 296//397 299//397 300//397
f 296//398 300//398 301//398
f 296//399 301//399 299//399
f 299//400 301//400 300//400
f 299//401 304//401 302//401
f 299//402 302//402 303//402
f 299//403 303//403 304//403
f 304//404 303//404 302//404
f 304//405 307//405 305//405
f 304//406 305//406 306//406
f 304//407 306//407 307//407
f 307//408 306//408 305//408
f 307//409 310//409 308//409
f 307//410 308//410 309//410
f 307//411 309//411 310//411
f 310//412 309//412 308//412
f 310//413 313//413 311//413
f 310//414 311//414 312//414
f 310//415 312//415 313//415
f 313//416 312//416 311//416
f 313//417 314//417 315//417
f 313//418 315//418 316//418
f 313//419 316//419 314//419
f 314//420 316//420 315//420
f 314//421 319//421 317//421
f 314//422 317//422 318//422
f 314//423 318//423 319//423
f 319//424 318//424 317//424
f 319//425 320//425 321//425
f 319//426 321//426 322//426
f 319//427 322//427 320//427
f 320//428 322//428 321//428
f 320//429 323//429 324//429
f 320//430 324//430 325//430
f 320//431 325//431 323//431
f 323//432 325//432 324//432
f 323//433 328//433 326//433
f 323//434 326//434 327//434
f 323//435 327//435 328//435
f 328//436 327//436 326//436
f 328//437 329//437 330//437
f 328//438 330//438 331//438
f 328//439 331//439 329//439
f 329//440 331//440 330//440
f 329//441 334//441 332//441
f 329//442 332//442 333//442
f 329//443 333//443 334//443
f 334//444 333//444 332//444
f 334//445 335//445 336//445
f 334//446 336//446 337//446
f 334//447 337//447 335//447
f 335//448 337//448 336//448
f 335//449 338//449 339//449
f 335//450 339//450 340//450
f 335//451 340//451 338//451
f 338//452 340//452 339//452
f 338//453 343//453 341//453
f 338//454 341//454 342//454
f 338//455 342//455 343//455
f 343//456 342//456 341//456
f 343//457 346//457 344//457
f 343//458 344//458 345//458
f 343//459 345//459 346//459
f 346//460 345//460 344//460
f 346//461 349//461 347//461
f 346//462 347//462 348//462
f 346//463 348//463 349//463
f 349//464 348//464 347//464
f 349//465 352//465 350//465
f 349//466 350//466 351//466
f 349//467 351//467 352//467
f 352//468 351//468 350//468
f 352//469 355//469 353//469
f 352//470 353//470 354//470
f 352//471 354//471 355//471
f 355//472 354//472 353//472
f 355//473 356//473 357//473
f 355//474 357//474 358//474
f 355//475 358//475 356//475
f 356//476 358//476 357//476
f 356//477 361//477 359//477
f 356//478 359//478 360//478
f 356//479 360//479 361//479
f 361//480 360//480 359//480
f 361//481 364//481 362//481
f 361//482 362//482 363//482
f 361//483 363//483 364//483
f 364//484 363//484 362//484
f 364//485 365//485 366//485
f 364//486 366//486 367//486
f 364//487 367//487 365//487
f 365//488 367//488 366//488
f 365//489 368//489 369//489
f 365//490 369//490 370//490
f 365//491 370//491 368//491
f 368//492 370//492 369//492
f 368//493 371//493 372//493
f 368//494 372//494 373//494
f 368//495 373//495 371//495
f 371//496 373//496 372//496
f 371//497 374//497 375//497
f 371//498 375//498 376//498
f 371//499 376//499 374//499
f 374//500 376//500 375//500
f 374//501 377//501 378//501
f 374//502 378//502 379//502
f 374//503 379//503 377//503
f 377//504 379//504 378//504
f 377//505 382//505 380//505
f 377//506 380//506 381//506
f 377//507 381//507 382//507
f 382//508 381//508 380//508
f 382//509 383//509 384//509
f 382//510 384//510 385//510
f 382//511 385//511 383//511
f 383//512 385//512 384//512
f 383//513 386//513 387//513
f 383//514 387//514 388//514
f 383//515 388//515 386//515
f 386//516 388//516 387//516
f 386//517 391//517 389//517
f 386//518 389//518 390//518
f 386//519 390//519 391//519
f 391//520 390//520 389//520
f 391//521 394//521 392//521
f 391//522 392//522 393//522
f 391//523 393//523 394//523
f 394//524 393//524 392//524
f 394//525 397//525 395//525
f 394//526 395//526 396//526
f 394//527 396//527 397//527
f 397//528 396//528 395//528
f 397//529 400//529 398//529
f 397//530 398//530 399//530
f 397//531 399//531 400//531
f 400//532 399//532 398//532
f 400//533 403//533 401//533
f 400//534 401//534 402//534
f 400//535 402//535 403//535
f 403//536 402//536 401//536
f 403//537 404//537 405//537
f 403//538 405//538 406//538
f 403//539 406//539 404//539
f 404//540 406//540 405//540
f 404//541 407//541 408//541
f 404//542 408//542 409//542
f 404//543 409//543 407//543
f 407//544 409//544 408//544
f 407//545 410//545 411//545
f 407//546 411//546 412//546
f 407//547 412//547 410//547
f 410//548 412//548 411//548
f 410//549 415//549 413//549
f 410//550 413//550 414//550
f 410//551 414//551 415//551
f 415//552 414//552 413//552
f 415//553 418//553 416//553
f 415//554 416//554 417//554
f 415//555 417//555 418//555
f 418//556 417//556 416//556
f 418//557 421//557 419//557
f 418//558 419//558 420//558
f 418//559 420//559 421//559
f 421//560 420//560 419//560
f 421//561 422//561 423//561
f 421//562 423//562 424//562
f 421//563 424//563 422//563
f 422//564 424//564 423//564
f 422//565 425//565 426//565
f 422//566 426//566 427//566
f 422//567 427//567 425//567
f 425//568 427//568 426//568
f 425//569 430//569 428//569
f 425//570 428//570 429//570
f 425//571 429//571 430//571
f 430//572 429//572 428//572
f 430//573 431//573 432//573
f 430//574 432//574 433//574
f 430//575 433//575 431//575
f 431//576 433//576 432//576
f 431//577 436//577 434//577
f 431//578 434//578 435//578
f 431//579 435//579 436//579
f 436//580 435//580 434//580
f 436//581 437//581 438//581
f 436//582 438//582 439//582
f 436//583 439//583 437//583
f 437//584 439//584 438//584
f 437//585 440//585 441//585
f 437//586 441//586 442//586
f 437//587 442//587 440//587
f 440//588 442//588 441//588
f 440//589 443//589 444//589
f 440//590 444//590 445//590
f 440//591 445//591 443//591
f 443//592 445//592 444//592
f 443//593 446//593 447//593
f 443//594 447//594 448//594
f 443//595 448//595 446//595
f 446//596 448//596 447//596
f 446//597 449//597 450//597
f 446//598 450//598 451//598
f 446//599 451//599 449//599
f 449//600 451//600 450//600
f 449//601 454//601 452//601
f 449//602 452//602 453//602
f 449//603 453//603 454//603
f 454//604 453//604 452//604
f 454//605 457//605 455//605
f 454//606 455//606 456//606
f 454//607 456//607 457//607
f 457//608 456//608 455//608
f 457//609 460//609 458//609
f 457//610 458//610 459//610
f 457//611 459//611 460//611
f 460//612 459//612 458//612
f 460//613 461//613 462//613
f 460//614 462//614 463//614
f 460//615 463//615 461//615
f 461//616 463//616 462//616
f 461//617 466//617 464//617
f 461//618 464//618 465//618
f 461//619 465//619 466//619
f 466//620 465//620 464//620
f 466//621 467//621 468//621
f 466//622 468//622 469//622
f 466//623 469//623 467//623
f 467//624 469//624 468//624
f 467//625 472//625 470//625
f 467//626 470//626 471//626
f 467//627 471//627 472//627
f 472//628 471//628 470//628
f 472//629 475//629 473//629
f 472//630 473//630 474//630
f 472//631 474//631 475//631
f 475//632 474//632 473//632
f 475//633 478//633 476//633
f 475//634 476//634 477//634
f 475//635 477//635 478//635
f 478//636 477//636 476//636
f 478//637 479//637 480//637
f 478//638 480//638 481//638
f 478//639 481//639 479//639
f 479//640 481//640 480//640
f 479//641 482//641 483//641
f 479//642 483//642 484//642
f 479//643 484//643 482//643
f 482//644 484//644 483//644
f 482//645 485//645 486//645
f 482//646 486//646 487//646
f 482//647 487//647 485//647
f 485//648 487//648 486//648
f 485//649 490//649 488//649
f 485//650 488//650 489//650
f 485//651 489//651 490//651
f 490//652 489//652 488//652
f 490//653 493//653 491//653
f 490//654 491//654 492//654
f 490//655 492//655 493//655
f 493//656 492//656 491//656
f 493//657 496//657 494//657
f 493//658 494//658 495//658
f 493//659 495//659 496//659
f 496//660 495//660 494//660
f 496//661 497//661 498//661
f 496//662 498//662 499//662
f 496//663 499//663 497//663
f 497//664 499//664 498//664
f 497//665 500//665 501//665
f 497//666 501//666 502//666
f 497//667 502//667 500//667
f 500//668 502//668 501//668
f 500//669 505//669 503//669
f 500//670 503//670 504//670
f 500//671 504//671 505//671
f 505//672 504//672 503//672
f 505//673 506//673 507//673
f 505//674 507//674 508//674
f 505//675 508//675 506//675
f 506//676 508//676 507//676
f 506//677 511//677 509//677
f 506//678 509//678 510//678
f 506//679 510//679 511//679
f 511//680 510//680 509//680
f 511//681 514//681 512//681
f 511//682 512//682 513//682
f 511//683 513//683 514//683
f 514//684 513//684 512//684
f 514//685 517//685 515//685
f 514//686 515//686 516//686
f 514//687 516//687 517//687
f 517//688 516//688 515//688
f 517//689 520//689 518//689
f 517//690 518//690 519//690
f 517//691 519//691 520//691
f 520//692 519//692 518//692
f 520//693 523//693 521//693
f 520//694 521//694 522//694
f 520//695 522//695 523//695
f 523//696 522//696 521//696
f 523//697 524//697 525//697
f 523//698 525//698 526//698
f 523//699 526//699 524//699
f 524//700 526//700 525//700
f 524//701 529//701 527//701
f 524//702 527//702 528//702
f 524//703 528//703 529//703
f 529//704 528//704 527//704
f 529//705 530//705 531//705
f 529//706 531//706 532//706
f 529//707 532//707 530//707
f 530//708 532//708 531//708
f 530//709 533//709 534//709
f 530//710 534//710 535//710
f 530//711 535//711 533//711
f 533//712 535//712 534//712
f 533//713 536//713 537//713
f 533//714 537//714 538//714
f 533//715 538//715 536//715
f 536//716 538//716 537//716
f 536//717 539//717 540//717
f 536//718 540//718 541//718
f 536//719 541//719 539//719
f 539//720 541//720 540//720
f 539//721 542//721 543//721
f 539//722 543//722 544//722
f 539//723 544//723 542//723
f 542//724 544//724 543//724
f 542//725 545//725 546//725
f 542//726 546//726 547//726
f 542//727 547//727 545//727
f 545//728 547//728 546//728
f 545//729 550//729 548//729
f 545//730 548//730 549//730
f 545//731 549//731 550//731
f 550//732 549//732 548//732
f 550//733 551//733 552//733
f 550//734 552//734 553//734
f 550//735 553//735 551//735
f 551//736 553//736 552//736
f 551//737 554//737 555//737
f 551//738 555//738 556//738
f 551//739 556//739 554//739
f 554//740 556//740 555//740
f 554//741 557//741 558//741
f 554//742 558//742 559//742
f 554//743 559//743 557//743
f 557//744 559//744 558//744
f 557//745 560//745 561//745
f 557//746 561//746 562//746
f 557//747 562//747 560//747
f 560//748 562//748 561//748
f 560//749 565//749 563//749
f 560//750 563//750 564//750
f 560//751 564//751 565//751
f 565//752 564//752 563//752
f 565//753 568//753 566//753
f 565//754 566//754 567//754
f 565//755 567//755 568//755
f 568//756 567//756 566//756
f 568//757 569//757 570//757
f 568//758 570//758 571//758
f 568//759 571//759 569//759
f 569//760 571//760 570//760
f 569//761 572//761 573//761
f 569//762 573//762 574//762
f 569//763 574//763 572//763
f 572//764 574//764 573//764
f 572//765 577//765 575//765
f 572//766 575//766 576//766
f 572//767 576//767 577//767
f 577//768 576//768 575//768
f 577//769 578//769 579//769
f 577//770 579//770 580//770
f 577//771 580//771 578//771
f 578//772 580//772 579//772
f 578//773 583//773 581//773
f 578//774 581//774 582//774
f 578//775 582//775 583//775
f 583//776 582//776 581//776
f 583//777 586//777 584//777
f 583//778 584//778 585//778
f 583//779 585//779 586//779
f 586//780 585//780 584//780
f 586//781 587//781 588//781
f 586//782 588//782 589//782
f 586//783 589//783 587//783
f 587//784 589//784 588//784
f 587//785 592//785 590//785
f 587//786 590//786 591//786
f 587//787 591//787 592//787
f 592//788 591//788 590//788
f 592//789 595//789 593//789
f 592//790 593//790 594//790
f 592//791 594//791 595//791
f 595//792 594//792 593//792
f 595//793 598//793 596//793
f 595//794 596//794 597//794
f 595//795 597//795 598//795
f 598//796 597//796 596//796
f 598//797 601//797 599//797
f 598//798 599//798 600//798
f 598//799 600//799 601//799
f 601//800 600//800 599//800
f 601//801 604//801 602//801
f 601//802 602//802 603//802
f 601//803 603//803 604//803
f 604//804 603//804 602//804
f 604//805 605//805 606//805
f 604//806 606//806 607//806
f 604//807 607//807 605//807
f 605//808 607//808 606//808
f 605//809 610//809 608//809
f 605//810 608//810 609//810
f 605//811 609//811 610//811
f 610//812 609//812 608//812
f 610//813 613//813 611//813
f 610//814 611//814 612//814
f 610//815 612//815 613//815
f 613//816 612//816 611//816
f 613//817 614//817 615//817
f 613//818 615//818 616//818
f 613//819 616//819 614//819
f 614//820 616//820 615//820
f 614//821 617//821 618//821
f 614//822 618//822 619//822
f 614//823 619//823 617//823
f 617//824 619//824 618//824
f 617//825 620//825 621//825
f 617//826 621//826 622//826
f 617//827 622//827 620//827
f 620//828 622//828 621//828
f 620//829 625//829 623//829
f 620//830 623//830 624//830
f 620//831 624//831 625//831
f 625//832 624//832 623//832
f 625//833 626//833 627//833
f 625//834 627//834 628//834
f 625//835 628//835 626//835
f 626//836 628//836 627//836
f 626//837 631//837 629//837
f 626//838 629//838 630//838
f 626//839 630//839 631//839
f 631//840 630//840 629//840
f 631//841 634//841 632//841
f 631//842 632//842 633//842
f 631//843 633//843 634//843
f 634//844 633//844 632//844
f 634//845 635//845 636//845
f 634//846 636//846 637//846
f 634//847 637//847 635//847
f 635//848 637//848 636//848
f 635//849 638//849 639//849
f 635//850 639//850 640//850
f 635//851 640//851 638//851
f 638//852 640//852 639//852
f 638//853 641//853 642//853
f 638//854 642//854 643//854
f 638//855 643//855 641//855
f 641//856 643//856 642//856
f 641//857 644//857 645//857
f 641//858 645//858 646//858
f 641//859 646//859 644//859
f 644//860 646//860 645//860
f 644//861 649//861 647//861
f 644//862 647//862 648//862
f 644//863 648//863 649//863
f 649//864 648//864 647//864
f 649//865 652//865 650//865
f 649//866 650//866 651//866
f 649//867 651//867 652//867
f 652//868 651//868 650//868
f 652//869 653//869 654//869
f 652//870 654//870 655//870
f 652//871 655//871 653//871
f 653//872 655//872 654//872
f 653//873 658//873 656//873
f 653//874 656//874 657//874
f 653//875 657//875 658//875
f 658//876 657//876 656//876
f 658//877 659//877 660//877
f 658//878 660//878 661//878
f 658//879 661//879 659//879
f 659//880 661//880 660//880
f 659//881 664//881 662//881
f 659//882 662//882 663//882
f 659//883 663//883 664//883
f 664//884 663//884 662//884
f 664//885 665//885 666//885
f 664//886 666//886 667//886
f 664//887 667//887 665//887
f 665//888 667//888 666//888
f 665//889 670//889 668//889
f 665//890 668//890 669//890
f 665//891 669//891 670//891
f 670//892 669//892 668//892
f 670//893 671//893 672//893
f 670//894 672//894 673//894
f 670//895 673//895 671//895
f 671//896 673//896 672//896
f 671//897 676//897 674//897
f 671//898 674//898 675//898
f 671//899 675//899 676//899
f 676//900 675//900 674//900
f 676//901 677//901 678//901
f 676//902 678//902 679//902
f 676//903 679//903 677//903
f 677//904 679//904 678//904
f 677//905 682//905 680//905
f 677//906 680//906 681//906
f 677//907 681//907 682//907
f 682//908 681//908 680//908
f 682//909 683//909 684//909
f 682//910 684//910 685//910
f 682//911 685//911 683//911
f 683//912 685//912 684//912
f 683//913 688//913 686//913
f 683//914 686//914 687//914
f 683//915 687//915 688//915
f 688//916 687//916 686//916
f 688//917 691//917 689//917
f 688//918 689//918 690//918
f 688//919 690//919 691//919
f 691//920 690//920 689//920
f 691//921 694//921 692//921
f 691//922 692//922 693//922
f 691//923 693//923 694//923
f 694//924 693//924 692//924
f 694//925 695//925 696//925
f 694//926 696//926 697//926
f 694//927 697//927 695//927
f 695//928 697//928 696//928
f 695//929 698//929 699//929
f 695//930 699//930 700//930
f 695//931 700//931 698//931
f 698//932 700//932 699//932
f 698//933 701//933 702//933
f 698//934 702//934 703//934
f 698//935 703//935 701//935
f 701//936 703//936 702//936
f 701//937 706//937 704//937
f 701//938 704//938 705//938
f 701//939 705//939 706//939
f 706//940 705//940 704//940
f 706//941 707//941 708//941
f 706//942 708//942 709//942
f 706//943 709//943 707//943
f 707//944 709//944 708//944
f 707//945 712//945 710//945
f 707//946 710//946 711//946
f 707//947 711//947 712//947
f 712//948 711//948 710//948
f 712//949 713//949 714//949
f 712//950 714//950 715//950
f 712//951 715//951 713//951
f 713//952 715//952 714//952
f 713//953 716//953 717//953
f 713//954 717//954 718//954
f 713//955 718//955 716//955
f 716//956 718//956 717//956
f 716//957 721//957 719//957
f 716//958 719//958 720//958
f 716//959 720//959 721//959
f 721//960 720//960 719//960
f 721//961 722//961 723//961
f 721//962 723//962 724//962
f 721//963 724//963 722//963
f 722//964 724//964 723//964
f 722//965 725//965 726//965
f 722//966 726//966 727//966
f 722//967 727//967 725//967
f 725//968 727//968 726//968
f 725//969 728//969 729//969
f 725//970 729//970 730//970
f 725//971 730//971 728//971
f 728//972 730//972 729//972
f 728//973 731//973 732//973
f 728//974 732//974 733//974
f 728//975 733//975 731//975
f 731//976 733//976 732//976
f 731//977 734//977 735//977
f 731//978 735//978 736//978
f 731//979 736//979 734//979
f 734//980 736//980 735//980
f 734//981 739//981 737//981
f 734//982 737//982 738//982
f 734//983 738//983 739//983
f 739//984 738//984 737//984
f 739//985 740//985 741//985
f 739//986 741//986 742//986
f 739//987 742//987 740//987
f 740//988 742//988 741//988
f 740//989 743//989 744//989
f 740//990 744//990 745//990
f 740//991 745//991 743//991
f 743//992 745//992 744//992
f 743//993 748//993 746//993
f 743//994 746//994 747//994
f 743//995 747//995 748//995
f 748//996 747//996 746//996
f 748//997 751//997 749//997
f 748//998 749//998 750//998
f 748//999 750//999 751//999
f 751//1000 750//1000 749//1000
f 751//1001 754//1001 752//1001
f 751//1002 752//1002 753//1002
f 751//1003 753//1003 754//1003
f 754//1004 753//1004 752//1004
f 754//1005 757//1005 755//1005
f 754//1006 755//1006 756//1006
f 754//1007 756//1007 757//1007
f 757//1008 756//1008 755//1008
f 757//1009 760//1009 758//1009
f 757//1010 758//1010 759//1010
f 757//1011 759//1011 760//1011
f 760//1012 759//1012 758//1012
f 760//1013 761//1013 762//1013
f 760//1014 762//1014 763//1014
f 760//1015 763//1015 761//1015
f 761//1016 763//1016 762//1016
f 761//1017 764//1017 765//1017
f 761//1018 765//1018 766//1018
f 761//1019 766//1019 764//1019
f 764//1020 766//1020 765//1020
f 764//1021 767//1021 768//1021
f 764//1022 768//1022 769//1022
f 764//1023 769//1023 767//1023
f 767//1024 769//1024 768//1024
f 767//1025 770//1025 771//1025
f 767//1026 771//1026 772//1026
f 767//1027 772//1027 770//1027
f 770//1028 772//1028 771//1028
f 770//1029 773//1029 774//1029
f 770//1030 774//1030 775//1030
f 770//1031 775//1031 773//1031
f 773//1032 775//1032 774//1032
f 773//1033 776//1033 777//1033
f 773//1034 777//1034 778//1034
f 773//1035 778//1035 776//1035
f 776//1036 778//1036 777//1036
f 776//1037 779//1037 780//1037
f 776//1038 780//1038 781//1038
f 776//1039 781//1039 779//1039
f 779//1040 781//1040 780//1040
f 779//1041 784//1041 782//1041
f 779//1042 782//1042 783//1042
f 779//1043 783//1043 784//1043
f 784//1044 783//1044 782//1044
f 784//1045 785//1045 786//1045
f 784//1046 786//1046 787//1046
f 784//1047 787//1047 785//1047
f 785//1048 787//1048 786//1048
f 785//1049 788//1049 789//1049
f 785//1050 789//1050 790//1050
f 785//1051 790//1051 788//1051
f 788//1052 790//1052 789//1052
f 788//1053 791//1053 792//1053
f 788//1054 792//1054 793//1054
f 788//1055 793//1055 791//1055
f 791//1056 793//1056 792//1056
f 791//1057 796//1057 794//1057
f 791//1058 794//1058 795//1058
f 791//1059 795//1059 796//1059
f 796//1060 795//1060 794//1060
f 796//1061 797//1061 798//1061
f 796//1062 798//1062 799//1062
f 796//1063 799//1063 797//1063
f 797//1064 799//1064 798//1064
f 797//1065 800//1065 801//1065
f 797//1066 801//1066 802//1066
f 797//1067 802//1067 800//1067
f 800//1068 802//1068 801//1068
f 800//1069 805//1069 803//1069
f 800//1070 803//1070 804//1070
f 800//1071 804//1071 805//1071
f 805//1072 804//1072 803//1072
f 805//1073 806//1073 807//1073
f 805//1074 807//1074 808//1074
f 805//1075 808//1075 806//1075
f 806//1076 808//1076 807//1076
f 806//1077 811//1077 809//1077
f 806//1078 809//1078 810//1078
f 806//1079 810//1079 811//1079
f 811//1080 810//1080 809//1080
f 811//1081 814//1081 812//1081
f 811//1082 812//1082 813//1082
f 811//1083 813//1083 814//1083
f 814//1084 813//1084 812//1084
f 814//1085 817//1085 815//1085
f 814//1086 815//1086 816//1086
f 814//1087 816//1087 817//1087
f 817//1088 816//1088 815//1088
f 817//1089 820//1089 818//1089
f 817//1090 818//1090 819//1090
f 817//1091 819//1091 820//1091
f 820//1092 819//1092 818//1092
f 820//1093 821//1093 822//1093
f 820//1094 822//1094 823//1094
f 820//1095 823//1095 821//1095
f 821//1096 823//1096 822//1096
f 821//1097 826//1097 824//1097
f 821//1098 824//1098 825//1098
f 821//1099 825//1099 826//1099
f 826//1100 825//1100 824//1100
f 826//1101 827//1101 828//1101
f 826//1102 828//1102 829//1102
f 826//1103 829//1103 827//1103
f 827//1104 829//1104 828//1104
f 827//1105 830//1105 831//1105
f 827//1106 831//1106 832//1106
f 827//1107 832//1107 830//1107
f 830//1108 832//1108 831//1108
f 830//1109 835//1109 833//1109
f 830//1110 833//1110 834//1110
f 830//1111 834//1111 835//1111
f 835//1112 834//1112 833//1112
f 835//1113 836//1113 837//1113
f 835//1114 837//1114 838//1114
f 835//1115 838//1115 836//1115
f 836//1116 838//1116 837//1116
f 836//1117 841//1117 839//1117
f 836//1118 839//1118 840//1118
f 836//1119 840//1119 841//1119
f 841//1120 840//1120 839//1120
f 841//1121 842//1121 843//1121
f 841//1122 843//1122 844//1122
f 841//1123 844//1123 842//1123
f 842//1124 844//1124 843//1124
f 842//1125 845//1125 846//1125
f 842//1126 846//1126 847//1126
f 842//1127 847//1127 845//1127
f 845//1128 847//1128 846//1128
f 845//1129 848//1129 849//1129
f 845//1130 849//1130 850//1130
f 845//1131 850//1131 848//1131
f 848//1132 850//1132 849//1132
f 848//1133 851//1133 852//1133
f 848//1134 852//1134 853//1134
f 848//1135 853//1135 851//1135
f 851//1136 853//1136 852//1136
f 851//1137 856//1137 854//1137
f 851//1138 854//1138 855//1138
f 851//1139 855//1139 856//1139
f 856//1140 855//1140 854//1140
f 856//1141 859//1141 857//1141
f 856//1142 857//1142 858//1142
f 856//1143 858//1143 859//1143
f 859//1144 858//1144 857//1144
f 859//1145 860//1145 861//1145
f 859//1146 861//1146 862//1146
f 859//1147 862//1147 860//1147
f 860//1148 862//1148 861//1148
f 860//1149 863//1149 864//1149
f 860//1150 864//1150 865//1150
f 860//1151 865//1151 863//1151
f 863//1152 865//1152 864//1152
f 863//1153 866//1153 867//1153
f 863//1154 867//1154 868//1154
f 863//1155 868//1155 866//1155
f 866//1156 868//1156 867//1156
f 866//1157 871//1157 869//1157
f 866//1158 869//1158 870//1158
f 866//1159 870//1159 871//1159
f 871//1160 870//1160 869//1160
f 871//1161 874//1161 872//1161
f 871//1162 872//1162 873//1162
f 871//1163 873//1163 874//1163
f 874//1164 873//1164 872//1164
f 874//1165 875//1165 876//1165
f 874//1166 876//1166 877//1166
f 874//1167 877//1167 875//1167
f 875//1168 877//1168 876//1168
f 875//1169 880//1169 878//1169
f 875//1170 878//1170 879//1170
f 875//1171 879//1171 880//1171
f 880//1172 879//1172 878//1172
f 880//1173 881//1173 882//1173
f 880//1174 882//1174 883//1174
f 880//1175 883//1175 881//1175
f 881//1176 883//1176 882//1176
f 881//1177 886//1177 884//1177
f 881//1178 884//1178 885//1178
f 881//1179 885//1179 886//1179
f 886//1180 885//1180 884//1180
f 886//1181 887//1181 888//1181
f 886//1182 888//1182 889//1182
f 886//1183 889//1183 887//1183
f 887//1184 889//1184 888//1184
f 887//1185 892//1185 890//1185
f 887//1186 890//1186 891//1186
f 887//1187 891//1187 892//1187
f 892//1188 891//1188 890//1188
f 892//1189 895//1189 893//1189
f 892//1190 893//1190 894//1190
f 892//1191 894//1191 895//1191
f 895//1192 894//1192 893//1192
f 895//1193 898//1193 896//1193
f 895//1194 896//1194 897//1194
f 895//1195 897//1195 898//1195
f 898//1196 897//1196 896//1196
f 898//1197 901//1197 899//1197
f 898//1198 899//1198 900//1198
f 898//1199 900//1199 901//1199
f 901//1200 900//1200 899//1200
f 901//1201 902//1201 903//1201
f 901//1202 903//1202 904//1202
f 901//1203 904//1203 902//1203
f 902//1204 904//1204 903//1204
f 902//1205 905//1205 906//1205
f 902//1206 906//1206 907//1206
f 902//1207 907//1207 905//1207
f 905//1208 907//1208 906//1208
f 905//1209 908//1209 909//1209
f 905//1210 909//1210 910//1210
f 905//1211 910//1211 908//1211
f 908//1212 910//1212 909//1212
f 908//1213 913//1213 911//1213
f 908//1214 911//1214 912//1214
f 908//1215 912//1215 913//1215
f 913//1216 912//1216 911//1216
f 913//1217 916//1217 914//1217
f 913//1218 914//1218 915//1218
f 913//1219 915//1219 916//1219
f 916//1220 915//1220 914//1220
f 916//1221 917//1221 918//1221
f 916//1222 918//1222 919//1222
f 916//1223 919//1223 917//1223
f 917//1224 919//1224 918//1224
f 917//1225 920//1225 921//1225
f 917//1226 921//1226 922//1226
f 917//1227 922//1227 920//1227
f 920//1228 922//1228 921//1228
f 920//1229 923//1229 924//1229
f 920//1230 924//1230 925//1230
f 920//1231 925//1231 923//1231
f 923//1232 925//1232 924//1232
f 923//1233 926//1233 927//1233
f 923//1234 927//1234 928//1234
f 923//1235 928//1235 926//1235
f 926//1236 928//1236 927//1236
f 926//1237 931//1237 929//1237
f 926//1238 929//1238 930//1238
f 926//1239 930//1239 931//1239
f 931//1240 930//1240 929//1240
f 931//1241 932//1241 933//1241
f 931//1242 933//1242 934//1242
f 931//1243 934//1243 932//1243
f 932//1244 934//1244 933//1244
f 932//1245 937//1245 935//1245
f 932//1246 935//1246 936//1246
f 932//1247 936//1247 937//1247
f 937//1248 936//1248 935//1248
f 937//1249 940//1249 938//1249
f 937//1250 938//1250 939//1250
f 937//1251 939//1251 940//1251
f 940//1252 939//1252 938//1252
f 940//1253 941//1253 942//1253
f 940//1254 942//1254 943//1254
f 940//1255 943//1255 941//1255
f 941//1256 943//1256 942//1256
f 941//1257 946//1257 944//1257
f 941//1258 944//1258 945//1258
f 941//1259 945//1259 946//1259
f 946//1260 945//1260 944//1260
f 946//1261 949//1261 947//1261
f 946//1262 947//1262 948//1262
f 946//1263 948//1263 949//1263
f 949//1264 948//1264 947//1264
f 949//1265 950//1265 951//1265
f 949//1266 951//1266 952//1266
f 949//1267 952//1267 950//1267
f 950//1268 952//1268 951//1268
f 950//1269 953//1269 954//1269
f 950//1270 954//1270 955//1270
f 950//1271 955//1271 953//1271
f 953//1272 955//1272 954//1272
f 953//1273 956//1273 957//1273
f 953//1274 957//1274 958//1274
f 953//1275 958//1275 956//1275
f 956//1276 958//1276 957//1276
f 956//1277 959//1277 960//1277
f 956//1278 960//1278 961//1278
f 956//1279 961//1279 959//1279
f 959//1280 961//1280 960//1280
f 959//1281 962//1281 963//1281
f 959//1282 963//1282 964//1282
f 959//1283 964//1283 962//1283
f 962//1284 964//1284 963//1284
f 962//1285 965//1285 966//1285
f 962//1286 966//1286 967//1286
f 962//1287 967//1287 965//1287
f 965//1288 967//1288 966//1288
f 965//1289 968//1289 969//1289
f 965//1290 969//1290 970//1290
f 965//1291 970//1291 968//1291
f 968//1292 970//1292 969//1292
f 968//1293 973//1293 971//1293
f 968//1294 971//1294 972//1294
f 968//1295 972//1295 973//1295
f 973//1296 972//1296 971//1296
f 973//1297 976//1297 974//1297
f 973//1298 974//1298 975//1298
f 973//1299 975//1299 976//1299
f 976//1300 975//1300 974//1300
f 976//1301 977//1301 978//1301
f 976//1302 978//1302 979//1302
f 976//1303 979//1303 977//1303
f 977//1304 979//1304 978//1304
f 977//1305 982//1305 980//1305
f 977//1306 980//1306 981//1306
f 977//1307 981//1307 982//1307
f 982//1308 981//1308 980//1308
f 982//1309 983//1309 984//1309
f 982//1310 984//1310 985//1310
f 982//1311 985//1311 983//1311
f 983//1312 985//1312 984//1312
o Tetrahedrons_Chain_B
v 218.910004 167.870010 173.929977
v 216.410004 168.890015 174.979980
v 216.419998 167.290009 172.559982
v 217.500000 169.980011 172.529984
v 214.000000 170.070023 176.079987
v 216.550003 170.510010 177.379990
v 215.309998 167.890015 177.469986
v 211.250000 169.770020 176.939987
v 211.839996 170.430008 174.179977
v 212.270004 172.400009 176.269989
v 211.899994 174.820023 174.719986
v 213.419998 174.900009 177.189987
v 210.550003 174.500015 177.269989
v 208.570007 173.350021 179.039978
v 208.110001 175.950012 177.849991
v 210.130005 175.640015 179.899979
v 206.500000 171.440018 179.749985
v 208.600006 172.080017 181.649979
v 209.210007 170.530014 179.269989
v 203.970001 171.000015 181.099991
v 204.940002 169.070023 179.159988
v 204.009995 171.670013 178.279984
v 203.940002 173.500015 182.559982
v 203.399994 171.010010 183.939987
v 201.460007 172.080017 182.059982
v 206.229996 175.220016 182.989990
v 206.589996 172.350021 182.769989
v 205.309998 173.480011 185.109985
v 208.330002 173.820023 184.419983
v 207.570007 176.500015 185.219986
v 208.990005 176.080017 182.729980
v 211.729996 176.160019 181.799988
v 210.250000 178.630020 182.139984
v 209.570007 176.810013 179.979980
v 214.589996 175.930008 181.359985
v 212.880005 173.600021 181.069992
v 213.380005 174.720016 183.699982
v 215.470001 178.280014 179.909988
v 217.050003 175.850021 179.829987
v 216.910004 177.400009 182.269989
v 219.070007 176.430008 183.939987
v 217.000000 178.100021 185.079987
v 218.929993 179.240021 183.249985
v 221.309998 180.730011 183.959991
v 218.690002 181.900009 184.369980
v 219.720001 181.550018 181.679977
v 223.770004 179.290009 183.419983
v 222.869995 179.650009 186.149979
v 223.869995 181.920013 184.649979
v 226.639999 182.740021 184.439987
v 225.369995 182.580017 187.039978
v 224.610001 184.670013 185.179977
v 224.970001 187.510010 185.639984
v 222.490005 186.220016 186.399979
v 223.119995 186.600021 183.599991
v 225.399994 190.070023 186.929977
v 226.100006 189.720016 184.139984
v 227.660004 188.420013 186.199982
v 224.509995 191.360016 189.369980
v 224.479996 192.820023 186.869980
v 227.009995 192.160019 188.139984
v 225.309998 192.300018 191.999985
v 224.449997 189.550018 191.639984
v 222.520004 191.710022 191.449982
v 220.139999 192.710022 192.759979
v 220.350006 189.900009 192.109985
v 220.020004 191.850021 189.989990
v 217.270004 193.120010 192.639984
v 219.059998 195.240021 191.819992
v 218.850006 194.520020 194.619980
v 217.979996 195.770020 197.089981
v 219.669998 197.230011 195.249985
v 220.750000 195.000015 196.759979
v 217.589996 196.880020 199.739990
v 217.199997 194.040009 199.289978
v 215.309998 195.960022 198.209991
v 213.440002 194.140015 196.949982
v 213.100006 197.000015 196.659988
v 212.600006 195.740021 199.219986
v 213.229996 191.480011 198.079987
v 214.960007 191.950012 195.799988
v 212.080002 192.040009 195.479980
v 213.229996 192.010010 200.929977
v 212.729996 189.330017 199.959991
v 210.740005 191.410019 199.569992
v 208.460007 193.130020 199.109985
v 208.070007 190.440018 200.109985
v 208.929993 190.860016 197.369980
v 210.050003 188.470016 196.169983
v 209.570007 190.820023 194.539978
v 207.330002 189.270020 195.549988
v 212.479996 187.180008 197.099991
v 210.330002 185.590012 195.979980
v 210.000000 186.850021 198.569992
v 208.820007 188.150009 200.869980
v 208.869995 185.260010 200.709991
v 207.130005 186.780014 198.959991
v 205.139999 187.960022 197.209991
v 204.330002 186.060013 199.249985
v 205.830002 185.150009 196.939987
v 206.990005 182.500015 196.909988
v 206.419998 183.860016 194.409988
v 204.250000 182.890015 196.069992
v 208.729996 182.560013 199.229980
v 209.399994 180.880020 196.959991
v 207.149994 180.190018 198.659988
v 208.080002 177.510010 199.249985
v 205.509995 177.900009 197.969986
v 205.869995 178.640015 200.749985
v 203.119995 178.150009 201.539978
v 204.529999 180.480011 202.549988
v 205.259995 177.830017 203.469986
v 205.869995 175.520020 205.119980
v 204.949997 177.990021 206.349991
v 207.600006 177.840012 205.179977
v 209.910004 178.560013 203.579987
v 209.949997 178.970016 206.449982
v 208.270004 180.640015 204.769989
v 206.339996 182.440018 203.579987
v 208.339996 183.470016 205.399979
v 206.190002 181.810013 206.399979
v 204.539993 179.910019 207.849991
v 204.860001 182.620010 208.849991
v 207.080002 180.760010 208.949982
v 209.539993 179.240021 209.219986
v 208.550003 180.800018 211.459991
v 209.630005 182.140015 209.129990
v 208.699997 184.880020 209.289978
v 210.389999 184.050018 207.089981
v 211.490005 184.270020 209.759979
v 207.169998 184.720016 211.759979
v 205.929993 185.760010 209.349991
v 207.979996 187.300018 210.709991
v 209.259995 183.910019 213.599991
v 206.940002 182.220016 213.199982
v 206.679993 184.730011 214.609985
v 211.050003 186.160019 213.239990
v 212.039993 183.450012 212.909988
v 211.339996 184.430008 215.549988
v 209.289993 188.130020 214.429977
v 210.080002 188.370010 211.649979
v 212.020004 188.840012 213.749985
v 209.259995 187.020020 217.109985
v 206.770004 187.510010 215.709991
v 208.360001 189.740021 216.659988
v 212.080002 187.210022 217.759979
v 210.759995 184.630020 217.779984
v 210.149994 186.580017 219.829987
v 212.479996 190.070023 217.549988
v 214.229996 188.260010 216.119980
v 214.389999 188.450012 219.009979
v 210.270004 191.830017 216.869980
v 212.470001 192.820023 218.489990
v 210.600006 190.900009 219.599991
v 209.050003 189.040009 221.199982
v 209.789993 191.620010 222.279984
v 211.809998 189.590012 221.879990
v 214.509995 190.650009 221.949982
v 214.089996 187.780014 221.899979
v 213.419998 189.310013 224.279984
v 214.169998 193.490021 222.439987
v 215.380005 192.580017 219.969986
v 216.830002 192.320023 222.459991
v 211.710007 194.920013 223.009979
v 214.149994 195.600021 224.429977
v 212.809998 193.090012 224.969986
v 214.940002 191.850021 226.509979
v 212.550003 190.340012 225.859985
v 212.410004 192.510010 227.789978
v 216.529999 194.280014 226.509979
v 217.649994 191.810013 225.489990
v 217.169998 192.120010 228.329987
v 215.460007 196.630020 225.179977
v 217.440002 196.920013 227.289978
v 214.740005 196.070023 227.939987
v 214.509995 194.710022 230.489990
v 212.130005 195.520020 229.059982
v 213.830002 197.520020 230.269989
v 217.309998 194.600021 231.239990
v 215.800003 192.150009 230.879990
v 215.270004 193.860016 233.159988
v 219.339996 195.860016 229.589981
v 219.740005 195.610016 232.449982
v 217.759995 197.460022 231.429977
v 215.630005 199.380020 231.019989
v 217.889999 200.050018 232.719986
v 215.949997 198.090012 233.599991
v 217.259995 196.540009 235.669983
v 214.460007 196.080017 235.069992
v 215.270004 198.530014 236.379990
v 219.649994 194.980011 235.159988
v 219.179993 196.090012 237.789978
v 219.839996 197.840012 235.579987
v 220.570007 200.080017 233.889984
v 221.880005 199.720016 236.449982
v 219.100006 200.540009 236.339981
v 218.339996 200.040009 239.099991
v 216.380005 201.050018 237.209991
v 218.539993 202.760010 238.119980
v 217.149994 197.820023 240.539978
v 215.529999 200.110016 239.819992
v 217.559998 200.360016 241.869980
v 215.839996 195.240021 240.379990
v 214.559998 197.580017 239.259979
v 214.789993 197.300018 242.129990
v 217.130005 192.840012 239.379990
v 214.789993 192.620010 241.069992
v 217.309998 193.510010 242.189987
v 217.350006 194.640015 244.859985
v 219.839996 193.950012 243.549988
v 218.050003 191.860016 244.459991
v 217.039993 197.360016 245.819992
v 217.610001 195.220016 247.689987
v 215.009995 195.380020 246.419983
v 212.990005 196.510010 248.159988
v 212.550003 193.930008 246.919983
v 212.509995 196.330017 245.309982
v 214.300003 198.740021 249.459991
v 212.919998 196.750015 251.049988
v 211.410004 198.600021 249.399979
v 208.539993 198.690018 248.989990
v 210.330002 198.860016 246.719986
v 210.139999 201.070023 248.579987
v 211.869995 203.190018 249.539978
v 209.350006 203.850021 248.279984
v 211.529999 202.780014 246.689987
v 211.029999 202.560013 243.839981
v 213.750000 202.650009 244.829987
v 212.089996 205.020020 244.949982
v 210.289993 201.600021 241.209991
v 208.649994 203.580017 242.539978
v 208.699997 200.860016 243.519989
v 210.740005 201.270020 238.359985
v 209.940002 199.000015 239.969986
v 212.600006 200.120010 240.269989
v 212.389999 201.640015 236.009979
v 210.009995 203.260010 236.379990
v 209.759995 200.440018 235.769989
v 209.029999 198.570023 233.669983
v 207.139999 200.600021 234.529984
v 207.779999 198.380020 236.279984
v 207.020004 196.050018 237.839981
v 205.139999 198.230011 237.459991
v 207.460007 198.600021 239.159988
v 205.669998 193.860016 239.169983
v 208.119995 194.940018 240.279984
v 208.190002 193.400009 237.819992
v 209.729996 193.170013 235.379990
v 208.139999 190.930008 236.309982
v 210.539993 191.700012 237.739990
v 212.500000 189.600021 237.359985
v 211.250000 189.970016 239.949982
v 213.160004 191.910019 238.969986
v 212.710007 186.720016 237.089981
v 215.089996 188.320023 237.489990
v 213.669998 188.440018 234.969986
v 215.779999 188.120010 233.009979
v 213.619995 189.990021 232.519989
v 213.110001 187.140015 232.439987
v 211.539993 184.710022 232.659988
v 211.509995 186.240021 230.199982
v 210.220001 187.290009 232.579987
v 209.740005 189.180008 234.719986
v 207.720001 188.750015 232.689987
v 210.169998 190.130020 232.019989
v 212.300003 191.650009 230.769989
v 209.539993 192.430008 230.369980
v 210.550003 190.010010 229.149979
v 210.860001 187.440018 227.839981
v 209.779999 189.690018 226.369980
v 208.210007 188.440018 228.449982
v 206.149994 187.760010 230.379990
v 205.449997 188.170013 227.589981
v 206.240005 190.420013 229.239990
v 207.190002 192.960022 230.269989
v 204.610001 192.800018 228.939987
v 207.059998 192.520020 227.409988
v 206.360001 191.260010 224.889984
v 209.070007 192.180008 225.349991
v 206.929993 194.100021 224.979980
v 205.119995 188.640015 224.779984
v 204.559998 190.600021 222.719986
v 203.520004 190.980011 225.399979
v 202.270004 192.000015 227.809982
v 200.729996 191.760010 225.369980
v 202.800003 193.780014 225.579987
v 204.759995 195.910019 225.449982
v 202.009995 196.420013 224.689987
v 203.690002 194.770020 223.009979
v 205.350006 193.810013 220.829987
v 203.339996 195.840012 220.339981
v 202.539993 193.120010 220.919983
v 200.899994 190.790009 221.479980
v 200.339996 192.440018 219.159988
v 199.800003 193.450012 221.819992
v 197.820007 195.560013 221.969986
v 200.220001 195.710022 223.589981
v 198.179993 193.740021 224.199982
v 198.339996 193.450012 227.079987
v 198.320007 191.100021 225.379990
v 195.919998 192.690018 225.679977
v 196.119995 194.610016 228.529984
v 198.720001 195.900009 228.589981
v 198.309998 193.390015 229.979980
v 198.160004 193.630020 232.869980
v 198.270004 191.010010 231.629990
v 195.880005 192.630020 231.369980
v 199.550003 191.390015 234.089981
v 197.199997 192.510010 235.359985
v 199.669998 194.020020 235.309982
v 201.410004 196.330017 235.579987
v 201.639999 194.610016 233.249985
v 202.490005 193.650009 235.849991
v 203.630005 195.890015 234.399979
v 204.910004 193.290009 234.279984
v 204.990005 194.840012 236.729980
v 204.250000 198.610016 233.629990
v 201.679993 198.000015 234.819992
v 202.289993 197.100021 232.129990
v 205.000000 200.180008 231.309982
v 207.039993 199.230011 233.139984
v 205.220001 201.330017 233.959991
v 206.000000 204.000015 234.769989
v 206.110001 201.820023 236.679977
v 203.550003 202.840012 235.789978
v 205.020004 206.710022 235.099991
v 206.860001 206.090012 232.949982
v 207.789993 206.080017 235.699982
v 210.679993 206.320023 235.569992
v 209.389999 205.520020 238.049988
v 209.130005 208.250015 237.079987
v 211.619995 207.090012 232.939987
v 212.490005 204.580017 234.119980
v 213.440002 207.100021 235.199982
v 212.750000 207.310013 230.279984
v 211.809998 209.680008 231.649979
v 209.910004 207.720016 230.689987
v 215.360001 206.170013 229.739990
v 213.580002 206.820023 227.539978
v 212.970001 204.590012 229.289978
v 210.110001 204.350021 228.849991
v 211.380005 202.830017 230.969986
v 211.869995 202.140015 228.189987
v 210.080002 205.860016 226.369980
v 208.559998 206.790009 228.659988
v 207.710007 204.420013 227.229980
v 212.589996 206.620010 225.149979
v 210.270004 206.120010 223.489990
v 211.589996 203.920013 224.839981
v 209.660004 201.750015 224.949982
v 212.350006 201.340012 225.929977
v 211.869995 201.630020 223.079987
v 207.100006 202.210022 226.239990
v 207.339996 200.210022 224.149979
v 207.500000 203.030014 223.479980
v 207.720001 205.660019 222.279984
v 205.949997 203.670013 221.119980
v 208.820007 203.350021 220.919983
v 209.389999 200.560013 220.339981
v 211.559998 202.460022 220.589981
v 209.800003 202.590012 218.299988
v 208.679993 198.230011 221.899979
v 208.899994 198.030014 219.009979
v 206.699997 199.490021 220.209991
v 205.649994 201.080017 218.019989
v 204.350006 201.140015 220.609985
v 204.190002 198.760010 218.959991
v 207.160004 203.090012 216.569992
v 205.000000 201.670013 215.249985
v 207.470001 200.290009 215.899979
v 206.929993 197.440018 215.989990
v 209.639999 198.420013 216.309982
v 208.339996 198.580017 213.729980
v 205.520004 194.930008 215.629990
v 206.119995 196.600021 213.329987
v 204.130005 197.440018 215.259979
v 204.360001 198.570023 212.599991
v 202.570007 199.780014 214.529984
v 201.929993 197.200012 213.389984
v 206.119995 196.650009 211.319992
v 206.869995 199.450012 211.449982
v 204.699997 198.610016 209.719986
v 207.300003 194.300018 212.529984
v 206.630005 194.300018 209.709991
v 204.520004 194.260010 211.689987
v 201.970001 194.400009 213.059982
v 202.479996 192.280014 211.149979
v 202.130005 195.000015 210.229980
v 201.820007 197.470016 208.729980
v 200.429993 195.070023 207.879990
v 203.309998 195.250015 207.599991
v 206.119995 194.740021 207.109985
v 204.190002 194.340012 204.989990
v 204.250000 192.530014 207.249985
v 203.820007 190.430008 209.199982
v 204.039993 189.770020 206.379990
v 201.690002 191.170013 207.369980
v 200.259995 192.490021 205.229980
v 199.179993 192.500015 207.919983
v 199.210007 190.040009 206.379990
v 202.250000 194.280014 204.119980
v 199.880005 193.630020 202.589981
v 201.919998 191.620010 203.019989
v 201.589996 188.760010 203.379990
v 204.240005 189.930008 203.429977
v 202.770004 189.780014 200.939987
v 199.910004 187.540009 205.409988
v 200.369995 186.180008 202.889984
v 198.720001 188.560013 202.969986
v 197.210007 190.960022 202.339981
v 196.279999 188.370010 201.429977
v 198.639999 189.550018 200.249985
v 200.600006 190.440018 198.299988
v 198.190002 189.100021 197.419983
v 200.250000 187.610016 198.809982
v 201.429993 185.490021 200.399979
v 200.690002 184.990021 197.639984
v 198.630005 185.350021 199.649979
v 196.050003 185.890015 198.449982
v 196.220001 185.110016 201.239990
v 196.779999 183.170013 199.159988
v 195.750000 188.120010 196.629990
v 194.169998 185.730011 196.239990
v 197.020004 185.680008 195.729980
v 197.690002 184.170013 193.339981
v 199.130005 183.690018 195.819992
v 199.529999 186.170013 194.359985
v 197.649994 185.090012 190.589981
v 195.470001 183.480011 191.619980
v 198.070007 182.280014 191.179977
v 200.039993 180.710022 189.739990
v 197.440002 181.210022 188.559982
v 197.679993 179.430008 190.829987
v 195.929993 178.680008 193.019989
v 197.089996 176.630020 191.329987
v 195.029999 178.390015 190.279984
v 193.199997 179.950012 188.659988
v 193.100006 177.060013 188.579987
v 195.350006 178.470016 187.399979
v 197.110001 176.300018 186.629990
v 197.960007 179.050018 186.279984
v 195.860001 177.950012 184.599991
v 195.080002 174.230011 186.759979
v 197.350006 174.150009 188.559982
v 197.720001 173.610016 185.729980
v 192.220001 174.610016 187.079987
v 193.229996 172.180008 185.869980
v 193.410004 174.690018 184.429977
v 194.220001 173.720016 181.819992
v 194.360001 176.550018 182.419983
v 191.779999 175.260010 182.109985
v 194.979996 171.870010 179.729980
v 193.520004 170.910019 182.039978
v 196.279999 171.740021 182.319992
v 195.630005 169.970016 177.629990
v 197.059998 172.490021 177.799988
v 194.279999 172.460022 176.979980
v 194.350006 168.560013 175.449982
v 194.600006 167.290009 178.039978
v 196.949997 167.710022 176.389984
v 198.589996 166.270020 174.479980
v 198.479996 165.400009 177.249985
v 199.839996 167.860016 176.559982
v 198.429993 166.900009 171.659988
v 198.399994 164.140015 172.519989
v 200.830002 165.700012 172.739990
v 197.679993 167.360016 168.889984
v 199.179993 169.370010 170.339981
v 196.399994 168.880020 171.009979
v 195.440002 165.870010 167.809982
v 198.149994 165.140015 167.079987
v 197.000000 167.610016 166.089981
v 198.720001 168.320023 163.869980
v 196.729996 170.200012 164.819992
v 195.899994 167.800018 163.409988
v 194.410004 168.150009 160.949982
v 193.210007 166.740021 163.179977
v 195.389999 165.530014 161.689987
v 194.009995 167.030014 158.299988
v 195.389999 169.570023 158.609985
v 192.539993 169.390015 159.109985
v 190.800003 171.220016 157.679977
v 191.029999 171.400009 160.569992
v 189.660004 169.150009 159.349991
v 189.830002 172.390015 155.209991
v 189.589996 173.850021 157.709991
v 187.949997 171.500015 157.229980
v 191.350006 170.150009 154.189987
v 192.649994 172.130020 155.849991
v 191.830002 172.810013 153.159988
v 192.929993 175.200012 154.379990
v 194.509995 173.690018 152.479980
v 193.970001 172.590012 155.099991
v 195.429993 172.470016 157.609985
v 196.399994 171.030014 155.299988
v 194.000000 170.140015 156.649979
v 196.160004 172.730011 160.399979
v 193.929993 174.250015 159.349991
v 196.630005 174.930008 158.569992
v 196.190002 172.540009 163.289978
v 198.639999 173.140015 161.859985
v 197.470001 170.490021 161.699982
v 195.539993 172.160019 166.089981
v 193.600006 171.460022 164.049988
v 194.220001 174.250015 164.569992
v 194.419998 171.820023 168.749985
v 197.270004 172.220016 168.419983
v 196.050003 169.720016 167.579987
v 193.300003 172.190018 171.399979
v 192.639999 169.820023 169.859985
v 191.589996 172.400009 169.059982
v 193.029999 174.930008 172.309982
v 195.130005 173.240021 173.379990
v 192.369995 172.740021 174.089981
v 191.380005 173.300018 176.749985
v 190.619995 170.840012 175.419983
v 189.570007 173.380020 174.489990
v 190.380005 175.860016 177.679977
v 192.830002 174.770020 178.789978
v 190.279999 173.540009 179.419983
v 189.179993 173.810013 182.089981
v 190.860001 171.540009 181.439987
v 188.190002 171.740021 180.319992
v 190.330002 174.980011 184.479980
v 188.940002 172.440018 184.639984
v 187.449997 174.880020 184.159988
v 185.880005 176.790009 185.679977
v 184.889999 174.100021 185.269989
v 185.000000 175.950012 183.049988
v 185.710007 179.670013 185.939987
v 186.320007 178.040009 188.259979
v 183.660004 177.980011 187.109985
v 183.929993 181.680008 184.839981
v 185.360001 179.870010 183.069992
v 186.800003 181.940018 184.499985
v 189.320007 181.560013 183.119980
v 189.190002 183.280014 185.459991
v 187.949997 184.110016 182.969986
v 187.550003 186.900009 183.649979
v 185.960007 185.680008 181.559982
v 188.779999 186.190018 181.129990
v 190.360001 186.470016 178.709991
v 189.610001 188.820023 180.219986
v 187.600006 187.340012 178.739990
v 190.309998 183.620010 178.169983
v 192.529999 184.770020 179.629990
v 192.220001 185.320023 176.799988
v 194.259995 184.460022 174.929977
v 194.119995 187.240021 175.749985
v 192.070007 186.130020 174.019989
v 193.979996 182.240021 173.079987
v 195.550003 181.930008 175.499985
v 196.529999 183.600021 173.349991
v 199.149994 184.850021 173.329987
v 197.550003 184.800018 170.909988
v 198.729996 182.350021 171.929977
v 200.960007 181.130020 170.539978
v 198.259995 180.210022 170.019989
v 199.529999 179.640015 172.569992
v 203.509995 182.260010 171.319992
v 202.470001 182.750015 168.659988
v 203.419998 180.100021 169.389984
v 203.740005 178.830017 166.799988
v 203.800003 177.240021 169.219986
v 206.000000 179.030014 168.609985
v 208.679993 178.030014 168.149979
v 207.910004 178.950012 170.789978
v 208.250000 180.860016 168.639984
v 209.229996 175.970016 166.199982
v 209.860001 175.520020 168.989990
v 211.419998 177.410019 167.439987
v 213.889999 177.520020 165.929977
v 213.770004 176.000015 168.399979
v 213.679993 178.900009 168.469986
v 215.559998 178.600021 163.819992
v 212.710007 178.320023 163.409988
v 214.389999 175.960022 163.529984
v 217.910004 177.660019 162.389984
v 218.139999 179.860016 164.269989
v 216.759995 180.250015 161.749985
v 217.449997 183.060013 161.969986
v 215.009995 182.260010 160.619980
v 217.580002 181.720016 159.399979
v 219.070007 183.090012 157.319992
v 216.320007 182.300018 156.849991
v 218.399994 180.290009 157.019989
v 219.559998 185.850021 156.589981
v 219.940002 183.740021 154.639984
v 221.779999 184.010010 156.859985
v 222.919998 183.390015 159.459991
v 223.559998 185.900009 158.159988
v 224.610001 183.420013 157.099991
v 222.639999 185.360016 161.569992
v 224.759995 183.380020 161.699982
v 222.000000 182.580017 162.079987
v 220.820007 181.670013 164.569992
v 222.029999 179.760010 162.759979
v 219.529999 181.050018 162.039978
v 219.179993 183.320023 166.299988
v 221.869995 182.600021 167.109985
v 219.779999 180.590012 167.049988
v 220.990005 179.220016 169.299988
v 219.619995 177.700012 167.239990
v 218.100006 179.360016 169.069992
v 215.369995 180.320023 169.189987
v 216.580002 179.100021 171.529984
v 215.910004 177.470016 169.229980
v 215.089996 181.040009 166.389984
v 215.289993 183.110016 168.409988
v 212.889999 181.490021 168.229980
v 210.270004 182.400009 167.399979
v 211.160004 182.830017 170.129990
v 210.509995 180.150009 169.219986
v 209.289993 182.050018 164.699982
v 209.729996 184.720016 165.749985
v 207.529999 183.120010 166.749985
v 205.789993 185.270020 167.619980
v 205.639999 182.670013 168.899979
v 204.690002 183.000015 166.179977
v 201.949997 182.660019 165.299988
v 203.779999 180.410019 165.259979
v 204.119995 182.580017 163.369980
v 200.419998 184.510010 163.669983
v 200.350006 184.720016 166.559982
v 199.059998 182.490021 165.239990
v 197.279999 181.970016 167.479980
v 198.009995 179.820023 165.679977
v 196.250000 181.940018 164.769989
v 194.910004 180.200012 162.869980
v 195.339996 182.990021 162.219986
v 193.419998 182.250015 164.259979
v 190.800003 183.440018 163.899979
v 192.259995 183.880020 166.359985
v 191.149994 181.270020 165.779984
v 188.800003 185.500015 163.449982
v 188.000000 182.720016 163.669983
v 189.449997 183.630020 161.329987
v 187.529999 187.630020 164.959991
v 187.559998 187.720016 162.059982
v 190.009995 188.130020 163.539978
v 192.259995 188.180008 165.379990
v 191.179993 185.650009 164.459991
v 189.649994 187.290009 166.289978
v 194.259995 189.780014 166.729980
v 194.880005 187.070023 165.899979
v 193.039993 187.520020 168.089981
v 195.300003 186.700012 169.709991
v 193.440002 184.720016 168.689987
v 192.610001 186.540009 170.789978
v 190.529999 185.250015 172.339981
v 190.889999 188.130020 172.499985
v 192.860001 186.350021 173.669983
v 188.339996 183.890015 173.669983
v 190.529999 182.360016 172.539978
v 188.639999 183.690018 170.789978
v 186.850006 182.050018 175.349991
v 185.500000 184.280014 174.079987
v 187.350006 184.760010 176.249985
v 185.699997 180.000015 177.039978
v 188.559998 180.080017 176.599991
v 186.789993 179.300018 174.449982
v 183.089996 180.170013 178.289978
v 185.380005 179.250015 179.819992
v 184.259995 177.580017 177.729980
v 184.960007 174.840012 177.099991
v 182.210007 175.730011 176.849991
v 183.410004 175.430008 179.469986
v 186.669998 172.620010 177.869980
v 187.809998 175.250015 177.439987
v 186.830002 173.710022 175.189987
v 188.259995 173.720016 172.669983
v 186.220001 175.710022 173.189987
v 185.470001 172.950012 172.749985
v 190.309998 174.510010 170.769989
v 188.639999 172.200012 170.229980
v 190.630005 172.090012 172.329987
v 192.539993 176.160019 171.569992
v 190.399994 177.300018 169.989990
v 192.240005 175.400009 168.789978
v 191.630005 174.330017 166.169983
v 194.009995 173.460022 167.569992
v 193.850006 176.160019 166.509979
v 196.619995 177.010010 166.279984
v 194.470001 178.900009 165.819992
v 194.970001 176.780014 163.909988
v 196.210007 176.970016 161.299988
v 193.529999 178.000015 161.709991
v 194.000000 175.140015 161.719986
v 198.029999 174.950012 160.309982
v 199.070007 177.370010 161.509979
v 197.789993 177.480011 158.909988
v 199.369995 178.520020 156.719986
v 197.080002 180.010010 157.699982
v 196.690002 177.540009 156.229980
v 201.399994 180.120010 155.409988
v 199.710007 178.350021 153.849991
v 201.729996 177.250015 155.619980
v 203.369995 181.460022 157.059982
v 201.779999 182.990021 155.179977
v 203.820007 181.170013 154.209991
v 202.089996 179.440018 158.699982
v 203.360001 181.730011 159.949982
v 204.979996 179.680008 158.689987
v 207.289993 179.370010 160.409988
v 207.500000 178.770020 157.579987
v 205.960007 177.030014 159.319992
v 204.009995 175.110016 160.279984
v 206.539993 174.190018 159.209991
v 204.550003 175.330017 157.439987
v 206.020004 174.540009 155.069992
v 204.229996 176.810013 154.959991
v 203.160004 174.130020 155.199982
v 208.850006 173.910019 155.159988
v 207.080002 172.350021 153.479980
v 206.929993 172.100021 156.359985
v 205.960007 169.430008 156.909988
v 205.660004 171.520020 158.899979
v 208.289993 170.440018 158.309982
v 205.100006 166.690018 157.339981
v 206.789993 167.350021 155.069992
v 204.029999 168.220016 155.119980
v 203.029999 164.660019 157.229980
v 203.800003 165.820023 159.779984
v 205.619995 164.040009 158.389984
v 206.710007 161.370010 158.139984
v 205.899994 162.360016 160.739990
v 208.250000 163.450012 159.439987
v 209.070007 166.170013 158.889984
v 210.899994 164.350021 160.209991
v 208.570007 165.340012 161.619980
v 208.600006 164.240021 164.299988
v 206.270004 165.690018 163.349991
v 208.740005 167.110016 163.909988
v 209.949997 163.620010 166.789978
v 210.380005 161.960022 164.459991
v 207.830002 161.900009 165.819992
v 212.429993 163.850021 168.279984
v 210.080002 162.710022 169.539978
v 210.169998 165.550018 168.949982
v 213.889999 165.480011 166.369980
v 215.070007 163.040009 167.409988
v 214.759995 165.350021 169.139984
v 213.669998 168.330017 165.879990
v 211.990005 166.470016 164.409988
v 214.839996 166.600021 163.869980
v 212.509995 170.930008 166.439987
v 215.369995 170.670013 165.999985
v 214.169998 169.620010 168.429977
v 209.919998 170.650009 165.159988
v 211.199997 173.250015 165.289978
v 210.139999 172.030014 167.699982
v 210.100006 172.660019 170.529984
v 208.250000 170.710022 169.449982
v 207.919998 173.520020 168.819992
v 205.250000 173.900009 167.769989
v 207.169998 176.070023 167.659988
v 206.059998 175.250015 170.209991
v 204.259995 176.700012 171.959991
v 207.080002 177.350021 171.919983
v 206.190002 174.840012 173.079987
v 201.639999 175.560013 172.459991
v 201.910004 177.890015 170.759979
v 202.350006 178.120010 173.619980
v 200.500000 179.670013 175.229980
v 203.000000 180.850021 174.349991
v 203.009995 178.760010 176.359985
v 198.160004 178.510010 176.479980
v 197.860001 180.390015 174.299988
v 198.779999 181.310013 176.889984
v 199.699997 184.040009 177.269989
v 199.619995 182.200012 179.509979
v 197.149994 183.190018 178.369980
v 194.619995 182.090012 179.259979
v 194.660004 184.300018 177.379990
v 195.440002 184.720016 180.139984
v 194.410004 187.430008 180.309982
v 196.500000 186.560013 182.119980
v 193.809998 185.510010 182.409988
v 191.850006 185.750015 184.529984
v 194.570007 184.970016 185.149979
v 192.830002 183.130020 183.739990
v 189.940002 186.090012 186.689987
v 189.119995 184.820023 184.219986
v 189.690002 187.660019 184.259979
v 188.279999 184.440018 188.389984
v 187.309998 187.010010 187.469986
v 189.440002 186.880020 189.429977
v 191.240005 186.770020 191.699982
v 188.699997 188.140015 191.929977
v 190.820007 189.280014 190.309982
v 193.160004 187.720016 189.599991
v 193.339996 189.750015 191.669983
v 193.020004 190.530014 188.889984
v 195.410004 189.650009 190.269989
v 195.539993 191.860016 188.399979
v 195.110001 189.160019 187.429977
v 196.429993 189.700012 184.899979
v 193.990005 188.140015 184.959991
v 196.449997 187.020020 186.009979
v 196.080002 184.290009 186.919983
v 198.660004 185.590012 187.229980
v 197.729996 184.840012 184.589981
v 198.710007 182.450012 183.259979
v 200.059998 184.990021 182.869980
v 197.429993 184.550018 181.719986
v 197.229996 179.970016 183.059982
v 199.610001 180.110016 184.709991
v 199.830002 180.200012 181.819992
v 202.669998 180.080017 181.259979
v 200.809998 180.720016 179.139984
v 200.899994 178.030014 180.219986
v 199.389999 175.640015 179.609985
v 201.830002 175.460022 181.169983
v 201.960007 176.090012 178.339981
v 204.809998 175.860016 177.869980
v 203.119995 177.170013 175.909988
v 202.949997 174.300018 176.289978
v 204.149994 172.610016 174.269989
v 201.289993 173.070023 174.249985
v 202.490005 171.440018 176.329987
v 206.860001 171.640015 174.609985
v 206.289993 173.660019 172.609985
v 205.360001 170.940018 172.229980
v 207.270004 171.330017 170.079987
v 204.440002 171.120010 169.479980
v 205.910004 168.780014 170.369980
v 207.960007 166.770020 169.949982
v 206.389999 167.730011 167.709991
v 205.160004 166.060013 169.729980
v 203.059998 166.080017 171.729980
v 203.550003 163.680008 170.179977
v 202.369995 166.010010 168.909988
v 202.539993 167.670013 166.549988
v 200.089996 167.590012 168.099991
v 200.889999 165.290009 166.529984
v 199.729996 163.980011 164.219986
v 198.880005 163.230011 166.889984
v 201.529999 162.520020 165.959991
v 198.100006 163.650009 161.849991
v 200.990005 163.610016 161.629990
v 199.610001 166.090012 162.239990
v 195.250000 163.200012 162.199982
v 196.279999 165.900009 162.029984
v 196.830002 164.290009 164.369980
v 192.929993 163.910019 163.779984
v 195.000000 162.250015 164.929977
v 193.270004 161.190018 162.859985
v 190.210007 164.700012 163.169983
v 192.139999 166.700012 163.979980
v 191.149994 164.770020 165.909988
v 189.110001 164.670013 167.959991
v 191.229996 166.640015 168.119980
v 191.820007 163.830017 168.569992
v 187.910004 162.260010 169.029984
v 186.830002 163.470016 166.629990
v 186.479996 164.780014 169.189987
v 184.550003 165.430008 171.249985
v 183.869995 165.800018 168.459991
v 185.809998 167.550018 169.709991
v 182.779999 166.320023 173.369980
v 185.470001 165.460022 173.999985
v 183.490005 163.520020 173.149979
v 179.970001 166.800018 173.889984
v 181.800003 169.030014 173.639984
v 181.929993 167.300018 175.959991
v 178.270004 164.470016 174.209991
v 178.210007 165.970016 171.729980
v 177.100006 167.120010 174.149979
v 174.509995 167.310013 175.449982
v 174.800003 168.080017 172.669983
v 175.970001 169.720016 174.749985
v 174.960007 167.590012 178.299988
v 174.399994 164.980011 177.169983
v 172.300003 166.990021 177.299988
v 170.690002 165.220016 178.939987
v 169.679993 166.160019 176.389984
v 169.929993 168.000015 178.609985
v 172.559998 169.160019 178.959991
v 170.839996 168.750015 181.259979
v 170.190002 170.800018 179.319992
v 172.240005 170.320023 181.309982
v 171.830002 173.000015 180.279984
v 172.990005 170.950012 178.579987
v 175.639999 169.830017 178.229980
v 175.050003 172.480011 177.229980
v 173.889999 170.160019 175.939987
v 178.270004 168.610016 178.369980
v 175.889999 166.950012 178.479980
v 176.570007 168.660019 180.719986
v 180.770004 170.050018 178.659988
v 180.179993 168.650009 176.189987
v 180.759995 167.150009 178.599991
v 181.190002 164.400009 177.789978
v 180.699997 165.030014 180.569992
v 183.210007 165.780014 179.329987
v 184.899994 166.930008 181.389984
v 185.869995 166.720016 178.659988
v 185.539993 164.330017 180.269989
v 186.940002 162.170013 178.939987
v 185.160004 161.600021 181.159988
v 187.690002 162.940018 181.639984
v 188.899994 162.900009 176.939987
v 187.229996 160.570023 176.539978
v 189.300003 160.530014 178.559982
v 189.729996 165.250015 178.429977
v 188.059998 165.540009 176.079987
v 190.830002 164.740021 175.799988
v 191.809998 162.870010 173.809982
v 193.550003 164.970016 174.799988
v 191.309998 165.630020 173.079987
v 190.240005 160.430008 173.759979
v 193.070007 160.350021 173.109985
v 191.190002 161.590012 171.279984
v 190.970001 160.840012 168.489990
v 193.110001 162.600021 169.349991
v 190.369995 163.550018 169.309982
v 188.779999 160.090012 166.739990
v 190.490005 158.040009 167.889984
v 191.520004 159.810013 165.829987
v 192.139999 159.640015 163.009979
v 193.399994 157.820023 164.879990
v 194.130005 160.620010 164.869980
v 190.690002 161.500015 161.309982
v 190.350006 158.640015 160.959991
v 192.850006 159.900009 160.209991
v 193.970001 160.800018 157.689987
v 193.080002 158.060013 157.979980
v 195.460007 158.970016 159.359985
v 195.320007 162.090012 155.469986
v 194.919998 163.530014 157.949982
v 192.660004 162.950012 156.229980
v 195.009995 163.870010 153.209991
v 195.720001 161.100021 152.769989
v 197.649994 162.920013 153.949982
v 199.860001 161.050018 154.099991
v 199.639999 163.190018 156.039978
v 200.330002 163.790009 153.289978
v 201.720001 164.070023 150.759979
v 203.190002 163.330017 153.139984
v 202.139999 166.020020 152.869980
v 202.419998 168.900009 152.869980
v 204.770004 167.210022 152.689987
v 203.279999 167.360016 155.169983
v 201.139999 171.010010 154.389984
v 200.059998 170.210022 151.819992
v 202.570007 171.650009 151.959991
v 203.639999 171.910019 149.269989
v 204.899994 173.310013 151.469986
v 202.300003 174.160019 150.529984
v 204.130005 169.180008 148.439987
v 203.240005 171.150009 146.499985
v 201.410004 170.200012 148.539978
v 199.509995 172.340012 148.089981
v 199.289993 170.680008 150.449982
v 198.669998 169.570023 147.849991
v 199.929993 175.190018 147.759979
v 197.910004 173.830017 146.189987
v 200.720001 173.350021 145.659988
v 200.619995 171.000015 143.969986
v 203.179993 172.040009 144.849991
v 201.600006 173.510010 142.899979
v 199.520004 168.360016 144.449982
v 199.380005 169.520020 141.799988
v 197.750000 170.600021 143.939987
v 196.110001 172.310013 145.619980
v 194.960007 171.030014 143.279984
v 196.869995 173.190018 142.959991
v 198.660004 175.250015 141.989990
v 196.029999 174.940018 140.809982
v 198.070007 172.940018 140.329987
v 196.589996 170.620010 139.429977
v 199.479996 170.520020 139.589981
v 198.199997 172.130020 137.549988
v 193.910004 171.710022 139.619980
v 194.550003 169.200012 140.919983
v 194.399994 169.340012 138.029984
v 193.070007 174.230011 140.789978
v 191.449997 172.970016 138.749985
v 194.009995 174.140015 138.049988
v 194.750000 173.150009 135.429977
v 196.199997 175.360016 136.599991
v 193.479996 175.740021 135.689987
v 193.059998 171.670013 133.589981
v 194.559998 170.270020 135.639984
v 195.949997 171.460022 133.399979
vn -0.1083 -0.8295 0.5480
vn 0.5087 -0.2135 -0.8341
vn 0.5014 0.6854 0.5280
vn -0.9015 0.3592 -0.2413
vn 0.1443 0.8163 -0.5594
vn 0.8836 -0.4104 0.2255
vn -0.5546 -0.6580 -0.5093
vn -0.4737 0.2532 0.8435
vn 0.2827 0.1324 0.9500
vn 0.0358 -0.9737 -0.2252
vn 0.6156 0.5063 -0.6039
vn -0.9355 0.3321 -0.1206
vn -0.7804 -0.4175 -0.4655
vn 0.8377 -0.1980 -0.5091
vn 0.0781 -0.3757 0.9234
vn -0.1364 0.9893 0.0519
vn -0.4453 -0.4366 -0.7818
vn 0.4339 0.8499 -0.2991
vn 0.6935 -0.6140 0.3769
vn -0.6824 0.2009 0.7028
vn -0.5593 0.7429 0.3679
vn 0.9685 0.2280 0.0998
vn -0.2144 -0.1276 -0.9684
vn -0.1949 -0.8440 0.4997
vn 0.4747 -0.4938 0.7286
vn 0.4973 -0.1132 -0.8601
vn -0.0462 0.9720 0.2303
vn -0.9257 -0.3649 -0.0998
vn 0.9752 -0.1028 0.1961
vn -0.4200 -0.9039 -0.0811
vn -0.1132 0.5000 -0.8586
vn -0.4395 0.5065 0.7418
vn 0.1177 0.0906 -0.9889
vn -0.4032 -0.8908 0.2096
vn -0.6057 0.7236 0.3311
vn 0.8899 0.0772 0.4495
vn 0.1188 -0.6167 -0.7782
vn -0.6802 -0.3800 0.6268
vn -0.3091 0.8931 -0.3269
vn 0.8714 0.1040 0.4794
vn 0.3192 0.0611 0.9457
vn -0.9008 0.4274 -0.0765
vn -0.0631 -0.9612 -0.2685
vn 0.6471 0.4703 -0.6000
vn -0.1314 0.2168 -0.9673
vn -0.8120 -0.4653 0.3525
vn 0.1470 0.8456 0.5132
vn 0.7958 -0.5968 0.1029
vn -0.5872 0.5728 0.5719
vn -0.5101 -0.3052 -0.8042
vn 0.2998 -0.7974 0.5237
vn 0.7980 0.5284 -0.2899
vn 0.5528 -0.1726 -0.8153
vn -0.5362 -0.8149 0.2202
vn -0.6166 0.7683 -0.1717
vn 0.6002 0.2188 0.7693
vn -0.0302 -0.3902 0.9202
vn -0.9285 0.0698 -0.3646
vn 0.5468 -0.5905 -0.5936
vn 0.4126 0.9101 0.0396
vn 0.0481 0.4216 -0.9055
vn -0.5136 -0.8562 -0.0564
vn -0.4599 0.6216 0.6341
vn 0.9248 -0.1894 0.3299
vn -0.1393 0.2234 -0.9647
vn 0.2886 -0.9539 0.0823
vn -0.8556 0.1339 0.5000
vn 0.7061 0.5964 0.3816
vn 0.3785 -0.1946 0.9049
vn -0.6601 -0.7101 -0.2449
vn 0.7371 0.0160 -0.6756
vn -0.4571 0.8892 0.0178
vn -0.9194 0.2889 -0.2669
vn 0.3584 -0.6428 -0.6770
vn -0.0358 -0.4449 0.8949
vn 0.5994 0.7988 0.0502
vn -0.9329 -0.3158 -0.1733
vn 0.4730 0.1393 -0.8700
vn 0.4857 -0.6871 0.5404
vn -0.0280 0.8630 0.5044
vn -0.1418 0.9450 -0.2947
vn 0.9438 -0.2702 -0.1905
vn -0.6251 -0.6022 -0.4967
vn -0.1781 -0.0728 0.9813
vn 0.4173 -0.1751 0.8918
vn 0.3502 -0.6616 -0.6631
vn 0.2258 0.9275 -0.2978
vn -0.9933 -0.0907 0.0712
vn -0.1347 -0.7552 0.6415
vn -0.0112 -0.3525 -0.9358
vn 0.8789 0.4419 0.1796
vn -0.7363 0.6666 0.1162
vn -0.8117 0.3537 -0.4649
vn 0.7541 -0.0765 -0.6523
vn -0.2046 -0.9005 0.3837
vn 0.2613 0.6248 0.7358
vn -0.1016 0.9122 -0.3970
vn 0.9633 -0.1658 0.2112
vn -0.3227 -0.6850 -0.6531
vn -0.5397 -0.0589 0.8398
vn 0.5692 -0.0157 -0.8221
vn 0.0976 0.8852 0.4548
vn 0.2905 -0.7282 0.6208
vn -0.9567 -0.1396 -0.2556
vn 0.7595 0.2026 0.6181
vn 0.1103 0.5210 -0.8464
vn -0.8633 0.2536 0.4364
vn -0.0075 -0.9782 -0.2074
vn -0.1358 0.9740 -0.1811
vn 0.9799 -0.1960 0.0365
vn -0.4211 -0.5396 -0.7291
vn -0.4207 -0.2383 0.8753
vn 0.5552 0.5753 -0.6006
vn 0.0666 0.3392 0.9384
vn 0.3341 -0.9417 -0.0395
vn -0.9550 0.0287 -0.2953
vn 0.9218 0.3297 0.2038
vn -0.6071 0.7807 -0.1483
vn -0.3353 -0.5435 0.7696
vn 0.0210 -0.5669 -0.8235
vn 0.2181 0.8068 0.5491
vn 0.4011 0.0991 -0.9107
vn -0.9924 -0.0911 -0.0821
vn 0.3717 -0.8153 0.4440
vn -0.0920 0.8459 -0.5253
vn 0.8873 -0.0102 0.4610
vn -0.0647 -0.7843 -0.6169
vn -0.7298 -0.0504 0.6818
vn 0.7173 0.2390 -0.6545
vn -0.1257 0.7504 0.6489
vn 0.2640 -0.8266 0.4971
vn -0.8556 -0.1629 -0.4914
vn 0.9161 0.4009 0.0092
vn -0.6322 0.6206 -0.4639
vn -0.3089 -0.1459 0.9398
vn 0.0230 -0.8760 -0.4818
vn -0.7489 0.3665 0.5522
vn 0.5156 0.7545 -0.4062
vn -0.3725 -0.5767 -0.7271
vn 0.6057 -0.5436 0.5811
vn 0.6439 0.3708 0.6693
vn 0.4399 -0.0448 -0.8969
vn -0.8042 0.5920 -0.0534
vn -0.2791 -0.9183 0.2806
vn 0.0950 -0.9597 -0.2645
vn -0.3200 0.5331 -0.7832
vn 0.8867 0.3494 0.3029
vn -0.6614 0.0768 0.7461
vn 0.5451 -0.3872 -0.7436
vn -0.9468 -0.3105 -0.0847
vn 0.0336 0.9981 -0.0518
vn 0.3711 -0.2995 0.8790
vn -0.5729 0.0171 -0.8194
vn 0.3737 -0.9189 0.1261
vn -0.5503 0.2484 0.7972
vn 0.7514 0.6517 -0.1036
vn -0.5970 -0.7756 -0.2050
vn 0.6197 0.1559 -0.7692
vn 0.5340 -0.1963 0.8224
vn -0.5586 0.8153 0.1524
vn 0.4564 -0.7553 -0.4703
vn -0.7979 0.2894 -0.5288
vn 0.6370 0.7653 0.0928
vn -0.2926 -0.3004 0.9078
vn 0.0885 -0.0336 -0.9955
vn -0.5233 -0.7902 0.3191
vn -0.4734 0.8404 0.2639
vn 0.9105 -0.0154 0.4132
vn -0.8113 -0.2444 -0.5311
vn 0.7637 -0.5882 -0.2662
vn -0.1907 -0.1216 0.9741
vn 0.2386 0.9549 -0.1770
vn -0.2984 -0.9226 -0.2446
vn 0.1514 0.5334 -0.8322
vn 0.8504 -0.0540 0.5233
vn -0.7028 0.4462 0.5541
vn 0.4723 -0.4722 -0.7443
vn -0.9855 -0.0069 -0.1694
vn 0.3209 0.9457 0.0518
vn 0.1903 -0.4658 0.8642
vn -0.2358 0.0321 -0.9713
vn -0.0739 -0.9412 0.3298
vn -0.6286 0.5826 0.5152
vn 0.9366 0.3267 0.1271
vn -0.7934 -0.5443 -0.2725
vn 0.7427 -0.1444 -0.6538
vn 0.3003 -0.2821 0.9112
vn -0.2487 0.9685 0.0130
vn 0.0331 -0.9235 -0.3821
vn -0.4732 0.6087 -0.6368
vn 0.9313 0.3327 0.1482
vn -0.4929 -0.0192 0.8699
vn 0.2309 -0.1256 -0.9648
vn -0.8540 -0.4794 0.2019
vn -0.1103 0.9748 0.1938
vn 0.7329 -0.3706 0.5706
vn -0.6149 0.0281 -0.7881
vn 0.4588 -0.8879 0.0330
vn -0.5267 0.1353 0.8392
vn 0.6817 0.7266 -0.0855
vn -0.5714 -0.7955 -0.2019
vn 0.4819 0.2850 -0.8286
vn 0.6654 -0.2393 0.7071
vn -0.5767 0.7495 0.3251
vn 0.2950 -0.7524 -0.5889
vn -0.8453 0.3937 -0.3612
vn 0.7112 0.7025 0.0262
vn -0.1601 -0.3417 0.9261
vn 0.0202 0.0145 -0.9997
vn -0.5926 -0.7431 0.3109
vn -0.3515 0.8731 0.3377
vn 0.9254 -0.1415 0.3515
vn -0.9024 -0.0339 -0.4296
vn 0.5898 -0.6924 -0.4157
vn -0.0863 -0.1794 0.9800
vn 0.3996 0.9062 -0.1381
vn -0.5280 -0.7480 -0.4021
vn 0.2253 0.6696 -0.7077
vn 0.8429 -0.3649 0.3954
vn -0.5400 0.4423 0.7161
vn 0.4290 -0.3146 -0.8467
vn -0.9902 0.0516 -0.1298
vn 0.3555 0.9043 0.2364
vn 0.2056 -0.6430 0.7378
vn -0.3405 0.2228 -0.9135
vn 0.0279 -0.9932 0.1131
vn -0.6085 0.3981 0.6865
vn 0.9217 0.3703 0.1154
vn -0.7849 -0.5347 -0.3132
vn 0.7318 -0.0514 -0.6796
vn 0.3258 -0.3694 0.8703
vn -0.2709 0.9547 0.1230
vn -0.0166 -0.8816 -0.4717
vn -0.4013 0.6991 -0.5918
vn 0.9449 0.2456 0.2162
vn -0.5294 -0.0619 0.8461
vn 0.2580 -0.0171 -0.9660
vn -0.8940 -0.4327 0.1167
vn -0.0472 0.9479 0.3152
vn 0.6830 -0.4993 0.5332
vn -0.6791 0.1545 -0.7176
vn 0.4383 -0.8880 -0.1389
vn -0.4495 0.0114 0.8932
vn 0.6915 0.7216 -0.0336
vn -0.6083 -0.7375 -0.2933
vn 0.4859 0.3700 -0.7918
vn 0.6622 -0.3604 0.6570
vn -0.5380 0.7253 0.4294
vn 0.2584 -0.6877 -0.6785
vn -0.8577 0.4323 -0.2782
vn 0.7172 0.6938 0.0656
vn -0.1192 -0.4372 0.8914
vn -0.1107 0.1516 -0.9822
vn -0.4870 -0.8325 0.2643
vn -0.3745 0.7781 0.5043
vn 0.9720 -0.0960 0.2142
vn -0.8614 -0.0957 -0.4989
vn 0.7030 -0.5599 -0.4385
vn -0.1261 -0.3007 0.9454
vn 0.2833 0.9590 -0.0101
vn -0.2524 -0.9376 -0.2393
vn -0.1405 0.5975 -0.7894
vn 0.9625 0.0264 0.2698
vn -0.5695 0.3154 0.7591
vn -0.2333 -0.4380 -0.8682
vn -0.0050 0.9932 -0.1162
vn 0.9090 -0.2988 0.2905
vn -0.6711 -0.2560 0.6958
vn 0.4492 -0.1737 -0.8764
vn -0.1443 0.9837 0.1075
vn 0.5759 -0.3386 0.7441
vn -0.8820 -0.4706 0.0248
vn 0.8339 0.5224 -0.1780
vn -0.5867 0.0219 -0.8095
vn -0.4864 0.3996 0.7770
vn 0.2411 -0.9474 0.2105
vn 0.0497 0.9195 -0.3899
vn 0.4446 -0.6494 -0.6170
vn -0.9579 -0.2590 0.1240
vn 0.4632 -0.0109 0.8862
vn -0.4842 0.2416 -0.8409
vn 0.9804 0.1547 -0.1218
vn -0.1631 -0.9635 0.2124
vn -0.3325 0.5688 0.7523
vn 0.4249 -0.4500 0.7855
vn 0.1563 -0.5484 -0.8214
vn 0.4004 0.9078 -0.1248
vn -0.9830 0.0908 0.1598
vn -0.0066 0.5065 -0.8622
vn 0.8435 -0.5332 0.0647
vn -0.7881 -0.6147 0.0320
vn -0.0470 0.6432 0.7642
vn -0.1291 0.2520 0.9591
vn -0.0185 -0.9958 -0.0892
vn 0.8813 0.3464 -0.3215
vn -0.7343 0.3991 -0.5492
vn 0.7751 -0.6318 -0.0016
vn -0.4539 -0.0329 0.8905
vn -0.6493 -0.2616 -0.7142
vn 0.3295 0.9282 -0.1728
vn 0.0053 -0.9971 0.0760
vn 0.6050 0.3886 0.6949
vn -0.9307 0.3392 0.1371
vn 0.3213 0.2710 -0.9074
vn 0.5412 0.7294 -0.4185
vn -0.3490 0.3120 0.8837
vn 0.5719 -0.8092 0.1344
vn -0.7655 -0.2305 -0.6007
vn -0.9609 0.2135 -0.1764
vn 0.0835 -0.4381 0.8950
vn 0.5356 0.8444 -0.0132
vn 0.3410 -0.6208 -0.7059
vn 0.4006 -0.9057 0.1387
vn 0.5417 0.6844 0.4881
vn -0.9360 0.0068 0.3520
vn -0.0076 0.2121 -0.9772
vn 0.7236 -0.6209 0.3014
vn 0.3635 0.6294 -0.6868
vn -0.3392 0.5201 0.7838
vn -0.7495 -0.5294 -0.3975
vn -0.3450 -0.4419 -0.8281
vn -0.0949 0.9917 -0.0863
vn 0.9649 -0.2311 0.1249
vn -0.5271 -0.3172 0.7884
vn -0.4912 -0.2105 -0.8452
vn -0.5319 0.6543 0.5375
vn 0.8913 0.3952 -0.2220
vn 0.1302 -0.8387 0.5288
vn 0.5680 0.7718 0.2858
vn -0.7816 0.3368 -0.5251
vn -0.3257 -0.4883 0.8096
vn 0.5389 -0.6195 -0.5708
vn -0.7288 -0.6329 -0.2613
vn -0.3567 0.6766 0.6442
vn 0.3444 0.4686 -0.8135
vn 0.7422 -0.5128 0.4315
vn -0.9027 -0.0256 -0.4295
vn -0.0991 -0.1000 0.9900
vn 0.4418 0.8728 -0.2074
vn 0.5622 -0.7482 -0.3524
vn 0.2388 -0.8842 0.4015
vn 0.5253 0.7239 0.4473
vn -0.9769 0.1712 0.1282
vn 0.2125 -0.0106 -0.9771
vn 0.0513 0.0571 0.9970
vn 0.7755 -0.5318 -0.3402
vn 0.0289 0.9202 -0.3903
vn -0.8546 -0.4455 -0.2667
vn 0.9832 0.0518 0.1748
vn -0.4015 -0.7293 0.5540
vn -0.1558 -0.1937 -0.9686
vn -0.4261 0.8725 0.2391
vn 0.6207 -0.7756 0.1146
vn 0.0504 0.5913 0.8049
vn -0.9357 -0.3351 -0.1099
vn 0.2646 0.5199 -0.8122
vn 0.0354 -0.4505 0.8921
vn 0.9234 0.2568 -0.2853
vn -0.5690 0.8199 0.0632
vn -0.3917 -0.6276 -0.6728
vn 0.5982 0.2985 0.7437
vn 0.1514 -0.9718 -0.1808
vn 0.2042 0.5313 -0.8222
vn -0.9546 0.1440 0.2607
vn 0.9349 -0.3546 0.0121
vn -0.4404 -0.1910 0.8773
vn -0.5108 -0.4427 -0.7369
vn 0.0175 0.9881 -0.1528
vn 0.2387 -0.8935 0.3804
vn 0.5605 0.7077 0.4301
vn -0.9665 0.1885 0.1742
vn 0.1682 -0.0025 -0.9858
vn 0.1876 -0.1297 0.9736
vn 0.7716 -0.3427 -0.5358
vn -0.1298 0.9735 -0.1884
vn -0.8288 -0.5003 -0.2507
vn 0.9015 0.2074 0.3798
vn -0.2627 -0.9299 0.2573
vn 0.0309 0.0720 -0.9969
vn -0.6702 0.6495 0.3591
vn 0.7357 -0.6773 -0.0062
vn -0.2136 0.2541 0.9433
vn -0.8138 -0.3891 -0.4317
vn 0.2906 0.8117 -0.5067
vn 0.2184 -0.8208 0.5278
vn 0.6723 0.7134 0.1978
vn -0.9136 0.3217 0.2487
vn 0.0214 -0.2145 -0.9765
vn 0.3129 0.0080 0.9497
vn 0.6148 -0.5650 -0.5502
vn -0.0043 0.9346 -0.3557
vn -0.9252 -0.3769 -0.0447
vn -0.6848 -0.6148 -0.3912
vn 0.4664 0.4901 -0.7364
vn 0.6687 -0.5315 0.5199
vn -0.4506 0.6546 0.6070
vn 0.9982 0.0295 -0.0525
vn -0.3674 -0.3957 -0.8417
vn -0.3567 0.9273 0.1132
vn -0.2748 -0.5620 0.7801
vn -0.4748 -0.8798 -0.0231
vn -0.2473 0.5359 -0.8073
vn 0.9875 -0.1574 0.0070
vn -0.2670 0.4999 0.8239
vn 0.9986 0.0181 0.0503
vn -0.2823 -0.5434 -0.7906
vn -0.3465 0.9332 -0.0955
vn -0.3688 -0.4102 0.8341
vn 0.8153 0.2126 -0.5385
vn -0.5788 -0.6367 -0.5095
vn -0.5103 0.8407 0.1814
vn 0.2714 -0.4152 0.8683
vn -0.1849 0.0245 0.9825
vn -0.6721 0.5625 -0.4816
vn -0.0608 -0.9427 -0.3282
vn 0.9198 0.3535 -0.1702
vn -0.5534 -0.2356 -0.7989
vn 0.2124 -0.8289 0.5175
vn -0.5074 0.6352 0.5824
vn 0.8499 0.4323 -0.3013
vn 0.3804 0.1706 0.9090
vn -0.7265 -0.6842 0.0642
vn 0.7218 -0.3358 -0.6051
vn -0.3730 0.8511 -0.3693
vn -0.9368 0.3427 -0.0709
vn 0.0919 -0.8382 -0.5375
vn 0.2109 -0.1915 0.9586
vn 0.6353 0.6878 -0.3512
vn 0.9424 -0.1923 -0.2737
vn -0.4407 -0.8471 0.2968
vn -0.5035 0.3822 -0.7749
vn 0.0011 0.6590 0.7521
vn -0.2517 -0.2062 0.9456
vn -0.7720 -0.2060 -0.6013
vn 0.7862 -0.5568 -0.2679
vn 0.2369 0.9685 -0.0766
vn 0.0673 -0.9592 -0.2744
vn -0.8051 0.1290 0.5789
vn -0.0842 0.5712 -0.8165
vn 0.8200 0.2594 0.5102
vn -0.7810 -0.4661 -0.4156
vn 0.2441 -0.4583 0.8546
vn -0.2431 0.9509 0.1915
vn 0.7787 -0.0248 -0.6269
vn 0.9085 0.1310 0.3968
vn -0.6903 0.3625 0.6261
vn -0.1624 -0.9753 -0.1497
vn -0.0565 0.4828 -0.8739
vn 0.0467 -0.3383 0.9399
vn 0.3919 0.9189 -0.0456
vn -0.9551 0.0300 -0.2947
vn 0.5170 -0.6115 -0.5990
vn -0.1613 0.7538 0.6370
vn 0.8282 -0.4922 0.2681
vn 0.1116 0.3649 -0.9243
vn -0.7795 -0.6262 0.0180
vn 0.7910 0.5267 0.3111
vn -0.5423 -0.2829 0.7911
vn 0.3118 -0.8099 -0.4969
vn -0.5625 0.5656 -0.6031
vn 0.4864 -0.2754 0.8292
vn -0.2578 0.9637 0.0700
vn -0.8231 -0.5581 -0.1047
vn 0.5953 -0.1294 -0.7930
vn -0.2858 0.3003 0.9100
vn 0.9643 0.2251 -0.1395
vn -0.5583 0.4616 -0.6894
vn -0.1216 -0.9893 -0.0802
vn 0.3181 0.8952 0.3121
vn 0.2221 -0.6916 0.6873
vn 0.4504 -0.2305 -0.8626
vn -0.9904 0.0238 -0.1365
vn 0.8727 0.1403 0.4676
vn -0.7469 0.3267 0.5791
vn -0.1216 -0.9753 -0.1846
vn -0.0037 0.5060 -0.8625
vn 0.0555 -0.1923 0.9798
vn 0.2864 0.9435 -0.1666
vn -0.9406 -0.1267 -0.3151
vn 0.6028 -0.6229 -0.4986
vn -0.2719 0.5912 0.7593
vn 0.9679 -0.2347 0.0899
vn -0.1503 0.4827 -0.8628
vn -0.5467 -0.8372 0.0163
vn 0.5834 0.7642 0.2751
vn -0.2433 -0.5415 0.8047
vn 0.4926 -0.5747 -0.6535
vn -0.8334 0.3517 -0.4264
vn 0.7421 -0.0772 0.6658
vn -0.6454 0.7020 0.3010
vn -0.4708 -0.8789 -0.0767
vn 0.3767 0.2548 -0.8906
vn -0.1375 0.0573 0.9888
vn 0.6559 0.6981 -0.2872
vn -0.8711 0.1503 -0.4676
vn 0.3550 -0.9049 -0.2350
vn -0.2523 0.0029 0.9677
vn 0.8730 -0.4737 -0.1162
vn 0.0843 0.9425 -0.3233
vn -0.7087 -0.4700 -0.5262
vn 0.7410 0.5926 0.3158
vn -0.6256 -0.1802 0.7591
vn 0.3782 -0.8634 -0.3341
vn -0.4956 0.4509 -0.7423
vn 0.4576 -0.1632 0.8740
vn -0.3419 0.9394 -0.0273
vn -0.7656 -0.6356 -0.0992
vn 0.6497 -0.1393 -0.7473
vn -0.2778 0.3258 0.9037
vn 0.9126 0.3466 -0.2168
vn -0.6496 0.3287 -0.6856
vn 0.0155 -0.9999 -0.0037
vn 0.1676 0.9625 0.2135
vn 0.3629 -0.5740 0.7340
vn 0.4535 -0.2326 -0.8603
vn -0.9837 -0.1566 -0.0888
vn 0.8400 0.3548 0.4106
vn -0.7810 0.2496 0.5724
vn 0.0555 -0.9960 -0.0698
vn -0.1132 0.3893 -0.9141
vn 0.1587 -0.0719 0.9847
vn 0.1217 0.9493 -0.2899
vn -0.9319 -0.2948 -0.2114
vn 0.6526 -0.5829 -0.4841
vn -0.3293 0.6778 0.6574
vn 0.9889 -0.1075 0.1023
vn -0.2074 0.3084 -0.9284
vn -0.4505 -0.8764 0.1700
vn 0.4922 0.8485 0.1945
vn -0.0956 -0.5290 0.8432
vn 0.5120 -0.5349 -0.6721
vn -0.9056 0.2171 -0.3644
vn 0.6769 -0.3514 0.6468
vn -0.4758 0.7805 0.4055
vn -0.6622 -0.7179 -0.2147
vn 0.4619 0.2894 -0.8384
vn -0.0775 0.1333 0.9880
vn 0.5863 0.7106 -0.3890
vn -0.9074 0.0522 -0.4170
vn 0.4000 -0.8982 -0.1820
vn -0.1241 0.8925 0.4337
vn 0.8012 -0.4531 0.3908
vn 0.1318 0.1244 -0.9834
vn -0.8090 -0.5662 0.1579
vn 0.8109 0.5572 0.1789
vn -0.5245 -0.1083 0.8445
vn 0.2817 -0.8989 -0.3355
vn -0.5687 0.4468 -0.6906
vn 0.6946 0.0435 0.7180
vn -0.4663 0.8821 -0.0661
vn -0.6646 -0.7143 0.2193
vn 0.4369 -0.2116 -0.8743
vn -0.2484 0.4889 0.8362
vn 0.9116 0.2853 -0.2961
vn -0.6640 0.2091 -0.7179
vn 0.0016 -0.9841 0.1779
vn 0.0784 0.9613 0.2640
vn 0.4924 -0.5664 0.6608
vn 0.3954 -0.1312 -0.9091
vn -0.9647 -0.2628 -0.0147
vn 0.8886 0.3558 0.2894
vn -0.7181 0.3795 0.5834
vn -0.0040 -0.9971 0.0756
vn -0.1654 0.2644 -0.9501
vn -0.6694 -0.6983 0.2535
vn 0.3676 0.4271 0.8261
vn -0.4439 0.6961 -0.5642
vn 0.7455 -0.4233 -0.5148
vn 0.9871 0.1555 0.0376
vn -0.4788 0.8305 0.2848
vn -0.2426 -0.7509 0.6143
vn -0.2671 -0.2361 -0.9343
vn 0.4884 -0.1719 0.8555
vn 0.3532 0.8333 -0.4253
vn -0.9757 0.1102 0.1896
vn 0.1328 -0.7731 -0.6202
vn -0.3694 0.9290 0.0230
vn 0.7894 -0.0572 0.6112
vn 0.2822 -0.2260 -0.9324
vn -0.7034 -0.6447 0.2993
vn 0.5995 0.7954 0.0887
vn -0.6618 0.0021 0.7497
vn 0.5446 -0.8379 0.0372
vn -0.4841 0.0409 -0.8741
vn 0.3953 -0.0053 0.9185
vn -0.3031 0.9255 -0.2271
vn -0.7809 -0.6240 -0.0263
vn 0.6865 -0.2967 -0.6639
vn -0.5102 0.5423 0.6675
vn 0.9773 0.1911 0.0913
vn -0.3035 0.2397 -0.9222
vn -0.1644 -0.9726 0.1641
vn 0.1414 0.9856 0.0932
vn 0.0436 -0.4307 0.9014
vn 0.7114 -0.3874 -0.5864
vn -0.8971 -0.1697 -0.4080
vn 0.9354 -0.1170 0.3338
vn -0.4360 0.7539 0.4915
vn -0.5142 -0.8437 0.1540
vn 0.0142 0.2067 -0.9783
vn -0.8635 0.1782 -0.4717
vn -0.1331 0.1103 0.9850
vn 0.6961 0.6441 -0.3171
vn 0.3006 -0.9330 -0.1977
vn 0.6803 -0.4263 0.5962
vn -0.0777 0.9705 0.2280
vn -0.8855 -0.4462 0.1297
vn 0.2826 -0.0960 -0.9544
vn 0.4381 0.6154 -0.6553
vn -0.8835 0.3812 0.2722
vn 0.5837 -0.1011 0.8056
vn -0.1387 -0.8944 -0.4252
vn -0.7746 -0.5939 -0.2173
vn -0.0717 0.3059 0.9493
vn -0.0057 0.7961 -0.6051
vn 0.8530 -0.5067 -0.1253
vn -0.9975 0.0306 0.0634
vn 0.3563 -0.6497 0.6715
vn 0.3730 0.9098 0.1821
vn 0.2689 -0.2892 -0.9187
vn 0.8555 -0.4209 -0.3015
vn 0.1381 0.4339 0.8903
vn -0.7085 -0.7017 0.0753
vn -0.2822 0.6908 -0.6657
vn -0.6109 0.7616 0.2164
vn 0.0411 -0.6261 0.7786
vn 0.9169 0.3502 -0.1914
vn -0.3468 -0.4836 -0.8037
vn 0.2032 -0.9673 -0.1520
vn 0.6669 0.3829 0.6392
vn -0.9188 0.0923 0.3837
vn 0.0508 0.4928 -0.8687
vn -0.3694 0.8623 0.3464
vn 0.1787 -0.6194 0.7645
vn 0.8525 0.1803 -0.4907
vn -0.6595 -0.4223 -0.6219
vn -0.7337 -0.5790 0.3555
vn 0.8726 -0.4830 0.0724
vn 0.0396 0.8468 0.5305
vn -0.1819 0.2159 -0.9593
vn 0.7591 0.6432 -0.1005
vn 0.1141 -0.5263 0.8426
vn -0.0132 -0.6234 -0.7818
vn -0.8624 0.5049 0.0372
vn 0.8967 0.4143 -0.1559
vn -0.1637 -0.0865 0.9827
vn -0.0227 -0.9069 -0.4207
vn -0.7088 0.5774 -0.4053
vn -0.6925 -0.1484 -0.7060
vn -0.2339 -0.5299 0.8152
vn 0.0363 0.9714 0.2345
vn 0.8907 -0.2947 -0.3460
vn -0.6739 -0.0655 0.7359
vn -0.3708 0.5519 -0.7469
vn 0.2143 -0.9156 -0.3402
vn 0.8323 0.4286 0.3515
vn 0.5355 0.7991 -0.2733
vn -0.2655 -0.5178 -0.8133
vn -0.8182 0.3002 0.4903
vn 0.5516 -0.5839 0.5956
vn -0.6201 -0.7494 0.2321
vn -0.3532 0.4846 -0.8002
vn 0.9089 -0.3638 -0.2039
vn 0.0649 0.6299 0.7740
vn -0.2006 0.9774 0.0663
vn 0.5210 -0.1796 -0.8345
vn -0.8566 -0.5154 -0.0250
vn 0.5343 -0.2840 0.7962
vn 0.3749 -0.9263 -0.0387
vn -0.3667 0.2486 -0.8965
vn 0.7230 0.6421 0.2550
vn -0.7302 0.0351 0.6824
vn -0.1305 0.9889 0.0714
vn 0.7906 -0.1902 -0.5821
vn -0.8188 -0.4140 -0.3977
vn 0.1591 -0.3833 0.9098
vn 0.7838 -0.4768 0.3978
vn -0.1734 -0.3554 -0.9185
vn 0.1947 0.9793 -0.0544
vn -0.8047 -0.1493 0.5746
vn -0.9439 0.0165 -0.3297
vn 0.6146 0.3025 -0.7285
vn 0.2391 -0.9318 0.2732
vn 0.0915 0.6113 0.7861
vn 0.7969 -0.4587 0.3932
vn -0.2209 -0.4145 -0.8828
vn 0.2035 0.9706 -0.1286
vn -0.7787 -0.0948 0.6203
vn -0.9077 -0.2261 -0.3536
vn 0.5286 0.4646 -0.7105
vn 0.4716 -0.8395 0.2697
vn -0.0931 0.6000 0.7946
vn 0.8082 0.5178 0.2806
vn 0.2518 -0.6506 -0.7165
vn -0.6933 0.6303 -0.3494
vn -0.3671 -0.4969 0.7864
vn 0.0186 0.8944 -0.4468
vn 0.8585 -0.4810 -0.1776
vn -0.7630 -0.5368 -0.3602
vn -0.1138 0.1244 0.9857
vn 0.4544 -0.2953 0.8404
vn -0.0444 -0.7664 -0.6408
vn 0.5150 0.7515 -0.4123
vn -0.9272 0.3090 0.2116
vn 0.9762 0.0760 -0.2033
vn -0.1763 -0.8737 0.4534
vn -0.5234 0.0459 -0.8508
vn -0.2764 0.7507 0.6001
vn 0.0545 0.5161 0.8548
vn -0.7606 -0.6475 0.0476
vn 0.8554 -0.4990 -0.1391
vn -0.1474 0.6295 -0.7629
vn -0.4921 -0.3122 -0.8126
vn 0.2034 -0.7835 0.5872
vn -0.5676 0.6537 0.5005
vn 0.8530 0.4420 -0.2775
vn 0.9010 0.0236 0.4331
vn -0.6874 -0.2635 0.6768
vn 0.0060 -0.6639 -0.7478
vn -0.2191 0.9060 -0.3622
vn 0.8389 -0.0784 0.5386
vn -0.7179 0.4189 0.5560
vn -0.2902 -0.9104 -0.2948
vn 0.1712 0.5707 -0.8031
vn -0.6613 0.1508 -0.7348
vn -0.4858 -0.1545 0.8603
vn 0.5898 0.8023 0.0913
vn 0.5577 -0.8013 -0.2168
vn 0.6173 -0.1938 0.7625
vn -0.6160 0.7468 0.2508
vn -0.5365 -0.8176 -0.2093
vn 0.5347 0.2637 -0.8028
vn -0.2630 0.6370 -0.7246
vn -0.8162 -0.3057 0.4903
vn 0.6181 0.4590 0.6382
vn 0.4637 -0.7896 -0.4020
vn 0.2471 -0.5047 0.8272
vn -0.4146 0.8732 0.2561
vn -0.6512 -0.5369 -0.5363
vn 0.8207 0.1679 -0.5461
vn -0.0884 0.6740 -0.7334
vn -0.8969 -0.1681 0.4091
vn 0.6258 0.3494 0.6973
vn 0.3628 -0.8545 -0.3717
vn 0.0681 -0.6663 0.7425
vn -0.4653 0.8201 0.3330
vn -0.5196 -0.3950 -0.7577
vn 0.9179 0.2425 -0.3142
vn 0.2442 0.8823 -0.4025
vn -0.9900 -0.1280 -0.0596
vn 0.2819 -0.0196 0.9592
vn 0.4616 -0.7361 -0.4951
vn -0.3046 -0.9235 0.2330
vn -0.5486 0.6662 0.5051
vn -0.1114 0.1531 -0.9819
vn 0.9639 0.1041 0.2449
vn -0.0349 0.6821 -0.7304
vn -0.9132 -0.3809 0.1448
vn 0.3165 0.4315 0.8447
vn 0.6290 -0.7326 -0.2602
vn -0.2776 -0.8121 -0.5132
vn -0.3956 -0.0344 0.9178
vn -0.3251 0.8194 -0.4721
vn 0.9974 0.0293 0.0665
vn -0.1423 0.9223 0.3594
vn -0.8033 -0.5618 0.1978
vn 0.8064 -0.4048 0.4311
vn 0.1376 0.0477 -0.9893
vn -0.5886 -0.4304 -0.6843
vn 0.1886 -0.6493 0.7368
vn -0.4588 0.8052 0.3758
vn 0.8604 0.2762 -0.4284
vn 0.9524 -0.2478 0.1774
vn -0.4970 0.0542 0.8661
vn -0.4223 -0.6949 -0.5820
vn -0.0339 0.8855 -0.4634
vn -0.3137 0.8806 0.3553
vn -0.6909 -0.6996 0.1823
vn 0.8576 -0.2532 0.4476
vn 0.1484 0.0702 -0.9864
vn 0.0823 0.2412 0.9670
vn -0.9534 0.0934 -0.2868
vn 0.2984 -0.9452 -0.1324
vn 0.5722 0.6098 -0.5484
vn -0.7840 0.4312 0.4466
vn 0.1676 0.4466 -0.8789
vn -0.1898 -0.9706 -0.1482
vn 0.8088 0.0944 0.5804
vn -0.9453 0.1662 -0.2806
vn 0.6084 0.6188 -0.4970
vn 0.2461 -0.9470 -0.2064
vn 0.0890 0.1599 0.9831
vn 0.8793 0.1204 0.4607
vn 0.1580 -0.2299 -0.9603
vn -0.5263 0.8481 0.0605
vn -0.5086 -0.7397 0.4406
vn -0.8200 -0.3120 -0.4798
vn 0.3545 0.8212 -0.4472
vn 0.6933 -0.7202 -0.0229
vn -0.2298 0.2105 0.9502
vn -0.0000 0.8541 0.5201
vn 0.8564 -0.0809 -0.5099
vn -0.7690 0.0006 -0.6392
vn -0.0875 -0.7729 0.6285
vn 0.3283 0.8965 0.2976
vn 0.6329 -0.7066 0.3164
vn -0.0523 -0.0239 -0.9983
vn -0.9086 -0.1668 0.3829
vn -0.3538 -0.9138 -0.1996
vn 0.9951 0.0008 -0.0993
vn -0.2422 0.2548 0.9362
vn -0.3978 0.6602 -0.6371
vn 0.3904 0.8813 -0.2661
vn 0.5308 -0.3851 0.7549
vn 0.0290 -0.6268 -0.7787
vn -0.9484 0.1321 0.2884
vn -0.2977 -0.9270 0.2282
vn 0.9407 -0.0219 -0.3386
vn -0.0439 0.5722 0.8189
vn -0.5963 0.3770 -0.7087
vn 0.1538 0.4751 -0.8664
vn 0.6886 0.2879 0.6656
vn 0.0707 -0.9870 -0.1444
vn -0.9117 0.2226 0.3454
vn -0.2704 -0.2365 0.9333
vn 0.9482 -0.2797 -0.1505
vn -0.0804 0.9881 -0.1314
vn -0.5953 -0.4726 -0.6498
vn 0.0534 -0.6349 -0.7707
vn 0.7816 0.6232 -0.0264
vn 0.0125 -0.5147 0.8573
vn -0.8486 0.5257 -0.0588
vn -0.2023 0.9771 0.0661
vn 0.7883 -0.2150 0.5765
vn 0.2052 -0.2372 -0.9495
vn -0.7928 -0.5264 0.3072
vn -0.2033 -0.6464 0.7354
vn 0.8822 -0.2315 -0.4101
vn 0.0351 0.9284 0.3698
vn -0.7179 -0.0511 -0.6942
vn 0.4242 0.8138 -0.3973
vn 0.6231 -0.4126 0.6645
vn -0.2002 -0.6598 -0.7243
vn -0.8501 0.2597 0.4581
vn -0.1093 0.1097 0.9879
vn 0.2595 -0.9435 -0.2061
vn 0.7125 0.6200 -0.3284
vn -0.8654 0.2132 -0.4534
vn 0.5188 -0.2665 0.8123
vn -0.8662 -0.4991 -0.0244
vn 0.5311 -0.2163 -0.8192
vn -0.1818 0.9829 0.0286
vn 0.6329 0.0114 -0.7742
vn -0.8332 -0.4889 -0.2584
vn -0.2306 0.9386 0.2565
vn 0.4286 -0.4647 0.7748
vn -0.7181 0.5999 0.3528
vn 0.3208 0.3437 -0.8826
vn -0.3672 -0.9225 -0.1190
vn 0.7631 -0.0232 0.6459
vn 0.0859 0.9321 0.3520
vn 0.5562 -0.0974 -0.8253
vn -0.9582 -0.1839 -0.2193
vn 0.3156 -0.6518 0.6896
vn -0.6407 0.1222 -0.7580
vn 0.6736 0.7391 -0.0097
vn 0.4703 -0.8770 -0.0987
vn -0.5008 0.0145 0.8654
vn 0.4906 0.0602 0.8693
vn 0.6586 -0.0520 -0.7507
vn -0.5739 0.8106 -0.1161
vn -0.5737 -0.8191 -0.0029
vn -0.1936 -0.5714 -0.7975
vn 0.0895 0.9537 -0.2872
vn 0.8526 -0.2995 0.4282
vn -0.7498 -0.0798 0.6569
vn 0.1057 0.5966 0.7956
vn 0.7189 0.2020 -0.6651
vn -0.8945 0.1566 -0.4188
vn 0.0710 -0.9550 0.2880
vn -0.4319 -0.0001 -0.9019
vn 0.1936 0.9414 0.2763
vn 0.8533 -0.5197 -0.0420
vn -0.6147 -0.4218 0.6665
vn 0.1712 0.2621 -0.9497
vn -0.7035 0.5940 0.3902
vn 0.8438 0.0941 0.5284
vn -0.3105 -0.9500 0.0334
vn -0.7007 -0.6453 -0.3043
vn -0.1469 0.2213 0.9641
vn -0.0548 0.8349 -0.5476
vn 0.9048 -0.4107 -0.1130
vn 0.6912 0.6054 0.3946
vn -0.8823 0.1698 0.4389
vn 0.2671 -0.9523 0.1478
vn -0.0771 0.1774 -0.9811
vn -0.6604 0.5869 -0.4685
vn -0.4761 -0.7778 0.4104
vn 0.4623 0.5228 0.7162
vn 0.6752 -0.3345 -0.6574
vn 0.5477 -0.8202 0.1651
vn -0.4854 0.2499 0.8378
vn -0.6620 -0.1819 -0.7271
vn 0.6005 0.7524 -0.2705
vn -0.6105 0.7728 -0.1735
vn -0.5203 -0.7413 0.4239
vn 0.7357 0.2848 0.6145
vn 0.3927 -0.3158 -0.8638
vn 0.2837 -0.9531 -0.1050
vn 0.0060 0.2429 0.9700
vn -0.9220 0.1155 -0.3696
vn 0.6305 0.5963 -0.4968
vn 0.3803 0.8917 0.2456
vn -0.8623 -0.1400 0.4867
vn 0.6450 -0.7207 0.2540
vn -0.1625 -0.0301 -0.9863
vn -0.7313 -0.3820 -0.5650
vn -0.0039 -0.4429 0.8966
vn -0.1458 0.9828 0.1134
vn 0.8828 -0.1605 -0.4414
vn 0.5894 0.4772 0.6518
vn -0.9229 -0.0787 0.3770
vn 0.3658 -0.9149 -0.1706
vn -0.0316 0.5148 -0.8567
vn -0.6618 0.7396 -0.1222
vn -0.4754 -0.8798 -0.0042
vn 0.4710 0.1181 0.8742
vn 0.6656 0.0220 -0.7460
vn -0.6923 0.1483 0.7062
vn -0.4394 -0.0138 -0.8982
vn 0.4591 -0.8736 0.1614
vn 0.6736 0.7384 0.0312
vn 0.0513 -0.6488 -0.7592
vn -0.8616 0.5052 -0.0502
vn 0.7659 0.6404 -0.0572
vn 0.0443 -0.4975 0.8663
vn -0.5996 -0.0317 0.7996
vn 0.2623 0.9478 -0.1815
vn -0.4828 -0.3675 -0.7949
vn 0.8181 -0.5473 0.1767
vn -0.7197 0.6892 -0.0835
vn 0.4035 0.0470 0.9138
vn 0.7077 0.1711 -0.6855
vn -0.3917 -0.9086 -0.1449
vn 0.7511 0.6051 0.2642
vn -0.8642 0.3751 0.3353
vn 0.1479 -0.9071 0.3941
vn -0.0345 -0.0755 -0.9966
vn 0.0813 0.4894 0.8683
vn 0.1645 0.6304 -0.7586
vn -0.9190 -0.3857 -0.0814
vn 0.6761 -0.7362 -0.0287
vn -0.8887 0.2428 -0.3889
vn 0.4235 0.8140 0.3976
vn 0.5905 -0.3630 -0.7208
vn -0.1256 -0.6935 0.7094
vn 0.8135 -0.1680 0.5568
vn 0.2060 0.6932 -0.6907
vn -0.7446 0.3252 0.5830
vn -0.2756 -0.8484 -0.4519
vn 0.3324 -0.2903 -0.8973
vn -0.6924 0.7123 -0.1149
vn 0.7630 0.3619 0.5356
vn -0.4008 -0.7823 0.4769
vn 0.4067 0.2484 -0.8792
vn -0.9203 -0.3618 -0.1490
vn -0.0519 0.8095 0.5849
vn 0.5668 -0.6956 0.4414
vn -0.9583 0.2700 -0.0934
vn 0.3559 -0.2871 -0.8893
vn 0.0695 -0.7588 0.6476
vn 0.5326 0.7777 0.3340
vn -0.3900 -0.8534 -0.3459
vn -0.3102 0.7632 -0.5669
vn 0.9980 -0.0532 -0.0330
vn -0.2962 0.1428 0.9444
vn 0.7677 0.5803 -0.2717
vn -0.4262 -0.3900 -0.8163
vn -0.6719 0.5461 0.5003
vn 0.3306 -0.7387 0.5873
vn 0.2729 -0.9094 -0.3138
vn -0.9971 0.0444 0.0618
vn 0.3256 0.6883 -0.6482
vn 0.3982 0.1745 0.9006
vn -0.4069 -0.5176 -0.7527
vn 0.0835 -0.5901 0.8030
vn -0.5842 0.7812 0.2201
vn 0.9069 0.3237 -0.2697
vn -0.6988 0.0685 0.7120
vn -0.0384 -0.9064 -0.4207
vn 0.9033 0.1395 0.4057
vn -0.1639 0.6985 -0.6966
vn -0.1370 0.1498 -0.9792
vn 0.7976 -0.5866 0.1404
vn -0.8099 -0.4439 0.3834
vn 0.1496 0.8786 0.4535
vn -0.1448 -0.8641 0.4820
vn 0.4514 -0.1785 -0.8743
vn 0.5745 0.6002 0.5565
vn -0.8818 0.4423 -0.1639
vn 0.4822 0.8566 -0.1839
vn 0.6657 -0.7263 0.1711
vn -0.5621 -0.2432 -0.7905
vn -0.5858 0.1112 0.8028
vn -0.3224 -0.7789 0.5380
vn 0.3075 -0.3176 -0.8970
vn 0.7630 0.4399 0.4736
vn -0.7469 0.6550 -0.1145
vn -0.1646 0.6697 -0.7242
vn 0.9236 -0.3714 -0.0949
vn -0.6689 -0.7395 -0.0753
vn -0.0897 0.4438 0.8916
vn 0.3572 -0.4659 0.8095
vn 0.1063 -0.5941 -0.7973
vn 0.5053 0.8505 -0.1461
vn -0.9690 0.2088 0.1323
vn -0.4479 0.3289 -0.8314
vn 0.9652 -0.1788 -0.1907
vn -0.4426 -0.8437 0.3037
vn -0.0731 0.6911 0.7190
vn 0.5469 -0.2386 0.8024
vn 0.0247 -0.7554 -0.6548
vn 0.3746 0.8237 -0.4257
vn -0.9462 0.1691 0.2760
vn -0.4561 0.2717 -0.8474
vn 0.9362 -0.2873 -0.2026
vn -0.4975 -0.7602 0.4178
vn 0.0165 0.7723 0.6350
vn 0.4555 -0.4069 0.7918
vn 0.0139 -0.6480 -0.7615
vn 0.4781 0.8381 -0.2627
vn -0.9475 0.2169 0.2348
vn -0.8231 -0.2819 -0.4929
vn 0.6928 0.3043 -0.6537
vn 0.3579 -0.7718 0.5256
vn -0.2258 0.7502 0.6214
vn 0.2481 0.9612 0.1206
vn 0.7986 -0.5086 -0.3217
vn -0.7364 -0.0726 -0.6726
vn -0.3075 -0.3783 0.8731
vn 0.2613 -0.8910 0.3713
vn 0.1159 -0.0093 -0.9932
vn 0.5786 0.7109 0.3998
vn -0.9569 0.1889 0.2205
vn 0.8083 -0.5098 0.2945
vn -0.3930 -0.4378 -0.8086
vn 0.2623 0.9389 -0.2228
vn -0.6768 0.0080 0.7361
vn 0.7606 -0.2124 -0.6134
vn -0.4315 -0.8505 0.3009
vn -0.6712 0.5628 -0.4823
vn 0.3410 0.4984 0.7970
vn -0.4256 -0.2415 -0.8721
vn -0.2451 -0.6815 0.6896
vn -0.3244 0.9004 0.2900
vn 0.9939 0.0222 -0.1082
vn -0.4371 -0.8774 0.1976
vn -0.1934 0.6403 0.7433
vn -0.3599 0.3657 -0.8583
vn 0.9884 -0.1278 -0.0824
vn 0.8483 0.2080 0.4870
vn -0.5377 0.8370 -0.1019
vn -0.5276 -0.6737 0.5174
vn 0.2158 -0.3723 -0.9027
vn -0.8031 -0.0876 -0.5894
vn -0.2781 0.3375 0.8993
vn 0.6442 0.6455 -0.4103
vn 0.4382 -0.8934 0.0994
vn 0.5907 -0.1937 0.7833
vn -0.1275 0.9881 -0.0865
vn -0.8873 -0.4402 0.1372
vn 0.4238 -0.3533 -0.8340
vn -0.4304 0.3248 -0.8422
vn -0.5592 0.2705 0.7837
vn 0.9121 0.4016 0.0819
vn 0.0761 -0.9968 -0.0252
vn 0.1405 -0.5417 0.8287
vn 0.0843 0.9720 0.2194
vn -0.9124 -0.1784 -0.3683
vn 0.6892 -0.2500 -0.6801
vn -0.4549 0.4790 -0.7508
vn -0.5285 0.1194 0.8405
vn 0.9169 0.3785 0.1264
vn 0.0649 -0.9747 -0.2140
vn 0.0509 -0.7400 0.6707
vn 0.1464 0.8761 0.4593
vn -0.9018 -0.0038 -0.4322
vn 0.7044 -0.1340 -0.6970
vn 0.1324 0.7975 -0.5886
vn -0.8073 0.1379 0.5738
vn 0.8055 -0.1214 0.5801
vn -0.1271 -0.8150 -0.5653
vn -0.3498 -0.8159 0.4604
vn 0.1720 0.7172 0.6753
vn -0.6739 0.3232 -0.6643
vn 0.8527 -0.2257 -0.4710
vn 0.7356 -0.3247 0.5946
vn -0.0939 0.9909 0.0963
vn -0.8592 -0.4414 0.2586
vn 0.2180 -0.2243 -0.9498
vn -0.0198 -0.2238 0.9744
vn 0.6735 0.7210 -0.1631
vn -0.9036 0.3169 -0.2882
vn 0.2479 -0.8154 -0.5232
vn -0.0114 0.9997 -0.0220
vn 0.6537 -0.3118 0.6895
vn 0.2697 -0.3519 -0.8963
vn -0.9129 -0.3360 0.2317
vn 0.7793 -0.5376 -0.3220
vn 0.3288 0.7611 0.5591
vn -0.5990 -0.5830 0.5489
vn -0.5075 0.3584 -0.7836
vn -0.7183 0.6950 -0.0334
vn 0.2984 -0.1258 0.9461
vn 0.7768 0.2941 -0.5569
vn -0.3564 -0.8638 -0.3561
vn -0.0030 -0.9902 0.1400
vn 0.8504 0.3850 0.3587
vn -0.7786 0.4053 0.4791
vn -0.0716 0.2005 -0.9771
vn -0.1192 -0.0170 -0.9927
vn 0.7651 0.6002 0.2331
vn 0.1866 -0.9257 0.3291
vn -0.8328 0.3449 0.4331
vn 0.4735 0.8175 0.3278
vn 0.6677 -0.7199 -0.1894
vn -0.5022 0.2201 -0.8363
vn -0.6418 -0.3165 0.6985
vn -0.3030 -0.9443 0.1281
vn 0.2554 0.1409 -0.9565
vn 0.7894 0.1815 0.5864
vn -0.7453 0.6221 0.2398
vn -0.5582 0.6432 -0.5241
vn 0.9677 0.1740 -0.1823
vn -0.2283 -0.9346 -0.2728
vn -0.1831 0.1178 0.9760
vn 0.4227 0.1835 0.8875
vn 0.6173 -0.5550 -0.5576
vn -0.1825 0.8649 -0.4676
vn -0.8579 -0.4955 0.1362
vn -0.3546 -0.9343 -0.0375
vn 0.3513 0.2541 -0.9011
vn 0.7369 0.0517 0.6741
vn -0.7340 0.6266 0.2620
vn 0.3277 0.9372 -0.1199
vn 0.7299 -0.6411 -0.2372
vn -0.7893 -0.1534 -0.5946
vn -0.2688 -0.1430 0.9525
vn -0.1762 0.0343 -0.9838
vn 0.9299 0.3179 0.1849
vn -0.1010 -0.9410 0.3229
vn -0.6530 0.5892 0.4759
vn 0.0973 0.0654 0.9931
vn 0.7261 -0.5804 -0.3686
vn 0.0652 0.9125 -0.4037
vn -0.8907 -0.3982 -0.2193
vn -0.2099 -0.9364 -0.2813
vn 0.6085 0.4199 -0.6733
vn 0.4479 -0.0117 0.8940
vn -0.8462 0.5296 0.0584
vn -0.1962 0.9784 -0.0652
vn 0.9788 -0.1495 -0.1399
vn -0.5154 -0.4931 -0.7009
vn -0.2645 -0.3348 0.9044
vn 0.5468 0.2445 0.8007
vn 0.4085 -0.7920 -0.4537
vn -0.0232 0.7710 -0.6364
vn -0.9319 -0.2206 0.2878
vn 0.0215 0.2439 -0.9696
vn 0.3863 -0.9138 0.1260
vn -0.9463 0.0059 0.3233
vn 0.5379 0.6631 0.5205
vn -0.0078 -0.9739 -0.2269
vn -0.6637 0.1777 0.7266
vn -0.2426 0.5342 -0.8098
vn 0.9143 0.2594 0.3110
vn 0.2817 0.3930 0.8753
vn -0.7018 0.5805 -0.4129
vn -0.3682 -0.9177 0.1491
vn 0.7895 -0.0549 -0.6113
vn 0.0134 -0.0853 -0.9963
vn -0.9434 -0.0535 0.3272
vn 0.3939 0.8797 0.2662
vn 0.5359 -0.7416 0.4035
vn -0.1037 -0.0202 0.9944
vn -0.4328 0.8247 -0.3641
vn -0.4366 -0.8072 -0.3973
vn 0.9724 0.0015 -0.2331
vn 0.4290 0.3163 -0.8461
vn -0.9828 -0.1100 -0.1483
vn 0.1583 0.6697 0.7255
vn 0.3952 -0.8784 0.2687
vn -0.5578 -0.4404 0.7035
vn -0.3711 0.9064 -0.2016
vn -0.0121 -0.5575 -0.8301
vn 0.9406 0.0906 0.3272
vn -0.7632 -0.1018 -0.6381
vn -0.3434 0.3340 0.8778
vn 0.6590 0.6549 -0.3698
vn 0.4449 -0.8862 0.1292
vn -0.6819 0.5679 -0.4610
vn -0.4579 -0.7642 0.4541
vn 0.4894 0.5469 0.6792
vn 0.6506 -0.3507 -0.6736
vn 0.7443 -0.5248 0.4131
vn -0.8172 -0.0738 0.5716
vn -0.1961 -0.3596 -0.9123
vn 0.2699 0.9601 -0.0733
vn 0.3189 -0.6073 0.7277
vn 0.0362 0.9479 0.3165
vn -0.9412 -0.2348 -0.2429
vn 0.5856 -0.1064 -0.8036
vn -0.8384 0.5408 -0.0682
vn 0.2167 -0.1592 0.9632
vn 0.7511 0.4964 -0.4352
vn -0.1306 -0.8779 -0.4607
vn 0.5853 -0.7934 0.1671
vn 0.2461 0.7364 0.6302
vn -0.9561 -0.2553 0.1440
vn 0.1220 0.3121 -0.9422
vn -0.0264 0.9304 -0.3657
vn -0.6093 -0.0649 0.7903
vn 0.9349 -0.2199 0.2785
vn -0.2995 -0.6445 -0.7035
vn -0.7504 -0.6488 -0.1259
vn 0.3690 -0.0929 0.9248
vn -0.3373 0.9323 -0.1304
vn 0.7187 -0.1898 -0.6689
vn 0.6526 0.7212 0.2324
vn -0.7556 0.0097 0.6550
vn 0.4578 -0.8884 0.0336
vn -0.3547 0.1550 -0.9220
vn -0.9129 0.2636 -0.3116
vn -0.0701 -0.7730 0.6306
vn 0.4278 0.7741 0.4666
vn 0.5574 -0.2643 -0.7870
vn 0.8785 -0.3379 0.3379
vn -0.6224 0.1433 0.7695
vn -0.3960 -0.6687 -0.6294
vn 0.1429 0.8657 -0.4797
vn 0.1140 0.7880 0.6050
vn -0.9693 -0.2396 -0.0557
vn 0.5131 -0.7785 0.3615
vn 0.3390 0.2317 -0.9118
vn -0.1519 -0.2561 -0.9546
vn -0.5429 -0.5940 0.5937
vn -0.2747 0.9515 0.1387
vn 0.9700 -0.1009 0.2213
vn -0.7574 0.5478 -0.3555
vn -0.1658 -0.9661 -0.1980
vn 0.0724 0.1275 0.9892
vn 0.8521 0.2888 -0.4365
vn -0.0714 0.0069 -0.9974
vn 0.4103 -0.8617 0.2986
vn -0.9120 0.0887 0.4004
vn 0.5723 0.7641 0.2976
vn 0.8394 0.1289 0.5279
vn -0.5783 -0.6778 0.4540
vn 0.2331 -0.3169 -0.9194
vn -0.4940 0.8672 -0.0623
vn 0.5949 -0.7876 0.1605
vn -0.1572 0.4761 0.8653
vn -0.8731 -0.3088 -0.3772
vn 0.4380 0.6235 -0.6476
vn -0.0787 -0.3029 0.9498
vn 0.9517 0.2319 -0.2011
vn -0.5737 0.8073 -0.1387
vn -0.2979 -0.7347 -0.6094
vn 0.5930 0.6315 0.4995
vn 0.1202 -0.9231 0.3654
vn 0.2419 0.0107 -0.9702
vn -0.9539 0.2799 0.1080
vn 0.9056 -0.0854 0.4155
vn -0.6770 0.1823 0.7131
vn -0.2340 -0.8509 -0.4702
vn 0.0045 0.7530 -0.6581
vn -0.0426 -0.5821 0.8120
vn 0.5128 0.8320 0.2117
vn -0.9283 0.2423 -0.2819
vn 0.4553 -0.4936 -0.7410
vn -0.0372 0.1938 0.9803
vn 0.8840 -0.4094 -0.2259
vn -0.1130 0.8497 -0.5149
vn -0.7346 -0.6349 -0.2391
vn 0.8250 0.4224 0.3754
vn -0.2537 -0.7907 0.5572
vn 0.1766 -0.2953 -0.9389
vn -0.7487 0.6628 0.0054
vn 0.7766 -0.4862 0.4006
vn -0.3757 0.6414 0.6689
vn -0.7065 -0.6583 -0.2598
vn 0.3035 0.5037 -0.8088
vn -0.0635 -0.3255 0.9434
vn 0.8429 0.5259 -0.1138
vn -0.7867 0.5819 -0.2063
vn 0.0074 -0.7827 -0.6223
vn 0.2603 0.4956 0.8287
vn 0.5357 -0.8416 -0.0686
vn 0.1764 0.5733 -0.8001
vn -0.9729 -0.2276 0.0395
vn 0.9345 0.1652 0.3152
vn -0.5041 -0.4962 0.7068
vn 0.0187 -0.5431 -0.8394
vn -0.4496 0.8743 -0.1830
vn 0.6384 -0.6429 0.4232
vn -0.0770 0.8171 0.5713
vn -0.8977 -0.4311 -0.0907
vn 0.3387 0.2570 -0.9051
vn -0.7706 0.0968 0.6299
vn 0.8539 -0.0184 0.5201
vn 0.0144 0.7726 -0.6347
vn -0.0957 -0.8532 -0.5127
s 0
f 986//1313 987//1313 988//1313
f 986//1314 988//1314 989//1314
f 986//1315 989//1315 987//1315
f 987//1316 989//1316 988//1316
f 987//1317 990//1317 991//1317
f 987//1318 991//1318 992//1318
f 987//1319 992//1319 990//1319
f 990//1320 992//1320 991//1320
f 990//1321 995//1321 993//1321
f 990//1322 993//1322 994//1322
f 990//1323 994//1323 995//1323
f 995//1324 994//1324 993//1324
f 995//1325 998//1325 996//1325
f 995//1326 996//1326 997//1326
f 995//1327 997//1327 998//1327
f 998//1328 997//1328 996//1328
f 998//1329 999//1329 1000//1329
f 998//1330 1000//1330 1001//1330
f 998//1331 1001//1331 999//1331
f 999//1332 1001//1332 1000//1332
f 999//1333 1002//1333 1003//1333
f 999//1334 1003//1334 1004//1334
f 999//1335 1004//1335 1002//1335
f 1002//1336 1004//1336 1003//1336
f 1002//1337 1005//1337 1006//1337
f 1002//1338 1006//1338 1007//1338
f 1002//1339 1007//1339 1005//1339
f 1005//1340 1007//1340 1006//1340
f 1005//1341 1008//1341 1009//1341
f 1005//1342 1009//1342 1010//1342
f 1005//1343 1010//1343 1008//1343
f 1008//1344 1010//1344 1009//1344
f 1008//1345 1011//1345 1012//1345
f 1008//1346 1012//1346 1013//1346
f 1008//1347 1013//1347 1011//1347
f 1011//1348 1013//1348 1012//1348
f 1011//1349 1016//1349 1014//1349
f 1011//1350 1014//1350 1015//1350
f 1011//1351 1015//1351 1016//1351
f 1016//1352 1015//1352 1014//1352
f 1016//1353 1017//1353 1018//1353
f 1016//1354 1018//1354 1019//1354
f 1016//1355 1019//1355 1017//1355
f 1017//1356 1019//1356 1018//1356
f 1017//1357 1020//1357 1021//1357
f 1017//1358 1021//1358 1022//1358
f 1017//1359 1022//1359 1020//1359
f 1020//1360 1022//1360 1021//1360
f 1020//1361 1025//1361 1023//1361
f 1020//1362 1023//1362 1024//1362
f 1020//1363 1024//1363 1025//1363
f 1025//1364 1024//1364 1023//1364
f 1025//1365 1028//1365 1026//1365
f 1025//1366 1026//1366 1027//1366
f 1025//1367 1027//1367 1028//1367
f 1028//1368 1027//1368 1026//1368
f 1028//1369 1029//1369 1030//1369
f 1028//1370 1030//1370 1031//1370
f 1028//1371 1031//1371 1029//1371
f 1029//1372 1031//1372 1030//1372
f 1029//1373 1034//1373 1032//1373
f 1029//1374 1032//1374 1033//1374
f 1029//1375 1033//1375 1034//1375
f 1034//1376 1033//1376 1032//1376
f 1034//1377 1037//1377 1035//1377
f 1034//1378 1035//1378 1036//1378
f 1034//1379 1036//1379 1037//1379
f 1037//1380 1036//1380 1035//1380
f 1037//1381 1038//1381 1039//1381
f 1037//1382 1039//1382 1040//1382
f 1037//1383 1040//1383 1038//1383
f 1038//1384 1040//1384 1039//1384
f 1038//1385 1041//1385 1042//1385
f 1038//1386 1042//1386 1043//1386
f 1038//1387 1043//1387 1041//1387
f 1041//1388 1043//1388 1042//1388
f 1041//1389 1044//1389 1045//1389
f 1041//1390 1045//1390 1046//1390
f 1041//1391 1046//1391 1044//1391
f 1044//1392 1046//1392 1045//1392
f 1044//1393 1049//1393 1047//1393
f 1044//1394 1047//1394 1048//1394
f 1044//1395 1048//1395 1049//1395
f 1049//1396 1048//1396 1047//1396
f 1049//1397 1050//1397 1051//1397
f 1049//1398 1051//1398 1052//1398
f 1049//1399 1052//1399 1050//1399
f 1050//1400 1052//1400 1051//1400
f 1050//1401 1055//1401 1053//1401
f 1050//1402 1053//1402 1054//1402
f 1050//1403 1054//1403 1055//1403
f 1055//1404 1054//1404 1053//1404
f 1055//1405 1056//1405 1057//1405
f 1055//1406 1057//1406 1058//1406
f 1055//1407 1058//1407 1056//1407
f 1056//1408 1058//1408 1057//1408
f 1056//1409 1061//1409 1059//1409
f 1056//1410 1059//1410 1060//1410
f 1056//1411 1060//1411 1061//1411
f 1061//1412 1060//1412 1059//1412
f 1061//1413 1062//1413 1063//1413
f 1061//1414 1063//1414 1064//1414
f 1061//1415 1064//1415 1062//1415
f 1062//1416 1064//1416 1063//1416
f 1062//1417 1065//1417 1066//1417
f 1062//1418 1066//1418 1067//1418
f 1062//1419 1067//1419 1065//1419
f 1065//1420 1067//1420 1066//1420
f 1065//1421 1070//1421 1068//1421
f 1065//1422 1068//1422 1069//1422
f 1065//1423 1069//1423 1070//1423
f 1070//1424 1069//1424 1068//1424
f 1070//1425 1073//1425 1071//1425
f 1070//1426 1071//1426 1072//1426
f 1070//1427 1072//1427 1073//1427
f 1073//1428 1072//1428 1071//1428
f 1073//1429 1074//1429 1075//1429
f 1073//1430 1075//1430 1076//1430
f 1073//1431 1076//1431 1074//1431
f 1074//1432 1076//1432 1075//1432
f 1074//1433 1079//1433 1077//1433
f 1074//1434 1077//1434 1078//1434
f 1074//1435 1078//1435 1079//1435
f 1079//1436 1078//1436 1077//1436
f 1079//1437 1082//1437 1080//1437
f 1079//1438 1080//1438 1081//1438
f 1079//1439 1081//1439 1082//1439
f 1082//1440 1081//1440 1080//1440
f 1082//1441 1085//1441 1083//1441
f 1082//1442 1083//1442 1084//1442
f 1082//1443 1084//1443 1085//1443
f 1085//1444 1084//1444 1083//1444
f 1085//1445 1086//1445 1087//1445
f 1085//1446 1087//1446 1088//1446
f 1085//1447 1088//1447 1086//1447
f 1086//1448 1088//1448 1087//1448
f 1086//1449 1091//1449 1089//1449
f 1086//1450 1089//1450 1090//1450
f 1086//1451 1090//1451 1091//1451
f 1091//1452 1090//1452 1089//1452
f 1091//1453 1094//1453 1092//1453
f 1091//1454 1092//1454 1093//1454
f 1091//1455 1093//1455 1094//1455
f 1094//1456 1093//1456 1092//1456
f 1094//1457 1097//1457 1095//1457
f 1094//1458 1095//1458 1096//1458
f 1094//1459 1096//1459 1097//1459
f 1097//1460 1096//1460 1095//1460
f 1097//1461 1100//1461 1098//1461
f 1097//1462 1098//1462 1099//1462
f 1097//1463 1099//1463 1100//1463
f 1100//1464 1099//1464 1098//1464
f 1100//1465 1103//1465 1101//1465
f 1100//1466 1101//1466 1102//1466
f 1100//1467 1102//1467 1103//1467
f 1103//1468 1102//1468 1101//1468
f 1103//1469 1106//1469 1104//1469
f 1103//1470 1104//1470 1105//1470
f 1103//1471 1105//1471 1106//1471
f 1106//1472 1105//1472 1104//1472
f 1106//1473 1109//1473 1107//1473
f 1106//1474 1107//1474 1108//1474
f 1106//1475 1108//1475 1109//1475
f 1109//1476 1108//1476 1107//1476
f 1109//1477 1112//1477 1110//1477
f 1109//1478 1110//1478 1111//1478
f 1109//1479 1111//1479 1112//1479
f 1112//1480 1111//1480 1110//1480
f 1112//1481 1113//1481 1114//1481
f 1112//1482 1114//1482 1115//1482
f 1112//1483 1115//1483 1113//1483
f 1113//1484 1115//1484 1114//1484
f 1113//1485 1116//1485 1117//1485
f 1113//1486 1117//1486 1118//1486
f 1113//1487 1118//1487 1116//1487
f 1116//1488 1118//1488 1117//1488
f 1116//1489 1119//1489 1120//1489
f 1116//1490 1120//1490 1121//1490
f 1116//1491 1121//1491 1119//1491
f 1119//1492 1121//1492 1120//1492
f 1119//1493 1122//1493 1123//1493
f 1119//1494 1123//1494 1124//1494
f 1119//1495 1124//1495 1122//1495
f 1122//1496 1124//1496 1123//1496
f 1122//1497 1125//1497 1126//1497
f 1122//1498 1126//1498 1127//1498
f 1122//1499 1127//1499 1125//1499
f 1125//1500 1127//1500 1126//1500
f 1125//1501 1128//1501 1129//1501
f 1125//1502 1129//1502 1130//1502
f 1125//1503 1130//1503 1128//1503
f 1128//1504 1130//1504 1129//1504
f 1128//1505 1131//1505 1132//1505
f 1128//1506 1132//1506 1133//1506
f 1128//1507 1133//1507 1131//1507
f 1131//1508 1133//1508 1132//1508
f 1131//1509 1134//1509 1135//1509
f 1131//1510 1135//1510 1136//1510
f 1131//1511 1136//1511 1134//1511
f 1134//1512 1136//1512 1135//1512
f 1134//1513 1139//1513 1137//1513
f 1134//1514 1137//1514 1138//1514
f 1134//1515 1138//1515 1139//1515
f 1139//1516 1138//1516 1137//1516
f 1139//1517 1142//1517 1140//1517
f 1139//1518 1140//1518 1141//1518
f 1139//1519 1141//1519 1142//1519
f 1142//1520 1141//1520 1140//1520
f 1142//1521 1143//1521 1144//1521
f 1142//1522 1144//1522 1145//1522
f 1142//1523 1145//1523 1143//1523
f 1143//1524 1145//1524 1144//1524
f 1143//1525 1146//1525 1147//1525
f 1143//1526 1147//1526 1148//1526
f 1143//1527 1148//1527 1146//1527
f 1146//1528 1148//1528 1147//1528
f 1146//1529 1151//1529 1149//1529
f 1146//1530 1149//1530 1150//1530
f 1146//1531 1150//1531 1151//1531
f 1151//1532 1150//1532 1149//1532
f 1151//1533 1152//1533 1153//1533
f 1151//1534 1153//1534 1154//1534
f 1151//1535 1154//1535 1152//1535
f 1152//1536 1154//1536 1153//1536
f 1152//1537 1155//1537 1156//1537
f 1152//1538 1156//1538 1157//1538
f 1152//1539 1157//1539 1155//1539
f 1155//1540 1157//1540 1156//1540
f 1155//1541 1160//1541 1158//1541
f 1155//1542 1158//1542 1159//1542
f 1155//1543 1159//1543 1160//1543
f 1160//1544 1159//1544 1158//1544
f 1160//1545 1161//1545 1162//1545
f 1160//1546 1162//1546 1163//1546
f 1160//1547 1163//1547 1161//1547
f 1161//1548 1163//1548 1162//1548
f 1161//1549 1164//1549 1165//1549
f 1161//1550 1165//1550 1166//1550
f 1161//1551 1166//1551 1164//1551
f 1164//1552 1166//1552 1165//1552
f 1164//1553 1169//1553 1167//1553
f 1164//1554 1167//1554 1168//1554
f 1164//1555 1168//1555 1169//1555
f 1169//1556 1168//1556 1167//1556
f 1169//1557 1172//1557 1170//1557
f 1169//1558 1170//1558 1171//1558
f 1169//1559 1171//1559 1172//1559
f 1172//1560 1171//1560 1170//1560
f 1172//1561 1173//1561 1174//1561
f 1172//1562 1174//1562 1175//1562
f 1172//1563 1175//1563 1173//1563
f 1173//1564 1175//1564 1174//1564
f 1173//1565 1178//1565 1176//1565
f 1173//1566 1176//1566 1177//1566
f 1173//1567 1177//1567 1178//1567
f 1178//1568 1177//1568 1176//1568
f 1178//1569 1181//1569 1179//1569
f 1178//1570 1179//1570 1180//1570
f 1178//1571 1180//1571 1181//1571
f 1181//1572 1180//1572 1179//1572
f 1181//1573 1182//1573 1183//1573
f 1181//1574 1183//1574 1184//1574
f 1181//1575 1184//1575 1182//1575
f 1182//1576 1184//1576 1183//1576
f 1182//1577 1185//1577 1186//1577
f 1182//1578 1186//1578 1187//1578
f 1182//1579 1187//1579 1185//1579
f 1185//1580 1187//1580 1186//1580
f 1185//1581 1188//1581 1189//1581
f 1185//1582 1189//1582 1190//1582
f 1185//1583 1190//1583 1188//1583
f 1188//1584 1190//1584 1189//1584
f 1188//1585 1193//1585 1191//1585
f 1188//1586 1191//1586 1192//1586
f 1188//1587 1192//1587 1193//1587
f 1193//1588 1192//1588 1191//1588
f 1193//1589 1194//1589 1195//1589
f 1193//1590 1195//1590 1196//1590
f 1193//1591 1196//1591 1194//1591
f 1194//1592 1196//1592 1195//1592
f 1194//1593 1199//1593 1197//1593
f 1194//1594 1197//1594 1198//1594
f 1194//1595 1198//1595 1199//1595
f 1199//1596 1198//1596 1197//1596
f 1199//1597 1200//1597 1201//1597
f 1199//1598 1201//1598 1202//1598
f 1199//1599 1202//1599 1200//1599
f 1200//1600 1202//1600 1201//1600
f 1200//1601 1205//1601 1203//1601
f 1200//1602 1203//1602 1204//1602
f 1200//1603 1204//1603 1205//1603
f 1205//1604 1204//1604 1203//1604
f 1205//1605 1208//1605 1206//1605
f 1205//1606 1206//1606 1207//1606
f 1205//1607 1207//1607 1208//1607
f 1208//1608 1207//1608 1206//1608
f 1208//1609 1211//1609 1209//1609
f 1208//1610 1209//1610 1210//1610
f 1208//1611 1210//1611 1211//1611
f 1211//1612 1210//1612 1209//1612
f 1211//1613 1212//1613 1213//1613
f 1211//1614 1213//1614 1214//1614
f 1211//1615 1214//1615 1212//1615
f 1212//1616 1214//1616 1213//1616
f 1212//1617 1215//1617 1216//1617
f 1212//1618 1216//1618 1217//1618
f 1212//1619 1217//1619 1215//1619
f 1215//1620 1217//1620 1216//1620
f 1215//1621 1218//1621 1219//1621
f 1215//1622 1219//1622 1220//1622
f 1215//1623 1220//1623 1218//1623
f 1218//1624 1220//1624 1219//1624
f 1218//1625 1223//1625 1221//1625
f 1218//1626 1221//1626 1222//1626
f 1218//1627 1222//1627 1223//1627
f 1223//1628 1222//1628 1221//1628
f 1223//1629 1226//1629 1224//1629
f 1223//1630 1224//1630 1225//1630
f 1223//1631 1225//1631 1226//1631
f 1226//1632 1225//1632 1224//1632
f 1226//1633 1227//1633 1228//1633
f 1226//1634 1228//1634 1229//1634
f 1226//1635 1229//1635 1227//1635
f 1227//1636 1229//1636 1228//1636
f 1227//1637 1232//1637 1230//1637
f 1227//1638 1230//1638 1231//1638
f 1227//1639 1231//1639 1232//1639
f 1232//1640 1231//1640 1230//1640
f 1232//1641 1235//1641 1233//1641
f 1232//1642 1233//1642 1234//1642
f 1232//1643 1234//1643 1235//1643
f 1235//1644 1234//1644 1233//1644
f 1235//1645 1236//1645 1237//1645
f 1235//1646 1237//1646 1238//1646
f 1235//1647 1238//1647 1236//1647
f 1236//1648 1238//1648 1237//1648
f 1236//1649 1241//1649 1239//1649
f 1236//1650 1239//1650 1240//1650
f 1236//1651 1240//1651 1241//1651
f 1241//1652 1240//1652 1239//1652
f 1241//1653 1244//1653 1242//1653
f 1241//1654 1242//1654 1243//1654
f 1241//1655 1243//1655 1244//1655
f 1244//1656 1243//1656 1242//1656
f 1244//1657 1247//1657 1245//1657
f 1244//1658 1245//1658 1246//1658
f 1244//1659 1246//1659 1247//1659
f 1247//1660 1246//1660 1245//1660
f 1247//1661 1250//1661 1248//1661
f 1247//1662 1248//1662 1249//1662
f 1247//1663 1249//1663 1250//1663
f 1250//1664 1249//1664 1248//1664
f 1250//1665 1253//1665 1251//1665
f 1250//1666 1251//1666 1252//1666
f 1250//1667 1252//1667 1253//1667
f 1253//1668 1252//1668 1251//1668
f 1253//1669 1256//1669 1254//1669
f 1253//1670 1254//1670 1255//1670
f 1253//1671 1255//1671 1256//1671
f 1256//1672 1255//1672 1254//1672
f 1256//1673 1259//1673 1257//1673
f 1256//1674 1257//1674 1258//1674
f 1256//1675 1258//1675 1259//1675
f 1259//1676 1258//1676 1257//1676
f 1259//1677 1262//1677 1260//1677
f 1259//1678 1260//1678 1261//1678
f 1259//1679 1261//1679 1262//1679
f 1262//1680 1261//1680 1260//1680
f 1262//1681 1263//1681 1264//1681
f 1262//1682 1264//1682 1265//1682
f 1262//1683 1265//1683 1263//1683
f 1263//1684 1265//1684 1264//1684
f 1263//1685 1268//1685 1266//1685
f 1263//1686 1266//1686 1267//1686
f 1263//1687 1267//1687 1268//1687
f 1268//1688 1267//1688 1266//1688
f 1268//1689 1271//1689 1269//1689
f 1268//1690 1269//1690 1270//1690
f 1268//1691 1270//1691 1271//1691
f 1271//1692 1270//1692 1269//1692
f 1271//1693 1274//1693 1272//1693
f 1271//1694 1272//1694 1273//1694
f 1271//1695 1273//1695 1274//1695
f 1274//1696 1273//1696 1272//1696
f 1274//1697 1277//1697 1275//1697
f 1274//1698 1275//1698 1276//1698
f 1274//1699 1276//1699 1277//1699
f 1277//1700 1276//1700 1275//1700
f 1277//1701 1280//1701 1278//1701
f 1277//1702 1278//1702 1279//1702
f 1277//1703 1279//1703 1280//1703
f 1280//1704 1279//1704 1278//1704
f 1280//1705 1283//1705 1281//1705
f 1280//1706 1281//1706 1282//1706
f 1280//1707 1282//1707 1283//1707
f 1283//1708 1282//1708 1281//1708
f 1283//1709 1284//1709 1285//1709
f 1283//1710 1285//1710 1286//1710
f 1283//1711 1286//1711 1284//1711
f 1284//1712 1286//1712 1285//1712
f 1284//1713 1289//1713 1287//1713
f 1284//1714 1287//1714 1288//1714
f 1284//1715 1288//1715 1289//1715
f 1289//1716 1288//1716 1287//1716
f 1289//1717 1290//1717 1291//1717
f 1289//1718 1291//1718 1292//1718
f 1289//1719 1292//1719 1290//1719
f 1290//1720 1292//1720 1291//1720
f 1290//1721 1295//1721 1293//1721
f 1290//1722 1293//1722 1294//1722
f 1290//1723 1294//1723 1295//1723
f 1295//1724 1294//1724 1293//1724
f 1295//1725 1298//1725 1296//1725
f 1295//1726 1296//1726 1297//1726
f 1295//1727 1297//1727 1298//1727
f 1298//1728 1297//1728 1296//1728
f 1298//1729 1299//1729 1300//1729
f 1298//1730 1300//1730 1301//1730
f 1298//1731 1301//1731 1299//1731
f 1299//1732 1301//1732 1300//1732
f 1299//1733 1302//1733 1303//1733
f 1299//1734 1303//1734 1304//1734
f 1299//1735 1304//1735 1302//1735
f 1302//1736 1304//1736 1303//1736
f 1302//1737 1307//1737 1305//1737
f 1302//1738 1305//1738 1306//1738
f 1302//1739 1306//1739 1307//1739
f 1307//1740 1306//1740 1305//1740
f 1307//1741 1308//1741 1309//1741
f 1307//1742 1309//1742 1310//1742
f 1307//1743 1310//1743 1308//1743
f 1308//1744 1310//1744 1309//1744
f 1308//1745 1313//1745 1311//1745
f 1308//1746 1311//1746 1312//1746
f 1308//1747 1312//1747 1313//1747
f 1313//1748 1312//1748 1311//1748
f 1313//1749 1314//1749 1315//1749
f 1313//1750 1315//1750 1316//1750
f 1313//1751 1316//1751 1314//1751
f 1314//1752 1316//1752 1315//1752
f 1314//1753 1317//1753 1318//1753
f 1314//1754 1318//1754 1319//1754
f 1314//1755 1319//1755 1317//1755
f 1317//1756 1319//1756 1318//1756
f 1317//1757 1320//1757 1321//1757
f 1317//1758 1321//1758 1322//1758
f 1317//1759 1322//1759 1320//1759
f 1320//1760 1322//1760 1321//1760
f 1320//1761 1325//1761 1323//1761
f 1320//1762 1323//1762 1324//1762
f 1320//1763 1324//1763 1325//1763
f 1325//1764 1324//1764 1323//1764
f 1325//1765 1326//1765 1327//1765
f 1325//1766 1327//1766 1328//1766
f 1325//1767 1328//1767 1326//1767
f 1326//1768 1328//1768 1327//1768
f 1326//1769 1329//1769 1330//1769
f 1326//1770 1330//1770 1331//1770
f 1326//1771 1331//1771 1329//1771
f 1329//1772 1331//1772 1330//1772
f 1329//1773 1334//1773 1332//1773
f 1329//1774 1332//1774 1333//1774
f 1329//1775 1333//1775 1334//1775
f 1334//1776 1333//1776 1332//1776
f 1334//1777 1335//1777 1336//1777
f 1334//1778 1336//1778 1337//1778
f 1334//1779 1337//1779 1335//1779
f 1335//1780 1337//1780 1336//1780
f 1335//1781 1340//1781 1338//1781
f 1335//1782 1338//1782 1339//1782
f 1335//1783 1339//1783 1340//1783
f 1340//1784 1339//1784 1338//1784
f 1340//1785 1343//1785 1341//1785
f 1340//1786 1341//1786 1342//1786
f 1340//1787 1342//1787 1343//1787
f 1343//1788 1342//1788 1341//1788
f 1343//1789 1344//1789 1345//1789
f 1343//1790 1345//1790 1346//1790
f 1343//1791 1346//1791 1344//1791
f 1344//1792 1346//1792 1345//1792
f 1344//1793 1349//1793 1347//1793
f 1344//1794 1347//1794 1348//1794
f 1344//1795 1348//1795 1349//1795
f 1349//1796 1348//1796 1347//1796
f 1349//1797 1350//1797 1351//1797
f 1349//1798 1351//1798 1352//1798
f 1349//1799 1352//1799 1350//1799
f 1350//1800 1352//1800 1351//1800
f 1350//1801 1355//1801 1353//1801
f 1350//1802 1353//1802 1354//1802
f 1350//1803 1354//1803 1355//1803
f 1355//1804 1354//1804 1353//1804
f 1355//1805 1356//1805 1357//1805
f 1355//1806 1357//1806 1358//1806
f 1355//1807 1358//1807 1356//1807
f 1356//1808 1358//1808 1357//1808
f 1356//1809 1361//1809 1359//1809
f 1356//1810 1359//1810 1360//1810
f 1356//1811 1360//1811 1361//1811
f 1361//1812 1360//1812 1359//1812
f 1361//1813 1362//1813 1363//1813
f 1361//1814 1363//1814 1364//1814
f 1361//1815 1364//1815 1362//1815
f 1362//1816 1364//1816 1363//1816
f 1362//1817 1365//1817 1366//1817
f 1362//1818 1366//1818 1367//1818
f 1362//1819 1367//1819 1365//1819
f 1365//1820 1367//1820 1366//1820
f 1365//1821 1370//1821 1368//1821
f 1365//1822 1368//1822 1369//1822
f 1365//1823 1369//1823 1370//1823
f 1370//1824 1369//1824 1368//1824
f 1370//1825 1373//1825 1371//1825
f 1370//1826 1371//1826 1372//1826
f 1370//1827 1372//1827 1373//1827
f 1373//1828 1372//1828 1371//1828
f 1373//1829 1376//1829 1374//1829
f 1373//1830 1374//1830 1375//1830
f 1373//1831 1375//1831 1376//1831
f 1376//1832 1375//1832 1374//1832
f 1376//1833 1379//1833 1377//1833
f 1376//1834 1377//1834 1378//1834
f 1376//1835 1378//1835 1379//1835
f 1379//1836 1378//1836 1377//1836
f 1379//1837 1382//1837 1380//1837
f 1379//1838 1380//1838 1381//1838
f 1379//1839 1381//1839 1382//1839
f 1382//1840 1381//1840 1380//1840
f 1382//1841 1383//1841 1384//1841
f 1382//1842 1384//1842 1385//1842
f 1382//1843 1385//1843 1383//1843
f 1383//1844 1385//1844 1384//1844
f 1383//1845 1388//1845 1386//1845
f 1383//1846 1386//1846 1387//1846
f 1383//1847 1387//1847 1388//1847
f 1388//1848 1387//1848 1386//1848
f 1388//1849 1389//1849 1390//1849
f 1388//1850 1390//1850 1391//1850
f 1388//1851 1391//1851 1389//1851
f 1389//1852 1391//1852 1390//1852
f 1389//1853 1394//1853 1392//1853
f 1389//1854 1392//1854 1393//1854
f 1389//1855 1393//1855 1394//1855
f 1394//1856 1393//1856 1392//1856
f 1394//1857 1397//1857 1395//1857
f 1394//1858 1395//1858 1396//1858
f 1394//1859 1396//1859 1397//1859
f 1397//1860 1396//1860 1395//1860
f 1397//1861 1400//1861 1398//1861
f 1397//1862 1398//1862 1399//1862
f 1397//1863 1399//1863 1400//1863
f 1400//1864 1399//1864 1398//1864
f 1400//1865 1403//1865 1401//1865
f 1400//1866 1401//1866 1402//1866
f 1400//1867 1402//1867 1403//1867
f 1403//1868 1402//1868 1401//1868
f 1403//1869 1404//1869 1405//1869
f 1403//1870 1405//1870 1406//1870
f 1403//1871 1406//1871 1404//1871
f 1404//1872 1406//1872 1405//1872
f 1404//1873 1409//1873 1407//1873
f 1404//1874 1407//1874 1408//1874
f 1404//1875 1408//1875 1409//1875
f 1409//1876 1408//1876 1407//1876
f 1409//1877 1410//1877 1411//1877
f 1409//1878 1411//1878 1412//1878
f 1409//1879 1412//1879 1410//1879
f 1410//1880 1412//1880 1411//1880
f 1410//1881 1415//1881 1413//1881
f 1410//1882 1413//1882 1414//1882
f 1410//1883 1414//1883 1415//1883
f 1415//1884 1414//1884 1413//1884
f 1415//1885 1418//1885 1416//1885
f 1415//1886 1416//1886 1417//1886
f 1415//1887 1417//1887 1418//1887
f 1418//1888 1417//1888 1416//1888
f 1418//1889 1421//1889 1419//1889
f 1418//1890 1419//1890 1420//1890
f 1418//1891 1420//1891 1421//1891
f 1421//1892 1420//1892 1419//1892
f 1421//1893 1424//1893 1422//1893
f 1421//1894 1422//1894 1423//1894
f 1421//1895 1423//1895 1424//1895
f 1424//1896 1423//1896 1422//1896
f 1424//1897 1425//1897 1426//1897
f 1424//1898 1426//1898 1427//1898
f 1424//1899 1427//1899 1425//1899
f 1425//1900 1427//1900 1426//1900
f 1425//1901 1428//1901 1429//1901
f 1425//1902 1429//1902 1430//1902
f 1425//1903 1430//1903 1428//1903
f 1428//1904 1430//1904 1429//1904
f 1428//1905 1433//1905 1431//1905
f 1428//1906 1431//1906 1432//1906
f 1428//1907 1432//1907 1433//1907
f 1433//1908 1432//1908 1431//1908
f 1433//1909 1434//1909 1435//1909
f 1433//1910 1435//1910 1436//1910
f 1433//1911 1436//1911 1434//1911
f 1434//1912 1436//1912 1435//1912
f 1434//1913 1437//1913 1438//1913
f 1434//1914 1438//1914 1439//1914
f 1434//1915 1439//1915 1437//1915
f 1437//1916 1439//1916 1438//1916
f 1437//1917 1440//1917 1441//1917
f 1437//1918 1441//1918 1442//1918
f 1437//1919 1442//1919 1440//1919
f 1440//1920 1442//1920 1441//1920
f 1440//1921 1445//1921 1443//1921
f 1440//1922 1443//1922 1444//1922
f 1440//1923 1444//1923 1445//1923
f 1445//1924 1444//1924 1443//1924
f 1445//1925 1446//1925 1447//1925
f 1445//1926 1447//1926 1448//1926
f 1445//1927 1448//1927 1446//1927
f 1446//1928 1448//1928 1447//1928
f 1446//1929 1449//1929 1450//1929
f 1446//1930 1450//1930 1451//1930
f 1446//1931 1451//1931 1449//1931
f 1449//1932 1451//1932 1450//1932
f 1449//1933 1452//1933 1453//1933
f 1449//1934 1453//1934 1454//1934
f 1449//1935 1454//1935 1452//1935
f 1452//1936 1454//1936 1453//1936
f 1452//1937 1457//1937 1455//1937
f 1452//1938 1455//1938 1456//1938
f 1452//1939 1456//1939 1457//1939
f 1457//1940 1456//1940 1455//1940
f 1457//1941 1460//1941 1458//1941
f 1457//1942 1458//1942 1459//1942
f 1457//1943 1459//1943 1460//1943
f 1460//1944 1459//1944 1458//1944
f 1460//1945 1461//1945 1462//1945
f 1460//1946 1462//1946 1463//1946
f 1460//1947 1463//1947 1461//1947
f 1461//1948 1463//1948 1462//1948
f 1461//1949 1466//1949 1464//1949
f 1461//1950 1464//1950 1465//1950
f 1461//1951 1465//1951 1466//1951
f 1466//1952 1465//1952 1464//1952
f 1466//1953 1467//1953 1468//1953
f 1466//1954 1468//1954 1469//1954
f 1466//1955 1469//1955 1467//1955
f 1467//1956 1469//1956 1468//1956
f 1467//1957 1470//1957 1471//1957
f 1467//1958 1471//1958 1472//1958
f 1467//1959 1472//1959 1470//1959
f 1470//1960 1472//1960 1471//1960
f 1470//1961 1475//1961 1473//1961
f 1470//1962 1473//1962 1474//1962
f 1470//1963 1474//1963 1475//1963
f 1475//1964 1474//1964 1473//1964
f 1475//1965 1478//1965 1476//1965
f 1475//1966 1476//1966 1477//1966
f 1475//1967 1477//1967 1478//1967
f 1478//1968 1477//1968 1476//1968
f 1478//1969 1479//1969 1480//1969
f 1478//1970 1480//1970 1481//1970
f 1478//1971 1481//1971 1479//1971
f 1479//1972 1481//1972 1480//1972
f 1479//1973 1482//1973 1483//1973
f 1479//1974 1483//1974 1484//1974
f 1479//1975 1484//1975 1482//1975
f 1482//1976 1484//1976 1483//1976
f 1482//1977 1485//1977 1486//1977
f 1482//1978 1486//1978 1487//1978
f 1482//1979 1487//1979 1485//1979
f 1485//1980 1487//1980 1486//1980
f 1485//1981 1488//1981 1489//1981
f 1485//1982 1489//1982 1490//1982
f 1485//1983 1490//1983 1488//1983
f 1488//1984 1490//1984 1489//1984
f 1488//1985 1491//1985 1492//1985
f 1488//1986 1492//1986 1493//1986
f 1488//1987 1493//1987 1491//1987
f 1491//1988 1493//1988 1492//1988
f 1491//1989 1494//1989 1495//1989
f 1491//1990 1495//1990 1496//1990
f 1491//1991 1496//1991 1494//1991
f 1494//1992 1496//1992 1495//1992
f 1494//1993 1499//1993 1497//1993
f 1494//1994 1497//1994 1498//1994
f 1494//1995 1498//1995 1499//1995
f 1499//1996 1498//1996 1497//1996
f 1499//1997 1500//1997 1501//1997
f 1499//1998 1501//1998 1502//1998
f 1499//1999 1502//1999 1500//1999
f 1500//2000 1502//2000 1501//2000
f 1500//2001 1505//2001 1503//2001
f 1500//2002 1503//2002 1504//2002
f 1500//2003 1504//2003 1505//2003
f 1505//2004 1504//2004 1503//2004
f 1505//2005 1506//2005 1507//2005
f 1505//2006 1507//2006 1508//2006
f 1505//2007 1508//2007 1506//2007
f 1506//2008 1508//2008 1507//2008
f 1506//2009 1511//2009 1509//2009
f 1506//2010 1509//2010 1510//2010
f 1506//2011 1510//2011 1511//2011
f 1511//2012 1510//2012 1509//2012
f 1511//2013 1512//2013 1513//2013
f 1511//2014 1513//2014 1514//2014
f 1511//2015 1514//2015 1512//2015
f 1512//2016 1514//2016 1513//2016
f 1512//2017 1515//2017 1516//2017
f 1512//2018 1516//2018 1517//2018
f 1512//2019 1517//2019 1515//2019
f 1515//2020 1517//2020 1516//2020
f 1515//2021 1520//2021 1518//2021
f 1515//2022 1518//2022 1519//2022
f 1515//2023 1519//2023 1520//2023
f 1520//2024 1519//2024 1518//2024
f 1520//2025 1523//2025 1521//2025
f 1520//2026 1521//2026 1522//2026
f 1520//2027 1522//2027 1523//2027
f 1523//2028 1522//2028 1521//2028
f 1523//2029 1526//2029 1524//2029
f 1523//2030 1524//2030 1525//2030
f 1523//2031 1525//2031 1526//2031
f 1526//2032 1525//2032 1524//2032
f 1526//2033 1527//2033 1528//2033
f 1526//2034 1528//2034 1529//2034
f 1526//2035 1529//2035 1527//2035
f 1527//2036 1529//2036 1528//2036
f 1527//2037 1532//2037 1530//2037
f 1527//2038 1530//2038 1531//2038
f 1527//2039 1531//2039 1532//2039
f 1532//2040 1531//2040 1530//2040
f 1532//2041 1533//2041 1534//2041
f 1532//2042 1534//2042 1535//2042
f 1532//2043 1535//2043 1533//2043
f 1533//2044 1535//2044 1534//2044
f 1533//2045 1538//2045 1536//2045
f 1533//2046 1536//2046 1537//2046
f 1533//2047 1537//2047 1538//2047
f 1538//2048 1537//2048 1536//2048
f 1538//2049 1541//2049 1539//2049
f 1538//2050 1539//2050 1540//2050
f 1538//2051 1540//2051 1541//2051
f 1541//2052 1540//2052 1539//2052
f 1541//2053 1542//2053 1543//2053
f 1541//2054 1543//2054 1544//2054
f 1541//2055 1544//2055 1542//2055
f 1542//2056 1544//2056 1543//2056
f 1542//2057 1547//2057 1545//2057
f 1542//2058 1545//2058 1546//2058
f 1542//2059 1546//2059 1547//2059
f 1547//2060 1546//2060 1545//2060
f 1547//2061 1550//2061 1548//2061
f 1547//2062 1548//2062 1549//2062
f 1547//2063 1549//2063 1550//2063
f 1550//2064 1549//2064 1548//2064
f 1550//2065 1551//2065 1552//2065
f 1550//2066 1552//2066 1553//2066
f 1550//2067 1553//2067 1551//2067
f 1551//2068 1553//2068 1552//2068
f 1551//2069 1556//2069 1554//2069
f 1551//2070 1554//2070 1555//2070
f 1551//2071 1555//2071 1556//2071
f 1556//2072 1555//2072 1554//2072
f 1556//2073 1557//2073 1558//2073
f 1556//2074 1558//2074 1559//2074
f 1556//2075 1559//2075 1557//2075
f 1557//2076 1559//2076 1558//2076
f 1557//2077 1560//2077 1561//2077
f 1557//2078 1561//2078 1562//2078
f 1557//2079 1562//2079 1560//2079
f 1560//2080 1562//2080 1561//2080
f 1560//2081 1565//2081 1563//2081
f 1560//2082 1563//2082 1564//2082
f 1560//2083 1564//2083 1565//2083
f 1565//2084 1564//2084 1563//2084
f 1565//2085 1568//2085 1566//2085
f 1565//2086 1566//2086 1567//2086
f 1565//2087 1567//2087 1568//2087
f 1568//2088 1567//2088 1566//2088
f 1568//2089 1569//2089 1570//2089
f 1568//2090 1570//2090 1571//2090
f 1568//2091 1571//2091 1569//2091
f 1569//2092 1571//2092 1570//2092
f 1569//2093 1574//2093 1572//2093
f 1569//2094 1572//2094 1573//2094
f 1569//2095 1573//2095 1574//2095
f 1574//2096 1573//2096 1572//2096
f 1574//2097 1575//2097 1576//2097
f 1574//2098 1576//2098 1577//2098
f 1574//2099 1577//2099 1575//2099
f 1575//2100 1577//2100 1576//2100
f 1575//2101 1580//2101 1578//2101
f 1575//2102 1578//2102 1579//2102
f 1575//2103 1579//2103 1580//2103
f 1580//2104 1579//2104 1578//2104
f 1580//2105 1581//2105 1582//2105
f 1580//2106 1582//2106 1583//2106
f 1580//2107 1583//2107 1581//2107
f 1581//2108 1583//2108 1582//2108
f 1581//2109 1586//2109 1584//2109
f 1581//2110 1584//2110 1585//2110
f 1581//2111 1585//2111 1586//2111
f 1586//2112 1585//2112 1584//2112
f 1586//2113 1589//2113 1587//2113
f 1586//2114 1587//2114 1588//2114
f 1586//2115 1588//2115 1589//2115
f 1589//2116 1588//2116 1587//2116
f 1589//2117 1590//2117 1591//2117
f 1589//2118 1591//2118 1592//2118
f 1589//2119 1592//2119 1590//2119
f 1590//2120 1592//2120 1591//2120
f 1590//2121 1595//2121 1593//2121
f 1590//2122 1593//2122 1594//2122
f 1590//2123 1594//2123 1595//2123
f 1595//2124 1594//2124 1593//2124
f 1595//2125 1596//2125 1597//2125
f 1595//2126 1597//2126 1598//2126
f 1595//2127 1598//2127 1596//2127
f 1596//2128 1598//2128 1597//2128
f 1596//2129 1601//2129 1599//2129
f 1596//2130 1599//2130 1600//2130
f 1596//2131 1600//2131 1601//2131
f 1601//2132 1600//2132 1599//2132
f 1601//2133 1604//2133 1602//2133
f 1601//2134 1602//2134 1603//2134
f 1601//2135 1603//2135 1604//2135
f 1604//2136 1603//2136 1602//2136
f 1604//2137 1605//2137 1606//2137
f 1604//2138 1606//2138 1607//2138
f 1604//2139 1607//2139 1605//2139
f 1605//2140 1607//2140 1606//2140
f 1605//2141 1610//2141 1608//2141
f 1605//2142 1608//2142 1609//2142
f 1605//2143 1609//2143 1610//2143
f 1610//2144 1609//2144 1608//2144
f 1610//2145 1613//2145 1611//2145
f 1610//2146 1611//2146 1612//2146
f 1610//2147 1612//2147 1613//2147
f 1613//2148 1612//2148 1611//2148
f 1613//2149 1616//2149 1614//2149
f 1613//2150 1614//2150 1615//2150
f 1613//2151 1615//2151 1616//2151
f 1616//2152 1615//2152 1614//2152
f 1616//2153 1617//2153 1618//2153
f 1616//2154 1618//2154 1619//2154
f 1616//2155 1619//2155 1617//2155
f 1617//2156 1619//2156 1618//2156
f 1617//2157 1620//2157 1621//2157
f 1617//2158 1621//2158 1622//2158
f 1617//2159 1622//2159 1620//2159
f 1620//2160 1622//2160 1621//2160
f 1620//2161 1625//2161 1623//2161
f 1620//2162 1623//2162 1624//2162
f 1620//2163 1624//2163 1625//2163
f 1625//2164 1624//2164 1623//2164
f 1625//2165 1626//2165 1627//2165
f 1625//2166 1627//2166 1628//2166
f 1625//2167 1628//2167 1626//2167
f 1626//2168 1628//2168 1627//2168
f 1626//2169 1631//2169 1629//2169
f 1626//2170 1629//2170 1630//2170
f 1626//2171 1630//2171 1631//2171
f 1631//2172 1630//2172 1629//2172
f 1631//2173 1634//2173 1632//2173
f 1631//2174 1632//2174 1633//2174
f 1631//2175 1633//2175 1634//2175
f 1634//2176 1633//2176 1632//2176
f 1634//2177 1635//2177 1636//2177
f 1634//2178 1636//2178 1637//2178
f 1634//2179 1637//2179 1635//2179
f 1635//2180 1637//2180 1636//2180
f 1635//2181 1638//2181 1639//2181
f 1635//2182 1639//2182 1640//2182
f 1635//2183 1640//2183 1638//2183
f 1638//2184 1640//2184 1639//2184
f 1638//2185 1641//2185 1642//2185
f 1638//2186 1642//2186 1643//2186
f 1638//2187 1643//2187 1641//2187
f 1641//2188 1643//2188 1642//2188
f 1641//2189 1644//2189 1645//2189
f 1641//2190 1645//2190 1646//2190
f 1641//2191 1646//2191 1644//2191
f 1644//2192 1646//2192 1645//2192
f 1644//2193 1649//2193 1647//2193
f 1644//2194 1647//2194 1648//2194
f 1644//2195 1648//2195 1649//2195
f 1649//2196 1648//2196 1647//2196
f 1649//2197 1650//2197 1651//2197
f 1649//2198 1651//2198 1652//2198
f 1649//2199 1652//2199 1650//2199
f 1650//2200 1652//2200 1651//2200
f 1650//2201 1655//2201 1653//2201
f 1650//2202 1653//2202 1654//2202
f 1650//2203 1654//2203 1655//2203
f 1655//2204 1654//2204 1653//2204
f 1655//2205 1656//2205 1657//2205
f 1655//2206 1657//2206 1658//2206
f 1655//2207 1658//2207 1656//2207
f 1656//2208 1658//2208 1657//2208
f 1656//2209 1659//2209 1660//2209
f 1656//2210 1660//2210 1661//2210
f 1656//2211 1661//2211 1659//2211
f 1659//2212 1661//2212 1660//2212
f 1659//2213 1664//2213 1662//2213
f 1659//2214 1662//2214 1663//2214
f 1659//2215 1663//2215 1664//2215
f 1664//2216 1663//2216 1662//2216
f 1664//2217 1667//2217 1665//2217
f 1664//2218 1665//2218 1666//2218
f 1664//2219 1666//2219 1667//2219
f 1667//2220 1666//2220 1665//2220
f 1667//2221 1670//2221 1668//2221
f 1667//2222 1668//2222 1669//2222
f 1667//2223 1669//2223 1670//2223
f 1670//2224 1669//2224 1668//2224
f 1670//2225 1671//2225 1672//2225
f 1670//2226 1672//2226 1673//2226
f 1670//2227 1673//2227 1671//2227
f 1671//2228 1673//2228 1672//2228
f 1671//2229 1676//2229 1674//2229
f 1671//2230 1674//2230 1675//2230
f 1671//2231 1675//2231 1676//2231
f 1676//2232 1675//2232 1674//2232
f 1676//2233 1677//2233 1678//2233
f 1676//2234 1678//2234 1679//2234
f 1676//2235 1679//2235 1677//2235
f 1677//2236 1679//2236 1678//2236
f 1677//2237 1680//2237 1681//2237
f 1677//2238 1681//2238 1682//2238
f 1677//2239 1682//2239 1680//2239
f 1680//2240 1682//2240 1681//2240
f 1680//2241 1683//2241 1684//2241
f 1680//2242 1684//2242 1685//2242
f 1680//2243 1685//2243 1683//2243
f 1683//2244 1685//2244 1684//2244
f 1683//2245 1688//2245 1686//2245
f 1683//2246 1686//2246 1687//2246
f 1683//2247 1687//2247 1688//2247
f 1688//2248 1687//2248 1686//2248
f 1688//2249 1691//2249 1689//2249
f 1688//2250 1689//2250 1690//2250
f 1688//2251 1690//2251 1691//2251
f 1691//2252 1690//2252 1689//2252
f 1691//2253 1694//2253 1692//2253
f 1691//2254 1692//2254 1693//2254
f 1691//2255 1693//2255 1694//2255
f 1694//2256 1693//2256 1692//2256
f 1694//2257 1695//2257 1696//2257
f 1694//2258 1696//2258 1697//2258
f 1694//2259 1697//2259 1695//2259
f 1695//2260 1697//2260 1696//2260
f 1695//2261 1700//2261 1698//2261
f 1695//2262 1698//2262 1699//2262
f 1695//2263 1699//2263 1700//2263
f 1700//2264 1699//2264 1698//2264
f 1700//2265 1701//2265 1702//2265
f 1700//2266 1702//2266 1703//2266
f 1700//2267 1703//2267 1701//2267
f 1701//2268 1703//2268 1702//2268
f 1701//2269 1704//2269 1705//2269
f 1701//2270 1705//2270 1706//2270
f 1701//2271 1706//2271 1704//2271
f 1704//2272 1706//2272 1705//2272
f 1704//2273 1709//2273 1707//2273
f 1704//2274 1707//2274 1708//2274
f 1704//2275 1708//2275 1709//2275
f 1709//2276 1708//2276 1707//2276
f 1709//2277 1712//2277 1710//2277
f 1709//2278 1710//2278 1711//2278
f 1709//2279 1711//2279 1712//2279
f 1712//2280 1711//2280 1710//2280
f 1712//2281 1715//2281 1713//2281
f 1712//2282 1713//2282 1714//2282
f 1712//2283 1714//2283 1715//2283
f 1715//2284 1714//2284 1713//2284
f 1715//2285 1716//2285 1717//2285
f 1715//2286 1717//2286 1718//2286
f 1715//2287 1718//2287 1716//2287
f 1716//2288 1718//2288 1717//2288
f 1716//2289 1719//2289 1720//2289
f 1716//2290 1720//2290 1721//2290
f 1716//2291 1721//2291 1719//2291
f 1719//2292 1721//2292 1720//2292
f 1719//2293 1722//2293 1723//2293
f 1719//2294 1723//2294 1724//2294
f 1719//2295 1724//2295 1722//2295
f 1722//2296 1724//2296 1723//2296
f 1722//2297 1725//2297 1726//2297
f 1722//2298 1726//2298 1727//2298
f 1722//2299 1727//2299 1725//2299
f 1725//2300 1727//2300 1726//2300
f 1725//2301 1728//2301 1729//2301
f 1725//2302 1729//2302 1730//2302
f 1725//2303 1730//2303 1728//2303
f 1728//2304 1730//2304 1729//2304
f 1728//2305 1731//2305 1732//2305
f 1728//2306 1732//2306 1733//2306
f 1728//2307 1733//2307 1731//2307
f 1731//2308 1733//2308 1732//2308
f 1731//2309 1736//2309 1734//2309
f 1731//2310 1734//2310 1735//2310
f 1731//2311 1735//2311 1736//2311
f 1736//2312 1735//2312 1734//2312
f 1736//2313 1739//2313 1737//2313
f 1736//2314 1737//2314 1738//2314
f 1736//2315 1738//2315 1739//2315
f 1739//2316 1738//2316 1737//2316
f 1739//2317 1742//2317 1740//2317
f 1739//2318 1740//2318 1741//2318
f 1739//2319 1741//2319 1742//2319
f 1742//2320 1741//2320 1740//2320
f 1742//2321 1743//2321 1744//2321
f 1742//2322 1744//2322 1745//2322
f 1742//2323 1745//2323 1743//2323
f 1743//2324 1745//2324 1744//2324
f 1743//2325 1748//2325 1746//2325
f 1743//2326 1746//2326 1747//2326
f 1743//2327 1747//2327 1748//2327
f 1748//2328 1747//2328 1746//2328
f 1748//2329 1749//2329 1750//2329
f 1748//2330 1750//2330 1751//2330
f 1748//2331 1751//2331 1749//2331
f 1749//2332 1751//2332 1750//2332
f 1749//2333 1754//2333 1752//2333
f 1749//2334 1752//2334 1753//2334
f 1749//2335 1753//2335 1754//2335
f 1754//2336 1753//2336 1752//2336
f 1754//2337 1757//2337 1755//2337
f 1754//2338 1755//2338 1756//2338
f 1754//2339 1756//2339 1757//2339
f 1757//2340 1756//2340 1755//2340
f 1757//2341 1760//2341 1758//2341
f 1757//2342 1758//2342 1759//2342
f 1757//2343 1759//2343 1760//2343
f 1760//2344 1759//2344 1758//2344
f 1760//2345 1763//2345 1761//2345
f 1760//2346 1761//2346 1762//2346
f 1760//2347 1762//2347 1763//2347
f 1763//2348 1762//2348 1761//2348
f 1763//2349 1764//2349 1765//2349
f 1763//2350 1765//2350 1766//2350
f 1763//2351 1766//2351 1764//2351
f 1764//2352 1766//2352 1765//2352
f 1764//2353 1767//2353 1768//2353
f 1764//2354 1768//2354 1769//2354
f 1764//2355 1769//2355 1767//2355
f 1767//2356 1769//2356 1768//2356
f 1767//2357 1772//2357 1770//2357
f 1767//2358 1770//2358 1771//2358
f 1767//2359 1771//2359 1772//2359
f 1772//2360 1771//2360 1770//2360
f 1772//2361 1775//2361 1773//2361
f 1772//2362 1773//2362 1774//2362
f 1772//2363 1774//2363 1775//2363
f 1775//2364 1774//2364 1773//2364
f 1775//2365 1778//2365 1776//2365
f 1775//2366 1776//2366 1777//2366
f 1775//2367 1777//2367 1778//2367
f 1778//2368 1777//2368 1776//2368
f 1778//2369 1781//2369 1779//2369
f 1778//2370 1779//2370 1780//2370
f 1778//2371 1780//2371 1781//2371
f 1781//2372 1780//2372 1779//2372
f 1781//2373 1784//2373 1782//2373
f 1781//2374 1782//2374 1783//2374
f 1781//2375 1783//2375 1784//2375
f 1784//2376 1783//2376 1782//2376
f 1784//2377 1787//2377 1785//2377
f 1784//2378 1785//2378 1786//2378
f 1784//2379 1786//2379 1787//2379
f 1787//2380 1786//2380 1785//2380
f 1787//2381 1788//2381 1789//2381
f 1787//2382 1789//2382 1790//2382
f 1787//2383 1790//2383 1788//2383
f 1788//2384 1790//2384 1789//2384
f 1788//2385 1793//2385 1791//2385
f 1788//2386 1791//2386 1792//2386
f 1788//2387 1792//2387 1793//2387
f 1793//2388 1792//2388 1791//2388
f 1793//2389 1796//2389 1794//2389
f 1793//2390 1794//2390 1795//2390
f 1793//2391 1795//2391 1796//2391
f 1796//2392 1795//2392 1794//2392
f 1796//2393 1799//2393 1797//2393
f 1796//2394 1797//2394 1798//2394
f 1796//2395 1798//2395 1799//2395
f 1799//2396 1798//2396 1797//2396
f 1799//2397 1802//2397 1800//2397
f 1799//2398 1800//2398 1801//2398
f 1799//2399 1801//2399 1802//2399
f 1802//2400 1801//2400 1800//2400
f 1802//2401 1803//2401 1804//2401
f 1802//2402 1804//2402 1805//2402
f 1802//2403 1805//2403 1803//2403
f 1803//2404 1805//2404 1804//2404
f 1803//2405 1808//2405 1806//2405
f 1803//2406 1806//2406 1807//2406
f 1803//2407 1807//2407 1808//2407
f 1808//2408 1807//2408 1806//2408
f 1808//2409 1811//2409 1809//2409
f 1808//2410 1809//2410 1810//2410
f 1808//2411 1810//2411 1811//2411
f 1811//2412 1810//2412 1809//2412
f 1811//2413 1814//2413 1812//2413
f 1811//2414 1812//2414 1813//2414
f 1811//2415 1813//2415 1814//2415
f 1814//2416 1813//2416 1812//2416
f 1814//2417 1817//2417 1815//2417
f 1814//2418 1815//2418 1816//2418
f 1814//2419 1816//2419 1817//2419
f 1817//2420 1816//2420 1815//2420
f 1817//2421 1820//2421 1818//2421
f 1817//2422 1818//2422 1819//2422
f 1817//2423 1819//2423 1820//2423
f 1820//2424 1819//2424 1818//2424
f 1820//2425 1821//2425 1822//2425
f 1820//2426 1822//2426 1823//2426
f 1820//2427 1823//2427 1821//2427
f 1821//2428 1823//2428 1822//2428
f 1821//2429 1824//2429 1825//2429
f 1821//2430 1825//2430 1826//2430
f 1821//2431 1826//2431 1824//2431
f 1824//2432 1826//2432 1825//2432
f 1824//2433 1827//2433 1828//2433
f 1824//2434 1828//2434 1829//2434
f 1824//2435 1829//2435 1827//2435
f 1827//2436 1829//2436 1828//2436
f 1827//2437 1830//2437 1831//2437
f 1827//2438 1831//2438 1832//2438
f 1827//2439 1832//2439 1830//2439
f 1830//2440 1832//2440 1831//2440
f 1830//2441 1835//2441 1833//2441
f 1830//2442 1833//2442 1834//2442
f 1830//2443 1834//2443 1835//2443
f 1835//2444 1834//2444 1833//2444
f 1835//2445 1836//2445 1837//2445
f 1835//2446 1837//2446 1838//2446
f 1835//2447 1838//2447 1836//2447
f 1836//2448 1838//2448 1837//2448
f 1836//2449 1841//2449 1839//2449
f 1836//2450 1839//2450 1840//2450
f 1836//2451 1840//2451 1841//2451
f 1841//2452 1840//2452 1839//2452
f 1841//2453 1842//2453 1843//2453
f 1841//2454 1843//2454 1844//2454
f 1841//2455 1844//2455 1842//2455
f 1842//2456 1844//2456 1843//2456
f 1842//2457 1845//2457 1846//2457
f 1842//2458 1846//2458 1847//2458
f 1842//2459 1847//2459 1845//2459
f 1845//2460 1847//2460 1846//2460
f 1845//2461 1848//2461 1849//2461
f 1845//2462 1849//2462 1850//2462
f 1845//2463 1850//2463 1848//2463
f 1848//2464 1850//2464 1849//2464
f 1848//2465 1853//2465 1851//2465
f 1848//2466 1851//2466 1852//2466
f 1848//2467 1852//2467 1853//2467
f 1853//2468 1852//2468 1851//2468
f 1853//2469 1854//2469 1855//2469
f 1853//2470 1855//2470 1856//2470
f 1853//2471 1856//2471 1854//2471
f 1854//2472 1856//2472 1855//2472
f 1854//2473 1859//2473 1857//2473
f 1854//2474 1857//2474 1858//2474
f 1854//2475 1858//2475 1859//2475
f 1859//2476 1858//2476 1857//2476
f 1859//2477 1862//2477 1860//2477
f 1859//2478 1860//2478 1861//2478
f 1859//2479 1861//2479 1862//2479
f 1862//2480 1861//2480 1860//2480
f 1862//2481 1865//2481 1863//2481
f 1862//2482 1863//2482 1864//2482
f 1862//2483 1864//2483 1865//2483
f 1865//2484 1864//2484 1863//2484
f 1865//2485 1868//2485 1866//2485
f 1865//2486 1866//2486 1867//2486
f 1865//2487 1867//2487 1868//2487
f 1868//2488 1867//2488 1866//2488
f 1868//2489 1869//2489 1870//2489
f 1868//2490 1870//2490 1871//2490
f 1868//2491 1871//2491 1869//2491
f 1869//2492 1871//2492 1870//2492
f 1869//2493 1872//2493 1873//2493
f 1869//2494 1873//2494 1874//2494
f 1869//2495 1874//2495 1872//2495
f 1872//2496 1874//2496 1873//2496
f 1872//2497 1877//2497 1875//2497
f 1872//2498 1875//2498 1876//2498
f 1872//2499 1876//2499 1877//2499
f 1877//2500 1876//2500 1875//2500
f 1877//2501 1880//2501 1878//2501
f 1877//2502 1878//2502 1879//2502
f 1877//2503 1879//2503 1880//2503
f 1880//2504 1879//2504 1878//2504
f 1880//2505 1883//2505 1881//2505
f 1880//2506 1881//2506 1882//2506
f 1880//2507 1882//2507 1883//2507
f 1883//2508 1882//2508 1881//2508
f 1883//2509 1884//2509 1885//2509
f 1883//2510 1885//2510 1886//2510
f 1883//2511 1886//2511 1884//2511
f 1884//2512 1886//2512 1885//2512
f 1884//2513 1887//2513 1888//2513
f 1884//2514 1888//2514 1889//2514
f 1884//2515 1889//2515 1887//2515
f 1887//2516 1889//2516 1888//2516
f 1887//2517 1892//2517 1890//2517
f 1887//2518 1890//2518 1891//2518
f 1887//2519 1891//2519 1892//2519
f 1892//2520 1891//2520 1890//2520
f 1892//2521 1893//2521 1894//2521
f 1892//2522 1894//2522 1895//2522
f 1892//2523 1895//2523 1893//2523
f 1893//2524 1895//2524 1894//2524
f 1893//2525 1898//2525 1896//2525
f 1893//2526 1896//2526 1897//2526
f 1893//2527 1897//2527 1898//2527
f 1898//2528 1897//2528 1896//2528
f 1898//2529 1899//2529 1900//2529
f 1898//2530 1900//2530 1901//2530
f 1898//2531 1901//2531 1899//2531
f 1899//2532 1901//2532 1900//2532
f 1899//2533 1904//2533 1902//2533
f 1899//2534 1902//2534 1903//2534
f 1899//2535 1903//2535 1904//2535
f 1904//2536 1903//2536 1902//2536
f 1904//2537 1905//2537 1906//2537
f 1904//2538 1906//2538 1907//2538
f 1904//2539 1907//2539 1905//2539
f 1905//2540 1907//2540 1906//2540
f 1905//2541 1910//2541 1908//2541
f 1905//2542 1908//2542 1909//2542
f 1905//2543 1909//2543 1910//2543
f 1910//2544 1909//2544 1908//2544
f 1910//2545 1911//2545 1912//2545
f 1910//2546 1912//2546 1913//2546
f 1910//2547 1913//2547 1911//2547
f 1911//2548 1913//2548 1912//2548
f 1911//2549 1914//2549 1915//2549
f 1911//2550 1915//2550 1916//2550
f 1911//2551 1916//2551 1914//2551
f 1914//2552 1916//2552 1915//2552
f 1914//2553 1919//2553 1917//2553
f 1914//2554 1917//2554 1918//2554
f 1914//2555 1918//2555 1919//2555
f 1919//2556 1918//2556 1917//2556
f 1919//2557 1922//2557 1920//2557
f 1919//2558 1920//2558 1921//2558
f 1919//2559 1921//2559 1922//2559
f 1922//2560 1921//2560 1920//2560
f 1922//2561 1925//2561 1923//2561
f 1922//2562 1923//2562 1924//2562
f 1922//2563 1924//2563 1925//2563
f 1925//2564 1924//2564 1923//2564
f 1925//2565 1926//2565 1927//2565
f 1925//2566 1927//2566 1928//2566
f 1925//2567 1928//2567 1926//2567
f 1926//2568 1928//2568 1927//2568
f 1926//2569 1931//2569 1929//2569
f 1926//2570 1929//2570 1930//2570
f 1926//2571 1930//2571 1931//2571
f 1931//2572 1930//2572 1929//2572
f 1931//2573 1932//2573 1933//2573
f 1931//2574 1933//2574 1934//2574
f 1931//2575 1934//2575 1932//2575
f 1932//2576 1934//2576 1933//2576
f 1932//2577 1937//2577 1935//2577
f 1932//2578 1935//2578 1936//2578
f 1932//2579 1936//2579 1937//2579
f 1937//2580 1936//2580 1935//2580
f 1937//2581 1938//2581 1939//2581
f 1937//2582 1939//2582 1940//2582
f 1937//2583 1940//2583 1938//2583
f 1938//2584 1940//2584 1939//2584
f 1938//2585 1943//2585 1941//2585
f 1938//2586 1941//2586 1942//2586
f 1938//2587 1942//2587 1943//2587
f 1943//2588 1942//2588 1941//2588
f 1943//2589 1944//2589 1945//2589
f 1943//2590 1945//2590 1946//2590
f 1943//2591 1946//2591 1944//2591
f 1944//2592 1946//2592 1945//2592
f 1944//2593 1949//2593 1947//2593
f 1944//2594 1947//2594 1948//2594
f 1944//2595 1948//2595 1949//2595
f 1949//2596 1948//2596 1947//2596
f 1949//2597 1952//2597 1950//2597
f 1949//2598 1950//2598 1951//2598
f 1949//2599 1951//2599 1952//2599
f 1952//2600 1951//2600 1950//2600
f 1952//2601 1955//2601 1953//2601
f 1952//2602 1953//2602 1954//2602
f 1952//2603 1954//2603 1955//2603
f 1955//2604 1954//2604 1953//2604
f 1955//2605 1956//2605 1957//2605
f 1955//2606 1957//2606 1958//2606
f 1955//2607 1958//2607 1956//2607
f 1956//2608 1958//2608 1957//2608
f 1956//2609 1959//2609 1960//2609
f 1956//2610 1960//2610 1961//2610
f 1956//2611 1961//2611 1959//2611
f 1959//2612 1961//2612 1960//2612
f 1959//2613 1964//2613 1962//2613
f 1959//2614 1962//2614 1963//2614
f 1959//2615 1963//2615 1964//2615
f 1964//2616 1963//2616 1962//2616
f 1964//2617 1965//2617 1966//2617
f 1964//2618 1966//2618 1967//2618
f 1964//2619 1967//2619 1965//2619
f 1965//2620 1967//2620 1966//2620
f 1965//2621 1968//2621 1969//2621
f 1965//2622 1969//2622 1970//2622
f 1965//2623 1970//2623 1968//2623
f 1968//2624 1970//2624 1969//2624
o Tetrahedrons_Chain_C
v 167.839996 170.880020 174.069992
v 167.259995 173.370010 172.699982
v 169.949997 172.280014 172.659988
v 168.869995 173.380020 175.119980
v 170.050003 175.790009 176.209991
v 170.479996 173.240021 177.519989
v 167.860001 174.480011 177.599991
v 169.740005 178.550018 177.059982
v 170.410004 177.950012 174.309982
v 172.369995 177.520020 176.399979
v 174.479996 179.240021 177.389984
v 174.789993 177.890015 174.849991
v 174.869995 176.370010 177.319992
v 175.929993 181.690018 177.969986
v 175.610001 179.660019 180.019989
v 173.330002 181.230011 179.159988
v 172.050003 181.200012 181.769989
v 170.509995 180.580017 179.389984
v 171.419998 183.300018 179.859985
v 170.979996 185.830017 181.209991
v 169.039993 184.850021 179.279984
v 171.639999 185.780014 178.389984
v 170.990005 186.410019 184.049988
v 172.050003 188.340012 182.169983
v 173.479996 185.870010 182.669983
v 176.350006 186.220016 182.889984
v 175.220001 184.940018 180.539978
v 175.199997 183.570023 183.099991
v 176.059998 180.810013 182.849991
v 173.789993 181.480011 184.529984
v 176.470001 182.240021 185.339981
v 178.600006 179.550018 182.259979
v 176.789993 180.230011 180.099991
v 176.130005 178.070023 181.919983
v 173.570007 176.910019 181.199982
v 174.690002 176.430008 183.829987
v 175.899994 175.210022 181.489990
v 178.250000 174.320023 180.049988
v 175.820007 172.750015 179.959991
v 177.369995 172.890015 182.409988
v 179.210007 170.870010 183.389984
v 176.389999 170.730011 184.079987
v 178.070007 172.810013 185.219986
v 181.869995 171.110016 184.509979
v 181.509995 170.080017 181.829987
v 180.699997 168.490021 184.109985
v 179.259995 166.030014 183.569992
v 179.619995 166.930008 186.299988
v 181.889999 165.940018 184.799988
v 184.639999 165.190018 185.329987
v 182.699997 163.160019 184.599991
v 182.550003 164.440018 187.189987
v 186.190002 167.320023 186.549988
v 186.559998 166.680008 183.749985
v 187.479996 164.830017 185.789978
v 190.039993 164.400009 187.089981
v 189.690002 163.700012 184.299988
v 188.380005 162.140015 186.359985
v 192.789993 165.320023 187.029984
v 192.119995 162.800018 188.299988
v 191.320007 165.300018 189.529984
v 191.669998 167.290009 191.609985
v 192.259995 164.500015 192.159988
v 189.509995 165.360016 191.799988
v 192.679993 169.680008 192.909988
v 194.490005 167.510010 192.259979
v 192.529999 167.180008 194.369980
v 194.490005 170.970016 194.769989
v 193.080002 172.540009 192.779984
v 195.199997 170.740021 191.969986
v 197.199997 170.140015 195.399979
v 194.960007 169.070023 196.909988
v 195.729996 171.840012 197.239990
v 195.919998 174.510010 198.349991
v 196.839996 172.230011 199.889984
v 194.009995 172.630020 199.429977
v 196.970001 176.720016 196.789978
v 195.710007 177.220016 199.349991
v 194.110001 176.380020 197.079987
v 191.919998 174.860016 195.939987
v 192.009995 177.740021 195.609985
v 191.440002 176.590012 198.219986
v 191.380005 179.080017 199.699982
v 191.979996 176.600021 201.059982
v 189.300003 177.100021 200.089981
v 190.830002 180.890015 197.499985
v 193.100006 181.370010 199.229980
v 190.410004 181.760010 200.229980
v 188.440002 179.770020 196.289978
v 190.800003 180.250015 194.669983
v 189.240005 182.480011 195.659988
v 186.820007 179.830017 198.689987
v 187.149994 177.350021 197.229980
v 185.559998 179.490021 196.099991
v 188.119995 181.010010 200.989990
v 185.229996 180.960022 200.839981
v 186.750000 182.700012 199.079987
v 185.130005 184.000015 197.059982
v 187.929993 184.680008 197.329987
v 186.029999 185.500015 199.359985
v 182.470001 182.830017 197.029984
v 183.830002 183.400009 194.529984
v 182.860001 185.580017 196.179977
v 182.529999 181.100021 199.349991
v 180.850006 180.430008 197.089981
v 180.169998 182.680008 198.779984
v 177.479996 181.750015 199.369980
v 177.880005 184.320023 198.089981
v 178.610001 183.970016 200.869980
v 178.130005 186.720016 201.639984
v 180.449997 185.310013 202.659988
v 177.800003 184.580017 203.579987
v 177.820007 182.240021 205.299988
v 175.500000 183.980011 205.229980
v 177.960007 184.900009 206.459991
v 180.610001 181.570023 204.889984
v 178.529999 179.930008 203.709991
v 178.940002 179.900009 206.579987
v 181.779999 183.660019 206.519989
v 182.410004 183.500015 203.689987
v 183.440002 181.500015 205.519989
v 180.729996 182.770020 209.069992
v 179.889999 185.310013 207.969986
v 182.589996 184.990021 208.959991
v 182.110001 180.220016 209.249985
v 179.210007 180.320023 209.339981
v 180.770004 181.310013 211.579987
v 184.020004 179.460022 207.209991
v 184.240005 178.360016 209.879990
v 184.850006 181.150009 209.419983
v 184.690002 182.680008 211.879990
v 185.729996 183.920013 209.469986
v 187.270004 181.880020 210.829987
v 182.179993 182.920013 213.319992
v 184.699997 183.190018 214.729980
v 183.869995 180.600021 213.719986
v 183.419998 177.820023 213.039978
v 184.389999 178.520020 215.679977
v 186.119995 178.800018 213.369980
v 188.339996 179.770020 211.769989
v 188.809998 177.840012 213.879990
v 188.100006 180.560013 214.549988
v 186.990005 180.600021 217.229980
v 187.479996 183.090012 215.829987
v 189.710007 181.500015 216.779984
v 187.169998 177.780014 217.889984
v 184.589996 179.110016 217.899979
v 186.550003 179.720016 219.959991
v 190.039993 177.380020 217.679977
v 188.220001 175.630020 216.249985
v 188.410004 175.480011 219.139984
v 190.860001 179.270020 219.719986
v 191.789993 179.590012 216.999985
v 192.779999 177.400009 218.619980
v 189.009995 180.820023 221.319992
v 191.589996 180.080017 222.409988
v 189.550003 178.060013 222.009979
v 187.750000 175.790009 222.029984
v 189.270004 176.460022 224.409988
v 190.619995 175.360016 222.079987
v 192.550003 174.490021 220.099991
v 192.279999 173.050018 222.609985
v 193.449997 175.700012 222.579987
v 193.050003 177.070023 225.109985
v 194.880005 178.160019 223.139984
v 195.570007 175.730011 224.569992
v 190.300003 177.330017 225.989990
v 192.470001 177.470016 227.919983
v 191.820007 174.950012 226.649979
v 191.770004 172.230011 225.629990
v 192.080002 172.710022 228.479980
v 194.240005 173.350021 226.649979
v 196.589996 174.410019 225.319992
v 196.880005 172.440018 227.429977
v 196.029999 175.140015 228.069992
v 195.479996 177.760010 229.189987
v 197.479996 176.050018 230.409988
v 194.669998 175.380020 230.629990
v 194.559998 172.580017 231.379990
v 192.110001 174.090012 231.019989
v 193.830002 174.620010 233.299988
v 195.820007 170.550018 229.729980
v 195.559998 170.150009 232.589981
v 197.419998 172.130020 231.569992
v 199.339996 174.250015 231.159988
v 200.009995 172.000015 232.859985
v 198.050003 173.950012 233.739990
v 196.500000 172.640015 235.809982
v 196.039993 175.440018 235.199982
v 198.490005 174.620010 236.519989
v 197.800003 170.050018 235.729980
v 194.940002 170.250015 235.299988
v 196.050003 170.730011 237.939987
v 200.500000 170.800018 236.489990
v 200.039993 169.320023 234.039978
v 199.669998 168.020020 236.599991
v 201.009995 173.520020 237.349991
v 202.720001 171.360016 238.269989
v 200.000000 171.570023 239.239990
v 197.699997 169.950012 239.959991
v 197.460007 171.980011 237.899979
v 197.779999 172.760010 240.679977
v 197.539993 175.350021 239.399979
v 197.259995 175.120010 242.269989
v 195.199997 174.070023 240.519989
v 192.800003 172.780014 239.519989
v 192.580002 175.120010 241.209991
v 193.470001 172.600021 242.339981
v 194.600006 172.570023 245.009979
v 193.899994 170.080017 243.689987
v 191.809998 171.870010 244.599991
v 195.330002 174.910019 246.549988
v 197.320007 172.880020 245.959991
v 195.179993 172.310013 247.839981
v 196.470001 176.930008 248.299988
v 193.889999 177.370010 247.059982
v 196.289993 177.410019 245.439987
v 198.559998 178.520020 249.529984
v 198.699997 175.620010 249.599991
v 196.710007 177.010010 251.179977
v 201.029999 179.790009 248.709991
v 200.940002 176.920013 249.119980
v 200.770004 178.710022 251.389984
v 202.740005 178.390015 246.819992
v 203.149994 178.050018 249.669983
v 203.809998 180.570023 248.399979
v 202.520004 178.890015 243.969986
v 202.600006 176.160019 244.969986
v 204.979996 177.820023 245.079987
v 203.550003 181.260010 242.659988
v 200.820007 181.210022 243.649979
v 201.559998 179.620010 241.339981
v 201.240005 179.160019 238.489990
v 198.960007 179.960022 240.099991
v 200.080002 177.300018 240.399979
v 200.399994 180.140015 235.889984
v 201.600006 177.510010 236.139984
v 203.220001 179.880020 236.509979
v 198.339996 182.110016 236.409988
v 198.539993 180.860016 233.799988
v 200.559998 182.750015 234.649979
v 196.020004 182.880020 237.959991
v 198.190002 184.760010 237.579987
v 198.559998 182.440018 239.279984
v 193.369995 181.710022 237.949982
v 193.830002 184.240021 239.289978
v 194.910004 181.790009 240.399979
v 193.130005 180.170013 235.499985
v 190.899994 181.760010 236.429977
v 191.669998 179.360016 237.869980
v 189.559998 177.410019 237.489990
v 189.929993 178.660019 240.079987
v 191.869995 176.740021 239.099991
v 188.410004 176.240021 235.099991
v 186.679993 177.200012 237.219986
v 188.279999 174.810013 237.619980
v 188.080002 174.120010 233.149979
v 189.949997 176.270020 232.649979
v 187.100006 176.780014 232.569992
v 184.669998 178.350021 232.789978
v 186.199997 178.390015 230.329987
v 187.250000 179.670013 232.699982
v 189.139999 180.160019 234.849991
v 188.710007 182.180008 232.809982
v 190.100006 179.720016 232.139984
v 189.970001 179.340012 229.269989
v 191.610001 177.590012 230.899979
v 192.399994 180.350021 230.499985
v 188.410004 181.680008 228.579987
v 187.399994 179.030014 227.969986
v 189.660004 180.100021 226.489990
v 187.729996 183.750015 230.489990
v 188.139999 184.430008 227.709991
v 190.389999 183.650009 229.359985
v 192.929993 182.700012 230.389984
v 192.770004 185.270020 229.059982
v 192.490005 182.820023 227.529984
v 192.139999 180.810013 225.469986
v 194.070007 182.940018 225.099991
v 191.229996 183.520020 225.009979
v 190.949997 186.360016 225.509979
v 188.610001 184.760010 224.899979
v 190.570007 185.320023 222.829987
v 193.750000 187.080017 225.689987
v 191.970001 187.610016 227.919983
v 191.729996 189.150009 225.469986
v 195.880005 185.120010 225.569992
v 196.389999 187.870010 224.799988
v 194.740005 186.180008 223.119980
v 193.089996 187.330017 221.029984
v 193.779999 184.520020 220.949982
v 195.809998 186.530014 220.449982
v 193.419998 190.070023 221.919983
v 190.759995 188.970016 221.579987
v 192.410004 189.520020 219.259979
v 193.720001 191.700012 224.309982
v 195.529999 192.050018 222.069992
v 195.679993 189.650009 223.699982
v 193.419998 191.540009 227.189987
v 191.070007 191.560013 225.489990
v 192.669998 193.960022 225.779984
v 193.360001 191.580017 230.079987
v 192.020004 189.450012 228.629990
v 190.949997 192.140015 228.569992
v 190.979996 191.620010 231.739990
v 192.600006 194.010010 231.469986
v 193.600006 191.740021 232.969986
v 196.229996 191.610016 234.189987
v 195.110001 189.260010 232.919983
v 193.990005 190.230011 235.409988
v 193.619995 187.400009 235.959991
v 191.320007 189.140015 235.689987
v 193.029999 189.370010 238.009979
v 195.850006 186.270020 234.509979
v 193.250000 184.990021 234.399979
v 194.800003 184.910019 236.849991
v 197.960007 188.210022 234.929977
v 197.059998 187.600021 232.239990
v 198.580002 185.640015 233.739990
v 201.289993 184.670013 234.079987
v 200.149994 184.880020 231.429977
v 199.190002 182.850021 233.259979
v 203.960007 183.890015 234.889984
v 201.779999 183.780014 236.799988
v 202.800003 186.350021 235.899979
v 206.669998 184.870010 235.219986
v 206.050003 183.030014 233.069992
v 206.050003 182.100021 235.819992
v 205.490005 180.500015 238.169983
v 208.210007 180.760010 237.209991
v 206.279999 179.220016 235.699982
v 207.050003 178.260010 233.069992
v 204.550003 177.400009 234.249985
v 207.059998 176.450012 235.329987
v 209.639999 178.070023 231.789978
v 207.679993 179.970016 230.819992
v 207.270004 177.130020 230.409988
v 204.550003 176.910019 229.429977
v 206.130005 174.520020 229.879990
v 206.779999 176.290009 227.679977
v 202.800003 178.500015 231.099991
v 202.110001 178.010010 228.329987
v 204.320007 179.770020 228.979980
v 205.820007 179.800018 226.499985
v 206.759995 181.320023 228.789978
v 204.389999 182.170013 227.349991
v 206.580002 177.270020 225.289978
v 206.089996 179.600021 223.619980
v 203.880005 178.280014 224.969986
v 201.300003 177.520020 226.059982
v 201.589996 178.000015 223.209991
v 201.720001 180.220016 225.079987
v 202.990005 182.370010 223.609985
v 202.169998 182.780014 226.359985
v 200.169998 182.530014 224.269989
v 205.619995 182.150009 222.409988
v 203.639999 183.910019 221.239990
v 203.309998 181.040009 221.049988
v 200.529999 180.470016 220.459991
v 202.429993 178.300018 220.729980
v 202.550003 180.060013 218.429977
v 198.190002 181.190018 222.019989
v 198.000000 180.960022 219.139984
v 199.460007 183.170013 220.329987
v 201.050003 184.200012 218.139984
v 201.110001 185.520020 220.719986
v 198.729996 185.680008 219.069992
v 203.059998 182.690018 216.689987
v 201.639999 184.850021 215.369980
v 200.250000 182.390015 216.019989
v 198.380005 180.210022 216.439987
v 198.539993 181.510010 213.849991
v 197.410004 182.920013 216.109985
v 199.919998 184.320023 215.739990
v 198.250000 184.920013 218.039978
v 197.419998 185.730011 215.379990
v 199.750000 187.280014 214.649979
v 197.169998 187.920013 213.499985
v 198.539993 185.490021 212.719986
v 199.419998 182.970016 211.569992
v 198.589996 185.140015 209.839981
v 196.619995 183.730011 211.439987
v 194.229996 185.330017 211.809982
v 194.270004 182.550018 212.649979
v 194.270004 183.210022 209.829987
v 194.369995 187.880020 213.169983
v 192.250000 187.370010 211.259979
v 194.979996 187.710022 210.339981
v 195.229996 186.530014 207.709991
v 197.440002 188.020020 208.839981
v 195.050003 189.410019 207.989990
v 192.500000 185.590012 207.359985
v 194.710007 183.720016 207.229980
v 194.320007 185.650009 205.099991
v 191.139999 188.150009 207.479980
v 190.399994 186.030014 209.309982
v 189.740005 185.810013 206.499985
v 192.460007 189.580017 205.329987
v 192.479996 190.670013 208.019989
v 190.020004 190.630020 206.479980
v 189.800003 189.900009 204.229980
v 190.449997 187.530014 205.759979
v 191.589996 187.910019 203.129990
v 189.899994 185.590012 203.539978
v 189.759995 187.060013 201.049988
v 188.740005 188.250015 203.489990
v 187.509995 189.930008 205.509979
v 186.149994 189.470016 202.989990
v 188.539993 191.110016 203.069992
v 190.929993 192.620010 202.439987
v 188.339996 193.550018 201.529984
v 189.529999 191.180008 200.349991
v 190.419998 189.220016 198.409988
v 189.080002 191.640015 197.519989
v 187.580002 189.580017 198.919983
v 185.470001 188.400009 200.509979
v 184.970001 189.130020 197.749985
v 185.330002 191.200012 199.749985
v 185.869995 193.780014 198.549988
v 185.089996 193.610016 201.329987
v 183.149994 193.050018 199.249985
v 185.660004 192.800018 195.829987
v 188.100006 194.070023 196.729980
v 185.710007 195.650009 196.339981
v 183.669998 190.690018 195.919983
v 186.149994 190.290009 194.459991
v 184.149994 192.120010 193.439987
v 182.259995 191.750015 191.279984
v 185.070007 192.170013 190.689987
v 183.460007 194.350021 191.719986
v 180.690002 189.770020 189.849991
v 181.190002 192.370010 188.659988
v 179.410004 192.140015 190.929977
v 178.660004 193.890015 193.119980
v 176.610001 192.730011 191.419983
v 178.369995 194.790009 190.369980
v 178.449997 194.460022 187.489990
v 179.940002 196.610016 188.749985
v 177.039993 196.710022 188.659988
v 179.029999 191.850021 186.379990
v 177.929993 193.940018 184.689987
v 176.279999 192.700012 186.719986
v 174.130005 192.460022 188.659988
v 173.589996 192.090012 185.829987
v 174.210007 194.730011 186.849991
v 174.669998 196.390015 184.519989
v 174.600006 197.590012 187.159988
v 172.160004 196.580017 185.959991
v 176.529999 195.440018 182.509979
v 175.250000 198.020020 182.189987
v 173.699997 195.580017 181.919983
v 170.889999 196.290009 182.119980
v 171.720001 193.520020 182.409988
v 171.850006 194.810013 179.819992
v 172.470001 192.730011 177.899979
v 172.440002 195.510010 177.069992
v 169.960007 194.160019 177.719986
v 168.550003 195.450012 175.539978
v 167.279999 195.200012 178.129990
v 167.690002 192.840012 176.489990
v 166.250000 191.200012 174.579987
v 165.380005 191.320023 177.339981
v 167.839996 189.950012 176.659988
v 166.889999 191.360016 171.759979
v 164.119995 191.390015 172.619980
v 165.679993 188.950012 172.839981
v 167.339996 192.100021 168.989990
v 169.360001 190.600021 170.439987
v 168.860001 193.380020 171.099991
v 165.860001 194.340012 167.899979
v 165.130005 191.620010 167.179977
v 167.589996 192.780014 166.179977
v 168.300003 191.050018 163.959991
v 170.190002 193.040009 164.909988
v 167.789993 193.870010 163.499985
v 168.139999 195.350021 161.039978
v 166.729996 196.550018 163.259979
v 165.509995 194.370010 161.779984
v 167.020004 195.740021 158.389984
v 169.550003 194.370010 158.699982
v 169.380005 197.220016 159.199982
v 171.210007 198.950012 157.759979
v 171.389999 198.730011 160.649979
v 169.139999 200.100021 159.439987
v 172.380005 199.910019 155.289978
v 173.839996 200.160019 157.789978
v 171.490005 201.800018 157.309982
v 172.800003 197.910019 153.239990
v 175.050003 199.430008 154.269989
v 173.070007 200.720016 152.599991
v 175.190002 196.810013 154.469986
v 173.679993 195.230011 152.569992
v 172.580002 195.770020 155.189987
v 172.460007 194.320023 157.699982
v 171.009995 193.340012 155.389984
v 170.130005 195.750015 156.739990
v 174.229996 195.830017 159.439987
v 174.919998 193.120010 158.659988
v 172.720001 193.590012 160.499985
v 172.529999 193.570023 163.389984
v 173.130005 191.120010 161.959991
v 170.479996 192.290009 161.789978
v 172.149994 194.230011 166.189987
v 171.449997 196.160019 164.139984
v 174.240005 195.540009 164.659988
v 172.199997 192.500015 168.509979
v 169.710007 193.720016 167.669983
v 171.800003 195.360016 168.839981
v 169.800003 197.140015 169.949982
v 172.380005 198.180008 169.139984
v 172.169998 196.480011 171.479980
v 174.910004 196.750015 172.399979
v 173.229996 194.650009 173.469986
v 172.720001 197.420013 174.169983
v 173.289993 198.410019 176.839981
v 175.179993 196.670013 175.499985
v 172.649994 195.610016 176.439987
v 175.850006 199.410019 177.769989
v 174.750000 196.970016 178.879990
v 173.529999 199.520020 179.509979
v 173.800003 200.620010 182.169983
v 171.529999 198.940018 181.519989
v 171.729996 201.610016 180.399979
v 174.960007 199.480011 184.569992
v 172.419998 200.870010 184.709991
v 174.869995 202.360016 184.239990
v 176.779999 203.930008 185.749985
v 174.080002 204.920013 185.339981
v 175.940002 204.800018 183.119980
v 178.020004 203.490021 188.329987
v 177.970001 206.150009 187.179977
v 179.660004 204.100021 186.019989
v 181.929993 203.000015 184.579987
v 181.669998 205.870010 184.909988
v 179.860001 204.440018 183.139984
v 184.100006 201.840012 183.049988
v 181.550003 200.480011 183.199982
v 183.259995 200.610016 185.539978
v 186.179993 201.010010 181.209991
v 186.889999 202.250015 183.729980
v 185.660004 203.830017 181.629990
v 188.809998 200.180008 180.309982
v 187.330002 202.190018 178.819992
v 186.449997 199.420013 178.799988
v 183.600006 199.480011 178.259979
v 184.759995 197.260010 179.719986
v 185.300003 197.570023 176.889984
v 184.440002 195.520020 175.019989
v 187.220001 195.660019 175.839981
v 186.119995 197.710022 174.109985
v 182.229996 195.800018 173.169983
v 181.910004 194.230011 175.599991
v 183.580002 193.250015 173.439987
v 184.830002 190.630020 173.439987
v 184.779999 192.220016 171.009979
v 182.330002 191.050018 172.029984
v 180.199997 191.510010 170.119980
v 179.619995 190.250015 172.669983
v 181.110001 188.810013 170.639984
v 180.080002 186.350021 169.499985
v 182.240005 186.260010 171.429977
v 182.729996 187.300018 168.769989
v 179.009995 183.770020 168.729980
v 178.820007 186.020020 166.909988
v 177.220001 185.970016 169.329987
v 178.009995 181.090012 168.279984
v 178.929993 181.870010 170.909988
v 180.839996 181.520020 168.749985
v 175.940002 180.540009 166.319992
v 175.500000 179.910019 169.119980
v 177.389999 178.350021 167.559982
v 175.970001 176.010010 168.529984
v 178.869995 176.090012 168.599991
v 177.490005 175.870010 166.059982
v 178.570007 174.200012 163.949982
v 178.289993 177.050018 163.539978
v 175.940002 175.370010 163.669983
v 180.220001 173.000015 161.889984
v 177.639999 171.850021 162.529984
v 179.830002 171.620010 164.409988
v 181.699997 172.170013 159.539978
v 183.029999 172.310013 162.109985
v 182.240005 174.750015 160.759979
v 182.279999 173.420013 156.989990
v 180.259995 171.350021 157.159988
v 183.059998 170.670013 157.469986
v 185.830002 170.180008 156.729980
v 183.720001 169.790009 154.779984
v 183.979996 167.960022 157.009979
v 183.360001 166.830017 159.609985
v 181.470001 168.600021 158.309982
v 183.960007 169.650009 159.359985
v 182.550003 167.760010 162.229980
v 185.330002 167.110016 161.719986
v 183.350006 165.000015 161.859985
v 179.729996 167.730011 162.909988
v 181.020004 170.220016 162.189987
v 181.639999 168.940018 164.719986
v 183.300003 170.580017 166.449982
v 182.570007 167.890015 167.249985
v 180.559998 169.990021 167.199982
v 179.339996 171.670013 169.209991
v 179.179993 168.780014 169.449982
v 177.669998 170.150009 167.389984
v 179.080002 173.200012 171.659988
v 177.440002 173.860016 169.359985
v 180.289993 174.410019 169.319992
v 181.009995 174.670013 166.529984
v 183.080002 174.480011 168.549988
v 181.460007 176.880020 168.359985
v 182.380005 179.500015 167.529984
v 182.800003 178.610016 170.259979
v 180.130005 179.260010 169.339981
v 182.029999 180.470016 164.819992
v 184.699997 180.030014 165.869980
v 183.089996 182.230011 166.869980
v 185.240005 183.970016 167.739990
v 182.649994 184.130020 169.019989
v 182.979996 185.070023 166.289978
v 182.639999 187.810013 165.409988
v 180.389999 185.980011 165.369980
v 182.570007 185.640015 163.479980
v 184.490005 189.330017 163.779984
v 184.710007 189.410019 166.669983
v 182.470001 190.700012 165.349991
v 181.919998 193.510010 164.859985
v 181.960007 192.480011 167.579987
v 179.800003 191.750015 165.779984
v 180.190002 194.840012 162.959991
v 182.979996 194.410019 162.319992
v 182.240005 196.340012 164.349991
v 183.429993 198.960022 163.979980
v 183.869995 197.510010 166.449982
v 181.259995 198.610016 165.869980
v 185.490005 200.950012 163.529984
v 186.210007 198.150009 163.759979
v 185.309998 199.610016 166.099991
v 187.619995 202.230011 165.039978
v 187.710007 202.200012 162.139984
v 188.119995 199.740021 163.629990
v 190.660004 198.670013 164.549988
v 189.009995 197.140015 162.719986
v 188.169998 197.500015 165.469986
v 187.509995 196.730011 168.179977
v 185.919998 198.740021 166.819992
v 188.630005 199.350021 167.649979
v 186.529999 197.160019 170.879990
v 186.690002 194.470016 169.799988
v 184.699997 196.330017 168.779984
v 188.110001 198.880020 172.589981
v 186.339996 196.910019 173.759979
v 185.240005 199.240021 172.419983
v 183.880005 201.430008 173.749985
v 182.350006 199.240021 172.629990
v 183.679993 201.130020 170.869980
v 182.039993 202.930008 175.419983
v 184.270004 204.280014 174.149979
v 184.750000 202.430008 176.329987
v 179.990005 204.090012 177.109985
v 180.059998 201.220016 176.679977
v 179.289993 202.990021 174.519989
v 177.570007 205.530014 177.799988
v 180.160004 206.700012 178.359985
v 179.240005 204.420013 179.889984
v 174.830002 204.830017 177.169983
v 175.720001 207.580017 176.919983
v 175.419998 206.380020 179.539978
v 173.699997 202.950012 175.259979
v 172.610001 203.130020 177.949982
v 175.240005 201.980011 177.519989
v 173.710007 201.520020 172.739990
v 175.710007 203.560013 173.259979
v 172.940002 204.320023 172.819992
v 174.500000 199.470016 170.849991
v 172.190002 201.140015 170.309982
v 172.070007 199.150009 172.409988
v 175.380005 197.540009 168.879990
v 176.149994 197.230011 171.659988
v 177.289993 199.370010 170.069992
v 174.320007 198.140015 166.249985
v 173.449997 195.760010 167.659988
v 176.149994 195.910019 166.599991
v 176.770004 194.800018 163.999985
v 176.990005 193.150009 166.379990
v 178.889999 195.290009 165.909988
v 176.960007 193.550018 161.389984
v 177.990005 196.230011 161.799988
v 175.130005 195.760010 161.809982
v 177.460007 191.970016 159.009979
v 174.929993 191.720016 160.409988
v 177.360001 190.680008 161.609985
v 178.509995 190.380020 156.829987
v 180.000000 192.670013 157.789978
v 177.529999 193.060013 156.329987
v 180.110001 188.340012 155.519989
v 178.339996 190.030014 153.949982
v 177.229996 188.020020 155.719986
v 181.449997 186.370010 157.169983
v 182.970001 187.960022 155.279984
v 181.160004 185.920013 154.319992
v 179.429993 187.660019 158.799988
v 181.710007 186.390015 160.059982
v 179.660004 184.770020 158.799988
v 177.009995 183.790009 159.439987
v 179.350006 182.470016 160.529984
v 178.750000 182.250015 157.699982
v 175.320007 185.200012 157.549988
v 175.100006 185.750015 160.389984
v 174.169998 183.210022 159.329987
v 176.789993 185.510010 155.069992
v 174.110001 186.590012 155.309982
v 174.520004 183.720016 155.179977
v 172.089996 182.820023 156.479980
v 173.889999 180.890015 155.279984
v 172.339996 182.660019 153.589981
v 169.410004 183.790009 157.019989
v 171.500000 184.090012 159.009979
v 170.419998 181.470016 158.429977
v 167.330002 182.960022 155.189987
v 168.199997 185.720016 155.229980
v 166.669998 184.650009 157.449982
v 164.020004 184.140015 158.499985
v 164.649994 186.720016 157.339981
v 165.809998 185.960022 159.889984
v 161.350006 183.050018 158.249985
v 162.339996 183.860016 160.849991
v 163.429993 181.510010 159.559982
v 165.320007 181.200012 161.739990
v 166.149994 180.690018 159.009979
v 164.330002 178.860016 160.329987
v 165.669998 183.500015 163.469986
v 167.089996 181.030014 164.019989
v 164.220001 181.170013 164.419983
v 163.600006 179.830017 166.909988
v 161.940002 179.390015 164.579987
v 161.880005 181.950012 165.939987
v 162.690002 179.700012 169.659988
v 165.520004 179.610016 169.069992
v 163.830002 177.350021 168.399979
v 163.020004 174.710022 167.539978
v 165.320007 175.020020 169.269989
v 165.449997 175.890015 166.499985
v 166.449997 177.780014 164.539978
v 166.570007 174.930008 163.999985
v 168.300003 176.100021 166.009979
v 170.649994 174.400009 166.139984
v 169.600006 175.610016 168.559982
v 170.899994 177.260010 166.559982
v 172.000000 179.630020 167.819992
v 170.619995 179.840012 165.279984
v 173.220001 178.570023 165.409988
v 172.639999 179.680008 170.649979
v 170.690002 181.530014 169.569992
v 173.500000 181.850021 168.939987
v 173.880005 184.520020 167.879990
v 176.050003 182.600021 167.779984
v 175.220001 183.720016 170.329987
v 177.320007 182.690018 172.039978
v 174.820007 183.590012 173.189987
v 176.679993 185.520020 172.079987
v 178.100006 187.430008 173.719986
v 175.539993 188.140015 172.559982
v 177.869995 187.870010 170.869980
v 179.649994 189.280014 175.339981
v 180.830002 186.780014 174.459991
v 178.740005 186.770020 176.469986
v 181.289993 191.000015 176.989990
v 178.490005 191.630020 176.579987
v 180.380005 191.930008 174.399979
v 184.020004 190.090012 177.369980
v 182.179993 190.170013 179.619980
v 183.179993 192.640015 178.469986
v 185.809998 191.820023 179.349991
v 183.600006 191.860016 181.229980
v 184.710007 194.350021 180.239990
v 185.500000 195.980011 182.499985
v 187.410004 195.380020 180.409988
v 186.539993 193.290009 182.219986
v 184.949997 195.230011 185.249985
v 183.119995 196.970016 183.829987
v 185.729996 197.950012 184.619980
v 186.080002 199.860016 186.769989
v 184.800003 200.680008 184.299988
v 187.649994 200.110016 184.349991
v 184.419998 201.530014 188.469986
v 187.000000 202.490021 187.549988
v 186.860001 200.360016 189.519989
v 189.259995 198.990021 190.399979
v 186.750000 198.570023 191.789978
v 188.119995 201.110016 192.019989
v 192.070007 199.130020 189.689987
v 190.039993 199.310013 187.629990
v 190.509995 196.790009 188.989990
v 189.149994 194.690018 187.519989
v 189.630005 194.390015 190.369980
v 191.839996 194.260010 188.499985
v 187.000000 193.350021 186.099991
v 189.690002 193.360016 184.999985
v 188.119995 195.810013 185.049988
v 184.270004 193.720016 187.009979
v 185.570007 191.150009 187.329987
v 184.820007 192.070023 184.689987
v 182.429993 191.090012 183.359985
v 184.970001 189.740021 182.969986
v 184.539993 192.360016 181.819992
v 180.179993 189.960022 181.919983
v 179.949997 192.570023 183.159988
v 180.089996 190.190018 184.809982
v 178.009995 188.890015 180.319992
v 180.050003 187.120010 181.369980
v 180.699997 188.980011 179.239990
v 175.619995 190.410019 179.709991
v 175.440002 187.970016 181.269989
v 176.070007 187.840012 178.449982
v 174.279999 186.840012 176.389984
v 175.839996 184.980011 177.979980
v 177.149994 186.670013 176.019989
v 172.589996 185.630020 174.379990
v 173.050003 188.500015 174.359985
v 171.419998 187.300018 176.439987
v 171.610001 182.920013 174.719986
v 173.639999 183.490021 172.729980
v 170.919998 184.420013 172.339981
v 168.759995 183.870010 170.479980
v 171.300003 182.510010 170.199982
v 171.100006 185.340012 169.589981
v 166.750000 181.820023 170.059982
v 167.710007 183.390015 167.819992
v 166.029999 184.620010 169.839981
v 165.990005 187.400009 169.019989
v 166.059998 186.720016 171.839981
v 163.660004 186.230011 170.289978
v 167.660004 187.240021 166.649979
v 167.570007 189.690018 168.199982
v 165.270004 188.890015 166.629990
v 163.210007 190.900009 166.989990
v 162.500000 188.240021 166.059982
v 163.960007 190.040009 164.319992
v 163.630005 191.670013 161.939987
v 163.600006 188.780014 161.729980
v 166.070007 190.160019 162.339981
v 163.179993 194.510010 162.289978
v 160.929993 192.700012 162.119980
v 162.539993 193.240021 159.769989
v 162.229996 194.770020 165.019989
v 161.169998 196.500015 162.949982
v 163.899994 196.840012 163.869980
v 164.759995 198.620010 165.989990
v 164.690002 199.560013 163.249985
v 166.690002 197.630020 164.069992
v 166.619995 198.540009 168.209991
v 163.820007 197.960022 168.649979
v 164.660004 200.670013 168.039978
v 162.250000 201.870010 169.109985
v 163.460007 202.940018 166.699982
v 164.770004 203.300018 169.259979
v 165.789993 205.910019 168.519989
v 167.539993 203.970016 169.779984
v 165.429993 205.230011 171.319992
v 165.449997 204.320023 174.069992
v 163.509995 206.290009 173.209991
v 166.309998 207.010010 173.429977
v 169.020004 207.990021 173.699982
v 167.289993 207.860016 176.019989
v 166.789993 209.820023 173.949982
v 167.110001 212.690018 174.199982
v 164.460007 211.520020 174.269989
v 165.960007 211.570023 171.789978
v 168.070007 214.990021 172.709991
v 169.720001 213.820023 174.799988
v 167.309998 215.280014 175.499985
v 166.979996 217.490021 177.339981
v 167.589996 214.840012 178.349991
v 164.979996 215.400009 177.219986
v 165.220001 219.110016 178.979980
v 166.160004 220.110016 176.419983
v 168.000000 219.870010 178.649979
v 170.800003 219.610016 179.359985
v 169.639999 222.240021 178.999985
v 170.059998 220.520020 176.709991
v 170.309998 217.560013 181.349991
v 172.990005 217.970016 180.319992
v 170.949997 216.800018 178.629990
v 169.830002 214.150009 178.279984
v 172.479996 214.740021 177.279984
v 170.149994 215.900009 175.989990
v 168.600006 211.530014 178.419983
v 166.949997 213.900009 178.529984
v 168.660004 213.230011 180.769989
v 170.039993 209.030014 178.719986
v 168.639999 209.610016 176.249985
v 167.139999 209.040009 178.659988
v 164.389999 208.610016 177.849991
v 165.020004 209.100021 180.639984
v 165.770004 206.590012 179.399979
v 166.919998 204.900009 181.459991
v 166.710007 203.930008 178.739990
v 164.320007 204.260010 180.339981
v 161.589996 204.640015 181.229980
v 162.929993 202.120010 181.709991
v 162.149994 202.860016 179.019989
v 160.559998 202.570023 176.609985
v 160.520004 200.500015 178.639984
v 162.889999 200.900009 177.019989
v 165.229996 200.070023 178.509979
v 165.529999 201.730011 176.159988
v 164.729996 198.960022 175.879990
v 162.850006 197.980011 173.889984
v 162.619995 200.690018 174.879990
v 161.970001 198.460022 176.609985
v 161.580002 198.600021 171.359985
v 160.419998 199.550018 173.839981
v 160.339996 196.720016 173.189987
v 160.820007 198.810013 168.569992
v 162.580002 196.670013 169.439987
v 163.539993 199.410019 169.389984
v 160.070007 200.990021 166.819992
v 158.029999 199.290009 167.959991
v 159.800003 198.250015 165.919983
v 159.630005 197.630020 163.089981
v 157.809998 196.380020 164.969986
v 160.610001 195.640015 164.959991
v 161.490005 199.070023 161.389984
v 158.630005 199.410019 161.039978
v 159.889999 196.910019 160.289978
v 158.050003 196.680008 158.069992
v 158.960007 194.300018 159.449982
v 160.789993 195.790009 157.779984
v 163.520004 194.830017 158.039978
v 162.940002 197.090012 156.319992
v 162.070007 194.430008 155.559982
v 163.860001 194.730011 153.299988
v 161.080002 194.030014 152.859985
v 162.899994 192.100021 154.039978
v 161.029999 189.890015 154.199982
v 163.179993 190.110016 156.139984
v 163.770004 189.410019 153.389984
v 164.059998 188.020020 150.859985
v 163.309998 186.550018 153.249985
v 166.000000 187.610016 152.969986
v 168.889999 187.320023 152.969986
v 167.199997 184.970016 152.799988
v 167.350006 186.470016 155.279984
v 170.990005 188.610016 154.489990
v 170.199997 189.680008 151.919983
v 171.630005 187.170013 152.059982
v 171.899994 186.100021 149.379990
v 173.289993 184.830017 151.589981
v 174.139999 187.440018 150.629990
v 170.179993 188.320023 148.639984
v 169.160004 185.610016 148.539978
v 171.139999 186.490021 146.609985
v 170.660004 190.450012 150.549988
v 169.559998 191.070023 147.939987
v 172.330002 190.220016 148.189987
v 173.339996 189.010010 145.759979
v 175.169998 189.800018 147.859985
v 173.820007 191.820023 146.289978
v 172.029999 186.550018 144.959991
v 173.490005 188.120010 143.009979
v 170.979996 189.100021 144.069992
v 168.350006 190.210022 144.559982
v 169.509995 190.340012 141.899979
v 170.589996 191.980011 144.039978
v 172.289993 193.610016 145.709991
v 171.020004 194.770020 143.379990
v 173.179993 192.850021 143.059982
v 175.240005 191.060013 142.089981
v 174.929993 193.690018 140.909988
v 172.929993 191.640015 140.429977
v 170.610001 193.130020 139.529984
v 170.509995 190.240021 139.689987
v 172.119995 191.510010 137.649979
v 169.190002 195.170013 141.009979
v 169.330002 195.320023 138.119980
v 171.699997 195.810013 139.709991
v 174.130005 195.700012 138.139984
v 174.220001 196.640015 140.879990
v 172.960007 198.260010 138.829987
v 173.139999 194.960022 135.519989
v 175.360001 193.500015 136.699982
v 175.740005 196.230011 135.779984
v 171.660004 196.640015 133.679977
v 170.259995 195.150009 135.729980
v 171.449997 193.750015 133.489990
vn -0.8277 0.1099 0.5502
vn -0.2186 -0.5090 -0.8325
vn 0.6855 -0.5034 0.5260
vn 0.3611 0.9001 -0.2440
vn 0.8172 -0.1483 -0.5569
vn -0.4113 -0.8835 0.2244
vn -0.6564 0.5533 -0.5128
vn 0.2508 0.4755 0.8432
vn 0.1298 -0.2785 0.9516
vn -0.9728 -0.0389 -0.2285
vn 0.5080 -0.6151 -0.6030
vn 0.3352 0.9342 -0.1222
vn -0.4175 0.7803 -0.4657
vn -0.1980 -0.8376 -0.5091
vn -0.3740 -0.0734 0.9245
vn 0.9898 0.1333 0.0500
vn -0.4367 0.4437 -0.7826
vn 0.8510 -0.4335 -0.2964
vn -0.6175 -0.6910 0.3757
vn 0.2023 0.6799 0.7048
vn 0.7418 0.5592 0.3702
vn 0.2313 -0.9675 0.1023
vn -0.1275 0.2101 -0.9693
vn -0.8457 0.1973 0.4958
vn -0.4880 -0.4755 0.7320
vn -0.1156 -0.4989 -0.8589
vn 0.9727 0.0481 0.2268
vn -0.3658 0.9251 -0.1020
vn -0.1009 -0.9747 0.1994
vn -0.9051 0.4172 -0.0820
vn 0.4996 0.1154 -0.8586
vn 0.5062 0.4429 0.7400
vn -0.0901 0.1175 0.9890
vn -0.0741 0.8903 -0.4493
vn -0.7257 -0.6042 -0.3290
vn 0.8910 -0.4032 -0.2088
vn -0.6133 -0.1204 -0.7807
vn -0.3819 0.6834 0.6223
vn 0.8944 0.3081 -0.3242
vn 0.1007 -0.8698 0.4830
vn 0.0612 -0.3194 0.9456
vn 0.4289 0.9002 -0.0760
vn -0.9608 0.0668 -0.2691
vn 0.4708 -0.6482 -0.5985
vn 0.2142 0.1284 -0.9683
vn -0.4663 0.8137 0.3471
vn 0.8459 -0.1452 0.5131
vn -0.5947 -0.7967 0.1079
vn 0.5726 0.5890 0.5704
vn -0.3002 0.5108 -0.8056
vn -0.7986 -0.2989 0.5223
vn 0.5272 -0.7995 -0.2878
vn -0.1721 -0.5525 -0.8156
vn -0.8142 0.5381 0.2182
vn 0.7685 0.6157 -0.1739
vn 0.2183 -0.5987 0.7707
vn -0.3904 0.0339 0.9200
vn 0.0704 0.9279 -0.3661
vn -0.5901 -0.5486 -0.5923
vn 0.9104 -0.4121 0.0361
vn 0.4218 -0.0482 -0.9054
vn -0.8562 0.5136 -0.0564
vn 0.6204 0.4612 0.6344
vn -0.1859 -0.9256 0.3297
vn 0.2227 0.1344 -0.9656
vn -0.9549 -0.2844 0.0852
vn 0.1372 0.8556 0.4991
vn 0.5949 -0.7064 0.3836
vn -0.1945 -0.3771 0.9055
vn -0.7120 0.6582 -0.2445
vn 0.0160 -0.7371 -0.6756
vn 0.8895 0.4568 0.0131
vn 0.2899 0.9191 -0.2670
vn -0.6409 -0.3583 -0.6789
vn -0.4471 0.0398 0.8936
vn 0.7970 -0.6019 0.0510
vn -0.3157 0.9320 -0.1782
vn 0.1400 -0.4750 -0.8688
vn -0.6876 -0.4856 0.5398
vn 0.8616 0.0264 0.5068
vn 0.9450 0.1418 -0.2946
vn -0.2702 -0.9438 -0.1905
vn -0.6022 0.6250 -0.4967
vn -0.0728 0.1781 0.9813
vn 0.1739 0.4128 -0.8941
vn 0.0933 -0.9933 -0.0687
vn -0.9266 0.2295 0.2979
vn 0.6585 0.3497 0.6664
vn -0.7552 0.1348 0.6415
vn -0.3519 0.0067 -0.9360
vn 0.4385 -0.8798 0.1835
vn 0.6672 0.7369 0.1086
vn 0.3563 0.8108 -0.4644
vn -0.0794 -0.7540 -0.6520
vn -0.9018 0.2053 0.3804
vn 0.6222 -0.2609 0.7381
vn 0.9124 0.1001 -0.3969
vn -0.1706 -0.9620 0.2130
vn -0.6853 0.3206 -0.6539
vn -0.0596 0.5421 0.8382
vn -0.0152 -0.5718 -0.8203
vn 0.8850 -0.0993 0.4550
vn -0.7304 -0.2856 0.6205
vn -0.1396 0.9567 -0.2556
vn 0.2045 -0.7586 0.6186
vn 0.5195 -0.1133 -0.8469
vn 0.2540 0.8634 0.4359
vn -0.9775 0.0064 -0.2107
vn 0.9735 0.1338 -0.1856
vn -0.1976 -0.9794 0.0410
vn -0.5378 0.4211 -0.7303
vn -0.2379 0.4222 0.8748
vn 0.5752 -0.5553 -0.6007
vn 0.3398 -0.0626 0.9384
vn -0.9420 -0.3333 -0.0387
vn 0.0268 0.9536 -0.2998
vn 0.3283 -0.9221 0.2050
vn 0.7789 0.6098 -0.1462
vn -0.5466 0.3393 0.7656
vn -0.5621 -0.0262 -0.8266
vn 0.8067 -0.2164 0.5499
vn 0.0994 -0.4059 -0.9085
vn -0.0908 0.9921 -0.0861
vn -0.8151 -0.3706 0.4452
vn 0.8459 0.0920 -0.5253
vn -0.0085 -0.8877 0.4603
vn -0.7859 0.0644 -0.6150
vn -0.0480 0.7307 0.6810
vn 0.2376 -0.7189 -0.6532
vn 0.7493 0.1277 0.6498
vn -0.8282 -0.2625 0.4952
vn -0.1598 0.8543 -0.4946
vn 0.4025 -0.9154 0.0103
vn 0.6199 0.6300 -0.4679
vn -0.1474 0.3111 0.9389
vn -0.8758 -0.0248 -0.4821
vn 0.3691 0.7496 0.5494
vn 0.7528 -0.5183 -0.4059
vn -0.5774 0.3716 -0.7270
vn -0.5444 -0.6027 0.5834
vn 0.3693 -0.6420 0.6719
vn -0.0447 -0.4398 -0.8970
vn 0.5921 0.8040 -0.0543
vn -0.9190 0.2808 0.2767
vn -0.9595 -0.0930 -0.2659
vn 0.5352 0.3131 -0.7846
vn 0.3497 -0.8862 0.3040
vn 0.0758 0.6633 0.7445
vn -0.3885 -0.5479 -0.7409
vn -0.3100 0.9466 -0.0880
vn 0.9982 -0.0298 -0.0521
vn -0.3023 -0.3676 0.8795
vn 0.0163 0.5703 -0.8213
vn -0.9200 -0.3706 0.1276
vn 0.2498 0.5540 0.7942
vn 0.6506 -0.7527 -0.1008
vn -0.7763 0.5956 -0.2065
vn 0.1554 -0.6221 -0.7674
vn -0.1965 -0.5322 0.8235
vn 0.8163 0.5578 0.1502
vn -0.7569 -0.4539 -0.4701
vn 0.2889 0.7970 -0.5303
vn 0.7655 -0.6367 0.0930
vn -0.2980 0.2947 0.9079
vn -0.0340 -0.0886 -0.9955
vn -0.7896 0.5249 0.3179
vn 0.8409 0.4736 0.2620
vn -0.0185 -0.9097 0.4149
vn -0.2429 0.8124 -0.5301
vn -0.5882 -0.7637 -0.2662
vn -0.1242 0.1878 0.9743
vn 0.9551 -0.2379 -0.1767
vn -0.9227 0.2976 -0.2451
vn 0.5317 -0.1539 -0.8329
vn -0.0497 -0.8496 0.5252
vn 0.4439 0.7044 0.5539
vn -0.4722 -0.4723 -0.7443
vn -0.0069 0.9843 -0.1761
vn 0.9445 -0.3240 0.0547
vn -0.4640 -0.1888 0.8655
vn 0.0345 0.2322 -0.9721
vn -0.9422 0.0726 0.3270
vn 0.5834 0.6295 0.5132
vn 0.3243 -0.9371 0.1293
vn -0.5434 0.7940 -0.2725
vn -0.1429 -0.7460 -0.6505
vn -0.2793 -0.2978 0.9129
vn 0.9683 0.2496 0.0126
vn -0.9236 -0.0331 -0.3820
vn 0.6083 0.4719 -0.6381
vn 0.3330 -0.9306 0.1518
vn -0.0192 0.4929 0.8699
vn -0.1242 -0.2336 -0.9644
vn -0.4761 0.8565 0.1994
vn 0.9756 0.1072 0.1918
vn -0.3741 -0.7299 0.5721
vn 0.0280 0.6149 -0.7881
vn -0.8874 -0.4597 0.0345
vn 0.1350 0.5283 0.8382
vn 0.7239 -0.6849 -0.0831
vn -0.7970 0.5678 -0.2057
vn 0.2874 -0.4822 -0.8276
vn -0.2387 -0.6627 0.7099
vn 0.7488 0.5782 0.3240
vn -0.7542 -0.2943 -0.5870
vn 0.3950 0.8446 -0.3615
vn 0.7010 -0.7128 0.0244
vn -0.3436 0.1639 0.9247
vn 0.0144 -0.0202 -0.9997
vn -0.7441 0.5927 0.3083
vn 0.8719 0.3543 0.3379
vn -0.1447 -0.9245 0.3527
vn -0.0327 0.9029 -0.4286
vn -0.6915 -0.5919 -0.4140
vn -0.1840 0.0923 0.9786
vn 0.9061 -0.4016 -0.1329
vn -0.7481 0.5267 -0.4035
vn 0.6682 -0.2272 -0.7084
vn -0.3625 -0.8424 0.3988
vn 0.4423 0.5448 0.7124
vn -0.3116 -0.4335 -0.8456
vn 0.0519 0.9901 -0.1302
vn 0.9051 -0.3529 0.2371
vn -0.6429 -0.2060 0.7378
vn 0.2239 0.3386 -0.9139
vn -0.9934 -0.0238 0.1121
vn 0.4013 0.6070 0.6859
vn 0.3705 -0.9217 0.1149
vn -0.5331 0.7845 -0.3168
vn -0.0526 -0.7335 -0.6776
vn -0.3688 -0.3227 0.8717
vn 0.9546 0.2715 0.1223
vn -0.8824 0.0158 -0.4703
vn 0.7015 0.3995 -0.5901
vn 0.2425 -0.9455 0.2174
vn -0.0607 0.5317 0.8447
vn -0.0171 -0.2581 -0.9660
vn -0.4324 0.8939 0.1184
vn 0.9490 0.0462 0.3117
vn -0.4989 -0.6819 0.5349
vn 0.1545 0.6791 -0.7176
vn -0.8886 -0.4363 -0.1418
vn 0.0114 0.4494 0.8932
vn 0.7204 -0.6929 -0.0314
vn -0.7356 0.6088 -0.2970
vn 0.3695 -0.4876 -0.7910
vn -0.3612 -0.6602 0.6586
vn 0.7270 0.5384 0.4261
vn -0.6864 -0.2607 -0.6789
vn 0.4353 0.8571 -0.2755
vn 0.6924 -0.7187 0.0636
vn -0.4389 0.1218 0.8903
vn 0.1552 0.1082 -0.9819
vn -0.8329 0.4878 0.2615
vn 0.7793 0.3757 0.5015
vn -0.1008 -0.9705 0.2188
vn -0.0978 0.8599 -0.5011
vn -0.5598 -0.7034 -0.4381
vn -0.3014 0.1274 0.9450
vn 0.9581 -0.2863 -0.0069
vn -0.9373 0.2519 -0.2410
vn 0.5983 0.1374 -0.7894
vn 0.0233 -0.9616 0.2735
vn 0.3144 0.5717 0.7579
vn 0.4372 -0.2349 0.8681
vn 0.2571 -0.6732 -0.6933
vn 0.2995 0.9091 -0.2896
vn -0.9934 -0.0011 0.1147
vn -0.1737 -0.4492 -0.8764
vn 0.9837 0.1443 0.1075
vn -0.3386 -0.5759 0.7441
vn -0.4706 0.8820 0.0248
vn 0.5223 -0.8342 -0.1773
vn 0.0219 0.5867 -0.8095
vn 0.4001 0.4889 0.7752
vn -0.9477 -0.2406 0.2098
vn 0.9195 -0.0519 -0.3897
vn -0.6486 -0.4424 -0.6193
vn -0.2582 0.9586 0.1200
vn -0.0133 -0.4654 0.8850
vn 0.2399 0.4804 -0.8436
vn 0.1542 -0.9805 -0.1217
vn -0.9639 0.1609 0.2123
vn 0.5683 0.3392 0.7497
vn -0.4499 -0.4261 0.7849
vn -0.5512 -0.1526 -0.8203
vn 0.9064 -0.4035 -0.1248
vn 0.0911 0.9830 0.1593
vn 0.5052 0.0035 -0.8630
vn -0.5345 -0.8424 0.0680
vn -0.6161 0.7871 0.0295
vn 0.6420 0.0495 0.7651
vn -0.2520 -0.1291 -0.9591
vn -0.3990 -0.7343 0.5491
vn -0.3464 0.8813 0.3215
vn 0.9958 -0.0185 0.0892
vn -0.6341 -0.7732 -0.0010
vn -0.0287 0.4559 0.8896
vn -0.2615 0.6473 -0.7160
vn 0.9280 -0.3302 -0.1729
vn -0.9970 -0.0011 0.0768
vn 0.3882 -0.6027 0.6972
vn 0.3426 0.9295 0.1366
vn 0.2682 -0.3244 -0.9071
vn 0.7266 -0.5462 -0.4168
vn 0.3135 0.3514 0.8822
vn -0.8080 -0.5733 0.1358
vn -0.2319 0.7650 -0.6008
vn 0.2109 0.9610 -0.1788
vn -0.4378 -0.0834 0.8952
vn 0.8446 -0.5354 -0.0084
vn -0.6192 -0.3405 -0.7076
vn -0.9056 -0.3997 0.1419
vn 0.6841 -0.5435 0.4864
vn 0.0094 0.9367 0.3500
vn 0.2152 0.0054 -0.9766
vn -0.6185 -0.7261 0.3003
vn 0.6297 -0.3645 -0.6860
vn 0.5223 0.3396 0.7822
vn -0.5315 0.7474 -0.3987
vn -0.4412 0.3415 -0.8299
vn 0.9917 0.0945 -0.0869
vn -0.2338 -0.9637 0.1287
vn -0.3183 0.5268 0.7882
vn -0.2119 0.4872 -0.8472
vn 0.6557 0.5318 0.5359
vn 0.3948 -0.8923 -0.2190
vn -0.8377 -0.1288 0.5308
vn 0.7728 -0.5687 0.2817
vn 0.3385 0.7814 -0.5243
vn -0.4904 0.3273 0.8077
vn -0.6216 -0.5399 -0.5675
vn -0.6288 0.7317 -0.2633
vn 0.6768 0.3546 0.6452
vn 0.4667 -0.3464 -0.8138
vn -0.5153 -0.7407 0.4311
vn -0.0255 0.9027 -0.4296
vn -0.1000 0.0987 0.9901
vn 0.8740 -0.4405 -0.2049
vn -0.7477 -0.5602 -0.3565
vn -0.8825 -0.2365 0.4065
vn 0.7235 -0.5250 0.4483
vn 0.1716 0.9778 0.1198
vn -0.0114 -0.2170 -0.9761
vn 0.0593 -0.0479 0.9971
vn -0.5314 -0.7745 -0.3431
vn 0.9198 -0.0301 -0.3912
vn -0.4466 0.8549 -0.2639
vn 0.0522 -0.9826 0.1780
vn -0.7314 0.4012 0.5515
vn -0.1931 0.1548 -0.9689
vn 0.8718 0.4274 0.2394
vn -0.7767 -0.6188 0.1171
vn 0.5892 -0.0518 0.8064
vn -0.3341 0.9362 -0.1088
vn 0.5212 -0.2667 -0.8107
vn -0.4477 -0.0350 0.8935
vn 0.2539 -0.9254 -0.2813
vn 0.8217 0.5664 0.0632
vn -0.6268 0.3937 -0.6725
vn 0.2957 -0.5935 0.7485
vn -0.9717 -0.1526 -0.1806
vn 0.5306 -0.2079 -0.8218
vn 0.1443 0.9561 0.2551
vn -0.3558 -0.9344 0.0155
vn -0.1903 0.4419 0.8767
vn -0.4409 0.5111 -0.7378
vn 0.9881 -0.0175 -0.1527
vn -0.8939 -0.2354 0.3815
vn 0.7048 -0.5639 0.4304
vn 0.1919 0.9662 0.1725
vn -0.0031 -0.1684 -0.9857
vn -0.1281 -0.1842 0.9745
vn -0.3433 -0.7726 -0.5341
vn 0.9736 0.1291 -0.1881
vn -0.5011 0.8284 -0.2504
vn 0.2074 -0.9015 0.3798
vn -0.9298 0.2636 0.2568
vn 0.0730 -0.0347 -0.9967
vn 0.6488 0.6713 0.3584
vn -0.6772 -0.7358 -0.0032
vn 0.2529 0.2171 0.9428
vn -0.3895 0.8121 -0.4344
vn 0.8126 -0.2919 -0.5044
vn -0.8207 -0.2166 0.5287
vn 0.7139 -0.6717 0.1980
vn 0.3217 0.9136 0.2487
vn -0.2155 -0.0251 -0.9762
vn 0.0065 -0.3096 0.9508
vn -0.5642 -0.6178 -0.5477
vn 0.9347 0.0029 -0.3555
vn -0.3764 0.9252 -0.0484
vn -0.6152 0.6851 -0.3900
vn 0.4915 -0.4681 -0.7344
vn -0.5341 -0.6657 0.5211
vn 0.6587 0.4505 0.6027
vn 0.0294 -0.9982 -0.0524
vn -0.3947 0.3650 -0.8432
vn 0.9275 0.3552 0.1164
vn -0.5611 0.2800 0.7790
vn 0.8384 -0.5444 0.0249
vn -0.5162 -0.2238 -0.8267
vn 0.2315 0.9728 -0.0087
vn -0.5533 -0.2021 0.8081
vn 0.0206 -0.9984 0.0536
vn -0.5459 0.2808 -0.7894
vn 0.9328 0.3471 -0.0967
vn -0.4085 0.3711 0.8339
vn -0.2095 0.8161 0.5386
vn 0.4161 0.2708 -0.8681
vn -0.8417 -0.5089 -0.1804
vn 0.6352 -0.5790 0.5112
vn -0.0265 -0.1874 -0.9819
vn -0.3568 0.9182 0.1720
vn 0.9427 -0.0594 0.3284
vn -0.5639 -0.6705 0.4821
vn -0.2386 0.5533 -0.7981
vn -0.8297 -0.2080 0.5181
vn 0.6355 0.5088 0.5808
vn 0.4314 -0.8505 -0.3007
vn 0.1687 -0.3804 0.9093
vn -0.6823 0.7284 0.0631
vn -0.3370 -0.7229 -0.6032
vn 0.8497 0.3761 -0.3696
vn 0.3443 0.9360 -0.0739
vn -0.8372 -0.0903 -0.5393
vn -0.1945 -0.2075 0.9587
vn 0.6880 -0.6377 -0.3465
vn -0.1923 -0.9424 -0.2737
vn -0.8474 0.4402 0.2967
vn 0.3818 0.4994 -0.7777
vn 0.6589 0.0019 0.7522
vn -0.2059 0.2510 0.9458
vn -0.2060 0.7720 -0.6013
vn -0.5559 -0.7874 -0.2663
vn 0.9690 -0.2340 -0.0791
vn -0.9598 -0.0653 -0.2731
vn 0.1273 0.8055 0.5787
vn 0.5740 0.0798 -0.8150
vn 0.2579 -0.8216 0.5083
vn -0.4662 0.7783 -0.4206
vn -0.4597 -0.2435 0.8541
vn 0.9514 0.2425 0.1900
vn -0.0265 -0.7803 -0.6248
vn 0.1294 -0.9088 0.3968
vn 0.3602 0.6914 0.6263
vn -0.9753 0.1624 -0.1497
vn 0.4858 0.0558 -0.8723
vn -0.3354 -0.0446 0.9410
vn 0.9188 -0.3923 -0.0442
vn 0.0306 0.9538 -0.2990
vn -0.6127 -0.5175 -0.5974
vn 0.7540 0.1608 0.6369
vn -0.4941 -0.8267 0.2693
vn 0.3642 -0.1161 -0.9240
vn -0.6261 0.7795 0.0181
vn 0.5270 -0.7917 0.3092
vn -0.2843 0.5443 0.7892
vn -0.8112 -0.3121 -0.4944
vn 0.5677 0.5592 -0.6042
vn -0.2785 -0.4812 0.8312
vn 0.9642 0.2549 0.0727
vn -0.5581 0.8225 -0.1094
vn -0.1288 -0.5955 -0.7930
vn 0.3011 0.2836 0.9104
vn 0.2251 -0.9643 -0.1395
vn 0.4632 0.5549 -0.6910
vn -0.9890 0.1249 -0.0796
vn 0.8958 -0.3145 0.3140
vn -0.6910 -0.2225 0.6878
vn -0.2274 -0.4545 -0.8612
vn 0.0232 0.9898 -0.1406
vn 0.1417 -0.8711 0.4703
vn 0.3257 0.7495 0.5763
vn -0.9746 0.1244 -0.1864
vn 0.5078 -0.0014 -0.8615
vn -0.1973 -0.0510 0.9790
vn 0.9441 -0.2836 -0.1678
vn -0.1259 0.9406 -0.3153
vn -0.6217 -0.6061 -0.4962
vn 0.5903 0.2705 0.7605
vn -0.2358 -0.9674 0.0928
vn 0.4799 0.1485 -0.8647
vn -0.8372 0.5468 0.0116
vn 0.7632 -0.5823 0.2802
vn -0.5409 0.2464 0.8042
vn -0.5762 -0.4943 -0.6509
vn 0.3554 0.8288 -0.4323
vn -0.0791 -0.7432 0.6644
vn 0.7020 0.6454 0.3010
vn -0.8765 0.4754 -0.0751
vn 0.2527 -0.3781 -0.8906
vn 0.0576 0.1410 0.9883
vn 0.6995 -0.6551 -0.2856
vn 0.1476 0.8706 -0.4694
vn -0.9062 -0.3527 -0.2330
vn -0.0024 -0.2514 -0.9679
vn 0.4719 -0.7068 0.5270
vn -0.9432 0.0867 0.3207
vn 0.4750 0.8721 0.1174
vn 0.5921 -0.7412 0.3162
vn -0.1812 0.6286 0.7563
vn -0.8638 -0.3813 -0.3293
vn 0.4533 0.4938 -0.7421
vn -0.1645 -0.4565 0.8744
vn 0.9402 0.3397 -0.0250
vn -0.6334 0.7668 -0.1042
vn -0.1417 -0.6497 -0.7469
vn 0.3258 0.2778 0.9037
vn 0.3483 -0.9127 -0.2136
vn 0.3275 0.6482 -0.6874
vn -0.9999 -0.0155 -0.0036
vn 0.9614 -0.1687 0.2174
vn -0.5751 -0.3602 0.7345
vn -0.2324 -0.4570 -0.8585
vn -0.1536 0.9838 -0.0922
vn 0.3561 -0.8395 0.4105
vn 0.2506 0.7808 0.5723
vn -0.9960 -0.0555 -0.0698
vn 0.3907 0.1132 -0.9135
vn -0.0730 -0.1548 0.9852
vn 0.9492 -0.1264 -0.2883
vn -0.2938 0.9321 -0.2119
vn -0.5812 -0.6531 -0.4854
vn 0.6786 0.3297 0.6564
vn -0.1110 -0.9884 0.1035
vn 0.3060 0.2061 -0.9294
vn -0.8754 0.4525 0.1702
vn 0.8485 -0.4926 0.1933
vn -0.5291 0.1008 0.8426
vn -0.5365 -0.5126 -0.6704
vn 0.2157 0.9044 -0.3681
vn 0.3500 0.6743 -0.6503
vn -0.2911 0.4612 0.8382
vn 0.7194 -0.6600 0.2165
vn -0.7795 -0.4764 -0.4067
vn 0.1340 0.0770 0.9880
vn 0.7117 -0.5867 -0.3864
vn 0.0552 0.9063 -0.4190
vn -0.8999 -0.3959 -0.1831
vn 0.8905 0.1265 0.4371
vn -0.4529 -0.8014 0.3907
vn 0.1259 -0.1355 -0.9827
vn -0.5625 0.8121 0.1553
vn 0.5591 -0.8087 0.1827
vn -0.1085 0.5242 0.8446
vn -0.8984 -0.2847 -0.3343
vn 0.4468 0.5683 -0.6909
vn 0.0413 -0.6933 0.7194
vn 0.8829 0.4651 -0.0648
vn -0.7105 0.6679 0.2215
vn -0.2124 -0.4387 -0.8732
vn 0.4890 0.2512 0.8353
vn 0.2886 -0.9114 -0.2934
vn 0.2094 0.6604 -0.7212
vn -0.9840 -0.0009 0.1780
vn 0.9611 -0.0780 0.2649
vn -0.5677 -0.4902 0.6614
vn -0.1277 -0.3962 -0.9093
vn -0.2627 0.9648 -0.0147
vn 0.3543 -0.8881 0.2926
vn 0.3807 0.7193 0.5811
vn -0.9971 0.0040 0.0755
vn 0.2644 0.1654 -0.9501
vn -0.6988 0.6698 0.2510
vn 0.4271 -0.3675 0.8261
vn 0.6949 0.4443 -0.5654
vn -0.4224 -0.7474 -0.5127
vn 0.1547 -0.9874 0.0338
vn 0.8304 0.4779 0.2865
vn -0.7503 0.2422 0.6151
vn -0.2361 0.2671 -0.9343
vn -0.1716 -0.4838 0.8582
vn 0.8333 -0.3544 -0.4242
vn 0.1108 0.9763 0.1858
vn -0.7730 -0.1350 -0.6198
vn 0.9290 0.3694 0.0229
vn -0.0595 -0.7897 0.6106
vn -0.2231 -0.2846 -0.9323
vn -0.6453 0.7033 0.2982
vn 0.7927 -0.6027 0.0911
vn -0.0002 0.6650 0.7469
vn -0.8374 -0.5452 0.0392
vn 0.0438 0.4824 -0.8749
vn -0.0077 -0.3928 0.9196
vn 0.9254 0.3026 -0.2281
vn -0.6233 0.7814 -0.0293
vn -0.2950 -0.6898 -0.6611
vn 0.5435 0.5115 0.6656
vn 0.1914 -0.9773 0.0913
vn 0.2373 0.3011 -0.9236
vn -0.9726 0.1650 0.1640
vn 0.9853 -0.1443 0.0917
vn -0.4278 -0.0395 0.9030
vn -0.3891 -0.7122 -0.5842
vn -0.1683 0.8957 -0.4116
vn -0.1160 -0.9352 0.3346
vn 0.7540 0.4351 0.4921
vn -0.8418 0.5178 0.1527
vn 0.2031 -0.0207 -0.9789
vn 0.1833 0.8597 -0.4767
vn 0.1041 0.1344 0.9855
vn 0.6461 -0.6957 -0.3141
vn -0.9334 -0.3003 -0.1964
vn -0.4292 -0.6784 0.5963
vn 0.9704 0.0786 0.2282
vn -0.4478 0.8848 0.1291
vn -0.0944 -0.2857 -0.9536
vn 0.6121 -0.4407 -0.6566
vn 0.3841 0.8819 0.2735
vn -0.1012 -0.5795 0.8086
vn -0.8943 0.1400 -0.4250
vn -0.5914 0.7757 -0.2202
vn 0.3026 0.0716 0.9504
vn 0.7961 0.0057 -0.6051
vn -0.5086 -0.8521 -0.1233
vn 0.0305 0.9975 0.0635
vn -0.6500 -0.3550 0.6719
vn 0.9090 -0.3734 0.1851
vn -0.2884 -0.2673 -0.9195
vn -0.4224 -0.8563 -0.2974
vn 0.4349 -0.1332 0.8906
vn -0.7014 0.7087 0.0754
vn 0.6889 0.2824 -0.6676
vn 0.7633 0.6091 0.2153
vn -0.6284 -0.0370 0.7770
vn 0.3545 -0.9156 -0.1900
vn -0.4881 0.3434 -0.8024
vn -0.9677 -0.2001 -0.1536
vn 0.3799 -0.6668 0.6411
vn 0.0942 0.9197 0.3811
vn 0.4922 -0.0527 -0.8689
vn 0.8614 0.3717 0.3462
vn -0.6171 -0.1754 0.7671
vn 0.1809 -0.8539 -0.4880
vn -0.4209 0.6588 -0.6235
vn -0.5811 0.7331 0.3535
vn -0.4819 -0.8730 0.0752
vn 0.8479 -0.0422 0.5285
vn 0.2157 0.1812 -0.9595
vn 0.6419 -0.7605 -0.0979
vn -0.5235 -0.1140 0.8444
vn -0.6258 0.0128 -0.7799
vn 0.5063 0.8617 0.0340
vn 0.4145 -0.8972 -0.1524
vn -0.0865 0.1637 0.9827
vn -0.9069 0.0226 -0.4208
vn 0.5771 0.7076 -0.4078
vn 0.1451 -0.6932 0.7060
vn 0.2918 0.8926 0.3436
vn -0.9707 0.0393 -0.2372
vn 0.5319 -0.2363 -0.8132
vn -0.0668 0.6758 0.7341
vn 0.5539 0.3685 -0.7466
vn -0.9154 -0.2156 -0.3399
vn 0.4286 -0.8323 0.3515
vn 0.7978 -0.5379 -0.2726
vn -0.5168 0.2670 -0.8134
vn 0.3018 0.8192 0.4877
vn -0.5834 -0.5485 0.5989
vn -0.7527 0.6166 0.2307
vn 0.4847 0.3537 -0.8000
vn -0.3641 -0.9089 -0.2032
vn 0.6326 -0.0611 0.7720
vn 0.9774 0.2010 0.0656
vn -0.1771 -0.5224 -0.8341
vn -0.5137 0.8575 -0.0278
vn -0.2869 -0.5343 0.7951
vn -0.9261 -0.3754 -0.0372
vn 0.2481 0.3635 -0.8979
vn 0.6414 -0.7227 0.2574
vn 0.0366 0.7338 0.6784
vn 0.9887 0.1296 0.0753
vn -0.1895 -0.7891 -0.5843
vn -0.4148 0.8159 -0.4027
vn -0.3845 -0.1587 0.9094
vn -0.4759 -0.7837 0.3992
vn -0.3573 0.1712 -0.9182
vn 0.9792 -0.1956 -0.0542
vn -0.1453 0.8066 0.5730
vn 0.0190 0.9426 -0.3333
vn 0.3049 -0.6146 -0.7276
vn -0.9310 -0.2408 0.2745
vn 0.6100 -0.0867 0.7876
vn 0.4561 0.7983 -0.3934
vn 0.0968 -0.7797 -0.6187
vn -0.9703 0.2029 0.1319
vn 0.4199 -0.2217 0.8801
vn -0.2246 0.9068 -0.3568
vn 0.4649 -0.5317 -0.7080
vn -0.8407 -0.4691 0.2706
vn 0.6003 0.0909 0.7946
vn 0.5174 -0.8081 0.2816
vn -0.6484 -0.2527 -0.7181
vn 0.6307 0.6924 -0.3504
vn -0.4969 0.3671 0.7864
vn 0.8958 -0.0229 -0.4438
vn -0.4800 -0.8594 -0.1762
vn -0.5339 0.7627 -0.3651
vn 0.1182 0.1167 0.9861
vn -0.2938 -0.4525 0.8420
vn -0.7648 0.0403 -0.6430
vn 0.7504 -0.5177 -0.4109
vn 0.3086 0.9281 0.2084
vn 0.0767 -0.9761 -0.2033
vn -0.8746 0.1785 0.4508
vn 0.0490 0.5222 -0.8514
vn 0.7482 0.2751 0.6038
vn 0.5171 -0.0514 0.8544
vn -0.6461 0.7619 0.0451
vn -0.5004 -0.8551 -0.1357
vn 0.6310 0.1448 -0.7622
vn -0.3103 0.4922 -0.8133
vn -0.7854 -0.2020 0.5851
vn 0.6553 0.5657 0.5005
vn 0.4400 -0.8552 -0.2740
vn 0.0261 -0.8998 0.4354
vn -0.2656 0.6892 0.6741
vn -0.6651 -0.0114 -0.7467
vn 0.9049 0.2210 -0.3637
vn -0.0781 -0.8361 0.5429
vn 0.4171 0.7191 0.5558
vn -0.9103 0.2913 -0.2942
vn 0.5700 -0.1753 -0.8027
vn 0.1529 0.6622 -0.7335
vn -0.1528 0.4860 0.8605
vn 0.8024 -0.5901 0.0885
vn -0.8009 -0.5593 -0.2141
vn -0.1943 -0.6153 0.7639
vn 0.7482 0.6139 0.2516
vn -0.8160 0.5372 -0.2136
vn 0.2636 -0.5356 -0.8023
vn 0.6388 0.2616 -0.7235
vn -0.3050 0.8177 0.4881
vn 0.4611 -0.6179 0.6368
vn -0.7909 -0.4613 -0.4022
vn -0.5072 -0.2420 0.8272
vn 0.8728 0.4164 0.2545
vn -0.5351 0.6499 -0.5397
vn 0.1675 -0.8234 -0.5422
vn 0.6754 0.0866 -0.7323
vn -0.1695 0.8983 0.4053
vn 0.3493 -0.6240 0.6990
vn -0.8554 -0.3600 -0.3725
vn -0.6664 -0.0652 0.7428
vn 0.8194 0.4664 0.3333
vn -0.3946 0.5172 -0.7595
vn 0.2425 -0.9179 -0.3142
vn 0.8833 -0.2475 -0.3982
vn -0.1277 0.9897 -0.0640
vn -0.0201 -0.2783 0.9603
vn -0.7350 -0.4629 -0.4955
vn -0.9234 0.3055 0.2324
vn 0.6686 0.5483 0.5024
vn 0.1465 0.1104 -0.9830
vn 0.1050 -0.9628 0.2488
vn 0.6818 0.0377 -0.7306
vn -0.3806 0.9132 0.1457
vn 0.4324 -0.3194 0.8432
vn -0.7325 -0.6305 -0.2570
vn -0.8108 0.2786 -0.5147
vn -0.0331 0.3998 0.9160
vn 0.8207 0.3195 -0.4736
vn 0.0258 -0.9970 0.0723
vn 0.9223 0.1423 0.3594
vn -0.5629 0.8027 0.1971
vn -0.4047 -0.8065 0.4311
vn 0.0439 -0.1380 -0.9895
vn -0.4313 0.5855 -0.6865
vn -0.6511 -0.1868 0.7356
vn 0.8043 0.4599 0.3763
vn 0.2772 -0.8602 -0.4281
vn -0.2478 -0.9519 0.1801
vn 0.0542 0.4968 0.8662
vn -0.6927 0.4217 -0.5852
vn 0.8869 0.0322 -0.4608
vn 0.8819 0.3119 0.3535
vn -0.6962 0.6944 0.1820
vn -0.2575 -0.8549 0.4503
vn 0.0723 -0.1515 -0.9858
vn 0.2438 -0.0813 0.9664
vn 0.0913 0.9529 -0.2893
vn -0.9451 -0.2980 -0.1344
vn 0.6095 -0.5765 -0.5442
vn -0.4304 -0.7858 -0.4442
vn -0.0953 0.8078 -0.5817
vn 0.9700 -0.1933 0.1473
vn -0.4436 0.1723 0.8795
vn 0.1689 0.9442 -0.2829
vn 0.6170 -0.6118 -0.4949
vn -0.9471 -0.2470 -0.2051
vn 0.1604 -0.0853 0.9834
vn 0.1204 -0.8793 0.4607
vn -0.2299 -0.1586 -0.9602
vn 0.8472 0.5279 0.0595
vn -0.7395 0.5101 0.4393
vn -0.3085 0.8203 -0.4816
vn 0.8196 -0.3559 -0.4490
vn -0.7220 -0.6916 -0.0216
vn 0.2118 0.2253 0.9510
vn 0.8534 -0.0040 0.5213
vn -0.0809 -0.8563 -0.5101
vn 0.0003 0.7674 -0.6412
vn -0.7717 0.0949 0.6288
vn 0.8983 -0.3234 0.2973
vn -0.7045 -0.6331 0.3206
vn -0.0233 0.0482 -0.9986
vn -0.1700 0.9084 0.3819
vn -0.9131 0.3538 -0.2027
vn -0.0007 -0.9957 -0.0930
vn 0.2523 0.2444 0.9363
vn 0.6600 0.3949 -0.6392
vn 0.8810 -0.3929 -0.2636
vn -0.3887 -0.5281 0.7550
vn -0.6248 -0.0278 -0.7803
vn 0.1313 0.9483 0.2890
vn -0.9281 0.2960 0.2258
vn -0.0239 -0.9422 -0.3342
vn 0.5739 0.0484 0.8175
vn 0.3768 0.5975 -0.7078
vn 0.4776 -0.1580 -0.8643
vn 0.2870 -0.6879 0.6666
vn -0.9875 -0.0674 -0.1426
vn 0.2251 0.9126 0.3414
vn -0.2365 0.2704 0.9333
vn -0.2793 -0.9482 -0.1516
vn 0.9885 0.0816 -0.1277
vn -0.4719 0.5944 -0.6512
vn -0.6351 -0.0534 -0.7706
vn 0.6211 -0.7833 -0.0256
vn -0.5129 -0.0124 0.8583
vn 0.5259 0.8482 -0.0635
vn 0.9774 0.2021 0.0622
vn -0.2162 -0.7866 0.5784
vn -0.2360 -0.2116 -0.9485
vn -0.5249 0.7934 0.3082
vn -0.6478 0.2054 0.7336
vn -0.2299 -0.8832 -0.4089
vn 0.9269 -0.0375 0.3735
vn -0.0499 0.7147 -0.6977
vn 0.8142 -0.4256 -0.3949
vn -0.4105 -0.6230 0.6658
vn -0.6617 0.1984 -0.7230
vn 0.2583 0.8525 0.4544
vn -0.1101 -0.1094 -0.9879
vn -0.2155 -0.8635 0.4559
vn -0.6179 0.7141 0.3290
vn 0.9445 0.2594 0.2014
vn -0.2679 -0.5149 0.8143
vn -0.5021 0.8645 -0.0245
vn -0.2135 -0.5319 -0.8194
vn 0.9830 0.1812 0.0286
vn -0.0126 0.6345 0.7728
vn 0.4620 0.4297 -0.7758
vn -0.9384 -0.2315 -0.2563
vn 0.4873 -0.8342 0.2581
vn -0.6045 -0.7153 -0.3505
vn 0.0283 0.7592 -0.6503
vn 0.9214 -0.3697 0.1194
vn -0.3431 0.3249 0.8813
vn 0.9321 -0.0859 0.3520
vn -0.0970 -0.5564 -0.8253
vn -0.1832 0.9583 -0.2191
vn -0.6498 -0.3162 0.6912
vn 0.1251 0.6393 -0.7587
vn 0.7410 -0.6714 -0.0094
vn -0.8768 -0.4707 -0.0987
vn 0.0119 0.5027 0.8644
vn 0.0632 -0.4891 0.8700
vn -0.0545 -0.6597 -0.7496
vn 0.8107 0.5739 -0.1161
vn -0.8191 0.5737 -0.0029
vn -0.5703 0.1902 -0.7991
vn 0.9538 -0.0903 -0.2866
vn -0.3017 -0.8503 0.4313
vn -0.0815 0.7510 0.6553
vn 0.5967 -0.1047 0.7956
vn 0.2012 -0.7213 -0.6628
vn 0.1575 0.8929 -0.4218
vn -0.9558 -0.0662 0.2865
vn -0.0001 0.4320 -0.9019
vn 0.9411 -0.1939 0.2769
vn -0.5191 -0.8538 -0.0387
vn -0.4222 0.6164 0.6647
vn 0.2621 -0.1712 -0.9497
vn 0.5940 0.7035 0.3902
vn 0.0941 -0.8438 0.5284
vn -0.9500 0.3105 0.0334
vn -0.6443 0.7001 -0.3079
vn 0.2232 0.1504 0.9631
vn 0.8357 0.0531 -0.5467
vn -0.4130 -0.9045 -0.1068
vn 0.6035 -0.6924 0.3953
vn 0.1716 0.8809 0.4411
vn -0.9526 -0.2662 0.1473
vn 0.1769 0.0767 -0.9812
vn 0.5866 0.6594 -0.4701
vn -0.7757 0.4796 0.4102
vn 0.5216 -0.4609 0.7180
vn -0.3338 -0.6746 -0.6584
vn -0.8217 -0.5450 0.1668
vn 0.2513 0.4875 0.8362
vn -0.1799 0.6613 -0.7282
vn 0.7489 -0.6030 -0.2747
vn 0.7745 0.6084 -0.1734
vn -0.7444 0.5202 0.4187
vn 0.2838 -0.7321 0.6192
vn -0.3166 -0.3951 -0.8623
vn -0.9535 -0.2817 -0.1071
vn 0.2435 -0.0032 0.9699
vn 0.1166 0.9232 -0.3663
vn 0.5929 -0.6351 -0.4951
vn 0.8913 -0.3803 0.2470
vn -0.1403 0.8639 0.4837
vn -0.7200 -0.6449 0.2565
vn -0.0302 0.1625 -0.9863
vn -0.3849 0.7296 -0.5652
vn -0.4402 0.0075 0.8979
vn 0.9832 0.1455 0.1100
vn -0.1584 -0.8821 -0.4437
vn 0.4765 -0.5851 0.6562
vn -0.0751 0.9244 0.3740
vn -0.9142 -0.3666 -0.1730
vn 0.5118 0.0270 -0.8587
vn 0.7406 0.6605 -0.1240
vn -0.8778 0.4791 -0.0064
vn 0.1132 -0.4725 0.8740
vn 0.0225 -0.6677 -0.7441
vn 0.1512 0.6931 0.7047
vn -0.0172 0.4382 -0.8987
vn -0.8736 -0.4591 0.1614
vn 0.7405 -0.6714 0.0307
vn -0.6469 -0.0515 -0.7609
vn 0.5076 0.8601 -0.0516
vn 0.6387 -0.7677 -0.0522
vn -0.5002 -0.0398 0.8650
vn -0.0307 0.6035 0.7968
vn 0.9476 -0.2634 -0.1804
vn -0.3698 0.4806 -0.7952
vn -0.5454 -0.8188 0.1793
vn 0.6927 0.7162 -0.0850
vn 0.0460 -0.3990 0.9158
vn 0.1714 -0.7100 -0.6830
vn -0.9076 0.3935 -0.1465
vn 0.6050 -0.7509 0.2647
vn 0.3780 0.8642 0.3321
vn -0.9056 -0.1474 0.3977
vn -0.0754 0.0344 -0.9966
vn 0.4929 -0.0791 0.8665
vn 0.6328 -0.1676 -0.7559
vn -0.3854 0.9189 -0.0842
vn -0.7393 -0.6729 -0.0267
vn 0.2431 0.8885 -0.3893
vn 0.8118 -0.4236 0.4019
vn -0.3600 -0.5940 -0.7195
vn -0.6935 0.1289 0.7089
vn -0.1673 -0.8124 0.5586
vn 0.6916 -0.2080 -0.6917
vn 0.3252 0.7446 0.5830
vn -0.8485 0.2740 -0.4527
vn -0.2915 -0.3321 -0.8970
vn 0.7138 0.6902 -0.1190
vn 0.3595 -0.7634 0.5366
vn -0.7809 0.4046 0.4758
vn 0.2494 -0.4096 -0.8775
vn -0.3618 0.9203 -0.1490
vn 0.8092 0.0542 0.5850
vn -0.6967 -0.5655 0.4414
vn 0.2692 0.9582 -0.0972
vn -0.2871 -0.3559 -0.8893
vn -0.7586 -0.0694 0.6478
vn 0.7778 -0.5314 0.3357
vn -0.8534 0.3900 -0.3459
vn 0.7617 0.3114 -0.5681
vn -0.0533 -0.9980 -0.0330
vn 0.1460 0.2942 0.9445
vn 0.5809 -0.7683 -0.2688
vn -0.3892 0.4250 -0.8172
vn 0.5477 0.6723 0.4981
vn -0.7383 -0.3298 0.5883
vn -0.9094 -0.2729 -0.3138
vn 0.0446 0.9971 0.0619
vn 0.6903 -0.3245 -0.6467
vn 0.1751 -0.3979 0.9006
vn -0.5188 0.4045 -0.7532
vn -0.5923 -0.0794 0.8018
vn 0.7826 0.5825 0.2197
vn 0.3249 -0.9065 -0.2695
vn 0.0706 0.6998 0.7108
vn -0.9057 0.0418 -0.4218
vn 0.1366 -0.9028 0.4079
vn 0.6996 0.1613 -0.6961
vn 0.1489 0.1309 -0.9801
vn -0.5852 -0.7978 0.1450
vn -0.4427 0.8114 0.3816
vn 0.8797 -0.1435 0.4534
vn -0.8643 0.1451 0.4816
vn -0.1775 -0.4528 -0.8738
vn 0.6002 -0.5745 0.5565
vn 0.4395 0.8828 -0.1658
vn 0.8550 -0.4845 -0.1848
vn -0.7271 -0.6636 0.1762
vn -0.2414 0.5622 -0.7910
vn 0.1129 0.5870 0.8017
vn -0.7820 0.3230 0.5331
vn -0.3163 -0.3108 -0.8963
vn 0.4407 -0.7602 0.4773
vn 0.6553 0.7466 -0.1146
vn 0.6696 0.1617 -0.7249
vn -0.3754 -0.9221 -0.0944
vn -0.7387 0.6700 -0.0729
vn 0.4421 0.0874 0.8927
vn -0.4655 -0.3514 0.8123
vn -0.5919 -0.1113 -0.7983
vn 0.8500 -0.5060 -0.1467
vn 0.2086 0.9690 0.1328
vn 0.3318 0.4487 -0.8298
vn -0.1783 -0.9654 -0.1902
vn -0.8443 0.4423 0.3026
vn 0.6911 0.0731 0.7190
vn -0.2400 -0.5431 0.8047
vn -0.7536 -0.0254 -0.6568
vn 0.8230 -0.3773 -0.4246
vn 0.1717 0.9448 0.2789
vn 0.2698 0.4550 -0.8487
vn -0.2848 -0.9376 -0.1995
vn -0.7596 0.5008 0.4151
vn 0.7737 -0.0183 0.6333
vn 0.4069 0.4555 -0.7918
vn -0.2169 -0.9475 -0.2348
vn -0.8381 0.4781 0.2626
vn 0.6480 0.0139 0.7615
vn -0.2825 0.8222 -0.4942
vn 0.3054 -0.6928 -0.6532
vn -0.7737 -0.3538 0.5256
vn 0.7505 0.2255 0.6212
vn 0.9610 -0.2466 0.1249
vn -0.5107 -0.7981 -0.3198
vn -0.0716 0.7345 -0.6748
vn -0.3804 0.3108 0.8710
vn -0.8900 -0.2592 0.3751
vn -0.0063 -0.1185 -0.9929
vn 0.7092 -0.5804 0.4002
vn 0.1876 0.9572 0.2206
vn -0.5128 -0.8072 0.2922
vn -0.4350 0.3925 -0.8104
vn 0.9395 -0.2638 -0.2185
vn 0.0094 0.6786 0.7344
vn -0.2111 -0.7625 -0.6115
vn -0.8509 0.4318 0.2993
vn 0.5609 0.6716 -0.4842
vn 0.4984 -0.3410 0.7970
vn 0.2418 -0.4225 0.8735
vn -0.0221 0.9938 0.1086
vn -0.8999 -0.3249 -0.2909
vn 0.6795 -0.2463 -0.6911
vn -0.8798 0.4341 0.1939
vn 0.6404 0.1927 0.7435
vn 0.3696 0.3602 -0.8565
vn -0.1279 -0.9883 -0.0825
vn 0.2038 -0.8471 0.4908
vn 0.8364 0.5381 -0.1048
vn -0.6720 0.5277 0.5195
vn -0.3687 -0.2178 -0.9037
vn -0.0884 0.8017 -0.5911
vn 0.3376 0.2826 0.8979
vn 0.6440 -0.6469 -0.4084
vn -0.8928 -0.4391 0.1006
vn -0.1937 -0.5907 0.7833
vn 0.9886 0.1255 -0.0838
vn -0.4383 0.8890 0.1326
vn -0.3534 -0.4240 -0.8339
vn 0.3241 0.4291 -0.8431
vn 0.2705 0.5592 0.7837
vn 0.4032 -0.9112 0.0851
vn -0.9968 -0.0760 -0.0250
vn -0.5438 -0.1355 0.8282
vn 0.9715 -0.0872 0.2204
vn -0.1784 0.9124 -0.3683
vn -0.2495 -0.6904 -0.6790
vn 0.4797 0.4525 -0.7517
vn 0.1215 0.5283 0.8403
vn 0.3754 -0.9183 0.1262
vn -0.9745 -0.0654 -0.2147
vn -0.7417 -0.0503 0.6689
vn 0.8760 -0.1460 0.4596
vn -0.0027 0.9005 -0.4348
vn -0.1316 -0.7056 -0.6963
vn 0.7964 -0.1318 -0.5903
vn 0.1397 0.8063 0.5747
vn -0.1190 -0.8033 0.5836
vn -0.8149 0.1267 -0.5655
vn -0.8157 0.3525 0.4587
vn 0.7138 -0.1730 0.6786
vn 0.3252 0.6723 -0.6650
vn -0.2237 -0.8525 -0.4724
vn -0.3268 -0.7332 0.5963
vn 0.9913 0.0906 0.0952
vn -0.4414 0.8592 0.2586
vn -0.2227 -0.2204 -0.9496
vn -0.2232 0.0192 0.9746
vn 0.7210 -0.6735 -0.1631
vn 0.3159 0.9041 -0.2878
vn -0.8138 -0.2505 -0.5244
vn 0.9997 0.0076 -0.0230
vn -0.3124 -0.6528 0.6901
vn -0.3531 -0.2694 -0.8960
vn -0.3344 0.9142 0.2288
vn -0.5355 -0.7796 -0.3247
vn 0.7624 -0.3258 0.5592
vn -0.5830 0.5989 0.5490
vn 0.3577 0.5086 -0.7832
vn 0.6947 0.7184 -0.0363
vn -0.1249 -0.2976 0.9465
vn 0.2966 -0.7771 -0.5551
vn -0.8638 0.3554 -0.3571
vn -0.9905 0.0003 0.1375
vn 0.3858 -0.8496 0.3597
vn 0.4042 0.7798 0.4780
vn 0.2028 0.0689 -0.9768
vn 0.0208 -0.1190 0.9927
vn -0.3468 -0.8340 -0.4292
vn 0.9254 0.1872 -0.3294
vn -0.5986 0.7661 -0.2341
vn 0.8159 -0.4753 0.3292
vn -0.7215 -0.6665 -0.1876
vn 0.2200 0.5000 -0.8376
vn -0.3154 0.6425 0.6984
vn -0.9442 0.3035 0.1282
vn 0.1418 -0.2590 -0.9554
vn 0.1810 -0.7881 0.5883
vn 0.6213 0.7459 0.2400
vn 0.6477 0.5543 -0.5227
vn 0.1724 -0.9686 -0.1794
vn -0.9344 0.2280 -0.2736
vn 0.1153 0.1840 0.9761
vn 0.1854 -0.4199 0.8884
vn -0.5550 -0.6205 -0.5541
vn 0.8650 0.1809 -0.4681
vn -0.4951 0.8586 0.1326
vn -0.9341 0.3555 -0.0338
vn 0.2547 -0.3546 -0.8997
vn 0.0518 -0.7370 0.6739
vn 0.6275 0.7343 0.2590
vn 0.9379 -0.3272 -0.1151
vn -0.6382 -0.7323 -0.2377
vn -0.1551 0.7860 -0.5984
vn -0.1448 0.2726 0.9512
vn 0.0343 0.1762 -0.9838
vn 0.3179 -0.9299 0.1849
vn -0.9410 0.1010 0.3229
vn 0.5892 0.6529 0.4759
vn 0.0678 -0.0941 0.9933
vn -0.5808 -0.7272 -0.3659
vn 0.9122 -0.0665 -0.4044
vn -0.3986 0.8895 -0.2232
vn -0.9372 0.2116 -0.2773
vn 0.4188 -0.6104 -0.6723
vn -0.0116 -0.4479 0.8940
vn 0.5292 0.8466 0.0562
vn 0.9776 0.2002 -0.0651
vn -0.1511 -0.9791 -0.1363
vn -0.4929 0.5121 -0.7034
vn -0.3339 0.2676 0.9038
vn 0.2444 -0.5459 0.8014
vn -0.7945 -0.4069 -0.4507
vn 0.7722 0.0187 -0.6351
vn -0.2215 0.9331 0.2832
vn -0.2435 0.0253 0.9696
vn -0.6623 0.5357 -0.5238
vn -0.0059 -0.9463 -0.3233
vn 0.9141 0.3864 -0.1226
vn -0.9729 0.0081 -0.2312
vn 0.1780 0.6632 0.7270
vn 0.5344 0.2391 -0.8107
vn 0.2611 -0.9120 0.3163
vn 0.3930 -0.2817 0.8753
vn 0.5791 0.7019 -0.4148
vn -0.9174 0.3676 0.1527
vn -0.0548 -0.7897 -0.6111
vn -0.0853 -0.0132 -0.9963
vn -0.0539 0.9446 0.3237
vn 0.8781 -0.3980 0.2655
vn -0.7411 -0.5348 0.4058
vn -0.0202 0.1077 0.9940
vn 0.8247 0.4311 -0.3662
vn -0.8071 0.4347 -0.3995
vn 0.0014 -0.9733 -0.2293
vn 0.3163 -0.4320 -0.8446
vn -0.1102 0.9829 -0.1478
vn 0.6717 -0.1570 0.7240
vn -0.8788 -0.3949 0.2678
vn -0.4404 0.5578 0.7035
vn 0.9066 0.3705 -0.2021
vn -0.5553 0.0101 -0.8316
vn 0.0900 -0.9403 0.3283
vn -0.1025 0.7619 -0.6396
vn 0.3340 0.3447 0.8773
vn 0.6522 -0.6611 -0.3710
vn -0.8853 -0.4452 0.1342
vn 0.5697 0.6824 -0.4580
vn -0.7667 0.4570 0.4509
vn 0.5473 -0.4875 0.6803
vn -0.3494 -0.6526 -0.6723
vn -0.5267 -0.7426 0.4136
vn -0.0720 0.8190 0.5693
vn -0.3589 0.1959 -0.9126
vn 0.9603 -0.2704 -0.0684
vn 0.6061 0.3178 -0.7291
vn 0.1047 0.5904 0.8003
vn 0.2346 -0.9415 0.2420
vn -0.9491 0.0338 -0.3130
vn 0.5424 0.8374 -0.0671
vn -0.1598 -0.2167 0.9631
vn 0.4979 -0.7508 -0.4339
vn -0.8779 0.1306 -0.4607
vn -0.7940 -0.5829 0.1724
vn 0.7358 -0.2463 0.6308
vn -0.2536 0.9569 0.1411
vn 0.3118 -0.1264 -0.9417
vn 0.9309 0.0279 -0.3642
vn -0.0676 0.6103 0.7893
vn -0.2223 -0.9331 0.2828
vn -0.6418 0.2957 -0.7076
vn -0.6467 0.7522 -0.1259
vn -0.0943 -0.3693 0.9245
vn 0.9324 0.3372 -0.1299
vn -0.1929 -0.7207 -0.6659
vn 0.7201 -0.6530 0.2348
vn 0.0102 0.7575 0.6528
vn -0.8881 -0.4582 0.0354
vn 0.1550 0.3547 -0.9220
vn 0.2633 0.9126 -0.3128
vn -0.7716 0.0715 0.6321
vn 0.7741 -0.4264 0.4679
vn -0.2644 -0.5574 -0.7870
vn -0.3406 -0.8764 0.3405
vn 0.1457 0.6226 0.7689
vn -0.6678 0.3981 -0.6289
vn 0.8642 -0.1450 -0.4819
vn 0.7860 -0.1161 0.6072
vn -0.2352 0.9702 -0.0575
vn -0.7785 -0.5131 0.3615
vn 0.2300 -0.3405 -0.9117
vn -0.2565 0.1479 -0.9552
vn -0.5921 0.5440 0.5945
vn 0.9519 0.2755 0.1341
vn -0.1034 -0.9690 0.2245
vn 0.5460 0.7591 -0.3545
vn -0.9655 0.1652 -0.2014
vn 0.1303 -0.0694 0.9890
vn 0.2910 -0.8530 -0.4333
vn 0.0067 0.0673 -0.9977
vn -0.8609 -0.4106 0.3005
vn 0.0916 0.9132 0.3971
vn 0.7643 -0.5713 0.2993
vn 0.1304 -0.8375 0.5306
vn -0.6807 0.5780 0.4499
vn -0.3180 -0.2324 -0.9192
vn 0.8687 0.4914 -0.0624
vn -0.7904 -0.5922 0.1568
vn 0.4751 0.1633 0.8647
vn -0.3099 0.8718 -0.3793
vn 0.6238 -0.4406 -0.6456
vn -0.3052 0.0799 0.9489
vn 0.2309 -0.9527 -0.1975
vn 0.8048 0.5770 -0.1396
vn -0.7309 0.2978 -0.6141
vn 0.6291 -0.5927 0.5029
vn -0.9248 -0.1163 0.3621
vn 0.0127 -0.2440 -0.9697
vn 0.2828 0.9532 0.1072
vn -0.0857 -0.9056 0.4153
vn 0.1829 0.6766 0.7132
vn -0.8509 0.2341 -0.4702
vn 0.7549 -0.0052 -0.6558
vn -0.5805 0.0447 0.8130
vn 0.8326 -0.5120 0.2111
vn 0.2408 0.9272 -0.2869
vn -0.4919 -0.4604 -0.7390
vn 0.1981 0.0370 0.9795
vn -0.4141 -0.8823 -0.2237
vn 0.8509 0.1099 -0.5137
vn -0.6355 0.7334 -0.2413
vn 0.4201 -0.8251 0.3777
vn -0.7907 0.2537 0.5572
vn -0.2959 -0.1765 -0.9388
vn 0.6651 0.7467 0.0092
vn -0.4846 -0.7762 0.4032
vn 0.6414 0.3757 0.6689
vn -0.6595 0.7047 -0.2615
vn 0.5047 -0.3032 -0.8083
vn -0.3252 0.0635 0.9435
vn 0.5232 -0.8447 -0.1129
vn 0.5843 0.7847 -0.2069
vn -0.7827 -0.0074 -0.6223
vn 0.4953 -0.2572 0.8298
vn -0.8415 -0.5360 -0.0686
vn 0.5734 -0.1795 -0.7994
vn -0.2276 0.9729 0.0395
vn 0.1615 -0.9351 0.3155
vn -0.4947 0.5078 0.7053
vn -0.5433 -0.0221 -0.8393
vn 0.8746 0.4490 -0.1828
vn -0.6441 -0.6372 0.4233
vn 0.8150 0.0800 0.5739
vn -0.4297 0.8983 -0.0914
vn 0.2568 -0.3405 -0.9045
vn 0.0967 0.7725 0.6276
vn -0.0181 -0.8522 0.5230
vn 0.7727 -0.0144 -0.6346
vn -0.8530 0.0957 -0.5130
s 0
f 1971//2625 1974//2625 1972//2625
f 1971//2626 1972//2626 1973//2626
f 1971//2627 1973//2627 1974//2627
f 1974//2628 1973//2628 1972//2628
f 1974//2629 1975//2629 1976//2629
f 1974//2630 1976//2630 1977//2630
f 1974//2631 1977//2631 1975//2631
f 1975//2632 1977//2632 1976//2632
f 1975//2633 1980//2633 1978//2633
f 1975//2634 1978//2634 1979//2634
f 1975//2635 1979//2635 1980//2635
f 1980//2636 1979//2636 1978//2636
f 1980//2637 1981//2637 1982//2637
f 1980//2638 1982//2638 1983//2638
f 1980//2639 1983//2639 1981//2639
f 1981//2640 1983//2640 1982//2640
f 1981//2641 1986//2641 1984//2641
f 1981//2642 1984//2642 1985//2642
f 1981//2643 1985//2643 1986//2643
f 1986//2644 1985//2644 1984//2644
f 1986//2645 1989//2645 1987//2645
f 1986//2646 1987//2646 1988//2646
f 1986//2647 1988//2647 1989//2647
f 1989//2648 1988//2648 1987//2648
f 1989//2649 1990//2649 1991//2649
f 1989//2650 1991//2650 1992//2650
f 1989//2651 1992//2651 1990//2651
f 1990//2652 1992//2652 1991//2652
f 1990//2653 1995//2653 1993//2653
f 1990//2654 1993//2654 1994//2654
f 1990//2655 1994//2655 1995//2655
f 1995//2656 1994//2656 1993//2656
f 1995//2657 1998//2657 1996//2657
f 1995//2658 1996//2658 1997//2658
f 1995//2659 1997//2659 1998//2659
f 1998//2660 1997//2660 1996//2660
f 1998//2661 1999//2661 2000//2661
f 1998//2662 2000//2662 2001//2662
f 1998//2663 2001//2663 1999//2663
f 1999//2664 2001//2664 2000//2664
f 1999//2665 2004//2665 2002//2665
f 1999//2666 2002//2666 2003//2666
f 1999//2667 2003//2667 2004//2667
f 2004//2668 2003//2668 2002//2668
f 2004//2669 2007//2669 2005//2669
f 2004//2670 2005//2670 2006//2670
f 2004//2671 2006//2671 2007//2671
f 2007//2672 2006//2672 2005//2672
f 2007//2673 2010//2673 2008//2673
f 2007//2674 2008//2674 2009//2674
f 2007//2675 2009//2675 2010//2675
f 2010//2676 2009//2676 2008//2676
f 2010//2677 2011//2677 2012//2677
f 2010//2678 2012//2678 2013//2678
f 2010//2679 2013//2679 2011//2679
f 2011//2680 2013//2680 2012//2680
f 2011//2681 2016//2681 2014//2681
f 2011//2682 2014//2682 2015//2682
f 2011//2683 2015//2683 2016//2683
f 2016//2684 2015//2684 2014//2684
f 2016//2685 2019//2685 2017//2685
f 2016//2686 2017//2686 2018//2686
f 2016//2687 2018//2687 2019//2687
f 2019//2688 2018//2688 2017//2688
f 2019//2689 2020//2689 2021//2689
f 2019//2690 2021//2690 2022//2690
f 2019//2691 2022//2691 2020//2691
f 2020//2692 2022//2692 2021//2692
f 2020//2693 2025//2693 2023//2693
f 2020//2694 2023//2694 2024//2694
f 2020//2695 2024//2695 2025//2695
f 2025//2696 2024//2696 2023//2696
f 2025//2697 2026//2697 2027//2697
f 2025//2698 2027//2698 2028//2698
f 2025//2699 2028//2699 2026//2699
f 2026//2700 2028//2700 2027//2700
f 2026//2701 2031//2701 2029//2701
f 2026//2702 2029//2702 2030//2702
f 2026//2703 2030//2703 2031//2703
f 2031//2704 2030//2704 2029//2704
f 2031//2705 2032//2705 2033//2705
f 2031//2706 2033//2706 2034//2706
f 2031//2707 2034//2707 2032//2707
f 2032//2708 2034//2708 2033//2708
f 2032//2709 2035//2709 2036//2709
f 2032//2710 2036//2710 2037//2710
f 2032//2711 2037//2711 2035//2711
f 2035//2712 2037//2712 2036//2712
f 2035//2713 2038//2713 2039//2713
f 2035//2714 2039//2714 2040//2714
f 2035//2715 2040//2715 2038//2715
f 2038//2716 2040//2716 2039//2716
f 2038//2717 2043//2717 2041//2717
f 2038//2718 2041//2718 2042//2718
f 2038//2719 2042//2719 2043//2719
f 2043//2720 2042//2720 2041//2720
f 2043//2721 2044//2721 2045//2721
f 2043//2722 2045//2722 2046//2722
f 2043//2723 2046//2723 2044//2723
f 2044//2724 2046//2724 2045//2724
f 2044//2725 2049//2725 2047//2725
f 2044//2726 2047//2726 2048//2726
f 2044//2727 2048//2727 2049//2727
f 2049//2728 2048//2728 2047//2728
f 2049//2729 2052//2729 2050//2729
f 2049//2730 2050//2730 2051//2730
f 2049//2731 2051//2731 2052//2731
f 2052//2732 2051//2732 2050//2732
f 2052//2733 2053//2733 2054//2733
f 2052//2734 2054//2734 2055//2734
f 2052//2735 2055//2735 2053//2735
f 2053//2736 2055//2736 2054//2736
f 2053//2737 2056//2737 2057//2737
f 2053//2738 2057//2738 2058//2738
f 2053//2739 2058//2739 2056//2739
f 2056//2740 2058//2740 2057//2740
f 2056//2741 2059//2741 2060//2741
f 2056//2742 2060//2742 2061//2742
f 2056//2743 2061//2743 2059//2743
f 2059//2744 2061//2744 2060//2744
f 2059//2745 2062//2745 2063//2745
f 2059//2746 2063//2746 2064//2746
f 2059//2747 2064//2747 2062//2747
f 2062//2748 2064//2748 2063//2748
f 2062//2749 2067//2749 2065//2749
f 2062//2750 2065//2750 2066//2750
f 2062//2751 2066//2751 2067//2751
f 2067//2752 2066//2752 2065//2752
f 2067//2753 2068//2753 2069//2753
f 2067//2754 2069//2754 2070//2754
f 2067//2755 2070//2755 2068//2755
f 2068//2756 2070//2756 2069//2756
f 2068//2757 2071//2757 2072//2757
f 2068//2758 2072//2758 2073//2758
f 2068//2759 2073//2759 2071//2759
f 2071//2760 2073//2760 2072//2760
f 2071//2761 2076//2761 2074//2761
f 2071//2762 2074//2762 2075//2762
f 2071//2763 2075//2763 2076//2763
f 2076//2764 2075//2764 2074//2764
f 2076//2765 2079//2765 2077//2765
f 2076//2766 2077//2766 2078//2766
f 2076//2767 2078//2767 2079//2767
f 2079//2768 2078//2768 2077//2768
f 2079//2769 2082//2769 2080//2769
f 2079//2770 2080//2770 2081//2770
f 2079//2771 2081//2771 2082//2771
f 2082//2772 2081//2772 2080//2772
f 2082//2773 2083//2773 2084//2773
f 2082//2774 2084//2774 2085//2774
f 2082//2775 2085//2775 2083//2775
f 2083//2776 2085//2776 2084//2776
f 2083//2777 2086//2777 2087//2777
f 2083//2778 2087//2778 2088//2778
f 2083//2779 2088//2779 2086//2779
f 2086//2780 2088//2780 2087//2780
f 2086//2781 2089//2781 2090//2781
f 2086//2782 2090//2782 2091//2782
f 2086//2783 2091//2783 2089//2783
f 2089//2784 2091//2784 2090//2784
f 2089//2785 2092//2785 2093//2785
f 2089//2786 2093//2786 2094//2786
f 2089//2787 2094//2787 2092//2787
f 2092//2788 2094//2788 2093//2788
f 2092//2789 2095//2789 2096//2789
f 2092//2790 2096//2790 2097//2790
f 2092//2791 2097//2791 2095//2791
f 2095//2792 2097//2792 2096//2792
f 2095//2793 2100//2793 2098//2793
f 2095//2794 2098//2794 2099//2794
f 2095//2795 2099//2795 2100//2795
f 2100//2796 2099//2796 2098//2796
f 2100//2797 2101//2797 2102//2797
f 2100//2798 2102//2798 2103//2798
f 2100//2799 2103//2799 2101//2799
f 2101//2800 2103//2800 2102//2800
f 2101//2801 2106//2801 2104//2801
f 2101//2802 2104//2802 2105//2802
f 2101//2803 2105//2803 2106//2803
f 2106//2804 2105//2804 2104//2804
f 2106//2805 2109//2805 2107//2805
f 2106//2806 2107//2806 2108//2806
f 2106//2807 2108//2807 2109//2807
f 2109//2808 2108//2808 2107//2808
f 2109//2809 2112//2809 2110//2809
f 2109//2810 2110//2810 2111//2810
f 2109//2811 2111//2811 2112//2811
f 2112//2812 2111//2812 2110//2812
f 2112//2813 2113//2813 2114//2813
f 2112//2814 2114//2814 2115//2814
f 2112//2815 2115//2815 2113//2815
f 2113//2816 2115//2816 2114//2816
f 2113//2817 2116//2817 2117//2817
f 2113//2818 2117//2818 2118//2818
f 2113//2819 2118//2819 2116//2819
f 2116//2820 2118//2820 2117//2820
f 2116//2821 2119//2821 2120//2821
f 2116//2822 2120//2822 2121//2822
f 2116//2823 2121//2823 2119//2823
f 2119//2824 2121//2824 2120//2824
f 2119//2825 2122//2825 2123//2825
f 2119//2826 2123//2826 2124//2826
f 2119//2827 2124//2827 2122//2827
f 2122//2828 2124//2828 2123//2828
f 2122//2829 2127//2829 2125//2829
f 2122//2830 2125//2830 2126//2830
f 2122//2831 2126//2831 2127//2831
f 2127//2832 2126//2832 2125//2832
f 2127//2833 2130//2833 2128//2833
f 2127//2834 2128//2834 2129//2834
f 2127//2835 2129//2835 2130//2835
f 2130//2836 2129//2836 2128//2836
f 2130//2837 2133//2837 2131//2837
f 2130//2838 2131//2838 2132//2838
f 2130//2839 2132//2839 2133//2839
f 2133//2840 2132//2840 2131//2840
f 2133//2841 2134//2841 2135//2841
f 2133//2842 2135//2842 2136//2842
f 2133//2843 2136//2843 2134//2843
f 2134//2844 2136//2844 2135//2844
f 2134//2845 2139//2845 2137//2845
f 2134//2846 2137//2846 2138//2846
f 2134//2847 2138//2847 2139//2847
f 2139//2848 2138//2848 2137//2848
f 2139//2849 2142//2849 2140//2849
f 2139//2850 2140//2850 2141//2850
f 2139//2851 2141//2851 2142//2851
f 2142//2852 2141//2852 2140//2852
f 2142//2853 2145//2853 2143//2853
f 2142//2854 2143//2854 2144//2854
f 2142//2855 2144//2855 2145//2855
f 2145//2856 2144//2856 2143//2856
f 2145//2857 2148//2857 2146//2857
f 2145//2858 2146//2858 2147//2858
f 2145//2859 2147//2859 2148//2859
f 2148//2860 2147//2860 2146//2860
f 2148//2861 2149//2861 2150//2861
f 2148//2862 2150//2862 2151//2862
f 2148//2863 2151//2863 2149//2863
f 2149//2864 2151//2864 2150//2864
f 2149//2865 2154//2865 2152//2865
f 2149//2866 2152//2866 2153//2866
f 2149//2867 2153//2867 2154//2867
f 2154//2868 2153//2868 2152//2868
f 2154//2869 2157//2869 2155//2869
f 2154//2870 2155//2870 2156//2870
f 2154//2871 2156//2871 2157//2871
f 2157//2872 2156//2872 2155//2872
f 2157//2873 2158//2873 2159//2873
f 2157//2874 2159//2874 2160//2874
f 2157//2875 2160//2875 2158//2875
f 2158//2876 2160//2876 2159//2876
f 2158//2877 2161//2877 2162//2877
f 2158//2878 2162//2878 2163//2878
f 2158//2879 2163//2879 2161//2879
f 2161//2880 2163//2880 2162//2880
f 2161//2881 2164//2881 2165//2881
f 2161//2882 2165//2882 2166//2882
f 2161//2883 2166//2883 2164//2883
f 2164//2884 2166//2884 2165//2884
f 2164//2885 2169//2885 2167//2885
f 2164//2886 2167//2886 2168//2886
f 2164//2887 2168//2887 2169//2887
f 2169//2888 2168//2888 2167//2888
f 2169//2889 2172//2889 2170//2889
f 2169//2890 2170//2890 2171//2890
f 2169//2891 2171//2891 2172//2891
f 2172//2892 2171//2892 2170//2892
f 2172//2893 2175//2893 2173//2893
f 2172//2894 2173//2894 2174//2894
f 2172//2895 2174//2895 2175//2895
f 2175//2896 2174//2896 2173//2896
f 2175//2897 2178//2897 2176//2897
f 2175//2898 2176//2898 2177//2898
f 2175//2899 2177//2899 2178//2899
f 2178//2900 2177//2900 2176//2900
f 2178//2901 2179//2901 2180//2901
f 2178//2902 2180//2902 2181//2902
f 2178//2903 2181//2903 2179//2903
f 2179//2904 2181//2904 2180//2904
f 2179//2905 2182//2905 2183//2905
f 2179//2906 2183//2906 2184//2906
f 2179//2907 2184//2907 2182//2907
f 2182//2908 2184//2908 2183//2908
f 2182//2909 2185//2909 2186//2909
f 2182//2910 2186//2910 2187//2910
f 2182//2911 2187//2911 2185//2911
f 2185//2912 2187//2912 2186//2912
f 2185//2913 2188//2913 2189//2913
f 2185//2914 2189//2914 2190//2914
f 2185//2915 2190//2915 2188//2915
f 2188//2916 2190//2916 2189//2916
f 2188//2917 2191//2917 2192//2917
f 2188//2918 2192//2918 2193//2918
f 2188//2919 2193//2919 2191//2919
f 2191//2920 2193//2920 2192//2920
f 2191//2921 2194//2921 2195//2921
f 2191//2922 2195//2922 2196//2922
f 2191//2923 2196//2923 2194//2923
f 2194//2924 2196//2924 2195//2924
f 2194//2925 2197//2925 2198//2925
f 2194//2926 2198//2926 2199//2926
f 2194//2927 2199//2927 2197//2927
f 2197//2928 2199//2928 2198//2928
f 2197//2929 2202//2929 2200//2929
f 2197//2930 2200//2930 2201//2930
f 2197//2931 2201//2931 2202//2931
f 2202//2932 2201//2932 2200//2932
f 2202//2933 2203//2933 2204//2933
f 2202//2934 2204//2934 2205//2934
f 2202//2935 2205//2935 2203//2935
f 2203//2936 2205//2936 2204//2936
f 2203//2937 2206//2937 2207//2937
f 2203//2938 2207//2938 2208//2938
f 2203//2939 2208//2939 2206//2939
f 2206//2940 2208//2940 2207//2940
f 2206//2941 2209//2941 2210//2941
f 2206//2942 2210//2942 2211//2942
f 2206//2943 2211//2943 2209//2943
f 2209//2944 2211//2944 2210//2944
f 2209//2945 2212//2945 2213//2945
f 2209//2946 2213//2946 2214//2946
f 2209//2947 2214//2947 2212//2947
f 2212//2948 2214//2948 2213//2948
f 2212//2949 2215//2949 2216//2949
f 2212//2950 2216//2950 2217//2950
f 2212//2951 2217//2951 2215//2951
f 2215//2952 2217//2952 2216//2952
f 2215//2953 2220//2953 2218//2953
f 2215//2954 2218//2954 2219//2954
f 2215//2955 2219//2955 2220//2955
f 2220//2956 2219//2956 2218//2956
f 2220//2957 2221//2957 2222//2957
f 2220//2958 2222//2958 2223//2958
f 2220//2959 2223//2959 2221//2959
f 2221//2960 2223//2960 2222//2960
f 2221//2961 2224//2961 2225//2961
f 2221//2962 2225//2962 2226//2962
f 2221//2963 2226//2963 2224//2963
f 2224//2964 2226//2964 2225//2964
f 2224//2965 2229//2965 2227//2965
f 2224//2966 2227//2966 2228//2966
f 2224//2967 2228//2967 2229//2967
f 2229//2968 2228//2968 2227//2968
f 2229//2969 2232//2969 2230//2969
f 2229//2970 2230//2970 2231//2970
f 2229//2971 2231//2971 2232//2971
f 2232//2972 2231//2972 2230//2972
f 2232//2973 2235//2973 2233//2973
f 2232//2974 2233//2974 2234//2974
f 2232//2975 2234//2975 2235//2975
f 2235//2976 2234//2976 2233//2976
f 2235//2977 2236//2977 2237//2977
f 2235//2978 2237//2978 2238//2978
f 2235//2979 2238//2979 2236//2979
f 2236//2980 2238//2980 2237//2980
f 2236//2981 2239//2981 2240//2981
f 2236//2982 2240//2982 2241//2982
f 2236//2983 2241//2983 2239//2983
f 2239//2984 2241//2984 2240//2984
f 2239//2985 2244//2985 2242//2985
f 2239//2986 2242//2986 2243//2986
f 2239//2987 2243//2987 2244//2987
f 2244//2988 2243//2988 2242//2988
f 2244//2989 2247//2989 2245//2989
f 2244//2990 2245//2990 2246//2990
f 2244//2991 2246//2991 2247//2991
f 2247//2992 2246//2992 2245//2992
f 2247//2993 2250//2993 2248//2993
f 2247//2994 2248//2994 2249//2994
f 2247//2995 2249//2995 2250//2995
f 2250//2996 2249//2996 2248//2996
f 2250//2997 2251//2997 2252//2997
f 2250//2998 2252//2998 2253//2998
f 2250//2999 2253//2999 2251//2999
f 2251//3000 2253//3000 2252//3000
f 2251//3001 2254//3001 2255//3001
f 2251//3002 2255//3002 2256//3002
f 2251//3003 2256//3003 2254//3003
f 2254//3004 2256//3004 2255//3004
f 2254//3005 2259//3005 2257//3005
f 2254//3006 2257//3006 2258//3006
f 2254//3007 2258//3007 2259//3007
f 2259//3008 2258//3008 2257//3008
f 2259//3009 2260//3009 2261//3009
f 2259//3010 2261//3010 2262//3010
f 2259//3011 2262//3011 2260//3011
f 2260//3012 2262//3012 2261//3012
f 2260//3013 2263//3013 2264//3013
f 2260//3014 2264//3014 2265//3014
f 2260//3015 2265//3015 2263//3015
f 2263//3016 2265//3016 2264//3016
f 2263//3017 2266//3017 2267//3017
f 2263//3018 2267//3018 2268//3018
f 2263//3019 2268//3019 2266//3019
f 2266//3020 2268//3020 2267//3020
f 2266//3021 2269//3021 2270//3021
f 2266//3022 2270//3022 2271//3022
f 2266//3023 2271//3023 2269//3023
f 2269//3024 2271//3024 2270//3024
f 2269//3025 2272//3025 2273//3025
f 2269//3026 2273//3026 2274//3026
f 2269//3027 2274//3027 2272//3027
f 2272//3028 2274//3028 2273//3028
f 2272//3029 2277//3029 2275//3029
f 2272//3030 2275//3030 2276//3030
f 2272//3031 2276//3031 2277//3031
f 2277//3032 2276//3032 2275//3032
f 2277//3033 2280//3033 2278//3033
f 2277//3034 2278//3034 2279//3034
f 2277//3035 2279//3035 2280//3035
f 2280//3036 2279//3036 2278//3036
f 2280//3037 2281//3037 2282//3037
f 2280//3038 2282//3038 2283//3038
f 2280//3039 2283//3039 2281//3039
f 2281//3040 2283//3040 2282//3040
f 2281//3041 2284//3041 2285//3041
f 2281//3042 2285//3042 2286//3042
f 2281//3043 2286//3043 2284//3043
f 2284//3044 2286//3044 2285//3044
f 2284//3045 2289//3045 2287//3045
f 2284//3046 2287//3046 2288//3046
f 2284//3047 2288//3047 2289//3047
f 2289//3048 2288//3048 2287//3048
f 2289//3049 2290//3049 2291//3049
f 2289//3050 2291//3050 2292//3050
f 2289//3051 2292//3051 2290//3051
f 2290//3052 2292//3052 2291//3052
f 2290//3053 2293//3053 2294//3053
f 2290//3054 2294//3054 2295//3054
f 2290//3055 2295//3055 2293//3055
f 2293//3056 2295//3056 2294//3056
f 2293//3057 2298//3057 2296//3057
f 2293//3058 2296//3058 2297//3058
f 2293//3059 2297//3059 2298//3059
f 2298//3060 2297//3060 2296//3060
f 2298//3061 2301//3061 2299//3061
f 2298//3062 2299//3062 2300//3062
f 2298//3063 2300//3063 2301//3063
f 2301//3064 2300//3064 2299//3064
f 2301//3065 2302//3065 2303//3065
f 2301//3066 2303//3066 2304//3066
f 2301//3067 2304//3067 2302//3067
f 2302//3068 2304//3068 2303//3068
f 2302//3069 2307//3069 2305//3069
f 2302//3070 2305//3070 2306//3070
f 2302//3071 2306//3071 2307//3071
f 2307//3072 2306//3072 2305//3072
f 2307//3073 2308//3073 2309//3073
f 2307//3074 2309//3074 2310//3074
f 2307//3075 2310//3075 2308//3075
f 2308//3076 2310//3076 2309//3076
f 2308//3077 2313//3077 2311//3077
f 2308//3078 2311//3078 2312//3078
f 2308//3079 2312//3079 2313//3079
f 2313//3080 2312//3080 2311//3080
f 2313//3081 2314//3081 2315//3081
f 2313//3082 2315//3082 2316//3082
f 2313//3083 2316//3083 2314//3083
f 2314//3084 2316//3084 2315//3084
f 2314//3085 2319//3085 2317//3085
f 2314//3086 2317//3086 2318//3086
f 2314//3087 2318//3087 2319//3087
f 2319//3088 2318//3088 2317//3088
f 2319//3089 2322//3089 2320//3089
f 2319//3090 2320//3090 2321//3090
f 2319//3091 2321//3091 2322//3091
f 2322//3092 2321//3092 2320//3092
f 2322//3093 2323//3093 2324//3093
f 2322//3094 2324//3094 2325//3094
f 2322//3095 2325//3095 2323//3095
f 2323//3096 2325//3096 2324//3096
f 2323//3097 2328//3097 2326//3097
f 2323//3098 2326//3098 2327//3098
f 2323//3099 2327//3099 2328//3099
f 2328//3100 2327//3100 2326//3100
f 2328//3101 2329//3101 2330//3101
f 2328//3102 2330//3102 2331//3102
f 2328//3103 2331//3103 2329//3103
f 2329//3104 2331//3104 2330//3104
f 2329//3105 2334//3105 2332//3105
f 2329//3106 2332//3106 2333//3106
f 2329//3107 2333//3107 2334//3107
f 2334//3108 2333//3108 2332//3108
f 2334//3109 2335//3109 2336//3109
f 2334//3110 2336//3110 2337//3110
f 2334//3111 2337//3111 2335//3111
f 2335//3112 2337//3112 2336//3112
f 2335//3113 2340//3113 2338//3113
f 2335//3114 2338//3114 2339//3114
f 2335//3115 2339//3115 2340//3115
f 2340//3116 2339//3116 2338//3116
f 2340//3117 2343//3117 2341//3117
f 2340//3118 2341//3118 2342//3118
f 2340//3119 2342//3119 2343//3119
f 2343//3120 2342//3120 2341//3120
f 2343//3121 2346//3121 2344//3121
f 2343//3122 2344//3122 2345//3122
f 2343//3123 2345//3123 2346//3123
f 2346//3124 2345//3124 2344//3124
f 2346//3125 2349//3125 2347//3125
f 2346//3126 2347//3126 2348//3126
f 2346//3127 2348//3127 2349//3127
f 2349//3128 2348//3128 2347//3128
f 2349//3129 2352//3129 2350//3129
f 2349//3130 2350//3130 2351//3130
f 2349//3131 2351//3131 2352//3131
f 2352//3132 2351//3132 2350//3132
f 2352//3133 2353//3133 2354//3133
f 2352//3134 2354//3134 2355//3134
f 2352//3135 2355//3135 2353//3135
f 2353//3136 2355//3136 2354//3136
f 2353//3137 2358//3137 2356//3137
f 2353//3138 2356//3138 2357//3138
f 2353//3139 2357//3139 2358//3139
f 2358//3140 2357//3140 2356//3140
f 2358//3141 2359//3141 2360//3141
f 2358//3142 2360//3142 2361//3142
f 2358//3143 2361//3143 2359//3143
f 2359//3144 2361//3144 2360//3144
f 2359//3145 2362//3145 2363//3145
f 2359//3146 2363//3146 2364//3146
f 2359//3147 2364//3147 2362//3147
f 2362//3148 2364//3148 2363//3148
f 2362//3149 2365//3149 2366//3149
f 2362//3150 2366//3150 2367//3150
f 2362//3151 2367//3151 2365//3151
f 2365//3152 2367//3152 2366//3152
f 2365//3153 2368//3153 2369//3153
f 2365//3154 2369//3154 2370//3154
f 2365//3155 2370//3155 2368//3155
f 2368//3156 2370//3156 2369//3156
f 2368//3157 2373//3157 2371//3157
f 2368//3158 2371//3158 2372//3158
f 2368//3159 2372//3159 2373//3159
f 2373//3160 2372//3160 2371//3160
f 2373//3161 2376//3161 2374//3161
f 2373//3162 2374//3162 2375//3162
f 2373//3163 2375//3163 2376//3163
f 2376//3164 2375//3164 2374//3164
f 2376//3165 2379//3165 2377//3165
f 2376//3166 2377//3166 2378//3166
f 2376//3167 2378//3167 2379//3167
f 2379//3168 2378//3168 2377//3168
f 2379//3169 2382//3169 2380//3169
f 2379//3170 2380//3170 2381//3170
f 2379//3171 2381//3171 2382//3171
f 2382//3172 2381//3172 2380//3172
f 2382//3173 2385//3173 2383//3173
f 2382//3174 2383//3174 2384//3174
f 2382//3175 2384//3175 2385//3175
f 2385//3176 2384//3176 2383//3176
f 2385//3177 2388//3177 2386//3177
f 2385//3178 2386//3178 2387//3178
f 2385//3179 2387//3179 2388//3179
f 2388//3180 2387//3180 2386//3180
f 2388//3181 2389//3181 2390//3181
f 2388//3182 2390//3182 2391//3182
f 2388//3183 2391//3183 2389//3183
f 2389//3184 2391//3184 2390//3184
f 2389//3185 2392//3185 2393//3185
f 2389//3186 2393//3186 2394//3186
f 2389//3187 2394//3187 2392//3187
f 2392//3188 2394//3188 2393//3188
f 2392//3189 2397//3189 2395//3189
f 2392//3190 2395//3190 2396//3190
f 2392//3191 2396//3191 2397//3191
f 2397//3192 2396//3192 2395//3192
f 2397//3193 2398//3193 2399//3193
f 2397//3194 2399//3194 2400//3194
f 2397//3195 2400//3195 2398//3195
f 2398//3196 2400//3196 2399//3196
f 2398//3197 2403//3197 2401//3197
f 2398//3198 2401//3198 2402//3198
f 2398//3199 2402//3199 2403//3199
f 2403//3200 2402//3200 2401//3200
f 2403//3201 2406//3201 2404//3201
f 2403//3202 2404//3202 2405//3202
f 2403//3203 2405//3203 2406//3203
f 2406//3204 2405//3204 2404//3204
f 2406//3205 2407//3205 2408//3205
f 2406//3206 2408//3206 2409//3206
f 2406//3207 2409//3207 2407//3207
f 2407//3208 2409//3208 2408//3208
f 2407//3209 2412//3209 2410//3209
f 2407//3210 2410//3210 2411//3210
f 2407//3211 2411//3211 2412//3211
f 2412//3212 2411//3212 2410//3212
f 2412//3213 2415//3213 2413//3213
f 2412//3214 2413//3214 2414//3214
f 2412//3215 2414//3215 2415//3215
f 2415//3216 2414//3216 2413//3216
f 2415//3217 2416//3217 2417//3217
f 2415//3218 2417//3218 2418//3218
f 2415//3219 2418//3219 2416//3219
f 2416//3220 2418//3220 2417//3220
f 2416//3221 2421//3221 2419//3221
f 2416//3222 2419//3222 2420//3222
f 2416//3223 2420//3223 2421//3223
f 2421//3224 2420//3224 2419//3224
f 2421//3225 2424//3225 2422//3225
f 2421//3226 2422//3226 2423//3226
f 2421//3227 2423//3227 2424//3227
f 2424//3228 2423//3228 2422//3228
f 2424//3229 2427//3229 2425//3229
f 2424//3230 2425//3230 2426//3230
f 2424//3231 2426//3231 2427//3231
f 2427//3232 2426//3232 2425//3232
f 2427//3233 2430//3233 2428//3233
f 2427//3234 2428//3234 2429//3234
f 2427//3235 2429//3235 2430//3235
f 2430//3236 2429//3236 2428//3236
f 2430//3237 2431//3237 2432//3237
f 2430//3238 2432//3238 2433//3238
f 2430//3239 2433//3239 2431//3239
f 2431//3240 2433//3240 2432//3240
f 2431//3241 2434//3241 2435//3241
f 2431//3242 2435//3242 2436//3242
f 2431//3243 2436//3243 2434//3243
f 2434//3244 2436//3244 2435//3244
f 2434//3245 2437//3245 2438//3245
f 2434//3246 2438//3246 2439//3246
f 2434//3247 2439//3247 2437//3247
f 2437//3248 2439//3248 2438//3248
f 2437//3249 2442//3249 2440//3249
f 2437//3250 2440//3250 2441//3250
f 2437//3251 2441//3251 2442//3251
f 2442//3252 2441//3252 2440//3252
f 2442//3253 2445//3253 2443//3253
f 2442//3254 2443//3254 2444//3254
f 2442//3255 2444//3255 2445//3255
f 2445//3256 2444//3256 2443//3256
f 2445//3257 2446//3257 2447//3257
f 2445//3258 2447//3258 2448//3258
f 2445//3259 2448//3259 2446//3259
f 2446//3260 2448//3260 2447//3260
f 2446//3261 2451//3261 2449//3261
f 2446//3262 2449//3262 2450//3262
f 2446//3263 2450//3263 2451//3263
f 2451//3264 2450//3264 2449//3264
f 2451//3265 2452//3265 2453//3265
f 2451//3266 2453//3266 2454//3266
f 2451//3267 2454//3267 2452//3267
f 2452//3268 2454//3268 2453//3268
f 2452//3269 2455//3269 2456//3269
f 2452//3270 2456//3270 2457//3270
f 2452//3271 2457//3271 2455//3271
f 2455//3272 2457//3272 2456//3272
f 2455//3273 2458//3273 2459//3273
f 2455//3274 2459//3274 2460//3274
f 2455//3275 2460//3275 2458//3275
f 2458//3276 2460//3276 2459//3276
f 2458//3277 2463//3277 2461//3277
f 2458//3278 2461//3278 2462//3278
f 2458//3279 2462//3279 2463//3279
f 2463//3280 2462//3280 2461//3280
f 2463//3281 2464//3281 2465//3281
f 2463//3282 2465//3282 2466//3282
f 2463//3283 2466//3283 2464//3283
f 2464//3284 2466//3284 2465//3284
f 2464//3285 2469//3285 2467//3285
f 2464//3286 2467//3286 2468//3286
f 2464//3287 2468//3287 2469//3287
f 2469//3288 2468//3288 2467//3288
f 2469//3289 2470//3289 2471//3289
f 2469//3290 2471//3290 2472//3290
f 2469//3291 2472//3291 2470//3291
f 2470//3292 2472//3292 2471//3292
f 2470//3293 2473//3293 2474//3293
f 2470//3294 2474//3294 2475//3294
f 2470//3295 2475//3295 2473//3295
f 2473//3296 2475//3296 2474//3296
f 2473//3297 2478//3297 2476//3297
f 2473//3298 2476//3298 2477//3298
f 2473//3299 2477//3299 2478//3299
f 2478//3300 2477//3300 2476//3300
f 2478//3301 2481//3301 2479//3301
f 2478//3302 2479//3302 2480//3302
f 2478//3303 2480//3303 2481//3303
f 2481//3304 2480//3304 2479//3304
f 2481//3305 2484//3305 2482//3305
f 2481//3306 2482//3306 2483//3306
f 2481//3307 2483//3307 2484//3307
f 2484//3308 2483//3308 2482//3308
f 2484//3309 2485//3309 2486//3309
f 2484//3310 2486//3310 2487//3310
f 2484//3311 2487//3311 2485//3311
f 2485//3312 2487//3312 2486//3312
f 2485//3313 2490//3313 2488//3313
f 2485//3314 2488//3314 2489//3314
f 2485//3315 2489//3315 2490//3315
f 2490//3316 2489//3316 2488//3316
f 2490//3317 2491//3317 2492//3317
f 2490//3318 2492//3318 2493//3318
f 2490//3319 2493//3319 2491//3319
f 2491//3320 2493//3320 2492//3320
f 2491//3321 2496//3321 2494//3321
f 2491//3322 2494//3322 2495//3322
f 2491//3323 2495//3323 2496//3323
f 2496//3324 2495//3324 2494//3324
f 2496//3325 2497//3325 2498//3325
f 2496//3326 2498//3326 2499//3326
f 2496//3327 2499//3327 2497//3327
f 2497//3328 2499//3328 2498//3328
f 2497//3329 2502//3329 2500//3329
f 2497//3330 2500//3330 2501//3330
f 2497//3331 2501//3331 2502//3331
f 2502//3332 2501//3332 2500//3332
f 2502//3333 2503//3333 2504//3333
f 2502//3334 2504//3334 2505//3334
f 2502//3335 2505//3335 2503//3335
f 2503//3336 2505//3336 2504//3336
f 2503//3337 2506//3337 2507//3337
f 2503//3338 2507//3338 2508//3338
f 2503//3339 2508//3339 2506//3339
f 2506//3340 2508//3340 2507//3340
f 2506//3341 2509//3341 2510//3341
f 2506//3342 2510//3342 2511//3342
f 2506//3343 2511//3343 2509//3343
f 2509//3344 2511//3344 2510//3344
f 2509//3345 2514//3345 2512//3345
f 2509//3346 2512//3346 2513//3346
f 2509//3347 2513//3347 2514//3347
f 2514//3348 2513//3348 2512//3348
f 2514//3349 2517//3349 2515//3349
f 2514//3350 2515//3350 2516//3350
f 2514//3351 2516//3351 2517//3351
f 2517//3352 2516//3352 2515//3352
f 2517//3353 2518//3353 2519//3353
f 2517//3354 2519//3354 2520//3354
f 2517//3355 2520//3355 2518//3355
f 2518//3356 2520//3356 2519//3356
f 2518//3357 2523//3357 2521//3357
f 2518//3358 2521//3358 2522//3358
f 2518//3359 2522//3359 2523//3359
f 2523//3360 2522//3360 2521//3360
f 2523//3361 2526//3361 2524//3361
f 2523//3362 2524//3362 2525//3362
f 2523//3363 2525//3363 2526//3363
f 2526//3364 2525//3364 2524//3364
f 2526//3365 2529//3365 2527//3365
f 2526//3366 2527//3366 2528//3366
f 2526//3367 2528//3367 2529//3367
f 2529//3368 2528//3368 2527//3368
f 2529//3369 2530//3369 2531//3369
f 2529//3370 2531//3370 2532//3370
f 2529//3371 2532//3371 2530//3371
f 2530//3372 2532//3372 2531//3372
f 2530//3373 2533//3373 2534//3373
f 2530//3374 2534//3374 2535//3374
f 2530//3375 2535//3375 2533//3375
f 2533//3376 2535//3376 2534//3376
f 2533//3377 2536//3377 2537//3377
f 2533//3378 2537//3378 2538//3378
f 2533//3379 2538//3379 2536//3379
f 2536//3380 2538//3380 2537//3380
f 2536//3381 2541//3381 2539//3381
f 2536//3382 2539//3382 2540//3382
f 2536//3383 2540//3383 2541//3383
f 2541//3384 2540//3384 2539//3384
f 2541//3385 2544//3385 2542//3385
f 2541//3386 2542//3386 2543//3386
f 2541//3387 2543//3387 2544//3387
f 2544//3388 2543//3388 2542//3388
f 2544//3389 2545//3389 2546//3389
f 2544//3390 2546//3390 2547//3390
f 2544//3391 2547//3391 2545//3391
f 2545//3392 2547//3392 2546//3392
f 2545//3393 2548//3393 2549//3393
f 2545//3394 2549//3394 2550//3394
f 2545//3395 2550//3395 2548//3395
f 2548//3396 2550//3396 2549//3396
f 2548//3397 2551//3397 2552//3397
f 2548//3398 2552//3398 2553//3398
f 2548//3399 2553//3399 2551//3399
f 2551//3400 2553//3400 2552//3400
f 2551//3401 2556//3401 2554//3401
f 2551//3402 2554//3402 2555//3402
f 2551//3403 2555//3403 2556//3403
f 2556//3404 2555//3404 2554//3404
f 2556//3405 2559//3405 2557//3405
f 2556//3406 2557//3406 2558//3406
f 2556//3407 2558//3407 2559//3407
f 2559//3408 2558//3408 2557//3408
f 2559//3409 2560//3409 2561//3409
f 2559//3410 2561//3410 2562//3410
f 2559//3411 2562//3411 2560//3411
f 2560//3412 2562//3412 2561//3412
f 2560//3413 2563//3413 2564//3413
f 2560//3414 2564//3414 2565//3414
f 2560//3415 2565//3415 2563//3415
f 2563//3416 2565//3416 2564//3416
f 2563//3417 2568//3417 2566//3417
f 2563//3418 2566//3418 2567//3418
f 2563//3419 2567//3419 2568//3419
f 2568//3420 2567//3420 2566//3420
f 2568//3421 2571//3421 2569//3421
f 2568//3422 2569//3422 2570//3422
f 2568//3423 2570//3423 2571//3423
f 2571//3424 2570//3424 2569//3424
f 2571//3425 2572//3425 2573//3425
f 2571//3426 2573//3426 2574//3426
f 2571//3427 2574//3427 2572//3427
f 2572//3428 2574//3428 2573//3428
f 2572//3429 2577//3429 2575//3429
f 2572//3430 2575//3430 2576//3430
f 2572//3431 2576//3431 2577//3431
f 2577//3432 2576//3432 2575//3432
f 2577//3433 2580//3433 2578//3433
f 2577//3434 2578//3434 2579//3434
f 2577//3435 2579//3435 2580//3435
f 2580//3436 2579//3436 2578//3436
f 2580//3437 2581//3437 2582//3437
f 2580//3438 2582//3438 2583//3438
f 2580//3439 2583//3439 2581//3439
f 2581//3440 2583//3440 2582//3440
f 2581//3441 2586//3441 2584//3441
f 2581//3442 2584//3442 2585//3442
f 2581//3443 2585//3443 2586//3443
f 2586//3444 2585//3444 2584//3444
f 2586//3445 2589//3445 2587//3445
f 2586//3446 2587//3446 2588//3446
f 2586//3447 2588//3447 2589//3447
f 2589//3448 2588//3448 2587//3448
f 2589//3449 2590//3449 2591//3449
f 2589//3450 2591//3450 2592//3450
f 2589//3451 2592//3451 2590//3451
f 2590//3452 2592//3452 2591//3452
f 2590//3453 2595//3453 2593//3453
f 2590//3454 2593//3454 2594//3454
f 2590//3455 2594//3455 2595//3455
f 2595//3456 2594//3456 2593//3456
f 2595//3457 2596//3457 2597//3457
f 2595//3458 2597//3458 2598//3458
f 2595//3459 2598//3459 2596//3459
f 2596//3460 2598//3460 2597//3460
f 2596//3461 2601//3461 2599//3461
f 2596//3462 2599//3462 2600//3462
f 2596//3463 2600//3463 2601//3463
f 2601//3464 2600//3464 2599//3464
f 2601//3465 2602//3465 2603//3465
f 2601//3466 2603//3466 2604//3466
f 2601//3467 2604//3467 2602//3467
f 2602//3468 2604//3468 2603//3468
f 2602//3469 2605//3469 2606//3469
f 2602//3470 2606//3470 2607//3470
f 2602//3471 2607//3471 2605//3471
f 2605//3472 2607//3472 2606//3472
f 2605//3473 2610//3473 2608//3473
f 2605//3474 2608//3474 2609//3474
f 2605//3475 2609//3475 2610//3475
f 2610//3476 2609//3476 2608//3476
f 2610//3477 2613//3477 2611//3477
f 2610//3478 2611//3478 2612//3478
f 2610//3479 2612//3479 2613//3479
f 2613//3480 2612//3480 2611//3480
f 2613//3481 2614//3481 2615//3481
f 2613//3482 2615//3482 2616//3482
f 2613//3483 2616//3483 2614//3483
f 2614//3484 2616//3484 2615//3484
f 2614//3485 2617//3485 2618//3485
f 2614//3486 2618//3486 2619//3486
f 2614//3487 2619//3487 2617//3487
f 2617//3488 2619//3488 2618//3488
f 2617//3489 2622//3489 2620//3489
f 2617//3490 2620//3490 2621//3490
f 2617//3491 2621//3491 2622//3491
f 2622//3492 2621//3492 2620//3492
f 2622//3493 2623//3493 2624//3493
f 2622//3494 2624//3494 2625//3494
f 2622//3495 2625//3495 2623//3495
f 2623//3496 2625//3496 2624//3496
f 2623//3497 2626//3497 2627//3497
f 2623//3498 2627//3498 2628//3498
f 2623//3499 2628//3499 2626//3499
f 2626//3500 2628//3500 2627//3500
f 2626//3501 2629//3501 2630//3501
f 2626//3502 2630//3502 2631//3502
f 2626//3503 2631//3503 2629//3503
f 2629//3504 2631//3504 2630//3504
f 2629//3505 2632//3505 2633//3505
f 2629//3506 2633//3506 2634//3506
f 2629//3507 2634//3507 2632//3507
f 2632//3508 2634//3508 2633//3508
f 2632//3509 2635//3509 2636//3509
f 2632//3510 2636//3510 2637//3510
f 2632//3511 2637//3511 2635//3511
f 2635//3512 2637//3512 2636//3512
f 2635//3513 2638//3513 2639//3513
f 2635//3514 2639//3514 2640//3514
f 2635//3515 2640//3515 2638//3515
f 2638//3516 2640//3516 2639//3516
f 2638//3517 2641//3517 2642//3517
f 2638//3518 2642//3518 2643//3518
f 2638//3519 2643//3519 2641//3519
f 2641//3520 2643//3520 2642//3520
f 2641//3521 2644//3521 2645//3521
f 2641//3522 2645//3522 2646//3522
f 2641//3523 2646//3523 2644//3523
f 2644//3524 2646//3524 2645//3524
f 2644//3525 2647//3525 2648//3525
f 2644//3526 2648//3526 2649//3526
f 2644//3527 2649//3527 2647//3527
f 2647//3528 2649//3528 2648//3528
f 2647//3529 2652//3529 2650//3529
f 2647//3530 2650//3530 2651//3530
f 2647//3531 2651//3531 2652//3531
f 2652//3532 2651//3532 2650//3532
f 2652//3533 2653//3533 2654//3533
f 2652//3534 2654//3534 2655//3534
f 2652//3535 2655//3535 2653//3535
f 2653//3536 2655//3536 2654//3536
f 2653//3537 2656//3537 2657//3537
f 2653//3538 2657//3538 2658//3538
f 2653//3539 2658//3539 2656//3539
f 2656//3540 2658//3540 2657//3540
f 2656//3541 2659//3541 2660//3541
f 2656//3542 2660//3542 2661//3542
f 2656//3543 2661//3543 2659//3543
f 2659//3544 2661//3544 2660//3544
f 2659//3545 2662//3545 2663//3545
f 2659//3546 2663//3546 2664//3546
f 2659//3547 2664//3547 2662//3547
f 2662//3548 2664//3548 2663//3548
f 2662//3549 2665//3549 2666//3549
f 2662//3550 2666//3550 2667//3550
f 2662//3551 2667//3551 2665//3551
f 2665//3552 2667//3552 2666//3552
f 2665//3553 2668//3553 2669//3553
f 2665//3554 2669//3554 2670//3554
f 2665//3555 2670//3555 2668//3555
f 2668//3556 2670//3556 2669//3556
f 2668//3557 2673//3557 2671//3557
f 2668//3558 2671//3558 2672//3558
f 2668//3559 2672//3559 2673//3559
f 2673//3560 2672//3560 2671//3560
f 2673//3561 2674//3561 2675//3561
f 2673//3562 2675//3562 2676//3562
f 2673//3563 2676//3563 2674//3563
f 2674//3564 2676//3564 2675//3564
f 2674//3565 2677//3565 2678//3565
f 2674//3566 2678//3566 2679//3566
f 2674//3567 2679//3567 2677//3567
f 2677//3568 2679//3568 2678//3568
f 2677//3569 2682//3569 2680//3569
f 2677//3570 2680//3570 2681//3570
f 2677//3571 2681//3571 2682//3571
f 2682//3572 2681//3572 2680//3572
f 2682//3573 2683//3573 2684//3573
f 2682//3574 2684//3574 2685//3574
f 2682//3575 2685//3575 2683//3575
f 2683//3576 2685//3576 2684//3576
f 2683//3577 2686//3577 2687//3577
f 2683//3578 2687//3578 2688//3578
f 2683//3579 2688//3579 2686//3579
f 2686//3580 2688//3580 2687//3580
f 2686//3581 2691//3581 2689//3581
f 2686//3582 2689//3582 2690//3582
f 2686//3583 2690//3583 2691//3583
f 2691//3584 2690//3584 2689//3584
f 2691//3585 2692//3585 2693//3585
f 2691//3586 2693//3586 2694//3586
f 2691//3587 2694//3587 2692//3587
f 2692//3588 2694//3588 2693//3588
f 2692//3589 2697//3589 2695//3589
f 2692//3590 2695//3590 2696//3590
f 2692//3591 2696//3591 2697//3591
f 2697//3592 2696//3592 2695//3592
f 2697//3593 2698//3593 2699//3593
f 2697//3594 2699//3594 2700//3594
f 2697//3595 2700//3595 2698//3595
f 2698//3596 2700//3596 2699//3596
f 2698//3597 2703//3597 2701//3597
f 2698//3598 2701//3598 2702//3598
f 2698//3599 2702//3599 2703//3599
f 2703//3600 2702//3600 2701//3600
f 2703//3601 2704//3601 2705//3601
f 2703//3602 2705//3602 2706//3602
f 2703//3603 2706//3603 2704//3603
f 2704//3604 2706//3604 2705//3604
f 2704//3605 2709//3605 2707//3605
f 2704//3606 2707//3606 2708//3606
f 2704//3607 2708//3607 2709//3607
f 2709//3608 2708//3608 2707//3608
f 2709//3609 2712//3609 2710//3609
f 2709//3610 2710//3610 2711//3610
f 2709//3611 2711//3611 2712//3611
f 2712//3612 2711//3612 2710//3612
f 2712//3613 2715//3613 2713//3613
f 2712//3614 2713//3614 2714//3614
f 2712//3615 2714//3615 2715//3615
f 2715//3616 2714//3616 2713//3616
f 2715//3617 2718//3617 2716//3617
f 2715//3618 2716//3618 2717//3618
f 2715//3619 2717//3619 2718//3619
f 2718//3620 2717//3620 2716//3620
f 2718//3621 2719//3621 2720//3621
f 2718//3622 2720//3622 2721//3622
f 2718//3623 2721//3623 2719//3623
f 2719//3624 2721//3624 2720//3624
f 2719//3625 2724//3625 2722//3625
f 2719//3626 2722//3626 2723//3626
f 2719//3627 2723//3627 2724//3627
f 2724//3628 2723//3628 2722//3628
f 2724//3629 2727//3629 2725//3629
f 2724//3630 2725//3630 2726//3630
f 2724//3631 2726//3631 2727//3631
f 2727//3632 2726//3632 2725//3632
f 2727//3633 2730//3633 2728//3633
f 2727//3634 2728//3634 2729//3634
f 2727//3635 2729//3635 2730//3635
f 2730//3636 2729//3636 2728//3636
f 2730//3637 2731//3637 2732//3637
f 2730//3638 2732//3638 2733//3638
f 2730//3639 2733//3639 2731//3639
f 2731//3640 2733//3640 2732//3640
f 2731//3641 2734//3641 2735//3641
f 2731//3642 2735//3642 2736//3642
f 2731//3643 2736//3643 2734//3643
f 2734//3644 2736//3644 2735//3644
f 2734//3645 2737//3645 2738//3645
f 2734//3646 2738//3646 2739//3646
f 2734//3647 2739//3647 2737//3647
f 2737//3648 2739//3648 2738//3648
f 2737//3649 2742//3649 2740//3649
f 2737//3650 2740//3650 2741//3650
f 2737//3651 2741//3651 2742//3651
f 2742//3652 2741//3652 2740//3652
f 2742//3653 2745//3653 2743//3653
f 2742//3654 2743//3654 2744//3654
f 2742//3655 2744//3655 2745//3655
f 2745//3656 2744//3656 2743//3656
f 2745//3657 2746//3657 2747//3657
f 2745//3658 2747//3658 2748//3658
f 2745//3659 2748//3659 2746//3659
f 2746//3660 2748//3660 2747//3660
f 2746//3661 2751//3661 2749//3661
f 2746//3662 2749//3662 2750//3662
f 2746//3663 2750//3663 2751//3663
f 2751//3664 2750//3664 2749//3664
f 2751//3665 2752//3665 2753//3665
f 2751//3666 2753//3666 2754//3666
f 2751//3667 2754//3667 2752//3667
f 2752//3668 2754//3668 2753//3668
f 2752//3669 2757//3669 2755//3669
f 2752//3670 2755//3670 2756//3670
f 2752//3671 2756//3671 2757//3671
f 2757//3672 2756//3672 2755//3672
f 2757//3673 2758//3673 2759//3673
f 2757//3674 2759//3674 2760//3674
f 2757//3675 2760//3675 2758//3675
f 2758//3676 2760//3676 2759//3676
f 2758//3677 2763//3677 2761//3677
f 2758//3678 2761//3678 2762//3678
f 2758//3679 2762//3679 2763//3679
f 2763//3680 2762//3680 2761//3680
f 2763//3681 2764//3681 2765//3681
f 2763//3682 2765//3682 2766//3682
f 2763//3683 2766//3683 2764//3683
f 2764//3684 2766//3684 2765//3684
f 2764//3685 2767//3685 2768//3685
f 2764//3686 2768//3686 2769//3686
f 2764//3687 2769//3687 2767//3687
f 2767//3688 2769//3688 2768//3688
f 2767//3689 2772//3689 2770//3689
f 2767//3690 2770//3690 2771//3690
f 2767//3691 2771//3691 2772//3691
f 2772//3692 2771//3692 2770//3692
f 2772//3693 2773//3693 2774//3693
f 2772//3694 2774//3694 2775//3694
f 2772//3695 2775//3695 2773//3695
f 2773//3696 2775//3696 2774//3696
f 2773//3697 2776//3697 2777//3697
f 2773//3698 2777//3698 2778//3698
f 2773//3699 2778//3699 2776//3699
f 2776//3700 2778//3700 2777//3700
f 2776//3701 2779//3701 2780//3701
f 2776//3702 2780//3702 2781//3702
f 2776//3703 2781//3703 2779//3703
f 2779//3704 2781//3704 2780//3704
f 2779//3705 2784//3705 2782//3705
f 2779//3706 2782//3706 2783//3706
f 2779//3707 2783//3707 2784//3707
f 2784//3708 2783//3708 2782//3708
f 2784//3709 2785//3709 2786//3709
f 2784//3710 2786//3710 2787//3710
f 2784//3711 2787//3711 2785//3711
f 2785//3712 2787//3712 2786//3712
f 2785//3713 2788//3713 2789//3713
f 2785//3714 2789//3714 2790//3714
f 2785//3715 2790//3715 2788//3715
f 2788//3716 2790//3716 2789//3716
f 2788//3717 2793//3717 2791//3717
f 2788//3718 2791//3718 2792//3718
f 2788//3719 2792//3719 2793//3719
f 2793//3720 2792//3720 2791//3720
f 2793//3721 2794//3721 2795//3721
f 2793//3722 2795//3722 2796//3722
f 2793//3723 2796//3723 2794//3723
f 2794//3724 2796//3724 2795//3724
f 2794//3725 2799//3725 2797//3725
f 2794//3726 2797//3726 2798//3726
f 2794//3727 2798//3727 2799//3727
f 2799//3728 2798//3728 2797//3728
f 2799//3729 2800//3729 2801//3729
f 2799//3730 2801//3730 2802//3730
f 2799//3731 2802//3731 2800//3731
f 2800//3732 2802//3732 2801//3732
f 2800//3733 2805//3733 2803//3733
f 2800//3734 2803//3734 2804//3734
f 2800//3735 2804//3735 2805//3735
f 2805//3736 2804//3736 2803//3736
f 2805//3737 2808//3737 2806//3737
f 2805//3738 2806//3738 2807//3738
f 2805//3739 2807//3739 2808//3739
f 2808//3740 2807//3740 2806//3740
f 2808//3741 2809//3741 2810//3741
f 2808//3742 2810//3742 2811//3742
f 2808//3743 2811//3743 2809//3743
f 2809//3744 2811//3744 2810//3744
f 2809//3745 2812//3745 2813//3745
f 2809//3746 2813//3746 2814//3746
f 2809//3747 2814//3747 2812//3747
f 2812//3748 2814//3748 2813//3748
f 2812//3749 2817//3749 2815//3749
f 2812//3750 2815//3750 2816//3750
f 2812//3751 2816//3751 2817//3751
f 2817//3752 2816//3752 2815//3752
f 2817//3753 2818//3753 2819//3753
f 2817//3754 2819//3754 2820//3754
f 2817//3755 2820//3755 2818//3755
f 2818//3756 2820//3756 2819//3756
f 2818//3757 2823//3757 2821//3757
f 2818//3758 2821//3758 2822//3758
f 2818//3759 2822//3759 2823//3759
f 2823//3760 2822//3760 2821//3760
f 2823//3761 2826//3761 2824//3761
f 2823//3762 2824//3762 2825//3762
f 2823//3763 2825//3763 2826//3763
f 2826//3764 2825//3764 2824//3764
f 2826//3765 2829//3765 2827//3765
f 2826//3766 2827//3766 2828//3766
f 2826//3767 2828//3767 2829//3767
f 2829//3768 2828//3768 2827//3768
f 2829//3769 2832//3769 2830//3769
f 2829//3770 2830//3770 2831//3770
f 2829//3771 2831//3771 2832//3771
f 2832//3772 2831//3772 2830//3772
f 2832//3773 2835//3773 2833//3773
f 2832//3774 2833//3774 2834//3774
f 2832//3775 2834//3775 2835//3775
f 2835//3776 2834//3776 2833//3776
f 2835//3777 2836//3777 2837//3777
f 2835//3778 2837//3778 2838//3778
f 2835//3779 2838//3779 2836//3779
f 2836//3780 2838//3780 2837//3780
f 2836//3781 2841//3781 2839//3781
f 2836//3782 2839//3782 2840//3782
f 2836//3783 2840//3783 2841//3783
f 2841//3784 2840//3784 2839//3784
f 2841//3785 2842//3785 2843//3785
f 2841//3786 2843//3786 2844//3786
f 2841//3787 2844//3787 2842//3787
f 2842//3788 2844//3788 2843//3788
f 2842//3789 2847//3789 2845//3789
f 2842//3790 2845//3790 2846//3790
f 2842//3791 2846//3791 2847//3791
f 2847//3792 2846//3792 2845//3792
f 2847//3793 2848//3793 2849//3793
f 2847//3794 2849//3794 2850//3794
f 2847//3795 2850//3795 2848//3795
f 2848//3796 2850//3796 2849//3796
f 2848//3797 2853//3797 2851//3797
f 2848//3798 2851//3798 2852//3798
f 2848//3799 2852//3799 2853//3799
f 2853//3800 2852//3800 2851//3800
f 2853//3801 2854//3801 2855//3801
f 2853//3802 2855//3802 2856//3802
f 2853//3803 2856//3803 2854//3803
f 2854//3804 2856//3804 2855//3804
f 2854//3805 2857//3805 2858//3805
f 2854//3806 2858//3806 2859//3806
f 2854//3807 2859//3807 2857//3807
f 2857//3808 2859//3808 2858//3808
f 2857//3809 2862//3809 2860//3809
f 2857//3810 2860//3810 2861//3810
f 2857//3811 2861//3811 2862//3811
f 2862//3812 2861//3812 2860//3812
f 2862//3813 2865//3813 2863//3813
f 2862//3814 2863//3814 2864//3814
f 2862//3815 2864//3815 2865//3815
f 2865//3816 2864//3816 2863//3816
f 2865//3817 2868//3817 2866//3817
f 2865//3818 2866//3818 2867//3818
f 2865//3819 2867//3819 2868//3819
f 2868//3820 2867//3820 2866//3820
f 2868//3821 2871//3821 2869//3821
f 2868//3822 2869//3822 2870//3822
f 2868//3823 2870//3823 2871//3823
f 2871//3824 2870//3824 2869//3824
f 2871//3825 2874//3825 2872//3825
f 2871//3826 2872//3826 2873//3826
f 2871//3827 2873//3827 2874//3827
f 2874//3828 2873//3828 2872//3828
f 2874//3829 2877//3829 2875//3829
f 2874//3830 2875//3830 2876//3830
f 2874//3831 2876//3831 2877//3831
f 2877//3832 2876//3832 2875//3832
f 2877//3833 2878//3833 2879//3833
f 2877//3834 2879//3834 2880//3834
f 2877//3835 2880//3835 2878//3835
f 2878//3836 2880//3836 2879//3836
f 2878//3837 2881//3837 2882//3837
f 2878//3838 2882//3838 2883//3838
f 2878//3839 2883//3839 2881//3839
f 2881//3840 2883//3840 2882//3840
f 2881//3841 2884//3841 2885//3841
f 2881//3842 2885//3842 2886//3842
f 2881//3843 2886//3843 2884//3843
f 2884//3844 2886//3844 2885//3844
f 2884//3845 2889//3845 2887//3845
f 2884//3846 2887//3846 2888//3846
f 2884//3847 2888//3847 2889//3847
f 2889//3848 2888//3848 2887//3848
f 2889//3849 2890//3849 2891//3849
f 2889//3850 2891//3850 2892//3850
f 2889//3851 2892//3851 2890//3851
f 2890//3852 2892//3852 2891//3852
f 2890//3853 2895//3853 2893//3853
f 2890//3854 2893//3854 2894//3854
f 2890//3855 2894//3855 2895//3855
f 2895//3856 2894//3856 2893//3856
f 2895//3857 2898//3857 2896//3857
f 2895//3858 2896//3858 2897//3858
f 2895//3859 2897//3859 2898//3859
f 2898//3860 2897//3860 2896//3860
f 2898//3861 2901//3861 2899//3861
f 2898//3862 2899//3862 2900//3862
f 2898//3863 2900//3863 2901//3863
f 2901//3864 2900//3864 2899//3864
f 2901//3865 2904//3865 2902//3865
f 2901//3866 2902//3866 2903//3866
f 2901//3867 2903//3867 2904//3867
f 2904//3868 2903//3868 2902//3868
f 2904//3869 2907//3869 2905//3869
f 2904//3870 2905//3870 2906//3870
f 2904//3871 2906//3871 2907//3871
f 2907//3872 2906//3872 2905//3872
f 2907//3873 2910//3873 2908//3873
f 2907//3874 2908//3874 2909//3874
f 2907//3875 2909//3875 2910//3875
f 2910//3876 2909//3876 2908//3876
f 2910//3877 2911//3877 2912//3877
f 2910//3878 2912//3878 2913//3878
f 2910//3879 2913//3879 2911//3879
f 2911//3880 2913//3880 2912//3880
f 2911//3881 2916//3881 2914//3881
f 2911//3882 2914//3882 2915//3882
f 2911//3883 2915//3883 2916//3883
f 2916//3884 2915//3884 2914//3884
f 2916//3885 2917//3885 2918//3885
f 2916//3886 2918//3886 2919//3886
f 2916//3887 2919//3887 2917//3887
f 2917//3888 2919//3888 2918//3888
f 2917//3889 2920//3889 2921//3889
f 2917//3890 2921//3890 2922//3890
f 2917//3891 2922//3891 2920//3891
f 2920//3892 2922//3892 2921//3892
f 2920//3893 2925//3893 2923//3893
f 2920//3894 2923//3894 2924//3894
f 2920//3895 2924//3895 2925//3895
f 2925//3896 2924//3896 2923//3896
f 2925//3897 2926//3897 2927//3897
f 2925//3898 2927//3898 2928//3898
f 2925//3899 2928//3899 2926//3899
f 2926//3900 2928//3900 2927//3900
f 2926//3901 2931//3901 2929//3901
f 2926//3902 2929//3902 2930//3902
f 2926//3903 2930//3903 2931//3903
f 2931//3904 2930//3904 2929//3904
f 2931//3905 2934//3905 2932//3905
f 2931//3906 2932//3906 2933//3906
f 2931//3907 2933//3907 2934//3907
f 2934//3908 2933//3908 2932//3908
f 2934//3909 2937//3909 2935//3909
f 2934//3910 2935//3910 2936//3910
f 2934//3911 2936//3911 2937//3911
f 2937//3912 2936//3912 2935//3912
f 2937//3913 2940//3913 2938//3913
f 2937//3914 2938//3914 2939//3914
f 2937//3915 2939//3915 2940//3915
f 2940//3916 2939//3916 2938//3916
f 2940//3917 2941//3917 2942//3917
f 2940//3918 2942//3918 2943//3918
f 2940//3919 2943//3919 2941//3919
f 2941//3920 2943//3920 2942//3920
f 2941//3921 2946//3921 2944//3921
f 2941//3922 2944//3922 2945//3922
f 2941//3923 2945//3923 2946//3923
f 2946//3924 2945//3924 2944//3924
f 2946//3925 2947//3925 2948//3925
f 2946//3926 2948//3926 2949//3926
f 2946//3927 2949//3927 2947//3927
f 2947//3928 2949//3928 2948//3928
f 2947//3929 2950//3929 2951//3929
f 2947//3930 2951//3930 2952//3930
f 2947//3931 2952//3931 2950//3931
f 2950//3932 2952//3932 2951//3932
f 2950//3933 2953//3933 2954//3933
f 2950//3934 2954//3934 2955//3934
f 2950//3935 2955//3935 2953//3935
f 2953//3936 2955//3936 2954//3936
o Tetrahedrons_Chain_D
v 170.960007 222.060013 173.919983
v 173.460007 221.030014 174.969986
v 173.449997 222.630020 172.549988
v 172.360001 219.940018 172.519989
v 173.309998 219.420013 177.379990
v 174.559998 222.040009 177.459991
v 175.869995 219.850021 176.069992
v 177.589996 217.530014 176.259979
v 178.619995 220.150009 176.929977
v 178.020004 219.490021 174.169983
v 179.320007 215.420013 177.259979
v 177.960007 215.100021 174.719986
v 176.440002 215.030014 177.189987
v 181.300003 216.570023 179.039978
v 181.750000 213.970016 177.849991
v 179.729996 214.290009 179.899979
v 181.270004 217.850021 181.639984
v 180.660004 219.390015 179.259979
v 183.369995 218.480011 179.739990
v 185.899994 218.920013 181.079987
v 184.929993 220.850021 179.139984
v 185.850006 218.250015 178.259979
v 185.929993 216.420013 182.549988
v 186.479996 218.920013 183.919983
v 188.410004 217.840012 182.049988
v 183.279999 217.580017 182.759979
v 184.570007 216.450012 185.109985
v 183.630005 214.710022 182.979980
v 181.539993 216.120010 184.409988
v 182.300003 213.440018 185.219986
v 180.880005 213.850021 182.729980
v 179.610001 211.310013 182.139984
v 180.289993 213.120010 179.979980
v 178.130005 213.780014 181.799988
v 175.270004 214.020020 181.359985
v 176.979996 216.340012 181.059982
v 176.490005 215.230011 183.699982
v 174.389999 211.660019 179.929977
v 172.809998 214.090012 179.829987
v 172.949997 212.550018 182.279984
v 170.789993 213.530014 183.949982
v 172.860001 211.860016 185.099991
v 170.929993 210.710022 183.259979
v 171.160004 208.050018 184.389984
v 170.130005 208.400009 181.699982
v 168.539993 209.230011 183.979980
v 165.990005 208.040009 184.669983
v 166.089996 210.670013 183.439987
v 166.990005 210.310013 186.179977
v 163.210007 207.230011 184.469986
v 164.490005 207.390015 187.069992
v 165.240005 205.290009 185.209991
v 164.880005 202.450012 185.679977
v 167.360001 203.740021 186.439987
v 166.720001 203.360016 183.629990
v 163.740005 200.240021 184.179977
v 162.179993 201.560013 186.239990
v 164.449997 199.900009 186.979980
v 165.350006 197.150009 186.919983
v 162.830002 197.820023 188.189987
v 165.339996 198.620010 189.419983
v 167.320007 198.270020 191.499985
v 164.539993 197.680008 192.049988
v 165.399994 200.430008 191.679977
v 169.490005 200.080017 192.149979
v 169.820007 198.120010 190.039978
v 169.710007 197.260010 192.809982
v 170.990005 195.450012 194.669983
v 172.580002 196.850021 192.689987
v 170.770004 194.730011 191.869980
v 170.160004 192.750015 195.309982
v 169.089996 194.990021 196.809982
v 171.860001 194.210022 197.149979
v 174.529999 194.020020 198.259979
v 172.250000 193.110016 199.799988
v 172.649994 195.940018 199.339981
v 176.740005 192.970016 196.699982
v 177.250000 194.240021 199.259979
v 176.410004 195.840012 196.989990
v 176.619995 198.500015 198.119980
v 174.889999 198.020020 195.839981
v 177.770004 197.930008 195.519989
v 176.619995 197.970016 200.969986
v 177.130005 200.650009 199.989990
v 179.110001 198.570023 199.599991
v 181.389999 196.840012 199.139984
v 181.789993 199.530014 200.139984
v 180.919998 199.110016 197.409988
v 180.279999 199.140015 194.579987
v 182.520004 200.690018 195.569992
v 179.800003 201.500015 196.189987
v 179.860001 203.120010 198.589981
v 177.380005 202.790009 197.129990
v 179.529999 204.380020 195.999985
v 182.729996 203.190018 198.979980
v 181.039993 201.820023 200.899979
v 181.000000 204.720016 200.729980
v 184.720001 202.000015 197.239990
v 185.529999 203.900009 199.269989
v 184.029999 204.810013 196.959991
v 182.869995 207.460022 196.919983
v 183.440002 206.100021 194.429977
v 185.619995 207.070023 196.079987
v 181.139999 207.410019 199.249985
v 180.470001 209.090012 196.969986
v 182.720001 209.770020 198.669983
v 181.800003 212.460022 199.249985
v 184.360001 212.060013 197.969986
v 184.000000 211.330017 200.749985
v 184.619995 212.140015 203.469986
v 186.750000 211.810013 201.529984
v 185.350006 209.490021 202.549988
v 182.279999 212.140015 205.179977
v 184.020004 214.450012 205.109985
v 184.929993 211.990021 206.349991
v 181.600006 209.350021 204.779984
v 179.960007 211.420013 203.589981
v 179.929993 211.020020 206.459991
v 183.529999 207.540009 203.589981
v 181.529999 206.520020 205.419983
v 183.690002 208.170013 206.409988
v 182.800003 209.230011 208.959991
v 185.339996 210.070023 207.859985
v 185.020004 207.370010 208.859985
v 180.250000 207.860016 209.139984
v 180.350006 210.750015 209.229980
v 181.339996 209.200012 211.469986
v 181.179993 205.110016 209.309982
v 179.490005 205.940018 207.099991
v 178.380005 205.730011 209.769989
v 182.699997 205.270020 211.769989
v 183.940002 204.230011 209.369980
v 181.889999 202.690018 210.729980
v 180.619995 206.100021 213.609985
v 182.940002 207.780014 213.209991
v 183.199997 205.270020 214.629990
v 178.820007 203.850021 213.269989
v 177.839996 206.560013 212.929977
v 178.539993 205.580017 215.569992
v 179.789993 201.630020 211.679977
v 177.850006 201.160019 213.779984
v 180.580002 201.880020 214.459991
v 180.610001 202.990021 217.129990
v 183.100006 202.490021 215.739990
v 181.509995 200.270020 216.679977
v 179.119995 205.390015 217.799988
v 179.729996 203.440018 219.859985
v 177.789993 202.810013 217.789978
v 177.389999 199.950012 217.579987
v 175.639999 201.760010 216.149979
v 175.490005 201.580017 219.039978
v 179.270004 199.120010 219.629990
v 179.589996 198.190018 216.909988
v 177.399994 197.200012 218.529984
v 180.830002 200.980011 221.229980
v 180.080002 198.400009 222.319992
v 178.059998 200.440018 221.909988
v 175.360001 199.380020 221.989990
v 175.789993 202.240021 221.929977
v 176.449997 200.730011 224.309982
v 174.490005 197.440018 220.009979
v 173.050003 197.710022 222.509979
v 175.699997 196.540009 222.489990
v 178.160004 195.110016 223.049988
v 175.720001 194.430008 224.479980
v 177.059998 196.950012 225.009979
v 177.330002 199.690018 225.899979
v 177.460007 197.530014 227.829987
v 174.940002 198.190018 226.549988
v 172.229996 198.240021 225.529984
v 172.699997 197.930008 228.379990
v 173.350006 195.770020 226.559982
v 174.410004 193.410019 225.239990
v 172.429993 193.130020 227.339981
v 175.130005 193.980011 227.989990
v 177.750000 194.520020 229.099991
v 176.039993 192.530014 230.319992
v 175.360001 195.340012 230.539978
v 172.570007 195.460022 231.279984
v 174.080002 197.910019 230.929977
v 174.610001 196.190018 233.199982
v 170.539993 194.200012 229.639984
v 170.130005 194.460022 232.499985
v 172.110001 192.600021 231.479980
v 173.929993 191.970016 233.649979
v 174.240005 190.670013 231.079987
v 171.979996 190.010010 232.779984
v 175.419998 193.980011 235.119980
v 174.600006 191.530014 236.439987
v 172.619995 193.530014 235.719986
v 170.229996 195.090012 235.209991
v 170.699997 193.980011 237.849991
v 170.029999 192.230011 235.639984
v 169.300003 189.990021 233.949982
v 167.990005 190.360016 236.509979
v 170.770004 189.530014 236.409988
v 173.490005 189.010010 237.269989
v 171.330002 187.310013 238.189987
v 171.539993 190.040009 239.159988
v 174.350006 189.960022 239.869980
v 172.320007 189.720016 241.929977
v 172.729996 192.260010 240.589981
v 174.050003 194.840012 240.429977
v 175.320007 192.490021 239.309982
v 175.100006 192.780014 242.189987
v 172.580002 196.570023 242.239990
v 172.759995 197.230011 239.419983
v 175.100006 197.450012 241.119980
v 170.050003 196.140015 243.599991
v 171.850006 198.230011 244.499985
v 172.539993 195.450012 244.909988
v 172.839996 192.730011 245.869980
v 172.279999 194.870010 247.739990
v 174.880005 194.710022 246.459991
v 176.899994 193.580017 248.209991
v 177.339996 196.160019 246.959991
v 177.380005 193.750015 245.359985
v 175.580002 191.350021 249.519989
v 176.979996 193.340012 251.099991
v 178.479996 191.490021 249.449982
v 181.350006 191.390015 249.039978
v 179.550003 191.220016 246.769989
v 179.750000 189.010010 248.639984
v 178.350006 187.300018 246.749985
v 178.009995 186.900009 249.599991
v 180.529999 186.230011 248.339981
v 178.850006 187.510010 243.899979
v 176.130005 187.430008 244.899979
v 177.779999 185.060013 245.009979
v 181.220001 186.480011 242.599991
v 181.179993 189.210022 243.579987
v 179.589996 188.470016 241.269989
v 179.929993 191.070023 240.029984
v 177.279999 189.940018 240.319992
v 179.130005 188.790009 238.419983
v 180.110001 189.610016 235.819992
v 177.479996 188.420013 236.069992
v 179.850006 186.790009 236.439987
v 180.839996 191.470016 233.719986
v 182.729996 189.450012 234.579987
v 182.089996 191.670013 236.329987
v 182.860001 194.000015 237.879990
v 184.740005 191.820023 237.509979
v 182.419998 191.460022 239.199982
v 181.690002 196.650009 237.859985
v 184.220001 196.190018 239.209991
v 181.770004 195.120010 240.319992
v 179.350006 198.350021 237.779984
v 180.149994 196.880020 235.409988
v 181.740005 199.120010 236.339981
v 177.399994 200.470016 237.389984
v 178.639999 200.100021 239.979980
v 176.729996 198.150009 239.009979
v 177.190002 203.340012 237.119980
v 174.800003 201.750015 237.519989
v 176.229996 201.610016 234.999985
v 174.110001 201.940018 233.049988
v 176.259995 200.060013 232.549988
v 176.779999 202.910019 232.469986
v 179.669998 202.760010 232.599991
v 178.350006 205.340012 232.679977
v 178.380005 203.800018 230.219986
v 180.149994 200.870010 234.749985
v 182.169998 201.300018 232.719986
v 179.710007 199.910019 232.049988
v 177.580002 198.400009 230.799988
v 180.339996 197.610016 230.409988
v 179.339996 200.030014 229.179977
v 181.679993 201.590012 228.479980
v 179.029999 202.600021 227.869980
v 180.100006 200.340012 226.399979
v 183.740005 202.280014 230.399979
v 184.429993 201.850021 227.609985
v 183.639999 199.610016 229.269989
v 182.820007 197.510010 227.439987
v 182.690002 197.070023 230.309982
v 185.259995 197.220016 228.969986
v 180.800003 197.850021 225.379990
v 182.940002 195.920013 225.019989
v 183.520004 198.770020 224.919983
v 184.759995 201.380020 224.809982
v 185.320007 199.420013 222.749985
v 186.360001 199.040009 225.419983
v 187.070007 196.240021 225.619980
v 187.600006 198.020020 227.839981
v 189.149994 198.250015 225.389984
v 185.110001 194.110016 225.489990
v 187.860001 193.590012 224.729980
v 186.169998 195.250015 223.039978
v 187.330002 196.890015 220.949982
v 184.520004 196.200012 220.859985
v 186.520004 194.160019 220.379990
v 188.970001 199.220016 221.499985
v 189.529999 197.560013 219.179977
v 190.070007 196.560013 221.849991
v 192.050003 194.440018 221.999985
v 189.649994 194.300018 223.619980
v 191.690002 196.260010 224.229980
v 191.529999 196.570023 227.109985
v 191.550003 198.910019 225.399979
v 193.960007 197.310013 225.709991
v 193.770004 195.430008 228.559982
v 191.190002 194.110016 228.619980
v 191.570007 196.630020 230.009979
v 191.720001 196.400009 232.889984
v 191.610001 199.020020 231.659988
v 194.000000 197.390015 231.389984
v 190.350006 198.640015 234.109985
v 192.690002 197.510010 235.389984
v 190.210007 196.010010 235.339981
v 187.389999 196.390015 235.879990
v 188.460007 193.710022 235.609985
v 188.240005 195.430008 233.289978
v 186.250000 194.150009 234.439987
v 184.979996 196.750015 234.319992
v 184.889999 195.210022 236.769989
v 188.190002 192.040009 234.859985
v 187.589996 192.940018 232.169983
v 185.619995 191.430008 233.669983
v 184.860001 189.850021 231.359985
v 182.830002 190.810013 233.179977
v 184.649994 188.720016 234.009979
v 183.750000 188.230011 236.729980
v 186.320007 187.210022 235.839981
v 183.860001 186.050018 234.829987
v 184.839996 183.340012 235.169983
v 183.000000 183.950012 233.009979
v 182.070007 183.970016 235.759979
v 180.470001 184.530014 238.109985
v 180.729996 181.810013 237.159988
v 179.179993 183.740021 235.639984
v 177.369995 185.470016 234.179977
v 176.419998 182.960022 235.269989
v 178.240005 182.960022 233.009979
v 178.039993 180.370010 231.729980
v 179.949997 182.330017 230.759979
v 177.110001 182.740021 230.349991
v 174.500000 183.880020 229.819992
v 176.270004 183.220016 227.619980
v 176.889999 185.450012 229.359985
v 179.750000 185.680008 228.909988
v 178.479996 187.210022 231.029984
v 177.990005 187.900009 228.249985
v 179.779999 184.180008 226.439987
v 181.289993 183.240021 228.729980
v 182.149994 185.610016 227.289978
v 177.250000 183.420013 225.219986
v 179.580002 183.910019 223.559982
v 178.270004 186.120010 224.899979
v 177.509995 188.700012 225.979980
v 177.990005 188.400009 223.139984
v 180.199997 188.280014 225.009979
v 182.350006 187.000015 223.539978
v 182.759995 187.820023 226.289978
v 182.520004 189.810013 224.199982
v 182.130005 184.360016 222.349991
v 183.899994 186.340012 221.179977
v 181.029999 186.670013 220.979980
v 180.470001 189.450012 220.389984
v 178.289993 187.560013 220.649979
v 180.050003 187.430008 218.359985
v 183.160004 190.520020 220.249985
v 181.179993 191.800018 221.949982
v 180.960007 191.980011 219.059982
v 185.509995 188.870010 220.659988
v 185.669998 191.240021 218.999985
v 184.199997 188.920013 218.069992
v 182.389999 189.720016 215.949982
v 182.690002 186.910019 216.619980
v 184.850006 188.330017 215.309982
v 180.210007 191.590012 216.359985
v 181.509995 191.420013 213.779984
v 182.919998 192.570023 216.029984
v 185.729996 192.550018 215.299988
v 184.339996 195.070023 215.669983
v 183.740005 193.400009 213.379990
v 187.279999 190.210022 214.579987
v 187.919998 192.790009 213.429977
v 185.490005 191.420013 212.639984
v 183.740005 193.340012 211.359985
v 182.979996 190.540009 211.499985
v 185.149994 191.370010 209.769989
v 182.559998 195.700012 212.569992
v 183.220001 195.690018 209.739990
v 185.339996 195.730011 211.729980
v 187.729996 194.980011 210.269989
v 187.889999 195.590012 213.099991
v 187.380005 197.710022 211.179977
v 186.539993 194.730011 207.629990
v 188.029999 192.510010 208.779984
v 189.419998 194.900009 207.919983
v 185.610001 197.450012 207.279984
v 183.729996 195.240021 207.149979
v 185.669998 195.630020 205.019989
v 188.169998 198.810013 207.399979
v 186.039993 199.550018 209.229980
v 185.830002 200.200012 206.409988
v 190.679993 197.470016 207.939987
v 190.649994 199.930008 206.399979
v 189.600006 197.480011 205.249985
v 187.610001 195.690018 204.149979
v 189.979996 196.340012 202.609985
v 187.929993 198.350021 203.039978
v 188.270004 201.200012 203.399979
v 185.619995 200.040009 203.459991
v 187.089996 200.180008 200.959991
v 189.949997 202.430008 205.419983
v 189.500000 203.780014 202.899979
v 191.139999 201.400009 202.989990
v 191.210007 200.400009 200.259979
v 192.649994 199.000015 202.359985
v 193.580002 201.590012 201.439987
v 189.610001 202.350021 198.829987
v 189.250000 199.510010 198.319992
v 191.669998 200.850021 197.439987
v 191.229996 204.600021 199.659988
v 188.440002 204.470016 200.419983
v 189.169998 204.960022 197.649979
v 193.820007 204.060013 198.459991
v 193.649994 204.840012 201.249985
v 193.089996 206.780014 199.159988
v 194.100006 201.820023 196.639984
v 195.690002 204.210022 196.249985
v 192.839996 204.260010 195.739990
v 190.729996 206.250015 195.819992
v 190.320007 203.770020 194.369980
v 192.169998 205.770020 193.349991
v 191.789993 207.650009 191.179977
v 192.210007 204.840012 190.599991
v 194.389999 206.450012 191.629990
v 189.820007 209.220016 189.749985
v 192.419998 208.720016 188.559982
v 192.190002 210.500015 190.829987
v 193.940002 211.250015 193.009979
v 192.789993 213.300018 191.319992
v 194.839996 211.540009 190.269989
v 194.520004 211.450012 187.389984
v 196.660004 209.960022 188.649979
v 196.770004 212.860016 188.559982
v 191.910004 210.870010 186.269989
v 194.000000 211.960022 184.589981
v 192.759995 213.620010 186.609985
v 194.789993 215.690018 186.739990
v 192.520004 215.780014 188.539978
v 192.149994 216.310013 185.719986
v 197.649994 215.300018 187.059982
v 196.639999 217.730011 185.849991
v 196.460007 215.220016 184.419983
v 195.649994 216.190018 181.799988
v 195.500000 213.360016 182.409988
v 198.080002 214.640015 182.089981
v 196.350006 218.990021 182.009979
v 193.589996 218.170013 182.289978
v 194.880005 218.030014 179.699982
v 192.800003 217.410019 177.779984
v 195.580002 217.440018 176.949982
v 194.240005 219.920013 177.599991
v 195.529999 221.330017 175.419983
v 195.270004 222.600021 178.009979
v 192.919998 222.190018 176.359985
v 191.279999 223.630020 174.449982
v 191.399994 224.510010 177.209991
v 190.029999 222.040009 176.529984
v 191.440002 222.990021 171.629990
v 191.479996 225.750015 172.489990
v 189.039993 224.200012 172.699982
v 192.179993 222.520020 168.859985
v 190.679993 220.510010 170.319992
v 193.460007 221.010010 170.979980
v 194.429993 224.000015 167.769989
v 191.720001 224.740021 167.049988
v 192.869995 222.270020 166.059982
v 191.139999 221.560013 163.839981
v 193.130005 219.670013 164.789978
v 193.960007 222.060013 163.379990
v 195.440002 221.710022 160.909988
v 196.649994 223.120010 163.139984
v 194.470001 224.340012 161.649979
v 195.839996 222.820023 158.269989
v 194.470001 220.290009 158.579987
v 197.320007 220.460022 159.079987
v 198.820007 218.460022 160.539978
v 200.199997 220.700012 159.319992
v 199.050003 218.630020 157.649979
v 200.259995 215.990021 157.689987
v 201.899994 218.340012 157.199982
v 200.009995 217.440018 155.189987
v 198.009995 217.020020 153.129990
v 198.490005 219.690018 154.159988
v 197.199997 217.710022 155.829987
v 195.869995 217.250015 155.079987
v 196.910004 214.640015 154.369980
v 195.330002 216.150009 152.459991
v 194.419998 217.380020 157.589981
v 193.440002 218.830017 155.269989
v 195.850006 219.710022 156.619980
v 193.690002 217.130020 160.379990
v 195.919998 215.610016 159.329987
v 193.210007 214.930008 158.559982
v 191.210007 216.730011 161.839981
v 192.389999 219.380020 161.669983
v 193.660004 217.320023 163.269989
v 194.320007 217.710022 166.069992
v 196.250000 218.400009 164.019989
v 195.630005 215.620010 164.549988
v 192.589996 217.660019 168.399979
v 193.809998 220.150009 167.549988
v 195.440002 218.060013 168.719986
v 197.220001 220.060013 169.839981
v 198.259995 217.480011 169.039978
v 196.559998 217.690018 171.369980
v 196.820007 214.950012 172.289978
v 194.729996 216.650009 173.359985
v 197.500000 217.150009 174.059982
v 199.240005 219.050018 175.399979
v 200.289993 216.510010 174.469986
v 198.479996 216.580017 176.729980
v 199.479996 214.030014 177.669983
v 197.029999 215.130020 178.769989
v 199.589996 216.350021 179.399979
v 199.009995 218.360016 181.409988
v 201.679993 218.150009 180.289978
v 200.690002 216.090012 182.069992
v 202.419998 215.020020 184.139984
v 199.539993 214.930008 184.459991
v 200.929993 217.460022 184.609985
v 204.979996 215.800018 185.249985
v 204.869995 213.940018 183.019989
v 203.979996 213.110016 185.659988
v 204.149994 210.230011 185.929977
v 203.539993 211.870010 188.239990
v 206.199997 211.920013 187.089981
v 205.919998 208.210022 184.819992
v 204.500000 210.020020 183.059982
v 203.050003 207.960022 184.499985
v 201.899994 205.780014 182.969986
v 200.529999 208.340012 183.109985
v 200.660004 206.630020 185.449982
v 201.059998 203.700012 181.129990
v 202.300003 202.990021 183.659988
v 203.889999 204.220016 181.559982
v 200.229996 201.070023 180.229980
v 202.240005 202.550018 178.749985
v 199.479996 203.430008 178.719986
v 199.539993 206.270020 178.169983
v 197.309998 205.120010 179.639984
v 197.619995 204.570023 176.809982
v 195.580002 205.430008 174.939987
v 195.720001 202.650009 175.759979
v 197.770004 203.760010 174.029984
v 193.309998 206.290009 173.349991
v 195.860001 207.640015 173.079987
v 194.300003 207.970016 175.499985
v 190.690002 205.040009 173.339981
v 192.279999 205.090012 170.919983
v 191.110001 207.540009 171.929977
v 191.580002 209.670013 170.019989
v 190.320007 210.260010 172.569992
v 188.880005 208.760010 170.539978
v 186.429993 209.790009 169.389984
v 186.330002 207.630020 171.329987
v 187.369995 207.140015 168.669983
v 183.850006 210.870010 168.619980
v 186.100006 211.050018 166.799988
v 186.050003 212.660019 169.219986
v 181.169998 211.870010 168.159988
v 181.940002 210.950012 170.799988
v 181.600006 209.040009 168.639984
v 178.429993 212.490021 167.439987
v 180.619995 213.930008 166.199982
v 179.990005 214.380020 168.989990
v 175.949997 212.390015 165.939987
v 176.089996 213.910019 168.399979
v 176.160004 211.010010 168.479980
v 174.279999 211.300018 163.829987
v 177.130005 211.580017 163.409988
v 175.449997 213.940018 163.539978
v 173.080002 209.650009 161.769989
v 171.929993 212.240021 162.399979
v 171.699997 210.050018 164.289978
v 172.250000 208.170013 159.419983
v 172.389999 206.840012 161.989990
v 174.830002 207.630020 160.639984
v 170.750000 206.800018 157.349991
v 173.500000 207.590012 156.869980
v 171.429993 209.610016 157.029984
v 170.259995 204.040009 156.619980
v 169.880005 206.150009 154.659988
v 168.039993 205.890015 156.889984
v 166.259995 204.010010 158.189987
v 165.220001 206.500015 157.129990
v 166.910004 206.520020 159.479980
v 167.839996 207.330017 162.109985
v 167.190002 204.550018 161.599991
v 165.080002 206.530014 161.729980
v 169.020004 208.240021 164.589981
v 167.809998 210.150009 162.779984
v 170.300003 208.860016 162.059982
v 170.649994 206.590012 166.329987
v 167.970001 207.320023 167.129990
v 170.059998 209.330017 167.069992
v 168.860001 210.710022 169.319992
v 170.229996 212.220016 167.259979
v 171.740005 210.550018 169.089981
v 174.479996 209.600021 169.199982
v 173.270004 210.820023 171.539978
v 173.940002 212.450012 169.229980
v 176.949997 208.420013 168.239990
v 174.750000 208.870010 166.409988
v 174.550003 206.800018 168.439987
v 178.679993 207.080017 170.149979
v 179.330002 209.750015 169.229980
v 179.570007 207.500015 167.419983
v 180.550003 207.840012 164.709991
v 180.100006 205.180008 165.769989
v 182.300003 206.780014 166.759979
v 185.139999 206.890015 166.189987
v 184.039993 204.630020 167.639984
v 184.199997 207.230011 168.909988
v 187.880005 207.220016 165.299988
v 186.059998 209.480011 165.259979
v 185.720001 207.300018 163.379990
v 189.410004 205.370010 163.679977
v 189.479996 205.160019 166.569992
v 190.779999 207.390015 165.249985
v 193.580002 207.930008 164.769989
v 192.559998 207.900009 167.479980
v 191.830002 210.060013 165.679977
v 194.919998 209.660019 162.869980
v 194.490005 206.870010 162.229980
v 196.419998 207.610016 164.259979
v 197.580002 205.980011 166.359985
v 198.690002 208.600021 165.779984
v 199.039993 206.420013 163.889984
v 201.839996 207.130020 163.669983
v 200.389999 206.230011 161.329987
v 201.029999 204.350021 163.449982
v 199.809998 201.720016 163.549988
v 202.300003 202.230011 164.959991
v 202.270004 202.130020 162.059982
v 197.570007 201.690018 165.389984
v 198.649994 204.220016 164.469986
v 200.179993 202.570023 166.299988
v 195.550003 200.110016 166.739990
v 194.949997 202.820023 165.909988
v 196.789993 202.350021 168.099991
v 197.220001 203.330017 170.789978
v 194.539993 203.180008 169.719986
v 196.389999 205.160019 168.699982
v 199.309998 204.620010 172.339981
v 198.940002 201.750015 172.509979
v 196.979996 203.530014 173.679977
v 201.500000 205.990021 173.669983
v 199.309998 207.520020 172.539978
v 201.199997 206.180008 170.789978
v 204.339996 205.590012 174.069992
v 202.490005 205.120010 176.249985
v 202.990005 207.830017 175.339981
v 204.149994 209.880020 177.029984
v 201.289993 209.810013 176.589981
v 203.059998 210.580017 174.429977
v 205.589996 212.300018 177.709991
v 206.759995 209.710022 178.279984
v 204.479996 210.640015 179.799988
v 204.899994 215.040009 177.069992
v 207.649994 214.150009 176.819992
v 206.449997 214.450012 179.449982
v 203.029999 216.170013 175.159988
v 203.199997 217.260010 177.839981
v 202.050003 214.630020 177.419983
v 201.600006 216.150009 172.639984
v 203.630005 214.160019 173.159988
v 204.389999 216.920013 172.719986
v 201.220001 217.670013 170.199982
v 199.229996 217.790009 172.299988
v 199.550003 215.370010 170.739990
v 197.610001 214.480011 168.779984
v 197.309998 213.720016 171.559982
v 199.449997 212.570023 169.969986
v 195.990005 213.710022 166.499985
v 198.220001 215.530014 166.149979
v 195.839996 216.410019 167.549988
v 194.880005 213.090012 163.899979
v 193.229996 212.870010 166.269989
v 195.369995 210.970016 165.809982
v 193.630005 212.890015 161.279984
v 196.309998 211.860016 161.699982
v 195.839996 214.720016 161.699982
v 192.050003 212.390015 158.909988
v 191.809998 214.920013 160.299988
v 190.770004 212.500015 161.499985
v 192.759995 209.850021 157.689987
v 193.149994 212.310013 156.219986
v 190.460007 211.330017 156.719986
v 190.119995 211.500015 153.849991
v 188.110001 212.610016 155.609985
v 188.429993 209.740021 155.409988
v 186.460007 208.400009 157.069992
v 188.050003 206.870010 155.189987
v 186.009995 208.690018 154.219986
v 184.860001 210.190018 158.689987
v 187.750000 210.420013 158.699982
v 186.470001 208.140015 159.949982
v 182.550003 210.510010 160.419983
v 182.330002 211.110016 157.589981
v 183.880005 212.850021 159.319992
v 185.839996 214.760010 160.269989
v 183.300003 215.690018 159.199982
v 185.289993 214.540009 157.429977
v 183.820007 215.330017 155.059982
v 185.610001 213.050018 154.959991
v 186.679993 215.730011 155.189987
v 180.990005 215.960022 155.149979
v 182.759995 217.510010 153.469986
v 182.910004 217.770020 156.349991
v 184.190002 218.360016 158.889984
v 181.559998 219.440018 158.299988
v 183.889999 220.440018 156.889984
v 184.750000 223.180008 157.309982
v 183.059998 222.520020 155.049988
v 185.830002 221.650009 155.099991
v 184.240005 225.830017 158.359985
v 186.830002 225.200012 157.199982
v 186.059998 224.050018 159.749985
v 181.610001 226.430008 159.409988
v 183.149994 228.510010 158.099991
v 183.970001 227.520020 160.699982
v 181.300003 224.550018 161.589981
v 180.789993 223.710022 158.859985
v 178.960007 225.530014 160.179977
v 183.589996 224.200012 163.329987
v 181.130005 222.780014 163.879990
v 181.270004 225.650009 164.279984
v 179.919998 226.280014 166.769989
v 179.490005 227.930008 164.429977
v 182.039993 228.000015 165.789978
v 177.440002 226.050018 168.249985
v 179.789993 227.200012 169.509979
v 179.699997 224.360016 168.929977
v 175.979996 224.430008 166.349991
v 174.800003 226.870010 167.379990
v 175.110001 224.560013 169.119980
v 176.190002 221.570023 165.869980
v 177.869995 223.430008 164.389984
v 175.020004 223.300018 163.859985
v 177.350006 218.970016 166.429977
v 174.490005 219.230011 165.999985
v 175.690002 220.290009 168.419983
v 179.929993 219.250015 165.149979
v 178.649994 216.650009 165.279984
v 179.710007 217.870010 167.689987
v 179.759995 217.250015 170.519989
v 181.619995 219.190018 169.439987
v 181.929993 216.380020 168.809982
v 184.610001 215.990021 167.759979
v 182.679993 213.820023 167.659988
v 183.800003 214.650009 170.209991
v 182.770004 212.560013 171.919983
v 183.669998 215.060013 173.069992
v 185.589996 213.200012 171.959991
v 188.220001 214.340012 172.449982
v 187.940002 212.000015 170.759979
v 187.500000 211.780014 173.619980
v 189.350006 210.230011 175.229980
v 186.850006 209.060013 174.349991
v 186.839996 211.150009 176.359985
v 191.699997 211.390015 176.479980
v 191.990005 209.500015 174.299988
v 191.070007 208.590012 176.889984
v 192.699997 206.710022 178.369980
v 190.149994 205.870010 177.279984
v 190.229996 207.710022 179.519989
v 194.410004 205.180008 180.149979
v 195.220001 207.820023 179.259979
v 195.190002 205.600021 177.389984
v 195.429993 202.470016 180.329987
v 193.339996 203.350021 182.139984
v 196.029999 204.390015 182.419983
v 195.279999 204.950012 185.159988
v 197.029999 206.770020 183.739990
v 198.000000 204.160019 184.529984
v 200.729996 205.080017 184.219986
v 200.160004 202.240021 184.269989
v 199.910004 203.820023 186.689987
v 201.580002 205.470016 188.389984
v 202.539993 202.890015 187.479980
v 200.410004 203.040009 189.439987
v 198.610001 203.150009 191.709991
v 201.149994 201.780014 191.939987
v 199.029999 200.640015 190.319992
v 196.830002 199.390015 188.909988
v 196.690002 202.200012 189.619980
v 196.509995 200.180008 191.679977
v 194.729996 200.760010 187.439987
v 194.429993 200.270020 190.289978
v 194.300003 198.060013 188.419983
v 193.399994 202.900009 186.019989
v 193.410004 200.210022 184.919983
v 195.850006 201.770020 184.969986
v 193.770004 205.630020 186.919983
v 191.190002 204.330017 187.239990
v 192.119995 205.080017 184.599991
v 189.789993 204.930008 182.879990
v 192.419998 205.360016 181.729980
v 191.139999 207.460022 183.259979
v 190.020004 209.710022 181.819992
v 192.630005 209.940018 183.059982
v 190.250000 209.810013 184.709991
v 188.960007 211.880020 180.209991
v 187.179993 209.840012 181.259979
v 189.039993 209.190018 179.139984
v 190.470001 214.270020 179.599991
v 188.029999 214.460022 181.159988
v 187.899994 213.820023 178.329987
v 185.050003 214.050018 177.859985
v 186.740005 212.740021 175.909988
v 186.910004 215.610016 176.279984
v 185.710007 217.300018 174.249985
v 188.570007 216.830017 174.239990
v 187.380005 218.470016 176.309982
v 183.000000 218.280014 174.589981
v 183.570007 216.250015 172.599991
v 184.500000 218.970016 172.209991
v 183.949997 221.120010 170.349991
v 182.589996 218.580017 170.069992
v 185.419998 218.780014 169.469986
v 184.710007 223.840012 169.699982
v 181.910004 223.130020 169.919983
v 183.479996 222.160019 167.689987
v 187.490005 223.880020 168.879990
v 186.809998 223.820023 171.699982
v 186.320007 226.210022 170.149979
v 187.330002 222.210022 166.519989
v 189.779999 222.300018 168.069992
v 188.979996 224.600021 166.499985
v 190.139999 225.900009 164.179977
v 190.990005 226.660019 166.849991
v 188.339996 227.370010 165.919983
v 188.880005 226.260010 161.599991
v 190.250000 223.780014 162.209991
v 191.770004 226.220016 161.809982
v 194.610001 226.670013 162.159988
v 193.580002 223.960022 161.979980
v 193.039993 225.570023 164.329987
v 194.869995 227.620010 164.889984
v 196.600006 228.680008 162.819992
v 196.940002 225.950012 163.739990
v 199.660004 225.160019 163.129990
v 197.720001 223.160019 163.949982
v 198.720001 225.100021 165.869980
v 200.759995 225.200012 167.919983
v 198.639999 223.230011 168.089981
v 198.059998 226.040009 168.529984
v 203.389999 225.090012 169.139984
v 201.970001 227.610016 168.979980
v 203.039993 226.390015 166.579987
v 206.000000 224.060013 168.409988
v 204.059998 222.310013 169.669983
v 205.320007 224.430008 171.199982
v 207.089996 223.550018 173.319992
v 204.399994 224.420013 173.949982
v 206.380005 226.350021 173.099991
v 208.070007 220.830017 173.599991
v 207.940002 222.570023 175.909988
v 209.910004 223.060013 173.839981
v 211.600006 225.390015 174.159988
v 211.660004 223.890015 171.679977
v 212.779999 222.740021 174.099991
v 215.070007 221.770020 172.619980
v 213.899994 220.140015 174.699982
v 215.360001 222.540009 175.399979
v 217.570007 222.870010 177.239990
v 214.919998 222.270020 178.249985
v 215.479996 224.880020 177.109985
v 219.190002 224.630020 178.879990
v 220.199997 223.690018 176.329987
v 219.949997 221.850021 178.549988
v 219.679993 219.060013 179.269989
v 217.309998 220.700012 178.909988
v 219.039993 221.120010 181.209991
v 216.880005 218.910019 178.539978
v 217.630005 219.550018 181.259979
v 218.039993 216.870010 180.239990
v 214.229996 220.030014 178.189987
v 214.820007 217.380020 177.189987
v 215.979996 219.700012 175.899979
v 213.979996 222.910019 178.429977
v 213.300003 221.210022 180.669983
v 211.600006 221.260010 178.319992
v 209.100006 219.830017 178.619980
v 209.690002 221.220016 176.139984
v 209.110001 222.730011 178.549988
v 208.690002 225.480011 177.729980
v 209.179993 224.850021 180.519989
v 206.669998 224.100021 179.279984
v 204.979996 222.960022 181.339981
v 204.000000 223.160019 178.619980
v 204.339996 225.560013 180.219986
v 202.940002 227.720016 178.889984
v 204.729996 228.290009 181.109985
v 202.199997 226.950012 181.589981
v 200.979996 226.980011 176.889984
v 202.660004 229.310013 176.479980
v 200.580002 229.360016 178.499985
v 200.149994 224.640015 178.389984
v 201.820007 224.340012 176.039978
v 199.050003 225.150009 175.749985
v 198.059998 227.020020 173.759979
v 196.330002 224.920013 174.759979
v 198.570007 224.260010 173.029984
v 199.639999 229.450012 173.709991
v 196.809998 229.530014 173.059982
v 198.690002 228.280014 171.229980
v 196.759995 227.280014 169.309982
v 199.500000 226.320023 169.259979
v 198.899994 229.030014 168.439987
v 201.089996 229.780014 166.689987
v 199.389999 231.830017 167.829987
v 198.350006 230.050018 165.779984
v 197.729996 230.220016 162.949982
v 196.479996 232.050018 164.819992
v 195.740005 229.240021 164.819992
v 199.169998 228.360016 161.259979
v 199.520004 231.210022 160.899979
v 197.020004 229.950012 160.159988
v 196.789993 231.790009 157.929977
v 194.410004 230.890015 159.309982
v 195.899994 229.050018 157.639984
v 194.940002 226.320023 157.909988
v 197.199997 226.900009 156.189987
v 194.539993 227.760010 155.419983
v 192.210007 226.930008 153.909988
v 194.839996 225.970016 153.169983
v 194.139999 228.750015 152.729980
v 190.009995 228.810013 154.059982
v 190.220001 226.670013 155.999985
v 189.520004 226.070023 153.249985
v 187.710007 223.840012 152.839981
v 188.130005 225.780014 150.719986
v 186.669998 226.530014 153.109985
v 187.429993 220.950012 152.849991
v 185.080002 222.640015 152.669983
v 186.580002 222.500015 155.149979
v 187.270004 218.200012 151.939987
v 188.710007 218.850021 154.369980
v 189.779999 219.640015 151.789978
v 184.929993 216.550018 151.459991
v 187.539993 215.690018 150.519989
v 186.210007 217.940018 149.259979
v 185.720001 220.670013 148.409988
v 186.600006 218.690018 146.479980
v 188.429993 219.650009 148.519989
v 190.330002 217.500015 148.069992
v 190.550003 219.170013 150.429977
v 191.179993 220.260010 147.819992
v 189.899994 214.650009 147.749985
v 191.919998 216.000015 146.169983
v 189.110001 216.480011 145.639984
v 186.660004 217.790009 144.829987
v 188.229996 216.330017 142.889984
v 189.220001 218.830017 143.949982
v 190.330002 221.470016 144.429977
v 190.449997 220.300018 141.779984
v 192.089996 219.230011 143.919983
v 192.960007 216.640015 142.939987
v 193.720001 217.520020 145.599991
v 194.880005 218.790009 143.259979
v 191.759995 216.880020 140.319992
v 191.169998 214.570023 141.969986
v 193.800003 214.880020 140.799988
v 193.250000 219.190018 139.409988
v 190.350006 219.300018 139.569992
v 191.630005 217.680008 137.529984
v 195.919998 218.100021 139.599991
v 195.289993 220.620010 140.899979
v 195.440002 220.470016 137.999985
v 195.820007 215.670013 138.029984
v 196.759995 215.580017 140.769989
v 198.380005 216.840012 138.719986
v 193.619995 214.440018 136.589981
v 196.339996 214.060013 135.679977
v 195.080002 216.650009 135.399979
v 196.759995 218.130020 133.559982
v 195.270004 219.540009 135.619980
v 193.880005 218.340012 133.379990
vn 0.1116 0.8292 0.5478
vn -0.5081 0.2152 -0.8340
vn -0.5037 -0.6824 0.5297
vn 0.9000 -0.3620 -0.2430
vn -0.1470 -0.8182 -0.5558
vn -0.8827 0.4143 0.2219
vn 0.5548 0.6564 -0.5113
vn 0.4740 -0.2519 0.8437
vn -0.2827 -0.1318 0.9501
vn -0.0358 0.9737 -0.2250
vn -0.6170 -0.5067 -0.6022
vn 0.9339 -0.3358 -0.1227
vn 0.7788 0.4161 -0.4694
vn -0.8377 0.1956 -0.5099
vn -0.0735 0.3772 0.9232
vn 0.1327 -0.9897 0.0536
vn 0.4491 0.4349 -0.7805
vn -0.4353 -0.8501 -0.2963
vn -0.6930 0.6175 0.3720
vn 0.6812 -0.2039 0.7031
vn 0.5586 -0.7416 0.3715
vn -0.9685 -0.2277 0.1009
vn 0.2133 0.1240 -0.9691
vn 0.1959 0.8455 0.4968
vn -0.4723 0.4954 0.7290
vn -0.5014 0.1129 -0.8578
vn 0.0472 -0.9720 0.2301
vn 0.9263 0.3625 -0.1025
vn -0.9743 0.1053 0.1990
vn 0.4217 0.9027 -0.0861
vn 0.1149 -0.5025 -0.8569
vn 0.4387 -0.5042 0.7439
vn -0.1178 -0.0902 -0.9889
vn 0.4061 0.8905 0.2053
vn 0.6023 -0.7275 0.3285
vn -0.8887 -0.0737 0.4524
vn -0.1207 0.6130 -0.7808
vn 0.6834 0.3819 0.6223
vn 0.3091 -0.8943 -0.3235
vn -0.8713 -0.1020 0.4801
vn -0.3184 -0.0606 0.9460
vn 0.8988 -0.4312 -0.0784
vn 0.0666 0.9607 -0.2693
vn -0.6482 -0.4708 -0.5985
vn 0.1302 -0.2209 -0.9666
vn 0.8140 0.4659 0.3470
vn -0.1500 -0.8441 0.5147
vn -0.7941 0.5988 0.1044
vn 0.5882 -0.5681 0.5756
vn 0.5102 0.2985 -0.8066
vn -0.3006 0.7997 0.5198
vn -0.7974 -0.5303 -0.2878
vn -0.5525 0.1721 -0.8156
vn 0.5373 0.8151 0.2166
vn 0.6180 -0.7680 -0.1682
vn -0.6023 -0.2178 0.7679
vn 0.0333 0.3932 0.9188
vn 0.9280 -0.0748 -0.3651
vn -0.5450 0.5906 -0.5951
vn -0.4156 -0.9086 0.0409
vn -0.0482 -0.4216 -0.9055
vn 0.5152 0.8552 -0.0569
vn 0.4617 -0.6232 0.6312
vn -0.9253 0.1889 0.3288
vn 0.1353 -0.2263 -0.9646
vn -0.2842 0.9553 0.0811
vn 0.8563 -0.1356 0.4984
vn -0.7072 -0.5933 0.3846
vn -0.3798 0.1977 0.9037
vn 0.6611 0.7087 -0.2464
vn -0.7402 -0.0174 -0.6721
vn 0.4575 -0.8890 0.0160
vn 0.9182 -0.2916 -0.2682
vn -0.3530 0.6432 -0.6795
vn 0.0372 0.4489 0.8928
vn -0.6011 -0.7972 0.0556
vn 0.9340 0.3096 -0.1783
vn -0.4745 -0.1363 -0.8696
vn -0.4838 0.6900 0.5384
vn 0.0263 -0.8617 0.5068
vn 0.1423 -0.9450 -0.2945
vn -0.9439 0.2695 -0.1908
vn 0.6277 0.5994 -0.4967
vn 0.1779 0.0764 0.9811
vn -0.4147 0.1766 0.8927
vn -0.3497 0.6585 -0.6664
vn -0.2290 -0.9270 -0.2969
vn 0.9933 0.0935 0.0685
vn 0.1347 0.7549 0.6419
vn 0.0112 0.3524 -0.9358
vn -0.8811 -0.4366 0.1815
vn 0.7331 -0.6703 0.1148
vn 0.8101 -0.3589 -0.4636
vn -0.7537 0.0770 -0.6526
vn 0.2076 0.9021 0.3782
vn -0.2653 -0.6208 0.7377
vn 0.0987 -0.9139 -0.3939
vn -0.9622 0.1705 0.2124
vn 0.3212 0.6833 -0.6557
vn 0.5423 0.0596 0.8381
vn -0.5711 0.0173 -0.8207
vn -0.0968 -0.8838 0.4577
vn -0.2872 0.7297 0.6206
vn 0.9565 0.1361 -0.2580
vn -0.7590 -0.2029 0.6186
vn -0.1103 -0.5228 -0.8453
vn 0.8628 -0.2539 0.4373
vn 0.0071 0.9774 -0.2111
vn 0.1351 -0.9741 -0.1812
vn -0.9791 0.1999 0.0372
vn 0.4199 0.5369 -0.7318
vn 0.4232 0.2390 0.8739
vn -0.5564 -0.5734 -0.6013
vn -0.0677 -0.3388 0.9384
vn -0.3298 0.9432 -0.0400
vn 0.9537 -0.0306 -0.2992
vn -0.9223 -0.3275 0.2051
vn 0.6056 -0.7824 -0.1453
vn 0.3377 0.5487 0.7648
vn -0.0218 0.5604 -0.8279
vn -0.2164 -0.8067 0.5499
vn -0.4053 -0.0980 -0.9089
vn 0.9926 0.0875 -0.0839
vn -0.3700 0.8160 0.4441
vn 0.0918 -0.8470 -0.5236
vn -0.8870 0.0148 0.4615
vn 0.0651 0.7822 -0.6196
vn 0.7318 0.0499 0.6797
vn -0.7165 -0.2412 -0.6545
vn 0.1223 -0.7485 0.6518
vn -0.2613 0.8281 0.4959
vn 0.8555 0.1610 -0.4921
vn -0.9161 -0.4009 0.0092
vn 0.6290 -0.6234 -0.4645
vn 0.3081 0.1491 0.9396
vn -0.0235 0.8751 -0.4834
vn 0.7505 -0.3674 0.5493
vn -0.5201 -0.7534 -0.4023
vn 0.3754 0.5751 -0.7269
vn -0.6036 0.5467 0.5802
vn -0.6452 -0.3653 0.6710
vn -0.4415 0.0422 -0.8963
vn 0.8045 -0.5918 -0.0512
vn 0.2823 0.9183 0.2777
vn -0.0924 0.9599 -0.2648
vn 0.3157 -0.5350 -0.7837
vn -0.8853 -0.3501 0.3061
vn 0.6651 -0.0747 0.7430
vn -0.5440 0.3872 -0.7444
vn 0.9477 0.3072 -0.0860
vn -0.0352 -0.9982 -0.0482
vn -0.3701 0.3054 0.8774
vn 0.5696 -0.0210 -0.8216
vn -0.3709 0.9203 0.1244
vn 0.5520 -0.2486 0.7959
vn -0.7516 -0.6522 -0.0988
vn 0.5984 0.7741 -0.2069
vn -0.6214 -0.1582 -0.7673
vn -0.5301 0.1995 0.8241
vn 0.5554 -0.8177 0.1512
vn -0.4544 0.7552 -0.4725
vn 0.7981 -0.2901 -0.5280
vn -0.6367 -0.7651 0.0958
vn 0.2933 0.3013 0.9073
vn -0.0886 0.0341 -0.9955
vn 0.5252 0.7906 0.3149
vn 0.4709 -0.8418 0.2638
vn -0.9097 0.0186 0.4149
vn 0.8125 0.2420 -0.5304
vn -0.7617 0.5888 -0.2704
vn 0.1875 0.1236 0.9745
vn -0.2402 -0.9548 -0.1749
vn 0.2994 0.9222 -0.2449
vn -0.1518 -0.5330 -0.8324
vn -0.8510 0.0567 0.5221
vn 0.7026 -0.4446 0.5557
vn -0.4706 0.4725 -0.7452
vn 0.9850 0.0046 -0.1722
vn -0.3261 -0.9436 0.0570
vn -0.1904 0.4684 0.8628
vn 0.2314 -0.0383 -0.9721
vn 0.0751 0.9412 0.3295
vn 0.6301 -0.5818 0.5143
vn -0.9376 -0.3229 0.1287
vn 0.7935 0.5432 -0.2743
vn -0.7427 0.1438 -0.6540
vn -0.3012 0.2813 0.9111
vn 0.2513 -0.9678 0.0156
vn -0.0287 0.9231 -0.3835
vn 0.4716 -0.6081 -0.6386
vn -0.9312 -0.3327 0.1488
vn 0.4901 0.0180 0.8715
vn -0.2336 0.1242 -0.9644
vn 0.8566 0.4767 0.1976
vn 0.1080 -0.9747 0.1955
vn -0.7307 0.3745 0.5708
vn 0.6149 -0.0281 -0.7881
vn -0.4580 0.8884 0.0316
vn 0.5280 -0.1354 0.8384
vn -0.6840 -0.7250 -0.0807
vn 0.5729 0.7938 -0.2040
vn -0.4821 -0.2876 -0.8275
vn -0.6644 0.2419 0.7072
vn 0.5782 -0.7488 0.3240
vn -0.2917 0.7525 -0.5905
vn 0.8438 -0.3976 -0.3605
vn -0.7130 -0.7006 0.0272
vn 0.1600 0.3443 0.9251
vn -0.0227 -0.0176 -0.9996
vn 0.5928 0.7442 0.3078
vn 0.3522 -0.8714 0.3416
vn -0.9254 0.1465 0.3496
vn 0.9029 0.0326 -0.4287
vn -0.5924 0.6900 -0.4158
vn 0.0882 0.1829 0.9792
vn -0.4011 -0.9063 -0.1332
vn 0.5266 0.7470 -0.4057
vn -0.2280 -0.6692 -0.7073
vn -0.8428 0.3650 0.3955
vn 0.5422 -0.4390 0.7164
vn -0.4290 0.3170 -0.8458
vn 0.9901 -0.0557 -0.1290
vn -0.3568 -0.9037 0.2365
vn -0.2048 0.6453 0.7360
vn 0.3394 -0.2268 -0.9129
vn -0.0238 0.9934 0.1120
vn 0.6080 -0.3966 0.6878
vn -0.9217 -0.3714 0.1116
vn 0.7869 0.5301 -0.3159
vn -0.7301 0.0531 -0.6813
vn -0.3260 0.3706 0.8697
vn 0.2699 -0.9545 0.1272
vn 0.0182 0.8815 -0.4718
vn 0.3955 -0.7025 -0.5916
vn -0.9450 -0.2456 0.2162
vn 0.5306 0.0622 0.8453
vn -0.2556 0.0194 -0.9666
vn 0.8960 0.4287 0.1156
vn 0.0428 -0.9481 0.3150
vn -0.6824 0.4971 0.5360
vn 0.6783 -0.1593 -0.7173
vn -0.4358 0.8886 -0.1433
vn 0.4505 -0.0100 0.8927
vn -0.6935 -0.7196 -0.0340
vn 0.6096 0.7345 -0.2980
vn -0.4860 -0.3724 -0.7906
vn -0.6591 0.3635 0.6583
vn 0.5364 -0.7252 0.4316
vn -0.2561 0.6871 -0.6799
vn 0.8576 -0.4349 -0.2745
vn -0.7206 -0.6903 0.0642
vn 0.1201 0.4394 0.8902
vn 0.1082 -0.1552 -0.9819
vn 0.4873 0.8326 0.2633
vn 0.3753 -0.7787 0.5028
vn -0.9714 0.1003 0.2151
vn 0.8623 0.0944 -0.4976
vn -0.7015 0.5606 -0.4400
vn 0.1246 0.3035 0.9446
vn -0.2863 -0.9581 -0.0081
vn 0.2563 0.9350 -0.2452
vn 0.1351 -0.5989 -0.7894
vn -0.9616 -0.0232 0.2735
vn 0.5702 -0.3136 0.7593
vn 0.2321 0.4357 -0.8696
vn 0.0008 -0.9934 -0.1150
vn -0.9086 0.2999 0.2905
vn 0.6732 0.2571 0.6933
vn -0.4487 0.1752 -0.8764
vn 0.1417 -0.9838 0.1099
vn -0.5763 0.3409 0.7428
vn 0.8836 0.4678 0.0204
vn -0.8333 -0.5241 -0.1758
vn 0.5890 -0.0234 -0.8078
vn 0.4853 -0.4007 0.7771
vn -0.2394 0.9487 0.2067
vn -0.0515 -0.9206 -0.3870
vn -0.4431 0.6482 -0.6193
vn 0.9590 0.2560 0.1217
vn -0.4620 0.0161 0.8867
vn 0.4806 -0.2442 -0.8422
vn -0.9811 -0.1509 -0.1211
vn 0.1639 0.9633 0.2125
vn 0.3348 -0.5688 0.7512
vn -0.4259 0.4523 0.7836
vn -0.1535 0.5448 -0.8244
vn -0.4021 -0.9075 -0.1218
vn 0.9830 -0.0900 0.1602
vn 0.0037 -0.5082 -0.8613
vn -0.8406 0.5374 0.0679
vn 0.7890 0.6137 0.0291
vn 0.0495 -0.6422 0.7650
vn 0.1285 -0.2478 0.9602
vn 0.0216 0.9956 -0.0917
vn -0.8822 -0.3482 -0.3171
vn 0.7325 -0.3999 -0.5509
vn -0.7722 0.6354 -0.0029
vn 0.4536 0.0312 0.8906
vn 0.6490 0.2593 -0.7153
vn -0.3316 -0.9280 -0.1698
vn -0.0025 0.9973 0.0731
vn -0.6034 -0.3877 0.6968
vn 0.9291 -0.3434 0.1377
vn -0.3254 -0.2686 -0.9066
vn -0.5452 -0.7263 -0.4185
vn 0.3491 -0.3121 0.8836
vn -0.5719 0.8092 0.1345
vn 0.7668 0.2268 -0.6005
vn 0.9610 -0.2109 -0.1788
vn -0.0890 0.4382 0.8945
vn -0.5343 -0.8452 -0.0087
vn -0.3414 0.6192 -0.7072
vn -0.3976 0.9074 0.1363
vn -0.5447 -0.6808 0.4896
vn 0.9367 -0.0094 0.3501
vn 0.0045 -0.2151 -0.9766
vn -0.7239 0.6217 0.2991
vn -0.3629 -0.6313 -0.6853
vn 0.3392 -0.5201 0.7839
vn 0.7482 0.5302 -0.3989
vn 0.3448 0.4382 -0.8301
vn 0.0933 -0.9921 -0.0833
vn -0.9639 0.2335 0.1279
vn 0.5252 0.3190 0.7889
vn 0.4897 0.2098 -0.8463
vn 0.5300 -0.6557 0.5377
vn -0.8924 -0.3956 -0.2170
vn -0.1283 0.8403 0.5268
vn -0.5696 -0.7706 0.2857
vn 0.7822 -0.3379 -0.5234
vn 0.3285 0.4902 0.8073
vn -0.5417 0.6201 -0.5675
vn 0.7338 0.6268 -0.2618
vn 0.3562 -0.6719 0.6494
vn -0.3461 -0.4679 -0.8132
vn -0.7427 0.5141 0.4290
vn 0.9026 0.0256 -0.4296
vn 0.0989 0.1004 0.9900
vn -0.4407 -0.8747 -0.2015
vn -0.5580 0.7486 -0.3582
vn -0.2336 0.8845 0.4037
vn -0.5262 -0.7215 0.4500
vn 0.9769 -0.1748 0.1226
vn -0.2164 0.0121 -0.9762
vn -0.0477 -0.0553 0.9973
vn -0.7757 0.5307 -0.3417
vn -0.0305 -0.9219 -0.3863
vn 0.8542 0.4453 -0.2684
vn -0.9830 -0.0480 0.1773
vn 0.4002 0.7307 0.5530
vn 0.1570 0.1893 -0.9693
vn 0.4271 -0.8717 0.2403
vn -0.6177 0.7784 0.1122
vn -0.0549 -0.5896 0.8058
vn 0.9369 0.3328 -0.1069
vn -0.2639 -0.5215 -0.8114
vn -0.0336 0.4507 0.8921
vn -0.9251 -0.2550 -0.2813
vn 0.5666 -0.8215 0.0633
vn 0.3934 0.6249 -0.6744
vn -0.5973 -0.2935 0.7464
vn -0.1509 0.9707 -0.1869
vn -0.2088 -0.5337 -0.8195
vn 0.9550 -0.1452 0.2586
vn -0.9349 0.3546 0.0120
vn 0.4449 0.1918 0.8748
vn 0.5139 0.4407 -0.7360
vn -0.0218 -0.9881 -0.1525
vn -0.2379 0.8936 0.3807
vn -0.5617 -0.7039 0.4346
vn 0.9663 -0.1906 0.1731
vn -0.1665 -0.0007 -0.9860
vn -0.1838 0.1284 0.9745
vn -0.7708 0.3436 -0.5365
vn 0.1256 -0.9742 -0.1876
vn 0.8283 0.5008 -0.2513
vn -0.9036 -0.2021 0.3778
vn 0.2659 0.9295 0.2555
vn -0.0332 -0.0796 -0.9963
vn 0.6682 -0.6501 0.3617
vn -0.7358 0.6772 -0.0032
vn 0.2129 -0.2535 0.9436
vn 0.8138 0.3879 -0.4327
vn -0.2930 -0.8121 -0.5046
vn -0.2189 0.8229 0.5243
vn -0.6752 -0.7095 0.2019
vn 0.9120 -0.3233 0.2525
vn -0.0203 0.2101 -0.9775
vn -0.3125 -0.0043 0.9499
vn -0.6153 0.5633 -0.5515
vn 0.0026 -0.9363 -0.3512
vn 0.9252 0.3766 -0.0461
vn 0.6866 0.6136 -0.3900
vn -0.4681 -0.4893 -0.7358
vn -0.6672 0.5322 0.5212
vn 0.4483 -0.6557 0.6075
vn -0.9982 -0.0297 -0.0523
vn 0.3685 0.3917 -0.8431
vn 0.3516 -0.9285 0.1195
vn 0.2756 0.5656 0.7773
vn 0.4661 0.8844 -0.0247
vn 0.2530 -0.5313 -0.8085
vn -0.9896 0.1433 0.0107
vn 0.2729 -0.4959 0.8244
vn -0.9986 -0.0182 0.0506
vn 0.2803 0.5422 -0.7921
vn 0.3447 -0.9341 -0.0926
vn 0.3720 0.4072 0.8342
vn -0.8177 -0.2076 -0.5370
vn 0.5837 0.6336 -0.5078
vn 0.5066 -0.8436 0.1780
vn -0.2712 0.4196 0.8663
vn 0.1847 -0.0252 0.9825
vn 0.6688 -0.5655 -0.4827
vn 0.0641 0.9424 -0.3283
vn -0.9207 -0.3502 -0.1723
vn 0.5527 0.2331 -0.8001
vn -0.2091 0.8314 0.5149
vn 0.5071 -0.6337 0.5843
vn -0.8512 -0.4297 -0.3014
vn -0.3808 -0.1691 0.9091
vn 0.7280 0.6824 0.0659
vn -0.7203 0.3383 -0.6055
vn 0.3726 -0.8518 -0.3681
vn 0.9361 -0.3442 -0.0726
vn -0.0905 0.8356 -0.5418
vn -0.2117 0.1959 0.9575
vn -0.6358 -0.6906 -0.3448
vn -0.9413 0.1936 -0.2766
vn 0.4395 0.8473 0.2981
vn 0.5003 -0.3861 -0.7751
vn 0.0003 -0.6570 0.7539
vn 0.2489 0.2087 0.9458
vn 0.7729 0.2041 -0.6008
vn -0.7862 0.5559 -0.2699
vn -0.2359 -0.9691 -0.0727
vn -0.0650 0.9598 -0.2730
vn 0.8060 -0.1250 0.5786
vn 0.0796 -0.5765 -0.8132
vn -0.8205 -0.2568 0.5107
vn 0.7809 0.4651 -0.4170
vn -0.2450 0.4627 0.8520
vn 0.2424 -0.9503 0.1952
vn -0.7787 0.0224 -0.6271
vn -0.9093 -0.1258 0.3967
vn 0.6902 -0.3627 0.6261
vn 0.1624 0.9753 -0.1497
vn 0.0557 -0.4860 -0.8722
vn -0.0424 0.3398 0.9395
vn -0.3930 -0.9186 -0.0406
vn 0.9537 -0.0318 -0.2990
vn -0.5169 0.6113 -0.5993
vn 0.1610 -0.7520 0.6392
vn -0.8276 0.4931 0.2683
vn -0.1158 -0.3663 -0.9233
vn 0.7810 0.6243 0.0173
vn -0.7940 -0.5239 0.3085
vn 0.5421 0.2838 0.7909
vn -0.3112 0.8106 -0.4961
vn 0.5595 -0.5691 -0.6025
vn -0.4840 0.2811 0.8287
vn 0.2546 -0.9643 0.0727
vn 0.8246 0.5551 -0.1093
vn -0.5933 0.1300 -0.7944
vn 0.2822 -0.2985 0.9117
vn -0.9642 -0.2258 -0.1391
vn 0.5577 -0.4632 -0.6888
vn 0.1243 0.9887 -0.0834
vn -0.3178 -0.8946 0.3141
vn -0.2183 0.6941 0.6860
vn -0.4524 0.2298 -0.8617
vn 0.9899 -0.0271 -0.1395
vn -0.8729 -0.1382 0.4679
vn 0.7466 -0.3241 0.5810
vn 0.1252 0.9738 -0.1901
vn 0.0013 -0.5096 -0.8604
vn -0.0540 0.1969 0.9789
vn -0.2864 -0.9435 -0.1666
vn 0.9407 0.1223 -0.3164
vn -0.6013 0.6251 -0.4976
vn 0.2735 -0.5880 0.7612
vn -0.9682 0.2340 0.0883
vn 0.1469 -0.4824 -0.8635
vn 0.5491 0.8357 0.0103
vn -0.5839 -0.7618 0.2806
vn 0.2430 0.5454 0.8021
vn -0.4910 0.5739 -0.6554
vn 0.8313 -0.3554 -0.4273
vn -0.7432 0.0791 0.6644
vn 0.6448 -0.7022 0.3020
vn 0.4756 0.8764 -0.0754
vn -0.3748 -0.2527 -0.8920
vn 0.1398 -0.0538 0.9887
vn -0.6545 -0.7008 -0.2836
vn 0.8704 -0.1487 -0.4694
vn -0.3558 0.9035 -0.2388
vn 0.2514 -0.0034 0.9679
vn -0.8706 0.4772 -0.1199
vn -0.0906 -0.9420 -0.3231
vn 0.7089 0.4684 -0.5273
vn -0.7427 -0.5896 0.3175
vn 0.6269 0.1822 0.7575
vn -0.3787 0.8636 -0.3327
vn 0.4963 -0.4532 -0.7405
vn -0.4557 0.1674 0.8742
vn 0.3404 -0.9400 -0.0239
vn 0.7681 0.6321 -0.1020
vn -0.6493 0.1388 -0.7478
vn 0.2767 -0.3252 0.9042
vn -0.9132 -0.3481 -0.2118
vn 0.6496 -0.3288 -0.6855
vn -0.0128 0.9999 -0.0065
vn -0.1693 -0.9614 0.2168
vn -0.3620 0.5764 0.7326
vn -0.4542 0.2288 -0.8610
vn 0.9837 0.1558 -0.0892
vn -0.8408 -0.3508 0.4122
vn 0.7821 -0.2494 0.5710
vn -0.0516 0.9961 -0.0710
vn 0.1151 -0.3949 -0.9115
vn -0.1549 0.0738 0.9852
vn -0.1235 -0.9501 -0.2865
vn 0.9330 0.2919 -0.2103
vn -0.6512 0.5826 -0.4864
vn 0.3293 -0.6778 0.6574
vn -0.9889 0.1104 0.0991
vn 0.2082 -0.3101 -0.9276
vn 0.4497 0.8771 0.1687
vn -0.4943 -0.8471 0.1953
vn 0.1010 0.5288 0.8427
vn -0.5125 0.5349 -0.6718
vn 0.9056 -0.2171 -0.3644
vn -0.6750 0.3518 0.6486
vn 0.4772 -0.7797 0.4054
vn 0.6602 0.7195 -0.2157
vn -0.4630 -0.2933 -0.8364
vn 0.0812 -0.1344 0.9876
vn -0.5893 -0.7096 -0.3863
vn 0.9078 -0.0558 -0.4157
vn -0.3977 0.8990 -0.1835
vn 0.1246 -0.8901 0.4383
vn -0.8006 0.4568 0.3877
vn -0.1315 -0.1278 -0.9830
vn 0.8103 0.5643 0.1576
vn -0.8096 -0.5575 0.1835
vn 0.5268 0.1102 0.8428
vn -0.2835 0.8981 -0.3362
vn 0.5686 -0.4490 -0.6892
vn -0.6933 -0.0413 0.7194
vn 0.4652 -0.8828 -0.0650
vn 0.6675 0.7107 0.2223
vn -0.4356 0.2123 -0.8747
vn 0.2504 -0.4886 0.8358
vn -0.9131 -0.2856 -0.2911
vn 0.6631 -0.2127 -0.7177
vn 0.0017 0.9846 0.1746
vn -0.0781 -0.9614 0.2640
vn -0.4901 0.5695 0.6599
vn -0.3948 0.1282 -0.9098
vn 0.9648 0.2627 -0.0147
vn -0.8891 -0.3505 0.2945
vn 0.7179 -0.3827 0.5815
vn 0.0047 0.9974 0.0716
vn 0.1654 -0.2650 -0.9500
vn 0.6687 0.6988 0.2540
vn -0.3678 -0.4233 0.8280
vn 0.4423 -0.6970 -0.5644
vn -0.7438 0.4247 -0.5162
vn -0.9871 -0.1554 0.0382
vn 0.4773 -0.8303 0.2877
vn 0.2422 0.7539 0.6107
vn 0.2693 0.2331 -0.9344
vn -0.4844 0.1733 0.8575
vn -0.3548 -0.8326 -0.4253
vn 0.9755 -0.1138 0.1881
vn -0.1350 0.7730 -0.6198
vn 0.3694 -0.9290 0.0230
vn -0.7886 0.0619 0.6118
vn -0.2849 0.2241 -0.9320
vn 0.7052 0.6426 0.2996
vn -0.6049 -0.7910 0.0919
vn 0.6639 -0.0020 0.7478
vn -0.5434 0.8388 0.0342
vn 0.4832 -0.0455 -0.8744
vn -0.3960 0.0089 0.9182
vn 0.3023 -0.9263 -0.2249
vn 0.7818 0.6227 -0.0318
vn -0.6873 0.2945 -0.6640
vn 0.5091 -0.5413 0.6691
vn -0.9772 -0.1911 0.0923
vn 0.3011 -0.2373 -0.9236
vn 0.1663 0.9728 0.1610
vn -0.1449 -0.9849 0.0952
vn -0.0420 0.4313 0.9012
vn -0.7096 0.3865 -0.5891
vn 0.8966 0.1689 -0.4093
vn -0.9347 0.1215 0.3340
vn 0.4353 -0.7548 0.4906
vn 0.5187 0.8415 0.1512
vn -0.0172 -0.2098 -0.9776
vn 0.8621 -0.1800 -0.4738
vn 0.1317 -0.1068 0.9855
vn -0.6959 -0.6469 -0.3117
vn -0.2976 0.9338 -0.1987
vn -0.6779 0.4316 0.5951
vn 0.0786 -0.9704 0.2282
vn 0.8862 0.4447 0.1302
vn -0.2857 0.0955 -0.9535
vn -0.4387 -0.6137 -0.6565
vn 0.8824 -0.3813 0.2756
vn -0.5834 0.1009 0.8059
vn 0.1419 0.8943 -0.4243
vn 0.7764 0.5899 -0.2218
vn 0.0716 -0.3015 0.9508
vn 0.0057 -0.7961 -0.6051
vn -0.8527 0.5073 -0.1247
vn 0.9973 -0.0345 0.0644
vn -0.3567 0.6521 0.6690
vn -0.3755 -0.9082 0.1848
vn -0.2637 0.2904 -0.9199
vn -0.8560 0.4209 -0.3001
vn -0.1345 -0.4303 0.8926
vn 0.7098 0.7009 0.0707
vn 0.2822 -0.6927 -0.6637
vn 0.6078 -0.7636 0.2180
vn -0.0355 0.6271 0.7781
vn -0.9168 -0.3488 -0.1948
vn 0.3457 0.4833 -0.8043
vn -0.1971 0.9679 -0.1560
vn -0.6668 -0.3799 0.6411
vn 0.9196 -0.0943 0.3814
vn -0.0541 -0.4934 -0.8681
vn 0.3706 -0.8626 0.3443
vn -0.1760 0.6197 0.7649
vn -0.8550 -0.1783 -0.4870
vn 0.6604 0.4189 -0.6232
vn 0.7322 0.5811 0.3553
vn -0.8736 0.4816 0.0701
vn -0.0431 -0.8450 0.5330
vn 0.1812 -0.2157 -0.9595
vn -0.7604 -0.6420 -0.0983
vn -0.1141 0.5285 0.8412
vn 0.0132 0.6234 -0.7818
vn 0.8600 -0.5089 0.0385
vn -0.8979 -0.4138 -0.1502
vn 0.1643 0.0902 0.9823
vn 0.0244 0.9036 -0.4276
vn 0.7074 -0.5784 -0.4062
vn 0.6946 0.1468 -0.7043
vn 0.2363 0.5319 0.8132
vn -0.0395 -0.9709 0.2363
vn -0.8927 0.2927 -0.3426
vn 0.6760 0.0698 0.7336
vn 0.3671 -0.5576 -0.7445
vn -0.2121 0.9159 -0.3408
vn -0.8330 -0.4275 0.3512
vn -0.5396 -0.7973 -0.2704
vn 0.2695 0.5126 -0.8153
vn 0.8194 -0.2994 0.4889
vn -0.5483 0.5852 0.5974
vn 0.6196 0.7506 0.2294
vn 0.3498 -0.4891 -0.7990
vn -0.9074 0.3672 -0.2045
vn -0.0628 -0.6280 0.7757
vn 0.1968 -0.9782 0.0663
vn -0.5204 0.1781 -0.8351
vn 0.8594 0.5107 -0.0247
vn -0.5335 0.2886 0.7950
vn -0.3745 0.9263 -0.0408
vn 0.3647 -0.2522 -0.8963
vn -0.7220 -0.6413 0.2595
vn 0.7334 -0.0341 0.6790
vn 0.1303 -0.9886 0.0755
vn -0.7905 0.1883 -0.5829
vn 0.8177 0.4137 -0.4002
vn -0.1563 0.3868 0.9088
vn -0.7846 0.4754 0.3980
vn 0.1773 0.3560 -0.9175
vn -0.1953 -0.9793 -0.0542
vn 0.8054 0.1465 0.5744
vn 0.9424 -0.0227 -0.3338
vn -0.6176 -0.3024 -0.7260
vn -0.2367 0.9333 0.2701
vn -0.0899 -0.6073 0.7894
vn -0.7993 0.4564 0.3908
vn 0.2249 0.4156 -0.8813
vn -0.2031 -0.9701 -0.1326
vn 0.7785 0.0946 0.6205
vn 0.9067 0.2237 -0.3577
vn -0.5283 -0.4683 -0.7083
vn -0.4673 0.8428 0.2669
vn 0.0890 -0.5981 0.7964
vn -0.8085 -0.5161 0.2828
vn -0.2510 0.6473 -0.7197
vn 0.6925 -0.6325 -0.3469
vn 0.3681 0.5003 0.7837
vn -0.0214 -0.8953 -0.4449
vn -0.8578 0.4819 -0.1789
vn 0.7633 0.5357 -0.3611
vn 0.1134 -0.1207 0.9862
vn -0.4546 0.2970 0.8397
vn 0.0446 0.7661 -0.6412
vn -0.5184 -0.7501 -0.4106
vn 0.9258 -0.3115 0.2142
vn -0.9761 -0.0767 -0.2033
vn 0.1785 0.8746 0.4508
vn 0.5222 -0.0490 -0.8514
vn 0.2751 -0.7482 0.6038
vn -0.0506 -0.5147 0.8559
vn 0.7637 0.6439 0.0460
vn -0.8532 0.5022 -0.1408
vn 0.1401 -0.6316 -0.7625
vn 0.4946 0.3091 -0.8123
vn -0.2043 0.7849 0.5849
vn 0.5642 -0.6526 0.5058
vn -0.8538 -0.4418 -0.2754
vn -0.9001 -0.0214 0.4351
vn 0.6873 0.2657 0.6760
vn -0.0086 0.6645 -0.7473
vn 0.2214 -0.9053 -0.3626
vn -0.8377 0.0795 0.5403
vn 0.7177 -0.4173 0.5575
vn 0.2932 0.9097 -0.2942
vn -0.1728 -0.5692 -0.8038
vn 0.6593 -0.1564 -0.7354
vn 0.4862 0.1562 0.8598
vn -0.5873 -0.8041 0.0919
vn -0.5565 0.8020 -0.2168
vn -0.6173 0.1938 0.7625
vn 0.6160 -0.7467 0.2508
vn 0.5365 0.8176 -0.2093
vn -0.5347 -0.2637 -0.8028
vn 0.2627 -0.6406 -0.7216
vn 0.8188 0.3054 0.4862
vn -0.6201 -0.4536 0.6400
vn -0.4609 0.7897 -0.4048
vn -0.2451 0.5072 0.8262
vn 0.4156 -0.8731 0.2550
vn 0.6514 0.5335 -0.5395
vn -0.8222 -0.1685 -0.5437
vn 0.0867 -0.6756 -0.7321
vn 0.8988 0.1656 0.4058
vn -0.6253 -0.3462 0.6994
vn -0.3601 0.8540 -0.3755
vn -0.0667 0.6684 0.7408
vn 0.4664 -0.8194 0.3333
vn 0.5206 0.3909 -0.7590
vn -0.9183 -0.2402 -0.3148
vn -0.2509 -0.8827 -0.3974
vn 0.9898 0.1272 -0.0642
vn -0.2782 0.0200 0.9603
vn -0.4615 0.7342 -0.4980
vn 0.3046 0.9235 0.2330
vn 0.5476 -0.6677 0.5043
vn 0.1128 -0.1495 -0.9823
vn -0.9639 -0.1050 0.2446
vn 0.0368 -0.6837 -0.7289
vn 0.9130 0.3814 0.1446
vn -0.3192 -0.4294 0.8448
vn -0.6290 0.7326 -0.2602
vn 0.2795 0.8096 -0.5162
vn 0.3974 0.0349 0.9170
vn 0.3190 -0.8215 -0.4727
vn -0.9973 -0.0221 0.0704
vn 0.1438 -0.9210 0.3620
vn 0.8040 0.5616 0.1952
vn -0.8071 0.4049 0.4296
vn -0.1412 -0.0461 -0.9889
vn 0.5886 0.4281 -0.6858
vn -0.1855 0.6531 0.7342
vn 0.4574 -0.8048 0.3782
vn -0.8604 -0.2782 -0.4270
vn -0.9519 0.2478 0.1801
vn 0.4968 -0.0542 0.8662
vn 0.4217 0.6927 -0.5852
vn 0.0322 -0.8869 -0.4608
vn 0.3148 -0.8804 0.3546
vn 0.6939 0.6967 0.1817
vn -0.8554 0.2581 0.4490
vn -0.1503 -0.0759 -0.9857
vn -0.0832 -0.2410 0.9670
vn 0.9537 -0.0937 -0.2858
vn -0.2951 0.9461 -0.1332
vn -0.5748 -0.6101 -0.5454
vn 0.7831 -0.4325 0.4469
vn -0.1712 -0.4456 -0.8787
vn 0.1968 0.9689 -0.1498
vn -0.8082 -0.0898 0.5820
vn 0.9444 -0.1691 -0.2819
vn -0.6109 -0.6186 -0.4941
vn -0.2464 0.9473 -0.2046
vn -0.0891 -0.1595 0.9832
vn -0.8789 -0.1191 0.4619
vn -0.1604 0.2265 -0.9607
vn 0.5281 -0.8471 0.0596
vn 0.5101 0.7395 0.4393
vn 0.8222 0.3065 -0.4795
vn -0.3566 -0.8215 -0.4450
vn -0.6933 0.7202 -0.0258
vn 0.2273 -0.2080 0.9513
vn -0.0059 -0.8538 0.5205
vn -0.8570 0.0838 -0.5085
vn 0.7698 -0.0033 -0.6383
vn 0.0931 0.7725 0.6282
vn -0.3232 -0.8973 0.3007
vn -0.6315 0.7079 0.3164
vn 0.0468 0.0194 -0.9987
vn 0.9087 0.1681 0.3822
vn 0.3563 0.9118 -0.2041
vn -0.9953 0.0013 -0.0967
vn 0.2456 -0.2482 0.9371
vn 0.3942 -0.6626 -0.6368
vn -0.3920 -0.8815 -0.2634
vn -0.5306 0.3887 0.7533
vn -0.0247 0.6250 -0.7802
vn 0.9483 -0.1313 0.2890
vn 0.2989 0.9275 0.2244
vn -0.9411 0.0248 -0.3372
vn 0.0472 -0.5717 0.8191
vn 0.5958 -0.3823 -0.7063
vn -0.1549 -0.4790 -0.8640
vn -0.6883 -0.2838 0.6676
vn -0.0677 0.9869 -0.1467
vn 0.9122 -0.2238 0.3432
vn 0.2741 0.2373 0.9320
vn -0.9472 0.2810 -0.1545
vn 0.0774 -0.9887 -0.1283
vn 0.5965 0.4688 -0.6515
vn -0.0505 0.6340 -0.7717
vn -0.7815 -0.6233 -0.0264
vn -0.0155 0.5160 0.8565
vn 0.8469 -0.5286 -0.0589
vn 0.1996 -0.9778 0.0643
vn -0.7866 0.2162 0.5784
vn -0.2080 0.2347 -0.9495
vn 0.7956 0.5233 0.3053
vn 0.2048 0.6475 0.7340
vn -0.8816 0.2304 -0.4120
vn -0.0374 -0.9269 0.3734
vn 0.7147 0.0499 -0.6977
vn -0.4255 -0.8135 -0.3964
vn -0.6242 0.4115 0.6642
vn 0.1974 0.6601 -0.7248
vn 0.8509 -0.2594 0.4568
vn 0.1053 -0.1089 0.9885
vn -0.2557 0.9448 -0.2050
vn -0.7144 -0.6165 -0.3310
vn 0.8650 -0.2162 -0.4528
vn -0.5157 0.2702 0.8130
vn 0.8657 0.4999 -0.0262
vn -0.5319 0.2156 -0.8189
vn 0.1831 -0.9826 0.0320
vn -0.6346 -0.0101 -0.7728
vn 0.8350 0.4838 -0.2619
vn 0.2260 -0.9389 0.2598
vn -0.4271 0.4644 0.7758
vn 0.7113 -0.6079 0.3528
vn -0.3226 -0.3418 -0.8827
vn 0.3737 0.9202 -0.1165
vn -0.7622 0.0293 0.6467
vn -0.0890 -0.9312 0.3535
vn -0.5579 0.0966 -0.8243
vn 0.9581 0.1833 -0.2200
vn -0.3130 0.6495 0.6930
vn 0.6404 -0.1274 -0.7574
vn -0.6739 -0.7388 -0.0048
vn -0.4681 0.8781 -0.0996
vn 0.5033 -0.0137 0.8640
vn -0.4905 -0.0600 0.8694
vn -0.6585 0.0518 -0.7508
vn 0.5755 -0.8099 -0.1134
vn 0.5747 0.8183 -0.0059
vn 0.1927 0.5693 -0.7992
vn -0.0941 -0.9537 -0.2855
vn -0.8519 0.3011 0.4284
vn 0.7512 0.0814 0.6550
vn -0.1079 -0.5953 0.7962
vn -0.7214 -0.2010 -0.6628
vn 0.8940 -0.1611 -0.4182
vn -0.0673 0.9560 0.2856
vn 0.4318 -0.0035 -0.9020
vn -0.1958 -0.9395 0.2811
vn -0.8536 0.5194 -0.0408
vn 0.6157 0.4243 0.6640
vn -0.1720 -0.2649 -0.9488
vn 0.7029 -0.5957 0.3887
vn -0.8446 -0.0894 0.5279
vn 0.3105 0.9500 0.0333
vn 0.7016 0.6435 -0.3062
vn 0.1500 -0.2195 0.9640
vn 0.0531 -0.8358 -0.5465
vn -0.9040 0.4129 -0.1106
vn -0.6922 -0.6023 0.3976
vn 0.8820 -0.1730 0.4384
vn -0.2671 0.9528 0.1440
vn 0.0772 -0.1776 -0.9811
vn 0.6586 -0.5883 -0.4691
vn 0.4788 0.7767 0.4093
vn -0.4641 -0.5225 0.7153
vn -0.6743 0.3351 -0.6581
vn -0.5448 0.8220 0.1659
vn 0.4886 -0.2475 0.8367
vn 0.6579 0.1778 -0.7319
vn -0.6038 -0.7500 -0.2702
vn 0.6071 -0.7764 -0.1692
vn 0.5210 0.7442 0.4180
vn -0.7351 -0.2808 0.6171
vn -0.3923 0.3144 -0.8645
vn -0.2813 0.9536 -0.1073
vn -0.0070 -0.2427 0.9701
vn 0.9232 -0.1166 -0.3663
vn -0.6336 -0.5935 -0.4962
vn -0.3812 -0.8901 0.2498
vn 0.8644 0.1420 0.4824
vn -0.6451 0.7211 0.2527
vn 0.1649 0.0271 -0.9859
vn 0.7302 0.3809 -0.5672
vn 0.0089 0.4412 0.8974
vn 0.1427 -0.9834 0.1123
vn -0.8823 0.1596 -0.4428
vn -0.5843 -0.4782 0.6557
vn 0.9236 0.0779 0.3754
vn -0.3658 0.9138 -0.1767
vn 0.0289 -0.5161 -0.8560
vn 0.6596 -0.7416 -0.1221
vn 0.4801 0.8772 -0.0049
vn -0.4743 -0.1137 0.8730
vn -0.6655 -0.0222 -0.7460
vn 0.6936 -0.1459 0.7054
vn 0.4374 0.0110 -0.8992
vn -0.4585 0.8739 0.1613
vn -0.6736 -0.7384 0.0312
vn -0.0488 0.6459 -0.7619
vn 0.8592 -0.5092 -0.0490
vn -0.7686 -0.6374 -0.0549
vn -0.0427 0.4986 0.8658
vn 0.6020 0.0329 0.7978
vn -0.2661 -0.9470 -0.1801
vn 0.4797 0.3656 -0.7976
vn -0.8165 0.5486 0.1798
vn 0.7162 -0.6927 -0.0851
vn -0.4013 -0.0433 0.9149
vn -0.7086 -0.1736 -0.6839
vn 0.3940 0.9074 -0.1466
vn -0.7525 -0.6025 0.2659
vn 0.8639 -0.3739 0.3375
vn -0.1449 0.9082 0.3926
vn 0.0353 0.0714 -0.9968
vn -0.0813 -0.4894 0.8683
vn -0.1648 -0.6323 -0.7570
vn 0.9186 0.3864 -0.0827
vn -0.6752 0.7370 -0.0314
vn 0.8872 -0.2468 -0.3898
vn -0.4235 -0.8118 0.4020
vn -0.5915 0.3627 -0.7201
vn 0.1279 0.6969 0.7056
vn -0.8124 0.1694 0.5580
vn -0.2052 -0.6931 -0.6910
vn 0.7427 -0.3230 0.5866
vn 0.2746 0.8482 -0.4530
vn -0.3309 0.2919 -0.8974
vn 0.6890 -0.7157 -0.1147
vn -0.7625 -0.3598 0.5377
vn 0.4029 0.7826 0.4746
vn -0.4078 -0.2510 -0.8779
vn 0.9204 0.3595 -0.1534
vn 0.0509 -0.8068 0.5886
vn -0.5640 0.6967 0.4432
vn 0.9582 -0.2694 -0.0961
vn -0.3559 0.2871 -0.8893
vn -0.0706 0.7604 0.6457
vn -0.5296 -0.7779 0.3383
vn 0.3921 0.8530 -0.3444
vn 0.3135 -0.7624 -0.5660
vn -0.9980 0.0533 -0.0329
vn 0.2954 -0.1460 0.9442
vn -0.7677 -0.5816 -0.2690
vn 0.4258 0.3862 -0.8182
vn 0.6729 -0.5432 0.5022
vn -0.3316 0.7412 0.5836
vn -0.2738 0.9078 -0.3178
vn 0.9971 -0.0443 0.0622
vn -0.3221 -0.6911 -0.6471
vn -0.3991 -0.1713 0.9007
vn 0.4084 0.5155 -0.7533
vn -0.0799 0.5929 0.8013
vn 0.5825 -0.7826 0.2197
vn -0.9066 -0.3247 -0.2695
vn 0.7007 -0.0678 0.7102
vn 0.0378 0.9044 -0.4250
vn -0.9024 -0.1349 0.4092
vn 0.1614 -0.6996 -0.6961
vn 0.1335 -0.1514 -0.9794
vn -0.7976 0.5871 0.1383
vn 0.8107 0.4439 0.3818
vn -0.1485 -0.8767 0.4576
vn 0.1454 0.8640 0.4820
vn -0.4528 0.1792 -0.8734
vn -0.5761 -0.5987 0.5565
vn 0.8818 -0.4423 -0.1639
vn -0.4844 -0.8563 -0.1791
vn -0.6617 0.7299 0.1716
vn 0.5607 0.2396 -0.7926
vn 0.5859 -0.1152 0.8021
vn 0.3230 0.7813 0.5341
vn -0.3064 0.3139 -0.8986
vn -0.7621 -0.4376 0.4772
vn 0.7450 -0.6574 -0.1132
vn 0.1627 -0.6716 -0.7228
vn -0.9217 0.3759 -0.0958
vn 0.6710 0.7376 -0.0752
vn 0.0877 -0.4422 0.8926
vn -0.3541 0.4693 0.8089
vn -0.1069 0.5905 -0.7999
vn -0.5072 -0.8498 -0.1434
vn 0.9683 -0.2117 0.1327
vn 0.4471 -0.3300 -0.8314
vn -0.9650 0.1793 -0.1912
vn 0.4447 0.8435 0.3011
vn 0.0704 -0.6913 0.7192
vn -0.5457 0.2403 0.8028
vn -0.0228 0.7539 -0.6566
vn -0.3769 -0.8238 -0.4233
vn 0.9457 -0.1725 0.2753
vn 0.4531 -0.2748 -0.8481
vn -0.9361 0.2875 -0.2028
vn 0.5006 0.7601 0.4142
vn -0.0170 -0.7723 0.6350
vn -0.4583 0.4070 0.7901
vn -0.0137 0.6443 -0.7647
vn -0.4772 -0.8387 -0.2625
vn 0.9485 -0.2115 0.2359
vn 0.8250 0.2778 -0.4921
vn -0.6936 -0.3044 -0.6529
vn -0.3542 0.7755 0.5227
vn 0.2246 -0.7489 0.6235
vn -0.2492 -0.9600 0.1280
vn -0.7954 0.5131 -0.3226
vn 0.7329 0.0675 -0.6769
vn 0.3120 0.3796 0.8710
vn -0.2588 0.8925 0.3694
vn -0.1147 0.0055 -0.9934
vn -0.5808 -0.7078 0.4021
vn 0.9568 -0.1881 0.2217
vn -0.8061 0.5145 0.2925
vn 0.3963 0.4330 -0.8096
vn -0.2666 -0.9389 -0.2179
vn 0.6768 -0.0078 0.7361
vn -0.7606 0.2124 -0.6134
vn 0.4315 0.8505 0.3009
vn 0.6712 -0.5628 -0.4824
vn -0.3410 -0.4984 0.7970
vn 0.4225 0.2418 -0.8735
vn 0.2477 0.6808 0.6893
vn 0.3228 -0.8997 0.2939
vn -0.9938 -0.0221 -0.1085
vn 0.4353 0.8785 0.1969
vn 0.1927 -0.6404 0.7435
vn 0.3597 -0.3684 -0.8572
vn -0.9884 0.1276 -0.0821
vn -0.8485 -0.2030 0.4887
vn 0.5375 -0.8375 -0.0987
vn 0.5311 0.6723 0.5157
vn -0.2172 0.3688 -0.9038
vn 0.8021 0.0861 -0.5909
vn 0.2802 -0.3346 0.8997
vn -0.6442 -0.6455 -0.4103
vn -0.4379 0.8935 0.0996
vn -0.5904 0.1975 0.7826
vn 0.1252 -0.9886 -0.0834
vn 0.8869 0.4416 0.1358
vn -0.4227 0.3510 -0.8355
vn 0.4290 -0.3257 -0.8426
vn 0.5582 -0.2722 0.7838
vn -0.9128 -0.3991 0.0865
vn -0.0743 0.9968 -0.0286
vn -0.1380 0.5458 0.8265
vn -0.0880 -0.9714 0.2206
vn 0.9136 0.1734 -0.3677
vn -0.6884 0.2503 -0.6807
vn 0.4549 -0.4790 -0.7508
vn 0.5282 -0.1192 0.8407
vn -0.9172 -0.3776 0.1275
vn -0.0631 0.9740 -0.2174
vn -0.0509 0.7400 0.6707
vn -0.1466 -0.8753 0.4609
vn 0.9013 0.0025 -0.4331
vn -0.7036 0.1317 -0.6983
vn -0.1334 -0.7990 -0.5864
vn 0.8071 -0.1387 0.5739
vn -0.8044 0.1261 0.5805
vn 0.1315 0.8124 -0.5680
vn 0.3525 0.8157 0.4587
vn -0.1730 -0.7138 0.6786
vn 0.6723 -0.3252 -0.6650
vn -0.8525 0.2237 -0.4724
vn -0.7338 0.3273 0.5953
vn 0.0911 -0.9909 0.0993
vn 0.8589 0.4426 0.2577
vn -0.2172 0.2211 -0.9508
vn 0.0188 0.2274 0.9736
vn -0.6750 -0.7198 -0.1622
vn 0.9034 -0.3205 -0.2849
vn -0.2475 0.8126 -0.5277
vn 0.0087 -0.9998 -0.0192
vn -0.6534 0.3130 0.6892
vn -0.2694 0.3531 -0.8960
vn 0.9143 0.3350 0.2276
vn -0.7793 0.5353 -0.3259
vn -0.3267 -0.7609 0.5606
vn 0.5972 0.5834 0.5504
vn 0.5086 -0.3577 -0.7832
vn 0.7180 -0.6954 -0.0306
vn -0.2973 0.1294 0.9460
vn -0.7777 -0.2958 -0.5546
vn 0.3571 0.8623 -0.3591
vn 0.0038 0.9907 0.1364
vn -0.8507 -0.3808 0.3623
vn 0.7777 -0.4058 0.4801
vn 0.0682 -0.2026 -0.9769
vn 0.1191 0.0207 -0.9927
vn -0.7676 -0.5972 0.2328
vn -0.1874 0.9242 0.3328
vn 0.8347 -0.3457 0.4287
vn -0.4753 -0.8159 0.3292
vn -0.6665 0.7215 -0.1876
vn 0.5000 -0.2200 -0.8376
vn 0.6425 0.3154 0.6984
vn 0.3024 0.9450 0.1244
vn -0.2561 -0.1435 -0.9559
vn -0.7888 -0.1762 0.5889
vn 0.7442 -0.6228 0.2417
vn 0.5573 -0.6448 -0.5231
vn -0.9686 -0.1718 -0.1796
vn 0.2289 0.9343 -0.2734
vn 0.1848 -0.1147 0.9761
vn -0.4201 -0.1803 0.8894
vn -0.6173 0.5551 -0.5574
vn 0.1794 -0.8670 -0.4648
vn 0.8599 0.4930 0.1328
vn 0.3580 0.9330 -0.0365
vn -0.3529 -0.2566 -0.8998
vn -0.7367 -0.0489 0.6745
vn 0.7347 -0.6258 0.2620
vn -0.3297 -0.9372 -0.1137
vn -0.7285 0.6411 -0.2414
vn 0.7889 0.1533 -0.5950
vn 0.2693 0.1431 0.9524
vn 0.1748 -0.0383 -0.9839
vn -0.9304 -0.3161 0.1857
vn 0.1042 0.9410 0.3219
vn 0.6507 -0.5885 0.4799
vn -0.0973 -0.0658 0.9931
vn -0.7281 0.5786 -0.3676
vn -0.0652 -0.9126 -0.4035
vn 0.8891 0.4009 -0.2210
vn 0.2143 0.9353 -0.2814
vn -0.6113 -0.4184 -0.6717
vn -0.4492 0.0127 0.8934
vn 0.8451 -0.5313 0.0590
vn 0.1978 -0.9783 -0.0621
vn -0.9791 0.1503 -0.1369
vn 0.5139 0.4888 -0.7050
vn 0.2678 0.3368 0.9027
vn -0.5459 -0.2444 0.8014
vn -0.4045 0.7945 -0.4531
vn 0.0201 -0.7709 -0.6367
vn 0.9319 0.2206 0.2878
vn -0.0242 -0.2476 -0.9686
vn -0.3826 0.9160 0.1205
vn 0.9469 -0.0086 0.3215
vn -0.5369 -0.6608 0.5245
vn 0.0082 0.9729 -0.2312
vn 0.6639 -0.1751 0.7270
vn 0.2396 -0.5375 -0.8085
vn -0.9138 -0.2589 0.3129
vn -0.2817 -0.3930 0.8753
vn 0.7018 -0.5805 -0.4130
vn 0.3682 0.9177 0.1491
vn -0.7895 0.0549 -0.6113
vn -0.0109 0.0821 -0.9966
vn 0.9432 0.0546 0.3277
vn -0.3971 -0.8776 0.2686
vn -0.5341 0.7436 0.4022
vn 0.1058 0.0236 0.9941
vn 0.4299 -0.8274 -0.3615
vn 0.4385 0.8053 -0.3990
vn -0.9726 -0.0023 -0.2326
vn -0.4310 -0.3177 -0.8446
vn 0.9832 0.1058 -0.1488
vn -0.1586 -0.6693 0.7259
vn -0.3949 0.8788 0.2678
vn 0.5592 0.4402 0.7024
vn 0.3689 -0.9078 -0.1997
vn 0.0109 0.5536 -0.8327
vn -0.9392 -0.0882 0.3319
vn 0.7619 0.0998 -0.6400
vn 0.3439 -0.3351 0.8772
vn -0.6606 -0.6545 -0.3677
vn -0.4445 0.8862 0.1309
vn 0.6817 -0.5718 -0.4564
vn 0.4574 0.7658 0.4521
vn -0.4902 -0.5434 0.6815
vn -0.6486 0.3486 -0.6765
vn -0.7432 0.5275 0.4116
vn 0.8173 0.0762 0.5711
vn 0.2000 0.3574 -0.9123
vn -0.2730 -0.9593 -0.0716
vn -0.3165 0.6076 0.7284
vn -0.0350 -0.9480 0.3164
vn 0.9401 0.2382 -0.2438
vn -0.5887 0.1032 -0.8017
vn 0.8361 -0.5449 -0.0632
vn -0.2166 0.1607 0.9629
vn -0.7522 -0.4957 -0.4342
vn 0.1313 0.8762 -0.4637
vn -0.5815 0.7956 0.1701
vn -0.2463 -0.7358 0.6308
vn 0.9569 0.2543 0.1404
vn -0.1268 -0.3129 -0.9413
vn 0.0288 -0.9313 -0.3631
vn 0.6091 0.0656 0.7904
vn -0.9337 0.2242 0.2790
vn 0.2981 0.6407 -0.7075
vn 0.7541 0.6444 -0.1265
vn -0.3701 0.0975 0.9239
vn 0.3371 -0.9325 -0.1299
vn -0.7204 0.1897 -0.6672
vn -0.6529 -0.7198 0.2358
vn 0.7556 -0.0101 0.6549
vn -0.4570 0.8890 0.0303
vn 0.3534 -0.1598 -0.9217
vn 0.9129 -0.2636 -0.3116
vn 0.0731 0.7730 0.6302
vn -0.4303 -0.7724 0.4671
vn -0.5566 0.2642 -0.7877
vn -0.8767 0.3418 0.3385
vn 0.6223 -0.1427 0.7696
vn 0.3980 0.6661 -0.6308
vn -0.1417 -0.8666 -0.4784
vn -0.1151 -0.7848 0.6090
vn 0.9702 0.2352 -0.0577
vn -0.5123 0.7784 0.3627
vn -0.3405 -0.2300 -0.9117
vn 0.1528 0.2549 -0.9548
vn 0.5459 0.5915 0.5934
vn 0.2704 -0.9526 0.1390
vn -0.9688 0.1073 0.2232
vn 0.7572 -0.5497 -0.3530
vn 0.1657 0.9653 -0.2017
vn -0.0689 -0.1260 0.9896
vn -0.8549 -0.2871 -0.4321
vn 0.0691 -0.0102 -0.9976
vn -0.4121 0.8611 0.2979
vn 0.9139 -0.0872 0.3965
vn -0.5716 -0.7626 0.3027
vn -0.8381 -0.1268 0.5306
vn 0.5810 0.6790 0.4488
vn -0.2371 0.3176 -0.9181
vn 0.4940 -0.8674 -0.0607
vn -0.5904 0.7917 0.1567
vn 0.1561 -0.4736 0.8668
vn 0.8746 0.3066 -0.3757
vn -0.4386 -0.6223 -0.6484
vn 0.0779 0.3091 0.9478
vn -0.9527 -0.2321 -0.1963
vn 0.5755 -0.8063 -0.1368
vn 0.3000 0.7309 -0.6130
vn -0.5938 -0.6296 0.5009
vn -0.1140 0.9262 0.3593
vn -0.2440 -0.0127 -0.9697
vn 0.9525 -0.2832 0.1116
vn -0.9047 0.0897 0.4165
vn 0.6785 -0.1823 0.7117
vn 0.2344 0.8488 -0.4740
vn -0.0059 -0.7565 -0.6539
vn 0.0427 0.5820 0.8121
vn -0.5141 -0.8317 0.2099
vn 0.9267 -0.2470 -0.2831
vn -0.4554 0.4943 -0.7405
vn 0.0373 -0.1939 0.9803
vn -0.8838 0.4119 -0.2219
vn 0.1133 -0.8512 -0.5124
vn 0.7341 0.6328 -0.2462
vn -0.8267 -0.4196 0.3750
vn 0.2562 0.7906 0.5561
vn -0.1753 0.2963 -0.9389
vn 0.7453 -0.6667 0.0076
vn -0.7776 0.4847 0.4005
vn 0.3743 -0.6387 0.6722
vn 0.7062 0.6572 -0.2633
vn -0.3015 -0.5020 -0.8106
vn 0.0645 0.3295 0.9420
vn -0.8432 -0.5259 -0.1115
vn 0.7839 -0.5862 -0.2046
vn -0.0048 0.7816 -0.6237
vn -0.2604 -0.4933 0.8300
vn -0.5371 0.8405 -0.0713
vn -0.1780 -0.5751 -0.7985
vn 0.9739 0.2235 0.0388
vn -0.9345 -0.1652 0.3152
vn 0.5064 0.4962 0.7052
vn -0.0220 0.5432 -0.8393
vn 0.4490 -0.8746 -0.1828
vn -0.6366 0.6468 0.4201
vn 0.0787 -0.8142 0.5752
vn 0.8992 0.4273 -0.0938
vn -0.3389 -0.2626 -0.9034
vn 0.7731 -0.0985 0.6266
vn -0.8535 0.0165 0.5208
vn -0.0165 -0.7717 -0.6358
vn 0.0943 0.8520 -0.5150
s 0
f 2956//3937 2957//3937 2958//3937
f 2956//3938 2958//3938 2959//3938
f 2956//3939 2959//3939 2957//3939
f 2957//3940 2959//3940 2958//3940
f 2957//3941 2962//3941 2960//3941
f 2957//3942 2960//3942 2961//3942
f 2957//3943 2961//3943 2962//3943
f 2962//3944 2961//3944 2960//3944
f 2962//3945 2963//3945 2964//3945
f 2962//3946 2964//3946 2965//3946
f 2962//3947 2965//3947 2963//3947
f 2963//3948 2965//3948 2964//3948
f 2963//3949 2966//3949 2967//3949
f 2963//3950 2967//3950 2968//3950
f 2963//3951 2968//3951 2966//3951
f 2966//3952 2968//3952 2967//3952
f 2966//3953 2969//3953 2970//3953
f 2966//3954 2970//3954 2971//3954
f 2966//3955 2971//3955 2969//3955
f 2969//3956 2971//3956 2970//3956
f 2969//3957 2974//3957 2972//3957
f 2969//3958 2972//3958 2973//3958
f 2969//3959 2973//3959 2974//3959
f 2974//3960 2973//3960 2972//3960
f 2974//3961 2975//3961 2976//3961
f 2974//3962 2976//3962 2977//3962
f 2974//3963 2977//3963 2975//3963
f 2975//3964 2977//3964 2976//3964
f 2975//3965 2978//3965 2979//3965
f 2975//3966 2979//3966 2980//3966
f 2975//3967 2980//3967 2978//3967
f 2978//3968 2980//3968 2979//3968
f 2978//3969 2983//3969 2981//3969
f 2978//3970 2981//3970 2982//3970
f 2978//3971 2982//3971 2983//3971
f 2983//3972 2982//3972 2981//3972
f 2983//3973 2986//3973 2984//3973
f 2983//3974 2984//3974 2985//3974
f 2983//3975 2985//3975 2986//3975
f 2986//3976 2985//3976 2984//3976
f 2986//3977 2989//3977 2987//3977
f 2986//3978 2987//3978 2988//3978
f 2986//3979 2988//3979 2989//3979
f 2989//3980 2988//3980 2987//3980
f 2989//3981 2990//3981 2991//3981
f 2989//3982 2991//3982 2992//3982
f 2989//3983 2992//3983 2990//3983
f 2990//3984 2992//3984 2991//3984
f 2990//3985 2995//3985 2993//3985
f 2990//3986 2993//3986 2994//3986
f 2990//3987 2994//3987 2995//3987
f 2995//3988 2994//3988 2993//3988
f 2995//3989 2998//3989 2996//3989
f 2995//3990 2996//3990 2997//3990
f 2995//3991 2997//3991 2998//3991
f 2998//3992 2997//3992 2996//3992
f 2998//3993 3001//3993 2999//3993
f 2998//3994 2999//3994 3000//3994
f 2998//3995 3000//3995 3001//3995
f 3001//3996 3000//3996 2999//3996
f 3001//3997 3002//3997 3003//3997
f 3001//3998 3003//3998 3004//3998
f 3001//3999 3004//3999 3002//3999
f 3002//4000 3004//4000 3003//4000
f 3002//4001 3007//4001 3005//4001
f 3002//4002 3005//4002 3006//4002
f 3002//4003 3006//4003 3007//4003
f 3007//4004 3006//4004 3005//4004
f 3007//4005 3008//4005 3009//4005
f 3007//4006 3009//4006 3010//4006
f 3007//4007 3010//4007 3008//4007
f 3008//4008 3010//4008 3009//4008
f 3008//4009 3013//4009 3011//4009
f 3008//4010 3011//4010 3012//4010
f 3008//4011 3012//4011 3013//4011
f 3013//4012 3012//4012 3011//4012
f 3013//4013 3016//4013 3014//4013
f 3013//4014 3014//4014 3015//4014
f 3013//4015 3015//4015 3016//4015
f 3016//4016 3015//4016 3014//4016
f 3016//4017 3017//4017 3018//4017
f 3016//4018 3018//4018 3019//4018
f 3016//4019 3019//4019 3017//4019
f 3017//4020 3019//4020 3018//4020
f 3017//4021 3022//4021 3020//4021
f 3017//4022 3020//4022 3021//4022
f 3017//4023 3021//4023 3022//4023
f 3022//4024 3021//4024 3020//4024
f 3022//4025 3023//4025 3024//4025
f 3022//4026 3024//4026 3025//4026
f 3022//4027 3025//4027 3023//4027
f 3023//4028 3025//4028 3024//4028
f 3023//4029 3028//4029 3026//4029
f 3023//4030 3026//4030 3027//4030
f 3023//4031 3027//4031 3028//4031
f 3028//4032 3027//4032 3026//4032
f 3028//4033 3029//4033 3030//4033
f 3028//4034 3030//4034 3031//4034
f 3028//4035 3031//4035 3029//4035
f 3029//4036 3031//4036 3030//4036
f 3029//4037 3034//4037 3032//4037
f 3029//4038 3032//4038 3033//4038
f 3029//4039 3033//4039 3034//4039
f 3034//4040 3033//4040 3032//4040
f 3034//4041 3035//4041 3036//4041
f 3034//4042 3036//4042 3037//4042
f 3034//4043 3037//4043 3035//4043
f 3035//4044 3037//4044 3036//4044
f 3035//4045 3040//4045 3038//4045
f 3035//4046 3038//4046 3039//4046
f 3035//4047 3039//4047 3040//4047
f 3040//4048 3039//4048 3038//4048
f 3040//4049 3043//4049 3041//4049
f 3040//4050 3041//4050 3042//4050
f 3040//4051 3042//4051 3043//4051
f 3043//4052 3042//4052 3041//4052
f 3043//4053 3046//4053 3044//4053
f 3043//4054 3044//4054 3045//4054
f 3043//4055 3045//4055 3046//4055
f 3046//4056 3045//4056 3044//4056
f 3046//4057 3047//4057 3048//4057
f 3046//4058 3048//4058 3049//4058
f 3046//4059 3049//4059 3047//4059
f 3047//4060 3049//4060 3048//4060
f 3047//4061 3050//4061 3051//4061
f 3047//4062 3051//4062 3052//4062
f 3047//4063 3052//4063 3050//4063
f 3050//4064 3052//4064 3051//4064
f 3050//4065 3055//4065 3053//4065
f 3050//4066 3053//4066 3054//4066
f 3050//4067 3054//4067 3055//4067
f 3055//4068 3054//4068 3053//4068
f 3055//4069 3056//4069 3057//4069
f 3055//4070 3057//4070 3058//4070
f 3055//4071 3058//4071 3056//4071
f 3056//4072 3058//4072 3057//4072
f 3056//4073 3061//4073 3059//4073
f 3056//4074 3059//4074 3060//4074
f 3056//4075 3060//4075 3061//4075
f 3061//4076 3060//4076 3059//4076
f 3061//4077 3064//4077 3062//4077
f 3061//4078 3062//4078 3063//4078
f 3061//4079 3063//4079 3064//4079
f 3064//4080 3063//4080 3062//4080
f 3064//4081 3065//4081 3066//4081
f 3064//4082 3066//4082 3067//4082
f 3064//4083 3067//4083 3065//4083
f 3065//4084 3067//4084 3066//4084
f 3065//4085 3068//4085 3069//4085
f 3065//4086 3069//4086 3070//4086
f 3065//4087 3070//4087 3068//4087
f 3068//4088 3070//4088 3069//4088
f 3068//4089 3071//4089 3072//4089
f 3068//4090 3072//4090 3073//4090
f 3068//4091 3073//4091 3071//4091
f 3071//4092 3073//4092 3072//4092
f 3071//4093 3076//4093 3074//4093
f 3071//4094 3074//4094 3075//4094
f 3071//4095 3075//4095 3076//4095
f 3076//4096 3075//4096 3074//4096
f 3076//4097 3077//4097 3078//4097
f 3076//4098 3078//4098 3079//4098
f 3076//4099 3079//4099 3077//4099
f 3077//4100 3079//4100 3078//4100
f 3077//4101 3080//4101 3081//4101
f 3077//4102 3081//4102 3082//4102
f 3077//4103 3082//4103 3080//4103
f 3080//4104 3082//4104 3081//4104
f 3080//4105 3083//4105 3084//4105
f 3080//4106 3084//4106 3085//4106
f 3080//4107 3085//4107 3083//4107
f 3083//4108 3085//4108 3084//4108
f 3083//4109 3086//4109 3087//4109
f 3083//4110 3087//4110 3088//4110
f 3083//4111 3088//4111 3086//4111
f 3086//4112 3088//4112 3087//4112
f 3086//4113 3089//4113 3090//4113
f 3086//4114 3090//4114 3091//4114
f 3086//4115 3091//4115 3089//4115
f 3089//4116 3091//4116 3090//4116
f 3089//4117 3092//4117 3093//4117
f 3089//4118 3093//4118 3094//4118
f 3089//4119 3094//4119 3092//4119
f 3092//4120 3094//4120 3093//4120
f 3092//4121 3097//4121 3095//4121
f 3092//4122 3095//4122 3096//4122
f 3092//4123 3096//4123 3097//4123
f 3097//4124 3096//4124 3095//4124
f 3097//4125 3098//4125 3099//4125
f 3097//4126 3099//4126 3100//4126
f 3097//4127 3100//4127 3098//4127
f 3098//4128 3100//4128 3099//4128
f 3098//4129 3103//4129 3101//4129
f 3098//4130 3101//4130 3102//4130
f 3098//4131 3102//4131 3103//4131
f 3103//4132 3102//4132 3101//4132
f 3103//4133 3104//4133 3105//4133
f 3103//4134 3105//4134 3106//4134
f 3103//4135 3106//4135 3104//4135
f 3104//4136 3106//4136 3105//4136
f 3104//4137 3107//4137 3108//4137
f 3104//4138 3108//4138 3109//4138
f 3104//4139 3109//4139 3107//4139
f 3107//4140 3109//4140 3108//4140
f 3107//4141 3112//4141 3110//4141
f 3107//4142 3110//4142 3111//4142
f 3107//4143 3111//4143 3112//4143
f 3112//4144 3111//4144 3110//4144
f 3112//4145 3113//4145 3114//4145
f 3112//4146 3114//4146 3115//4146
f 3112//4147 3115//4147 3113//4147
f 3113//4148 3115//4148 3114//4148
f 3113//4149 3118//4149 3116//4149
f 3113//4150 3116//4150 3117//4150
f 3113//4151 3117//4151 3118//4151
f 3118//4152 3117//4152 3116//4152
f 3118//4153 3121//4153 3119//4153
f 3118//4154 3119//4154 3120//4154
f 3118//4155 3120//4155 3121//4155
f 3121//4156 3120//4156 3119//4156
f 3121//4157 3124//4157 3122//4157
f 3121//4158 3122//4158 3123//4158
f 3121//4159 3123//4159 3124//4159
f 3124//4160 3123//4160 3122//4160
f 3124//4161 3127//4161 3125//4161
f 3124//4162 3125//4162 3126//4162
f 3124//4163 3126//4163 3127//4163
f 3127//4164 3126//4164 3125//4164
f 3127//4165 3130//4165 3128//4165
f 3127//4166 3128//4166 3129//4166
f 3127//4167 3129//4167 3130//4167
f 3130//4168 3129//4168 3128//4168
f 3130//4169 3133//4169 3131//4169
f 3130//4170 3131//4170 3132//4170
f 3130//4171 3132//4171 3133//4171
f 3133//4172 3132//4172 3131//4172
f 3133//4173 3134//4173 3135//4173
f 3133//4174 3135//4174 3136//4174
f 3133//4175 3136//4175 3134//4175
f 3134//4176 3136//4176 3135//4176
f 3134//4177 3139//4177 3137//4177
f 3134//4178 3137//4178 3138//4178
f 3134//4179 3138//4179 3139//4179
f 3139//4180 3138//4180 3137//4180
f 3139//4181 3140//4181 3141//4181
f 3139//4182 3141//4182 3142//4182
f 3139//4183 3142//4183 3140//4183
f 3140//4184 3142//4184 3141//4184
f 3140//4185 3145//4185 3143//4185
f 3140//4186 3143//4186 3144//4186
f 3140//4187 3144//4187 3145//4187
f 3145//4188 3144//4188 3143//4188
f 3145//4189 3148//4189 3146//4189
f 3145//4190 3146//4190 3147//4190
f 3145//4191 3147//4191 3148//4191
f 3148//4192 3147//4192 3146//4192
f 3148//4193 3151//4193 3149//4193
f 3148//4194 3149//4194 3150//4194
f 3148//4195 3150//4195 3151//4195
f 3151//4196 3150//4196 3149//4196
f 3151//4197 3154//4197 3152//4197
f 3151//4198 3152//4198 3153//4198
f 3151//4199 3153//4199 3154//4199
f 3154//4200 3153//4200 3152//4200
f 3154//4201 3157//4201 3155//4201
f 3154//4202 3155//4202 3156//4202
f 3154//4203 3156//4203 3157//4203
f 3157//4204 3156//4204 3155//4204
f 3157//4205 3158//4205 3159//4205
f 3157//4206 3159//4206 3160//4206
f 3157//4207 3160//4207 3158//4207
f 3158//4208 3160//4208 3159//4208
f 3158//4209 3161//4209 3162//4209
f 3158//4210 3162//4210 3163//4210
f 3158//4211 3163//4211 3161//4211
f 3161//4212 3163//4212 3162//4212
f 3161//4213 3166//4213 3164//4213
f 3161//4214 3164//4214 3165//4214
f 3161//4215 3165//4215 3166//4215
f 3166//4216 3165//4216 3164//4216
f 3166//4217 3169//4217 3167//4217
f 3166//4218 3167//4218 3168//4218
f 3166//4219 3168//4219 3169//4219
f 3169//4220 3168//4220 3167//4220
f 3169//4221 3170//4221 3171//4221
f 3169//4222 3171//4222 3172//4222
f 3169//4223 3172//4223 3170//4223
f 3170//4224 3172//4224 3171//4224
f 3170//4225 3175//4225 3173//4225
f 3170//4226 3173//4226 3174//4226
f 3170//4227 3174//4227 3175//4227
f 3175//4228 3174//4228 3173//4228
f 3175//4229 3178//4229 3176//4229
f 3175//4230 3176//4230 3177//4230
f 3175//4231 3177//4231 3178//4231
f 3178//4232 3177//4232 3176//4232
f 3178//4233 3179//4233 3180//4233
f 3178//4234 3180//4234 3181//4234
f 3178//4235 3181//4235 3179//4235
f 3179//4236 3181//4236 3180//4236
f 3179//4237 3182//4237 3183//4237
f 3179//4238 3183//4238 3184//4238
f 3179//4239 3184//4239 3182//4239
f 3182//4240 3184//4240 3183//4240
f 3182//4241 3187//4241 3185//4241
f 3182//4242 3185//4242 3186//4242
f 3182//4243 3186//4243 3187//4243
f 3187//4244 3186//4244 3185//4244
f 3187//4245 3190//4245 3188//4245
f 3187//4246 3188//4246 3189//4246
f 3187//4247 3189//4247 3190//4247
f 3190//4248 3189//4248 3188//4248
f 3190//4249 3191//4249 3192//4249
f 3190//4250 3192//4250 3193//4250
f 3190//4251 3193//4251 3191//4251
f 3191//4252 3193//4252 3192//4252
f 3191//4253 3196//4253 3194//4253
f 3191//4254 3194//4254 3195//4254
f 3191//4255 3195//4255 3196//4255
f 3196//4256 3195//4256 3194//4256
f 3196//4257 3197//4257 3198//4257
f 3196//4258 3198//4258 3199//4258
f 3196//4259 3199//4259 3197//4259
f 3197//4260 3199//4260 3198//4260
f 3197//4261 3200//4261 3201//4261
f 3197//4262 3201//4262 3202//4262
f 3197//4263 3202//4263 3200//4263
f 3200//4264 3202//4264 3201//4264
f 3200//4265 3203//4265 3204//4265
f 3200//4266 3204//4266 3205//4266
f 3200//4267 3205//4267 3203//4267
f 3203//4268 3205//4268 3204//4268
f 3203//4269 3206//4269 3207//4269
f 3203//4270 3207//4270 3208//4270
f 3203//4271 3208//4271 3206//4271
f 3206//4272 3208//4272 3207//4272
f 3206//4273 3211//4273 3209//4273
f 3206//4274 3209//4274 3210//4274
f 3206//4275 3210//4275 3211//4275
f 3211//4276 3210//4276 3209//4276
f 3211//4277 3214//4277 3212//4277
f 3211//4278 3212//4278 3213//4278
f 3211//4279 3213//4279 3214//4279
f 3214//4280 3213//4280 3212//4280
f 3214//4281 3215//4281 3216//4281
f 3214//4282 3216//4282 3217//4282
f 3214//4283 3217//4283 3215//4283
f 3215//4284 3217//4284 3216//4284
f 3215//4285 3220//4285 3218//4285
f 3215//4286 3218//4286 3219//4286
f 3215//4287 3219//4287 3220//4287
f 3220//4288 3219//4288 3218//4288
f 3220//4289 3223//4289 3221//4289
f 3220//4290 3221//4290 3222//4290
f 3220//4291 3222//4291 3223//4291
f 3223//4292 3222//4292 3221//4292
f 3223//4293 3224//4293 3225//4293
f 3223//4294 3225//4294 3226//4294
f 3223//4295 3226//4295 3224//4295
f 3224//4296 3226//4296 3225//4296
f 3224//4297 3229//4297 3227//4297
f 3224//4298 3227//4298 3228//4298
f 3224//4299 3228//4299 3229//4299
f 3229//4300 3228//4300 3227//4300
f 3229//4301 3230//4301 3231//4301
f 3229//4302 3231//4302 3232//4302
f 3229//4303 3232//4303 3230//4303
f 3230//4304 3232//4304 3231//4304
f 3230//4305 3235//4305 3233//4305
f 3230//4306 3233//4306 3234//4306
f 3230//4307 3234//4307 3235//4307
f 3235//4308 3234//4308 3233//4308
f 3235//4309 3238//4309 3236//4309
f 3235//4310 3236//4310 3237//4310
f 3235//4311 3237//4311 3238//4311
f 3238//4312 3237//4312 3236//4312
f 3238//4313 3239//4313 3240//4313
f 3238//4314 3240//4314 3241//4314
f 3238//4315 3241//4315 3239//4315
f 3239//4316 3241//4316 3240//4316
f 3239//4317 3244//4317 3242//4317
f 3239//4318 3242//4318 3243//4318
f 3239//4319 3243//4319 3244//4319
f 3244//4320 3243//4320 3242//4320
f 3244//4321 3245//4321 3246//4321
f 3244//4322 3246//4322 3247//4322
f 3244//4323 3247//4323 3245//4323
f 3245//4324 3247//4324 3246//4324
f 3245//4325 3250//4325 3248//4325
f 3245//4326 3248//4326 3249//4326
f 3245//4327 3249//4327 3250//4327
f 3250//4328 3249//4328 3248//4328
f 3250//4329 3253//4329 3251//4329
f 3250//4330 3251//4330 3252//4330
f 3250//4331 3252//4331 3253//4331
f 3253//4332 3252//4332 3251//4332
f 3253//4333 3254//4333 3255//4333
f 3253//4334 3255//4334 3256//4334
f 3253//4335 3256//4335 3254//4335
f 3254//4336 3256//4336 3255//4336
f 3254//4337 3259//4337 3257//4337
f 3254//4338 3257//4338 3258//4338
f 3254//4339 3258//4339 3259//4339
f 3259//4340 3258//4340 3257//4340
f 3259//4341 3260//4341 3261//4341
f 3259//4342 3261//4342 3262//4342
f 3259//4343 3262//4343 3260//4343
f 3260//4344 3262//4344 3261//4344
f 3260//4345 3265//4345 3263//4345
f 3260//4346 3263//4346 3264//4346
f 3260//4347 3264//4347 3265//4347
f 3265//4348 3264//4348 3263//4348
f 3265//4349 3266//4349 3267//4349
f 3265//4350 3267//4350 3268//4350
f 3265//4351 3268//4351 3266//4351
f 3266//4352 3268//4352 3267//4352
f 3266//4353 3269//4353 3270//4353
f 3266//4354 3270//4354 3271//4354
f 3266//4355 3271//4355 3269//4355
f 3269//4356 3271//4356 3270//4356
f 3269//4357 3274//4357 3272//4357
f 3269//4358 3272//4358 3273//4358
f 3269//4359 3273//4359 3274//4359
f 3274//4360 3273//4360 3272//4360
f 3274//4361 3277//4361 3275//4361
f 3274//4362 3275//4362 3276//4362
f 3274//4363 3276//4363 3277//4363
f 3277//4364 3276//4364 3275//4364
f 3277//4365 3280//4365 3278//4365
f 3277//4366 3278//4366 3279//4366
f 3277//4367 3279//4367 3280//4367
f 3280//4368 3279//4368 3278//4368
f 3280//4369 3283//4369 3281//4369
f 3280//4370 3281//4370 3282//4370
f 3280//4371 3282//4371 3283//4371
f 3283//4372 3282//4372 3281//4372
f 3283//4373 3286//4373 3284//4373
f 3283//4374 3284//4374 3285//4374
f 3283//4375 3285//4375 3286//4375
f 3286//4376 3285//4376 3284//4376
f 3286//4377 3289//4377 3287//4377
f 3286//4378 3287//4378 3288//4378
f 3286//4379 3288//4379 3289//4379
f 3289//4380 3288//4380 3287//4380
f 3289//4381 3292//4381 3290//4381
f 3289//4382 3290//4382 3291//4382
f 3289//4383 3291//4383 3292//4383
f 3292//4384 3291//4384 3290//4384
f 3292//4385 3295//4385 3293//4385
f 3292//4386 3293//4386 3294//4386
f 3292//4387 3294//4387 3295//4387
f 3295//4388 3294//4388 3293//4388
f 3295//4389 3296//4389 3297//4389
f 3295//4390 3297//4390 3298//4390
f 3295//4391 3298//4391 3296//4391
f 3296//4392 3298//4392 3297//4392
f 3296//4393 3299//4393 3300//4393
f 3296//4394 3300//4394 3301//4394
f 3296//4395 3301//4395 3299//4395
f 3299//4396 3301//4396 3300//4396
f 3299//4397 3304//4397 3302//4397
f 3299//4398 3302//4398 3303//4398
f 3299//4399 3303//4399 3304//4399
f 3304//4400 3303//4400 3302//4400
f 3304//4401 3307//4401 3305//4401
f 3304//4402 3305//4402 3306//4402
f 3304//4403 3306//4403 3307//4403
f 3307//4404 3306//4404 3305//4404
f 3307//4405 3308//4405 3309//4405
f 3307//4406 3309//4406 3310//4406
f 3307//4407 3310//4407 3308//4407
f 3308//4408 3310//4408 3309//4408
f 3308//4409 3313//4409 3311//4409
f 3308//4410 3311//4410 3312//4410
f 3308//4411 3312//4411 3313//4411
f 3313//4412 3312//4412 3311//4412
f 3313//4413 3314//4413 3315//4413
f 3313//4414 3315//4414 3316//4414
f 3313//4415 3316//4415 3314//4415
f 3314//4416 3316//4416 3315//4416
f 3314//4417 3317//4417 3318//4417
f 3314//4418 3318//4418 3319//4418
f 3314//4419 3319//4419 3317//4419
f 3317//4420 3319//4420 3318//4420
f 3317//4421 3322//4421 3320//4421
f 3317//4422 3320//4422 3321//4422
f 3317//4423 3321//4423 3322//4423
f 3322//4424 3321//4424 3320//4424
f 3322//4425 3323//4425 3324//4425
f 3322//4426 3324//4426 3325//4426
f 3322//4427 3325//4427 3323//4427
f 3323//4428 3325//4428 3324//4428
f 3323//4429 3328//4429 3326//4429
f 3323//4430 3326//4430 3327//4430
f 3323//4431 3327//4431 3328//4431
f 3328//4432 3327//4432 3326//4432
f 3328//4433 3329//4433 3330//4433
f 3328//4434 3330//4434 3331//4434
f 3328//4435 3331//4435 3329//4435
f 3329//4436 3331//4436 3330//4436
f 3329//4437 3334//4437 3332//4437
f 3329//4438 3332//4438 3333//4438
f 3329//4439 3333//4439 3334//4439
f 3334//4440 3333//4440 3332//4440
f 3334//4441 3335//4441 3336//4441
f 3334//4442 3336//4442 3337//4442
f 3334//4443 3337//4443 3335//4443
f 3335//4444 3337//4444 3336//4444
f 3335//4445 3340//4445 3338//4445
f 3335//4446 3338//4446 3339//4446
f 3335//4447 3339//4447 3340//4447
f 3340//4448 3339//4448 3338//4448
f 3340//4449 3341//4449 3342//4449
f 3340//4450 3342//4450 3343//4450
f 3340//4451 3343//4451 3341//4451
f 3341//4452 3343//4452 3342//4452
f 3341//4453 3344//4453 3345//4453
f 3341//4454 3345//4454 3346//4454
f 3341//4455 3346//4455 3344//4455
f 3344//4456 3346//4456 3345//4456
f 3344//4457 3347//4457 3348//4457
f 3344//4458 3348//4458 3349//4458
f 3344//4459 3349//4459 3347//4459
f 3347//4460 3349//4460 3348//4460
f 3347//4461 3350//4461 3351//4461
f 3347//4462 3351//4462 3352//4462
f 3347//4463 3352//4463 3350//4463
f 3350//4464 3352//4464 3351//4464
f 3350//4465 3355//4465 3353//4465
f 3350//4466 3353//4466 3354//4466
f 3350//4467 3354//4467 3355//4467
f 3355//4468 3354//4468 3353//4468
f 3355//4469 3358//4469 3356//4469
f 3355//4470 3356//4470 3357//4470
f 3355//4471 3357//4471 3358//4471
f 3358//4472 3357//4472 3356//4472
f 3358//4473 3359//4473 3360//4473
f 3358//4474 3360//4474 3361//4474
f 3358//4475 3361//4475 3359//4475
f 3359//4476 3361//4476 3360//4476
f 3359//4477 3364//4477 3362//4477
f 3359//4478 3362//4478 3363//4478
f 3359//4479 3363//4479 3364//4479
f 3364//4480 3363//4480 3362//4480
f 3364//4481 3365//4481 3366//4481
f 3364//4482 3366//4482 3367//4482
f 3364//4483 3367//4483 3365//4483
f 3365//4484 3367//4484 3366//4484
f 3365//4485 3368//4485 3369//4485
f 3365//4486 3369//4486 3370//4486
f 3365//4487 3370//4487 3368//4487
f 3368//4488 3370//4488 3369//4488
f 3368//4489 3371//4489 3372//4489
f 3368//4490 3372//4490 3373//4490
f 3368//4491 3373//4491 3371//4491
f 3371//4492 3373//4492 3372//4492
f 3371//4493 3374//4493 3375//4493
f 3371//4494 3375//4494 3376//4494
f 3371//4495 3376//4495 3374//4495
f 3374//4496 3376//4496 3375//4496
f 3374//4497 3379//4497 3377//4497
f 3374//4498 3377//4498 3378//4498
f 3374//4499 3378//4499 3379//4499
f 3379//4500 3378//4500 3377//4500
f 3379//4501 3382//4501 3380//4501
f 3379//4502 3380//4502 3381//4502
f 3379//4503 3381//4503 3382//4503
f 3382//4504 3381//4504 3380//4504
f 3382//4505 3383//4505 3384//4505
f 3382//4506 3384//4506 3385//4506
f 3382//4507 3385//4507 3383//4507
f 3383//4508 3385//4508 3384//4508
f 3383//4509 3388//4509 3386//4509
f 3383//4510 3386//4510 3387//4510
f 3383//4511 3387//4511 3388//4511
f 3388//4512 3387//4512 3386//4512
f 3388//4513 3391//4513 3389//4513
f 3388//4514 3389//4514 3390//4514
f 3388//4515 3390//4515 3391//4515
f 3391//4516 3390//4516 3389//4516
f 3391//4517 3392//4517 3393//4517
f 3391//4518 3393//4518 3394//4518
f 3391//4519 3394//4519 3392//4519
f 3392//4520 3394//4520 3393//4520
f 3392//4521 3397//4521 3395//4521
f 3392//4522 3395//4522 3396//4522
f 3392//4523 3396//4523 3397//4523
f 3397//4524 3396//4524 3395//4524
f 3397//4525 3398//4525 3399//4525
f 3397//4526 3399//4526 3400//4526
f 3397//4527 3400//4527 3398//4527
f 3398//4528 3400//4528 3399//4528
f 3398//4529 3403//4529 3401//4529
f 3398//4530 3401//4530 3402//4530
f 3398//4531 3402//4531 3403//4531
f 3403//4532 3402//4532 3401//4532
f 3403//4533 3404//4533 3405//4533
f 3403//4534 3405//4534 3406//4534
f 3403//4535 3406//4535 3404//4535
f 3404//4536 3406//4536 3405//4536
f 3404//4537 3409//4537 3407//4537
f 3404//4538 3407//4538 3408//4538
f 3404//4539 3408//4539 3409//4539
f 3409//4540 3408//4540 3407//4540
f 3409//4541 3412//4541 3410//4541
f 3409//4542 3410//4542 3411//4542
f 3409//4543 3411//4543 3412//4543
f 3412//4544 3411//4544 3410//4544
f 3412//4545 3415//4545 3413//4545
f 3412//4546 3413//4546 3414//4546
f 3412//4547 3414//4547 3415//4547
f 3415//4548 3414//4548 3413//4548
f 3415//4549 3416//4549 3417//4549
f 3415//4550 3417//4550 3418//4550
f 3415//4551 3418//4551 3416//4551
f 3416//4552 3418//4552 3417//4552
f 3416//4553 3419//4553 3420//4553
f 3416//4554 3420//4554 3421//4554
f 3416//4555 3421//4555 3419//4555
f 3419//4556 3421//4556 3420//4556
f 3419//4557 3422//4557 3423//4557
f 3419//4558 3423//4558 3424//4558
f 3419//4559 3424//4559 3422//4559
f 3422//4560 3424//4560 3423//4560
f 3422//4561 3427//4561 3425//4561
f 3422//4562 3425//4562 3426//4562
f 3422//4563 3426//4563 3427//4563
f 3427//4564 3426//4564 3425//4564
f 3427//4565 3430//4565 3428//4565
f 3427//4566 3428//4566 3429//4566
f 3427//4567 3429//4567 3430//4567
f 3430//4568 3429//4568 3428//4568
f 3430//4569 3431//4569 3432//4569
f 3430//4570 3432//4570 3433//4570
f 3430//4571 3433//4571 3431//4571
f 3431//4572 3433//4572 3432//4572
f 3431//4573 3436//4573 3434//4573
f 3431//4574 3434//4574 3435//4574
f 3431//4575 3435//4575 3436//4575
f 3436//4576 3435//4576 3434//4576
f 3436//4577 3439//4577 3437//4577
f 3436//4578 3437//4578 3438//4578
f 3436//4579 3438//4579 3439//4579
f 3439//4580 3438//4580 3437//4580
f 3439//4581 3442//4581 3440//4581
f 3439//4582 3440//4582 3441//4582
f 3439//4583 3441//4583 3442//4583
f 3442//4584 3441//4584 3440//4584
f 3442//4585 3443//4585 3444//4585
f 3442//4586 3444//4586 3445//4586
f 3442//4587 3445//4587 3443//4587
f 3443//4588 3445//4588 3444//4588
f 3443//4589 3446//4589 3447//4589
f 3443//4590 3447//4590 3448//4590
f 3443//4591 3448//4591 3446//4591
f 3446//4592 3448//4592 3447//4592
f 3446//4593 3449//4593 3450//4593
f 3446//4594 3450//4594 3451//4594
f 3446//4595 3451//4595 3449//4595
f 3449//4596 3451//4596 3450//4596
f 3449//4597 3452//4597 3453//4597
f 3449//4598 3453//4598 3454//4598
f 3449//4599 3454//4599 3452//4599
f 3452//4600 3454//4600 3453//4600
f 3452//4601 3457//4601 3455//4601
f 3452//4602 3455//4602 3456//4602
f 3452//4603 3456//4603 3457//4603
f 3457//4604 3456//4604 3455//4604
f 3457//4605 3458//4605 3459//4605
f 3457//4606 3459//4606 3460//4606
f 3457//4607 3460//4607 3458//4607
f 3458//4608 3460//4608 3459//4608
f 3458//4609 3463//4609 3461//4609
f 3458//4610 3461//4610 3462//4610
f 3458//4611 3462//4611 3463//4611
f 3463//4612 3462//4612 3461//4612
f 3463//4613 3466//4613 3464//4613
f 3463//4614 3464//4614 3465//4614
f 3463//4615 3465//4615 3466//4615
f 3466//4616 3465//4616 3464//4616
f 3466//4617 3469//4617 3467//4617
f 3466//4618 3467//4618 3468//4618
f 3466//4619 3468//4619 3469//4619
f 3469//4620 3468//4620 3467//4620
f 3469//4621 3472//4621 3470//4621
f 3469//4622 3470//4622 3471//4622
f 3469//4623 3471//4623 3472//4623
f 3472//4624 3471//4624 3470//4624
f 3472//4625 3475//4625 3473//4625
f 3472//4626 3473//4626 3474//4626
f 3472//4627 3474//4627 3475//4627
f 3475//4628 3474//4628 3473//4628
f 3475//4629 3478//4629 3476//4629
f 3475//4630 3476//4630 3477//4630
f 3475//4631 3477//4631 3478//4631
f 3478//4632 3477//4632 3476//4632
f 3478//4633 3479//4633 3480//4633
f 3478//4634 3480//4634 3481//4634
f 3478//4635 3481//4635 3479//4635
f 3479//4636 3481//4636 3480//4636
f 3479//4637 3484//4637 3482//4637
f 3479//4638 3482//4638 3483//4638
f 3479//4639 3483//4639 3484//4639
f 3484//4640 3483//4640 3482//4640
f 3484//4641 3485//4641 3486//4641
f 3484//4642 3486//4642 3487//4642
f 3484//4643 3487//4643 3485//4643
f 3485//4644 3487//4644 3486//4644
f 3485//4645 3490//4645 3488//4645
f 3485//4646 3488//4646 3489//4646
f 3485//4647 3489//4647 3490//4647
f 3490//4648 3489//4648 3488//4648
f 3490//4649 3491//4649 3492//4649
f 3490//4650 3492//4650 3493//4650
f 3490//4651 3493//4651 3491//4651
f 3491//4652 3493//4652 3492//4652
f 3491//4653 3494//4653 3495//4653
f 3491//4654 3495//4654 3496//4654
f 3491//4655 3496//4655 3494//4655
f 3494//4656 3496//4656 3495//4656
f 3494//4657 3499//4657 3497//4657
f 3494//4658 3497//4658 3498//4658
f 3494//4659 3498//4659 3499//4659
f 3499//4660 3498//4660 3497//4660
f 3499//4661 3502//4661 3500//4661
f 3499//4662 3500//4662 3501//4662
f 3499//4663 3501//4663 3502//4663
f 3502//4664 3501//4664 3500//4664
f 3502//4665 3503//4665 3504//4665
f 3502//4666 3504//4666 3505//4666
f 3502//4667 3505//4667 3503//4667
f 3503//4668 3505//4668 3504//4668
f 3503//4669 3506//4669 3507//4669
f 3503//4670 3507//4670 3508//4670
f 3503//4671 3508//4671 3506//4671
f 3506//4672 3508//4672 3507//4672
f 3506//4673 3511//4673 3509//4673
f 3506//4674 3509//4674 3510//4674
f 3506//4675 3510//4675 3511//4675
f 3511//4676 3510//4676 3509//4676
f 3511//4677 3514//4677 3512//4677
f 3511//4678 3512//4678 3513//4678
f 3511//4679 3513//4679 3514//4679
f 3514//4680 3513//4680 3512//4680
f 3514//4681 3515//4681 3516//4681
f 3514//4682 3516//4682 3517//4682
f 3514//4683 3517//4683 3515//4683
f 3515//4684 3517//4684 3516//4684
f 3515//4685 3518//4685 3519//4685
f 3515//4686 3519//4686 3520//4686
f 3515//4687 3520//4687 3518//4687
f 3518//4688 3520//4688 3519//4688
f 3518//4689 3521//4689 3522//4689
f 3518//4690 3522//4690 3523//4690
f 3518//4691 3523//4691 3521//4691
f 3521//4692 3523//4692 3522//4692
f 3521//4693 3524//4693 3525//4693
f 3521//4694 3525//4694 3526//4694
f 3521//4695 3526//4695 3524//4695
f 3524//4696 3526//4696 3525//4696
f 3524//4697 3527//4697 3528//4697
f 3524//4698 3528//4698 3529//4698
f 3524//4699 3529//4699 3527//4699
f 3527//4700 3529//4700 3528//4700
f 3527//4701 3530//4701 3531//4701
f 3527//4702 3531//4702 3532//4702
f 3527//4703 3532//4703 3530//4703
f 3530//4704 3532//4704 3531//4704
f 3530//4705 3533//4705 3534//4705
f 3530//4706 3534//4706 3535//4706
f 3530//4707 3535//4707 3533//4707
f 3533//4708 3535//4708 3534//4708
f 3533//4709 3536//4709 3537//4709
f 3533//4710 3537//4710 3538//4710
f 3533//4711 3538//4711 3536//4711
f 3536//4712 3538//4712 3537//4712
f 3536//4713 3539//4713 3540//4713
f 3536//4714 3540//4714 3541//4714
f 3536//4715 3541//4715 3539//4715
f 3539//4716 3541//4716 3540//4716
f 3539//4717 3544//4717 3542//4717
f 3539//4718 3542//4718 3543//4718
f 3539//4719 3543//4719 3544//4719
f 3544//4720 3543//4720 3542//4720
f 3544//4721 3547//4721 3545//4721
f 3544//4722 3545//4722 3546//4722
f 3544//4723 3546//4723 3547//4723
f 3547//4724 3546//4724 3545//4724
f 3547//4725 3548//4725 3549//4725
f 3547//4726 3549//4726 3550//4726
f 3547//4727 3550//4727 3548//4727
f 3548//4728 3550//4728 3549//4728
f 3548//4729 3551//4729 3552//4729
f 3548//4730 3552//4730 3553//4730
f 3548//4731 3553//4731 3551//4731
f 3551//4732 3553//4732 3552//4732
f 3551//4733 3556//4733 3554//4733
f 3551//4734 3554//4734 3555//4734
f 3551//4735 3555//4735 3556//4735
f 3556//4736 3555//4736 3554//4736
f 3556//4737 3559//4737 3557//4737
f 3556//4738 3557//4738 3558//4738
f 3556//4739 3558//4739 3559//4739
f 3559//4740 3558//4740 3557//4740
f 3559//4741 3560//4741 3561//4741
f 3559//4742 3561//4742 3562//4742
f 3559//4743 3562//4743 3560//4743
f 3560//4744 3562//4744 3561//4744
f 3560//4745 3563//4745 3564//4745
f 3560//4746 3564//4746 3565//4746
f 3560//4747 3565//4747 3563//4747
f 3563//4748 3565//4748 3564//4748
f 3563//4749 3568//4749 3566//4749
f 3563//4750 3566//4750 3567//4750
f 3563//4751 3567//4751 3568//4751
f 3568//4752 3567//4752 3566//4752
f 3568//4753 3571//4753 3569//4753
f 3568//4754 3569//4754 3570//4754
f 3568//4755 3570//4755 3571//4755
f 3571//4756 3570//4756 3569//4756
f 3571//4757 3572//4757 3573//4757
f 3571//4758 3573//4758 3574//4758
f 3571//4759 3574//4759 3572//4759
f 3572//4760 3574//4760 3573//4760
f 3572//4761 3575//4761 3576//4761
f 3572//4762 3576//4762 3577//4762
f 3572//4763 3577//4763 3575//4763
f 3575//4764 3577//4764 3576//4764
f 3575//4765 3580//4765 3578//4765
f 3575//4766 3578//4766 3579//4766
f 3575//4767 3579//4767 3580//4767
f 3580//4768 3579//4768 3578//4768
f 3580//4769 3581//4769 3582//4769
f 3580//4770 3582//4770 3583//4770
f 3580//4771 3583//4771 3581//4771
f 3581//4772 3583//4772 3582//4772
f 3581//4773 3586//4773 3584//4773
f 3581//4774 3584//4774 3585//4774
f 3581//4775 3585//4775 3586//4775
f 3586//4776 3585//4776 3584//4776
f 3586//4777 3589//4777 3587//4777
f 3586//4778 3587//4778 3588//4778
f 3586//4779 3588//4779 3589//4779
f 3589//4780 3588//4780 3587//4780
f 3589//4781 3592//4781 3590//4781
f 3589//4782 3590//4782 3591//4782
f 3589//4783 3591//4783 3592//4783
f 3592//4784 3591//4784 3590//4784
f 3592//4785 3593//4785 3594//4785
f 3592//4786 3594//4786 3595//4786
f 3592//4787 3595//4787 3593//4787
f 3593//4788 3595//4788 3594//4788
f 3593//4789 3596//4789 3597//4789
f 3593//4790 3597//4790 3598//4790
f 3593//4791 3598//4791 3596//4791
f 3596//4792 3598//4792 3597//4792
f 3596//4793 3601//4793 3599//4793
f 3596//4794 3599//4794 3600//4794
f 3596//4795 3600//4795 3601//4795
f 3601//4796 3600//4796 3599//4796
f 3601//4797 3602//4797 3603//4797
f 3601//4798 3603//4798 3604//4798
f 3601//4799 3604//4799 3602//4799
f 3602//4800 3604//4800 3603//4800
f 3602//4801 3605//4801 3606//4801
f 3602//4802 3606//4802 3607//4802
f 3602//4803 3607//4803 3605//4803
f 3605//4804 3607//4804 3606//4804
f 3605//4805 3608//4805 3609//4805
f 3605//4806 3609//4806 3610//4806
f 3605//4807 3610//4807 3608//4807
f 3608//4808 3610//4808 3609//4808
f 3608//4809 3613//4809 3611//4809
f 3608//4810 3611//4810 3612//4810
f 3608//4811 3612//4811 3613//4811
f 3613//4812 3612//4812 3611//4812
f 3613//4813 3614//4813 3615//4813
f 3613//4814 3615//4814 3616//4814
f 3613//4815 3616//4815 3614//4815
f 3614//4816 3616//4816 3615//4816
f 3614//4817 3617//4817 3618//4817
f 3614//4818 3618//4818 3619//4818
f 3614//4819 3619//4819 3617//4819
f 3617//4820 3619//4820 3618//4820
f 3617//4821 3620//4821 3621//4821
f 3617//4822 3621//4822 3622//4822
f 3617//4823 3622//4823 3620//4823
f 3620//4824 3622//4824 3621//4824
f 3620//4825 3623//4825 3624//4825
f 3620//4826 3624//4826 3625//4826
f 3620//4827 3625//4827 3623//4827
f 3623//4828 3625//4828 3624//4828
f 3623//4829 3626//4829 3627//4829
f 3623//4830 3627//4830 3628//4830
f 3623//4831 3628//4831 3626//4831
f 3626//4832 3628//4832 3627//4832
f 3626//4833 3631//4833 3629//4833
f 3626//4834 3629//4834 3630//4834
f 3626//4835 3630//4835 3631//4835
f 3631//4836 3630//4836 3629//4836
f 3631//4837 3632//4837 3633//4837
f 3631//4838 3633//4838 3634//4838
f 3631//4839 3634//4839 3632//4839
f 3632//4840 3634//4840 3633//4840
f 3632//4841 3635//4841 3636//4841
f 3632//4842 3636//4842 3637//4842
f 3632//4843 3637//4843 3635//4843
f 3635//4844 3637//4844 3636//4844
f 3635//4845 3638//4845 3639//4845
f 3635//4846 3639//4846 3640//4846
f 3635//4847 3640//4847 3638//4847
f 3638//4848 3640//4848 3639//4848
f 3638//4849 3641//4849 3642//4849
f 3638//4850 3642//4850 3643//4850
f 3638//4851 3643//4851 3641//4851
f 3641//4852 3643//4852 3642//4852
f 3641//4853 3644//4853 3645//4853
f 3641//4854 3645//4854 3646//4854
f 3641//4855 3646//4855 3644//4855
f 3644//4856 3646//4856 3645//4856
f 3644//4857 3649//4857 3647//4857
f 3644//4858 3647//4858 3648//4858
f 3644//4859 3648//4859 3649//4859
f 3649//4860 3648//4860 3647//4860
f 3649//4861 3652//4861 3650//4861
f 3649//4862 3650//4862 3651//4862
f 3649//4863 3651//4863 3652//4863
f 3652//4864 3651//4864 3650//4864
f 3652//4865 3653//4865 3654//4865
f 3652//4866 3654//4866 3655//4866
f 3652//4867 3655//4867 3653//4867
f 3653//4868 3655//4868 3654//4868
f 3653//4869 3656//4869 3657//4869
f 3653//4870 3657//4870 3658//4870
f 3653//4871 3658//4871 3656//4871
f 3656//4872 3658//4872 3657//4872
f 3656//4873 3661//4873 3659//4873
f 3656//4874 3659//4874 3660//4874
f 3656//4875 3660//4875 3661//4875
f 3661//4876 3660//4876 3659//4876
f 3661//4877 3664//4877 3662//4877
f 3661//4878 3662//4878 3663//4878
f 3661//4879 3663//4879 3664//4879
f 3664//4880 3663//4880 3662//4880
f 3664//4881 3665//4881 3666//4881
f 3664//4882 3666//4882 3667//4882
f 3664//4883 3667//4883 3665//4883
f 3665//4884 3667//4884 3666//4884
f 3665//4885 3670//4885 3668//4885
f 3665//4886 3668//4886 3669//4886
f 3665//4887 3669//4887 3670//4887
f 3670//4888 3669//4888 3668//4888
f 3670//4889 3673//4889 3671//4889
f 3670//4890 3671//4890 3672//4890
f 3670//4891 3672//4891 3673//4891
f 3673//4892 3672//4892 3671//4892
f 3673//4893 3674//4893 3675//4893
f 3673//4894 3675//4894 3676//4894
f 3673//4895 3676//4895 3674//4895
f 3674//4896 3676//4896 3675//4896
f 3674//4897 3677//4897 3678//4897
f 3674//4898 3678//4898 3679//4898
f 3674//4899 3679//4899 3677//4899
f 3677//4900 3679//4900 3678//4900
f 3677//4901 3680//4901 3681//4901
f 3677//4902 3681//4902 3682//4902
f 3677//4903 3682//4903 3680//4903
f 3680//4904 3682//4904 3681//4904
f 3680//4905 3683//4905 3684//4905
f 3680//4906 3684//4906 3685//4906
f 3680//4907 3685//4907 3683//4907
f 3683//4908 3685//4908 3684//4908
f 3683//4909 3688//4909 3686//4909
f 3683//4910 3686//4910 3687//4910
f 3683//4911 3687//4911 3688//4911
f 3688//4912 3687//4912 3686//4912
f 3688//4913 3689//4913 3690//4913
f 3688//4914 3690//4914 3691//4914
f 3688//4915 3691//4915 3689//4915
f 3689//4916 3691//4916 3690//4916
f 3689//4917 3692//4917 3693//4917
f 3689//4918 3693//4918 3694//4918
f 3689//4919 3694//4919 3692//4919
f 3692//4920 3694//4920 3693//4920
f 3692//4921 3695//4921 3696//4921
f 3692//4922 3696//4922 3697//4922
f 3692//4923 3697//4923 3695//4923
f 3695//4924 3697//4924 3696//4924
f 3695//4925 3698//4925 3699//4925
f 3695//4926 3699//4926 3700//4926
f 3695//4927 3700//4927 3698//4927
f 3698//4928 3700//4928 3699//4928
f 3698//4929 3701//4929 3702//4929
f 3698//4930 3702//4930 3703//4930
f 3698//4931 3703//4931 3701//4931
f 3701//4932 3703//4932 3702//4932
f 3701//4933 3706//4933 3704//4933
f 3701//4934 3704//4934 3705//4934
f 3701//4935 3705//4935 3706//4935
f 3706//4936 3705//4936 3704//4936
f 3706//4937 3709//4937 3707//4937
f 3706//4938 3707//4938 3708//4938
f 3706//4939 3708//4939 3709//4939
f 3709//4940 3708//4940 3707//4940
f 3709//4941 3712//4941 3710//4941
f 3709//4942 3710//4942 3711//4942
f 3709//4943 3711//4943 3712//4943
f 3712//4944 3711//4944 3710//4944
f 3712//4945 3715//4945 3713//4945
f 3712//4946 3713//4946 3714//4946
f 3712//4947 3714//4947 3715//4947
f 3715//4948 3714//4948 3713//4948
f 3715//4949 3718//4949 3716//4949
f 3715//4950 3716//4950 3717//4950
f 3715//4951 3717//4951 3718//4951
f 3718//4952 3717//4952 3716//4952
f 3718//4953 3719//4953 3720//4953
f 3718//4954 3720//4954 3721//4954
f 3718//4955 3721//4955 3719//4955
f 3719//4956 3721//4956 3720//4956
f 3719//4957 3724//4957 3722//4957
f 3719//4958 3722//4958 3723//4958
f 3719//4959 3723//4959 3724//4959
f 3724//4960 3723//4960 3722//4960
f 3724//4961 3725//4961 3726//4961
f 3724//4962 3726//4962 3727//4962
f 3724//4963 3727//4963 3725//4963
f 3725//4964 3727//4964 3726//4964
f 3725//4965 3728//4965 3729//4965
f 3725//4966 3729//4966 3730//4966
f 3725//4967 3730//4967 3728//4967
f 3728//4968 3730//4968 3729//4968
f 3728//4969 3733//4969 3731//4969
f 3728//4970 3731//4970 3732//4970
f 3728//4971 3732//4971 3733//4971
f 3733//4972 3732//4972 3731//4972
f 3733//4973 3736//4973 3734//4973
f 3733//4974 3734//4974 3735//4974
f 3733//4975 3735//4975 3736//4975
f 3736//4976 3735//4976 3734//4976
f 3736//4977 3739//4977 3737//4977
f 3736//4978 3737//4978 3738//4978
f 3736//4979 3738//4979 3739//4979
f 3739//4980 3738//4980 3737//4980
f 3739//4981 3742//4981 3740//4981
f 3739//4982 3740//4982 3741//4982
f 3739//4983 3741//4983 3742//4983
f 3742//4984 3741//4984 3740//4984
f 3742//4985 3745//4985 3743//4985
f 3742//4986 3743//4986 3744//4986
f 3742//4987 3744//4987 3745//4987
f 3745//4988 3744//4988 3743//4988
f 3745//4989 3746//4989 3747//4989
f 3745//4990 3747//4990 3748//4990
f 3745//4991 3748//4991 3746//4991
f 3746//4992 3748//4992 3747//4992
f 3746//4993 3749//4993 3750//4993
f 3746//4994 3750//4994 3751//4994
f 3746//4995 3751//4995 3749//4995
f 3749//4996 3751//4996 3750//4996
f 3749//4997 3752//4997 3753//4997
f 3749//4998 3753//4998 3754//4998
f 3749//4999 3754//4999 3752//4999
f 3752//5000 3754//5000 3753//5000
f 3752//5001 3757//5001 3755//5001
f 3752//5002 3755//5002 3756//5002
f 3752//5003 3756//5003 3757//5003
f 3757//5004 3756//5004 3755//5004
f 3757//5005 3760//5005 3758//5005
f 3757//5006 3758//5006 3759//5006
f 3757//5007 3759//5007 3760//5007
f 3760//5008 3759//5008 3758//5008
f 3760//5009 3761//5009 3762//5009
f 3760//5010 3762//5010 3763//5010
f 3760//5011 3763//5011 3761//5011
f 3761//5012 3763//5012 3762//5012
f 3761//5013 3764//5013 3765//5013
f 3761//5014 3765//5014 3766//5014
f 3761//5015 3766//5015 3764//5015
f 3764//5016 3766//5016 3765//5016
f 3764//5017 3769//5017 3767//5017
f 3764//5018 3767//5018 3768//5018
f 3764//5019 3768//5019 3769//5019
f 3769//5020 3768//5020 3767//5020
f 3769//5021 3772//5021 3770//5021
f 3769//5022 3770//5022 3771//5022
f 3769//5023 3771//5023 3772//5023
f 3772//5024 3771//5024 3770//5024
f 3772//5025 3773//5025 3774//5025
f 3772//5026 3774//5026 3775//5026
f 3772//5027 3775//5027 3773//5027
f 3773//5028 3775//5028 3774//5028
f 3773//5029 3778//5029 3776//5029
f 3773//5030 3776//5030 3777//5030
f 3773//5031 3777//5031 3778//5031
f 3778//5032 3777//5032 3776//5032
f 3778//5033 3779//5033 3780//5033
f 3778//5034 3780//5034 3781//5034
f 3778//5035 3781//5035 3779//5035
f 3779//5036 3781//5036 3780//5036
f 3779//5037 3782//5037 3783//5037
f 3779//5038 3783//5038 3784//5038
f 3779//5039 3784//5039 3782//5039
f 3782//5040 3784//5040 3783//5040
f 3782//5041 3785//5041 3786//5041
f 3782//5042 3786//5042 3787//5042
f 3782//5043 3787//5043 3785//5043
f 3785//5044 3787//5044 3786//5044
f 3785//5045 3790//5045 3788//5045
f 3785//5046 3788//5046 3789//5046
f 3785//5047 3789//5047 3790//5047
f 3790//5048 3789//5048 3788//5048
f 3790//5049 3791//5049 3792//5049
f 3790//5050 3792//5050 3793//5050
f 3790//5051 3793//5051 3791//5051
f 3791//5052 3793//5052 3792//5052
f 3791//5053 3796//5053 3794//5053
f 3791//5054 3794//5054 3795//5054
f 3791//5055 3795//5055 3796//5055
f 3796//5056 3795//5056 3794//5056
f 3796//5057 3797//5057 3798//5057
f 3796//5058 3798//5058 3799//5058
f 3796//5059 3799//5059 3797//5059
f 3797//5060 3799//5060 3798//5060
f 3797//5061 3802//5061 3800//5061
f 3797//5062 3800//5062 3801//5062
f 3797//5063 3801//5063 3802//5063
f 3802//5064 3801//5064 3800//5064
f 3802//5065 3805//5065 3803//5065
f 3802//5066 3803//5066 3804//5066
f 3802//5067 3804//5067 3805//5067
f 3805//5068 3804//5068 3803//5068
f 3805//5069 3806//5069 3807//5069
f 3805//5070 3807//5070 3808//5070
f 3805//5071 3808//5071 3806//5071
f 3806//5072 3808//5072 3807//5072
f 3806//5073 3809//5073 3810//5073
f 3806//5074 3810//5074 3811//5074
f 3806//5075 3811//5075 3809//5075
f 3809//5076 3811//5076 3810//5076
f 3809//5077 3814//5077 3812//5077
f 3809//5078 3812//5078 3813//5078
f 3809//5079 3813//5079 3814//5079
f 3814//5080 3813//5080 3812//5080
f 3814//5081 3815//5081 3816//5081
f 3814//5082 3816//5082 3817//5082
f 3814//5083 3817//5083 3815//5083
f 3815//5084 3817//5084 3816//5084
f 3815//5085 3820//5085 3818//5085
f 3815//5086 3818//5086 3819//5086
f 3815//5087 3819//5087 3820//5087
f 3820//5088 3819//5088 3818//5088
f 3820//5089 3823//5089 3821//5089
f 3820//5090 3821//5090 3822//5090
f 3820//5091 3822//5091 3823//5091
f 3823//5092 3822//5092 3821//5092
f 3823//5093 3826//5093 3824//5093
f 3823//5094 3824//5094 3825//5094
f 3823//5095 3825//5095 3826//5095
f 3826//5096 3825//5096 3824//5096
f 3826//5097 3827//5097 3828//5097
f 3826//5098 3828//5098 3829//5098
f 3826//5099 3829//5099 3827//5099
f 3827//5100 3829//5100 3828//5100
f 3827//5101 3832//5101 3830//5101
f 3827//5102 3830//5102 3831//5102
f 3827//5103 3831//5103 3832//5103
f 3832//5104 3831//5104 3830//5104
f 3832//5105 3833//5105 3834//5105
f 3832//5106 3834//5106 3835//5106
f 3832//5107 3835//5107 3833//5107
f 3833//5108 3835//5108 3834//5108
f 3833//5109 3836//5109 3837//5109
f 3833//5110 3837//5110 3838//5110
f 3833//5111 3838//5111 3836//5111
f 3836//5112 3838//5112 3837//5112
f 3836//5113 3839//5113 3840//5113
f 3836//5114 3840//5114 3841//5114
f 3836//5115 3841//5115 3839//5115
f 3839//5116 3841//5116 3840//5116
f 3839//5117 3844//5117 3842//5117
f 3839//5118 3842//5118 3843//5118
f 3839//5119 3843//5119 3844//5119
f 3844//5120 3843//5120 3842//5120
f 3844//5121 3847//5121 3845//5121
f 3844//5122 3845//5122 3846//5122
f 3844//5123 3846//5123 3847//5123
f 3847//5124 3846//5124 3845//5124
f 3847//5125 3850//5125 3848//5125
f 3847//5126 3848//5126 3849//5126
f 3847//5127 3849//5127 3850//5127
f 3850//5128 3849//5128 3848//5128
f 3850//5129 3853//5129 3851//5129
f 3850//5130 3851//5130 3852//5130
f 3850//5131 3852//5131 3853//5131
f 3853//5132 3852//5132 3851//5132
f 3853//5133 3854//5133 3855//5133
f 3853//5134 3855//5134 3856//5134
f 3853//5135 3856//5135 3854//5135
f 3854//5136 3856//5136 3855//5136
f 3854//5137 3857//5137 3858//5137
f 3854//5138 3858//5138 3859//5138
f 3854//5139 3859//5139 3857//5139
f 3857//5140 3859//5140 3858//5140
f 3857//5141 3862//5141 3860//5141
f 3857//5142 3860//5142 3861//5142
f 3857//5143 3861//5143 3862//5143
f 3862//5144 3861//5144 3860//5144
f 3862//5145 3863//5145 3864//5145
f 3862//5146 3864//5146 3865//5146
f 3862//5147 3865//5147 3863//5147
f 3863//5148 3865//5148 3864//5148
f 3863//5149 3868//5149 3866//5149
f 3863//5150 3866//5150 3867//5150
f 3863//5151 3867//5151 3868//5151
f 3868//5152 3867//5152 3866//5152
f 3868//5153 3871//5153 3869//5153
f 3868//5154 3869//5154 3870//5154
f 3868//5155 3870//5155 3871//5155
f 3871//5156 3870//5156 3869//5156
f 3871//5157 3874//5157 3872//5157
f 3871//5158 3872//5158 3873//5158
f 3871//5159 3873//5159 3874//5159
f 3874//5160 3873//5160 3872//5160
f 3874//5161 3875//5161 3876//5161
f 3874//5162 3876//5162 3877//5162
f 3874//5163 3877//5163 3875//5163
f 3875//5164 3877//5164 3876//5164
f 3875//5165 3880//5165 3878//5165
f 3875//5166 3878//5166 3879//5166
f 3875//5167 3879//5167 3880//5167
f 3880//5168 3879//5168 3878//5168
f 3880//5169 3883//5169 3881//5169
f 3880//5170 3881//5170 3882//5170
f 3880//5171 3882//5171 3883//5171
f 3883//5172 3882//5172 3881//5172
f 3883//5173 3886//5173 3884//5173
f 3883//5174 3884//5174 3885//5174
f 3883//5175 3885//5175 3886//5175
f 3886//5176 3885//5176 3884//5176
f 3886//5177 3887//5177 3888//5177
f 3886//5178 3888//5178 3889//5178
f 3886//5179 3889//5179 3887//5179
f 3887//5180 3889//5180 3888//5180
f 3887//5181 3892//5181 3890//5181
f 3887//5182 3890//5182 3891//5182
f 3887//5183 3891//5183 3892//5183
f 3892//5184 3891//5184 3890//5184
f 3892//5185 3893//5185 3894//5185
f 3892//5186 3894//5186 3895//5186
f 3892//5187 3895//5187 3893//5187
f 3893//5188 3895//5188 3894//5188
f 3893//5189 3896//5189 3897//5189
f 3893//5190 3897//5190 3898//5190
f 3893//5191 3898//5191 3896//5191
f 3896//5192 3898//5192 3897//5192
f 3896//5193 3899//5193 3900//5193
f 3896//5194 3900//5194 3901//5194
f 3896//5195 3901//5195 3899//5195
f 3899//5196 3901//5196 3900//5196
f 3899//5197 3904//5197 3902//5197
f 3899//5198 3902//5198 3903//5198
f 3899//5199 3903//5199 3904//5199
f 3904//5200 3903//5200 3902//5200
f 3904//5201 3907//5201 3905//5201
f 3904//5202 3905//5202 3906//5202
f 3904//5203 3906//5203 3907//5203
f 3907//5204 3906//5204 3905//5204
f 3907//5205 3908//5205 3909//5205
f 3907//5206 3909//5206 3910//5206
f 3907//5207 3910//5207 3908//5207
f 3908//5208 3910//5208 3909//5208
f 3908//5209 3913//5209 3911//5209
f 3908//5210 3911//5210 3912//5210
f 3908//5211 3912//5211 3913//5211
f 3913//5212 3912//5212 3911//5212
f 3913//5213 3916//5213 3914//5213
f 3913//5214 3914//5214 3915//5214
f 3913//5215 3915//5215 3916//5215
f 3916//5216 3915//5216 3914//5216
f 3916//5217 3919//5217 3917//5217
f 3916//5218 3917//5218 3918//5218
f 3916//5219 3918//5219 3919//5219
f 3919//5220 3918//5220 3917//5220
f 3919//5221 3920//5221 3921//5221
f 3919//5222 3921//5222 3922//5222
f 3919//5223 3922//5223 3920//5223
f 3920//5224 3922//5224 3921//5224
f 3920//5225 3923//5225 3924//5225
f 3920//5226 3924//5226 3925//5226
f 3920//5227 3925//5227 3923//5227
f 3923//5228 3925//5228 3924//5228
f 3923//5229 3926//5229 3927//5229
f 3923//5230 3927//5230 3928//5230
f 3923//5231 3928//5231 3926//5231
f 3926//5232 3928//5232 3927//5232
f 3926//5233 3929//5233 3930//5233
f 3926//5234 3930//5234 3931//5234
f 3926//5235 3931//5235 3929//5235
f 3929//5236 3931//5236 3930//5236
f 3929//5237 3932//5237 3933//5237
f 3929//5238 3933//5238 3934//5238
f 3929//5239 3934//5239 3932//5239
f 3932//5240 3934//5240 3933//5240
f 3932//5241 3937//5241 3935//5241
f 3932//5242 3935//5242 3936//5242
f 3932//5243 3936//5243 3937//5243
f 3937//5244 3936//5244 3935//5244
f 3937//5245 3938//5245 3939//5245
f 3937//5246 3939//5246 3940//5246
f 3937//5247 3940//5247 3938//5247
f 3938//5248 3940//5248 3939//5248
