# Blender 4.1.1
# www.blender.org
mtllib tetrascapeBlender_PKA_3TNP_catalyticRegulatory.mtl
o Tetrahedrons_Chain_B
v 44.953999 -52.330002 3.512004
v 45.780998 -50.330002 1.375504
v 47.669998 -50.971001 3.670704
v 45.136002 -49.370998 4.188604
v 43.542999 -48.654999 0.177114
v 46.410999 -48.244999 -0.746566
v 45.571999 -47.369999 2.042603
v 47.903999 -45.668999 1.086103
v 47.858002 -46.717999 3.940104
v 45.917000 -44.535999 3.090203
v 49.181000 -46.283001 -1.604997
v 49.124001 -43.424999 -0.566017
v 46.549999 -44.762001 -1.481597
v 45.084000 -42.125999 -1.869597
v 43.568001 -44.755001 -2.078397
v 45.554001 -43.967999 -4.243196
v 45.827000 -39.564999 -3.330097
v 46.493999 -39.881001 -0.379867
v 43.602001 -39.542000 -1.257197
v 42.242001 -37.948002 0.946333
v 40.685001 -40.070000 -0.576857
v 41.479000 -37.480999 -1.960497
v 40.120998 -34.991001 -3.057397
v 39.793999 -37.655998 -4.485597
v 42.473000 -36.219002 -4.542697
v 40.740002 -32.141998 -3.922898
v 40.060001 -32.736000 -1.018497
v 37.901001 -32.915001 -3.152098
v 35.542000 -31.035000 -3.540098
v 35.216999 -33.560001 -1.875798
v 35.554001 -33.759998 -4.891598
v 35.960999 -28.518000 -5.194198
v 35.285999 -28.299000 -2.236998
v 33.176998 -29.246000 -4.212297
v 30.987000 -27.448000 -5.317098
v 30.646000 -28.763000 -2.596098
v 30.537001 -30.448999 -5.124197
v 30.018999 -24.709999 -6.221098
v 28.558001 -27.216999 -7.133098
v 31.330999 -26.594000 -8.215498
v 28.948999 -21.896999 -5.788198
v 31.476000 -22.327000 -7.424198
v 31.517000 -22.774000 -4.416398
v 27.966000 -19.188999 -4.811499
v 26.139999 -21.615999 -4.657799
v 26.820999 -20.393999 -7.358099
v 26.846001 -16.688999 -3.491699
v 29.233999 -16.481001 -5.362998
v 29.551001 -17.780001 -2.631899
v 25.738001 -14.137000 -2.263299
v 25.424000 -16.787001 -0.805149
v 23.840000 -16.252001 -3.345299
v 25.558001 -11.186000 -2.973799
v 27.098000 -12.063000 -0.502879
v 24.063999 -12.261000 -0.552979
v 10.466000 -19.372000 -2.881999
v 11.503000 -18.863001 -5.695098
v 8.522600 -18.684000 -5.117599
v 9.916600 -21.386000 -5.093199
v 8.417400 -23.639999 -3.706998
v 11.191000 -24.136999 -4.850298
v 8.829600 -23.715000 -6.719198
v 5.920500 -23.174999 -2.034398
v 8.148500 -24.955000 -0.977888
v 6.420100 -25.896000 -3.296198
v 6.915200 -28.815001 -3.994198
v 4.824700 -27.219000 -5.521698
v 4.326100 -27.997000 -2.624298
v 1.310800 -27.601999 -2.609698
v 2.983200 -26.628000 -0.264088
v 2.590800 -29.608999 -0.717038
v 4.202800 -31.656000 0.851232
v 2.111000 -32.580002 -1.153497
v 1.246700 -31.267000 1.449502
v -0.698490 -33.533001 2.023503
v -1.608600 -30.643999 2.290702
v 0.348420 -31.813999 4.303102
v 0.681300 -33.286999 6.942802
v -0.856530 -30.665001 6.848002
v 2.160100 -30.673000 6.463002
v 2.274200 -35.756001 6.158703
v -0.363730 -36.056000 7.642003
v 2.072200 -34.941002 9.081803
v 4.663900 -34.075001 5.314703
v 2.935100 -35.425999 3.208703
v 4.741900 -37.098000 4.993703
v 5.400500 -33.387001 8.183903
v 4.647500 -31.177000 6.235403
v 7.285700 -32.654999 5.912703
v 4.129700 -34.598999 10.667003
v 7.040100 -33.719002 10.724003
v 6.222400 -36.164001 9.110803
v 5.899700 -38.714001 7.485603
v 8.103600 -38.508999 9.571103
v 8.287100 -36.894001 7.000703
v 8.768900 -34.743000 4.905003
v 11.003000 -36.667000 5.651303
v 10.105000 -34.539001 7.629102
v 9.491400 -32.701000 9.973303
v 12.375000 -33.191002 9.140003
v 10.776000 -35.414001 10.463003
v 11.884000 -38.179001 9.854603
v 9.495500 -37.874001 11.712003
v 12.253000 -36.967999 12.620003
v 12.296000 -39.071999 6.976803
v 14.125000 -40.118999 9.170003
v 14.309000 -37.212002 8.294703
v 15.692000 -35.403999 10.311003
v 15.091000 -34.379002 7.511802
v 17.240999 -36.490002 7.929603
v 17.500999 -36.328999 12.574003
v 14.701000 -35.312000 13.185003
v 16.853001 -33.375000 12.256002
v 18.900999 -39.007000 12.913003
v 20.365000 -36.429001 13.593003
v 19.757000 -37.113998 10.693003
v 21.941000 -35.477001 9.351203
v 19.634001 -36.575001 7.702303
v 21.737000 -38.465000 8.821003
v 23.183001 -32.889999 8.343603
v 24.965000 -35.214001 9.164403
v 23.431000 -33.653999 11.277003
v 20.641001 -31.273001 7.926403
v 22.448999 -31.902000 5.562802
v 23.357000 -29.926001 7.688202
v 17.766001 -32.238998 8.152503
v 18.415001 -29.291000 8.528302
v 19.260000 -31.315001 10.635002
v 20.357000 -30.026999 13.163002
v 20.215000 -33.056000 12.938003
v 17.660000 -31.430998 13.219002
v 19.839001 -27.239000 12.062002
v 22.614000 -27.991999 13.055002
v 20.334999 -27.631998 15.037002
v 17.749001 -25.033001 11.950002
v 18.153000 -26.868000 9.559202
v 20.280001 -24.816999 10.277002
v 14.953000 -23.922001 12.389002
v 17.385000 -22.200998 12.996002
v 16.721001 -24.575998 14.775002
v 12.718000 -22.725000 10.709002
v 12.185000 -23.539999 13.589002
v 12.641000 -25.669001 11.466002
v 13.143000 -19.900000 9.666502
v 11.359000 -21.832001 8.138902
v 14.369000 -22.263000 8.196602
v 17.194000 -23.309000 7.777502
v 15.288000 -23.090000 5.417902
v 14.824000 -25.201000 7.556702
v 11.900000 -25.987000 7.268502
v 13.625000 -27.302000 9.399902
v 14.086000 -27.941000 6.462602
v 9.690000 -23.920000 7.571402
v 9.260100 -26.358000 5.804802
v 11.187000 -24.171000 4.935802
v 13.146000 -22.430000 3.393102
v 10.839000 -23.778000 1.940202
v 13.152000 -25.445000 2.997102
v 12.112000 -28.302000 3.062602
v 14.984000 -27.711000 3.869802
v 14.143000 -27.471001 0.956992
v 9.306500 -27.636000 2.097102
v 9.695100 -29.226000 4.660402
v 10.317000 -30.500999 1.970902
v 8.937500 -24.716999 1.327302
v 7.211800 -26.861000 0.033172
v 10.168000 -26.667999 -0.654308
v 11.424000 -29.188999 -1.800998
v 13.024000 -26.605000 -1.696898
v 10.701000 -26.878000 -3.640898
v 11.173000 -31.917000 -0.479658
v 13.186000 -31.492001 -2.719498
v 10.208000 -31.516001 -3.335598
v 8.458800 -33.331001 -5.037598
v 10.347000 -31.353001 -6.369198
v 7.878500 -30.349001 -4.903697
v 7.851700 -35.984001 -6.393997
v 5.576300 -34.234001 -5.389698
v 7.385800 -35.661999 -3.406097
v 7.162400 -38.672001 -7.638397
v 10.072000 -37.879002 -7.246697
v 8.382600 -36.473000 -9.348297
v 4.466100 -39.320999 -8.886197
v 5.223400 -40.516998 -6.194397
v 6.621700 -41.460999 -8.724797
v 8.734200 -43.605000 -8.292197
v 8.366700 -42.366001 -11.044997
v 6.243600 -44.230999 -9.921196
v 5.149000 -45.129002 -12.612996
v 3.462300 -45.448002 -10.101996
v 5.916500 -47.195000 -10.517996
v 4.367600 -49.735001 -9.886396
v 6.759100 -48.949001 -8.180296
v 7.178400 -49.912998 -11.033997
v 9.957900 -49.743000 -12.255996
v 8.729200 -52.457001 -11.644997
v 9.618000 -50.643002 -9.371196
v 12.205000 -47.707001 -12.020996
v 9.334900 -46.769001 -12.382997
v 10.796000 -48.116001 -14.684997
v 13.947000 -45.764999 -10.459996
v 15.142000 -47.382999 -12.740996
v 14.355000 -48.762001 -10.146996
v 15.979000 -43.916000 -9.154197
v 13.439000 -44.678001 -7.665297
v 13.293000 -42.820999 -10.068997
v 18.514000 -42.995998 -7.749597
v 17.823000 -41.910999 -10.504997
v 18.697001 -44.806000 -10.185996
v 21.490000 -45.964001 -10.514997
v 19.763000 -45.442001 -12.962996
v 19.051001 -47.700001 -11.052997
v 24.527000 -45.805000 -10.553996
v 23.150000 -48.416000 -9.822296
v 23.051001 -46.056999 -7.906397
v 25.458000 -43.105999 -11.601997
v 27.482000 -45.313999 -11.077996
v 26.101000 -43.932999 -8.746697
v 24.253000 -40.335999 -11.245997
v 22.583000 -42.578999 -12.440997
v 24.877001 -41.376999 -14.034997
v 25.075001 -37.457001 -11.775997
v 26.941000 -39.314999 -10.253997
v 24.370001 -38.341000 -8.953397
v 23.639000 -35.919998 -7.265097
v 21.483000 -37.891998 -8.109197
v 22.766001 -36.064999 -10.174997
v 21.055000 -34.726002 -6.193997
v 22.622000 -33.270000 -8.355897
v 23.722000 -33.426998 -5.525298
v 18.267000 -35.765999 -6.819997
v 18.611000 -33.240002 -5.162298
v 19.355000 -35.944000 -3.985797
v 19.323000 -35.395000 -0.994807
v 20.207001 -38.112999 -2.032397
v 17.284000 -37.293999 -2.214197
v 15.829000 -39.667000 -3.436597
v 14.446000 -36.965000 -3.254597
v 14.963000 -38.582001 -0.731097
v 12.560000 -40.134998 0.300233
v 13.665000 -37.799999 1.905903
v 15.249000 -40.388000 1.698503
v 9.708100 -41.101002 0.724053
v 11.995000 -43.104000 0.637193
v 11.132000 -41.669998 -1.902197
v 7.352500 -39.251999 0.193473
v 7.785900 -40.403000 2.974903
v 6.877200 -42.212002 0.705493
v 3.885000 -42.731998 0.547483
v 5.579000 -44.209999 2.595603
v 5.849500 -44.868000 -0.360997
v 6.555800 -47.720001 -1.145896
v 8.759100 -45.660999 -0.753457
v 6.900800 -45.460999 -3.152397
v 6.040000 -50.713001 -0.981366
v 8.049200 -49.410999 0.893794
v 8.687800 -49.683998 -2.066996
v 11.180000 -48.043999 -2.657396
v 9.632400 -49.332001 -4.936296
v 11.227000 -51.063999 -3.011596
v 11.878000 -53.568001 -4.610996
v 12.366000 -53.511002 -1.609696
v 14.125000 -51.867001 -3.467196
v 17.040001 -52.407001 -4.146396
v 16.315001 -51.061001 -1.517296
v 15.983000 -49.555000 -4.138596
v 19.820000 -52.875000 -5.287296
v 17.362000 -53.544998 -6.947796
v 18.070000 -55.243000 -4.525896
v 22.400000 -52.362999 -3.760596
v 21.608000 -50.540001 -6.062596
v 22.504000 -53.391998 -6.620396
v 25.256001 -54.047001 -7.737296
v 22.969999 -53.368000 -9.625396
v 22.959000 -56.005001 -8.109596
v 27.281000 -54.688000 -5.561096
v 27.641001 -52.214001 -7.292296
v 28.051001 -54.980000 -8.488596
v 30.041000 -56.245998 -10.407996
v 30.507999 -56.410000 -7.407495
v 30.808001 -53.749001 -8.850196
v 29.101000 -59.046001 -11.133995
v 27.073999 -56.806999 -10.770996
v 28.549999 -57.928001 -8.359395
v 26.283001 -58.688999 -10.047996
v 28.066999 -60.893002 -8.950095
v 26.954000 -61.102001 -11.771996
v 24.658001 -61.113998 -9.193495
v 23.531000 -59.174999 -11.247995
v 23.792999 -58.326000 -8.339195
v 21.677999 -57.945999 -6.187296
v 24.165001 -59.595001 -5.600696
v 22.042999 -60.666000 -7.497495
v 18.730000 -58.340000 -5.551296
v 19.815001 -55.544998 -6.063096
v 20.563000 -57.022999 -3.512596
v 22.475000 -55.181999 -2.028896
v 21.872000 -57.952999 -0.929456
v 19.735001 -55.790001 -0.859146
v 17.146999 -54.487999 0.067449
v 17.257999 -57.492001 -0.395846
v 17.371000 -55.583000 -2.760896
v 14.835000 -52.619999 0.709754
v 14.286000 -55.368999 -0.469436
v 15.559000 -53.203999 -2.185696
v 12.271000 -51.311001 1.690204
v 14.470000 -49.612000 0.454074
v 14.877000 -50.866001 3.194204
v 10.210000 -52.748001 3.403104
v 9.641600 -52.220001 0.462514
v 9.677900 -49.911999 2.442504
v 6.697000 -49.376999 2.719904
v 8.278700 -48.049000 0.487744
v 8.702000 -47.186001 3.372904
v 8.843700 -45.736000 6.042203
v 8.528900 -44.151001 3.465603
v 11.161000 -45.543999 4.082403
v 13.679000 -43.952000 3.470103
v 13.828000 -46.973999 3.776304
v 13.312000 -45.222000 6.208503
v 14.645000 -41.192001 4.305403
v 13.415000 -41.604000 1.554803
v 16.160000 -42.754002 2.181403
v 17.648001 -44.529999 0.211073
v 18.983000 -43.693001 2.812103
v 18.517000 -41.643002 0.613843
v 21.403999 -42.585999 0.445533
v 20.431000 -41.098000 2.913403
v 20.761000 -39.618000 0.277213
v 21.038000 -38.158001 2.930203
v 20.389000 -36.602001 0.398663
v 23.153999 -37.810001 0.774513
v 26.090000 -38.598999 0.854393
v 25.207001 -35.912998 1.974103
v 25.158001 -36.398998 -1.027497
v 24.025999 -33.755001 -2.014097
v 23.618000 -36.286999 -3.647997
v 26.382000 -35.032001 -3.452397
v 25.544001 -31.743000 -0.310868
v 22.670000 -32.459999 0.380562
v 23.270000 -30.809999 -2.102598
v 28.149000 -32.562000 1.027603
v 27.774000 -29.708000 0.046709
v 28.091000 -31.975000 -1.955798
v 28.514999 -33.300999 -4.659198
v 30.868000 -32.049000 -3.194198
v 28.711000 -30.277000 -4.401998
v 28.924999 -33.540001 -7.663097
v 26.157000 -33.944000 -6.468997
v 28.330999 -36.021000 -6.007297
v 27.698999 -38.910000 -6.716397
v 27.733000 -38.032001 -3.805097
v 30.334999 -38.216999 -5.367797
v 28.771999 -40.763000 -8.876297
v 26.086000 -39.386002 -9.250298
v 26.382999 -41.609001 -7.196397
v 23.480000 -42.507999 -7.082897
v 25.009001 -41.978001 -4.508397
v 25.693001 -44.403000 -6.211497
v 24.725000 -47.226002 -5.629997
v 26.982000 -46.023998 -3.984797
v 27.457001 -46.785000 -6.890597
v 22.752001 -48.761002 -3.897396
v 24.396000 -50.228001 -5.994196
v 22.172001 -48.339001 -6.852796
v 21.113001 -49.660000 -9.379296
v 20.752001 -46.669998 -8.960396
v 19.174999 -48.644001 -7.267696
v 17.434999 -47.155998 -5.266097
v 17.781000 -50.167999 -5.035796
v 16.155001 -48.994999 -7.321996
v 13.168000 -49.528999 -7.528496
v 15.139000 -51.332001 -8.981796
v 14.696000 -48.480000 -9.939996
v 10.732000 -47.771999 -8.004696
v 11.484000 -48.595001 -5.175096
v 10.375000 -50.658001 -7.114796
v 9.929000 -53.370998 -5.815296
v 9.203600 -52.946999 -8.738096
v 7.548000 -51.629002 -6.553996
v 4.986300 -50.006001 -6.778296
v 5.294100 -52.062000 -4.558596
v 4.968400 -52.973999 -7.441396
v 2.313500 -48.828999 -7.627096
v 4.870800 -47.957001 -9.022596
v 4.336200 -47.101002 -6.153697
v 7.277400 -46.560001 -5.601296
v 5.329600 -46.881001 -3.287796
v 5.204900 -44.403999 -5.048897
v 6.831500 -42.032001 -4.062197
v 3.841200 -41.736000 -4.530197
v 5.727300 -42.044998 -6.895697
v 8.463700 -39.651001 -3.104397
v 9.866200 -42.094002 -4.250697
v 8.507800 -42.256001 -1.534597
v 8.431100 -37.745998 -0.734077
v 7.550300 -36.775002 -3.477997
v 10.483000 -37.382000 -2.949197
v 13.377000 -38.303001 -3.095697
v 12.368000 -36.847000 -0.624207
v 12.716000 -35.339001 -3.242197
v 15.078000 -33.509998 -3.814597
v 13.945000 -33.695000 -0.998157
v 12.349000 -32.320000 -3.191498
v 15.282000 -31.386999 -5.981798
v 16.725000 -34.042999 -6.314497
v 17.698999 -32.030998 -4.251597
v 19.941000 -30.003000 -4.575898
v 20.599001 -32.928001 -4.070498
v 19.389000 -31.237000 -1.851698
v 21.702999 -28.834000 -6.762098
v 22.502001 -28.535999 -3.842998
v 20.122000 -26.988001 -4.933998
v 17.101999 -26.639999 -4.853198
v 18.920000 -24.215000 -4.597298
v 18.747999 -26.233000 -2.328398
v 21.219000 -25.927000 -0.581718
v 19.652000 -28.534000 -0.557118
v 18.459000 -26.031000 0.692252
v 23.903999 -25.334000 -1.880098
v 23.417000 -24.570000 1.022902
v 22.004999 -23.056000 -1.205098
v 19.438000 -21.681999 -0.328048
v 20.357000 -21.485001 -3.220298
v 21.886000 -20.021999 -1.035798
v 19.796000 -22.379000 2.610302
v 17.285999 -23.257000 1.134302
v 17.722000 -20.316999 1.778902
v 22.586000 -21.271000 3.098002
v 21.944000 -24.150999 3.834302
v 20.753000 -21.867001 5.451002
v 22.400999 -18.487000 1.887401
v 24.660999 -20.353001 1.073102
v 24.618999 -19.142000 3.862602
v 20.032000 -17.444000 3.484301
v 19.910000 -17.504999 0.446281
v 21.733000 -15.521000 1.855001
v 21.158001 -17.840000 6.281501
v 18.559000 -19.200001 5.482701
v 18.639000 -16.186001 5.876401
v 23.841999 -19.003000 7.113202
v 22.556000 -16.806999 8.777701
v 23.684999 -16.167000 6.027902
v 24.299000 -14.707000 3.431401
v 25.254000 -13.562000 6.081801
v 22.291000 -13.539000 5.394701
v 19.250000 -13.566000 5.378401
v 20.745001 -11.062000 6.241901
v 20.757000 -13.528999 8.020101
v 21.077000 -15.536999 10.281001
v 20.271999 -12.669999 10.897001
v 23.094999 -13.285999 9.949100
v 25.968000 -13.391999 8.956101
v 25.257000 -11.694999 11.378001
v 24.330999 -10.852999 8.607001
v 22.827000 -8.410399 7.595901
v 25.520000 -9.144499 6.389901
v 25.368999 -8.062599 9.228101
v 22.513000 -9.196699 10.517001
v 23.598000 -6.450499 9.789601
v 25.289000 -8.931399 9.303501
v 23.059999 -11.518999 12.403001
v 20.763000 -9.607699 12.970001
v 23.636999 -8.668299 13.293001
v 24.169001 -5.687099 13.571000
v 26.493999 -7.626499 13.283001
v 24.865999 -7.575299 15.851001
v 22.535000 -3.775999 11.860000
v 24.007000 -2.742299 14.313000
v 21.570000 -4.530399 14.644000
v 23.517000 -5.588499 16.726999
v 20.982000 -7.142199 16.087000
v 20.809000 -4.503299 17.587999
v 26.183001 -7.029499 16.976999
v 25.068001 -5.473598 19.340000
v 26.099001 -3.990699 16.893000
v 26.943001 -2.025299 14.731000
v 27.827000 -1.592799 17.608999
v 24.913000 -1.190799 16.837000
v 24.155001 -0.984798 19.775000
v 21.993000 -0.910829 17.638000
v 23.891001 1.442901 17.962000
v 25.546000 -3.018298 21.556999
v 23.264999 -1.337098 22.660999
v 25.947001 -0.043239 22.044001
v 25.782000 2.124402 24.171000
v 27.694000 2.436802 21.826000
v 28.256001 0.365682 23.981001
v 30.101000 -1.730098 22.775999
v 29.191000 -1.986698 25.666000
v 31.156000 0.196272 24.879000
v 29.577000 -3.655599 20.481001
v 32.423000 -2.804498 21.132000
v 30.483000 -0.810948 19.902000
v 29.902000 2.120601 19.340000
v 30.167000 0.153681 17.035999
v 32.620998 0.949231 18.645000
v 35.422001 1.044002 19.827000
v 35.020000 1.415401 16.834999
v 34.577999 -1.314099 18.101000
v 35.351002 -2.946499 15.655000
v 33.237999 -3.992799 17.575001
v 36.154999 -3.893698 18.430000
v 37.946999 -3.248999 14.100000
v 35.931999 -1.118999 13.294000
v 35.307999 -4.058199 12.824000
v 34.548000 -4.254899 9.886000
v 32.772999 -5.525399 12.004000
v 35.495998 -6.728099 11.380001
v 36.287998 -8.524799 13.703001
v 38.028000 -8.404799 11.211001
v 35.303001 -9.749999 11.100001
v 36.485001 -7.192199 16.429001
v 35.782001 -10.143999 16.226999
v 33.772999 -8.038599 15.343001
v 31.393000 -6.601399 14.112001
v 30.948000 -8.760299 16.207001
v 31.929001 -9.516099 13.429001
v 33.182999 -12.276999 13.662001
v 32.925999 -10.947999 10.939001
v 30.444000 -11.954000 12.380001
v 35.285999 -12.723999 15.814001
v 33.501999 -15.022999 14.930001
v 32.334000 -12.727999 16.548002
v 30.576000 -10.782999 18.089001
v 30.302999 -13.775999 18.554003
v 29.361000 -12.551999 15.934001
v 28.320999 -12.087999 13.114001
v 26.615999 -13.588999 15.136001
v 29.121000 -14.884999 13.999001
v 31.569000 -16.664999 13.702001
v 28.823999 -17.710999 12.914001
v 29.499001 -17.270998 15.847001
v 30.462999 -17.639997 18.707003
v 28.362000 -19.513998 17.557001
v 27.648001 -16.621998 18.171001
v 24.889999 -16.823997 19.434002
v 25.974001 -14.115999 18.577002
v 27.177999 -15.545998 20.976002
v 22.566999 -14.883998 19.730001
v 23.638000 -16.356998 22.166002
v 22.098000 -17.873999 20.027002
v 19.731001 -18.259998 18.156002
v 19.945999 -15.732998 19.834002
v 19.327000 -18.395998 21.167002
v 16.524000 -18.759998 22.289001
v 18.879999 -18.382998 24.175001
v 18.587999 -20.970999 22.606003
v 14.225000 -20.189999 20.906002
v 14.233000 -17.154999 21.095001
v 13.776000 -18.832998 23.590002
v 11.045000 -18.772999 24.927002
v 13.350000 -17.176998 26.105001
v 13.364000 -20.212997 26.268002
v 8.993700 -20.971998 25.381002
v 8.521300 -18.870998 23.233002
v 8.352000 -18.105999 26.172003
v 5.452400 -17.336998 25.672003
v 7.569800 -15.173998 25.968002
v 6.719100 -16.810999 28.386002
v 7.445700 -19.404999 29.798002
v 5.037800 -17.793999 30.722002
v 7.849200 -16.740997 31.209002
v 10.678000 -16.764997 32.326000
v 9.930600 -18.625998 30.040003
v 8.824500 -19.122997 32.828999
v 12.215000 -16.553999 34.942001
v 11.347000 -14.031997 33.480999
v 13.554000 -15.775997 32.325001
v 14.678000 -14.335999 29.893002
v 15.954000 -16.924997 30.852001
v 16.250999 -14.382998 32.494999
v 17.007000 -13.679997 35.355999
v 18.056000 -11.998997 33.049000
v 19.099001 -14.823997 33.467999
v 17.546000 -12.506997 38.110001
v 16.903000 -15.464997 37.816002
v 14.734000 -13.384997 37.354000
v 19.136000 -11.543997 40.515999
v 16.544001 -10.150997 39.750000
v 19.010000 -9.844597 37.998001
v 21.771000 -10.044997 40.755001
v 21.211000 -11.753997 38.303001
v 21.719999 -13.075997 40.993999
v 20.945999 -15.060997 38.824001
v 22.541000 -15.993998 41.238998
v 23.849001 -14.216997 39.146999
v 26.211000 -15.956997 38.345001
v 26.690001 -13.232997 39.608002
v 25.587999 -13.424997 36.779999
v 26.563000 -13.287997 33.903000
v 26.157000 -10.727997 35.494999
v 23.752001 -12.361998 34.601002
v 26.646999 -13.700998 30.892002
v 26.610001 -16.103998 32.755001
v 29.089001 -14.349998 32.584000
v 25.608999 -14.875998 28.286001
v 28.054001 -13.066998 28.271002
v 25.302999 -11.901999 28.841000
v 23.264999 -10.814998 26.862000
v 25.618999 -9.091498 27.723000
v 23.382000 -9.702398 29.690001
v 20.330000 -11.517998 27.230000
v 21.993999 -12.980998 25.148003
v 21.242001 -10.065998 24.719000
v 21.742001 -9.004998 21.913000
v 20.472000 -7.209498 24.014000
v 18.899000 -9.538898 22.853001
v 16.153999 -8.353298 23.408001
v 16.533001 -11.370998 23.393000
v 16.681000 -9.806698 20.789000
v 14.381000 -10.501999 18.924999
v 17.120001 -11.750999 18.492001
v 16.688999 -8.794799 17.921000
v 11.395000 -10.769999 19.436001
v 12.635000 -12.035999 16.964001
v 12.398000 -9.010499 17.167000
v 9.625000 -9.846398 21.730000
v 9.291200 -12.642998 20.583002
v 8.443400 -10.219998 18.952000
v 9.899700 -9.018798 24.643000
v 7.393600 -8.285898 23.084000
v 10.035000 -6.919598 22.447001
v 12.522000 -9.753798 25.997000
v 9.947800 -11.156998 26.805000
v 10.385000 -8.239498 27.542000
v 11.079000 -7.205597 30.316999
v 8.222300 -8.022099 29.669001
v 9.400800 -5.504298 28.436001
v 11.830000 -6.343198 33.134998
v 13.604000 -5.575898 30.787001
v 13.469000 -8.470798 31.709000
v 12.367000 -5.854297 36.088001
v 9.723400 -7.070297 35.203999
v 10.327000 -4.149398 34.611000
v 12.877000 -5.540297 39.070000
v 14.548000 -3.975397 37.068001
v 14.906000 -6.984597 37.324001
v 13.157000 -4.772597 41.999001
v 13.579000 -7.658196 41.136002
v 10.789000 -6.448297 41.084999
v 8.479000 -4.146997 40.155998
v 9.036500 -2.496697 37.662998
v 10.326000 -1.735597 40.310001
v 7.337800 -1.339297 39.903999
v 10.527000 -1.286997 35.305000
v 7.731300 -2.418597 34.917000
v 10.071000 -4.290797 35.436001
v 13.463000 -0.591557 35.686001
v 11.552000 1.467103 34.521000
v 12.342000 -0.971507 32.884998
v 14.426000 -1.922798 30.885000
v 12.801000 0.583222 30.312000
v 11.467000 -2.148098 30.221001
v 11.527000 -3.474898 27.485001
v 8.993400 -2.098698 28.452999
v 9.893200 -4.704698 29.736000
v 11.930000 -4.577498 24.680000
v 13.848000 -5.352998 26.909000
v 13.872000 -2.521598 25.799000
v 10.037000 -3.447598 22.584999
v 9.994000 -6.419598 23.229000
v 12.358000 -5.220798 21.738001
v 11.455000 -6.153599 18.988001
v 13.263000 -7.923298 20.676001
v 14.356000 -5.364298 19.448999
v 17.112000 -4.383899 20.280001
v 16.615999 -7.355499 19.865000
v 15.389000 -5.928498 22.253000
v 18.393000 -4.761598 23.011999
v 15.702000 -3.364398 22.775000
v 18.225000 -1.985298 21.782000
v 21.368000 -4.690198 23.641001
v 19.954000 -7.358098 23.278000
v 19.393000 -5.661798 25.739000
v 17.400999 -6.308198 27.945000
v 19.323999 -3.974698 28.268999
v 20.367001 -6.829798 28.372999
v 23.093000 -6.906698 29.719000
v 21.804001 -4.235598 29.046000
v 22.853001 -6.021698 26.819000
v 24.334000 -4.856298 27.847000
v 25.801001 -7.451898 28.447001
v 25.534000 -5.323098 30.601999
v 27.285999 -6.787097 32.611000
v 25.556999 -4.454398 33.516998
v 27.989000 -3.953298 31.761000
v 29.466999 -7.862897 30.785999
v 27.198000 -9.680197 31.677999
v 29.309999 -8.790797 33.678001
v 29.985001 -6.132198 28.340000
v 32.189999 -7.919898 29.431999
v 31.316999 -5.457697 30.989000
v 31.507000 -4.915597 33.976002
v 31.294001 -2.596598 32.020000
v 33.848999 -4.241397 32.155998
v 30.191999 -4.340997 36.657001
v 33.155998 -5.006197 36.528999
v 31.087999 -7.166397 35.977001
v 32.162998 -9.899097 36.768002
v 29.392000 -9.652597 35.539001
v 29.900999 -8.636397 38.360001
v 27.287001 -9.155797 39.825001
v 28.625000 -6.432097 40.021999
v 29.872999 -8.842397 41.394001
v 25.540001 -10.362997 42.002998
v 26.150999 -11.955997 39.486000
v 24.309000 -9.540797 39.347000
v 21.775999 -7.912097 38.921001
v 22.020000 -10.689997 37.706001
v 23.681000 -8.395197 36.599998
v 19.039000 -6.620297 38.623001
v 21.499001 -4.886897 39.060001
v 20.437000 -6.617297 41.324001
v 16.767000 -8.225797 37.395000
v 17.155001 -5.308297 36.629002
v 16.160999 -6.031197 39.410999
v 14.592000 -10.158998 38.277000
v 17.115000 -11.212997 36.945000
v 15.071000 -9.658097 35.316002
v 15.974000 -9.765897 32.414001
v 13.771000 -7.843398 33.250999
v 13.237000 -10.836997 33.195999
v 11.250000 -11.905998 31.158001
v 10.406000 -11.538997 34.056000
v 12.360000 -13.745997 33.310001
v 11.200000 -14.195998 29.157001
v 11.868000 -11.378998 28.226999
v 9.031600 -12.064998 29.083000
v 6.749800 -12.257998 27.082001
v 7.333900 -9.616798 28.473000
v 6.149800 -11.934999 30.046000
v 3.941700 -12.282998 25.915001
v 4.948900 -14.670998 27.506002
v 6.090200 -14.091998 24.748001
v 5.535300 -16.264997 22.694002
v 7.244400 -16.878998 25.133001
v 8.324300 -15.075998 22.934002
v 10.438000 -13.589998 24.538002
v 9.448800 -12.446998 21.900000
v 11.188000 -14.941998 21.919003
v 14.142000 -14.449998 21.389002
v 12.384000 -15.639998 19.212002
v 13.099000 -17.293999 21.661001
v 17.136000 -13.971998 21.156002
v 15.740000 -13.595998 23.832003
v 15.249000 -11.622998 21.570000
v 19.127001 -12.520998 19.374001
v 19.049000 -15.560998 19.406002
v 20.103001 -14.041998 21.820002
v 20.664000 -15.998998 24.079002
v 20.629000 -13.007998 24.631002
v 22.895000 -14.228998 23.011002
v 25.237000 -12.454998 22.226000
v 25.304001 -15.428998 21.596003
v 25.549000 -14.478998 24.474003
v 26.902000 -17.009998 25.482002
v 25.388000 -15.220998 27.419003
v 28.025000 -14.283998 26.229002
v 28.517000 -12.045998 28.229000
v 29.896999 -11.994998 25.518999
v 30.725000 -14.043998 27.609001
v 32.127998 -15.578999 29.827002
v 33.372002 -13.035998 28.716002
v 33.294998 -15.557998 27.019001
v 32.310001 -17.184998 24.646002
v 35.293999 -16.817999 25.104002
v 33.592999 -14.464998 24.197002
v 32.270000 -11.761998 24.636000
v 34.139999 -12.173998 22.273001
v 35.258999 -12.085999 25.099001
v 36.973999 -11.781998 27.591999
v 37.948002 -10.675998 24.931999
v 37.832001 -13.681998 25.378002
v 37.872002 -16.628998 24.626001
v 40.432999 -14.992998 24.502003
v 38.217999 -14.505998 22.476002
v 36.223999 -13.663998 20.339003
v 39.168999 -13.953999 19.641003
v 38.244999 -11.657998 21.408001
v 39.089001 -9.569398 23.451000
v 36.854000 -8.954898 21.482000
v 39.727001 -9.160898 20.506001
v 38.709000 -8.322098 26.198000
v 36.380001 -9.712898 24.825001
v 37.405998 -7.055498 23.760000
v 36.658001 -6.267698 27.104000
v 39.012001 -6.959298 28.900000
v 36.787998 -8.986299 28.459999
v 33.692001 -5.684098 26.770000
v 35.676998 -4.718498 24.677999
v 35.620998 -3.427598 27.431000
v 38.075001 -1.633698 27.521999
v 36.249001 -1.837398 29.945999
v 35.293999 -0.404048 27.438999
v 40.152000 -3.548798 26.398001
v 40.591000 -0.545638 26.205000
v 38.445000 -1.880598 24.514000
v 36.167999 0.026580 23.861000
v 36.236000 -2.744598 22.610001
v 38.250000 -0.636118 21.746000
v 34.426998 1.127202 26.099001
v 34.728001 2.681202 23.502001
v 37.071999 2.470702 25.429001
v 39.520000 3.445202 23.909000
v 39.686001 2.953502 26.906000
v 38.085999 5.308602 25.837999
v 39.651001 1.986302 21.243999
v 42.040001 3.599202 22.214001
v 39.508999 5.023501 21.309999
v 37.523998 6.762301 19.798000
v 40.417999 6.605301 18.877001
v 39.721001 8.053602 21.459000
vn 0.4022 -0.7409 -0.5379
vn 0.0562 -0.2258 0.9725
vn -0.9583 0.1184 -0.2601
vn 0.4999 0.8483 -0.1746
vn -0.5823 -0.2176 0.7833
vn -0.1318 -0.6872 -0.7144
vn 0.9579 0.0029 0.2872
vn -0.2437 0.9020 -0.3563
vn 0.4808 -0.8255 -0.2956
vn -0.5860 -0.2172 0.7806
vn -0.5610 0.3462 -0.7519
vn 0.6662 0.6965 0.2667
vn -0.5015 -0.8642 -0.0408
vn 0.8803 -0.1465 0.4512
vn -0.5321 0.6702 0.5173
vn 0.1532 0.3403 -0.9277
vn -0.1960 0.0352 0.9800
vn 0.0567 -0.9539 -0.2947
vn 0.8704 0.4572 -0.1825
vn -0.7309 0.4614 -0.5028
vn -0.6671 -0.2135 -0.7137
vn 0.8859 -0.3954 -0.2426
vn -0.3090 -0.3835 0.8703
vn 0.0903 0.9922 0.0859
vn 0.7070 0.7035 -0.0725
vn 0.2807 -0.6870 0.6702
vn -0.1287 -0.4364 -0.8905
vn -0.8590 0.4200 0.2929
vn -0.8091 -0.1974 0.5536
vn 0.4544 -0.8568 -0.2438
vn 0.6300 0.5740 0.5231
vn -0.2753 0.4801 -0.8329
vn -0.1906 -0.2472 -0.9500
vn 0.9689 -0.1510 0.1960
vn -0.5553 -0.5660 0.6094
vn -0.2231 0.9640 0.1449
vn 0.2683 0.5058 0.8198
vn 0.2747 -0.9569 0.0942
vn 0.4492 0.3986 -0.7996
vn -0.9921 0.0523 -0.1143
vn -0.1583 -0.5237 -0.8370
vn 0.9746 -0.0153 0.2236
vn -0.5208 -0.4063 0.7508
vn -0.2957 0.9453 -0.1375
vn 0.4294 0.7909 0.4360
vn 0.1878 -0.8209 0.5394
vn 0.3707 -0.1148 -0.9216
vn -0.9880 0.1447 -0.0539
vn -0.5946 0.0547 0.8022
vn 0.1100 -0.9569 -0.2689
vn 0.8943 0.3891 0.2208
vn -0.4097 0.5131 -0.7542
vn -0.5514 -0.0820 -0.8302
vn 0.8277 -0.5533 -0.0935
vn -0.5293 -0.3221 0.7849
vn 0.2528 0.9575 0.1388
vn 0.3479 -0.2038 0.9151
vn -0.2672 -0.8508 -0.4524
vn 0.7139 0.4520 -0.5349
vn -0.7948 0.6026 0.0722
vn -0.6185 0.1319 -0.7746
vn 0.8341 -0.4543 -0.3129
vn -0.4482 -0.5661 0.6919
vn 0.2326 0.8885 0.3956
vn 0.8710 0.1536 0.4666
vn -0.1484 -0.9823 -0.1144
vn 0.0204 0.4408 -0.8974
vn -0.7431 0.3880 0.5451
vn 0.8327 -0.0811 -0.5478
vn 0.0305 -0.6584 0.7521
vn -0.7967 -0.1870 -0.5747
vn -0.0666 0.9265 0.3703
vn 0.8481 -0.4793 0.2259
vn 0.0996 0.9721 0.2126
vn -0.7522 -0.3832 0.5360
vn -0.1954 -0.1096 -0.9746
vn 0.4077 0.2660 0.8735
vn 0.6291 0.2257 -0.7439
vn -0.8606 0.4924 -0.1300
vn -0.1762 -0.9844 0.0004
vn -0.4950 0.2891 -0.8194
vn 0.4330 0.7946 0.4255
vn 0.7013 -0.6668 -0.2522
vn -0.6394 -0.4170 0.6460
vn 0.4279 -0.1409 0.8928
vn 0.6956 0.2765 -0.6631
vn -0.6947 0.7156 0.0726
vn -0.4289 -0.8512 -0.3024
vn -0.0970 -0.7149 -0.6925
vn 0.1139 0.8861 -0.4492
vn 0.8011 -0.1916 0.5670
vn -0.8180 0.0203 0.5748
vn 0.2291 0.6992 0.6772
vn 0.6933 -0.0061 -0.7206
vn -0.8941 0.2030 -0.3993
vn -0.0283 -0.8962 0.4427
vn 0.7682 -0.6287 0.1213
vn -0.2827 -0.0003 -0.9592
vn 0.2794 0.9229 0.2649
vn -0.7650 -0.2940 0.5730
vn -0.8467 -0.5029 -0.1738
vn -0.0527 0.9006 -0.4315
vn 0.7732 -0.5073 -0.3806
vn 0.1261 0.1096 0.9859
vn -0.4866 -0.0368 -0.8728
vn -0.5951 0.4005 0.6967
vn 0.8214 0.5616 -0.0998
vn 0.2604 -0.9252 0.2760
vn -0.5844 0.8105 -0.0402
vn -0.5423 -0.8129 -0.2124
vn 0.3859 -0.0876 0.9184
vn 0.7408 0.0898 -0.6657
vn -0.9592 -0.0906 0.2680
vn 0.0531 0.3026 -0.9516
vn 0.4573 -0.8842 0.0946
vn 0.4486 0.6722 0.5890
vn -0.7206 -0.4019 -0.5650
vn -0.2814 0.9112 0.3008
vn 0.8423 0.0709 -0.5344
vn 0.1598 -0.5803 0.7985
vn -0.5237 0.5040 -0.6868
vn -0.6224 -0.3632 0.6934
vn 0.6597 0.6142 0.4330
vn 0.4863 -0.7551 -0.4397
vn -0.7850 0.5135 0.3466
vn -0.3030 -0.6294 -0.7156
vn 0.4146 -0.5194 0.7472
vn 0.6734 0.6354 -0.3779
vn -0.9064 -0.4135 0.0869
vn -0.0478 0.7799 -0.6240
vn 0.6419 -0.6765 -0.3609
vn 0.3122 0.3099 0.8981
vn -0.6181 -0.0755 -0.7825
vn -0.4201 0.5751 0.7020
vn 0.8628 0.4106 -0.2949
vn 0.1755 -0.9102 0.3752
vn -0.5213 0.7910 -0.3201
vn -0.6205 -0.7697 0.1500
vn 0.4603 0.2291 0.8577
vn 0.6815 -0.2502 -0.6878
vn -0.8899 0.3321 0.3127
vn -0.0585 -0.2509 -0.9663
vn 0.2641 -0.8011 0.5371
vn 0.6842 0.7199 0.1167
vn -0.3579 -0.9291 -0.0937
vn -0.7057 0.6573 -0.2644
vn 0.7979 0.1113 -0.5924
vn 0.2658 0.1606 0.9506
vn -0.6624 -0.4244 -0.6173
vn -0.3364 -0.0569 0.9400
vn 0.1234 0.9597 -0.2525
vn 0.8753 -0.4785 -0.0705
vn -0.5209 0.8361 0.1721
vn -0.6304 -0.7681 -0.1125
vn 0.6088 -0.1787 0.7729
vn 0.5425 0.1107 -0.8327
vn -0.0272 -0.3514 -0.9358
vn 0.1057 -0.7617 0.6392
vn -0.8511 0.4859 0.1985
vn 0.7727 0.6271 0.0980
vn -0.5099 -0.8442 -0.1654
vn 0.9484 -0.1205 -0.2932
vn -0.0221 0.2171 0.9759
vn -0.4162 0.7477 -0.5174
vn 0.3255 -0.9333 0.1515
vn -0.1285 0.1532 -0.9798
vn 0.6736 0.6491 0.3535
vn -0.8702 0.1310 0.4749
vn 0.9198 -0.0140 -0.3920
vn -0.5283 -0.7682 -0.3616
vn -0.4520 0.8587 -0.2414
vn 0.0606 -0.0768 0.9952
vn 0.2421 -0.3171 -0.9170
vn 0.5084 -0.5278 0.6804
vn -0.9813 -0.1242 0.1472
vn 0.2309 0.9689 0.0895
vn -0.6843 -0.6297 0.3677
vn 0.6744 -0.5137 -0.5304
vn 0.4578 0.4719 0.7535
vn -0.4478 0.6712 -0.5908
vn -0.0101 0.3453 -0.9384
vn 0.9394 -0.0059 0.3428
vn -0.3669 -0.9301 0.0169
vn -0.5624 0.5907 0.5786
vn 0.2595 0.9156 0.3071
vn 0.2177 -0.6654 0.7140
vn 0.5044 -0.2274 -0.8330
vn -0.9819 -0.0227 -0.1881
vn 0.8260 0.0816 0.5578
vn -0.7902 0.3132 0.5267
vn -0.1318 -0.9559 -0.2624
vn 0.0961 0.5612 -0.8221
vn 0.0702 -0.2019 0.9769
vn 0.3196 0.9319 -0.1717
vn -0.9533 -0.0844 -0.2901
vn 0.5635 -0.6458 -0.5151
vn -0.2565 0.7160 0.6493
vn 0.9175 -0.3336 0.2166
vn -0.0088 0.3729 -0.9278
vn -0.6524 -0.7554 0.0619
vn 0.6707 0.6706 0.3171
vn -0.3637 -0.5037 0.7836
vn 0.4399 -0.6385 -0.6315
vn -0.7467 0.4716 -0.4691
vn 0.6670 -0.0957 0.7389
vn -0.5754 0.7996 0.1718
vn -0.5718 -0.8194 -0.0411
vn 0.4803 0.1152 -0.8695
vn -0.2927 0.1283 0.9476
vn 0.7978 0.5745 -0.1830
vn -0.7443 0.2568 -0.6165
vn 0.2391 -0.9596 -0.1481
vn 0.0215 0.8511 0.5246
vn 0.5647 -0.6876 0.4565
vn 0.3559 0.1660 -0.9197
vn -0.9421 -0.3296 -0.0616
vn 0.9097 0.2096 0.3586
vn -0.6777 0.1062 0.7277
vn -0.0168 -0.9415 -0.3365
vn -0.2152 0.6258 -0.7497
vn 0.3372 -0.2454 0.9089
vn -0.0508 0.9956 -0.0791
vn -0.9100 -0.3920 -0.1348
vn 0.6236 -0.3581 -0.6949
vn -0.9065 0.2487 0.3412
vn 0.6926 0.2618 0.6721
vn 0.1744 0.4770 -0.8614
vn 0.0394 -0.9876 -0.1520
vn 0.7220 -0.6919 -0.0041
vn 0.4101 0.9095 0.0677
vn -0.6033 -0.1526 0.7828
vn -0.5288 -0.0649 -0.8463
vn -0.0363 0.4615 -0.8864
vn -0.2864 0.6344 0.7180
vn 0.9353 -0.3054 0.1788
vn -0.6125 -0.7904 -0.0103
vn -0.0083 -0.4184 0.9082
vn 0.6469 0.7625 -0.0099
vn -0.9155 0.3367 -0.2203
vn 0.2769 -0.6809 -0.6781
vn 0.3464 0.2814 -0.8949
vn -0.4044 0.7882 0.4640
vn 0.7530 -0.3604 0.5506
vn -0.6950 -0.7090 -0.1195
vn -0.4699 -0.2952 0.8319
vn 0.6700 0.7063 0.2284
vn -0.6673 0.3702 -0.6463
vn 0.4671 -0.7813 -0.4140
vn 0.9292 -0.0284 -0.3684
vn -0.3887 0.9098 -0.1455
vn 0.0238 -0.1999 0.9795
vn -0.5642 -0.6818 -0.4656
vn -0.3780 0.0003 -0.9258
vn -0.6030 0.5185 0.6063
vn 0.9063 0.4226 -0.0096
vn 0.0747 -0.9414 0.3290
vn -0.4011 -0.0246 -0.9157
vn -0.5837 -0.5080 0.6334
vn 0.0761 0.9493 0.3051
vn 0.9088 -0.4166 -0.0229
vn -0.1195 0.0174 0.9927
vn -0.8761 -0.2022 -0.4377
vn 0.6651 -0.7060 -0.2434
vn 0.3305 0.8909 -0.3116
vn -0.2378 0.7291 -0.6418
vn -0.0190 -0.8804 -0.4738
vn -0.6602 -0.0114 0.7510
vn 0.9168 0.1629 0.3647
vn 0.4678 -0.7917 0.3930
vn -0.9742 -0.2034 -0.0980
vn 0.3896 0.2058 -0.8977
vn 0.1165 0.7894 0.6028
vn -0.0376 -0.8035 0.5941
vn -0.5069 0.7511 0.4229
vn -0.4085 -0.2209 -0.8856
vn 0.9529 0.2732 -0.1314
vn 0.3753 0.9244 -0.0676
vn -0.9341 -0.0073 -0.3569
vn -0.0065 -0.2877 0.9577
vn 0.5655 -0.6293 -0.5331
vn 0.0018 -0.2707 -0.9627
vn -0.7906 -0.4057 0.4586
vn -0.0513 0.9965 0.0662
vn 0.8401 -0.3203 0.4378
vn -0.1123 -0.3258 -0.9388
vn 0.2333 -0.7698 0.5942
vn -0.8539 0.4160 0.3128
vn 0.7330 0.6795 0.0317
vn -0.3136 -0.2540 0.9150
vn 0.0210 -0.8126 -0.5825
vn 0.9181 0.3918 0.0592
vn -0.6257 0.6746 -0.3918
vn -0.9563 0.2431 -0.1627
vn 0.4241 -0.2797 -0.8614
vn 0.0451 -0.7547 0.6545
vn 0.4868 0.7915 0.3695
vn 0.1605 -0.5315 0.8317
vn -0.3084 -0.6094 -0.7305
vn 0.8491 0.4497 -0.2771
vn -0.7010 0.6911 0.1759
vn -0.5170 -0.4879 -0.7033
vn 0.9153 0.2096 -0.3441
vn 0.0740 -0.5724 0.8166
vn -0.4722 0.8508 0.2307
vn 0.3819 -0.9016 -0.2032
vn -0.0178 0.5503 -0.8348
vn 0.5666 0.4548 0.6871
vn -0.9307 -0.1035 0.3508
vn -0.6255 0.7662 -0.1473
vn 0.9440 0.3260 -0.0497
vn -0.1505 -0.6936 -0.7045
vn -0.1678 -0.3987 0.9016
vn 0.6362 -0.6239 0.4539
vn 0.3586 0.2442 -0.9010
vn -0.1064 0.8271 0.5518
vn -0.8881 -0.4475 -0.1048
vn -0.6119 0.6239 -0.4862
vn 0.8318 0.4879 0.2647
vn 0.2385 -0.7657 -0.5973
vn -0.4583 -0.3461 0.8187
vn 0.1165 0.0901 0.9891
vn 0.8811 -0.2155 -0.4211
vn -0.3469 0.8599 -0.3744
vn -0.6506 -0.7344 -0.1936
vn 0.0779 -0.1821 -0.9802
vn 0.5658 0.7893 0.2385
vn 0.3106 -0.8000 0.5133
vn -0.9543 0.1928 0.2285
vn -0.0168 0.3782 -0.9256
vn -0.1621 0.7317 0.6621
vn 0.8928 -0.4154 0.1741
vn -0.7139 -0.6945 0.0893
vn 0.0620 -0.2505 0.9661
vn 0.2473 0.9625 -0.1113
vn -0.9358 -0.1431 -0.3221
vn 0.6265 -0.5689 -0.5328
vn -0.3845 0.0155 -0.9230
vn -0.7274 0.1620 0.6669
vn 0.6945 0.7146 0.0839
vn 0.4174 -0.8922 0.1723
vn 0.2952 -0.1068 0.9495
vn -0.5616 0.8232 -0.0839
vn -0.5360 -0.7984 -0.2744
vn 0.8024 0.0818 -0.5912
vn 0.0179 0.5415 -0.8405
vn -0.9267 -0.3413 0.1572
vn 0.2797 0.5720 0.7711
vn 0.6292 -0.7723 -0.0876
vn -0.0631 -0.8953 0.4410
vn -0.6304 0.6359 0.4452
vn -0.2413 -0.0868 -0.9666
vn 0.9347 0.3462 0.0805
vn 0.0016 0.9265 -0.3762
vn -0.9380 -0.3450 0.0323
vn 0.3818 0.0150 0.9241
vn 0.5546 -0.5964 -0.5803
vn -0.0133 -0.9410 0.3381
vn -0.4946 0.5905 0.6378
vn -0.4387 0.0378 -0.8979
vn 0.9466 0.3127 -0.0781
vn 0.2491 0.9674 0.0463
vn -0.9846 -0.0840 -0.1534
vn 0.2425 -0.4481 0.8604
vn 0.4930 -0.4351 -0.7534
vn -0.3137 -0.9495 0.0122
vn -0.5337 0.5356 0.6544
vn -0.1201 0.3790 -0.9176
vn 0.9674 0.0348 0.2510
vn -0.5136 -0.8574 0.0331
vn -0.1016 0.4830 0.8697
vn -0.3522 0.5709 -0.7417
vn 0.9672 -0.1965 -0.1613
vn 0.0760 0.2263 -0.9711
vn -0.2197 0.8263 0.5186
vn 0.8684 -0.3755 0.3238
vn -0.7247 -0.6769 0.1289
vn 0.3478 0.6282 0.6960
vn 0.7079 -0.6679 -0.2297
vn -0.2504 0.5157 -0.8193
vn -0.8054 -0.4761 0.3529
vn 0.5559 -0.0810 0.8273
vn 0.4151 -0.5369 -0.7344
vn -0.0493 0.9600 -0.2757
vn -0.9217 -0.3420 0.1828
vn 0.4709 0.8231 0.3175
vn 0.6668 -0.6375 -0.3860
vn -0.6687 0.2479 -0.7010
vn -0.4690 -0.4336 0.7695
vn 0.2048 -0.8958 0.3945
vn -0.1967 -0.1022 -0.9751
vn 0.7874 0.6048 0.1195
vn -0.7954 0.3932 0.4612
vn -0.3816 0.7870 -0.4848
vn 0.7659 -0.3741 -0.5228
vn -0.7057 -0.7006 0.1054
vn 0.3212 0.2880 0.9021
vn 0.2722 -0.1368 0.9525
vn 0.3921 -0.7249 -0.5664
vn 0.3331 0.8879 -0.3174
vn -0.9973 -0.0262 -0.0688
vn -0.0546 -0.3844 0.9216
vn 0.3338 -0.6983 -0.6332
vn 0.6285 0.7778 0.0003
vn -0.9076 0.3050 -0.2885
vn -0.4100 -0.1265 -0.9033
vn 0.9891 0.1119 -0.0957
vn -0.1913 -0.8003 0.5682
vn -0.3877 0.8150 0.4306
vn 0.4342 0.3610 0.8253
vn 0.4147 -0.8783 -0.2379
vn 0.1291 0.6445 -0.7536
vn -0.9779 -0.1272 0.1662
vn 0.0323 -0.3125 0.9494
vn -0.1951 -0.7759 -0.5999
vn 0.8817 0.4007 -0.2492
vn -0.7190 0.6878 -0.1002
vn 0.4188 -0.8071 0.4162
vn -0.9946 -0.0593 0.0850
vn 0.2499 0.0438 -0.9673
vn 0.3260 0.8225 0.4661
vn -0.1701 -0.1076 -0.9795
vn -0.3672 -0.7899 0.4911
vn -0.4472 0.8328 0.3263
vn 0.9846 0.0650 0.1621
vn 0.5690 -0.4142 0.7104
vn -0.9048 0.2034 0.3741
vn -0.0913 -0.6356 -0.7666
vn 0.4272 0.8465 -0.3178
vn -0.6208 0.2886 -0.7289
vn -0.3708 -0.8116 0.4515
vn 0.0963 0.7380 0.6679
vn 0.8952 -0.2150 -0.3903
vn -0.0822 -0.0742 -0.9939
vn -0.2592 -0.8689 0.4217
vn -0.6043 0.7247 0.3312
vn 0.9456 0.2185 0.2411
vn 0.5084 -0.7757 0.3738
vn -0.9768 -0.1274 0.1721
vn 0.1599 0.0594 -0.9853
vn 0.3088 0.8436 0.4393
vn -0.1634 -0.6804 -0.7144
vn -0.1371 -0.4192 0.8975
vn -0.6379 0.7618 -0.1129
vn 0.9386 0.3378 -0.0700
vn -0.8513 -0.1807 0.4926
vn 0.4133 -0.8665 -0.2799
vn 0.6322 0.4935 0.5973
vn -0.1941 0.5538 -0.8097
vn 0.3260 -0.7419 0.5859
vn -0.8946 -0.2410 -0.3763
vn 0.6482 0.1439 -0.7477
vn -0.0798 0.8390 0.5382
vn -0.2070 -0.9607 -0.1850
vn -0.3767 0.2564 0.8901
vn -0.4077 0.5718 -0.7119
vn 0.9911 0.1326 0.0068
vn 0.1800 -0.8717 0.4558
vn 0.2851 0.7520 0.5943
vn -0.9780 0.0798 -0.1925
vn 0.5128 0.0397 -0.8576
vn 0.9798 -0.1380 0.1447
vn -0.1871 0.9769 -0.1033
vn -0.5063 -0.3552 0.7858
vn -0.2863 -0.4835 -0.8272
vn -0.9723 0.2267 -0.0570
vn 0.4432 0.5987 0.6671
vn 0.4251 0.1270 -0.8962
vn 0.1041 -0.9525 0.2861
vn 0.6169 -0.4192 0.6661
vn 0.4578 0.7743 -0.4369
vn -0.8254 0.3197 0.4654
vn -0.2493 -0.6749 -0.6945
vn 0.0709 -0.3472 -0.9351
vn -0.2965 0.9548 -0.0205
vn 0.8921 -0.0626 0.4474
vn -0.6668 -0.5450 0.5082
vn -0.6673 0.3628 0.6504
vn 0.7997 0.5998 -0.0263
vn -0.4124 -0.0460 -0.9098
vn 0.2798 -0.9165 0.2858
vn -0.4750 0.8533 0.2151
vn 0.7189 -0.1608 0.6762
vn 0.4075 0.0658 -0.9108
vn -0.6516 -0.7583 0.0196
vn 0.0278 -0.8906 0.4540
vn 0.8743 0.1693 -0.4550
vn -0.1667 0.7152 0.6787
vn -0.7352 0.0062 -0.6778
vn -0.0776 0.7666 -0.6374
vn 0.7957 0.1365 0.5902
vn 0.1082 -0.8512 -0.5136
vn -0.8262 -0.0520 0.5609
vn 0.0504 -0.5928 0.8038
vn 0.8706 -0.0297 -0.4910
vn -0.1878 0.9386 0.2893
vn -0.7332 -0.3162 -0.6021
vn -0.0236 -0.2919 -0.9562
vn 0.5718 0.8159 0.0854
vn 0.3800 -0.7338 0.5632
vn -0.9281 0.2097 0.3076
vn 0.0324 0.4274 0.9035
vn 0.9213 -0.2805 -0.2693
vn -0.3571 0.6550 -0.6659
vn -0.5966 -0.8019 0.0317
vn 0.3922 0.7013 0.5952
vn 0.3830 -0.8923 0.2390
vn 0.2175 0.2116 -0.9529
vn -0.9927 -0.0205 0.1187
vn -0.3996 -0.2773 0.8738
vn -0.1127 -0.7367 -0.6668
vn 0.9736 0.1911 0.1244
vn -0.4615 0.8229 -0.3315
vn 0.1114 0.3458 -0.9317
vn 0.1784 -0.9839 0.0137
vn -0.9345 0.1738 0.3106
vn 0.6448 0.4642 0.6073
vn -0.1751 -0.2734 0.9458
vn -0.7680 -0.2806 -0.5757
vn 0.8376 -0.4395 -0.3244
vn 0.1055 0.9934 -0.0457
vn -0.0486 0.4013 -0.9147
vn -0.0248 -0.9971 -0.0719
vn -0.7780 0.3146 0.5438
vn 0.8515 0.2811 0.4426
vn 0.6345 -0.5982 0.4895
vn -0.9401 -0.2719 0.2056
vn 0.1616 -0.0765 -0.9839
vn 0.1438 0.9465 0.2888
vn -0.0711 -0.0650 -0.9953
vn -0.2576 -0.8748 0.4102
vn -0.6127 0.7173 0.3317
vn 0.9415 0.2225 0.2533
vn 0.6298 -0.7495 0.2041
vn -0.8353 -0.1106 0.5385
vn -0.2273 -0.0113 -0.9738
vn 0.4328 0.8713 0.2313
vn -0.2844 0.6981 0.6571
vn -0.8070 -0.3821 -0.4502
vn 0.4907 -0.7282 0.4785
vn 0.6004 0.4121 -0.6854
vn 0.0095 -0.1682 -0.9857
vn -0.2868 -0.8309 0.4768
vn -0.6399 0.7404 0.2057
vn 0.9172 0.2587 0.3030
vn -0.7705 -0.0294 -0.6367
vn 0.5074 -0.8602 -0.0511
vn -0.3414 0.1310 0.9307
vn 0.6047 0.7585 -0.2429
vn -0.1056 -0.9686 0.2250
vn -0.0133 0.1148 -0.9933
vn 0.8704 0.3333 0.3624
vn -0.7513 0.5204 0.4059
vn 0.5693 -0.3492 -0.7442
vn -0.9124 -0.4048 -0.0602
vn -0.0713 0.9948 -0.0733
vn 0.4142 -0.2407 0.8778
vn -0.4192 -0.0816 -0.9042
vn 0.3388 -0.8943 0.2922
vn -0.6808 0.3285 0.6547
vn 0.7612 0.6472 -0.0426
vn -0.5178 -0.8265 -0.2208
vn 0.7966 0.0648 -0.6010
vn 0.3032 -0.0412 0.9520
vn -0.5820 0.8027 -0.1302
vn 0.4505 -0.8548 -0.2577
vn -0.6635 0.2528 -0.7042
vn 0.6843 0.7239 0.0883
vn -0.4712 -0.1217 0.8736
vn 0.2772 -0.2955 -0.9142
vn -0.7066 -0.6155 0.3490
vn -0.3618 0.9311 -0.0460
vn 0.7912 -0.0201 0.6112
vn -0.5650 -0.3603 -0.7423
vn 0.6258 -0.7120 0.3185
vn -0.5874 0.2896 0.7557
vn 0.5266 0.7826 -0.3318
vn -0.3835 -0.9229 0.0339
vn 0.5299 0.1102 -0.8409
vn 0.5957 0.1428 0.7904
vn -0.7420 0.6702 0.0163
vn 0.5146 -0.7956 -0.3198
vn -0.8386 0.0924 -0.5369
vn 0.5577 0.8230 -0.1080
vn -0.2338 -0.1198 0.9649
vn 0.1369 -0.3474 -0.9277
vn -0.4697 -0.6913 0.5491
vn -0.5541 0.8318 -0.0339
vn 0.8872 0.2069 0.4124
vn -0.7364 -0.5003 -0.4555
vn 0.8542 -0.5127 -0.0863
vn -0.2236 0.1146 0.9679
vn 0.1058 0.8984 -0.4262
vn 0.0088 -0.9999 0.0090
vn 0.0022 0.3248 -0.9458
vn 0.8111 0.3446 0.4726
vn -0.8218 0.3306 0.4642
vn 0.5523 -0.5830 -0.5959
vn -0.9638 -0.2519 -0.0873
vn 0.1196 0.9567 -0.2655
vn 0.2919 -0.1219 0.9486
vn -0.3194 -0.3281 -0.8890
vn 0.1783 -0.7805 0.5992
vn -0.7008 0.5829 0.4113
vn 0.8418 0.5260 -0.1215
vn -0.4605 -0.5664 -0.6834
vn 0.9049 -0.3795 0.1928
vn -0.5416 0.0144 0.8405
vn 0.0972 0.9317 -0.3500
vn -0.9301 0.3672 -0.0011
vn 0.5605 0.5099 -0.6526
vn -0.0224 -0.9648 -0.2621
vn 0.3919 0.0877 0.9158
vn 0.9292 -0.0751 -0.3619
vn -0.6144 -0.5795 -0.5354
vn -0.3043 0.9508 -0.0578
vn -0.0106 -0.2961 0.9551
vn -0.0399 0.0998 -0.9942
vn 0.3341 -0.9140 0.2300
vn -0.9142 0.1272 0.3848
vn 0.6199 0.6869 0.3793
vn -0.5031 -0.7741 -0.3842
vn 0.8060 0.1859 -0.5620
vn 0.2874 -0.2191 0.9324
vn -0.5903 0.8071 0.0141
vn 0.4886 -0.5036 -0.7125
vn -0.9650 0.0790 -0.2502
vn 0.3959 0.9135 0.0939
vn 0.0803 -0.4888 0.8687
vn 0.0797 -0.0253 -0.9965
vn -0.4738 -0.8215 0.3173
vn -0.5189 0.8103 0.2724
vn 0.9128 0.0365 0.4067
vn -0.7419 -0.3260 -0.5860
vn 0.8229 -0.5418 -0.1713
vn -0.2670 -0.0939 0.9591
vn 0.1861 0.9616 -0.2017
vn -0.0821 -0.9954 0.0486
vn -0.2241 0.3080 -0.9246
vn 0.9371 0.2684 0.2230
vn -0.6310 0.4190 0.6529
vn 0.7857 -0.0046 -0.6186
vn -0.6545 -0.6994 -0.2872
vn -0.4392 0.8980 -0.0258
vn 0.3079 -0.1940 0.9315
vn -0.4156 -0.6530 0.6332
vn -0.7174 0.4593 -0.5238
vn 0.6108 -0.4853 -0.6257
vn 0.5222 0.6788 0.5162
vn -0.7949 -0.5289 -0.2973
vn -0.2282 0.5054 0.8322
vn 0.2605 0.6433 -0.7199
vn 0.7626 -0.6198 0.1851
vn -0.9542 0.2975 -0.0317
vn 0.0874 -0.7729 0.6285
vn 0.5741 0.7547 0.3177
vn 0.2927 -0.2794 -0.9145
vn 0.3366 0.2412 0.9102
vn -0.9815 -0.1858 0.0457
vn 0.4786 -0.8149 -0.3270
vn 0.1663 0.7593 -0.6291
vn -0.3275 -0.4789 0.8145
vn -0.0902 0.9868 0.1346
vn -0.5431 -0.2793 -0.7918
vn 0.9607 -0.2286 -0.1575
vn -0.7110 0.4601 -0.5318
vn -0.2794 -0.0485 0.9589
vn 0.8550 0.5135 -0.0725
vn 0.1355 -0.9250 -0.3550
vn 0.1089 -0.9258 0.3619
vn 0.4439 0.6524 0.6142
vn -0.9734 0.2180 -0.0708
vn 0.4208 0.0555 -0.9055
vn 0.9439 0.2060 -0.2580
vn -0.5180 0.8519 0.0770
vn -0.0088 -0.4762 0.8793
vn -0.4170 -0.5817 -0.6984
vn 0.5240 0.7508 0.4021
vn -0.0051 0.0926 -0.9957
vn -0.9392 0.0283 0.3421
vn 0.4202 -0.8719 0.2514
vn -0.1074 0.8962 -0.4304
vn 0.9711 -0.2343 0.0444
vn -0.4847 -0.6888 -0.5391
vn -0.3788 0.0269 0.9251
vn 0.5706 0.2854 -0.7700
vn 0.0441 0.6910 0.7215
vn 0.3318 -0.8740 0.3550
vn -0.9464 -0.1022 -0.3064
vn 0.9001 0.4189 0.1195
vn -0.5704 0.5923 -0.5690
vn -0.4325 -0.1210 0.8935
vn 0.1029 -0.8900 -0.4441
vn 0.0399 0.9854 0.1657
vn 0.6669 -0.2472 -0.7030
vn -0.9178 -0.2493 -0.3090
vn 0.2111 -0.4892 0.8462
vn 0.1830 0.7068 -0.6834
vn 0.6888 0.0495 0.7233
vn 0.0363 -0.9003 -0.4337
vn -0.9079 0.1440 0.3937
vn 0.9337 0.1668 -0.3169
vn -0.4113 0.8629 0.2937
vn 0.0181 -0.6394 0.7687
vn -0.5403 -0.3904 -0.7454
vn 0.4990 0.5787 0.6451
vn 0.1363 0.3426 -0.9296
vn -0.9749 0.0173 0.2218
vn 0.3396 -0.9385 0.0626
vn 0.3389 0.9408 0.0072
vn 0.7223 -0.6119 -0.3224
vn -0.7893 -0.0653 -0.6105
vn -0.2716 -0.2636 0.9256
vn -0.4056 -0.1242 -0.9056
vn 0.8231 0.5625 -0.0778
vn 0.2405 -0.8921 0.3825
vn -0.6583 0.4536 0.6008
vn -0.1824 -0.0688 -0.9808
vn 0.6444 0.7460 0.1678
vn 0.3927 -0.8596 0.3269
vn -0.8547 0.1823 0.4860
vn 0.1768 -0.9840 -0.0207
vn 0.5093 0.4456 -0.7363
vn 0.2921 0.3730 0.8807
vn -0.9784 0.1655 -0.1238
vn -0.1385 0.9900 -0.0249
vn 0.9696 -0.1973 0.1449
vn -0.2953 -0.4001 -0.8676
vn -0.5356 -0.3928 0.7476
vn 0.2449 -0.8481 0.4698
vn 0.4904 0.0529 -0.8699
vn 0.2498 0.7817 0.5715
vn -0.9851 0.0133 -0.1715
vn -0.2576 0.7864 -0.5614
vn 0.9873 0.0131 0.1586
vn -0.2504 -0.8444 -0.4736
vn -0.4791 0.0449 0.8766
vn 0.3796 -0.1662 0.9101
vn 0.4706 -0.5768 -0.6677
vn 0.1258 0.9618 -0.2431
vn -0.9758 -0.2187 0.0007
vn -0.2935 -0.9036 0.3121
vn 0.1634 -0.0250 -0.9862
vn 0.8435 0.2578 0.4713
vn -0.7135 0.6706 0.2030
vn 0.9264 0.0569 -0.3723
vn -0.5832 -0.5083 -0.6336
vn -0.3668 0.9220 0.1240
vn 0.0235 -0.4707 0.8820
vn 0.2663 0.7030 -0.6594
vn -0.7288 -0.5632 -0.3894
vn -0.3273 0.4361 0.8383
vn 0.7899 -0.5760 0.2106
vn 0.3230 -0.9395 -0.1140
vn -0.8621 -0.0031 0.5068
vn -0.1429 0.4148 -0.8986
vn 0.6822 0.5279 0.5060
vn -0.4536 0.8429 0.2894
vn -0.6136 -0.5219 -0.5926
vn 0.2318 -0.5470 0.8044
vn 0.8354 0.2262 -0.5009
vn -0.8029 0.5924 0.0666
vn 0.3201 -0.0223 -0.9471
vn -0.2429 -0.9252 0.2915
vn 0.7258 0.3553 0.5890
vn 0.9739 -0.2013 -0.1049
vn -0.5360 -0.6723 -0.5105
vn -0.1912 0.9160 -0.3527
vn -0.2470 -0.0425 0.9681
vn -0.5108 -0.6268 0.5884
vn -0.5784 0.2859 -0.7641
vn 0.8136 -0.4622 -0.3527
vn 0.2755 0.8031 0.5283
vn -0.1352 0.0801 0.9876
vn -0.4080 0.7901 -0.4575
vn -0.4358 -0.8377 -0.3291
vn 0.9790 -0.0323 -0.2011
vn -0.1487 0.7555 -0.6381
vn -0.8513 -0.1988 0.4855
vn 0.7079 0.2545 0.6588
vn 0.2922 -0.8113 -0.5064
vn -0.5934 -0.5238 -0.6112
vn -0.0016 -0.4204 0.9073
vn -0.3363 0.9394 0.0673
vn 0.9316 0.0046 -0.3634
vn 0.9467 -0.0480 0.3185
vn -0.5631 0.4493 0.6936
vn -0.3446 -0.9249 -0.1608
vn -0.0390 0.5232 -0.8513
vn -0.9996 -0.0056 -0.0271
vn 0.3115 -0.3543 0.8817
vn 0.3313 0.9360 -0.1191
vn 0.3567 -0.5758 -0.7357
vn -0.8862 -0.1715 0.4303
vn 0.5907 -0.7973 0.1242
vn 0.4263 0.8000 0.4223
vn -0.1309 0.1688 -0.9769
vn 0.5425 -0.3625 -0.7578
vn 0.6050 0.2347 0.7609
vn -0.6586 -0.6906 0.2989
vn -0.4889 0.8185 -0.3018
vn -0.1537 0.8786 0.4522
vn 0.2501 -0.6868 0.6825
vn 0.7400 0.0929 -0.6661
vn -0.8364 -0.2847 -0.4684
vn 0.0625 -0.9372 -0.3432
vn 0.9072 0.3137 0.2803
vn -0.6191 0.0268 0.7849
vn -0.3507 0.5966 -0.7218
vn 0.2869 0.8610 -0.4200
vn 0.2069 0.0211 0.9781
vn 0.4901 -0.7592 -0.4282
vn -0.9839 -0.1229 -0.1298
vn -0.2531 -0.7617 0.5964
vn 0.9863 0.1549 0.0574
vn -0.4844 0.8254 0.2899
vn -0.2488 -0.2185 -0.9436
vn 0.1635 -0.8424 0.5134
vn 0.7019 0.1023 -0.7049
vn 0.0363 0.7819 0.6224
vn -0.9015 -0.0417 -0.4308
vn 0.6687 -0.3491 0.6565
vn 0.0344 -0.5498 -0.8346
vn 0.2133 0.9522 -0.2188
vn -0.9163 -0.0534 0.3969
vn -0.4277 -0.8581 0.2841
vn -0.3551 0.2691 -0.8953
vn 0.9905 -0.1245 -0.0580
vn -0.2077 0.7135 0.6692
vn 0.3978 0.8671 -0.2997
vn 0.1631 -0.6997 -0.6956
vn -0.9844 0.1136 0.1343
vn 0.4235 -0.2810 0.8612
vn 0.1992 -0.9335 0.2980
vn -0.7021 -0.0200 -0.7118
vn 0.8321 0.4184 -0.3640
vn -0.3294 0.5351 0.7779
vn -0.5227 0.8442 -0.1190
vn 0.3574 -0.2985 -0.8850
vn -0.5950 -0.7104 0.3760
vn 0.7604 0.1646 0.6283
vn 0.3944 -0.9155 0.0798
vn -0.7007 -0.0000 -0.7135
vn 0.7187 0.6530 -0.2388
vn -0.4124 0.2623 0.8724
vn -0.6611 0.7496 0.0341
vn 0.4282 -0.0259 -0.9033
vn -0.4691 -0.8663 0.1715
vn 0.7020 0.1429 0.6977
vn 0.9726 0.1845 -0.1413
vn -0.2986 -0.7153 -0.6318
vn -0.5253 0.8341 -0.1684
vn -0.1487 -0.3032 0.9412
vn 0.7822 -0.5856 -0.2127
vn -0.1298 0.0362 0.9909
vn -0.8220 -0.3727 -0.4306
vn 0.1695 0.9221 -0.3477
vn -0.3918 0.8954 0.2117
vn -0.6368 -0.7175 0.2823
vn 0.8647 -0.1099 0.4902
vn 0.1640 -0.0678 -0.9841
vn 0.2251 -0.9734 0.0419
vn -0.1991 0.3361 0.9205
vn -0.8012 0.1320 -0.5837
vn 0.7753 0.5053 -0.3788
vn -0.0226 -0.9118 0.4101
vn 0.6938 0.5549 0.4590
vn -0.8952 0.4338 0.1024
vn 0.2239 -0.0770 -0.9716
vn 0.3097 0.8582 -0.4094
vn -0.5674 0.1976 0.7994
vn 0.7930 -0.5412 0.2798
vn -0.5354 -0.5146 -0.6697
vn -0.5785 -0.7840 0.2251
vn 0.4639 0.3199 0.8261
vn -0.5659 0.7364 -0.3708
vn 0.6804 -0.2725 -0.6803
vn 0.5832 0.8071 -0.0916
vn -0.6865 0.1635 0.7085
vn 0.5600 -0.7886 0.2539
vn -0.4568 -0.1821 -0.8707
vn -0.2173 0.9439 -0.2488
vn -0.8041 -0.4304 0.4100
vn 0.7532 -0.0063 0.6578
vn 0.2682 -0.5072 -0.8190
vn 0.2576 0.0914 -0.9619
vn -0.6680 -0.7377 0.0976
vn -0.4018 0.8578 0.3206
vn 0.8122 -0.2115 0.5437
vn -0.4653 -0.8799 0.0965
vn -0.5558 0.6109 -0.5638
vn 0.8890 -0.1394 -0.4361
vn 0.1324 0.4082 0.9033
vn -0.0950 0.9344 0.3433
vn 0.2062 0.0238 -0.9782
vn -0.8542 -0.4983 0.1487
vn 0.7429 -0.4599 0.4864
vn -0.1091 -0.9230 -0.3690
vn -0.6687 0.6101 -0.4251
vn 0.9235 0.3303 -0.1950
vn -0.1458 -0.0172 0.9892
vn -0.4424 0.0124 0.8967
vn -0.5712 0.4877 -0.6602
vn 0.1209 -0.9466 -0.2989
vn 0.8926 0.4465 0.0624
vn -0.5962 0.7074 0.3796
vn -0.4530 -0.4358 -0.7777
vn 0.1914 -0.6863 0.7017
vn 0.8579 0.4147 -0.3034
vn -0.7505 -0.6317 0.1942
vn -0.3728 0.8901 -0.2623
vn 0.5555 -0.3623 -0.7484
vn 0.5681 0.1040 0.8164
vn -0.5340 0.2742 -0.7998
vn -0.6187 -0.2240 0.7530
vn 0.5999 0.7518 0.2738
vn 0.5528 -0.8017 -0.2272
vn -0.7785 0.5782 0.2442
vn -0.3100 -0.7439 -0.5920
vn 0.4051 -0.3817 0.8308
vn 0.6832 0.5477 -0.4830
vn -0.9970 -0.0330 0.0694
vn 0.2602 0.3292 -0.9077
vn 0.3745 -0.9162 0.1425
vn 0.3622 0.6202 0.6958
vn -0.8971 -0.1883 -0.3997
vn 0.2135 0.9714 -0.1035
vn 0.6950 -0.5457 -0.4683
vn -0.0113 -0.2374 0.9714
vn 0.6679 0.4371 0.6023
vn 0.3949 -0.1087 -0.9123
vn -0.8200 0.5695 -0.0572
vn -0.2428 -0.8979 0.3672
vn -0.5110 0.3090 -0.8021
vn 0.8777 0.4775 0.0405
vn 0.1591 -0.9851 -0.0654
vn -0.5259 0.1985 0.8271
vn -0.1767 0.9141 0.3649
vn 0.8125 -0.3828 0.4395
vn 0.1509 0.0583 -0.9868
vn -0.7869 -0.5896 0.1822
vn -0.3947 -0.3971 0.8286
vn 0.6287 -0.6562 -0.4174
vn 0.4975 0.8351 0.2345
vn -0.7316 0.2182 -0.6459
vn 0.1350 0.0578 -0.9892
vn 0.8853 0.0599 0.4611
vn -0.4358 -0.8711 0.2265
vn -0.5844 0.7533 0.3016
vn 0.6009 -0.2768 -0.7499
vn 0.2757 0.9018 0.3328
vn 0.0676 -0.6648 0.7440
vn -0.9442 0.0397 -0.3270
vn -0.6596 0.7514 0.0204
vn 0.4376 -0.0839 0.8952
vn 0.6949 0.1856 -0.6948
vn -0.4729 -0.8530 -0.2208
vn 0.3986 -0.9035 0.1576
vn 0.6853 0.7038 0.1871
vn -0.7843 0.1288 0.6069
vn -0.2996 0.0709 -0.9514
vn -0.2935 0.9340 -0.2038
vn 0.3025 -0.0539 0.9516
vn 0.7556 -0.2515 -0.6048
vn -0.7645 -0.6285 -0.1431
vn -0.5534 -0.5412 0.6331
vn 0.9696 -0.1727 0.1734
vn -0.1947 0.9717 0.1337
vn -0.2214 -0.2580 -0.9404
vn 0.6263 0.2503 -0.7383
vn 0.3042 0.4236 0.8532
vn -0.0093 -0.9943 0.1065
vn -0.9211 0.3203 -0.2214
vn 0.2599 0.7222 -0.6410
vn -0.3530 0.4111 0.8405
vn 0.8005 -0.5599 0.2137
vn -0.7073 -0.5736 -0.4131
vn -0.2398 0.6985 -0.6742
vn -0.8192 -0.2693 0.5063
vn 0.6784 0.3687 0.6355
vn 0.3804 -0.7980 -0.4675
vn 0.2151 -0.8413 0.4959
vn -0.7185 0.4982 0.4853
vn -0.3159 -0.2272 -0.9212
vn 0.8191 0.5705 -0.0600
vn -0.2125 0.9194 -0.3310
vn -0.7726 -0.6075 -0.1847
vn 0.1715 0.0313 0.9847
vn 0.8136 -0.3433 -0.4694
vn 0.1706 -0.9596 0.2238
vn -0.8428 0.3015 0.4459
vn -0.0930 0.0999 -0.9906
vn 0.7652 0.5582 0.3208
vn -0.1047 0.8253 0.5550
vn -0.6707 0.0094 -0.7417
vn -0.1470 -0.8070 0.5720
vn 0.9224 -0.0277 -0.3853
vn 0.2382 -0.7040 -0.6690
vn -0.9784 -0.0485 0.2009
vn 0.2194 0.9016 -0.3727
vn 0.5207 -0.1491 0.8406
vn -0.2996 0.6880 0.6610
vn -0.4311 0.1777 -0.8846
vn -0.2634 -0.9092 0.3225
vn 0.9941 0.0434 -0.0989
vn 0.5790 -0.0151 -0.8152
vn -0.8372 -0.5177 -0.1762
vn -0.2343 0.9457 0.2255
vn 0.4925 -0.4128 0.7662
vn -0.3256 -0.5892 0.7395
vn -0.7698 0.5110 -0.3824
vn 0.4156 -0.5617 -0.7154
vn 0.6797 0.6400 0.3582
vn -0.5325 -0.8153 -0.2274
vn -0.4914 0.5392 0.6840
vn 0.1350 0.5503 -0.8240
vn 0.8887 -0.2743 0.3673
vn -0.8972 0.4354 0.0739
vn 0.0157 -0.8277 0.5610
vn 0.7051 0.6329 0.3196
vn 0.1761 -0.2406 -0.9545
vn -0.1740 -0.2403 0.9550
vn -0.7748 -0.2878 -0.5629
vn 0.8295 -0.4618 -0.3141
vn 0.1194 0.9898 -0.0781
vn -0.5074 -0.7412 0.4395
vn -0.4453 0.8728 0.1999
vn 0.0158 -0.1473 -0.9890
vn 0.9368 0.0157 0.3496
vn -0.9902 0.0217 -0.1379
vn 0.1992 -0.2398 0.9502
vn 0.3848 0.9001 -0.2044
vn 0.4063 -0.6820 -0.6081
vn -0.6474 0.2730 0.7116
vn -0.1508 -0.9596 -0.2374
vn 0.9344 0.1172 0.3363
vn -0.1361 0.5692 -0.8108
vn -0.6702 -0.3626 0.6476
vn -0.3275 -0.1430 -0.9340
vn 0.8723 -0.4731 0.1233
vn 0.1255 0.9786 0.1629
vn 0.2633 -0.8642 0.4288
vn -0.4368 -0.1842 -0.8805
vn 0.8142 0.5627 -0.1429
vn -0.6406 0.4857 0.5947
vn 0.5389 0.7262 -0.4267
vn 0.6089 -0.7336 0.3017
vn -0.6554 -0.3620 -0.6629
vn -0.4926 0.3695 0.7879
vn -0.1423 -0.1643 0.9761
vn -0.1122 -0.8574 -0.5022
vn 0.9235 0.3542 -0.1473
vn -0.6690 0.6676 -0.3267
vn 0.5452 -0.7634 0.3465
vn -0.9477 -0.1033 0.3020
vn 0.0326 0.0062 -0.9995
vn 0.3699 0.8602 0.3509
vn -0.6848 -0.7283 -0.0245
vn 0.4676 -0.0116 0.8838
vn -0.4493 0.8842 -0.1278
vn 0.6663 -0.1444 -0.7316
vn -0.5238 -0.3611 0.7715
vn 0.5944 -0.7170 -0.3642
vn 0.5577 0.7711 0.3074
vn -0.6283 0.3072 -0.7147
vn 0.4674 -0.5933 0.6554
vn -0.7909 -0.4803 -0.3791
vn 0.6291 0.2413 -0.7389
vn -0.3056 0.8323 0.4626
vn 0.2713 -0.9473 -0.1704
vn -0.4987 0.0535 0.8651
vn -0.5882 0.3174 -0.7438
vn 0.8156 0.5765 0.0494
vn -0.9986 -0.0462 -0.0238
vn 0.3600 -0.8108 0.4615
vn 0.2840 0.8201 0.4968
vn 0.3545 0.0369 -0.9343
vn -0.2296 -0.7746 -0.5894
vn 0.9498 -0.0813 0.3020
vn -0.6042 0.0031 0.7968
vn -0.1159 0.8526 -0.5095
s 0
f 1//1 2//1 3//1
f 1//2 3//2 4//2
f 1//3 4//3 2//3
f 2//4 4//4 3//4
f 2//5 7//5 5//5
f 2//6 5//6 6//6
f 2//7 6//7 7//7
f 7//8 6//8 5//8
f 7//9 8//9 9//9
f 7//10 9//10 10//10
f 7//11 10//11 8//11
f 8//12 10//12 9//12
f 8//13 13//13 11//13
f 8//14 11//14 12//14
f 8//15 12//15 13//15
f 13//16 12//16 11//16
f 13//17 14//17 15//17
f 13//18 15//18 16//18
f 13//19 16//19 14//19
f 14//20 16//20 15//20
f 14//21 19//21 17//21
f 14//22 17//22 18//22
f 14//23 18//23 19//23
f 19//24 18//24 17//24
f 19//25 22//25 20//25
f 19//26 20//26 21//26
f 19//27 21//27 22//27
f 22//28 21//28 20//28
f 22//29 23//29 24//29
f 22//30 24//30 25//30
f 22//31 25//31 23//31
f 23//32 25//32 24//32
f 23//33 28//33 26//33
f 23//34 26//34 27//34
f 23//35 27//35 28//35
f 28//36 27//36 26//36
f 28//37 29//37 30//37
f 28//38 30//38 31//38
f 28//39 31//39 29//39
f 29//40 31//40 30//40
f 29//41 34//41 32//41
f 29//42 32//42 33//42
f 29//43 33//43 34//43
f 34//44 33//44 32//44
f 34//45 35//45 36//45
f 34//46 36//46 37//46
f 34//47 37//47 35//47
f 35//48 37//48 36//48
f 35//49 38//49 39//49
f 35//50 39//50 40//50
f 35//51 40//51 38//51
f 38//52 40//52 39//52
f 38//53 41//53 42//53
f 38//54 42//54 43//54
f 38//55 43//55 41//55
f 41//56 43//56 42//56
f 41//57 44//57 45//57
f 41//58 45//58 46//58
f 41//59 46//59 44//59
f 44//60 46//60 45//60
f 44//61 47//61 48//61
f 44//62 48//62 49//62
f 44//63 49//63 47//63
f 47//64 49//64 48//64
f 47//65 50//65 51//65
f 47//66 51//66 52//66
f 47//67 52//67 50//67
f 50//68 52//68 51//68
f 50//69 53//69 54//69
f 50//70 54//70 55//70
f 50//71 55//71 53//71
f 53//72 55//72 54//72
f 56//73 59//73 57//73
f 56//74 57//74 58//74
f 56//75 58//75 59//75
f 59//76 58//76 57//76
f 59//77 60//77 61//77
f 59//78 61//78 62//78
f 59//79 62//79 60//79
f 60//80 62//80 61//80
f 60//81 65//81 63//81
f 60//82 63//82 64//82
f 60//83 64//83 65//83
f 65//84 64//84 63//84
f 65//85 68//85 66//85
f 65//86 66//86 67//86
f 65//87 67//87 68//87
f 68//88 67//88 66//88
f 68//89 71//89 69//89
f 68//90 69//90 70//90
f 68//91 70//91 71//91
f 71//92 70//92 69//92
f 71//93 74//93 72//93
f 71//94 72//94 73//94
f 71//95 73//95 74//95
f 74//96 73//96 72//96
f 74//97 77//97 75//97
f 74//98 75//98 76//98
f 74//99 76//99 77//99
f 77//100 76//100 75//100
f 77//101 78//101 79//101
f 77//102 79//102 80//102
f 77//103 80//103 78//103
f 78//104 80//104 79//104
f 78//105 81//105 82//105
f 78//106 82//106 83//106
f 78//107 83//107 81//107
f 81//108 83//108 82//108
f 81//109 84//109 85//109
f 81//110 85//110 86//110
f 81//111 86//111 84//111
f 84//112 86//112 85//112
f 84//113 87//113 88//113
f 84//114 88//114 89//114
f 84//115 89//115 87//115
f 87//116 89//116 88//116
f 87//117 92//117 90//117
f 87//118 90//118 91//118
f 87//119 91//119 92//119
f 92//120 91//120 90//120
f 92//121 95//121 93//121
f 92//122 93//122 94//122
f 92//123 94//123 95//123
f 95//124 94//124 93//124
f 95//125 98//125 96//125
f 95//126 96//126 97//126
f 95//127 97//127 98//127
f 98//128 97//128 96//128
f 98//129 101//129 99//129
f 98//130 99//130 100//130
f 98//131 100//131 101//131
f 101//132 100//132 99//132
f 101//133 102//133 103//133
f 101//134 103//134 104//134
f 101//135 104//135 102//135
f 102//136 104//136 103//136
f 102//137 107//137 105//137
f 102//138 105//138 106//138
f 102//139 106//139 107//139
f 107//140 106//140 105//140
f 107//141 108//141 109//141
f 107//142 109//142 110//142
f 107//143 110//143 108//143
f 108//144 110//144 109//144
f 108//145 111//145 112//145
f 108//146 112//146 113//146
f 108//147 113//147 111//147
f 111//148 113//148 112//148
f 111//149 116//149 114//149
f 111//150 114//150 115//150
f 111//151 115//151 116//151
f 116//152 115//152 114//152
f 116//153 117//153 118//153
f 116//154 118//154 119//154
f 116//155 119//155 117//155
f 117//156 119//156 118//156
f 117//157 120//157 121//157
f 117//158 121//158 122//158
f 117//159 122//159 120//159
f 120//160 122//160 121//160
f 120//161 123//161 124//161
f 120//162 124//162 125//162
f 120//163 125//163 123//163
f 123//164 125//164 124//164
f 123//165 128//165 126//165
f 123//166 126//166 127//166
f 123//167 127//167 128//167
f 128//168 127//168 126//168
f 128//169 129//169 130//169
f 128//170 130//170 131//170
f 128//171 131//171 129//171
f 129//172 131//172 130//172
f 129//173 132//173 133//173
f 129//174 133//174 134//174
f 129//175 134//175 132//175
f 132//176 134//176 133//176
f 132//177 135//177 136//177
f 132//178 136//178 137//178
f 132//179 137//179 135//179
f 135//180 137//180 136//180
f 135//181 138//181 139//181
f 135//182 139//182 140//182
f 135//183 140//183 138//183
f 138//184 140//184 139//184
f 138//185 141//185 142//185
f 138//186 142//186 143//186
f 138//187 143//187 141//187
f 141//188 143//188 142//188
f 141//189 146//189 144//189
f 141//190 144//190 145//190
f 141//191 145//191 146//191
f 146//192 145//192 144//192
f 146//193 149//193 147//193
f 146//194 147//194 148//194
f 146//195 148//195 149//195
f 149//196 148//196 147//196
f 149//197 150//197 151//197
f 149//198 151//198 152//198
f 149//199 152//199 150//199
f 150//200 152//200 151//200
f 150//201 155//201 153//201
f 150//202 153//202 154//202
f 150//203 154//203 155//203
f 155//204 154//204 153//204
f 155//205 158//205 156//205
f 155//206 156//206 157//206
f 155//207 157//207 158//207
f 158//208 157//208 156//208
f 158//209 159//209 160//209
f 158//210 160//210 161//210
f 158//211 161//211 159//211
f 159//212 161//212 160//212
f 159//213 162//213 163//213
f 159//214 163//214 164//214
f 159//215 164//215 162//215
f 162//216 164//216 163//216
f 162//217 167//217 165//217
f 162//218 165//218 166//218
f 162//219 166//219 167//219
f 167//220 166//220 165//220
f 167//221 168//221 169//221
f 167//222 169//222 170//222
f 167//223 170//223 168//223
f 168//224 170//224 169//224
f 168//225 173//225 171//225
f 168//226 171//226 172//226
f 168//227 172//227 173//227
f 173//228 172//228 171//228
f 173//229 174//229 175//229
f 173//230 175//230 176//230
f 173//231 176//231 174//231
f 174//232 176//232 175//232
f 174//233 177//233 178//233
f 174//234 178//234 179//234
f 174//235 179//235 177//235
f 177//236 179//236 178//236
f 177//237 180//237 181//237
f 177//238 181//238 182//238
f 177//239 182//239 180//239
f 180//240 182//240 181//240
f 180//241 185//241 183//241
f 180//242 183//242 184//242
f 180//243 184//243 185//243
f 185//244 184//244 183//244
f 185//245 188//245 186//245
f 185//246 186//246 187//246
f 185//247 187//247 188//247
f 188//248 187//248 186//248
f 188//249 191//249 189//249
f 188//250 189//250 190//250
f 188//251 190//251 191//251
f 191//252 190//252 189//252
f 191//253 194//253 192//253
f 191//254 192//254 193//254
f 191//255 193//255 194//255
f 194//256 193//256 192//256
f 194//257 195//257 196//257
f 194//258 196//258 197//258
f 194//259 197//259 195//259
f 195//260 197//260 196//260
f 195//261 198//261 199//261
f 195//262 199//262 200//262
f 195//263 200//263 198//263
f 198//264 200//264 199//264
f 198//265 201//265 202//265
f 198//266 202//266 203//266
f 198//267 203//267 201//267
f 201//268 203//268 202//268
f 201//269 204//269 205//269
f 201//270 205//270 206//270
f 201//271 206//271 204//271
f 204//272 206//272 205//272
f 204//273 209//273 207//273
f 204//274 207//274 208//274
f 204//275 208//275 209//275
f 209//276 208//276 207//276
f 209//277 210//277 211//277
f 209//278 211//278 212//278
f 209//279 212//279 210//279
f 210//280 212//280 211//280
f 210//281 213//281 214//281
f 210//282 214//282 215//282
f 210//283 215//283 213//283
f 213//284 215//284 214//284
f 213//285 216//285 217//285
f 213//286 217//286 218//286
f 213//287 218//287 216//287
f 216//288 218//288 217//288
f 216//289 219//289 220//289
f 216//290 220//290 221//290
f 216//291 221//291 219//291
f 219//292 221//292 220//292
f 219//293 224//293 222//293
f 219//294 222//294 223//294
f 219//295 223//295 224//295
f 224//296 223//296 222//296
f 224//297 225//297 226//297
f 224//298 226//298 227//298
f 224//299 227//299 225//299
f 225//300 227//300 226//300
f 225//301 228//301 229//301
f 225//302 229//302 230//302
f 225//303 230//303 228//303
f 228//304 230//304 229//304
f 228//305 233//305 231//305
f 228//306 231//306 232//306
f 228//307 232//307 233//307
f 233//308 232//308 231//308
f 233//309 236//309 234//309
f 233//310 234//310 235//310
f 233//311 235//311 236//311
f 236//312 235//312 234//312
f 236//313 239//313 237//313
f 236//314 237//314 238//314
f 236//315 238//315 239//315
f 239//316 238//316 237//316
f 239//317 240//317 241//317
f 239//318 241//318 242//318
f 239//319 242//319 240//319
f 240//320 242//320 241//320
f 240//321 243//321 244//321
f 240//322 244//322 245//322
f 240//323 245//323 243//323
f 243//324 245//324 244//324
f 243//325 248//325 246//325
f 243//326 246//326 247//326
f 243//327 247//327 248//327
f 248//328 247//328 246//328
f 248//329 251//329 249//329
f 248//330 249//330 250//330
f 248//331 250//331 251//331
f 251//332 250//332 249//332
f 251//333 252//333 253//333
f 251//334 253//334 254//334
f 251//335 254//335 252//335
f 252//336 254//336 253//336
f 252//337 257//337 255//337
f 252//338 255//338 256//338
f 252//339 256//339 257//339
f 257//340 256//340 255//340
f 257//341 260//341 258//341
f 257//342 258//342 259//342
f 257//343 259//343 260//343
f 260//344 259//344 258//344
f 260//345 263//345 261//345
f 260//346 261//346 262//346
f 260//347 262//347 263//347
f 263//348 262//348 261//348
f 263//349 264//349 265//349
f 263//350 265//350 266//350
f 263//351 266//351 264//351
f 264//352 266//352 265//352
f 264//353 267//353 268//353
f 264//354 268//354 269//354
f 264//355 269//355 267//355
f 267//356 269//356 268//356
f 267//357 272//357 270//357
f 267//358 270//358 271//358
f 267//359 271//359 272//359
f 272//360 271//360 270//360
f 272//361 273//361 274//361
f 272//362 274//362 275//362
f 272//363 275//363 273//363
f 273//364 275//364 274//364
f 273//365 278//365 276//365
f 273//366 276//366 277//366
f 273//367 277//367 278//367
f 278//368 277//368 276//368
f 278//369 279//369 280//369
f 278//370 280//370 281//370
f 278//371 281//371 279//371
f 279//372 281//372 280//372
f 279//373 282//373 283//373
f 279//374 283//374 284//374
f 279//375 284//375 282//375
f 282//376 284//376 283//376
f 282//377 285//377 286//377
f 282//378 286//378 287//378
f 282//379 287//379 285//379
f 285//380 287//380 286//380
f 285//381 290//381 288//381
f 285//382 288//382 289//382
f 285//383 289//383 290//383
f 290//384 289//384 288//384
f 290//385 291//385 292//385
f 290//386 292//386 293//386
f 290//387 293//387 291//387
f 291//388 293//388 292//388
f 291//389 296//389 294//389
f 291//390 294//390 295//390
f 291//391 295//391 296//391
f 296//392 295//392 294//392
f 296//393 299//393 297//393
f 296//394 297//394 298//394
f 296//395 298//395 299//395
f 299//396 298//396 297//396
f 299//397 300//397 301//397
f 299//398 301//398 302//398
f 299//399 302//399 300//399
f 300//400 302//400 301//400
f 300//401 303//401 304//401
f 300//402 304//402 305//402
f 300//403 305//403 303//403
f 303//404 305//404 304//404
f 303//405 306//405 307//405
f 303//406 307//406 308//406
f 303//407 308//407 306//407
f 306//408 308//408 307//408
f 306//409 311//409 309//409
f 306//410 309//410 310//410
f 306//411 310//411 311//411
f 311//412 310//412 309//412
f 311//413 314//413 312//413
f 311//414 312//414 313//414
f 311//415 313//415 314//415
f 314//416 313//416 312//416
f 314//417 317//417 315//417
f 314//418 315//418 316//418
f 314//419 316//419 317//419
f 317//420 316//420 315//420
f 317//421 318//421 319//421
f 317//422 319//422 320//422
f 317//423 320//423 318//423
f 318//424 320//424 319//424
f 318//425 323//425 321//425
f 318//426 321//426 322//426
f 318//427 322//427 323//427
f 323//428 322//428 321//428
f 323//429 326//429 324//429
f 323//430 324//430 325//430
f 323//431 325//431 326//431
f 326//432 325//432 324//432
f 326//433 329//433 327//433
f 326//434 327//434 328//434
f 326//435 328//435 329//435
f 329//436 328//436 327//436
f 329//437 332//437 330//437
f 329//438 330//438 331//438
f 329//439 331//439 332//439
f 332//440 331//440 330//440
f 332//441 335//441 333//441
f 332//442 333//442 334//442
f 332//443 334//443 335//443
f 335//444 334//444 333//444
f 335//445 336//445 337//445
f 335//446 337//446 338//446
f 335//447 338//447 336//447
f 336//448 338//448 337//448
f 336//449 339//449 340//449
f 336//450 340//450 341//450
f 336//451 341//451 339//451
f 339//452 341//452 340//452
f 339//453 344//453 342//453
f 339//454 342//454 343//454
f 339//455 343//455 344//455
f 344//456 343//456 342//456
f 344//457 345//457 346//457
f 344//458 346//458 347//458
f 344//459 347//459 345//459
f 345//460 347//460 346//460
f 345//461 350//461 348//461
f 345//462 348//462 349//462
f 345//463 349//463 350//463
f 350//464 349//464 348//464
f 350//465 351//465 352//465
f 350//466 352//466 353//466
f 350//467 353//467 351//467
f 351//468 353//468 352//468
f 351//469 356//469 354//469
f 351//470 354//470 355//470
f 351//471 355//471 356//471
f 356//472 355//472 354//472
f 356//473 359//473 357//473
f 356//474 357//474 358//474
f 356//475 358//475 359//475
f 359//476 358//476 357//476
f 359//477 360//477 361//477
f 359//478 361//478 362//478
f 359//479 362//479 360//479
f 360//480 362//480 361//480
f 360//481 365//481 363//481
f 360//482 363//482 364//482
f 360//483 364//483 365//483
f 365//484 364//484 363//484
f 365//485 368//485 366//485
f 365//486 366//486 367//486
f 365//487 367//487 368//487
f 368//488 367//488 366//488
f 368//489 371//489 369//489
f 368//490 369//490 370//490
f 368//491 370//491 371//491
f 371//492 370//492 369//492
f 371//493 372//493 373//493
f 371//494 373//494 374//494
f 371//495 374//495 372//495
f 372//496 374//496 373//496
f 372//497 377//497 375//497
f 372//498 375//498 376//498
f 372//499 376//499 377//499
f 377//500 376//500 375//500
f 377//501 380//501 378//501
f 377//502 378//502 379//502
f 377//503 379//503 380//503
f 380//504 379//504 378//504
f 380//505 381//505 382//505
f 380//506 382//506 383//506
f 380//507 383//507 381//507
f 381//508 383//508 382//508
f 381//509 386//509 384//509
f 381//510 384//510 385//510
f 381//511 385//511 386//511
f 386//512 385//512 384//512
f 386//513 389//513 387//513
f 386//514 387//514 388//514
f 386//515 388//515 389//515
f 389//516 388//516 387//516
f 389//517 390//517 391//517
f 389//518 391//518 392//518
f 389//519 392//519 390//519
f 390//520 392//520 391//520
f 390//521 393//521 394//521
f 390//522 394//522 395//522
f 390//523 395//523 393//523
f 393//524 395//524 394//524
f 393//525 398//525 396//525
f 393//526 396//526 397//526
f 393//527 397//527 398//527
f 398//528 397//528 396//528
f 398//529 401//529 399//529
f 398//530 399//530 400//530
f 398//531 400//531 401//531
f 401//532 400//532 399//532
f 401//533 402//533 403//533
f 401//534 403//534 404//534
f 401//535 404//535 402//535
f 402//536 404//536 403//536
f 402//537 407//537 405//537
f 402//538 405//538 406//538
f 402//539 406//539 407//539
f 407//540 406//540 405//540
f 407//541 408//541 409//541
f 407//542 409//542 410//542
f 407//543 410//543 408//543
f 408//544 410//544 409//544
f 408//545 413//545 411//545
f 408//546 411//546 412//546
f 408//547 412//547 413//547
f 413//548 412//548 411//548
f 413//549 416//549 414//549
f 413//550 414//550 415//550
f 413//551 415//551 416//551
f 416//552 415//552 414//552
f 416//553 417//553 418//553
f 416//554 418//554 419//554
f 416//555 419//555 417//555
f 417//556 419//556 418//556
f 417//557 422//557 420//557
f 417//558 420//558 421//558
f 417//559 421//559 422//559
f 422//560 421//560 420//560
f 422//561 423//561 424//561
f 422//562 424//562 425//562
f 422//563 425//563 423//563
f 423//564 425//564 424//564
f 423//565 426//565 427//565
f 423//566 427//566 428//566
f 423//567 428//567 426//567
f 426//568 428//568 427//568
f 426//569 429//569 430//569
f 426//570 430//570 431//570
f 426//571 431//571 429//571
f 429//572 431//572 430//572
f 429//573 432//573 433//573
f 429//574 433//574 434//574
f 429//575 434//575 432//575
f 432//576 434//576 433//576
f 432//577 435//577 436//577
f 432//578 436//578 437//578
f 432//579 437//579 435//579
f 435//580 437//580 436//580
f 435//581 438//581 439//581
f 435//582 439//582 440//582
f 435//583 440//583 438//583
f 438//584 440//584 439//584
f 438//585 443//585 441//585
f 438//586 441//586 442//586
f 438//587 442//587 443//587
f 443//588 442//588 441//588
f 443//589 446//589 444//589
f 443//590 444//590 445//590
f 443//591 445//591 446//591
f 446//592 445//592 444//592
f 446//593 449//593 447//593
f 446//594 447//594 448//594
f 446//595 448//595 449//595
f 449//596 448//596 447//596
f 449//597 452//597 450//597
f 449//598 450//598 451//598
f 449//599 451//599 452//599
f 452//600 451//600 450//600
f 452//601 455//601 453//601
f 452//602 453//602 454//602
f 452//603 454//603 455//603
f 455//604 454//604 453//604
f 455//605 456//605 457//605
f 455//606 457//606 458//606
f 455//607 458//607 456//607
f 456//608 458//608 457//608
f 456//609 459//609 460//609
f 456//610 460//610 461//610
f 456//611 461//611 459//611
f 459//612 461//612 460//612
f 459//613 464//613 462//613
f 459//614 462//614 463//614
f 459//615 463//615 464//615
f 464//616 463//616 462//616
f 464//617 465//617 466//617
f 464//618 466//618 467//618
f 464//619 467//619 465//619
f 465//620 467//620 466//620
f 465//621 470//621 468//621
f 465//622 468//622 469//622
f 465//623 469//623 470//623
f 470//624 469//624 468//624
f 470//625 471//625 472//625
f 470//626 472//626 473//626
f 470//627 473//627 471//627
f 471//628 473//628 472//628
f 471//629 476//629 474//629
f 471//630 474//630 475//630
f 471//631 475//631 476//631
f 476//632 475//632 474//632
f 476//633 479//633 477//633
f 476//634 477//634 478//634
f 476//635 478//635 479//635
f 479//636 478//636 477//636
f 479//637 480//637 481//637
f 479//638 481//638 482//638
f 479//639 482//639 480//639
f 480//640 482//640 481//640
f 480//641 485//641 483//641
f 480//642 483//642 484//642
f 480//643 484//643 485//643
f 485//644 484//644 483//644
f 485//645 488//645 486//645
f 485//646 486//646 487//646
f 485//647 487//647 488//647
f 488//648 487//648 486//648
f 488//649 489//649 490//649
f 488//650 490//650 491//650
f 488//651 491//651 489//651
f 489//652 491//652 490//652
f 489//653 494//653 492//653
f 489//654 492//654 493//654
f 489//655 493//655 494//655
f 494//656 493//656 492//656
f 494//657 497//657 495//657
f 494//658 495//658 496//658
f 494//659 496//659 497//659
f 497//660 496//660 495//660
f 497//661 500//661 498//661
f 497//662 498//662 499//662
f 497//663 499//663 500//663
f 500//664 499//664 498//664
f 500//665 501//665 502//665
f 500//666 502//666 503//666
f 500//667 503//667 501//667
f 501//668 503//668 502//668
f 501//669 506//669 504//669
f 501//670 504//670 505//670
f 501//671 505//671 506//671
f 506//672 505//672 504//672
f 506//673 509//673 507//673
f 506//674 507//674 508//674
f 506//675 508//675 509//675
f 509//676 508//676 507//676
f 509//677 510//677 511//677
f 509//678 511//678 512//678
f 509//679 512//679 510//679
f 510//680 512//680 511//680
f 510//681 515//681 513//681
f 510//682 513//682 514//682
f 510//683 514//683 515//683
f 515//684 514//684 513//684
f 515//685 518//685 516//685
f 515//686 516//686 517//686
f 515//687 517//687 518//687
f 518//688 517//688 516//688
f 518//689 519//689 520//689
f 518//690 520//690 521//690
f 518//691 521//691 519//691
f 519//692 521//692 520//692
f 519//693 524//693 522//693
f 519//694 522//694 523//694
f 519//695 523//695 524//695
f 524//696 523//696 522//696
f 524//697 527//697 525//697
f 524//698 525//698 526//698
f 524//699 526//699 527//699
f 527//700 526//700 525//700
f 527//701 530//701 528//701
f 527//702 528//702 529//702
f 527//703 529//703 530//703
f 530//704 529//704 528//704
f 530//705 533//705 531//705
f 530//706 531//706 532//706
f 530//707 532//707 533//707
f 533//708 532//708 531//708
f 533//709 536//709 534//709
f 533//710 534//710 535//710
f 533//711 535//711 536//711
f 536//712 535//712 534//712
f 536//713 537//713 538//713
f 536//714 538//714 539//714
f 536//715 539//715 537//715
f 537//716 539//716 538//716
f 537//717 542//717 540//717
f 537//718 540//718 541//718
f 537//719 541//719 542//719
f 542//720 541//720 540//720
f 542//721 545//721 543//721
f 542//722 543//722 544//722
f 542//723 544//723 545//723
f 545//724 544//724 543//724
f 545//725 546//725 547//725
f 545//726 547//726 548//726
f 545//727 548//727 546//727
f 546//728 548//728 547//728
f 546//729 551//729 549//729
f 546//730 549//730 550//730
f 546//731 550//731 551//731
f 551//732 550//732 549//732
f 551//733 552//733 553//733
f 551//734 553//734 554//734
f 551//735 554//735 552//735
f 552//736 554//736 553//736
f 552//737 557//737 555//737
f 552//738 555//738 556//738
f 552//739 556//739 557//739
f 557//740 556//740 555//740
f 557//741 560//741 558//741
f 557//742 558//742 559//742
f 557//743 559//743 560//743
f 560//744 559//744 558//744
f 560//745 563//745 561//745
f 560//746 561//746 562//746
f 560//747 562//747 563//747
f 563//748 562//748 561//748
f 563//749 564//749 565//749
f 563//750 565//750 566//750
f 563//751 566//751 564//751
f 564//752 566//752 565//752
f 564//753 569//753 567//753
f 564//754 567//754 568//754
f 564//755 568//755 569//755
f 569//756 568//756 567//756
f 569//757 572//757 570//757
f 569//758 570//758 571//758
f 569//759 571//759 572//759
f 572//760 571//760 570//760
f 572//761 573//761 574//761
f 572//762 574//762 575//762
f 572//763 575//763 573//763
f 573//764 575//764 574//764
f 573//765 576//765 577//765
f 573//766 577//766 578//766
f 573//767 578//767 576//767
f 576//768 578//768 577//768
f 576//769 579//769 580//769
f 576//770 580//770 581//770
f 576//771 581//771 579//771
f 579//772 581//772 580//772
f 579//773 584//773 582//773
f 579//774 582//774 583//774
f 579//775 583//775 584//775
f 584//776 583//776 582//776
f 584//777 587//777 585//777
f 584//778 585//778 586//778
f 584//779 586//779 587//779
f 587//780 586//780 585//780
f 587//781 590//781 588//781
f 587//782 588//782 589//782
f 587//783 589//783 590//783
f 590//784 589//784 588//784
f 590//785 591//785 592//785
f 590//786 592//786 593//786
f 590//787 593//787 591//787
f 591//788 593//788 592//788
f 591//789 594//789 595//789
f 591//790 595//790 596//790
f 591//791 596//791 594//791
f 594//792 596//792 595//792
f 594//793 599//793 597//793
f 594//794 597//794 598//794
f 594//795 598//795 599//795
f 599//796 598//796 597//796
f 599//797 600//797 601//797
f 599//798 601//798 602//798
f 599//799 602//799 600//799
f 600//800 602//800 601//800
f 600//801 605//801 603//801
f 600//802 603//802 604//802
f 600//803 604//803 605//803
f 605//804 604//804 603//804
f 605//805 608//805 606//805
f 605//806 606//806 607//806
f 605//807 607//807 608//807
f 608//808 607//808 606//808
f 608//809 611//809 609//809
f 608//810 609//810 610//810
f 608//811 610//811 611//811
f 611//812 610//812 609//812
f 611//813 612//813 613//813
f 611//814 613//814 614//814
f 611//815 614//815 612//815
f 612//816 614//816 613//816
f 612//817 615//817 616//817
f 612//818 616//818 617//818
f 612//819 617//819 615//819
f 615//820 617//820 616//820
f 615//821 618//821 619//821
f 615//822 619//822 620//822
f 615//823 620//823 618//823
f 618//824 620//824 619//824
f 618//825 621//825 622//825
f 618//826 622//826 623//826
f 618//827 623//827 621//827
f 621//828 623//828 622//828
f 621//829 626//829 624//829
f 621//830 624//830 625//830
f 621//831 625//831 626//831
f 626//832 625//832 624//832
f 626//833 627//833 628//833
f 626//834 628//834 629//834
f 626//835 629//835 627//835
f 627//836 629//836 628//836
f 627//837 630//837 631//837
f 627//838 631//838 632//838
f 627//839 632//839 630//839
f 630//840 632//840 631//840
f 630//841 633//841 634//841
f 630//842 634//842 635//842
f 630//843 635//843 633//843
f 633//844 635//844 634//844
f 633//845 636//845 637//845
f 633//846 637//846 638//846
f 633//847 638//847 636//847
f 636//848 638//848 637//848
f 636//849 639//849 640//849
f 636//850 640//850 641//850
f 636//851 641//851 639//851
f 639//852 641//852 640//852
f 642//853 643//853 644//853
f 642//854 644//854 645//854
f 642//855 645//855 643//855
f 643//856 645//856 644//856
f 643//857 646//857 647//857
f 643//858 647//858 648//858
f 643//859 648//859 646//859
f 646//860 648//860 647//860
f 646//861 651//861 649//861
f 646//862 649//862 650//862
f 646//863 650//863 651//863
f 651//864 650//864 649//864
f 651//865 654//865 652//865
f 651//866 652//866 653//866
f 651//867 653//867 654//867
f 654//868 653//868 652//868
f 654//869 655//869 656//869
f 654//870 656//870 657//870
f 654//871 657//871 655//871
f 655//872 657//872 656//872
f 655//873 658//873 659//873
f 655//874 659//874 660//874
f 655//875 660//875 658//875
f 658//876 660//876 659//876
f 658//877 663//877 661//877
f 658//878 661//878 662//878
f 658//879 662//879 663//879
f 663//880 662//880 661//880
f 663//881 666//881 664//881
f 663//882 664//882 665//882
f 663//883 665//883 666//883
f 666//884 665//884 664//884
f 666//885 667//885 668//885
f 666//886 668//886 669//886
f 666//887 669//887 667//887
f 667//888 669//888 668//888
f 667//889 670//889 671//889
f 667//890 671//890 672//890
f 667//891 672//891 670//891
f 670//892 672//892 671//892
f 670//893 675//893 673//893
f 670//894 673//894 674//894
f 670//895 674//895 675//895
f 675//896 674//896 673//896
f 675//897 678//897 676//897
f 675//898 676//898 677//898
f 675//899 677//899 678//899
f 678//900 677//900 676//900
f 678//901 679//901 680//901
f 678//902 680//902 681//902
f 678//903 681//903 679//903
f 679//904 681//904 680//904
f 679//905 684//905 682//905
f 679//906 682//906 683//906
f 679//907 683//907 684//907
f 684//908 683//908 682//908
f 684//909 685//909 686//909
f 684//910 686//910 687//910
f 684//911 687//911 685//911
f 685//912 687//912 686//912
f 685//913 688//913 689//913
f 685//914 689//914 690//914
f 685//915 690//915 688//915
f 688//916 690//916 689//916
f 688//917 693//917 691//917
f 688//918 691//918 692//918
f 688//919 692//919 693//919
f 693//920 692//920 691//920
f 693//921 694//921 695//921
f 693//922 695//922 696//922
f 693//923 696//923 694//923
f 694//924 696//924 695//924
f 694//925 699//925 697//925
f 694//926 697//926 698//926
f 694//927 698//927 699//927
f 699//928 698//928 697//928
f 699//929 702//929 700//929
f 699//930 700//930 701//930
f 699//931 701//931 702//931
f 702//932 701//932 700//932
f 702//933 703//933 704//933
f 702//934 704//934 705//934
f 702//935 705//935 703//935
f 703//936 705//936 704//936
f 703//937 708//937 706//937
f 703//938 706//938 707//938
f 703//939 707//939 708//939
f 708//940 707//940 706//940
f 708//941 709//941 710//941
f 708//942 710//942 711//942
f 708//943 711//943 709//943
f 709//944 711//944 710//944
f 709//945 712//945 713//945
f 709//946 713//946 714//946
f 709//947 714//947 712//947
f 712//948 714//948 713//948
f 712//949 715//949 716//949
f 712//950 716//950 717//950
f 712//951 717//951 715//951
f 715//952 717//952 716//952
f 715//953 720//953 718//953
f 715//954 718//954 719//954
f 715//955 719//955 720//955
f 720//956 719//956 718//956
f 720//957 723//957 721//957
f 720//958 721//958 722//958
f 720//959 722//959 723//959
f 723//960 722//960 721//960
f 723//961 724//961 725//961
f 723//962 725//962 726//962
f 723//963 726//963 724//963
f 724//964 726//964 725//964
f 724//965 729//965 727//965
f 724//966 727//966 728//966
f 724//967 728//967 729//967
f 729//968 728//968 727//968
f 729//969 730//969 731//969
f 729//970 731//970 732//970
f 729//971 732//971 730//971
f 730//972 732//972 731//972
f 730//973 735//973 733//973
f 730//974 733//974 734//974
f 730//975 734//975 735//975
f 735//976 734//976 733//976
f 735//977 738//977 736//977
f 735//978 736//978 737//978
f 735//979 737//979 738//979
f 738//980 737//980 736//980
f 738//981 741//981 739//981
f 738//982 739//982 740//982
f 738//983 740//983 741//983
f 741//984 740//984 739//984
f 741//985 742//985 743//985
f 741//986 743//986 744//986
f 741//987 744//987 742//987
f 742//988 744//988 743//988
f 742//989 745//989 746//989
f 742//990 746//990 747//990
f 742//991 747//991 745//991
f 745//992 747//992 746//992
f 745//993 750//993 748//993
f 745//994 748//994 749//994
f 745//995 749//995 750//995
f 750//996 749//996 748//996
f 750//997 753//997 751//997
f 750//998 751//998 752//998
f 750//999 752//999 753//999
f 753//1000 752//1000 751//1000
f 753//1001 756//1001 754//1001
f 753//1002 754//1002 755//1002
f 753//1003 755//1003 756//1003
f 756//1004 755//1004 754//1004
f 756//1005 759//1005 757//1005
f 756//1006 757//1006 758//1006
f 756//1007 758//1007 759//1007
f 759//1008 758//1008 757//1008
f 759//1009 762//1009 760//1009
f 759//1010 760//1010 761//1010
f 759//1011 761//1011 762//1011
f 762//1012 761//1012 760//1012
f 762//1013 765//1013 763//1013
f 762//1014 763//1014 764//1014
f 762//1015 764//1015 765//1015
f 765//1016 764//1016 763//1016
f 765//1017 768//1017 766//1017
f 765//1018 766//1018 767//1018
f 765//1019 767//1019 768//1019
f 768//1020 767//1020 766//1020
f 768//1021 771//1021 769//1021
f 768//1022 769//1022 770//1022
f 768//1023 770//1023 771//1023
f 771//1024 770//1024 769//1024
f 771//1025 774//1025 772//1025
f 771//1026 772//1026 773//1026
f 771//1027 773//1027 774//1027
f 774//1028 773//1028 772//1028
f 774//1029 777//1029 775//1029
f 774//1030 775//1030 776//1030
f 774//1031 776//1031 777//1031
f 777//1032 776//1032 775//1032
f 777//1033 780//1033 778//1033
f 777//1034 778//1034 779//1034
f 777//1035 779//1035 780//1035
f 780//1036 779//1036 778//1036
f 780//1037 781//1037 782//1037
f 780//1038 782//1038 783//1038
f 780//1039 783//1039 781//1039
f 781//1040 783//1040 782//1040
f 781//1041 784//1041 785//1041
f 781//1042 785//1042 786//1042
f 781//1043 786//1043 784//1043
f 784//1044 786//1044 785//1044
f 784//1045 787//1045 788//1045
f 784//1046 788//1046 789//1046
f 784//1047 789//1047 787//1047
f 787//1048 789//1048 788//1048
f 787//1049 792//1049 790//1049
f 787//1050 790//1050 791//1050
f 787//1051 791//1051 792//1051
f 792//1052 791//1052 790//1052
f 792//1053 793//1053 794//1053
f 792//1054 794//1054 795//1054
f 792//1055 795//1055 793//1055
f 793//1056 795//1056 794//1056
f 793//1057 798//1057 796//1057
f 793//1058 796//1058 797//1058
f 793//1059 797//1059 798//1059
f 798//1060 797//1060 796//1060
f 798//1061 799//1061 800//1061
f 798//1062 800//1062 801//1062
f 798//1063 801//1063 799//1063
f 799//1064 801//1064 800//1064
f 799//1065 804//1065 802//1065
f 799//1066 802//1066 803//1066
f 799//1067 803//1067 804//1067
f 804//1068 803//1068 802//1068
f 804//1069 805//1069 806//1069
f 804//1070 806//1070 807//1070
f 804//1071 807//1071 805//1071
f 805//1072 807//1072 806//1072
f 805//1073 810//1073 808//1073
f 805//1074 808//1074 809//1074
f 805//1075 809//1075 810//1075
f 810//1076 809//1076 808//1076
f 810//1077 811//1077 812//1077
f 810//1078 812//1078 813//1078
f 810//1079 813//1079 811//1079
f 811//1080 813//1080 812//1080
o Tetrahedrons_Chain_C
v 59.144001 -6.819999 14.936001
v 61.486000 -8.299899 13.681001
v 59.896000 -6.296899 12.036000
v 58.640999 -8.951999 12.826001
v 55.665001 -8.402599 12.523001
v 56.612999 -11.052999 13.674001
v 57.026001 -10.441999 10.724001
v 56.234001 -5.681899 11.289000
v 54.561001 -5.883599 13.820000
v 53.429001 -6.849799 11.169001
v 58.124001 -6.444099 9.031301
v 58.838001 -4.158299 10.906000
v 56.575001 -3.830199 8.900600
v 56.181999 -8.436499 7.803401
v 58.868000 -9.388299 8.865901
v 58.743000 -7.706900 6.334900
v 53.428001 -9.274199 8.786201
v 54.034000 -9.240800 5.806100
v 53.784000 -6.624599 7.336501
v 54.174000 -3.687999 8.024500
v 52.110001 -4.501800 5.944400
v 55.076000 -4.748899 5.321101
v 57.971001 -5.304699 4.574000
v 56.090000 -4.050100 2.540400
v 55.737999 -6.962200 3.343200
v 52.974998 -7.803400 2.389801
v 54.893002 -9.878300 3.515801
v 55.442001 -8.612300 0.805881
v 52.194000 -4.993600 1.528400
v 50.808998 -6.296999 3.901600
v 50.272999 -7.309700 1.084501
v 54.347000 -2.849600 1.414500
v 52.006001 -2.757300 -0.524090
v 54.133999 -4.910600 -0.811540
v 56.139999 -7.085100 -1.516800
v 54.875999 -5.410000 -3.718100
v 53.200001 -7.447000 -2.205300
v 50.257000 -6.879600 -2.717499
v 51.074001 -9.302500 -1.071299
v 51.605000 -9.248800 -4.065199
v 50.444000 -4.444700 -4.529799
v 48.916000 -4.273300 -1.905800
v 47.794998 -5.905301 -4.214200
v 53.154999 -3.497500 -5.528699
v 50.665001 -3.018101 -7.206500
v 51.764999 -5.835300 -6.889299
v 52.596001 -8.730401 -7.309800
v 51.487999 -7.113201 -9.634999
v 49.652000 -7.969400 -7.367099
v 47.113998 -6.357700 -7.824600
v 47.370998 -8.124100 -5.362400
v 47.066002 -9.384701 -8.113199
v 47.816002 -5.199401 -10.548000
v 47.523998 -3.361101 -8.142500
v 45.070000 -4.695701 -9.343100
v 48.817001 -7.482101 -12.289999
v 49.655998 -4.623201 -12.899000
v 46.786999 -5.504101 -13.393000
v 47.272999 -10.101001 -12.355999
v 49.868999 -9.906401 -10.784999
v 49.924999 -9.862101 -13.824999
v 52.169998 -11.913001 -13.807999
v 52.367001 -9.458301 -15.591999
v 50.366001 -11.654001 -16.243000
v 48.301998 -11.254001 -18.441000
v 48.291000 -13.809001 -16.790998
v 50.522999 -13.302001 -18.792997
v 49.958000 -14.238002 -21.630999
v 50.084999 -16.258001 -19.360998
v 52.624001 -14.885002 -20.318998
v 55.006001 -14.838001 -18.428999
v 55.286999 -13.754002 -21.256998
v 54.981998 -16.745003 -20.797998
v 54.820999 -19.095001 -22.720999
v 56.617001 -19.254002 -20.272999
v 57.353001 -17.415003 -22.579998
v 54.258999 -21.743002 -24.105999
v 54.283001 -19.162003 -25.713999
v 52.026001 -19.710001 -23.749998
v 54.873001 -24.301003 -25.631998
v 52.157001 -23.931002 -24.315998
v 54.632000 -24.360003 -22.600998
v 57.769001 -24.653002 -26.491999
v 55.544998 -24.759003 -28.562998
v 55.865002 -27.023003 -26.557999
v 58.999001 -22.662003 -24.548998
v 60.791000 -24.485003 -26.195997
v 59.105000 -25.641003 -23.943998
v 57.580002 -26.796001 -21.580997
v 60.620998 -26.810001 -21.580997
v 59.091000 -28.644001 -23.463999
v 58.127998 -31.391003 -22.585999
v 60.861000 -31.081001 -23.884998
v 58.338001 -30.728003 -25.546999
v 55.481998 -32.889999 -22.599998
v 56.299999 -31.272001 -20.158998
v 57.764000 -33.849998 -20.833998
v 60.111000 -34.741001 -19.117998
v 59.062000 -36.557999 -21.319998
v 57.403999 -36.094002 -18.812998
v 55.248001 -36.805000 -16.788998
v 57.978001 -38.137001 -16.634996
v 56.075001 -38.827000 -18.904997
v 52.379002 -37.792999 -16.587997
v 52.978001 -34.816002 -16.415998
v 53.772999 -36.660999 -14.132998
v 54.984001 -34.839001 -12.020997
v 54.875999 -37.841999 -11.556997
v 52.314999 -36.202999 -11.503997
v 50.706001 -38.769001 -11.229997
v 50.335999 -36.995998 -13.672997
v 49.327000 -36.073002 -10.955997
v 46.382000 -35.796001 -10.248997
v 47.220001 -37.480999 -12.637997
v 47.479000 -34.452000 -12.746997
v 43.530998 -35.096001 -9.454497
v 44.328999 -38.004002 -9.851897
v 44.117001 -36.144001 -12.248997
v 41.178001 -33.209000 -9.843897
v 41.227001 -35.109001 -7.469497
v 40.819000 -36.196999 -10.279997
v 40.526001 -30.240000 -9.763898
v 39.285999 -32.012001 -11.900997
v 42.254002 -31.358000 -12.002998
v 44.151001 -29.066002 -12.633998
v 42.780998 -30.571001 -14.893998
v 44.960999 -31.928001 -13.264997
v 47.993000 -32.160999 -13.185997
v 46.331001 -34.368000 -14.456997
v 46.282001 -33.973000 -11.441998
v 50.108002 -31.509001 -11.100998
v 49.624001 -29.605001 -13.422998
v 50.941002 -32.301998 -13.915998
v 51.630001 -32.088001 -16.869999
v 51.910000 -34.752998 -15.431997
v 53.840000 -32.485001 -14.817997
v 56.532001 -31.884003 -16.098999
v 56.282001 -34.136002 -14.069997
v 56.067001 -31.241001 -13.162998
v 55.986000 -29.641003 -18.077997
v 56.730999 -32.410999 -19.086998
v 58.818001 -30.684002 -17.704998
v 60.827000 -28.907001 -19.139997
v 61.305000 -31.905003 -18.958998
v 61.549999 -30.173002 -16.470999
v 61.853001 -26.145002 -18.387999
v 59.566002 -26.429003 -20.371998
v 62.381001 -27.258001 -21.167997
v 61.779999 -27.266003 -24.149998
v 64.030998 -28.989002 -23.046999
v 64.324997 -25.963001 -23.114998
v 64.739998 -23.403002 -24.703999
v 66.685997 -25.720001 -25.016998
v 66.639999 -24.110003 -22.436998
v 67.652000 -25.411001 -19.880999
v 66.713997 -22.518002 -19.846998
v 69.307999 -23.259003 -21.250998
v 66.304001 -27.040003 -17.694998
v 64.947998 -24.547003 -18.787998
v 67.439003 -24.290003 -17.061998
v 64.042999 -27.465002 -15.706998
v 65.266998 -24.702002 -16.048998
v 66.862999 -26.917002 -14.707998
v 61.262001 -27.881002 -14.547998
v 63.300999 -30.136002 -14.455998
v 62.070000 -29.306002 -17.109999
v 58.424999 -28.167002 -13.490998
v 59.241001 -25.654001 -14.996998
v 60.333000 -26.176001 -12.206998
v 56.715000 -29.183001 -11.189998
v 56.952999 -30.816002 -13.744998
v 55.395000 -28.204002 -13.748998
v 54.428001 -27.699001 -16.586998
v 54.334999 -25.462002 -14.528998
v 52.429001 -27.821001 -14.299998
v 49.485001 -27.848001 -15.062998
v 50.333000 -26.865999 -12.312998
v 50.540001 -29.820002 -13.002998
v 46.622002 -27.851002 -16.088999
v 48.768002 -29.423002 -17.563997
v 48.790001 -26.383001 -17.635998
v 43.861000 -27.785002 -17.360998
v 44.437000 -26.108002 -14.890998
v 44.261002 -29.135002 -14.665998
v 42.151001 -29.974003 -18.600998
v 43.686001 -28.049002 -20.385998
v 41.282001 -27.067001 -18.803999
v 38.483002 -26.404001 -19.791998
v 40.763000 -24.444002 -20.252998
v 39.669998 -24.873001 -17.447998
v 36.669998 -27.358002 -22.038998
v 35.682999 -25.253002 -20.078999
v 36.058998 -28.128002 -19.160997
v 36.380001 -27.819002 -16.152998
v 37.187000 -30.418001 -17.508999
v 34.247002 -29.676003 -17.270998
v 37.844002 -25.261002 -15.401999
v 35.832001 -26.483002 -13.475998
v 34.874001 -25.179003 -16.050999
v 33.386002 -24.166002 -18.501999
v 32.391998 -23.453001 -15.717999
v 32.133999 -26.305002 -16.739998
v 31.714001 -28.084002 -14.309999
v 31.624001 -29.281002 -17.103998
v 29.381001 -27.458002 -16.156998
v 33.737999 -28.363001 -12.056998
v 30.764000 -28.605000 -11.467999
v 31.954000 -25.903999 -12.201998
v 30.889999 -23.299999 -11.046998
v 32.103001 -23.343002 -13.835999
v 33.884998 -23.697001 -11.395998
v 36.741001 -24.738001 -11.310998
v 35.778999 -22.764000 -9.207198
v 36.199001 -21.844999 -12.074998
v 35.132999 -19.761002 -14.015998
v 38.125999 -20.261002 -13.815998
v 36.658001 -18.888000 -11.533999
v 36.053001 -17.481001 -8.906199
v 38.716999 -17.021000 -10.298999
v 38.125000 -19.705000 -8.998298
v 40.523998 -21.287001 -9.993498
v 38.553001 -22.566999 -8.063198
v 40.409000 -20.358999 -7.099799
v 41.432999 -18.923000 -11.676999
v 40.811001 -21.586002 -13.005998
v 43.286999 -21.297001 -11.263998
v 41.727001 -16.913000 -9.413199
v 40.200001 -16.153999 -11.930999
v 43.221001 -16.488001 -12.027999
v 41.033001 -17.688000 -6.555398
v 43.147999 -15.567001 -7.085099
v 43.721001 -18.482000 -7.735898
v 44.669998 -21.271999 -8.485798
v 46.344002 -19.546000 -6.624799
v 46.119999 -18.830000 -9.571999
v 46.223999 -17.746000 -12.410999
v 48.757000 -17.855000 -10.731999
v 46.564999 -15.860001 -10.049999
v 46.750000 -14.701001 -7.244899
v 44.792000 -13.522001 -9.250699
v 47.782001 -13.106001 -9.620199
v 46.465000 -16.416000 -4.750099
v 48.348000 -14.028000 -4.746099
v 49.036999 -16.504999 -6.370399
v 50.417999 -18.705000 -7.950499
v 51.837002 -17.405001 -5.595798
v 51.400002 -15.835001 -8.163799
v 51.376999 -13.727001 -10.354999
v 53.985001 -14.452001 -8.970699
v 51.841999 -12.909001 -7.463399
v 52.176998 -13.086000 -4.446099
v 50.047001 -11.271000 -5.634999
v 52.987999 -10.552000 -5.920299
v 51.452999 -15.309000 -2.501699
v 52.268002 -12.575000 -1.449499
v 54.340000 -14.384000 -2.746799
v 57.154999 -13.235000 -2.687199
v 56.661999 -15.993000 -3.872099
v 56.423000 -15.562000 -0.871049
v 55.335999 -16.785999 1.691701
v 57.653000 -14.821000 1.809601
v 58.077000 -17.604000 0.660211
v 60.584999 -18.219999 2.265601
v 60.387001 -19.094999 -0.640159
v 58.693001 -20.466999 1.480202
v 57.422001 -22.527000 3.322002
v 59.087002 -23.434999 0.944582
v 56.363998 -22.157000 0.494932
v 55.910000 -22.473000 -2.495398
v 54.567001 -20.201000 -0.984868
v 53.654999 -23.068001 -0.543438
v 56.412998 -21.851000 -5.429499
v 55.400002 -24.599001 -4.609298
v 58.249001 -23.768000 -3.944198
v 58.527000 -19.985001 -6.569599
v 55.907001 -18.854000 -5.519799
v 55.942001 -20.469000 -8.096698
v 53.620998 -19.121000 -9.527098
v 54.460999 -21.937000 -10.309999
v 56.250000 -19.573000 -10.986999
v 58.667999 -20.427000 -12.621998
v 58.150002 -17.476000 -12.100999
v 56.331001 -19.031002 -13.977998
v 56.653999 -19.528002 -16.960999
v 56.012001 -16.734001 -15.944999
v 53.904999 -18.923002 -15.807999
v 51.587002 -18.963001 -17.775997
v 51.101002 -18.211002 -14.869999
v 51.775002 -21.084002 -15.604998
v 49.414001 -19.536001 -19.824999
v 52.237000 -18.882002 -20.745998
v 50.500000 -16.713001 -19.509998
v 46.431999 -18.940002 -19.794998
v 47.421001 -21.774002 -19.306997
v 47.639000 -20.544003 -22.079998
v 45.796001 -21.629002 -24.241999
v 48.763000 -22.295002 -24.297998
v 47.826000 -19.469002 -24.917997
v 43.570999 -23.431002 -25.267998
v 45.171001 -21.730001 -27.215998
v 43.216999 -20.411001 -25.295998
v 42.945999 -25.523003 -23.150997
v 42.769001 -26.244001 -26.099998
v 40.709999 -24.378002 -24.863998
v 45.316002 -26.963001 -21.902998
v 42.646000 -26.887001 -20.448997
v 44.314999 -24.357002 -20.697998
v 46.576000 -23.675001 -18.782999
v 43.723000 -22.858002 -18.118998
v 45.216000 -21.470001 -20.375998
v 48.952000 -23.313002 -16.918999
v 49.407001 -23.994001 -19.847998
v 48.247002 -26.081001 -17.963999
v 51.539001 -23.297003 -15.318998
v 48.901001 -22.647001 -13.951998
v 50.113998 -20.682001 -15.931998
v 54.070999 -23.572002 -13.657998
v 54.263000 -23.000002 -16.638998
v 53.332001 -25.729002 -15.670998
v 53.525002 -24.561001 -10.833998
v 54.469002 -21.707001 -11.288998
v 56.381001 -24.030001 -11.732998
v 58.436001 -22.773001 -9.877898
v 59.280998 -23.790001 -12.615998
v 58.514999 -25.761999 -10.430998
v 60.105000 -27.997000 -11.743999
v 57.313000 -28.545000 -10.670998
v 59.611000 -28.042000 -8.743898
v 60.495998 -30.433001 -7.086597
v 58.842999 -28.225000 -5.807098
v 61.734001 -27.700001 -6.592798
v 61.291000 -32.936001 -5.552897
v 62.882999 -32.082001 -7.999598
v 60.063999 -33.176998 -8.325097
v 60.007000 -34.972000 -3.694797
v 58.422001 -32.549000 -4.623797
v 60.716000 -32.202999 -2.658198
v 57.174000 -35.571999 -2.767797
v 58.044998 -32.695999 -3.231298
v 59.148998 -34.257000 -0.866367
v 55.382000 -35.716999 -0.314687
v 54.178001 -35.983002 -3.094697
v 55.250999 -33.298000 -2.152497
v 53.613998 -36.935001 1.839203
v 55.133999 -34.360001 2.395503
v 56.639000 -36.991001 2.144403
v 53.146000 -39.813000 0.975493
v 50.858002 -37.812000 0.897733
v 51.933998 -38.787998 3.569303
v 55.062000 -40.561001 -1.265397
v 53.808998 -42.735001 0.452833
v 55.914001 -40.887001 1.635603
v 55.659000 -40.630001 4.655203
v 57.967999 -39.283001 3.204403
v 57.889999 -42.313000 3.455203
v 53.242001 -42.424999 5.082403
v 53.133999 -39.505001 5.922903
v 54.867001 -41.469002 7.468803
v 51.824001 -43.987000 2.892003
v 52.033001 -45.147999 5.695303
v 54.512001 -44.944000 3.945103
v 57.265999 -45.250000 2.692403
v 55.948002 -47.622002 4.067004
v 56.959999 -45.277000 5.718003
v 58.141998 -43.465000 7.855303
v 58.244999 -46.485001 8.195304
v 55.590000 -45.019001 8.420904
v 53.859001 -43.351002 10.283003
v 52.896999 -46.082001 9.351804
v 53.021000 -43.763000 7.388403
v 52.972000 -42.208000 12.958003
v 52.471001 -40.646999 10.396003
v 55.303001 -40.949001 11.464003
v 56.173000 -38.125999 10.742002
v 58.227001 -40.365002 10.868003
v 56.958000 -39.319000 13.426003
v 58.257999 -38.189999 15.933002
v 56.277000 -36.505001 14.356003
v 59.026001 -37.101002 13.199003
v 58.495998 -35.292000 16.824001
v 56.513000 -37.146999 18.195002
v 56.012001 -36.227001 15.340003
v 60.169998 -33.910999 14.694003
v 61.284000 -34.283001 17.500002
v 59.028000 -32.303001 17.009003
v 57.852001 -34.169998 12.743003
v 60.145000 -36.165001 12.653003
v 60.589001 -33.297001 11.745003
v 54.943001 -34.480999 13.574003
v 55.654999 -32.840000 11.114003
v 56.334999 -31.794998 13.888002
v 57.639000 -30.429998 16.272001
v 55.754002 -28.866999 14.468002
v 58.494999 -29.699999 13.446002
v 60.787998 -30.382000 11.569002
v 59.966000 -27.482000 11.975002
v 58.147999 -29.378000 10.442002
v 55.181000 -28.709999 10.418002
v 56.224998 -31.058001 8.791002
v 56.872002 -28.211000 7.940102
v 53.528000 -28.636997 12.969002
v 52.657001 -27.018000 10.547002
v 55.124001 -26.191000 12.121002
v 57.798000 -25.008999 12.961002
v 55.361000 -23.210999 12.678002
v 56.666000 -24.403999 10.203002
v 54.463001 -24.353001 8.107702
v 57.257999 -25.284000 7.353202
v 56.744999 -22.349001 7.963302
v 51.820999 -25.855000 8.236002
v 52.006001 -23.231001 6.710002
v 52.157001 -23.237000 9.747302
v 52.723999 -22.494999 12.642002
v 50.526001 -21.059999 11.107002
v 53.443001 -20.561001 10.407001
v 53.786999 -19.676001 7.518402
v 56.165001 -19.636000 9.414402
v 53.909000 -17.625999 9.761600
v 52.995998 -21.458000 5.184301
v 52.964001 -18.434000 4.867501
v 50.886002 -19.802000 6.616101
v 48.577000 -20.597000 8.429502
v 48.139000 -18.559999 6.214602
v 49.799999 -17.820999 8.652701
v 51.750999 -16.430000 10.525001
v 49.176998 -15.035999 9.701200
v 51.408001 -15.432999 7.672901
v 53.328999 -15.607000 5.321701
v 51.799999 -13.032000 5.849201
v 50.330002 -15.491000 4.829801
v 47.335999 -15.333000 5.336801
v 48.464001 -17.533001 3.565902
v 48.451000 -14.652000 2.590701
v 47.124001 -12.830999 7.052901
v 46.056999 -15.481999 8.091901
v 44.623001 -14.049000 5.825401
v 47.723999 -10.783000 4.885801
v 49.542000 -11.004999 7.313501
v 46.737999 -9.866799 7.612701
v 47.730999 -11.537000 1.939601
v 46.568001 -8.870400 2.823801
v 45.112000 -11.458000 3.482501
v 43.674999 -14.013000 2.673901
v 42.084000 -11.475000 3.195601
v 43.401001 -12.947000 5.508501
v 45.741001 -15.548000 1.053001
v 42.862000 -15.387000 0.085457
v 43.551998 -17.049000 2.537301
v 43.594002 -20.073000 2.220701
v 41.339001 -18.737000 3.762401
v 44.143002 -18.820999 4.937201
v 45.936001 -22.011000 2.311602
v 44.514000 -21.466999 -0.320938
v 43.115002 -23.055000 1.863002
v 40.251999 -23.927000 1.325702
v 41.516998 -24.451000 4.041402
v 42.449001 -26.011000 1.603702
v 43.584999 -27.808001 -0.571518
v 41.831001 -28.989000 1.614302
v 44.634998 -28.016001 2.274702
v 45.945999 -27.674999 4.998002
v 47.661999 -27.818001 2.491902
v 46.224998 -30.304001 3.494402
v 48.080002 -32.708000 3.325902
v 45.154999 -32.986000 2.540902
v 45.916000 -32.603001 5.460302
v 49.659000 -34.530998 1.473003
v 49.567001 -35.106998 4.457503
v 51.119999 -32.707001 3.419902
v 49.636002 -32.832001 -1.049198
v 47.981998 -35.381001 -0.917527
v 51.015999 -35.541000 -1.053897
v 51.553001 -30.702000 -0.032409
v 48.681999 -29.964001 -0.708998
v 50.636002 -30.663000 -2.931698
v 54.571999 -31.045000 -0.160058
v 53.185001 -30.775999 2.532802
v 53.380001 -28.375999 0.676352
v 57.558998 -31.570999 -0.382338
v 56.016998 -30.520000 -2.783798
v 55.585999 -33.375000 -1.830598
v 60.575001 -31.180000 -0.398708
v 59.361000 -33.584000 1.014102
v 59.006001 -30.797001 2.178102
v 63.518002 -30.681000 -0.981898
v 61.530998 -28.382000 -1.111198
v 61.479000 -30.558001 -3.235098
v 65.917000 -30.504999 -2.842698
v 65.492996 -32.987999 -1.138698
v 66.316002 -30.368999 0.169112
v 65.362000 -30.724001 3.034902
v 66.970001 -28.261000 2.261602
v 68.318001 -30.985001 2.373102
v 63.207001 -32.817001 3.509402
v 62.981998 -30.910999 1.150402
v 62.599998 -29.875000 3.984002
v 60.049999 -28.350000 3.333402
v 62.640999 -26.837999 3.833702
v 61.222000 -28.228001 6.137002
v 57.201000 -28.077999 4.361202
v 57.891998 -30.254999 2.352702
v 57.856998 -27.340000 1.484802
v 55.337002 -26.441999 0.039140
v 57.924000 -26.827000 -1.511998
v 57.643002 -24.497999 0.423922
v 52.821999 -26.172001 -1.649698
v 52.883999 -25.049999 1.175902
v 52.855999 -28.058001 0.735612
v 53.116001 -28.054001 -4.020998
v 53.311001 -25.047001 -4.432198
v 50.632999 -26.318001 -3.755598
v 47.931000 -25.211000 -4.608298
v 48.479000 -28.197001 -4.794198
v 49.867001 -26.275000 -6.698498
v 45.293999 -23.916000 -5.392098
v 47.699001 -22.181000 -4.721198
v 46.284000 -23.733999 -2.522498
v 43.723999 -26.511999 -5.179298
v 43.419998 -24.747999 -7.637998
v 42.283001 -23.841999 -4.966498
v 40.646999 -24.657000 -2.536098
v 39.578999 -22.549999 -4.452298
v 41.939999 -21.906000 -2.646698
v 44.597000 -20.445999 -2.407299
v 42.862000 -20.861000 0.056078
v 41.987000 -18.913000 -2.109199
v 41.272999 -16.028999 -1.460199
v 39.070999 -18.059000 -1.987799
v 40.840000 -17.107000 -4.270699
v 39.965000 -13.778000 0.110711
v 41.972000 -13.135000 -2.081999
v 42.912998 -14.402000 0.517621
v 38.577999 -12.057000 2.199301
v 38.020000 -15.044000 2.076601
v 36.986000 -13.212000 -0.119799
v 36.627998 -10.755000 4.136301
v 38.421001 -9.025500 2.391901
v 39.618000 -10.635000 4.678001
v 34.339001 -12.546000 5.029501
v 33.860001 -9.576500 4.582901
v 35.516998 -10.509999 6.956501
v 33.290001 -15.194000 3.961601
v 32.063999 -13.969999 6.461101
v 34.876999 -15.121999 6.554801
v 35.047001 -16.517000 1.860901
v 32.506001 -15.069000 1.026001
v 32.328999 -17.702000 2.536602
v 29.436001 -18.348000 1.855101
v 30.913000 -20.000999 3.937402
v 31.658001 -20.239000 0.998752
v 32.189999 -22.782000 -0.583138
v 32.492001 -20.066999 -1.920898
v 29.728001 -21.101000 -1.186998
v 33.320999 -25.593000 -0.333688
v 30.372999 -25.087000 0.212832
v 32.477001 -24.066999 2.157802
v 35.824001 -27.302000 -0.086549
v 35.415001 -25.549999 -2.538398
v 33.688999 -28.020000 -2.129298
v 37.773998 -29.555000 0.524062
v 38.791000 -26.705000 0.218752
v 37.789001 -28.231001 -2.213798
v 37.972000 -32.314999 1.785402
v 40.432999 -31.031000 0.543492
v 38.166000 -32.005001 -1.233698
v 37.834000 -34.346001 4.045002
v 36.216999 -34.783001 1.506903
v 35.437000 -32.573002 3.445302
v 39.522999 -33.851002 6.525202
v 39.535000 -36.587002 5.198103
v 37.063999 -35.632000 6.690703
v 41.401001 -31.613001 5.682902
v 40.587002 -31.898001 8.599103
v 38.554001 -30.968000 6.536702
v 35.682999 -30.733000 5.562603
v 37.622002 -28.424999 5.154202
v 36.619999 -29.093000 7.946702
v 36.917999 -26.382999 9.294502
v 37.213001 -28.933001 10.925002
v 34.480999 -28.108999 9.872202
v 32.909000 -28.209999 12.473001
v 31.733000 -29.409000 9.937702
v 31.995001 -26.391001 10.213002
v 31.972000 -24.993000 7.512902
v 32.215000 -23.362000 10.068002
v 29.587000 -24.730000 9.382002
v 31.190001 -27.490000 5.964002
v 33.834000 -26.105000 5.381402
v 31.215000 -24.785000 4.574602
v 30.558001 -30.066999 7.451402
v 29.362000 -29.566999 4.700402
v 28.403000 -27.951000 7.091802
v 27.002001 -26.513000 9.375202
v 25.395000 -27.518999 6.997702
v 27.281000 -25.157000 6.667402
v 26.306999 -23.330999 4.438902
v 29.289000 -23.735001 4.879702
v 27.655001 -22.146999 6.894502
v 29.207001 -19.593000 7.454301
v 28.410000 -21.422001 9.749602
v 26.289000 -19.811001 8.281802
v 31.268000 -21.811001 7.170501
v 31.313999 -19.996000 9.610002
v 32.115002 -18.903999 6.886702
v 34.136002 -21.076000 7.552701
v 33.530998 -18.889000 9.577901
v 35.076000 -18.229000 7.043002
v 38.041000 -17.884001 7.620801
v 36.291000 -15.442999 7.144701
v 36.958000 -17.309000 4.838001
v 40.598999 -16.434999 8.403201
v 40.733002 -18.926001 6.663901
v 39.967999 -19.160000 9.597802
v 39.497002 -22.122000 10.100002
v 38.641998 -20.073000 12.178002
v 41.596001 -20.622000 11.710002
v 41.352001 -23.671000 8.254502
v 38.396000 -23.426001 7.582602
v 39.285000 -25.150999 9.923902
v 43.914001 -22.257999 7.423202
v 43.824001 -25.295000 7.548202
v 43.757999 -23.665001 10.115002
v 42.502998 -25.368000 12.299002
v 43.685001 -22.650997 12.981002
v 45.515999 -24.961000 12.232002
v 42.261002 -27.790001 10.476002
v 39.772999 -26.593000 11.752002
v 41.793999 -28.085999 13.466002
v 45.210999 -28.101000 9.806202
v 43.174000 -27.754999 7.574902
v 43.261002 -30.344999 9.165302
v 46.035999 -28.849998 12.636002
v 47.125999 -26.316999 11.354002
v 48.049000 -29.040001 10.365002
v 42.994999 -28.804001 12.629002
v 44.495998 -29.714998 15.112002
v 44.476002 -31.459999 12.621002
v 45.987000 -32.737000 10.312003
v 42.953999 -32.539001 10.219003
v 44.292999 -34.459999 12.159003
v 48.833000 -32.584000 11.372003
v 48.096001 -31.167999 8.783502
v 48.227001 -34.205002 8.871103
v 48.543999 -34.209999 13.926003
v 49.655998 -31.380999 14.041002
v 51.307999 -33.616001 12.806003
v 47.569000 -36.661999 12.415003
v 45.790001 -35.359001 14.509003
v 48.282001 -36.876999 15.363003
v 47.360001 -37.007999 9.400603
v 48.082001 -39.382999 11.158003
v 50.077999 -37.124001 10.760003
v 52.557999 -35.363998 10.800003
v 52.793999 -38.308998 10.075003
v 52.168999 -37.492001 12.937003
v 50.859001 -39.667999 14.610003
v 51.910000 -37.146999 15.948003
v 53.855999 -39.191002 14.814003
v 48.004002 -40.709000 14.719003
v 50.327999 -42.582001 15.300003
v 49.855000 -41.578999 12.468003
v 48.402000 -39.155998 11.343003
v 46.887001 -41.196999 13.013002
v 47.839001 -41.924000 10.217003
v 45.182999 -43.375999 10.513002
v 45.891998 -42.022999 7.883604
v 45.244999 -40.341000 10.333003
v 43.408001 -38.541000 8.710402
v 45.473999 -37.318001 10.578003
v 43.051998 -38.757000 11.723002
v 42.369999 -36.875999 14.012003
v 42.104000 -39.882000 14.385003
v 40.158001 -38.395000 12.583003
v 38.181999 -39.879002 10.809003
v 37.548000 -37.063000 11.768003
v 37.521999 -39.381001 13.736003
v 36.730000 -42.208000 9.500603
v 39.762001 -42.241001 9.727103
v 38.401001 -40.313999 7.807503
v 35.042000 -44.210999 7.954803
v 33.775002 -42.526001 10.147003
v 35.736000 -44.736000 10.869004
v 33.771999 -46.967999 7.772303
v 35.620998 -45.995998 5.561903
v 32.867001 -44.750000 5.898704
v 31.690001 -42.219002 4.692103
v 29.882000 -44.576000 5.343403
v 31.850000 -44.762001 3.032503
v 30.382999 -39.493999 5.035303
v 32.155998 -40.036999 2.624903
v 33.388000 -39.794998 5.394803
v 29.138000 -39.726002 7.800203
v 27.368999 -39.271000 5.368903
v 29.179001 -37.042000 6.370803
v 31.921000 -39.860001 9.018103
v 30.247999 -42.387001 8.768403
v 29.471001 -40.241001 10.779003
v 34.362999 -38.801998 7.546103
v 34.181999 -38.544998 10.571003
v 32.380001 -36.862000 8.790402
v 30.247000 -35.049000 7.601903
v 32.146000 -33.976002 9.720503
v 30.004999 -35.997002 10.482003
v 30.978001 -37.151001 13.121003
v 28.350000 -38.103001 11.922003
v 28.570000 -35.294998 13.069003
v 33.702000 -38.456001 13.480002
v 32.498001 -36.804001 15.732003
v 33.487000 -35.435001 13.203003
v 32.285000 -32.640999 13.237003
v 34.221001 -33.437000 11.031003
v 35.233002 -33.035999 13.871003
v 30.510000 -33.023998 15.677003
v 29.304001 -32.069000 13.054003
v 31.111000 -30.221998 14.658002
v 30.646000 -35.509998 17.424002
v 30.273001 -32.773998 18.698002
v 32.939999 -33.514000 17.439001
v 35.507000 -34.546001 18.702002
v 35.206001 -31.585999 18.070002
v 35.507999 -33.599998 15.812003
v 37.169998 -36.992001 19.408003
v 34.169998 -36.995998 19.910002
v 35.995998 -35.263000 21.617002
v 39.672001 -38.632999 19.951004
v 39.876999 -36.001999 18.440002
v 38.581001 -38.416000 17.121004
v 42.382999 -39.841000 20.614004
v 40.007000 -41.653999 20.054005
v 40.105999 -40.023998 22.620005
v 45.165001 -41.070000 20.645004
v 44.722000 -38.279999 21.772003
v 44.547001 -38.754002 18.773005
v 47.313000 -42.812000 21.911003
v 47.397999 -42.217999 18.930004
v 45.248001 -44.051998 20.054005
v 47.784000 -44.983002 23.987003
v 47.818001 -42.056999 24.813004
v 50.077999 -43.185001 23.120005
v 51.401001 -40.640999 22.107004
v 52.560001 -43.354000 21.371004
v 52.778999 -42.331001 24.227003
v 51.696999 -37.837002 23.248001
v 49.333000 -38.507999 21.457005
v 52.130001 -38.324001 20.277004
v 51.493999 -35.720997 25.423002
v 54.090000 -36.068001 23.877003
v 53.207001 -38.194996 25.863005
v 50.652000 -34.843998 28.210001
v 48.645000 -34.783997 25.926003
v 50.936001 -32.785995 25.989002
v 53.110001 -30.827997 25.158003
v 50.201000 -29.941998 25.203001
v 51.159000 -31.903997 23.087002
v 48.619999 -33.311001 22.180002
v 51.299000 -34.069000 20.955002
v 50.039001 -31.376999 20.310001
v 46.821999 -34.754002 24.162003
v 45.620998 -33.438999 21.697002
v 46.726002 -31.721998 23.950003
v 47.757000 -29.468998 25.713001
v 44.895000 -29.407999 24.688002
v 47.209000 -28.962997 22.765001
v 49.101002 -28.585999 20.414001
v 46.685001 -26.765999 20.729002
v 46.300999 -29.680998 19.953001
v 43.452000 -30.588999 20.506002
v 45.327000 -32.362000 18.897001
v 44.270000 -29.777998 17.691002
v 42.136002 -30.389997 23.241001
v 40.451000 -30.144999 20.721003
v 42.375999 -27.917997 21.485003
v 44.085999 -25.407999 21.631002
v 41.112999 -25.189999 21.027002
v 43.005001 -26.357998 18.952002
v 41.645000 -28.067999 16.836002
v 44.540001 -27.211998 16.469002
v 42.306999 -25.158998 16.245003
v 38.780998 -28.360998 17.816002
v 40.320000 -30.804998 16.865002
v 39.419998 -28.700998 14.862002
v 38.294998 -25.835999 19.441002
v 37.027000 -28.463999 20.298002
v 36.039001 -27.043999 17.797003
v 33.250999 -28.187998 17.391003
v 34.409000 -26.246998 15.356002
v 33.601002 -25.254997 18.115002
v 34.418999 -22.340998 18.404001
v 33.470001 -23.901999 20.835001
v 31.493000 -23.130999 18.657001
v 34.439999 -20.079998 16.370003
v 37.063000 -21.202997 17.422003
v 35.278000 -19.546999 19.245003
v 34.334000 -18.766998 22.028002
v 36.776001 -17.418999 20.817001
v 36.918999 -20.330997 21.682001
v 38.973000 -21.989998 20.173002
v 37.578999 -23.148998 22.614002
v 39.622002 -20.920998 22.945002
v 41.612999 -21.936998 18.664001
v 39.049000 -22.694998 17.216002
v 40.257000 -24.591997 19.262001
v 44.515999 -22.737999 19.084002
v 43.518002 -20.050999 20.101002
v 43.818001 -20.529999 17.112001
v 42.549000 -18.046999 15.900001
v 40.839001 -20.486998 16.506002
v 42.853001 -20.569998 14.229002
v 40.983002 -16.434998 17.948002
v 39.513000 -18.213999 15.967001
v 40.875000 -15.670999 15.006001
v 41.872002 -14.305998 19.929003
v 41.462002 -17.171999 20.859001
v 39.064999 -15.462998 20.099003
v 41.839001 -12.220998 22.143000
v 42.250000 -11.364998 19.254000
v 44.442001 -12.882998 20.717001
v 46.257999 -14.374999 18.787003
v 47.040001 -14.108998 21.713001
v 47.108002 -11.672998 19.893999
v 49.056999 -13.961999 17.671001
v 46.626999 -13.252999 15.984001
v 47.284000 -16.166998 16.555002
v 50.020000 -16.990997 17.596003
v 49.470001 -16.986998 14.605000
v 48.161999 -19.073997 16.389002
v 49.658001 -17.771997 20.513002
v 51.047001 -15.162998 19.799002
v 52.428001 -17.817999 19.259003
v 49.372002 -20.727999 19.855001
v 47.028000 -19.201998 21.048002
v 49.467999 -19.817999 22.755001
v 49.604000 -21.946999 17.078001
v 50.557999 -23.505999 19.508001
v 52.105999 -21.063997 18.565002
v 54.116001 -18.929998 17.757002
v 55.056000 -21.764997 18.333002
v 54.088001 -19.991999 20.607002
v 52.993000 -21.679998 22.888002
v 53.401001 -18.689999 23.268002
v 55.806999 -20.537998 23.055002
v 53.421001 -24.561998 23.758001
v 51.060001 -23.844997 21.979002
v 51.096001 -22.961998 24.889002
v 54.694000 -27.290998 23.330002
v 54.380001 -26.182999 26.145002
v 56.398998 -24.941998 24.240002
v 53.584999 -28.916998 21.012001
v 56.353001 -29.529999 22.112001
v 55.872002 -26.967999 20.545002
v 55.912998 -24.097998 19.541002
v 58.277000 -25.930998 18.999002
v 57.740002 -24.935999 21.823002
v 58.672001 -25.239998 24.702002
v 59.237000 -22.665998 23.184002
v 60.703999 -25.223999 22.439001
v 62.377998 -27.443998 21.208002
v 63.595001 -24.692999 21.657001
v 61.485001 -25.088999 19.503002
v 59.499001 -24.293999 17.341002
v 62.134998 -25.603998 16.577002
v 62.105999 -22.758999 17.650002
v 64.721001 -21.498999 16.742002
v 62.848000 -19.959997 18.579002
v 62.074001 -20.443998 15.678002
v 61.938000 -18.179998 13.652001
v 59.504002 -18.852999 15.346001
v 60.404999 -20.758999 13.155002
v 64.728996 -18.737000 12.581001
v 64.070999 -16.014997 13.767001
v 62.880001 -16.836000 11.092001
v 64.253998 -21.546000 11.518002
v 66.378998 -21.061998 13.639002
v 66.807999 -20.061001 10.800002
v 61.459999 -22.747999 11.522002
v 63.435001 -23.497000 9.333602
v 62.233002 -20.705000 9.406102
v 61.451000 -17.792000 9.016801
v 61.320000 -19.726999 6.674801
v 64.016998 -18.856001 7.778301
v 66.086998 -20.993000 7.150402
v 66.947998 -18.372000 8.430101
v 66.022003 -18.417999 5.533802
v 66.445000 -23.579000 5.590502
v 64.825996 -23.568001 8.164302
v 67.844002 -23.211000 8.265702
v 68.341003 -24.524000 10.964002
v 69.344002 -21.701000 10.438002
v 70.655998 -24.066000 9.045902
v 67.919998 -27.510000 10.574002
v 65.792999 -25.844000 11.970002
v 68.443001 -26.398998 13.356002
v 67.196999 -30.215000 9.386402
v 69.709000 -29.917999 11.074002
v 69.581001 -28.667999 8.304802
v 65.621002 -32.813000 9.262603
v 65.732002 -30.985001 6.835002
v 64.156998 -30.148001 9.298702
v 64.910004 -35.602001 8.279503
v 63.654999 -34.522999 10.831003
v 66.606003 -35.257999 10.780003
v 63.047001 -37.022999 6.341003
v 65.765999 -38.220001 6.991003
v 65.580002 -35.689999 5.314403
v 68.148003 -35.004002 3.836903
v 65.653000 -33.316002 3.414903
v 65.777000 -36.147999 2.314503
v 63.966999 -35.613998 -0.070596
v 63.709999 -38.217999 1.480603
v 66.153000 -37.720001 -0.261457
v 66.916000 -40.548000 -1.079397
v 69.067001 -38.419998 -0.776817
v 67.103996 -38.278999 -3.095397
v 66.828003 -35.789001 -4.818697
v 65.355003 -38.338001 -5.582397
v 68.379997 -38.189999 -5.854397
v 68.949997 -40.487999 -7.762997
v 71.251999 -38.919998 -6.541497
v 69.470001 -37.622002 -8.636297
v 66.713997 -36.956001 -9.736097
v 68.707001 -38.485001 -11.450997
v 69.171997 -35.542999 -10.835998
v 66.963997 -34.230000 -12.463997
v 69.583000 -32.758999 -11.988997
v 67.637001 -33.180000 -9.690697
v 64.603996 -36.129002 -12.733997
v 64.133003 -33.127998 -12.598997
v 65.061996 -34.633999 -10.125998
v 65.960999 -37.967999 -10.727997
v 64.858002 -39.101002 -13.325997
v 62.955002 -38.139999 -11.156997
v 61.414001 -40.146999 -9.471097
v 60.077999 -38.827999 -11.863997
v 60.682999 -37.196999 -9.369097
v 63.053001 -42.323002 -8.118998
v 60.120998 -42.807999 -8.764297
v 60.890999 -40.858002 -6.560797
v 60.416000 -38.536999 -4.654897
v 59.251999 -41.277000 -4.033597
v 58.119999 -39.627998 -6.324497
v 56.647999 -38.228001 -8.587297
v 55.292000 -38.598000 -5.890397
v 55.776001 -41.000000 -7.691597
v 52.992001 -42.006001 -6.994297
v 55.289001 -43.976002 -7.293197
v 54.167000 -42.566002 -9.742797
v 54.775002 -44.731998 -11.788996
v 55.139000 -41.803001 -12.520997
v 52.344002 -42.941002 -12.147997
v 50.393002 -40.636002 -12.509997
v 49.379002 -43.359001 -11.613997
v 50.370998 -42.967999 -14.461997
v 49.686001 -42.247002 -17.335997
v 47.736000 -43.883999 -15.673997
v 50.351002 -45.123001 -16.607996
v 49.153999 -40.540001 -19.795996
v 51.922001 -41.708000 -19.325996
v 50.896000 -39.464001 -17.547997
v 46.310001 -39.480999 -19.994997
v 47.382000 -41.368999 -22.123997
v 48.431000 -38.520000 -21.951996
v 48.453999 -38.319000 -24.985996
v 50.861000 -37.381001 -23.380999
v 48.265999 -35.798000 -23.296999
v 49.514999 -33.057999 -22.871998
v 46.796001 -33.692001 -21.666998
v 47.085999 -33.358002 -24.675999
v 44.372002 -33.967003 -25.906998
v 46.842999 -33.809002 -27.672998
v 45.706001 -31.282001 -26.418999
v 44.224998 -29.381002 -28.272999
v 47.055000 -28.728003 -27.369999
v 44.754002 -28.585001 -25.385998
v 42.089001 -28.239002 -30.111998
v 44.936001 -27.180002 -30.247997
v 43.194000 -26.553001 -27.834997
v 40.900002 -26.150002 -31.974998
v 42.741001 -28.303001 -33.081997
v 43.869999 -26.093002 -31.324999
v 37.887001 -25.840002 -32.244995
v 39.749001 -23.946001 -33.726002
v 39.495998 -23.772001 -30.700998
v 39.976002 -20.859001 -29.972998
v 41.394001 -23.065002 -28.432999
v 38.400002 -22.656002 -28.092999
v 37.797001 -24.842001 -26.066998
v 35.541000 -23.614002 -27.695997
v 36.912998 -21.982002 -25.526999
v 36.647999 -19.403002 -23.936998
v 35.869999 -22.057001 -22.670998
v 34.157001 -20.869001 -24.884998
v 39.316002 -17.965002 -23.694998
v 37.550999 -18.320002 -21.242998
v 36.719002 -16.402002 -23.451998
v 35.431000 -16.153002 -20.707998
v 34.188999 -14.750002 -23.103998
v 36.825001 -13.756001 -21.957998
v 34.933998 -18.718002 -19.152998
v 35.029999 -16.051003 -17.694998
v 37.577000 -17.245003 -18.849998
v 39.757999 -15.348001 -19.796999
v 40.342999 -18.319002 -19.515999
v 39.932999 -16.608002 -17.034998
v 41.022999 -12.778001 -18.776999
v 39.070000 -12.691002 -21.106998
v 41.834000 -13.902002 -21.483997
v 42.984001 -14.239001 -16.968998
v 40.870998 -12.416001 -15.760999
v 43.195000 -11.225001 -17.320999
v 45.463001 -15.506001 -18.191998
v 43.237999 -17.267002 -17.098999
v 44.992001 -15.674001 -15.191999
vn -0.0558 -0.6957 0.7162
vn 0.6178 0.7301 0.2919
vn -0.9097 0.3802 -0.1673
vn 0.3478 -0.4146 -0.8409
vn -0.0213 0.3918 0.9198
vn 0.7093 -0.7034 -0.0464
vn 0.2006 0.7199 -0.6644
vn -0.8885 -0.4086 -0.2090
vn 0.8288 0.0780 0.5541
vn -0.6776 -0.5490 0.4894
vn 0.2207 -0.4408 -0.8700
vn -0.3722 0.9118 -0.1734
vn 0.4659 -0.6436 0.6073
vn -0.3657 0.7601 0.5371
vn -0.7492 -0.4674 -0.4693
vn 0.6490 0.3509 -0.6750
vn -0.4102 -0.1542 0.8989
vn 0.9651 0.2377 0.1102
vn -0.4772 0.7487 -0.4602
vn -0.0777 -0.8322 -0.5490
vn 0.1735 0.4547 0.8736
vn 0.3075 -0.9501 0.0519
vn 0.4986 0.4727 -0.7266
vn -0.9797 0.0228 -0.1990
vn 0.9000 -0.2091 0.3824
vn -0.6928 -0.0760 0.7171
vn -0.2082 -0.6459 -0.7345
vn 0.0008 0.9310 -0.3651
vn 0.0692 -0.6532 0.7541
vn 0.2582 0.9105 0.3230
vn -0.9409 0.0206 -0.3379
vn 0.6136 -0.2779 -0.7391
vn -0.3652 0.1601 0.9171
vn 0.9594 -0.2741 0.0663
vn -0.0701 0.8400 -0.5381
vn -0.5240 -0.7260 -0.4453
vn 0.6924 0.3804 0.6130
vn -0.3387 -0.8631 0.3747
vn 0.4048 -0.1633 -0.8997
vn -0.7584 0.6459 -0.0879
vn 0.6253 -0.6015 0.4971
vn -0.5177 0.5545 0.6516
vn -0.6321 -0.5521 -0.5437
vn 0.5245 0.5991 -0.6049
vn -0.1550 -0.4313 0.8888
vn 0.7451 0.6626 0.0764
vn -0.8336 0.4681 -0.2932
vn 0.2435 -0.6994 -0.6720
vn -0.0383 0.5527 0.8325
vn 0.6859 -0.7195 0.1088
vn 0.2470 0.5815 -0.7752
vn -0.8947 -0.4146 -0.1661
vn 0.8364 0.2845 0.4685
vn -0.5857 -0.5000 0.6379
vn 0.2345 -0.5919 -0.7711
vn -0.4852 0.8076 -0.3353
vn 0.4526 -0.6340 0.6270
vn -0.1387 0.8787 0.4569
vn -0.8851 -0.3764 -0.2737
vn 0.5713 0.1318 -0.8101
vn -0.0607 -0.1605 0.9852
vn 0.9253 0.2994 -0.2327
vn -0.6554 0.7079 -0.2633
vn -0.2093 -0.8467 -0.4891
vn 0.3946 0.7656 0.5081
vn 0.3687 -0.8598 0.3532
vn 0.2310 0.0887 -0.9689
vn -0.9942 0.0055 0.1077
vn 0.9727 -0.1115 0.2033
vn -0.5023 0.1589 0.8500
vn -0.3455 -0.8282 -0.4413
vn -0.1253 0.7809 -0.6120
vn 0.7955 -0.1064 0.5965
vn -0.2941 0.9558 0.0040
vn -0.7446 -0.5794 0.3314
vn 0.2433 -0.2699 -0.9317
vn -0.4823 0.3051 -0.8212
vn -0.5122 0.2815 0.8115
vn 0.9119 0.4098 0.0228
vn 0.0826 -0.9965 -0.0130
vn -0.6229 -0.6786 0.3893
vn 0.4517 0.5005 0.7386
vn -0.5171 0.6398 -0.5685
vn 0.6886 -0.4617 -0.5592
vn 0.5796 0.7002 -0.4168
vn -0.6186 0.4281 0.6588
vn 0.5735 -0.6715 0.4693
vn -0.5341 -0.4570 -0.7112
vn 0.3826 0.8521 -0.3572
vn -0.9808 0.1151 0.1573
vn 0.4508 -0.2324 0.8618
vn 0.1475 -0.7348 -0.6621
vn -0.4361 -0.6988 0.5670
vn -0.2723 0.9072 0.3207
vn -0.2854 -0.1169 -0.9512
vn 0.9938 -0.0916 0.0636
vn -0.7567 -0.3822 0.5304
vn 0.6023 0.5194 0.6062
vn -0.3620 0.6051 -0.7091
vn 0.5163 -0.7423 -0.4270
vn 0.9779 -0.1170 -0.1732
vn -0.2212 0.9751 0.0179
vn -0.2339 -0.4112 0.8810
vn -0.5229 -0.4472 -0.7257
vn -0.3498 0.4166 -0.8391
vn -0.4796 0.3851 0.7885
vn 0.9791 0.1864 0.0815
vn -0.1497 -0.9882 -0.0311
vn 0.0796 0.9875 -0.1361
vn -0.9430 -0.2853 -0.1716
vn 0.2516 -0.2283 0.9405
vn 0.6120 -0.4741 -0.6330
vn -0.8727 0.0672 0.4836
vn 0.0328 0.6876 -0.7254
vn 0.0899 -0.9118 -0.4007
vn 0.7502 0.1571 0.6423
vn -0.8170 -0.0873 -0.5699
vn 0.0041 0.8974 0.4413
vn 0.8159 -0.0950 -0.5704
vn -0.0033 -0.7150 0.6991
vn 0.4115 0.1434 0.9000
vn 0.5242 0.4998 -0.6895
vn -0.9429 0.3330 0.0077
vn 0.0071 -0.9759 -0.2180
vn 0.3322 -0.5794 -0.7442
vn -0.4541 0.8051 -0.3815
vn 0.7713 0.2896 0.5667
vn -0.6495 -0.5152 0.5592
vn -0.2559 0.6693 0.6975
vn 0.6341 0.4204 -0.6490
vn -0.8192 -0.3056 -0.4852
vn 0.4411 -0.7840 0.4368
vn 0.3229 0.7313 0.6008
vn 0.7668 -0.3549 -0.5349
vn -0.6988 0.3606 -0.6177
vn -0.3907 -0.7370 0.5515
vn 0.3312 -0.9142 0.2335
vn -0.0959 0.0766 -0.9924
vn 0.6528 0.6840 0.3255
vn -0.8880 0.1536 0.4334
vn -0.4773 0.7820 -0.4009
vn 0.8976 -0.0987 -0.4296
vn -0.5350 -0.8311 -0.1519
vn 0.1148 0.1477 0.9824
vn 0.1801 -0.0079 0.9836
vn 0.7220 -0.5034 -0.4747
vn -0.0191 0.9445 -0.3279
vn -0.8830 -0.4333 -0.1807
vn 0.0661 -0.8043 0.5905
vn 0.6550 -0.0830 -0.7510
vn 0.2050 0.8215 0.5320
vn -0.9262 0.0658 -0.3713
vn 0.2537 -0.0623 0.9653
vn 0.5685 -0.6248 -0.5351
vn 0.1402 0.9364 -0.3218
vn -0.9624 -0.2493 -0.1083
vn 0.4670 0.6951 0.5466
vn 0.2742 -0.9096 0.3123
vn 0.2480 0.1107 -0.9624
vn -0.9892 0.1038 0.1034
vn 0.8190 0.1650 0.5496
vn -0.7748 -0.1864 0.6041
vn 0.1528 -0.7866 -0.5982
vn -0.1971 0.8078 -0.5555
vn 0.4061 -0.0857 0.9098
vn -0.7650 0.6430 0.0356
vn -0.3297 -0.8940 -0.3035
vn 0.6891 0.3365 -0.6418
vn 0.0587 0.4646 -0.8836
vn -0.8596 -0.5083 0.0526
vn 0.0328 0.6768 0.7354
vn 0.7680 -0.6333 0.0955
vn 0.0227 -0.9605 0.2773
vn -0.6846 0.4872 0.5422
vn -0.2371 0.0614 -0.9695
vn 0.8989 0.4115 0.1501
vn 0.0916 0.9914 0.0932
vn -0.9447 -0.2270 -0.2368
vn 0.2414 -0.4397 0.8651
vn 0.6115 -0.3250 -0.7214
vn -0.2079 -0.6419 -0.7381
vn -0.4573 -0.2966 0.8384
vn -0.3232 0.9124 -0.2510
vn 0.9882 0.0262 0.1508
vn 0.1533 0.6745 0.7222
vn -0.9673 -0.2529 -0.0198
vn 0.5535 -0.8131 0.1803
vn 0.2604 0.3915 -0.8825
vn -0.4969 -0.1310 -0.8579
vn -0.1081 -0.8109 0.5751
vn -0.3653 0.7989 0.4779
vn 0.9703 0.1429 -0.1951
vn 0.8543 -0.4058 0.3247
vn -0.6576 0.0394 0.7524
vn -0.3739 -0.5584 -0.7405
vn 0.1772 0.9248 -0.3366
vn -0.4841 0.8698 0.0952
vn -0.6424 -0.7550 0.1315
vn 0.7246 -0.0550 0.6869
vn 0.4021 -0.0596 -0.9137
vn -0.5842 0.4943 0.6438
vn -0.5595 -0.3697 -0.7418
vn 0.4605 -0.7494 0.4758
vn 0.6832 0.6249 -0.3778
vn -0.9287 -0.3036 0.2131
vn -0.0394 0.8518 -0.5224
vn 0.4642 -0.7015 -0.5408
vn 0.5039 0.1534 0.8500
vn -0.4580 -0.5539 -0.6952
vn 0.1511 0.9224 -0.3554
vn 0.8792 -0.4162 0.2320
vn -0.5722 0.0477 0.8187
vn -0.6677 0.2073 -0.7150
vn 0.8464 0.5015 -0.1791
vn 0.1890 -0.9820 0.0051
vn -0.3679 0.2730 0.8889
vn 0.3215 0.3269 0.8887
vn 0.7553 -0.4381 -0.4874
vn -0.3392 0.7726 -0.5367
vn -0.7377 -0.6615 0.1353
vn -0.2779 -0.4258 -0.8611
vn 0.7465 0.6428 -0.1719
vn 0.3085 -0.7065 0.6370
vn -0.7771 0.4895 0.3957
vn -0.0434 0.9254 0.3764
vn 0.7931 -0.4770 0.3788
vn 0.0842 0.0487 -0.9953
vn -0.8339 -0.4970 0.2400
vn -0.1010 -0.9849 -0.1408
vn 0.9225 0.2814 -0.2642
vn -0.1513 0.2159 0.9646
vn -0.6702 0.4872 -0.5598
vn 0.0843 0.9299 -0.3580
vn 0.6506 -0.1292 0.7484
vn 0.1948 -0.6568 -0.7285
vn -0.9299 -0.1442 0.3382
vn -0.2008 -0.8020 0.5626
vn 0.9634 -0.0133 -0.2678
vn -0.1886 0.8306 0.5239
vn -0.5739 -0.0152 -0.8188
vn 0.2868 0.7602 -0.5830
vn 0.5018 0.0351 0.8643
vn 0.1922 -0.8657 -0.4622
vn -0.9810 0.0705 0.1809
vn -0.5055 -0.0912 0.8580
vn 0.7857 -0.6186 0.0085
vn 0.3187 0.9425 -0.1007
vn -0.5992 -0.2326 -0.7661
vn 0.2036 -0.4423 -0.8735
vn 0.8410 0.3795 0.3857
vn -0.3828 -0.6727 0.6332
vn -0.6617 0.7355 -0.1453
vn 0.5589 -0.8230 -0.1015
vn 0.3572 0.7207 -0.5942
vn 0.0289 0.3075 0.9511
vn -0.9448 -0.2051 -0.2555
vn 0.9240 0.3575 -0.1353
vn -0.2211 -0.6399 -0.7360
vn -0.6543 0.7562 -0.0079
vn -0.0484 -0.4738 0.8793
vn 0.2149 0.1598 -0.9635
vn 0.7295 -0.5405 0.4191
vn -0.8653 -0.4963 0.0706
vn -0.0793 0.8771 0.4737
vn 0.4317 -0.7105 -0.5557
vn 0.5703 0.8214 -0.0067
vn -0.1017 -0.3274 0.9394
vn -0.9005 0.2166 -0.3770
vn 0.9838 -0.1738 0.0428
vn -0.2690 0.1622 -0.9494
vn -0.2204 0.8048 0.5511
vn -0.4944 -0.7931 0.3557
vn 0.6864 0.4650 -0.5591
vn 0.0475 -0.9852 -0.1647
vn -0.9103 0.3351 -0.2429
vn 0.1764 0.1850 0.9668
vn 0.0562 -0.3855 0.9210
vn -0.9004 -0.1956 -0.3886
vn 0.7077 -0.4088 -0.5762
vn 0.1363 0.9897 0.0440
vn -0.0686 -0.2667 -0.9613
vn -0.2944 -0.7604 0.5789
vn -0.5853 0.7931 0.1684
vn 0.9484 0.2342 0.2139
vn -0.8575 0.0392 0.5130
vn -0.0691 -0.6986 -0.7121
vn 0.7497 -0.2299 0.6206
vn 0.1768 0.8895 -0.4215
vn -0.7134 -0.6728 0.1960
vn -0.3955 0.7687 -0.5026
vn 0.7170 -0.4256 -0.5520
vn 0.3921 0.3297 0.8588
vn -0.5403 -0.3333 -0.7727
vn -0.6020 0.1652 0.7812
vn 0.4563 0.8525 -0.2552
vn 0.6861 -0.6844 0.2467
vn -0.9522 0.2816 -0.1187
vn 0.0437 -0.9937 0.1028
vn 0.3772 0.4366 0.8168
vn 0.5314 0.2756 -0.8010
vn -0.8462 -0.3391 0.4110
vn -0.0441 -0.1107 -0.9929
vn 0.7762 -0.5182 0.3593
vn 0.1142 0.9682 0.2226
vn -0.3975 -0.8567 -0.3288
vn -0.7053 0.7086 0.0209
vn 0.7378 0.2820 -0.6133
vn 0.3651 -0.1339 0.9213
vn -0.6071 0.0071 -0.7946
vn -0.4868 -0.3773 0.7878
vn 0.2922 0.9342 0.2047
vn 0.8017 -0.5641 -0.1980
vn -0.9882 0.1516 0.0217
vn 0.1886 -0.9197 -0.3443
vn 0.3719 0.0929 0.9236
vn 0.4275 0.6752 -0.6011
vn -0.7033 -0.6395 0.3106
vn -0.1494 0.2166 -0.9648
vn 0.9023 -0.4163 0.1125
vn -0.0498 0.8390 0.5418
vn -0.3747 -0.7435 -0.5539
vn -0.7447 0.5867 0.3182
vn 0.6362 0.5390 -0.5520
vn 0.4830 -0.3822 0.7878
vn -0.6249 0.1570 -0.7647
vn -0.3904 -0.6860 0.6140
vn 0.1367 0.8554 0.4997
vn 0.8784 -0.3265 -0.3491
vn -0.9850 0.1189 0.1248
vn 0.1661 -0.7098 -0.6846
vn 0.4158 -0.2706 0.8682
vn 0.4033 0.8615 -0.3086
vn -0.6576 -0.7528 0.0288
vn -0.2225 0.6074 -0.7626
vn 0.9219 -0.3671 -0.1239
vn -0.0421 0.5124 0.8577
vn 0.1565 -0.6786 -0.7176
vn -0.9559 0.2930 -0.0209
vn 0.5940 0.7899 -0.1527
vn 0.2052 -0.4042 0.8914
vn -0.2779 0.6438 0.7129
vn -0.1494 0.4127 -0.8985
vn -0.5424 -0.8366 0.0770
vn 0.9694 -0.2200 0.1088
vn -0.4194 -0.7371 -0.5299
vn -0.6469 0.7575 0.0874
vn 0.8251 0.3184 -0.4666
vn 0.2411 -0.3389 0.9094
vn -0.5109 0.1333 0.8493
vn 0.3989 0.8702 -0.2892
vn -0.6174 -0.3365 -0.7110
vn 0.7295 -0.6671 0.1512
vn -0.6419 0.6918 0.3308
vn 0.8201 0.0056 0.5722
vn 0.2520 0.2042 -0.9459
vn -0.4303 -0.9017 0.0430
vn 0.7888 0.5871 -0.1818
vn -0.4220 0.2676 0.8662
vn 0.2992 -0.9526 0.0552
vn -0.6660 0.0980 -0.7395
vn -0.9429 0.3196 -0.0939
vn 0.0428 -0.7096 0.7033
vn 0.5869 0.7658 0.2629
vn 0.3132 -0.3758 -0.8722
vn 0.4247 -0.7710 -0.4745
vn 0.4056 0.0959 0.9090
vn -0.9826 -0.1632 0.0889
vn 0.1522 0.8384 -0.5234
vn 0.3264 0.8925 0.3114
vn -0.6347 -0.3769 0.6747
vn 0.7773 -0.6195 -0.1092
vn -0.4691 0.1039 -0.8770
vn -0.4296 -0.8865 -0.1723
vn 0.5468 -0.0515 0.8356
vn -0.7077 0.6983 0.1074
vn 0.5904 0.2397 -0.7707
vn -0.1538 -0.9772 0.1462
vn 0.9775 0.1981 0.0728
vn -0.4983 0.5230 0.6915
vn -0.3254 0.2562 -0.9102
vn 0.1703 0.9605 -0.2201
vn 0.2711 -0.1784 0.9459
vn 0.5320 -0.5822 -0.6148
vn -0.9735 -0.2000 -0.1111
vn 0.2332 -0.9721 0.0245
vn 0.8167 0.5437 0.1936
vn -0.6996 0.1923 0.6882
vn -0.3504 0.2359 -0.9064
vn 0.1640 0.8460 -0.5073
vn 0.0469 0.1854 0.9815
vn 0.6952 -0.6758 -0.2451
vn -0.9061 -0.3556 -0.2290
vn -0.1722 -0.8137 0.5551
vn 0.9182 0.3465 0.1918
vn -0.6748 0.7037 0.2221
vn -0.0713 -0.2363 -0.9691
vn 0.6562 -0.7461 -0.1126
vn 0.4657 0.8757 -0.1276
vn -0.3932 -0.0376 0.9187
vn -0.7287 -0.0917 -0.6786
vn 0.9608 -0.2769 0.0100
vn -0.2403 0.3377 -0.9101
vn -0.1448 0.7248 0.6735
vn -0.5759 -0.7855 0.2266
vn 0.6227 0.5126 -0.5912
vn -0.2732 -0.8462 -0.4575
vn -0.8109 0.5536 0.1894
vn 0.4617 -0.2200 0.8593
vn -0.1388 -0.8697 0.4736
vn -0.8692 0.3139 -0.3820
vn 0.6629 -0.1245 -0.7383
vn 0.3453 0.6801 0.6467
vn 0.0261 0.9746 -0.2225
vn -0.3524 -0.5115 -0.7837
vn -0.5968 -0.1459 0.7890
vn 0.9232 -0.3171 0.2171
vn -0.1271 -0.9683 0.2152
vn -0.8924 0.4367 -0.1134
vn 0.5236 0.0867 -0.8475
vn 0.4960 0.4451 0.7456
vn -0.0163 0.9821 0.1874
vn -0.4137 -0.1757 -0.8933
vn -0.5164 -0.4830 0.7071
vn 0.9463 -0.3232 -0.0011
vn 0.0762 -0.9456 -0.3164
vn -0.9502 0.3018 -0.0780
vn 0.5836 0.5875 -0.5606
vn 0.2902 0.0563 0.9553
vn -0.6056 -0.1602 0.7795
vn -0.1942 0.8985 -0.3937
vn -0.1519 -0.7067 -0.6910
vn 0.9517 -0.0314 0.3054
vn 0.8447 0.5147 0.1468
vn -0.3893 0.2447 -0.8880
vn -0.6546 0.2204 0.7231
vn 0.1993 -0.9798 0.0181
vn -0.8390 -0.4835 -0.2495
vn -0.1745 0.9845 0.0157
vn 0.7130 -0.2016 -0.6716
vn 0.3005 -0.2997 0.9055
vn 0.6010 0.5476 0.5822
vn -0.0578 0.4182 -0.9065
vn -0.9124 -0.0402 0.4073
vn 0.3691 -0.9257 -0.0829
vn -0.3261 -0.5168 -0.7916
vn 0.0549 0.9705 -0.2349
vn 0.9061 -0.3307 0.2637
vn -0.6350 -0.1229 0.7627
vn -0.2983 -0.0632 -0.9524
vn 0.7625 0.6433 0.0687
vn 0.2947 -0.9014 0.3173
vn -0.7590 0.3212 0.5663
vn 0.1318 -0.9906 0.0377
vn 0.0612 0.3086 -0.9492
vn 0.7077 0.4513 0.5436
vn -0.9007 0.2308 0.3680
vn -0.7770 0.5315 -0.3372
vn 0.8476 0.5014 -0.1735
vn 0.0314 -0.8808 -0.4724
vn -0.1020 -0.1522 0.9831
vn 0.2437 0.2422 -0.9391
vn -0.4072 0.7927 0.4536
vn 0.8215 -0.2823 0.4954
vn -0.6581 -0.7529 -0.0100
vn 0.3621 0.9322 -0.0016
vn -0.7685 -0.0605 -0.6369
vn -0.3109 -0.2353 0.9209
vn 0.7176 -0.6367 -0.2823
vn -0.5542 0.8241 -0.1169
vn 0.6436 -0.0796 -0.7612
vn -0.5959 -0.8028 0.0180
vn 0.5066 0.0582 0.8602
vn -0.3442 0.2479 -0.9056
vn 0.5280 0.7616 0.3757
vn 0.5859 -0.8069 -0.0757
vn -0.7697 -0.2027 0.6053
vn 0.4670 0.5486 -0.6935
vn -0.8640 0.4391 0.2463
vn 0.5792 -0.0745 0.8118
vn -0.1823 -0.9132 -0.3646
vn 0.1198 0.9926 0.0210
vn -0.4235 -0.2665 -0.8658
vn -0.5877 -0.2806 0.7588
vn 0.8912 -0.4453 0.0862
vn -0.5426 0.7645 -0.3480
vn 0.8829 -0.0227 -0.4690
vn -0.4875 -0.8574 -0.1652
vn 0.1473 0.1156 0.9823
vn 0.4410 -0.4249 0.7906
vn -0.0089 -0.6459 -0.7634
vn 0.5071 0.8206 -0.2636
vn -0.9389 0.2502 0.2362
vn 0.6336 -0.6130 0.4720
vn -0.8868 -0.4510 -0.1014
vn 0.3647 0.2250 -0.9035
vn -0.1115 0.8388 0.5329
vn -0.8387 0.3624 0.4064
vn -0.1574 -0.1989 -0.9673
vn 0.2644 -0.8396 0.4745
vn 0.7317 0.6761 0.0865
vn -0.7497 -0.3641 0.5527
vn -0.3373 0.2208 -0.9151
vn 0.7262 -0.6841 -0.0685
vn 0.3607 0.8272 0.4308
vn 0.7023 -0.2613 0.6622
vn -0.6316 -0.7634 -0.1352
vn 0.4329 0.2322 -0.8710
vn -0.5037 0.7925 0.3438
vn 0.3849 -0.8827 -0.2698
vn -0.2289 -0.0195 0.9732
vn -0.8267 0.1801 -0.5330
vn 0.6707 0.7219 -0.1706
vn -0.4832 -0.5847 0.6517
vn 0.9865 -0.1160 0.1160
vn -0.2449 0.9555 0.1641
vn -0.2584 -0.2550 -0.9318
vn 0.2908 -0.2584 0.9212
vn -0.0747 -0.8194 -0.5683
vn 0.6730 0.6225 -0.3995
vn -0.8891 0.4553 0.0464
vn 0.6988 -0.7148 0.0270
vn -0.7727 -0.2674 0.5757
vn -0.3133 0.1243 -0.9415
vn 0.3869 0.8576 0.3387
vn -0.3313 -0.9414 -0.0626
vn 0.6451 0.0764 0.7603
vn -0.7727 0.6154 0.1552
vn 0.4589 0.2495 -0.8527
vn -0.1427 -0.6058 0.7827
vn 0.7654 -0.3377 -0.5479
vn 0.2051 0.9229 0.3259
vn -0.8277 0.0205 -0.5607
vn 0.7868 -0.3333 0.5194
vn -0.5378 -0.7774 -0.3262
vn 0.3192 0.5357 -0.7817
vn -0.5683 0.5749 0.5887
vn 0.4703 -0.8017 -0.3689
vn -0.2303 -0.1611 0.9597
vn -0.8378 0.1640 -0.5208
vn 0.5975 0.7988 -0.0700
vn -0.2484 -0.9389 0.2383
vn 0.9774 0.1375 0.1606
vn -0.5235 0.6369 0.5659
vn -0.2056 0.1646 -0.9647
vn 0.3252 -0.5037 0.8003
vn 0.2441 -0.5003 -0.8307
vn 0.4244 0.9053 -0.0193
vn -0.9939 0.0989 0.0496
vn 0.9057 -0.4180 -0.0703
vn -0.6608 -0.6857 0.3052
vn -0.2750 0.3526 -0.8944
vn 0.0298 0.7511 0.6595
vn 0.2239 -0.9390 -0.2610
vn 0.2892 0.1616 0.9435
vn -0.9873 0.1404 -0.0746
vn 0.4740 0.6370 -0.6079
vn -0.1641 -0.7565 0.6331
vn 0.9518 -0.0220 -0.3058
vn -0.1817 0.8676 0.4629
vn -0.6063 -0.0892 -0.7903
vn 0.6504 -0.3411 0.6787
vn -0.2413 -0.7376 -0.6306
vn 0.4150 0.7528 -0.5109
vn -0.8244 0.3260 0.4628
vn 0.7285 -0.6147 -0.3025
vn -0.4691 -0.4011 0.7868
vn -0.6534 0.1343 -0.7450
vn 0.3939 0.8814 0.2607
vn -0.0447 -0.9983 0.0373
vn 0.7446 0.3224 0.5845
vn -0.8657 0.3847 0.3204
vn 0.1658 0.2914 -0.9421
vn 0.1043 -0.5906 0.8002
vn 0.7032 -0.2251 -0.6744
vn 0.0973 0.9560 0.2766
vn -0.9048 -0.1402 -0.4021
vn 0.8926 -0.2011 0.4035
vn -0.4508 -0.8553 -0.2555
vn 0.1225 0.5684 -0.8136
vn -0.5644 0.4881 0.6657
vn 0.5606 -0.6737 -0.4815
vn 0.0312 -0.1816 0.9829
vn -0.9451 -0.0625 -0.3207
vn 0.3533 0.9179 -0.1806
vn 0.1162 -0.9621 0.2465
vn 0.8978 0.4271 -0.1072
vn -0.5089 0.4700 0.7212
vn -0.5051 0.0651 -0.8606
vn 0.0898 0.2542 -0.9630
vn -0.0576 0.8270 0.5592
vn 0.7967 -0.5363 0.2787
vn -0.8289 -0.5453 0.1249
vn 0.5881 -0.0601 0.8065
vn 0.2180 0.8320 -0.5101
vn -0.9576 0.0259 0.2870
vn 0.1515 -0.7979 -0.5835
vn -0.5294 0.0811 -0.8445
vn -0.2347 0.7535 0.6141
vn 0.9762 0.0359 -0.2139
vn -0.2121 -0.8705 0.4441
vn -0.1204 -0.0991 0.9878
vn 0.6308 0.7536 -0.1850
vn -0.8840 0.1931 -0.4259
vn 0.3736 -0.8475 -0.3769
vn 0.1701 0.0480 -0.9843
vn -0.3308 0.8859 0.3250
vn 0.8493 -0.2329 0.4738
vn -0.6885 -0.7011 0.1854
vn 0.6950 0.6888 -0.2061
vn -0.8110 0.1663 -0.5609
vn -0.2468 0.0547 0.9675
vn 0.3630 -0.9100 -0.2004
vn -0.8297 -0.3409 0.4421
vn -0.0581 0.9936 -0.0965
vn 0.0922 -0.4178 -0.9039
vn 0.7957 -0.2348 0.5583
vn 0.2298 0.2433 -0.9423
vn -0.9321 0.2995 0.2037
vn 0.6385 0.4488 0.6252
vn 0.0638 -0.9915 0.1134
vn -0.8126 -0.5671 -0.1345
vn -0.0283 0.4120 0.9107
vn 0.0212 0.7216 -0.6920
vn 0.8196 -0.5667 -0.0841
vn -0.7747 0.5212 0.3581
vn -0.0333 -0.9341 0.3555
vn 0.8543 0.4347 0.2850
vn -0.0460 -0.0217 -0.9987
vn -0.2737 -0.2026 0.9403
vn -0.7662 -0.1817 -0.6164
vn 0.7761 -0.5776 -0.2532
vn 0.2639 0.9620 -0.0705
vn -0.1110 -0.9929 0.0420
vn -0.7515 0.4407 0.4908
vn -0.0067 0.2963 -0.9551
vn 0.8696 0.2560 0.4223
vn 0.1869 0.9384 0.2907
vn -0.8729 -0.0308 -0.4869
vn -0.0451 -0.5950 0.8025
vn 0.7311 -0.3128 -0.6063
vn 0.0641 -0.5295 -0.8459
vn -0.7784 -0.3238 0.5378
vn -0.1266 0.9671 -0.2208
vn 0.8410 -0.1138 0.5290
vn 0.1593 0.1922 0.9683
vn -0.9354 0.2581 -0.2415
vn 0.1314 -0.9763 -0.1722
vn 0.6447 0.5260 -0.5547
vn -0.0978 0.9947 -0.0320
vn -0.5394 -0.4119 -0.7344
vn -0.3254 -0.3386 0.8829
vn 0.9627 -0.2443 -0.1165
vn -0.8469 0.4832 -0.2221
vn 0.7410 0.3431 -0.5772
vn -0.1228 -0.9791 -0.1621
vn 0.2287 0.1525 0.9615
vn 0.2983 -0.0917 0.9501
vn 0.5035 -0.6480 -0.5715
vn 0.1776 0.9317 -0.3167
vn -0.9794 -0.1921 -0.0618
vn 0.2180 -0.0512 -0.9746
vn 0.8473 0.0148 0.5309
vn -0.5437 -0.7974 0.2620
vn -0.5216 0.8336 0.1818
vn 0.1924 0.9391 0.2848
vn 0.2111 -0.6258 0.7509
vn 0.5633 -0.2295 -0.7937
vn -0.9667 -0.0836 -0.2419
vn -0.2434 -0.9551 -0.1689
vn 0.9953 0.0889 0.0375
vn -0.3941 0.2952 0.8704
vn -0.3580 0.5709 -0.7388
vn 0.3318 0.8742 -0.3544
vn 0.3504 -0.1388 0.9262
vn 0.3172 -0.7417 -0.5910
vn -0.9998 0.0065 0.0194
vn -0.4516 -0.7253 0.5197
vn 0.9868 -0.0426 0.1562
vn -0.3466 0.8892 0.2986
vn -0.1888 -0.1210 -0.9745
vn -0.3435 -0.1210 0.9313
vn 0.6960 -0.6921 -0.1913
vn 0.4021 0.9110 -0.0913
vn -0.7545 -0.0981 -0.6489
vn 0.2783 -0.0145 -0.9604
vn 0.8100 0.0836 0.5804
vn -0.4819 -0.8481 0.2201
vn -0.6065 0.7789 0.1598
vn 0.1399 -0.0034 0.9902
vn 0.7500 -0.4900 -0.4443
vn -0.0235 0.9437 -0.3300
vn -0.8663 -0.4503 -0.2160
vn 0.8235 -0.3697 0.4303
vn -0.4444 -0.7155 -0.5391
vn 0.2500 0.7613 -0.5983
vn -0.6289 0.3240 0.7068
vn -0.0085 0.1769 -0.9842
vn 0.4614 -0.8690 0.1786
vn -0.9399 -0.0460 0.3384
vn 0.4868 0.7380 0.4672
vn -0.0255 -0.2255 0.9739
vn -0.2579 -0.8044 -0.5352
vn 0.9246 0.2856 -0.2520
vn -0.6414 0.7442 -0.1866
vn -0.7424 0.0355 -0.6691
vn 0.8409 -0.2999 -0.4505
vn -0.2368 -0.6448 0.7268
vn 0.1382 0.9091 0.3931
vn 0.7525 -0.1667 0.6371
vn -0.1025 -0.7871 -0.6083
vn 0.1971 0.8168 -0.5421
vn -0.8472 0.1372 0.5133
vn -0.7017 0.0089 -0.7124
vn 0.9039 0.0736 -0.4215
vn -0.0590 -0.8550 0.5153
vn -0.1431 0.7724 0.6188
vn -0.2313 -0.1811 -0.9559
vn 0.4012 0.9126 0.0788
vn 0.6581 -0.6822 0.3185
vn -0.8280 -0.0496 0.5585
vn -0.6630 0.4907 -0.5655
vn 0.1892 0.5293 0.8271
vn 0.8475 -0.1280 -0.5151
vn -0.3738 -0.8922 0.2535
vn 0.4225 -0.5647 0.7090
vn 0.5176 0.8495 -0.1021
vn -0.9417 0.2128 0.2606
vn 0.0014 -0.4977 -0.8673
vn 0.0918 0.4983 -0.8621
vn -0.3085 0.6263 0.7160
vn 0.8849 -0.3891 0.2559
vn -0.6684 -0.7356 -0.1099
vn 0.9607 0.0292 0.2761
vn -0.3612 0.9312 -0.0483
vn -0.5237 -0.5263 0.6699
vn -0.0761 -0.4339 -0.8978
vn -0.2076 -0.1690 -0.9635
vn -0.6611 0.6503 0.3741
vn 0.9222 0.3782 0.0807
vn -0.0533 -0.8595 0.5084
vn 0.4691 0.7537 0.4603
vn -0.6777 0.3682 -0.6365
vn -0.4581 -0.5725 0.6800
vn 0.6667 -0.5493 -0.5037
vn -0.1314 0.1518 0.9796
vn -0.1231 0.8627 -0.4905
vn -0.6691 -0.6676 -0.3265
vn 0.9236 -0.3470 -0.1628
vn 0.2258 0.4183 0.8798
vn 0.3299 0.5846 -0.7412
vn -0.9917 -0.1052 -0.0745
vn 0.4360 -0.8977 -0.0642
vn 0.7669 -0.4999 -0.4025
vn -0.5204 0.4518 -0.7246
vn 0.3481 0.6865 0.6383
vn -0.5945 -0.6385 0.4887
vn 0.7653 0.2836 -0.5778
vn -0.5553 -0.6729 -0.4887
vn -0.5618 0.7965 0.2236
vn 0.3517 -0.4073 0.8429
vn -0.3064 -0.0992 -0.9467
vn 0.7850 -0.5983 0.1607
vn -0.7436 -0.2524 0.6192
vn 0.2652 0.9497 0.1668
vn -0.2694 -0.7407 0.6154
vn 0.2687 -0.3822 -0.8842
vn 0.7715 0.4980 0.3960
vn -0.7704 0.6248 -0.1270
vn -0.4858 0.4315 -0.7602
vn 0.9808 -0.0110 -0.1947
vn -0.3274 -0.9378 0.1156
vn -0.1674 0.5173 0.8393
vn 0.5622 0.7404 0.3685
vn 0.4214 -0.8797 0.2205
vn -0.0694 0.0966 -0.9929
vn -0.9139 0.0425 0.4038
vn 0.9961 -0.0746 -0.0471
vn -0.2842 0.0664 0.9564
vn -0.4149 -0.8094 -0.4155
vn -0.2967 0.8175 -0.4936
vn 0.4495 -0.5683 0.6892
vn 0.4632 0.8844 -0.0567
vn -0.9563 0.1405 0.2563
vn 0.0435 -0.4568 -0.8885
vn 0.2772 0.4284 0.8600
vn 0.7920 -0.4391 -0.4241
vn -0.3651 0.6969 -0.6173
vn -0.7042 -0.6864 0.1814
vn 0.8729 0.3942 0.2874
vn -0.1401 -0.8743 0.4647
vn 0.0099 -0.1463 -0.9892
vn -0.7427 0.6262 0.2371
vn -0.8891 0.0764 0.4512
vn -0.0119 -0.7760 -0.6306
vn 0.7120 -0.1404 0.6880
vn 0.1890 0.8399 -0.5087
vn 0.8599 -0.5005 -0.1003
vn -0.7072 -0.6178 0.3439
vn -0.2792 0.3644 -0.8884
vn 0.1265 0.7539 0.6447
vn -0.1816 -0.0430 -0.9824
vn -0.6113 -0.6294 0.4798
vn -0.1568 0.9317 0.3275
vn 0.9497 -0.2596 0.1752
vn 0.0985 -0.2068 -0.9734
vn -0.7311 -0.5614 0.3878
vn -0.2265 0.9673 0.1138
vn 0.8590 -0.1992 0.4717
vn -0.1966 0.0500 0.9792
vn -0.7786 0.3584 -0.5151
vn 0.1614 -0.9522 -0.2595
vn 0.8140 0.5437 -0.2044
vn -0.4821 0.4430 0.7559
vn -0.0713 0.5685 -0.8196
vn -0.4096 -0.8947 -0.1782
vn 0.9632 -0.1170 0.2418
vn -0.8970 0.0686 -0.4367
vn 0.2302 0.8742 0.4276
vn 0.6895 -0.2263 -0.6881
vn -0.0227 -0.7165 0.6972
vn 0.1864 0.8367 -0.5149
vn -0.9233 0.0424 0.3818
vn 0.6638 -0.0896 0.7425
vn 0.0731 -0.7895 -0.6094
vn -0.3288 0.8447 0.4224
vn -0.2932 -0.0306 -0.9556
vn -0.3767 -0.7863 0.4897
vn 0.9987 -0.0278 0.0433
vn -0.8862 0.4293 -0.1745
vn 0.7317 0.6483 -0.2107
vn 0.0967 -0.8111 -0.5769
vn 0.0574 -0.2665 0.9621
vn -0.1134 0.6047 -0.7883
vn -0.3640 0.4460 0.8177
vn 0.9715 -0.1966 0.1323
vn -0.4940 -0.8543 -0.1617
vn 0.1156 0.9921 0.0483
vn -0.9313 -0.2128 -0.2957
vn 0.1628 -0.3992 0.9023
vn 0.6529 -0.3803 -0.6550
vn -0.7751 0.5172 0.3629
vn 0.3060 0.4149 -0.8569
vn -0.2795 -0.9452 -0.1687
vn 0.7488 0.0131 0.6626
vn 0.0024 0.0043 -1.0000
vn 0.0135 0.9413 0.3372
vn 0.8084 -0.4851 0.3333
vn -0.8243 -0.4606 0.3293
vn 0.0719 0.8920 -0.4463
vn -0.8375 -0.0329 0.5455
vn 0.7913 -0.1399 0.5952
vn -0.0257 -0.7191 -0.6944
vn -0.2369 0.8224 0.5173
vn -0.5625 -0.0481 -0.8254
vn -0.1668 -0.8085 0.5644
vn 0.9660 0.0343 -0.2563
vn -0.9252 0.3587 0.1236
vn 0.5593 0.6774 -0.4778
vn -0.0380 -0.8410 -0.5397
vn 0.4041 -0.1952 0.8937
vn -0.3953 0.5907 -0.7034
vn -0.0120 0.4752 0.8798
vn 0.9433 -0.2244 -0.2445
vn -0.5360 -0.8415 0.0683
vn 0.1024 0.9874 -0.1204
vn -0.9697 -0.2259 0.0932
vn 0.4898 -0.2878 0.8229
vn 0.3777 -0.4738 -0.7955
vn -0.4803 0.6637 0.5735
vn -0.1446 0.2256 -0.9634
vn -0.3536 -0.9170 0.1846
vn 0.9782 0.0278 0.2057
vn -0.8899 0.4383 -0.1268
vn 0.7192 0.6946 -0.0177
vn 0.1550 -0.6591 -0.7359
vn 0.0155 -0.4738 0.8805
vn -0.3044 0.7772 -0.5507
vn -0.0500 0.2388 0.9698
vn 0.9439 -0.2285 -0.2386
vn -0.5895 -0.7874 -0.1804
vn 0.7294 0.1252 -0.6725
vn 0.2185 0.5157 0.8285
vn -0.0839 -0.9710 0.2239
vn -0.8640 0.3303 -0.3801
vn 0.0795 0.0574 0.9952
vn 0.4267 -0.8458 -0.3202
vn 0.4598 0.7840 -0.4169
vn -0.9661 0.0044 -0.2582
vn -0.6332 -0.7630 -0.1295
vn 0.6674 0.0098 -0.7447
vn 0.4761 -0.1068 0.8729
vn -0.5103 0.8600 0.0014
vn -0.0986 0.7542 -0.6492
vn 0.9469 -0.0443 0.3185
vn -0.2411 -0.8602 -0.4494
vn -0.6073 0.1505 0.7801
vn 0.4459 0.3769 -0.8119
vn 0.0914 0.6439 0.7596
vn 0.4319 -0.8680 0.2451
vn -0.9693 -0.1526 -0.1926
vn -0.0713 -0.4544 0.8879
vn 0.8265 0.5626 -0.0212
vn -0.8020 0.5801 -0.1426
vn 0.0466 -0.6883 -0.7240
vn -0.2230 0.7064 -0.6718
vn 0.1497 0.4245 0.8930
vn 0.8299 -0.4801 -0.2841
vn -0.7566 -0.6508 0.0629
vn -0.6955 0.2765 0.6632
vn 0.7830 -0.3926 0.4824
vn 0.2972 0.7984 -0.5237
vn -0.3847 -0.6822 -0.6218
vn -0.1493 0.3681 0.9177
vn -0.0631 -0.9977 0.0266
vn 0.9076 0.2680 -0.3232
vn -0.6952 0.3616 -0.6212
vn -0.7966 -0.3173 -0.5145
vn 0.8168 -0.4790 -0.3215
vn -0.1352 -0.1874 0.9729
vn 0.1150 0.9839 -0.1371
vn -0.0867 -0.9887 -0.1220
vn -0.0650 0.4525 -0.8894
vn 0.8852 0.2081 0.4161
vn -0.7336 0.3282 0.5951
vn 0.3885 -0.1676 -0.9061
vn -0.9272 -0.3725 0.0393
vn -0.0285 0.9844 0.1734
vn 0.5674 -0.4442 0.6934
vn -0.5209 0.0149 -0.8535
vn 0.4467 -0.8888 0.1022
vn -0.6185 0.1532 0.7707
vn 0.6928 0.7209 -0.0198
vn -0.5111 -0.8027 -0.3072
vn 0.6388 0.2824 -0.7156
vn 0.5090 -0.2264 0.8304
vn -0.6366 0.7468 0.1923
vn 0.4865 -0.7204 -0.4944
vn -0.8066 0.2766 -0.5225
vn 0.6043 0.7874 0.1215
vn -0.2840 -0.3434 0.8952
vn 0.0903 -0.0846 -0.9923
vn -0.4409 -0.8197 0.3656
vn -0.5559 0.8024 0.2170
vn 0.9065 0.1021 0.4097
vn -0.7661 -0.3228 -0.5558
vn 0.8171 -0.5346 -0.2157
vn -0.2228 -0.1076 0.9689
vn 0.1718 0.9651 -0.1975
vn -0.1655 -0.9487 -0.2693
vn 0.1568 0.5557 -0.8165
vn 0.8047 0.0427 0.5921
vn -0.7961 0.3502 0.4935
vn 0.4400 -0.5001 -0.7459
vn -0.9923 -0.1030 -0.0693
vn 0.2399 0.9689 -0.0614
vn 0.3124 -0.3657 0.8767
vn -0.3852 0.1551 0.9097
vn -0.3849 0.6626 -0.6425
vn -0.2232 -0.9264 -0.3033
vn 0.9934 0.1087 0.0359
vn -0.1529 -0.3686 -0.9169
vn -0.7834 0.5602 0.2692
vn 0.8270 0.5622 -0.0005
vn 0.1094 -0.7537 0.6481
vn 0.1312 0.4860 0.8640
vn -0.4549 0.6025 -0.6558
vn -0.5652 -0.8101 0.1558
vn 0.8888 -0.2783 -0.3640
vn 0.2346 -0.0071 -0.9721
vn -0.9887 -0.1060 0.1055
vn 0.2875 0.8677 0.4055
vn 0.4670 -0.7545 0.4612
vn -0.1837 -0.3931 0.9010
vn -0.5158 0.8503 -0.1043
vn -0.2782 -0.6476 -0.7094
vn 0.9778 0.1905 -0.0872
vn 0.5545 0.8130 0.1778
vn -0.5538 0.1470 -0.8195
vn -0.5998 -0.1716 0.7815
vn 0.5992 -0.7883 -0.1400
vn 0.2311 -0.6458 -0.7277
vn -0.9826 -0.0398 0.1813
vn 0.2492 0.9258 -0.2842
vn 0.5023 -0.2403 0.8306
vn -0.5770 -0.0250 -0.8164
vn 0.1631 -0.9327 0.3216
vn -0.4596 0.5244 0.7168
vn 0.8734 0.4334 -0.2222
vn -0.5314 -0.2706 0.8028
vn -0.2993 -0.5316 -0.7923
vn 0.9705 -0.1714 0.1695
vn -0.1400 0.9737 -0.1800
vn -0.3141 0.6657 -0.6769
vn 0.6057 -0.6627 -0.4405
vn -0.7881 -0.4763 0.3899
vn 0.4966 0.4732 0.7276
vn 0.9595 0.1347 0.2475
vn -0.2710 -0.9386 0.2135
vn -0.1181 0.1663 -0.9790
vn -0.5703 0.6376 0.5179
vn 0.6177 -0.7643 -0.1848
vn 0.1029 0.2896 0.9516
vn -0.9441 -0.2882 -0.1602
vn 0.2230 0.7631 -0.6066
vn 0.1293 -0.6915 0.7107
vn 0.8909 0.3467 -0.2935
vn -0.5475 0.7535 0.3638
vn -0.4726 -0.4083 -0.7810
vn 0.7124 0.0714 0.6982
vn 0.1187 -0.8509 -0.5118
vn 0.0676 0.7773 -0.6255
vn -0.8985 0.0022 0.4390
vn 0.9407 -0.2589 -0.2193
vn -0.3018 -0.4980 0.8129
vn -0.5964 -0.2263 -0.7701
vn -0.0423 0.9834 0.1766
vn 0.3431 -0.9307 0.1269
vn 0.5491 0.6348 0.5437
vn -0.9540 0.0469 0.2961
vn 0.0617 0.2492 -0.9665
vn 0.3048 -0.4429 0.8432
vn 0.7442 -0.0073 -0.6679
vn -0.2631 0.9447 0.1957
vn -0.7860 -0.4946 -0.3709
vn 0.8875 0.2065 0.4120
vn -0.1462 -0.9892 0.0016
vn -0.0174 0.3379 -0.9410
vn -0.7239 0.4449 0.5273
vn 0.8224 -0.5524 -0.1360
vn -0.1933 0.0748 0.9783
vn -0.7736 -0.4355 -0.4603
vn 0.1445 0.9128 -0.3820
vn 0.3044 -0.8270 0.4726
vn 0.6601 0.7349 0.1553
vn -0.8944 0.2752 0.3525
vn -0.0701 -0.1833 -0.9806
vn 0.3339 -0.1518 0.9303
vn 0.6769 -0.3346 -0.6556
vn -0.1497 0.9781 -0.1449
vn -0.8610 -0.4917 -0.1297
vn 0.2731 0.5572 -0.7842
vn 0.8033 -0.2052 0.5591
vn -0.4078 -0.8538 -0.3236
vn -0.6686 0.5016 0.5489
vn -0.0453 -0.2343 0.9711
vn 0.3890 -0.7670 -0.5102
vn 0.5769 0.8077 -0.1215
vn -0.9206 0.1936 -0.3392
vn 0.9411 -0.2826 0.1859
vn -0.6298 -0.7071 0.3214
vn -0.1206 0.1314 -0.9840
vn -0.1905 0.8582 0.4767
vn -0.9467 0.2203 0.2351
vn 0.0118 -0.6688 -0.7433
vn 0.4619 -0.3828 0.8000
vn 0.4730 0.8313 -0.2920
vn -0.5099 -0.8576 0.0674
vn -0.5865 0.7060 -0.3968
vn 0.8016 -0.1337 -0.5828
vn 0.2947 0.2854 0.9120
vn -0.7241 -0.3634 -0.5861
vn -0.3758 0.2105 0.9025
vn 0.3728 0.8331 -0.4086
vn 0.7270 -0.6804 0.0922
vn -0.1524 0.9605 -0.2329
vn -0.8806 -0.4655 0.0883
vn 0.4963 -0.0584 0.8662
vn 0.5368 -0.4368 -0.7219
vn -0.0814 -0.6781 -0.7304
vn -0.2426 -0.4209 0.8741
vn -0.6177 0.7645 -0.1845
vn 0.9416 0.3342 0.0409
vn -0.1814 0.3549 0.9171
vn -0.0185 -0.9996 0.0201
vn 0.9000 0.3108 -0.3056
vn -0.7000 0.3338 -0.6313
vn 0.0562 -0.7632 0.6437
vn -0.0012 -0.3529 -0.9357
vn 0.7875 0.6029 0.1277
vn -0.8424 0.5132 0.1642
vn 0.9562 -0.2047 -0.2092
vn -0.5513 -0.8259 -0.1184
vn -0.3314 0.7132 -0.6177
vn -0.0735 0.3173 0.9455
vn 0.1882 -0.7136 0.6748
vn -0.9887 0.1017 -0.1105
vn 0.4092 -0.2538 -0.8764
vn 0.3912 0.8657 0.3122
vn -0.4811 -0.8521 0.2060
vn -0.0245 0.5986 0.8007
vn -0.4449 0.4558 -0.7709
vn 0.9505 -0.2025 -0.2356
vn 0.3648 -0.6370 0.6791
vn 0.0118 0.9278 0.3729
vn -0.9398 -0.2562 -0.2263
vn 0.5631 -0.0348 -0.8257
vn 0.3071 0.9501 -0.0552
vn -0.6906 -0.1684 -0.7034
vn -0.3949 -0.1708 0.9027
vn 0.7785 -0.6110 -0.1440
vn -0.8806 0.4736 0.0175
vn 0.6070 0.4491 -0.6556
vn -0.1390 -0.9521 -0.2722
vn 0.4126 0.0295 0.9104
vn -0.3149 0.2352 -0.9195
vn -0.2636 0.7235 0.6379
vn 0.9954 -0.0957 -0.0029
vn -0.4171 -0.8632 0.2847
vn -0.0798 0.9103 -0.4062
vn -0.9105 -0.4012 0.1001
vn 0.4329 0.0726 0.8985
vn 0.5573 -0.5820 -0.5922
vn -0.6522 0.7124 0.2591
vn -0.1325 -0.2394 -0.9618
vn -0.1477 -0.8095 0.5683
vn 0.9321 0.3364 0.1345
vn -0.9314 0.1681 -0.3227
vn 0.5794 0.7812 -0.2326
vn 0.3604 -0.8242 -0.4369
vn -0.0082 -0.1250 0.9921
vn 0.5622 -0.1614 -0.8111
vn -0.6864 0.6982 -0.2034
vn 0.5809 0.3131 0.7513
vn -0.4566 -0.8498 0.2635
vn -0.8999 -0.4306 0.0691
vn 0.0157 0.8301 0.5574
vn 0.1845 0.2357 -0.9541
vn 0.6996 -0.6348 0.3279
vn -0.6589 0.7266 -0.1944
vn -0.4007 -0.6488 0.6469
vn 0.8276 0.3977 0.3962
vn 0.2319 -0.4755 -0.8486
vn -0.7126 0.2407 0.6589
vn -0.4241 -0.2936 -0.8567
vn 0.5575 -0.7441 0.3682
vn 0.5790 0.7972 -0.1708
vn -0.0801 -0.9937 -0.0790
vn -0.8676 0.3797 0.3210
vn 0.2235 0.3885 -0.8939
vn 0.7241 0.2254 0.6518
vn -0.8345 -0.4936 -0.2447
vn 0.2983 -0.2809 0.9122
vn -0.1814 0.9834 -0.0030
vn 0.7175 -0.2090 -0.6644
vn -0.4450 0.6271 0.6394
vn -0.4294 -0.9009 0.0632
vn 0.9704 -0.0765 0.2290
vn -0.0959 0.3504 -0.9317
vn 0.0478 -0.6473 -0.7607
vn 0.4634 -0.3874 0.7970
vn -0.9576 0.1790 0.2256
vn 0.4463 0.8557 -0.2618
vn 0.3086 0.6445 0.6995
vn -0.5143 -0.7405 0.4327
vn 0.7928 -0.3793 -0.4771
vn -0.5873 0.4754 -0.6550
vn 0.2815 -0.3253 0.9027
vn -0.7113 0.6953 0.1033
vn -0.3578 -0.7661 -0.5339
vn 0.7875 0.3961 -0.4722
vn -0.6797 -0.1563 0.7166
vn 0.6920 0.6416 0.3308
vn -0.4490 0.3817 -0.8079
vn 0.4368 -0.8671 -0.2397
vn -0.3165 0.7376 0.5965
vn 0.3287 -0.7623 0.5576
vn 0.7438 0.3352 -0.5783
vn -0.7561 -0.3106 -0.5761
vn 0.5021 0.2456 0.8292
vn -0.9458 -0.2223 0.2366
vn 0.4317 -0.7937 -0.4285
vn 0.0119 0.7705 -0.6373
vn -0.1360 -0.3982 0.9071
vn -0.1713 0.9844 0.0391
vn -0.6332 -0.4229 -0.6482
vn 0.9405 -0.1634 -0.2981
vn 0.7920 0.3920 -0.4681
vn -0.8289 0.2003 -0.5223
vn -0.0778 0.3980 0.9141
vn 0.1146 -0.9905 0.0763
vn -0.8646 0.3704 0.3395
vn 0.3789 0.6165 -0.6902
vn -0.1601 -0.8989 -0.4079
vn 0.6458 -0.0881 0.7584
vn -0.4394 0.1770 -0.8807
vn -0.1587 0.7738 0.6133
vn 0.9832 -0.1208 -0.1366
vn -0.3850 -0.8299 0.4038
vn -0.5259 -0.2201 0.8216
vn 0.7545 0.6105 0.2407
vn -0.5947 0.4511 -0.6655
vn 0.3661 -0.8417 -0.3969
vn 0.8157 -0.4794 -0.3237
vn 0.0298 0.9521 -0.3044
vn -0.0295 -0.0297 0.9991
vn -0.8160 -0.4432 -0.3711
vn -0.7559 0.3805 -0.5327
vn 0.1548 0.5652 0.8103
vn 0.8284 -0.0138 -0.5600
vn -0.2273 -0.9320 0.2824
vn -0.5048 0.8519 -0.1393
vn -0.4051 -0.5069 0.7609
vn 0.9552 0.2091 0.2096
vn -0.0453 -0.5541 -0.8312
vn 0.3414 -0.9255 0.1637
vn 0.2752 0.5955 0.7548
vn -0.9979 -0.0194 -0.0626
vn 0.3811 0.3493 -0.8560
vn 0.6398 0.6940 -0.3301
vn -0.6718 0.4269 0.6054
vn 0.5020 -0.7038 0.5027
vn -0.4698 -0.4171 -0.7780
vn -0.9436 -0.1729 -0.2825
vn 0.1105 -0.2485 0.9623
vn 0.2117 0.9699 -0.1203
vn 0.6214 -0.5485 -0.5594
vn 0.8387 0.3697 0.3998
vn -0.7859 0.2906 0.5458
vn 0.0480 -0.9988 -0.0100
vn -0.1007 0.3385 -0.9356
vn -0.9335 0.0618 -0.3532
vn 0.0232 -0.6353 0.7719
vn 0.3022 0.9038 0.3030
vn 0.6081 -0.3303 -0.7219
vn -0.1026 0.7160 0.6906
vn -0.3525 -0.8636 0.3604
vn 0.9675 -0.1048 -0.2301
vn -0.5124 0.2526 -0.8207
vn 0.3768 -0.4014 -0.8348
vn 0.7382 0.1622 0.6548
vn -0.6680 -0.6277 0.3998
vn -0.4471 0.8670 -0.2198
vn 0.0692 0.0557 -0.9961
vn 0.3149 0.8586 0.4046
vn 0.5680 -0.7531 0.3320
vn -0.9522 -0.1611 0.2596
vn -0.1416 0.6801 0.7193
vn 0.8803 0.1639 -0.4452
vn -0.7338 0.0719 -0.6756
vn -0.0049 -0.9159 0.4015
vn 0.3220 -0.7416 -0.5885
vn -0.0703 0.8427 -0.5338
vn 0.6466 0.1343 0.7509
vn -0.8980 -0.2354 0.3716
vn 0.6706 0.6838 0.2876
vn 0.2571 -0.3629 -0.8957
vn -0.9039 0.4236 -0.0590
vn -0.0237 -0.7445 0.6672
vn 0.2242 0.6455 -0.7301
vn 0.8321 -0.2402 0.4999
vn -0.4005 -0.8260 -0.3967
vn -0.6558 0.4207 0.6269
vn 0.6267 -0.4111 -0.6620
vn 0.3669 0.8788 0.3050
vn -0.1015 -0.6098 0.7860
vn -0.8921 0.1420 -0.4290
vn -0.3940 0.8530 -0.3422
vn 0.2090 0.0961 0.9732
vn 0.8399 -0.2047 -0.5026
vn -0.6552 -0.7445 -0.1284
vn -0.5547 -0.6484 0.5215
vn 0.9464 -0.0374 0.3208
vn -0.3593 0.9244 0.1282
vn -0.0324 -0.2385 -0.9706
vn 0.6671 0.4745 -0.5743
vn 0.1348 0.2641 0.9550
vn 0.1226 -0.9881 -0.0930
vn -0.9246 0.2496 -0.2878
vn -0.4378 0.8419 0.3156
vn -0.0807 -0.7029 0.7067
vn 0.9666 0.1764 -0.1861
vn -0.4482 -0.3154 -0.8365
vn -0.2586 -0.8189 -0.5123
vn 0.6770 -0.2414 0.6953
vn -0.8095 0.3857 0.4427
vn 0.3910 0.6747 -0.6260
vn 0.2348 0.7474 0.6215
vn -0.3284 -0.7827 0.5287
vn 0.8103 -0.2669 -0.5217
vn -0.7168 0.3019 -0.6286
vn -0.9977 -0.0664 -0.0120
vn 0.3957 -0.9166 -0.0577
vn 0.2945 0.4376 0.8496
vn 0.3074 0.5454 -0.7798
vn 0.6013 -0.1525 -0.7843
vn 0.4458 -0.3322 0.8312
vn -0.8590 -0.4931 -0.1375
vn -0.1880 0.9780 0.0904
vn -0.4514 0.3784 0.8081
vn 0.1586 -0.9782 0.1343
vn 0.8749 0.4635 -0.1407
vn -0.5818 0.1361 -0.8019
vn 0.3655 -0.4882 -0.7925
vn 0.6496 -0.0609 0.7578
vn -0.8696 -0.4115 0.2728
vn -0.1456 0.9603 -0.2381
vn 0.2238 -0.6900 -0.6884
vn 0.8175 0.2153 0.5342
vn -0.7117 -0.3535 0.6071
vn -0.3297 0.8282 -0.4532
vn -0.7894 -0.5925 -0.1605
vn 0.8055 -0.5617 0.1889
vn -0.1828 0.5944 0.7831
vn 0.1669 0.5600 -0.8115
vn -0.1295 -0.5266 0.8402
vn 0.0065 -0.6199 -0.7846
vn 0.8705 0.4901 0.0446
vn -0.7476 0.6565 -0.1003
vn -0.8472 0.2560 -0.4656
vn 0.7607 0.0366 -0.6480
vn -0.0858 -0.9285 0.3613
vn 0.1723 0.6359 0.7523
vn 0.8707 0.1829 0.4565
vn 0.1340 -0.6933 -0.7081
vn -0.3403 0.8421 -0.4184
vn -0.6643 -0.3318 0.6698
vn 0.9343 -0.1125 0.3382
vn -0.4029 -0.8992 -0.1708
vn 0.0142 0.5258 -0.8505
vn -0.5457 0.4857 0.6829
vn 0.0036 0.1595 -0.9872
vn 0.4510 -0.8702 0.1986
vn -0.9439 -0.0308 0.3288
vn 0.4892 0.7414 0.4595
vn -0.5550 -0.8106 -0.1870
vn 0.1932 0.4765 -0.8577
vn 0.8600 -0.2766 0.4288
vn -0.4980 0.6107 0.6157
vn 0.3831 -0.5320 -0.7551
vn -0.9848 0.1091 -0.1348
vn 0.4344 0.9003 0.0273
vn 0.1673 -0.4776 0.8625
vn -0.2847 -0.1457 -0.9475
vn -0.1904 -0.8226 0.5358
vn -0.5051 0.7727 0.3845
vn 0.9803 0.1956 0.0271
vn -0.7587 0.1193 0.6404
vn -0.3231 -0.4845 -0.8129
vn 0.7256 -0.5309 0.4378
vn 0.3564 0.8959 -0.2652
vn -0.6318 -0.7727 0.0609
vn -0.5188 0.8453 -0.1276
vn 0.6160 -0.1338 -0.7763
vn 0.5345 0.0610 0.8429
vn -0.4418 0.0015 -0.8971
vn -0.6950 -0.0889 0.7135
vn 0.5002 0.8566 0.1265
vn 0.6366 -0.7691 0.0569
s 0
f 814//1081 817//1081 815//1081
f 814//1082 815//1082 816//1082
f 814//1083 816//1083 817//1083
f 817//1084 816//1084 815//1084
f 817//1085 818//1085 819//1085
f 817//1086 819//1086 820//1086
f 817//1087 820//1087 818//1087
f 818//1088 820//1088 819//1088
f 818//1089 821//1089 822//1089
f 818//1090 822//1090 823//1090
f 818//1091 823//1091 821//1091
f 821//1092 823//1092 822//1092
f 821//1093 824//1093 825//1093
f 821//1094 825//1094 826//1094
f 821//1095 826//1095 824//1095
f 824//1096 826//1096 825//1096
f 824//1097 827//1097 828//1097
f 824//1098 828//1098 829//1098
f 824//1099 829//1099 827//1099
f 827//1100 829//1100 828//1100
f 827//1101 832//1101 830//1101
f 827//1102 830//1102 831//1102
f 827//1103 831//1103 832//1103
f 832//1104 831//1104 830//1104
f 832//1105 835//1105 833//1105
f 832//1106 833//1106 834//1106
f 832//1107 834//1107 835//1107
f 835//1108 834//1108 833//1108
f 835//1109 838//1109 836//1109
f 835//1110 836//1110 837//1110
f 835//1111 837//1111 838//1111
f 838//1112 837//1112 836//1112
f 838//1113 839//1113 840//1113
f 838//1114 840//1114 841//1114
f 838//1115 841//1115 839//1115
f 839//1116 841//1116 840//1116
f 839//1117 842//1117 843//1117
f 839//1118 843//1118 844//1118
f 839//1119 844//1119 842//1119
f 842//1120 844//1120 843//1120
f 842//1121 847//1121 845//1121
f 842//1122 845//1122 846//1122
f 842//1123 846//1123 847//1123
f 847//1124 846//1124 845//1124
f 847//1125 850//1125 848//1125
f 847//1126 848//1126 849//1126
f 847//1127 849//1127 850//1127
f 850//1128 849//1128 848//1128
f 850//1129 851//1129 852//1129
f 850//1130 852//1130 853//1130
f 850//1131 853//1131 851//1131
f 851//1132 853//1132 852//1132
f 851//1133 854//1133 855//1133
f 851//1134 855//1134 856//1134
f 851//1135 856//1135 854//1135
f 854//1136 856//1136 855//1136
f 854//1137 859//1137 857//1137
f 854//1138 857//1138 858//1138
f 854//1139 858//1139 859//1139
f 859//1140 858//1140 857//1140
f 859//1141 862//1141 860//1141
f 859//1142 860//1142 861//1142
f 859//1143 861//1143 862//1143
f 862//1144 861//1144 860//1144
f 862//1145 863//1145 864//1145
f 862//1146 864//1146 865//1146
f 862//1147 865//1147 863//1147
f 863//1148 865//1148 864//1148
f 863//1149 866//1149 867//1149
f 863//1150 867//1150 868//1150
f 863//1151 868//1151 866//1151
f 866//1152 868//1152 867//1152
f 866//1153 869//1153 870//1153
f 866//1154 870//1154 871//1154
f 866//1155 871//1155 869//1155
f 869//1156 871//1156 870//1156
f 869//1157 874//1157 872//1157
f 869//1158 872//1158 873//1158
f 869//1159 873//1159 874//1159
f 874//1160 873//1160 872//1160
f 874//1161 877//1161 875//1161
f 874//1162 875//1162 876//1162
f 874//1163 876//1163 877//1163
f 877//1164 876//1164 875//1164
f 877//1165 880//1165 878//1165
f 877//1166 878//1166 879//1166
f 877//1167 879//1167 880//1167
f 880//1168 879//1168 878//1168
f 880//1169 883//1169 881//1169
f 880//1170 881//1170 882//1170
f 880//1171 882//1171 883//1171
f 883//1172 882//1172 881//1172
f 883//1173 886//1173 884//1173
f 883//1174 884//1174 885//1174
f 883//1175 885//1175 886//1175
f 886//1176 885//1176 884//1176
f 886//1177 887//1177 888//1177
f 886//1178 888//1178 889//1178
f 886//1179 889//1179 887//1179
f 887//1180 889//1180 888//1180
f 887//1181 890//1181 891//1181
f 887//1182 891//1182 892//1182
f 887//1183 892//1183 890//1183
f 890//1184 892//1184 891//1184
f 890//1185 893//1185 894//1185
f 890//1186 894//1186 895//1186
f 890//1187 895//1187 893//1187
f 893//1188 895//1188 894//1188
f 893//1189 896//1189 897//1189
f 893//1190 897//1190 898//1190
f 893//1191 898//1191 896//1191
f 896//1192 898//1192 897//1192
f 896//1193 901//1193 899//1193
f 896//1194 899//1194 900//1194
f 896//1195 900//1195 901//1195
f 901//1196 900//1196 899//1196
f 901//1197 904//1197 902//1197
f 901//1198 902//1198 903//1198
f 901//1199 903//1199 904//1199
f 904//1200 903//1200 902//1200
f 904//1201 905//1201 906//1201
f 904//1202 906//1202 907//1202
f 904//1203 907//1203 905//1203
f 905//1204 907//1204 906//1204
f 905//1205 910//1205 908//1205
f 905//1206 908//1206 909//1206
f 905//1207 909//1207 910//1207
f 910//1208 909//1208 908//1208
f 910//1209 913//1209 911//1209
f 910//1210 911//1210 912//1210
f 910//1211 912//1211 913//1211
f 913//1212 912//1212 911//1212
f 913//1213 914//1213 915//1213
f 913//1214 915//1214 916//1214
f 913//1215 916//1215 914//1215
f 914//1216 916//1216 915//1216
f 914//1217 919//1217 917//1217
f 914//1218 917//1218 918//1218
f 914//1219 918//1219 919//1219
f 919//1220 918//1220 917//1220
f 919//1221 922//1221 920//1221
f 919//1222 920//1222 921//1222
f 919//1223 921//1223 922//1223
f 922//1224 921//1224 920//1224
f 922//1225 925//1225 923//1225
f 922//1226 923//1226 924//1226
f 922//1227 924//1227 925//1227
f 925//1228 924//1228 923//1228
f 925//1229 926//1229 927//1229
f 925//1230 927//1230 928//1230
f 925//1231 928//1231 926//1231
f 926//1232 928//1232 927//1232
f 926//1233 929//1233 930//1233
f 926//1234 930//1234 931//1234
f 926//1235 931//1235 929//1235
f 929//1236 931//1236 930//1236
f 929//1237 932//1237 933//1237
f 929//1238 933//1238 934//1238
f 929//1239 934//1239 932//1239
f 932//1240 934//1240 933//1240
f 932//1241 937//1241 935//1241
f 932//1242 935//1242 936//1242
f 932//1243 936//1243 937//1243
f 937//1244 936//1244 935//1244
f 937//1245 940//1245 938//1245
f 937//1246 938//1246 939//1246
f 937//1247 939//1247 940//1247
f 940//1248 939//1248 938//1248
f 940//1249 941//1249 942//1249
f 940//1250 942//1250 943//1250
f 940//1251 943//1251 941//1251
f 941//1252 943//1252 942//1252
f 941//1253 946//1253 944//1253
f 941//1254 944//1254 945//1254
f 941//1255 945//1255 946//1255
f 946//1256 945//1256 944//1256
f 946//1257 949//1257 947//1257
f 946//1258 947//1258 948//1258
f 946//1259 948//1259 949//1259
f 949//1260 948//1260 947//1260
f 949//1261 950//1261 951//1261
f 949//1262 951//1262 952//1262
f 949//1263 952//1263 950//1263
f 950//1264 952//1264 951//1264
f 950//1265 955//1265 953//1265
f 950//1266 953//1266 954//1266
f 950//1267 954//1267 955//1267
f 955//1268 954//1268 953//1268
f 955//1269 956//1269 957//1269
f 955//1270 957//1270 958//1270
f 955//1271 958//1271 956//1271
f 956//1272 958//1272 957//1272
f 956//1273 961//1273 959//1273
f 956//1274 959//1274 960//1274
f 956//1275 960//1275 961//1275
f 961//1276 960//1276 959//1276
f 961//1277 964//1277 962//1277
f 961//1278 962//1278 963//1278
f 961//1279 963//1279 964//1279
f 964//1280 963//1280 962//1280
f 964//1281 967//1281 965//1281
f 964//1282 965//1282 966//1282
f 964//1283 966//1283 967//1283
f 967//1284 966//1284 965//1284
f 967//1285 968//1285 969//1285
f 967//1286 969//1286 970//1286
f 967//1287 970//1287 968//1287
f 968//1288 970//1288 969//1288
f 968//1289 971//1289 972//1289
f 968//1290 972//1290 973//1290
f 968//1291 973//1291 971//1291
f 971//1292 973//1292 972//1292
f 971//1293 974//1293 975//1293
f 971//1294 975//1294 976//1294
f 971//1295 976//1295 974//1295
f 974//1296 976//1296 975//1296
f 974//1297 977//1297 978//1297
f 974//1298 978//1298 979//1298
f 974//1299 979//1299 977//1299
f 977//1300 979//1300 978//1300
f 977//1301 980//1301 981//1301
f 977//1302 981//1302 982//1302
f 977//1303 982//1303 980//1303
f 980//1304 982//1304 981//1304
f 980//1305 985//1305 983//1305
f 980//1306 983//1306 984//1306
f 980//1307 984//1307 985//1307
f 985//1308 984//1308 983//1308
f 985//1309 988//1309 986//1309
f 985//1310 986//1310 987//1310
f 985//1311 987//1311 988//1311
f 988//1312 987//1312 986//1312
f 988//1313 989//1313 990//1313
f 988//1314 990//1314 991//1314
f 988//1315 991//1315 989//1315
f 989//1316 991//1316 990//1316
f 989//1317 992//1317 993//1317
f 989//1318 993//1318 994//1318
f 989//1319 994//1319 992//1319
f 992//1320 994//1320 993//1320
f 992//1321 995//1321 996//1321
f 992//1322 996//1322 997//1322
f 992//1323 997//1323 995//1323
f 995//1324 997//1324 996//1324
f 995//1325 1000//1325 998//1325
f 995//1326 998//1326 999//1326
f 995//1327 999//1327 1000//1327
f 1000//1328 999//1328 998//1328
f 1000//1329 1001//1329 1002//1329
f 1000//1330 1002//1330 1003//1330
f 1000//1331 1003//1331 1001//1331
f 1001//1332 1003//1332 1002//1332
f 1001//1333 1006//1333 1004//1333
f 1001//1334 1004//1334 1005//1334
f 1001//1335 1005//1335 1006//1335
f 1006//1336 1005//1336 1004//1336
f 1006//1337 1007//1337 1008//1337
f 1006//1338 1008//1338 1009//1338
f 1006//1339 1009//1339 1007//1339
f 1007//1340 1009//1340 1008//1340
f 1007//1341 1012//1341 1010//1341
f 1007//1342 1010//1342 1011//1342
f 1007//1343 1011//1343 1012//1343
f 1012//1344 1011//1344 1010//1344
f 1012//1345 1015//1345 1013//1345
f 1012//1346 1013//1346 1014//1346
f 1012//1347 1014//1347 1015//1347
f 1015//1348 1014//1348 1013//1348
f 1015//1349 1016//1349 1017//1349
f 1015//1350 1017//1350 1018//1350
f 1015//1351 1018//1351 1016//1351
f 1016//1352 1018//1352 1017//1352
f 1016//1353 1021//1353 1019//1353
f 1016//1354 1019//1354 1020//1354
f 1016//1355 1020//1355 1021//1355
f 1021//1356 1020//1356 1019//1356
f 1021//1357 1024//1357 1022//1357
f 1021//1358 1022//1358 1023//1358
f 1021//1359 1023//1359 1024//1359
f 1024//1360 1023//1360 1022//1360
f 1024//1361 1027//1361 1025//1361
f 1024//1362 1025//1362 1026//1362
f 1024//1363 1026//1363 1027//1363
f 1027//1364 1026//1364 1025//1364
f 1027//1365 1030//1365 1028//1365
f 1027//1366 1028//1366 1029//1366
f 1027//1367 1029//1367 1030//1367
f 1030//1368 1029//1368 1028//1368
f 1030//1369 1033//1369 1031//1369
f 1030//1370 1031//1370 1032//1370
f 1030//1371 1032//1371 1033//1371
f 1033//1372 1032//1372 1031//1372
f 1033//1373 1034//1373 1035//1373
f 1033//1374 1035//1374 1036//1374
f 1033//1375 1036//1375 1034//1375
f 1034//1376 1036//1376 1035//1376
f 1034//1377 1037//1377 1038//1377
f 1034//1378 1038//1378 1039//1378
f 1034//1379 1039//1379 1037//1379
f 1037//1380 1039//1380 1038//1380
f 1037//1381 1040//1381 1041//1381
f 1037//1382 1041//1382 1042//1382
f 1037//1383 1042//1383 1040//1383
f 1040//1384 1042//1384 1041//1384
f 1040//1385 1045//1385 1043//1385
f 1040//1386 1043//1386 1044//1386
f 1040//1387 1044//1387 1045//1387
f 1045//1388 1044//1388 1043//1388
f 1045//1389 1048//1389 1046//1389
f 1045//1390 1046//1390 1047//1390
f 1045//1391 1047//1391 1048//1391
f 1048//1392 1047//1392 1046//1392
f 1048//1393 1051//1393 1049//1393
f 1048//1394 1049//1394 1050//1394
f 1048//1395 1050//1395 1051//1395
f 1051//1396 1050//1396 1049//1396
f 1051//1397 1052//1397 1053//1397
f 1051//1398 1053//1398 1054//1398
f 1051//1399 1054//1399 1052//1399
f 1052//1400 1054//1400 1053//1400
f 1052//1401 1057//1401 1055//1401
f 1052//1402 1055//1402 1056//1402
f 1052//1403 1056//1403 1057//1403
f 1057//1404 1056//1404 1055//1404
f 1057//1405 1060//1405 1058//1405
f 1057//1406 1058//1406 1059//1406
f 1057//1407 1059//1407 1060//1407
f 1060//1408 1059//1408 1058//1408
f 1060//1409 1063//1409 1061//1409
f 1060//1410 1061//1410 1062//1410
f 1060//1411 1062//1411 1063//1411
f 1063//1412 1062//1412 1061//1412
f 1063//1413 1064//1413 1065//1413
f 1063//1414 1065//1414 1066//1414
f 1063//1415 1066//1415 1064//1415
f 1064//1416 1066//1416 1065//1416
f 1064//1417 1069//1417 1067//1417
f 1064//1418 1067//1418 1068//1418
f 1064//1419 1068//1419 1069//1419
f 1069//1420 1068//1420 1067//1420
f 1069//1421 1072//1421 1070//1421
f 1069//1422 1070//1422 1071//1422
f 1069//1423 1071//1423 1072//1423
f 1072//1424 1071//1424 1070//1424
f 1072//1425 1075//1425 1073//1425
f 1072//1426 1073//1426 1074//1426
f 1072//1427 1074//1427 1075//1427
f 1075//1428 1074//1428 1073//1428
f 1075//1429 1078//1429 1076//1429
f 1075//1430 1076//1430 1077//1430
f 1075//1431 1077//1431 1078//1431
f 1078//1432 1077//1432 1076//1432
f 1078//1433 1081//1433 1079//1433
f 1078//1434 1079//1434 1080//1434
f 1078//1435 1080//1435 1081//1435
f 1081//1436 1080//1436 1079//1436
f 1081//1437 1082//1437 1083//1437
f 1081//1438 1083//1438 1084//1438
f 1081//1439 1084//1439 1082//1439
f 1082//1440 1084//1440 1083//1440
f 1082//1441 1085//1441 1086//1441
f 1082//1442 1086//1442 1087//1442
f 1082//1443 1087//1443 1085//1443
f 1085//1444 1087//1444 1086//1444
f 1085//1445 1090//1445 1088//1445
f 1085//1446 1088//1446 1089//1446
f 1085//1447 1089//1447 1090//1447
f 1090//1448 1089//1448 1088//1448
f 1090//1449 1093//1449 1091//1449
f 1090//1450 1091//1450 1092//1450
f 1090//1451 1092//1451 1093//1451
f 1093//1452 1092//1452 1091//1452
f 1093//1453 1096//1453 1094//1453
f 1093//1454 1094//1454 1095//1454
f 1093//1455 1095//1455 1096//1455
f 1096//1456 1095//1456 1094//1456
f 1096//1457 1099//1457 1097//1457
f 1096//1458 1097//1458 1098//1458
f 1096//1459 1098//1459 1099//1459
f 1099//1460 1098//1460 1097//1460
f 1099//1461 1100//1461 1101//1461
f 1099//1462 1101//1462 1102//1462
f 1099//1463 1102//1463 1100//1463
f 1100//1464 1102//1464 1101//1464
f 1100//1465 1103//1465 1104//1465
f 1100//1466 1104//1466 1105//1466
f 1100//1467 1105//1467 1103//1467
f 1103//1468 1105//1468 1104//1468
f 1103//1469 1108//1469 1106//1469
f 1103//1470 1106//1470 1107//1470
f 1103//1471 1107//1471 1108//1471
f 1108//1472 1107//1472 1106//1472
f 1108//1473 1109//1473 1110//1473
f 1108//1474 1110//1474 1111//1474
f 1108//1475 1111//1475 1109//1475
f 1109//1476 1111//1476 1110//1476
f 1109//1477 1112//1477 1113//1477
f 1109//1478 1113//1478 1114//1478
f 1109//1479 1114//1479 1112//1479
f 1112//1480 1114//1480 1113//1480
f 1112//1481 1115//1481 1116//1481
f 1112//1482 1116//1482 1117//1482
f 1112//1483 1117//1483 1115//1483
f 1115//1484 1117//1484 1116//1484
f 1115//1485 1120//1485 1118//1485
f 1115//1486 1118//1486 1119//1486
f 1115//1487 1119//1487 1120//1487
f 1120//1488 1119//1488 1118//1488
f 1120//1489 1121//1489 1122//1489
f 1120//1490 1122//1490 1123//1490
f 1120//1491 1123//1491 1121//1491
f 1121//1492 1123//1492 1122//1492
f 1121//1493 1124//1493 1125//1493
f 1121//1494 1125//1494 1126//1494
f 1121//1495 1126//1495 1124//1495
f 1124//1496 1126//1496 1125//1496
f 1124//1497 1127//1497 1128//1497
f 1124//1498 1128//1498 1129//1498
f 1124//1499 1129//1499 1127//1499
f 1127//1500 1129//1500 1128//1500
f 1127//1501 1130//1501 1131//1501
f 1127//1502 1131//1502 1132//1502
f 1127//1503 1132//1503 1130//1503
f 1130//1504 1132//1504 1131//1504
f 1130//1505 1135//1505 1133//1505
f 1130//1506 1133//1506 1134//1506
f 1130//1507 1134//1507 1135//1507
f 1135//1508 1134//1508 1133//1508
f 1135//1509 1138//1509 1136//1509
f 1135//1510 1136//1510 1137//1510
f 1135//1511 1137//1511 1138//1511
f 1138//1512 1137//1512 1136//1512
f 1138//1513 1141//1513 1139//1513
f 1138//1514 1139//1514 1140//1514
f 1138//1515 1140//1515 1141//1515
f 1141//1516 1140//1516 1139//1516
f 1141//1517 1142//1517 1143//1517
f 1141//1518 1143//1518 1144//1518
f 1141//1519 1144//1519 1142//1519
f 1142//1520 1144//1520 1143//1520
f 1142//1521 1145//1521 1146//1521
f 1142//1522 1146//1522 1147//1522
f 1142//1523 1147//1523 1145//1523
f 1145//1524 1147//1524 1146//1524
f 1145//1525 1148//1525 1149//1525
f 1145//1526 1149//1526 1150//1526
f 1145//1527 1150//1527 1148//1527
f 1148//1528 1150//1528 1149//1528
f 1148//1529 1151//1529 1152//1529
f 1148//1530 1152//1530 1153//1530
f 1148//1531 1153//1531 1151//1531
f 1151//1532 1153//1532 1152//1532
f 1151//1533 1154//1533 1155//1533
f 1151//1534 1155//1534 1156//1534
f 1151//1535 1156//1535 1154//1535
f 1154//1536 1156//1536 1155//1536
f 1154//1537 1157//1537 1158//1537
f 1154//1538 1158//1538 1159//1538
f 1154//1539 1159//1539 1157//1539
f 1157//1540 1159//1540 1158//1540
f 1157//1541 1160//1541 1161//1541
f 1157//1542 1161//1542 1162//1542
f 1157//1543 1162//1543 1160//1543
f 1160//1544 1162//1544 1161//1544
f 1160//1545 1165//1545 1163//1545
f 1160//1546 1163//1546 1164//1546
f 1160//1547 1164//1547 1165//1547
f 1165//1548 1164//1548 1163//1548
f 1165//1549 1166//1549 1167//1549
f 1165//1550 1167//1550 1168//1550
f 1165//1551 1168//1551 1166//1551
f 1166//1552 1168//1552 1167//1552
f 1166//1553 1169//1553 1170//1553
f 1166//1554 1170//1554 1171//1554
f 1166//1555 1171//1555 1169//1555
f 1169//1556 1171//1556 1170//1556
f 1169//1557 1174//1557 1172//1557
f 1169//1558 1172//1558 1173//1558
f 1169//1559 1173//1559 1174//1559
f 1174//1560 1173//1560 1172//1560
f 1174//1561 1177//1561 1175//1561
f 1174//1562 1175//1562 1176//1562
f 1174//1563 1176//1563 1177//1563
f 1177//1564 1176//1564 1175//1564
f 1177//1565 1180//1565 1178//1565
f 1177//1566 1178//1566 1179//1566
f 1177//1567 1179//1567 1180//1567
f 1180//1568 1179//1568 1178//1568
f 1180//1569 1181//1569 1182//1569
f 1180//1570 1182//1570 1183//1570
f 1180//1571 1183//1571 1181//1571
f 1181//1572 1183//1572 1182//1572
f 1181//1573 1186//1573 1184//1573
f 1181//1574 1184//1574 1185//1574
f 1181//1575 1185//1575 1186//1575
f 1186//1576 1185//1576 1184//1576
f 1186//1577 1189//1577 1187//1577
f 1186//1578 1187//1578 1188//1578
f 1186//1579 1188//1579 1189//1579
f 1189//1580 1188//1580 1187//1580
f 1189//1581 1190//1581 1191//1581
f 1189//1582 1191//1582 1192//1582
f 1189//1583 1192//1583 1190//1583
f 1190//1584 1192//1584 1191//1584
f 1190//1585 1193//1585 1194//1585
f 1190//1586 1194//1586 1195//1586
f 1190//1587 1195//1587 1193//1587
f 1193//1588 1195//1588 1194//1588
f 1193//1589 1196//1589 1197//1589
f 1193//1590 1197//1590 1198//1590
f 1193//1591 1198//1591 1196//1591
f 1196//1592 1198//1592 1197//1592
f 1196//1593 1199//1593 1200//1593
f 1196//1594 1200//1594 1201//1594
f 1196//1595 1201//1595 1199//1595
f 1199//1596 1201//1596 1200//1596
f 1199//1597 1204//1597 1202//1597
f 1199//1598 1202//1598 1203//1598
f 1199//1599 1203//1599 1204//1599
f 1204//1600 1203//1600 1202//1600
f 1204//1601 1207//1601 1205//1601
f 1204//1602 1205//1602 1206//1602
f 1204//1603 1206//1603 1207//1603
f 1207//1604 1206//1604 1205//1604
f 1207//1605 1210//1605 1208//1605
f 1207//1606 1208//1606 1209//1606
f 1207//1607 1209//1607 1210//1607
f 1210//1608 1209//1608 1208//1608
f 1210//1609 1211//1609 1212//1609
f 1210//1610 1212//1610 1213//1610
f 1210//1611 1213//1611 1211//1611
f 1211//1612 1213//1612 1212//1612
f 1211//1613 1216//1613 1214//1613
f 1211//1614 1214//1614 1215//1614
f 1211//1615 1215//1615 1216//1615
f 1216//1616 1215//1616 1214//1616
f 1216//1617 1219//1617 1217//1617
f 1216//1618 1217//1618 1218//1618
f 1216//1619 1218//1619 1219//1619
f 1219//1620 1218//1620 1217//1620
f 1219//1621 1220//1621 1221//1621
f 1219//1622 1221//1622 1222//1622
f 1219//1623 1222//1623 1220//1623
f 1220//1624 1222//1624 1221//1624
f 1220//1625 1225//1625 1223//1625
f 1220//1626 1223//1626 1224//1626
f 1220//1627 1224//1627 1225//1627
f 1225//1628 1224//1628 1223//1628
f 1225//1629 1228//1629 1226//1629
f 1225//1630 1226//1630 1227//1630
f 1225//1631 1227//1631 1228//1631
f 1228//1632 1227//1632 1226//1632
f 1228//1633 1229//1633 1230//1633
f 1228//1634 1230//1634 1231//1634
f 1228//1635 1231//1635 1229//1635
f 1229//1636 1231//1636 1230//1636
f 1229//1637 1234//1637 1232//1637
f 1229//1638 1232//1638 1233//1638
f 1229//1639 1233//1639 1234//1639
f 1234//1640 1233//1640 1232//1640
f 1234//1641 1237//1641 1235//1641
f 1234//1642 1235//1642 1236//1642
f 1234//1643 1236//1643 1237//1643
f 1237//1644 1236//1644 1235//1644
f 1237//1645 1240//1645 1238//1645
f 1237//1646 1238//1646 1239//1646
f 1237//1647 1239//1647 1240//1647
f 1240//1648 1239//1648 1238//1648
f 1240//1649 1243//1649 1241//1649
f 1240//1650 1241//1650 1242//1650
f 1240//1651 1242//1651 1243//1651
f 1243//1652 1242//1652 1241//1652
f 1243//1653 1244//1653 1245//1653
f 1243//1654 1245//1654 1246//1654
f 1243//1655 1246//1655 1244//1655
f 1244//1656 1246//1656 1245//1656
f 1244//1657 1247//1657 1248//1657
f 1244//1658 1248//1658 1249//1658
f 1244//1659 1249//1659 1247//1659
f 1247//1660 1249//1660 1248//1660
f 1247//1661 1250//1661 1251//1661
f 1247//1662 1251//1662 1252//1662
f 1247//1663 1252//1663 1250//1663
f 1250//1664 1252//1664 1251//1664
f 1250//1665 1255//1665 1253//1665
f 1250//1666 1253//1666 1254//1666
f 1250//1667 1254//1667 1255//1667
f 1255//1668 1254//1668 1253//1668
f 1255//1669 1256//1669 1257//1669
f 1255//1670 1257//1670 1258//1670
f 1255//1671 1258//1671 1256//1671
f 1256//1672 1258//1672 1257//1672
f 1256//1673 1261//1673 1259//1673
f 1256//1674 1259//1674 1260//1674
f 1256//1675 1260//1675 1261//1675
f 1261//1676 1260//1676 1259//1676
f 1261//1677 1262//1677 1263//1677
f 1261//1678 1263//1678 1264//1678
f 1261//1679 1264//1679 1262//1679
f 1262//1680 1264//1680 1263//1680
f 1262//1681 1267//1681 1265//1681
f 1262//1682 1265//1682 1266//1682
f 1262//1683 1266//1683 1267//1683
f 1267//1684 1266//1684 1265//1684
f 1267//1685 1270//1685 1268//1685
f 1267//1686 1268//1686 1269//1686
f 1267//1687 1269//1687 1270//1687
f 1270//1688 1269//1688 1268//1688
f 1270//1689 1273//1689 1271//1689
f 1270//1690 1271//1690 1272//1690
f 1270//1691 1272//1691 1273//1691
f 1273//1692 1272//1692 1271//1692
f 1273//1693 1276//1693 1274//1693
f 1273//1694 1274//1694 1275//1694
f 1273//1695 1275//1695 1276//1695
f 1276//1696 1275//1696 1274//1696
f 1276//1697 1277//1697 1278//1697
f 1276//1698 1278//1698 1279//1698
f 1276//1699 1279//1699 1277//1699
f 1277//1700 1279//1700 1278//1700
f 1277//1701 1280//1701 1281//1701
f 1277//1702 1281//1702 1282//1702
f 1277//1703 1282//1703 1280//1703
f 1280//1704 1282//1704 1281//1704
f 1280//1705 1283//1705 1284//1705
f 1280//1706 1284//1706 1285//1706
f 1280//1707 1285//1707 1283//1707
f 1283//1708 1285//1708 1284//1708
f 1283//1709 1286//1709 1287//1709
f 1283//1710 1287//1710 1288//1710
f 1283//1711 1288//1711 1286//1711
f 1286//1712 1288//1712 1287//1712
f 1286//1713 1289//1713 1290//1713
f 1286//1714 1290//1714 1291//1714
f 1286//1715 1291//1715 1289//1715
f 1289//1716 1291//1716 1290//1716
f 1289//1717 1292//1717 1293//1717
f 1289//1718 1293//1718 1294//1718
f 1289//1719 1294//1719 1292//1719
f 1292//1720 1294//1720 1293//1720
f 1292//1721 1295//1721 1296//1721
f 1292//1722 1296//1722 1297//1722
f 1292//1723 1297//1723 1295//1723
f 1295//1724 1297//1724 1296//1724
f 1295//1725 1298//1725 1299//1725
f 1295//1726 1299//1726 1300//1726
f 1295//1727 1300//1727 1298//1727
f 1298//1728 1300//1728 1299//1728
f 1298//1729 1303//1729 1301//1729
f 1298//1730 1301//1730 1302//1730
f 1298//1731 1302//1731 1303//1731
f 1303//1732 1302//1732 1301//1732
f 1303//1733 1304//1733 1305//1733
f 1303//1734 1305//1734 1306//1734
f 1303//1735 1306//1735 1304//1735
f 1304//1736 1306//1736 1305//1736
f 1304//1737 1309//1737 1307//1737
f 1304//1738 1307//1738 1308//1738
f 1304//1739 1308//1739 1309//1739
f 1309//1740 1308//1740 1307//1740
f 1309//1741 1310//1741 1311//1741
f 1309//1742 1311//1742 1312//1742
f 1309//1743 1312//1743 1310//1743
f 1310//1744 1312//1744 1311//1744
f 1310//1745 1315//1745 1313//1745
f 1310//1746 1313//1746 1314//1746
f 1310//1747 1314//1747 1315//1747
f 1315//1748 1314//1748 1313//1748
f 1315//1749 1316//1749 1317//1749
f 1315//1750 1317//1750 1318//1750
f 1315//1751 1318//1751 1316//1751
f 1316//1752 1318//1752 1317//1752
f 1316//1753 1319//1753 1320//1753
f 1316//1754 1320//1754 1321//1754
f 1316//1755 1321//1755 1319//1755
f 1319//1756 1321//1756 1320//1756
f 1319//1757 1324//1757 1322//1757
f 1319//1758 1322//1758 1323//1758
f 1319//1759 1323//1759 1324//1759
f 1324//1760 1323//1760 1322//1760
f 1324//1761 1325//1761 1326//1761
f 1324//1762 1326//1762 1327//1762
f 1324//1763 1327//1763 1325//1763
f 1325//1764 1327//1764 1326//1764
f 1325//1765 1328//1765 1329//1765
f 1325//1766 1329//1766 1330//1766
f 1325//1767 1330//1767 1328//1767
f 1328//1768 1330//1768 1329//1768
f 1328//1769 1333//1769 1331//1769
f 1328//1770 1331//1770 1332//1770
f 1328//1771 1332//1771 1333//1771
f 1333//1772 1332//1772 1331//1772
f 1333//1773 1336//1773 1334//1773
f 1333//1774 1334//1774 1335//1774
f 1333//1775 1335//1775 1336//1775
f 1336//1776 1335//1776 1334//1776
f 1336//1777 1339//1777 1337//1777
f 1336//1778 1337//1778 1338//1778
f 1336//1779 1338//1779 1339//1779
f 1339//1780 1338//1780 1337//1780
f 1339//1781 1340//1781 1341//1781
f 1339//1782 1341//1782 1342//1782
f 1339//1783 1342//1783 1340//1783
f 1340//1784 1342//1784 1341//1784
f 1340//1785 1343//1785 1344//1785
f 1340//1786 1344//1786 1345//1786
f 1340//1787 1345//1787 1343//1787
f 1343//1788 1345//1788 1344//1788
f 1343//1789 1346//1789 1347//1789
f 1343//1790 1347//1790 1348//1790
f 1343//1791 1348//1791 1346//1791
f 1346//1792 1348//1792 1347//1792
f 1346//1793 1349//1793 1350//1793
f 1346//1794 1350//1794 1351//1794
f 1346//1795 1351//1795 1349//1795
f 1349//1796 1351//1796 1350//1796
f 1349//1797 1352//1797 1353//1797
f 1349//1798 1353//1798 1354//1798
f 1349//1799 1354//1799 1352//1799
f 1352//1800 1354//1800 1353//1800
f 1352//1801 1355//1801 1356//1801
f 1352//1802 1356//1802 1357//1802
f 1352//1803 1357//1803 1355//1803
f 1355//1804 1357//1804 1356//1804
f 1355//1805 1360//1805 1358//1805
f 1355//1806 1358//1806 1359//1806
f 1355//1807 1359//1807 1360//1807
f 1360//1808 1359//1808 1358//1808
f 1360//1809 1363//1809 1361//1809
f 1360//1810 1361//1810 1362//1810
f 1360//1811 1362//1811 1363//1811
f 1363//1812 1362//1812 1361//1812
f 1363//1813 1364//1813 1365//1813
f 1363//1814 1365//1814 1366//1814
f 1363//1815 1366//1815 1364//1815
f 1364//1816 1366//1816 1365//1816
f 1364//1817 1367//1817 1368//1817
f 1364//1818 1368//1818 1369//1818
f 1364//1819 1369//1819 1367//1819
f 1367//1820 1369//1820 1368//1820
f 1367//1821 1370//1821 1371//1821
f 1367//1822 1371//1822 1372//1822
f 1367//1823 1372//1823 1370//1823
f 1370//1824 1372//1824 1371//1824
f 1370//1825 1373//1825 1374//1825
f 1370//1826 1374//1826 1375//1826
f 1370//1827 1375//1827 1373//1827
f 1373//1828 1375//1828 1374//1828
f 1373//1829 1376//1829 1377//1829
f 1373//1830 1377//1830 1378//1830
f 1373//1831 1378//1831 1376//1831
f 1376//1832 1378//1832 1377//1832
f 1376//1833 1379//1833 1380//1833
f 1376//1834 1380//1834 1381//1834
f 1376//1835 1381//1835 1379//1835
f 1379//1836 1381//1836 1380//1836
f 1379//1837 1382//1837 1383//1837
f 1379//1838 1383//1838 1384//1838
f 1379//1839 1384//1839 1382//1839
f 1382//1840 1384//1840 1383//1840
f 1382//1841 1387//1841 1385//1841
f 1382//1842 1385//1842 1386//1842
f 1382//1843 1386//1843 1387//1843
f 1387//1844 1386//1844 1385//1844
f 1387//1845 1390//1845 1388//1845
f 1387//1846 1388//1846 1389//1846
f 1387//1847 1389//1847 1390//1847
f 1390//1848 1389//1848 1388//1848
f 1390//1849 1393//1849 1391//1849
f 1390//1850 1391//1850 1392//1850
f 1390//1851 1392//1851 1393//1851
f 1393//1852 1392//1852 1391//1852
f 1393//1853 1396//1853 1394//1853
f 1393//1854 1394//1854 1395//1854
f 1393//1855 1395//1855 1396//1855
f 1396//1856 1395//1856 1394//1856
f 1396//1857 1397//1857 1398//1857
f 1396//1858 1398//1858 1399//1858
f 1396//1859 1399//1859 1397//1859
f 1397//1860 1399//1860 1398//1860
f 1397//1861 1400//1861 1401//1861
f 1397//1862 1401//1862 1402//1862
f 1397//1863 1402//1863 1400//1863
f 1400//1864 1402//1864 1401//1864
f 1400//1865 1405//1865 1403//1865
f 1400//1866 1403//1866 1404//1866
f 1400//1867 1404//1867 1405//1867
f 1405//1868 1404//1868 1403//1868
f 1405//1869 1408//1869 1406//1869
f 1405//1870 1406//1870 1407//1870
f 1405//1871 1407//1871 1408//1871
f 1408//1872 1407//1872 1406//1872
f 1408//1873 1411//1873 1409//1873
f 1408//1874 1409//1874 1410//1874
f 1408//1875 1410//1875 1411//1875
f 1411//1876 1410//1876 1409//1876
f 1411//1877 1412//1877 1413//1877
f 1411//1878 1413//1878 1414//1878
f 1411//1879 1414//1879 1412//1879
f 1412//1880 1414//1880 1413//1880
f 1412//1881 1417//1881 1415//1881
f 1412//1882 1415//1882 1416//1882
f 1412//1883 1416//1883 1417//1883
f 1417//1884 1416//1884 1415//1884
f 1417//1885 1420//1885 1418//1885
f 1417//1886 1418//1886 1419//1886
f 1417//1887 1419//1887 1420//1887
f 1420//1888 1419//1888 1418//1888
f 1420//1889 1421//1889 1422//1889
f 1420//1890 1422//1890 1423//1890
f 1420//1891 1423//1891 1421//1891
f 1421//1892 1423//1892 1422//1892
f 1421//1893 1426//1893 1424//1893
f 1421//1894 1424//1894 1425//1894
f 1421//1895 1425//1895 1426//1895
f 1426//1896 1425//1896 1424//1896
f 1426//1897 1427//1897 1428//1897
f 1426//1898 1428//1898 1429//1898
f 1426//1899 1429//1899 1427//1899
f 1427//1900 1429//1900 1428//1900
f 1427//1901 1430//1901 1431//1901
f 1427//1902 1431//1902 1432//1902
f 1427//1903 1432//1903 1430//1903
f 1430//1904 1432//1904 1431//1904
f 1430//1905 1435//1905 1433//1905
f 1430//1906 1433//1906 1434//1906
f 1430//1907 1434//1907 1435//1907
f 1435//1908 1434//1908 1433//1908
f 1435//1909 1436//1909 1437//1909
f 1435//1910 1437//1910 1438//1910
f 1435//1911 1438//1911 1436//1911
f 1436//1912 1438//1912 1437//1912
f 1436//1913 1439//1913 1440//1913
f 1436//1914 1440//1914 1441//1914
f 1436//1915 1441//1915 1439//1915
f 1439//1916 1441//1916 1440//1916
f 1439//1917 1442//1917 1443//1917
f 1439//1918 1443//1918 1444//1918
f 1439//1919 1444//1919 1442//1919
f 1442//1920 1444//1920 1443//1920
f 1442//1921 1445//1921 1446//1921
f 1442//1922 1446//1922 1447//1922
f 1442//1923 1447//1923 1445//1923
f 1445//1924 1447//1924 1446//1924
f 1445//1925 1450//1925 1448//1925
f 1445//1926 1448//1926 1449//1926
f 1445//1927 1449//1927 1450//1927
f 1450//1928 1449//1928 1448//1928
f 1450//1929 1451//1929 1452//1929
f 1450//1930 1452//1930 1453//1930
f 1450//1931 1453//1931 1451//1931
f 1451//1932 1453//1932 1452//1932
f 1451//1933 1454//1933 1455//1933
f 1451//1934 1455//1934 1456//1934
f 1451//1935 1456//1935 1454//1935
f 1454//1936 1456//1936 1455//1936
f 1454//1937 1457//1937 1458//1937
f 1454//1938 1458//1938 1459//1938
f 1454//1939 1459//1939 1457//1939
f 1457//1940 1459//1940 1458//1940
f 1457//1941 1460//1941 1461//1941
f 1457//1942 1461//1942 1462//1942
f 1457//1943 1462//1943 1460//1943
f 1460//1944 1462//1944 1461//1944
f 1460//1945 1465//1945 1463//1945
f 1460//1946 1463//1946 1464//1946
f 1460//1947 1464//1947 1465//1947
f 1465//1948 1464//1948 1463//1948
f 1465//1949 1468//1949 1466//1949
f 1465//1950 1466//1950 1467//1950
f 1465//1951 1467//1951 1468//1951
f 1468//1952 1467//1952 1466//1952
f 1468//1953 1469//1953 1470//1953
f 1468//1954 1470//1954 1471//1954
f 1468//1955 1471//1955 1469//1955
f 1469//1956 1471//1956 1470//1956
f 1469//1957 1474//1957 1472//1957
f 1469//1958 1472//1958 1473//1958
f 1469//1959 1473//1959 1474//1959
f 1474//1960 1473//1960 1472//1960
f 1474//1961 1477//1961 1475//1961
f 1474//1962 1475//1962 1476//1962
f 1474//1963 1476//1963 1477//1963
f 1477//1964 1476//1964 1475//1964
f 1477//1965 1480//1965 1478//1965
f 1477//1966 1478//1966 1479//1966
f 1477//1967 1479//1967 1480//1967
f 1480//1968 1479//1968 1478//1968
f 1480//1969 1483//1969 1481//1969
f 1480//1970 1481//1970 1482//1970
f 1480//1971 1482//1971 1483//1971
f 1483//1972 1482//1972 1481//1972
f 1483//1973 1486//1973 1484//1973
f 1483//1974 1484//1974 1485//1974
f 1483//1975 1485//1975 1486//1975
f 1486//1976 1485//1976 1484//1976
f 1486//1977 1487//1977 1488//1977
f 1486//1978 1488//1978 1489//1978
f 1486//1979 1489//1979 1487//1979
f 1487//1980 1489//1980 1488//1980
f 1487//1981 1490//1981 1491//1981
f 1487//1982 1491//1982 1492//1982
f 1487//1983 1492//1983 1490//1983
f 1490//1984 1492//1984 1491//1984
f 1490//1985 1493//1985 1494//1985
f 1490//1986 1494//1986 1495//1986
f 1490//1987 1495//1987 1493//1987
f 1493//1988 1495//1988 1494//1988
f 1493//1989 1498//1989 1496//1989
f 1493//1990 1496//1990 1497//1990
f 1493//1991 1497//1991 1498//1991
f 1498//1992 1497//1992 1496//1992
f 1498//1993 1499//1993 1500//1993
f 1498//1994 1500//1994 1501//1994
f 1498//1995 1501//1995 1499//1995
f 1499//1996 1501//1996 1500//1996
f 1499//1997 1502//1997 1503//1997
f 1499//1998 1503//1998 1504//1998
f 1499//1999 1504//1999 1502//1999
f 1502//2000 1504//2000 1503//2000
f 1502//2001 1505//2001 1506//2001
f 1502//2002 1506//2002 1507//2002
f 1502//2003 1507//2003 1505//2003
f 1505//2004 1507//2004 1506//2004
f 1505//2005 1508//2005 1509//2005
f 1505//2006 1509//2006 1510//2006
f 1505//2007 1510//2007 1508//2007
f 1508//2008 1510//2008 1509//2008
f 1508//2009 1513//2009 1511//2009
f 1508//2010 1511//2010 1512//2010
f 1508//2011 1512//2011 1513//2011
f 1513//2012 1512//2012 1511//2012
f 1513//2013 1516//2013 1514//2013
f 1513//2014 1514//2014 1515//2014
f 1513//2015 1515//2015 1516//2015
f 1516//2016 1515//2016 1514//2016
f 1516//2017 1517//2017 1518//2017
f 1516//2018 1518//2018 1519//2018
f 1516//2019 1519//2019 1517//2019
f 1517//2020 1519//2020 1518//2020
f 1517//2021 1522//2021 1520//2021
f 1517//2022 1520//2022 1521//2022
f 1517//2023 1521//2023 1522//2023
f 1522//2024 1521//2024 1520//2024
f 1522//2025 1523//2025 1524//2025
f 1522//2026 1524//2026 1525//2026
f 1522//2027 1525//2027 1523//2027
f 1523//2028 1525//2028 1524//2028
f 1523//2029 1526//2029 1527//2029
f 1523//2030 1527//2030 1528//2030
f 1523//2031 1528//2031 1526//2031
f 1526//2032 1528//2032 1527//2032
f 1526//2033 1531//2033 1529//2033
f 1526//2034 1529//2034 1530//2034
f 1526//2035 1530//2035 1531//2035
f 1531//2036 1530//2036 1529//2036
f 1531//2037 1532//2037 1533//2037
f 1531//2038 1533//2038 1534//2038
f 1531//2039 1534//2039 1532//2039
f 1532//2040 1534//2040 1533//2040
f 1532//2041 1535//2041 1536//2041
f 1532//2042 1536//2042 1537//2042
f 1532//2043 1537//2043 1535//2043
f 1535//2044 1537//2044 1536//2044
f 1535//2045 1538//2045 1539//2045
f 1535//2046 1539//2046 1540//2046
f 1535//2047 1540//2047 1538//2047
f 1538//2048 1540//2048 1539//2048
f 1538//2049 1541//2049 1542//2049
f 1538//2050 1542//2050 1543//2050
f 1538//2051 1543//2051 1541//2051
f 1541//2052 1543//2052 1542//2052
f 1541//2053 1544//2053 1545//2053
f 1541//2054 1545//2054 1546//2054
f 1541//2055 1546//2055 1544//2055
f 1544//2056 1546//2056 1545//2056
f 1544//2057 1547//2057 1548//2057
f 1544//2058 1548//2058 1549//2058
f 1544//2059 1549//2059 1547//2059
f 1547//2060 1549//2060 1548//2060
f 1547//2061 1552//2061 1550//2061
f 1547//2062 1550//2062 1551//2062
f 1547//2063 1551//2063 1552//2063
f 1552//2064 1551//2064 1550//2064
f 1552//2065 1553//2065 1554//2065
f 1552//2066 1554//2066 1555//2066
f 1552//2067 1555//2067 1553//2067
f 1553//2068 1555//2068 1554//2068
f 1553//2069 1556//2069 1557//2069
f 1553//2070 1557//2070 1558//2070
f 1553//2071 1558//2071 1556//2071
f 1556//2072 1558//2072 1557//2072
f 1556//2073 1559//2073 1560//2073
f 1556//2074 1560//2074 1561//2074
f 1556//2075 1561//2075 1559//2075
f 1559//2076 1561//2076 1560//2076
f 1559//2077 1564//2077 1562//2077
f 1559//2078 1562//2078 1563//2078
f 1559//2079 1563//2079 1564//2079
f 1564//2080 1563//2080 1562//2080
f 1564//2081 1567//2081 1565//2081
f 1564//2082 1565//2082 1566//2082
f 1564//2083 1566//2083 1567//2083
f 1567//2084 1566//2084 1565//2084
f 1567//2085 1568//2085 1569//2085
f 1567//2086 1569//2086 1570//2086
f 1567//2087 1570//2087 1568//2087
f 1568//2088 1570//2088 1569//2088
f 1568//2089 1573//2089 1571//2089
f 1568//2090 1571//2090 1572//2090
f 1568//2091 1572//2091 1573//2091
f 1573//2092 1572//2092 1571//2092
f 1573//2093 1576//2093 1574//2093
f 1573//2094 1574//2094 1575//2094
f 1573//2095 1575//2095 1576//2095
f 1576//2096 1575//2096 1574//2096
f 1576//2097 1579//2097 1577//2097
f 1576//2098 1577//2098 1578//2098
f 1576//2099 1578//2099 1579//2099
f 1579//2100 1578//2100 1577//2100
f 1579//2101 1580//2101 1581//2101
f 1579//2102 1581//2102 1582//2102
f 1579//2103 1582//2103 1580//2103
f 1580//2104 1582//2104 1581//2104
f 1580//2105 1585//2105 1583//2105
f 1580//2106 1583//2106 1584//2106
f 1580//2107 1584//2107 1585//2107
f 1585//2108 1584//2108 1583//2108
f 1585//2109 1588//2109 1586//2109
f 1585//2110 1586//2110 1587//2110
f 1585//2111 1587//2111 1588//2111
f 1588//2112 1587//2112 1586//2112
f 1588//2113 1589//2113 1590//2113
f 1588//2114 1590//2114 1591//2114
f 1588//2115 1591//2115 1589//2115
f 1589//2116 1591//2116 1590//2116
f 1589//2117 1592//2117 1593//2117
f 1589//2118 1593//2118 1594//2118
f 1589//2119 1594//2119 1592//2119
f 1592//2120 1594//2120 1593//2120
f 1592//2121 1597//2121 1595//2121
f 1592//2122 1595//2122 1596//2122
f 1592//2123 1596//2123 1597//2123
f 1597//2124 1596//2124 1595//2124
f 1597//2125 1600//2125 1598//2125
f 1597//2126 1598//2126 1599//2126
f 1597//2127 1599//2127 1600//2127
f 1600//2128 1599//2128 1598//2128
f 1600//2129 1601//2129 1602//2129
f 1600//2130 1602//2130 1603//2130
f 1600//2131 1603//2131 1601//2131
f 1601//2132 1603//2132 1602//2132
f 1601//2133 1606//2133 1604//2133
f 1601//2134 1604//2134 1605//2134
f 1601//2135 1605//2135 1606//2135
f 1606//2136 1605//2136 1604//2136
f 1606//2137 1609//2137 1607//2137
f 1606//2138 1607//2138 1608//2138
f 1606//2139 1608//2139 1609//2139
f 1609//2140 1608//2140 1607//2140
f 1609//2141 1610//2141 1611//2141
f 1609//2142 1611//2142 1612//2142
f 1609//2143 1612//2143 1610//2143
f 1610//2144 1612//2144 1611//2144
f 1610//2145 1613//2145 1614//2145
f 1610//2146 1614//2146 1615//2146
f 1610//2147 1615//2147 1613//2147
f 1613//2148 1615//2148 1614//2148
f 1613//2149 1618//2149 1616//2149
f 1613//2150 1616//2150 1617//2150
f 1613//2151 1617//2151 1618//2151
f 1618//2152 1617//2152 1616//2152
f 1618//2153 1619//2153 1620//2153
f 1618//2154 1620//2154 1621//2154
f 1618//2155 1621//2155 1619//2155
f 1619//2156 1621//2156 1620//2156
f 1619//2157 1622//2157 1623//2157
f 1619//2158 1623//2158 1624//2158
f 1619//2159 1624//2159 1622//2159
f 1622//2160 1624//2160 1623//2160
f 1622//2161 1625//2161 1626//2161
f 1622//2162 1626//2162 1627//2162
f 1622//2163 1627//2163 1625//2163
f 1625//2164 1627//2164 1626//2164
f 1625//2165 1630//2165 1628//2165
f 1625//2166 1628//2166 1629//2166
f 1625//2167 1629//2167 1630//2167
f 1630//2168 1629//2168 1628//2168
f 1630//2169 1631//2169 1632//2169
f 1630//2170 1632//2170 1633//2170
f 1630//2171 1633//2171 1631//2171
f 1631//2172 1633//2172 1632//2172
f 1631//2173 1636//2173 1634//2173
f 1631//2174 1634//2174 1635//2174
f 1631//2175 1635//2175 1636//2175
f 1636//2176 1635//2176 1634//2176
f 1636//2177 1637//2177 1638//2177
f 1636//2178 1638//2178 1639//2178
f 1636//2179 1639//2179 1637//2179
f 1637//2180 1639//2180 1638//2180
f 1637//2181 1640//2181 1641//2181
f 1637//2182 1641//2182 1642//2182
f 1637//2183 1642//2183 1640//2183
f 1640//2184 1642//2184 1641//2184
f 1640//2185 1643//2185 1644//2185
f 1640//2186 1644//2186 1645//2186
f 1640//2187 1645//2187 1643//2187
f 1643//2188 1645//2188 1644//2188
f 1643//2189 1648//2189 1646//2189
f 1643//2190 1646//2190 1647//2190
f 1643//2191 1647//2191 1648//2191
f 1648//2192 1647//2192 1646//2192
f 1648//2193 1651//2193 1649//2193
f 1648//2194 1649//2194 1650//2194
f 1648//2195 1650//2195 1651//2195
f 1651//2196 1650//2196 1649//2196
f 1651//2197 1652//2197 1653//2197
f 1651//2198 1653//2198 1654//2198
f 1651//2199 1654//2199 1652//2199
f 1652//2200 1654//2200 1653//2200
f 1652//2201 1655//2201 1656//2201
f 1652//2202 1656//2202 1657//2202
f 1652//2203 1657//2203 1655//2203
f 1655//2204 1657//2204 1656//2204
f 1655//2205 1658//2205 1659//2205
f 1655//2206 1659//2206 1660//2206
f 1655//2207 1660//2207 1658//2207
f 1658//2208 1660//2208 1659//2208
f 1658//2209 1663//2209 1661//2209
f 1658//2210 1661//2210 1662//2210
f 1658//2211 1662//2211 1663//2211
f 1663//2212 1662//2212 1661//2212
f 1663//2213 1666//2213 1664//2213
f 1663//2214 1664//2214 1665//2214
f 1663//2215 1665//2215 1666//2215
f 1666//2216 1665//2216 1664//2216
f 1666//2217 1669//2217 1667//2217
f 1666//2218 1667//2218 1668//2218
f 1666//2219 1668//2219 1669//2219
f 1669//2220 1668//2220 1667//2220
f 1669//2221 1672//2221 1670//2221
f 1669//2222 1670//2222 1671//2222
f 1669//2223 1671//2223 1672//2223
f 1672//2224 1671//2224 1670//2224
f 1672//2225 1675//2225 1673//2225
f 1672//2226 1673//2226 1674//2226
f 1672//2227 1674//2227 1675//2227
f 1675//2228 1674//2228 1673//2228
f 1675//2229 1678//2229 1676//2229
f 1675//2230 1676//2230 1677//2230
f 1675//2231 1677//2231 1678//2231
f 1678//2232 1677//2232 1676//2232
f 1678//2233 1679//2233 1680//2233
f 1678//2234 1680//2234 1681//2234
f 1678//2235 1681//2235 1679//2235
f 1679//2236 1681//2236 1680//2236
f 1679//2237 1682//2237 1683//2237
f 1679//2238 1683//2238 1684//2238
f 1679//2239 1684//2239 1682//2239
f 1682//2240 1684//2240 1683//2240
f 1682//2241 1685//2241 1686//2241
f 1682//2242 1686//2242 1687//2242
f 1682//2243 1687//2243 1685//2243
f 1685//2244 1687//2244 1686//2244
f 1685//2245 1690//2245 1688//2245
f 1685//2246 1688//2246 1689//2246
f 1685//2247 1689//2247 1690//2247
f 1690//2248 1689//2248 1688//2248
f 1690//2249 1693//2249 1691//2249
f 1690//2250 1691//2250 1692//2250
f 1690//2251 1692//2251 1693//2251
f 1693//2252 1692//2252 1691//2252
f 1693//2253 1694//2253 1695//2253
f 1693//2254 1695//2254 1696//2254
f 1693//2255 1696//2255 1694//2255
f 1694//2256 1696//2256 1695//2256
f 1694//2257 1699//2257 1697//2257
f 1694//2258 1697//2258 1698//2258
f 1694//2259 1698//2259 1699//2259
f 1699//2260 1698//2260 1697//2260
f 1699//2261 1700//2261 1701//2261
f 1699//2262 1701//2262 1702//2262
f 1699//2263 1702//2263 1700//2263
f 1700//2264 1702//2264 1701//2264
f 1700//2265 1703//2265 1704//2265
f 1700//2266 1704//2266 1705//2266
f 1700//2267 1705//2267 1703//2267
f 1703//2268 1705//2268 1704//2268
f 1703//2269 1706//2269 1707//2269
f 1703//2270 1707//2270 1708//2270
f 1703//2271 1708//2271 1706//2271
f 1706//2272 1708//2272 1707//2272
f 1706//2273 1709//2273 1710//2273
f 1706//2274 1710//2274 1711//2274
f 1706//2275 1711//2275 1709//2275
f 1709//2276 1711//2276 1710//2276
f 1709//2277 1712//2277 1713//2277
f 1709//2278 1713//2278 1714//2278
f 1709//2279 1714//2279 1712//2279
f 1712//2280 1714//2280 1713//2280
f 1712//2281 1717//2281 1715//2281
f 1712//2282 1715//2282 1716//2282
f 1712//2283 1716//2283 1717//2283
f 1717//2284 1716//2284 1715//2284
f 1717//2285 1720//2285 1718//2285
f 1717//2286 1718//2286 1719//2286
f 1717//2287 1719//2287 1720//2287
f 1720//2288 1719//2288 1718//2288
f 1720//2289 1723//2289 1721//2289
f 1720//2290 1721//2290 1722//2290
f 1720//2291 1722//2291 1723//2291
f 1723//2292 1722//2292 1721//2292
f 1723//2293 1726//2293 1724//2293
f 1723//2294 1724//2294 1725//2294
f 1723//2295 1725//2295 1726//2295
f 1726//2296 1725//2296 1724//2296
f 1726//2297 1729//2297 1727//2297
f 1726//2298 1727//2298 1728//2298
f 1726//2299 1728//2299 1729//2299
f 1729//2300 1728//2300 1727//2300
f 1729//2301 1732//2301 1730//2301
f 1729//2302 1730//2302 1731//2302
f 1729//2303 1731//2303 1732//2303
f 1732//2304 1731//2304 1730//2304
f 1732//2305 1735//2305 1733//2305
f 1732//2306 1733//2306 1734//2306
f 1732//2307 1734//2307 1735//2307
f 1735//2308 1734//2308 1733//2308
f 1735//2309 1736//2309 1737//2309
f 1735//2310 1737//2310 1738//2310
f 1735//2311 1738//2311 1736//2311
f 1736//2312 1738//2312 1737//2312
f 1736//2313 1739//2313 1740//2313
f 1736//2314 1740//2314 1741//2314
f 1736//2315 1741//2315 1739//2315
f 1739//2316 1741//2316 1740//2316
f 1739//2317 1744//2317 1742//2317
f 1739//2318 1742//2318 1743//2318
f 1739//2319 1743//2319 1744//2319
f 1744//2320 1743//2320 1742//2320
f 1744//2321 1745//2321 1746//2321
f 1744//2322 1746//2322 1747//2322
f 1744//2323 1747//2323 1745//2323
f 1745//2324 1747//2324 1746//2324
f 1745//2325 1750//2325 1748//2325
f 1745//2326 1748//2326 1749//2326
f 1745//2327 1749//2327 1750//2327
f 1750//2328 1749//2328 1748//2328
f 1750//2329 1753//2329 1751//2329
f 1750//2330 1751//2330 1752//2330
f 1750//2331 1752//2331 1753//2331
f 1753//2332 1752//2332 1751//2332
f 1753//2333 1756//2333 1754//2333
f 1753//2334 1754//2334 1755//2334
f 1753//2335 1755//2335 1756//2335
f 1756//2336 1755//2336 1754//2336
f 1756//2337 1759//2337 1757//2337
f 1756//2338 1757//2338 1758//2338
f 1756//2339 1758//2339 1759//2339
f 1759//2340 1758//2340 1757//2340
f 1759//2341 1762//2341 1760//2341
f 1759//2342 1760//2342 1761//2342
f 1759//2343 1761//2343 1762//2343
f 1762//2344 1761//2344 1760//2344
f 1762//2345 1765//2345 1763//2345
f 1762//2346 1763//2346 1764//2346
f 1762//2347 1764//2347 1765//2347
f 1765//2348 1764//2348 1763//2348
f 1765//2349 1766//2349 1767//2349
f 1765//2350 1767//2350 1768//2350
f 1765//2351 1768//2351 1766//2351
f 1766//2352 1768//2352 1767//2352
f 1766//2353 1769//2353 1770//2353
f 1766//2354 1770//2354 1771//2354
f 1766//2355 1771//2355 1769//2355
f 1769//2356 1771//2356 1770//2356
f 1769//2357 1774//2357 1772//2357
f 1769//2358 1772//2358 1773//2358
f 1769//2359 1773//2359 1774//2359
f 1774//2360 1773//2360 1772//2360
f 1774//2361 1777//2361 1775//2361
f 1774//2362 1775//2362 1776//2362
f 1774//2363 1776//2363 1777//2363
f 1777//2364 1776//2364 1775//2364
f 1777//2365 1780//2365 1778//2365
f 1777//2366 1778//2366 1779//2366
f 1777//2367 1779//2367 1780//2367
f 1780//2368 1779//2368 1778//2368
f 1780//2369 1783//2369 1781//2369
f 1780//2370 1781//2370 1782//2370
f 1780//2371 1782//2371 1783//2371
f 1783//2372 1782//2372 1781//2372
f 1783//2373 1784//2373 1785//2373
f 1783//2374 1785//2374 1786//2374
f 1783//2375 1786//2375 1784//2375
f 1784//2376 1786//2376 1785//2376
f 1784//2377 1787//2377 1788//2377
f 1784//2378 1788//2378 1789//2378
f 1784//2379 1789//2379 1787//2379
f 1787//2380 1789//2380 1788//2380
f 1787//2381 1790//2381 1791//2381
f 1787//2382 1791//2382 1792//2382
f 1787//2383 1792//2383 1790//2383
f 1790//2384 1792//2384 1791//2384
f 1790//2385 1795//2385 1793//2385
f 1790//2386 1793//2386 1794//2386
f 1790//2387 1794//2387 1795//2387
f 1795//2388 1794//2388 1793//2388
f 1795//2389 1798//2389 1796//2389
f 1795//2390 1796//2390 1797//2390
f 1795//2391 1797//2391 1798//2391
f 1798//2392 1797//2392 1796//2392
f 1798//2393 1801//2393 1799//2393
f 1798//2394 1799//2394 1800//2394
f 1798//2395 1800//2395 1801//2395
f 1801//2396 1800//2396 1799//2396
f 1801//2397 1802//2397 1803//2397
f 1801//2398 1803//2398 1804//2398
f 1801//2399 1804//2399 1802//2399
f 1802//2400 1804//2400 1803//2400
f 1802//2401 1807//2401 1805//2401
f 1802//2402 1805//2402 1806//2402
f 1802//2403 1806//2403 1807//2403
f 1807//2404 1806//2404 1805//2404
f 1807//2405 1808//2405 1809//2405
f 1807//2406 1809//2406 1810//2406
f 1807//2407 1810//2407 1808//2407
f 1808//2408 1810//2408 1809//2408
f 1808//2409 1813//2409 1811//2409
f 1808//2410 1811//2410 1812//2410
f 1808//2411 1812//2411 1813//2411
f 1813//2412 1812//2412 1811//2412
f 1813//2413 1814//2413 1815//2413
f 1813//2414 1815//2414 1816//2414
f 1813//2415 1816//2415 1814//2415
f 1814//2416 1816//2416 1815//2416
f 1814//2417 1817//2417 1818//2417
f 1814//2418 1818//2418 1819//2418
f 1814//2419 1819//2419 1817//2419
f 1817//2420 1819//2420 1818//2420
f 1817//2421 1820//2421 1821//2421
f 1817//2422 1821//2422 1822//2422
f 1817//2423 1822//2423 1820//2423
f 1820//2424 1822//2424 1821//2424
f 1820//2425 1823//2425 1824//2425
f 1820//2426 1824//2426 1825//2426
f 1820//2427 1825//2427 1823//2427
f 1823//2428 1825//2428 1824//2428
o Tetrahedrons_Chain_E
v 31.027000 -52.881001 3.337004
v 28.306999 -54.235001 3.461004
v 30.830999 -55.840000 4.009904
v 30.224001 -54.879002 1.189404
v 30.417999 -57.839001 1.858404
v 32.473000 -56.557999 0.018385
v 29.615000 -56.962002 -0.940756
v 28.108000 -58.487999 3.727205
v 30.055000 -60.673000 2.900005
v 28.094999 -59.535999 0.872184
v 26.853001 -58.918999 -1.834396
v 26.892000 -61.777000 -0.795325
v 29.479000 -60.444000 -1.678595
v 32.467999 -60.457001 -2.238096
v 30.507999 -61.238998 -4.427895
v 30.945999 -63.083000 -2.049295
v 30.216000 -65.642998 -3.519795
v 29.513000 -65.325996 -0.578045
v 32.415001 -65.669998 -1.419295
v 34.542999 -67.734001 -2.096995
v 33.744999 -67.267998 0.800295
v 35.324001 -65.147003 -0.702735
v 35.910000 -70.225998 -3.178195
v 36.259998 -67.560997 -4.600895
v 33.577999 -68.992996 -4.692095
v 38.126999 -72.306999 -3.246094
v 35.297001 -73.073997 -4.052094
v 35.941002 -72.483002 -1.139395
v 40.487000 -74.191002 -3.605395
v 40.796001 -71.667000 -1.936295
v 40.497002 -71.466003 -4.956095
v 42.856998 -75.984001 -4.248894
v 40.084000 -76.706001 -5.265694
v 40.721001 -76.928001 -2.300494
v 45.367001 -76.472000 -2.601594
v 45.509998 -74.785004 -5.127694
v 45.057999 -77.786003 -5.326994
v 46.030998 -80.525002 -6.220094
v 47.507999 -78.021004 -7.113094
v 44.747002 -78.638000 -8.229795
v 47.091000 -83.341003 -5.774794
v 44.584999 -82.904999 -7.441594
v 44.507999 -82.458000 -4.434394
v 49.886002 -83.625999 -4.610694
v 49.235001 -84.846001 -7.319194
v 48.056999 -86.050003 -4.786793
v 49.155998 -88.552002 -3.454193
v 46.791000 -88.755997 -5.354794
v 46.443001 -87.457001 -2.627293
v 50.544998 -88.458000 -0.750233
v 52.159000 -88.994003 -3.270793
v 50.243999 -91.107002 -2.213293
v 50.428001 -94.058998 -2.922293
v 48.859001 -93.178001 -0.470193
v 51.894001 -92.987000 -0.483113
v 65.531998 -85.900002 -2.641994
v 64.528999 -86.405998 -5.467993
v 67.501999 -86.591003 -4.853893
v 66.112999 -83.885002 -4.844894
v 64.839996 -81.133003 -4.616794
v 67.223999 -81.557999 -6.456694
v 67.598999 -81.635002 -3.439694
v 69.595001 -79.382004 -3.003594
v 70.073997 -82.105003 -1.737294
v 67.836998 -80.321999 -0.706894
v 69.113998 -76.462997 -3.707094
v 71.220001 -78.061996 -5.208694
v 71.683998 -77.286003 -2.304994
v 73.399002 -75.677002 -0.376294
v 74.697998 -77.684998 -2.253694
v 72.996002 -78.657997 0.071000
v 74.719002 -74.022003 1.807606
v 71.771004 -73.626999 1.172606
v 73.889000 -72.706001 -0.805535
v 76.660004 -71.760002 2.406605
v 77.561996 -74.651001 2.683606
v 75.583000 -73.477997 4.672206
v 75.220001 -72.004997 7.308005
v 76.753998 -74.629997 7.231506
v 73.741997 -74.615997 6.809306
v 73.641998 -69.532997 6.504905
v 76.261002 -69.237999 8.020705
v 73.806000 -70.348000 9.430106
v 73.016998 -69.862000 3.546905
v 71.191002 -68.185997 5.309805
v 71.259003 -71.209999 5.631105
v 71.259003 -74.108002 6.551006
v 68.627998 -72.625000 6.195905
v 70.486000 -71.897003 8.490705
v 69.656998 -69.119003 9.407905
v 71.727997 -70.688004 10.989006
v 68.815002 -71.563004 11.010006
v 70.004997 -66.569000 7.787305
v 67.775002 -66.769997 9.845204
v 67.620003 -68.385002 7.272505
v 67.161003 -70.533997 5.170605
v 64.920998 -68.606003 5.889405
v 65.790001 -70.737000 7.877905
v 66.372002 -72.575996 10.229006
v 63.500000 -72.080002 9.360306
v 65.086998 -69.861000 10.704006
v 63.991001 -67.093002 10.083005
v 66.356003 -67.403999 11.969005
v 63.584999 -68.305000 12.842005
v 61.584000 -68.056000 8.492505
v 63.616001 -66.198997 7.200605
v 61.762001 -65.150002 9.371505
v 60.806999 -70.887001 7.699105
v 58.655998 -68.773003 8.090705
v 60.172001 -69.862000 10.491006
v 58.337002 -68.933998 12.732005
v 61.127998 -69.957001 13.377006
v 58.984001 -71.889999 12.421005
v 56.105999 -68.144997 10.823005
v 56.938000 -66.253998 13.055005
v 55.462002 -68.830002 13.715005
v 53.935001 -69.777000 9.454306
v 56.264999 -68.683998 7.834205
v 54.151001 -66.790001 8.927305
v 50.912998 -70.035004 9.230105
v 52.418999 -71.598000 11.361006
v 52.702000 -72.362000 8.430706
v 53.467999 -73.349998 5.658806
v 52.529999 -75.325996 7.772206
v 55.244999 -73.983002 8.044306
v 56.594002 -73.945000 10.770006
v 58.118999 -73.023003 8.305606
v 57.460999 -75.969002 8.672505
v 55.463001 -75.232002 13.283006
v 55.612999 -72.203003 13.061006
v 58.161999 -73.832001 13.373006
v 53.203999 -77.263000 13.147006
v 55.457001 -77.626999 15.157005
v 55.988998 -78.019997 12.188005
v 57.706001 -78.392998 9.706506
v 55.567001 -80.441002 10.397006
v 58.077000 -80.230003 12.102006
v 60.866001 -81.346001 12.574006
v 58.423000 -83.063004 13.151007
v 59.070000 -80.689003 14.939006
v 63.118000 -82.546997 10.921006
v 63.618000 -81.734001 13.809006
v 63.192001 -79.602997 11.681005
v 62.701000 -85.371002 9.872507
v 64.507004 -83.441002 8.367907
v 61.498001 -83.003998 8.388706
v 58.680000 -81.954002 7.935506
v 60.615002 -82.175003 5.599306
v 61.056000 -80.065002 7.744306
v 62.236000 -77.967003 9.602905
v 61.813000 -77.325996 6.660406
v 63.985001 -79.285004 7.492406
v 66.186996 -81.356003 7.821606
v 66.642998 -78.918999 6.061206
v 64.723999 -81.101997 5.168106
v 62.784000 -79.822998 3.205906
v 62.779999 -82.838997 3.600806
v 65.107002 -81.494003 2.176806
v 63.828999 -76.968002 3.285006
v 60.945999 -77.554001 4.056506
v 61.821999 -77.794998 1.154306
v 66.227997 -76.050003 4.912906
v 65.640999 -74.772003 2.216406
v 66.644997 -77.639000 2.354006
v 65.816002 -78.603996 -0.408214
v 67.018997 -80.557999 1.587706
v 68.764000 -78.417000 0.315786
v 62.973000 -78.662003 -1.485394
v 65.319000 -78.392998 -3.400994
v 64.578003 -76.081001 -1.569494
v 64.817001 -73.353996 -0.243914
v 62.832001 -73.775002 -2.508694
v 65.817001 -73.754997 -3.087795
v 65.714996 -73.917999 -6.122894
v 68.163002 -74.927002 -4.627694
v 67.591003 -71.944000 -4.767895
v 68.219002 -69.291000 -6.115895
v 70.478996 -71.045998 -5.084295
v 68.648003 -69.614998 -3.122595
v 68.929001 -66.603996 -7.350695
v 66.013000 -67.391998 -6.994895
v 67.724998 -68.800003 -9.076295
v 69.487999 -63.816002 -8.429695
v 71.641998 -65.959000 -8.564295
v 70.852997 -64.763000 -5.882095
v 67.374001 -61.667999 -8.021695
v 67.773003 -62.907001 -10.770995
v 69.886002 -61.046001 -9.619895
v 70.225998 -58.083000 -10.210996
v 71.014999 -60.150002 -12.296995
v 72.670998 -59.834999 -9.766095
v 68.974998 -55.362000 -10.741996
v 71.771004 -55.546001 -9.559997
v 69.357002 -56.327999 -7.884296
v 66.210999 -55.526001 -11.998996
v 67.435997 -52.814999 -11.370996
v 66.516998 -54.629002 -9.109396
v 63.957001 -57.557999 -11.791995
v 66.829002 -58.501999 -12.118996
v 65.399002 -57.151001 -14.437995
v 62.192001 -59.498001 -10.252995
v 61.028999 -57.876999 -12.547996
v 61.785999 -56.500000 -9.944097
v 60.141998 -61.344002 -8.973695
v 62.664001 -60.587002 -7.452795
v 62.835999 -62.444000 -9.855195
v 57.437000 -60.449001 -10.038995
v 57.588001 -62.259998 -7.600195
v 58.310001 -63.345001 -10.347995
v 54.651001 -59.285000 -10.400995
v 56.408001 -59.808998 -12.827995
v 57.099998 -57.554001 -10.907995
v 51.615002 -59.438999 -10.476995
v 52.987000 -56.830002 -9.728497
v 53.057999 -59.191002 -7.812196
v 48.661999 -59.935001 -11.007996
v 50.042999 -61.323002 -8.680895
v 50.692001 -62.136002 -11.537995
v 51.887001 -64.907997 -11.167995
v 53.577000 -62.667999 -12.341995
v 51.299999 -63.866001 -13.964995
v 51.066002 -67.786003 -11.708995
v 49.185001 -65.925003 -10.209995
v 51.737999 -66.903000 -8.877895
v 54.619999 -67.377998 -8.029696
v 53.320999 -69.198997 -10.090995
v 52.444000 -69.325996 -7.181495
v 55.012001 -70.525002 -6.079495
v 53.470001 -71.977997 -8.261194
v 52.334999 -71.820000 -5.444195
v 56.687000 -69.311996 -3.849895
v 57.810001 -69.489998 -6.670395
v 57.441002 -72.015999 -5.017995
v 58.737999 -67.966003 -2.052495
v 56.681000 -69.862000 -0.858995
v 55.813999 -67.140999 -1.906295
v 60.213001 -65.595001 -3.256095
v 61.589001 -68.300003 -3.057195
v 61.042999 -66.682999 -0.540085
v 63.436001 -65.134003 0.521105
v 62.306999 -67.467003 2.112205
v 60.730000 -64.876999 1.886705
v 66.283997 -64.172997 0.980155
v 64.001999 -62.166000 0.866445
v 64.892998 -63.599998 -1.662995
v 68.642998 -66.026001 0.478155
v 68.177002 -64.875000 3.254405
v 69.116997 -63.067001 0.997115
v 70.163002 -60.412998 -0.055531
v 72.112000 -62.553001 0.876785
v 70.394997 -61.071999 2.904005
v 69.472000 -57.558998 -0.848216
v 67.257004 -59.605999 -0.451876
v 69.115997 -59.821999 -2.849096
v 67.355003 -55.591000 -1.795196
v 69.990997 -54.567001 -0.675856
v 67.956001 -55.867001 1.173304
v 64.830002 -54.206001 -2.770596
v 64.866997 -57.226002 -2.416496
v 66.445000 -55.939999 -4.675896
v 64.203003 -51.701000 -4.377296
v 63.679001 -51.757000 -1.382196
v 61.938999 -53.396999 -3.261496
v 59.034000 -52.852001 -3.976296
v 59.723999 -54.200001 -1.338996
v 60.085999 -55.706001 -3.956496
v 56.269001 -52.379002 -5.151196
v 58.749001 -51.713001 -6.781296
v 58.014000 -50.014000 -4.367996
v 53.603001 -51.855999 -6.517396
v 53.669998 -52.887001 -3.656996
v 54.487000 -54.709999 -5.949696
v 50.866001 -51.196999 -7.667896
v 53.174000 -51.879002 -9.527996
v 53.171001 -49.243000 -8.011396
v 48.816002 -50.551998 -5.516596
v 48.472000 -53.025002 -7.252996
v 48.082001 -50.257999 -8.453297
v 45.615002 -48.824001 -7.401996
v 45.327000 -51.483002 -8.848597
v 46.118000 -48.987999 -10.396996
v 47.071999 -46.189999 -11.109996
v 49.088001 -48.438999 -10.752996
v 47.613998 -47.320999 -8.339296
v 48.082001 -44.344002 -8.913296
v 49.230999 -44.137001 -11.720997
v 49.875999 -46.551998 -9.989097
v 51.498001 -44.131001 -9.119698
v 52.644001 -46.077000 -11.156996
v 52.344002 -46.919998 -8.250196
v 51.941002 -45.651001 -5.516097
v 54.088001 -44.583000 -7.386497
v 54.431999 -47.304001 -6.072697
v 55.512001 -48.230000 -3.384696
v 57.372002 -46.916000 -5.400097
v 56.287998 -49.708000 -5.926196
v 56.305000 -49.466000 -0.721566
v 53.577999 -50.068001 -1.925396
v 54.173000 -47.299000 -0.817616
v 58.877998 -50.771999 0.236544
v 58.784000 -47.770000 -0.242506
v 58.687000 -49.689999 -2.599096
v 61.179001 -52.645000 0.906584
v 61.747002 -49.896999 -0.264836
v 60.492001 -52.057999 -1.997296
v 63.728001 -53.959000 1.918104
v 61.542000 -55.653999 0.654844
v 61.104000 -54.398998 3.390004
v 65.771004 -52.526001 3.657104
v 66.375000 -53.054001 0.723614
v 66.309998 -55.362999 2.702104
v 69.286003 -55.902000 3.016104
v 67.730003 -57.227001 0.764144
v 67.268997 -58.090000 3.643604
v 64.797997 -59.729000 4.322104
v 67.092003 -59.542000 6.310205
v 67.435997 -61.125999 3.736905
v 62.134998 -58.296001 4.000204
v 62.629002 -60.061001 6.427005
v 62.285999 -61.316002 3.678405
v 59.819000 -62.508999 2.358605
v 61.304001 -64.073997 4.501405
v 62.569000 -63.664001 1.766505
v 58.358002 -60.730000 0.370875
v 56.990002 -61.564999 2.955004
v 57.479000 -63.615002 0.761755
v 54.594002 -62.667999 0.579255
v 55.548000 -64.171997 3.044405
v 55.236000 -65.636002 0.396745
v 54.923000 -67.096001 3.045705
v 55.601002 -68.652000 0.522015
v 52.833000 -67.440002 0.863845
v 49.897999 -66.646004 0.908055
v 50.763000 -69.334000 2.037605
v 50.849998 -68.846001 -0.962975
v 51.988998 -71.492996 -1.936595
v 52.421001 -68.959999 -3.564295
v 49.653000 -70.210999 -3.403395
v 53.312000 -72.790001 0.474415
v 52.740002 -74.438004 -2.016294
v 50.445999 -73.500999 -0.252874
v 47.826000 -72.679001 1.053506
v 48.208000 -75.532997 0.076213
v 47.919998 -73.264999 -1.929095
v 45.159000 -73.184998 -3.201294
v 47.327000 -74.960999 -4.383394
v 47.530998 -71.936996 -4.636995
v 47.160000 -71.695999 -7.645795
v 49.912998 -71.296997 -6.416795
v 47.737000 -69.217003 -5.981695
v 48.382999 -66.329002 -6.681995
v 48.312000 -67.208000 -3.771695
v 45.729000 -67.017998 -5.365895
v 49.709999 -63.632000 -7.144995
v 47.340000 -64.473999 -8.854495
v 50.028000 -65.855003 -9.195695
v 52.612999 -62.738998 -6.994995
v 51.050999 -63.266998 -4.439895
v 50.391998 -60.840000 -6.150795
v 49.078999 -59.216999 -3.939395
v 48.640999 -58.453999 -6.850595
v 51.359001 -58.019001 -5.556396
v 53.928001 -56.910000 -6.747196
v 53.312000 -56.487999 -3.799096
v 51.696999 -55.018002 -5.915596
v 56.931000 -56.611000 -7.125296
v 55.020000 -55.590000 -9.259896
v 55.370998 -58.581001 -8.838195
v 59.952000 -56.264999 -7.142096
v 58.643002 -58.102001 -5.102696
v 58.299000 -55.089001 -4.875996
v 62.942001 -55.737000 -7.311296
v 60.993000 -53.930000 -8.788696
v 61.443001 -56.782001 -9.741796
v 65.732002 -54.612000 -6.862895
v 65.380997 -57.498001 -7.757796
v 64.596001 -56.674000 -4.937596
v 68.553001 -53.646000 -6.267196
v 66.166000 -51.901001 -5.556596
v 66.927002 -52.324001 -8.470596
v 71.114998 -55.273998 -6.460495
v 70.782997 -53.217999 -4.244096
v 71.146004 -52.306000 -7.122496
v 71.751999 -58.180000 -5.828296
v 73.794998 -56.456001 -7.276696
v 71.253998 -57.323002 -8.703495
v 68.806000 -58.705002 -5.281796
v 70.752998 -58.405998 -2.964596
v 70.864998 -60.875999 -4.735195
v 69.222000 -63.245998 -3.769395
v 72.217003 -63.547001 -4.200995
v 70.361000 -63.233002 -6.589195
v 67.573997 -65.624001 -2.832695
v 66.190002 -63.178001 -3.995195
v 67.514999 -63.020000 -1.262495
v 67.572998 -67.528999 -0.462605
v 68.487000 -68.501999 -3.195495
v 65.549004 -67.889000 -2.703195
v 62.655998 -66.963997 -2.863795
v 63.646999 -68.436996 -0.394625
v 63.316002 -69.928001 -3.024395
v 62.056000 -71.570999 -0.796355
v 63.675999 -72.947998 -2.970294
v 60.958000 -71.751999 -3.626595
v 58.340000 -73.225998 -4.096294
v 60.776001 -73.875000 -5.797094
v 59.341999 -71.216003 -6.146295
v 55.438999 -72.323997 -3.950495
v 56.618999 -74.018997 -1.717694
v 56.098000 -75.250999 -4.448895
v 54.361000 -76.415001 -6.656894
v 53.525002 -76.712997 -3.747994
v 55.915001 -78.264999 -4.810394
v 58.933998 -78.619003 -4.692594
v 57.108002 -81.040001 -4.460194
v 57.256001 -79.024002 -2.188394
v 56.334999 -76.722000 -0.427654
v 57.507000 -79.227997 0.835466
v 54.764000 -79.325996 -0.472344
v 52.092999 -79.914001 -1.803794
v 52.542999 -80.679001 1.104906
v 53.980000 -82.195000 -1.105794
v 56.534000 -83.573997 -0.198144
v 55.650002 -83.767998 -3.101494
v 54.091999 -85.228996 -0.936584
v 56.139999 -82.876999 2.735706
v 58.669998 -82.003998 1.291806
v 58.220001 -84.943001 1.929806
v 53.342999 -83.981003 3.188807
v 53.980000 -81.101997 3.933906
v 55.146999 -83.389000 5.564206
v 51.292000 -84.894997 1.137706
v 51.297001 -86.106003 3.927106
v 53.537998 -86.764000 1.979507
v 56.044998 -87.750000 0.569047
v 54.201000 -89.732002 1.954507
v 55.884998 -87.811996 3.605307
v 54.723999 -87.415001 6.388206
v 57.337002 -86.058998 5.622607
v 57.245998 -89.073997 6.014407
v 52.198002 -89.084000 6.103507
v 52.033001 -86.247002 7.186907
v 53.294998 -88.445000 8.867106
v 53.595001 -91.712997 5.486307
v 51.613998 -90.541000 3.498807
v 50.624001 -91.685997 6.136407
v 55.097000 -91.727997 8.130707
v 56.636002 -91.693001 5.508007
v 55.125999 -94.194000 6.351807
v 54.751999 -89.719002 10.388006
v 55.544998 -92.587997 11.013006
v 52.734001 -91.966003 10.031007
v 51.512001 -94.397003 8.672407
v 49.875000 -91.855003 9.001707
v 50.550999 -93.554001 11.432007
v 53.022999 -96.842003 7.679007
v 50.346001 -96.102997 6.440407
v 50.459999 -97.185997 9.279808
v 53.303001 -96.056999 10.604008
v 52.221001 -98.801003 9.862708
v 50.542000 -96.316002 9.356208
v 52.143002 -96.584000 13.365007
v 52.737000 -93.735001 12.484007
v 55.022999 -95.650002 13.078008
v 51.602001 -99.564003 13.636007
v 49.285000 -97.621002 13.320007
v 50.881001 -97.675003 15.908008
v 54.186001 -100.730003 14.741008
v 53.252998 -101.480003 11.945007
v 51.749001 -102.510002 14.379007
v 54.761002 -98.116997 16.191008
v 54.910000 -100.760002 17.694008
v 52.216000 -99.666000 16.800007
v 49.629002 -101.260002 16.934008
v 49.549999 -98.219002 17.018007
v 50.632999 -99.778000 19.394007
v 50.810001 -104.059998 16.891008
v 48.807999 -103.220001 14.761007
v 47.887001 -103.650002 17.627008
v 51.530998 -104.269997 19.838007
v 53.719002 -104.349998 17.728008
v 51.813000 -106.699997 18.028008
v 49.709999 -105.209999 22.085007
v 50.122002 -102.230003 21.604008
v 52.386002 -103.919998 22.735008
v 49.844002 -107.379997 24.213007
v 47.960999 -107.680000 21.845007
v 47.375999 -105.610001 23.993008
v 46.424999 -103.260002 25.668007
v 44.465000 -105.440002 24.856009
v 45.549999 -103.510002 22.766008
v 46.105999 -101.589996 20.479008
v 43.250000 -102.430000 21.094007
v 45.201000 -104.430000 19.888008
v 43.076000 -106.190002 18.604008
v 45.784000 -107.360001 19.332008
v 45.551998 -105.400002 17.025007
v 40.261002 -106.279999 19.750008
v 40.699001 -106.650002 16.764008
v 41.130001 -103.919998 18.037008
v 42.480999 -101.239998 17.528008
v 39.554001 -101.339996 18.347008
v 40.389999 -102.290001 15.581008
v 37.813999 -101.980003 13.995008
v 39.834999 -104.110001 13.213008
v 40.470001 -101.169998 12.752007
v 40.305000 -98.501999 11.306007
v 41.266998 -100.980003 9.823407
v 43.016998 -99.709999 11.963008
v 39.487999 -96.705002 13.620008
v 37.778999 -96.820999 11.107008
v 40.507999 -95.481003 11.029008
v 39.255001 -98.038002 16.343008
v 39.966000 -95.086998 16.150007
v 41.980999 -97.196999 15.290008
v 43.852001 -95.721001 13.400007
v 44.374001 -98.637001 14.088008
v 44.797001 -96.480003 16.190008
v 42.599998 -92.959000 13.619007
v 42.888000 -94.287003 10.898006
v 45.353001 -93.286003 12.370007
v 40.471001 -92.508003 15.744007
v 42.270000 -90.211998 14.883007
v 43.412998 -92.510002 16.515007
v 46.394001 -92.692001 15.938006
v 45.147999 -94.458000 18.077007
v 45.421001 -91.466003 18.546007
v 46.661999 -90.358002 14.006006
v 47.466999 -93.156998 13.131006
v 49.150002 -91.660004 15.174006
v 46.264999 -87.972000 15.850007
v 44.221001 -88.573997 13.680007
v 46.978001 -87.532997 12.926006
v 45.266998 -87.601997 18.698006
v 47.384998 -85.732002 17.574005
v 48.085999 -88.625000 18.196007
v 49.750999 -91.134003 18.622007
v 48.520000 -89.703003 21.007008
v 50.828999 -88.428001 19.494007
v 53.146999 -90.372002 19.808008
v 52.050999 -88.907997 22.237007
v 53.616001 -87.384003 20.121006
v 56.006001 -87.000999 18.280006
v 55.765999 -89.528000 19.954008
v 56.373001 -86.866997 21.296005
v 56.783001 -86.882004 24.309006
v 57.098999 -84.292999 22.744005
v 59.162998 -86.508003 22.453005
v 61.481998 -85.081001 21.098005
v 61.466000 -88.115997 21.286005
v 61.895000 -86.440002 23.787006
v 62.285999 -88.098000 26.307005
v 62.276001 -85.060997 26.471006
v 64.609001 -86.505997 25.158007
v 67.285004 -87.178001 26.436007
v 66.658997 -84.310997 25.637005
v 67.153000 -86.413002 23.496006
v 70.189003 -87.952003 25.971006
v 68.064003 -90.111000 26.241007
v 68.888000 -88.476997 28.670008
v 67.723000 -88.544998 31.478008
v 68.151001 -85.882004 30.074005
v 70.542999 -87.500999 31.027006
v 64.880997 -88.516998 32.560009
v 65.658997 -86.656998 30.284006
v 66.732002 -86.162003 33.087009
v 63.311001 -88.725998 35.157009
v 64.192001 -91.249001 33.706009
v 62.002998 -89.500999 32.523006
v 60.905998 -90.938004 30.077007
v 59.623001 -88.347000 31.021006
v 59.300999 -90.889000 32.660007
v 58.508999 -91.592003 35.511009
v 57.486000 -93.269997 33.190006
v 56.443001 -90.443001 33.598007
v 57.935001 -92.764000 38.258007
v 58.585999 -89.806999 37.972008
v 60.757000 -91.890999 37.537006
v 58.911999 -95.123001 39.909008
v 56.466999 -95.424004 38.126007
v 56.313000 -93.724998 40.644009
v 53.726002 -92.188004 41.090008
v 53.674000 -95.221001 40.867008
v 54.257999 -93.525002 38.410007
v 54.529999 -90.204002 38.930008
v 52.907001 -89.268997 41.326008
v 51.620998 -91.042999 39.217007
v 49.910999 -91.831001 36.829006
v 49.272999 -89.297997 38.387009
v 48.773998 -92.022003 39.643009
v 49.354000 -94.526001 35.536007
v 51.771999 -92.897003 34.672009
v 48.971001 -91.966003 33.940006
v 48.944000 -89.150002 32.793007
v 46.464001 -90.898003 32.590008
v 48.924999 -91.552002 30.928007
v 50.291000 -93.352997 28.893007
v 49.997002 -90.377998 28.335007
v 47.549999 -92.181999 28.290009
v 49.984001 -96.162003 27.770008
v 52.198002 -95.555000 29.765007
v 52.351002 -94.443001 26.939007
v 55.283001 -93.745003 27.344007
v 53.647999 -92.278000 25.242008
v 54.398998 -95.195000 24.821007
v 53.931999 -96.253998 22.009008
v 55.173000 -98.052002 24.124008
v 56.764000 -95.724998 22.984007
v 59.500000 -96.916000 23.573008
v 59.126999 -93.898003 23.554008
v 59.007999 -95.460999 20.948008
v 58.601002 -93.514999 18.646008
v 59.033001 -96.472000 18.080008
v 61.332001 -94.768997 19.113008
v 63.105000 -93.237999 17.173008
v 63.334000 -96.264000 17.379007
v 64.311996 -94.505997 19.660007
v 66.420998 -92.646004 20.818008
v 67.263000 -95.084999 19.208008
v 66.052002 -95.433998 21.975008
v 68.263000 -96.999001 23.357008
v 65.627998 -98.360001 22.686008
v 65.739998 -96.262001 24.885008
v 63.102001 -95.523003 26.206007
v 65.667999 -94.124001 27.046007
v 65.218002 -97.041000 27.778008
v 64.487000 -98.074997 30.543007
v 67.352997 -97.262001 29.932007
v 66.186996 -99.778000 28.683008
v 61.953999 -99.699997 30.981009
v 62.083000 -96.806000 31.906008
v 63.701000 -98.936996 33.351009
v 65.781998 -98.213997 35.447006
v 65.181000 -101.129997 34.845009
v 63.125999 -99.426003 36.297009
v 60.929001 -101.300003 37.250008
v 60.574001 -98.291000 37.502007
v 62.577999 -99.739998 39.272007
v 62.261002 -100.510002 42.198009
v 61.855000 -97.621002 41.331009
v 64.642998 -98.835999 41.314007
v 66.959999 -101.139999 40.413006
v 65.108002 -103.550003 40.544006
v 68.098999 -103.949997 40.175007
v 66.431000 -102.790001 37.913006
v 67.769997 -102.870003 35.184006
v 65.427002 -100.989998 35.674007
v 64.967003 -104.000000 35.536007
v 63.181000 -104.309998 33.094009
v 62.025002 -104.690002 35.881008
v 63.946999 -106.750000 34.739006
v 64.091003 -103.129997 30.441008
v 61.124001 -103.349998 31.068008
v 62.751999 -105.860001 30.515007
v 66.586998 -103.180000 28.703007
v 65.675003 -100.580002 29.976007
v 64.068001 -101.800003 27.705008
v 63.701000 -100.699997 24.895008
v 61.757000 -99.920998 27.101007
v 61.742001 -102.750000 25.990007
v 65.616997 -101.830002 22.823008
v 65.658997 -98.861000 23.468008
v 63.310001 -100.050003 21.949007
v 64.249001 -99.123001 19.210007
v 62.424000 -97.350998 20.877008
v 61.341999 -99.906998 19.635008
v 59.083000 -97.911003 20.033009
v 60.278999 -99.350998 22.430008
v 58.574001 -100.879997 20.432007
v 57.259998 -100.500000 23.148008
v 59.951000 -101.910004 22.943008
v 57.438999 -103.279999 21.919008
v 54.277000 -100.570000 23.740007
v 55.701000 -97.903999 23.396008
v 56.228001 -99.601997 25.863008
v 55.223999 -98.432999 28.485008
v 58.193001 -98.959999 28.093008
v 56.262001 -101.290001 28.392008
v 53.773998 -101.029999 29.140007
v 52.756001 -99.237999 26.900007
v 52.480999 -98.351997 29.796007
v 51.258999 -100.400002 27.909008
v 49.790001 -97.802002 28.492008
v 50.027000 -99.931999 30.650007
v 49.966000 -100.800003 33.563007
v 47.554001 -101.300003 31.778008
v 48.252998 -98.464996 32.637009
v 46.096001 -97.385002 30.785007
v 48.356998 -95.570999 31.706007
v 46.219002 -96.458000 33.679008
v 44.238998 -99.786003 30.965008
v 45.605000 -99.113998 28.332008
v 43.390999 -97.321999 29.398008
v 44.012001 -100.330002 33.948009
v 44.243999 -102.650002 31.995008
v 41.691002 -101.000000 32.100006
v 45.292999 -100.910004 36.645008
v 42.331001 -100.239998 36.481007
v 44.410000 -98.080002 35.956009
v 43.330002 -95.345001 36.734009
v 46.115002 -95.596001 35.540009
v 45.570000 -96.612000 38.354008
v 48.167000 -96.098000 39.852009
v 46.820999 -98.820000 40.031006
v 45.560001 -96.407997 41.388008
v 49.888000 -94.894997 42.051006
v 49.311001 -93.300003 39.527008
v 51.151001 -95.718002 39.410007
v 53.686001 -97.350998 39.014008
v 53.462002 -94.572998 37.798008
v 51.810001 -96.863998 36.671009
v 56.424000 -98.648003 38.750008
v 53.955002 -100.379997 39.157009
v 54.993999 -98.649002 41.434006
v 58.331001 -99.962997 36.779007
v 59.291000 -99.242996 39.574009
v 58.714001 -97.046997 37.550007
v 60.881001 -95.116997 38.460007
v 58.376999 -94.057999 37.097008
v 60.438000 -95.616997 35.493008
v 62.299999 -94.441002 33.396008
v 59.570999 -95.507004 32.581009
v 61.759998 -97.432999 33.444008
v 65.122002 -93.745003 34.292007
v 63.181999 -91.532997 33.522007
v 64.315002 -93.374001 31.383007
v 66.558998 -93.219002 29.336008
v 64.393997 -91.084000 29.384008
v 63.731998 -93.900002 28.445007
v 68.260002 -95.669998 28.746008
v 69.428001 -93.355003 30.334007
v 68.864998 -93.029999 27.363008
v 69.556999 -91.195999 25.038008
v 71.675003 -93.042000 26.201008
v 70.702003 -90.646004 27.801008
v 70.140999 -89.024002 22.992008
v 68.403000 -88.406998 25.410006
v 67.347000 -90.207001 23.198008
v 65.210999 -91.690002 24.775007
v 66.231003 -92.834000 22.148008
v 64.496002 -90.335999 22.147007
v 63.334999 -89.635002 19.425007
v 62.592999 -87.981003 21.867006
v 61.548000 -90.821999 21.581007
v 59.917999 -91.675003 24.003008
v 60.432999 -93.647003 21.746008
v 58.556000 -91.293999 21.311008
v 56.584000 -92.740997 19.503008
v 56.667999 -89.700996 19.537008
v 55.581001 -91.219002 21.938007
v 54.995998 -89.263000 24.191008
v 55.019001 -92.253998 24.742008
v 52.775002 -91.028000 23.095007
v 50.439999 -92.797997 22.280008
v 50.386002 -89.822998 21.649008
v 50.103001 -90.773003 24.525007
v 47.605999 -90.963997 26.249008
v 48.743000 -88.239998 25.516006
v 50.230000 -90.032997 27.472008
v 44.889000 -91.199997 27.595007
v 47.084999 -93.202003 28.241007
v 45.738998 -93.250000 25.515007
v 42.328999 -89.681000 26.974009
v 43.460999 -89.663002 29.796007
v 42.226002 -92.204002 28.669008
v 43.346001 -88.055000 24.614006
v 40.355999 -88.417000 25.035006
v 42.063000 -90.773003 24.148008
v 43.375999 -93.477997 24.602007
v 41.535999 -93.060997 22.216007
v 40.382999 -93.149002 25.029007
v 38.637001 -93.450996 27.500008
v 37.693001 -94.554001 24.828007
v 37.808998 -91.547997 25.276007
v 37.460999 -90.723000 22.370008
v 37.783001 -88.601997 24.525007
v 35.222000 -90.233002 24.369007
v 37.441002 -93.570000 21.301008
v 39.480000 -91.569000 20.259008
v 36.543999 -91.272003 19.523008
v 38.827000 -96.276001 21.391008
v 35.966999 -96.065002 20.379007
v 36.568001 -95.657997 23.332008
v 36.911999 -96.906998 26.084007
v 39.278999 -95.584000 24.708008
v 38.182999 -98.216003 23.651007
v 36.573002 -98.269997 28.782007
v 38.806000 -96.247002 28.370008
v 38.948002 -98.964996 27.014008
v 41.917000 -99.554001 26.717007
v 39.957001 -100.519997 24.600008
v 39.976002 -101.809998 27.353008
v 39.313999 -103.400002 29.860008
v 40.297001 -104.830002 27.365007
v 37.518002 -103.599998 27.414007
v 35.458000 -101.680000 26.265007
v 35.016998 -104.680000 26.066008
v 37.185001 -103.349998 24.401007
v 39.466999 -105.260002 23.776007
v 39.418999 -102.489998 22.525007
v 37.411999 -104.589996 21.635008
v 41.178001 -106.360001 26.034008
v 40.905998 -107.919998 23.433008
v 38.540001 -107.699997 25.331007
v 36.109001 -108.669998 23.782007
v 35.907001 -108.180000 26.776007
v 37.515999 -110.540001 25.728008
v 36.013000 -107.209999 21.116007
v 33.610001 -108.820000 22.056007
v 36.147999 -110.250000 21.182007
v 38.147999 -111.989998 19.694008
v 35.265999 -111.830002 18.738008
v 35.930000 -113.279999 21.327007
vn -0.3940 0.7417 -0.5428
vn -0.0680 0.2255 0.9719
vn 0.9614 -0.1200 -0.2478
vn -0.4993 -0.8472 -0.1812
vn 0.5730 0.2162 0.7905
vn 0.1420 0.6871 -0.7125
vn -0.9613 -0.0007 0.2755
vn 0.2462 -0.9025 -0.3534
vn -0.4758 0.8264 -0.3012
vn 0.5768 0.2157 0.7879
vn 0.5697 -0.3468 -0.7451
vn -0.6706 -0.6954 0.2583
vn 0.5034 0.8634 -0.0342
vn -0.8857 0.1479 0.4401
vn 0.5246 -0.6712 0.5236
vn -0.1422 -0.3399 -0.9296
vn 0.1837 -0.0359 0.9823
vn -0.0511 0.9541 -0.2950
vn -0.8688 -0.4558 -0.1934
vn 0.7364 -0.4623 -0.4940
vn 0.6763 0.2123 -0.7053
vn -0.8820 0.3972 -0.2536
vn 0.2988 0.3826 0.8743
vn -0.0931 -0.9921 0.0847
vn -0.7072 -0.7023 -0.0818
vn -0.2879 0.6871 0.6671
vn 0.1404 0.4366 -0.8887
vn 0.8547 -0.4214 0.3032
vn 0.8024 0.1956 0.5638
vn -0.4496 0.8578 -0.2490
vn -0.6374 -0.5731 0.5151
vn 0.2846 -0.4803 -0.8296
vn 0.2029 0.2471 -0.9475
vn -0.9711 0.1526 0.1837
vn 0.5488 0.5645 0.6166
vn 0.2195 -0.9645 0.1472
vn -0.2794 -0.5056 0.8163
vn -0.2742 0.9574 0.0909
vn -0.4399 -0.3975 -0.8052
vn 0.9933 -0.0542 -0.1020
vn 0.1697 0.5239 -0.8347
vn -0.9773 0.0172 0.2112
vn 0.5120 0.4049 0.7575
vn 0.2955 -0.9459 -0.1343
vn -0.4361 -0.7902 0.4305
vn -0.1930 0.8210 0.5373
vn -0.3590 0.1156 -0.9261
vn 0.9884 -0.1461 -0.0416
vn 0.5846 -0.0562 0.8093
vn -0.1048 0.9572 -0.2697
vn -0.8977 -0.3873 0.2099
vn 0.4179 -0.5137 -0.7493
vn 0.5617 0.0813 -0.8233
vn -0.8255 0.5547 -0.1036
vn 0.5204 0.3210 0.7913
vn -0.2567 -0.9569 0.1357
vn -0.3585 0.2044 0.9109
vn 0.2737 0.8506 -0.4489
vn -0.7080 -0.4507 -0.5436
vn 0.7927 -0.6041 0.0816
vn 0.6278 -0.1327 -0.7670
vn -0.8294 0.4558 -0.3229
vn 0.4407 0.5651 0.6975
vn -0.2388 -0.8882 0.3925
vn -0.8770 -0.1521 0.4558
vn 0.1514 0.9821 -0.1119
vn -0.0100 -0.4403 -0.8978
vn 0.7358 -0.3896 0.5540
vn -0.8257 0.0826 -0.5580
vn -0.0382 0.6583 0.7518
vn 0.8040 0.1858 -0.5649
vn 0.0599 -0.9266 0.3712
vn -0.8499 0.4807 0.2156
vn -0.1041 -0.9719 0.2110
vn 0.7463 0.3813 0.5456
vn 0.2076 0.1098 -0.9720
vn -0.4188 -0.2657 0.8683
vn -0.6201 -0.2246 -0.7517
vn 0.8612 -0.4940 -0.1197
vn 0.1778 0.9841 0.0030
vn 0.5045 -0.2895 -0.8134
vn -0.4396 -0.7941 0.4198
vn -0.6972 0.6680 -0.2602
vn 0.6323 0.4154 0.6540
vn -0.4388 0.1416 0.8874
vn -0.6879 -0.2752 -0.6716
vn 0.6923 -0.7170 0.0810
vn 0.4342 0.8505 -0.2967
vn 0.1064 0.7149 -0.6910
vn -0.1096 -0.8858 -0.4510
vn -0.8076 0.1928 0.5573
vn 0.8110 -0.0219 0.5846
vn -0.2389 -0.6990 0.6741
vn -0.6843 0.0075 -0.7292
vn 0.8986 -0.2043 -0.3883
vn 0.0245 0.8960 0.4434
vn -0.7686 0.6298 0.1122
vn 0.2945 0.0003 -0.9556
vn -0.2845 -0.9225 0.2610
vn 0.7585 0.2925 0.5823
vn 0.8497 0.5013 -0.1631
vn 0.0562 -0.9006 -0.4311
vn -0.7674 0.5089 -0.3901
vn -0.1385 -0.1096 0.9843
vn 0.4976 0.0360 -0.8667
vn 0.5858 -0.4017 0.7039
vn -0.8212 -0.5599 -0.1100
vn -0.2621 0.9257 0.2726
vn 0.5833 -0.8116 -0.0330
vn 0.5465 0.8118 -0.2058
vn -0.3970 0.0881 0.9136
vn -0.7326 -0.0882 -0.6749
vn 0.9560 0.0888 0.2797
vn -0.0419 -0.3023 -0.9523
vn -0.4569 0.8851 0.0891
vn -0.4572 -0.6715 0.5832
vn 0.7282 0.4009 -0.5560
vn 0.2761 -0.9118 0.3040
vn -0.8356 -0.0694 -0.5450
vn -0.1686 0.5804 0.7967
vn 0.5313 -0.5049 -0.6803
vn 0.6144 0.3617 0.7012
vn -0.6662 -0.6129 0.4249
vn -0.4794 0.7560 -0.4457
vn 0.7797 -0.5150 0.3562
vn 0.3131 0.6290 -0.7115
vn -0.4229 0.5200 0.7421
vn -0.6697 -0.6340 -0.3867
vn 0.9060 0.4117 0.0978
vn 0.0539 -0.7800 -0.6235
vn -0.6361 0.6780 -0.3684
vn -0.3239 -0.3097 0.8940
vn 0.6277 0.0747 -0.7748
vn 0.4101 -0.5759 0.7072
vn -0.8596 -0.4091 -0.3062
vn -0.1783 0.9103 0.3736
vn 0.5241 -0.7918 -0.3138
vn 0.6198 0.7688 0.1578
vn -0.4713 -0.2288 0.8518
vn -0.6725 0.2517 -0.6960
vn 0.8853 -0.3337 0.3239
vn 0.0710 0.2511 -0.9654
vn -0.2695 0.8015 0.5338
vn -0.6868 -0.7188 0.1077
vn 0.3608 0.9284 -0.0890
vn 0.7078 -0.6584 -0.2561
vn -0.7908 -0.1097 -0.6021
vn -0.2777 -0.1604 0.9472
vn 0.6708 0.4235 -0.6089
vn 0.3248 0.0558 0.9441
vn -0.1217 -0.9594 -0.2544
vn -0.8736 0.4798 -0.0809
vn 0.5169 -0.8373 0.1785
vn 0.6331 0.7670 -0.1046
vn -0.6178 0.1797 0.7656
vn -0.5323 -0.1096 -0.8395
vn 0.0394 0.3516 -0.9353
vn -0.1124 0.7617 0.6381
vn 0.8479 -0.4872 0.2089
vn -0.7748 -0.6260 0.0884
vn 0.5134 0.8433 -0.1587
vn -0.9445 0.1225 -0.3047
vn 0.0097 -0.2174 0.9760
vn 0.4214 -0.7482 -0.5125
vn -0.3254 0.9339 0.1480
vn 0.1401 -0.1531 -0.9782
vn -0.6788 -0.6483 0.3450
vn 0.8643 -0.1326 0.4852
vn -0.9148 0.0157 -0.4037
vn 0.5339 0.7674 -0.3549
vn 0.4536 -0.8594 -0.2360
vn -0.0728 0.0765 0.9944
vn -0.2303 0.3178 -0.9198
vn -0.5159 0.5287 0.6740
vn 0.9796 0.1222 0.1594
vn -0.2335 -0.9685 0.0864
vn 0.6807 0.6284 0.3765
vn -0.6668 0.5148 -0.5388
vn -0.4681 -0.4714 0.7475
vn 0.4541 -0.6716 -0.5854
vn 0.0208 -0.3449 -0.9384
vn -0.9434 0.0075 0.3314
vn 0.3683 0.9295 0.0215
vn 0.5542 -0.5919 0.5853
vn -0.2652 -0.9152 0.3035
vn -0.2255 0.6655 0.7115
vn -0.4937 0.2290 -0.8390
vn 0.9841 0.0208 -0.1762
vn -0.8330 -0.0802 0.5474
vn 0.7832 -0.3148 0.5363
vn 0.1370 0.9558 -0.2601
vn -0.0871 -0.5605 -0.8235
vn -0.0818 0.2017 0.9760
vn -0.3187 -0.9314 -0.1759
vn 0.9569 0.0829 -0.2783
vn -0.5562 0.6468 -0.5219
vn 0.2469 -0.7167 0.6522
vn -0.9195 0.3353 0.2052
vn 0.0194 -0.3725 -0.9278
vn 0.6531 0.7540 0.0704
vn -0.6758 -0.6695 0.3085
vn 0.3551 0.5028 0.7881
vn -0.4309 0.6394 -0.6368
vn 0.7518 -0.4728 -0.4597
vn -0.6756 0.0966 0.7309
vn 0.5719 -0.8008 0.1782
vn 0.5737 0.8184 -0.0338
vn -0.4698 -0.1140 -0.8754
vn 0.2807 -0.1291 0.9511
vn -0.7966 -0.5730 -0.1929
vn 0.7513 -0.2581 -0.6074
vn -0.2355 0.9601 -0.1508
vn -0.0297 -0.8513 0.5238
vn -0.5688 0.6884 0.4501
vn -0.3448 -0.1651 -0.9240
vn 0.9434 0.3280 -0.0499
vn -0.9144 -0.2083 0.3472
vn 0.6684 -0.1076 0.7360
vn 0.0227 0.9417 -0.3358
vn 0.2232 -0.6259 -0.7473
vn -0.3478 0.2458 0.9048
vn 0.0501 -0.9957 -0.0785
vn 0.9122 0.3906 -0.1240
vn -0.6146 0.3593 -0.7022
vn 0.9018 -0.2503 0.3524
vn -0.7014 -0.2609 0.6633
vn -0.1644 -0.4763 -0.8638
vn -0.0361 0.9877 -0.1520
vn -0.7203 0.6935 -0.0130
vn -0.4128 -0.9087 0.0627
vn 0.5941 0.1511 0.7901
vn 0.5392 0.0639 -0.8397
vn 0.0463 -0.4612 -0.8861
vn 0.2765 -0.6350 0.7213
vn -0.9369 0.3069 0.1675
vn 0.6141 0.7892 -0.0026
vn -0.0021 0.4180 0.9084
vn -0.6481 -0.7613 -0.0181
vn 0.9174 -0.3386 -0.2092
vn -0.2673 0.6817 -0.6810
vn -0.3355 -0.2808 -0.8992
vn 0.3972 -0.7890 0.4687
vn -0.7592 0.3617 0.5412
vn 0.6975 0.7080 -0.1105
vn 0.4602 0.2938 0.8378
vn -0.6741 -0.7052 0.2200
vn 0.6745 -0.3711 -0.6382
vn -0.4605 0.7823 -0.4194
vn -0.9246 0.0303 -0.3798
vn 0.3886 -0.9106 -0.1409
vn -0.0353 0.1994 0.9793
vn 0.5712 0.6808 -0.4585
vn 0.3893 -0.0007 -0.9211
vn 0.5944 -0.5195 0.6139
vn -0.9068 -0.4210 -0.0211
vn -0.0769 0.9414 0.3285
vn 0.4126 0.0245 -0.9106
vn 0.5767 0.5067 0.6408
vn -0.0816 -0.9494 0.3034
vn -0.9078 0.4180 -0.0336
vn 0.1073 -0.0178 0.9941
vn 0.8818 0.2003 -0.4270
vn -0.6607 0.7073 -0.2513
vn -0.3285 -0.8901 -0.3159
vn 0.2444 -0.7293 -0.6390
vn 0.0263 0.8805 -0.4733
vn 0.6509 0.0099 0.7591
vn -0.9216 -0.1612 0.3532
vn -0.4715 0.7922 0.3875
vn 0.9757 0.2017 -0.0860
vn -0.3789 -0.2047 -0.9025
vn -0.1256 -0.7893 0.6011
vn 0.0316 0.8034 0.5946
vn 0.5003 -0.7524 0.4285
vn 0.4197 0.2205 -0.8805
vn -0.9517 -0.2717 -0.1428
vn -0.3764 -0.9236 -0.0731
vn 0.9386 0.0057 -0.3450
vn -0.0046 0.2870 0.9579
vn -0.5575 0.6307 -0.5398
vn 0.0104 0.2707 -0.9626
vn 0.7855 0.4040 0.4687
vn 0.0489 -0.9966 0.0663
vn -0.8448 0.3216 0.4276
vn 0.1131 0.3300 -0.9372
vn -0.2361 0.7665 0.5973
vn 0.8544 -0.4153 0.3123
vn -0.7315 -0.6813 0.0277
vn 0.3027 0.2532 0.9188
vn -0.0124 0.8128 -0.5825
vn -0.9196 -0.3901 0.0477
vn 0.6292 -0.6759 -0.3838
vn 0.9577 -0.2448 -0.1510
vn -0.4128 0.2807 -0.8665
vn -0.0522 0.7547 0.6540
vn -0.4926 -0.7907 0.3635
vn -0.1560 0.5356 0.8299
vn 0.3150 0.6040 -0.7321
vn -0.8532 -0.4422 -0.2765
vn 0.6940 -0.6974 0.1788
vn 0.5265 0.4873 -0.6967
vn -0.9113 -0.2078 -0.3555
vn -0.0831 0.5720 0.8160
vn 0.4680 -0.8515 0.2363
vn -0.3776 0.9025 -0.2073
vn 0.0272 -0.5500 -0.8347
vn -0.5759 -0.4542 0.6797
vn 0.9264 0.1018 0.3624
vn 0.6260 -0.7672 -0.1398
vn -0.9439 -0.3245 -0.0616
vn 0.1605 0.6934 -0.7024
vn 0.1575 0.3980 0.9038
vn -0.6406 0.6250 0.4461
vn -0.3476 -0.2434 -0.9055
vn 0.0979 -0.8275 0.5528
vn 0.8902 0.4460 -0.0934
vn 0.6168 -0.6249 -0.4786
vn -0.8357 -0.4867 0.2544
vn -0.2300 0.7663 -0.5999
vn 0.4488 0.3450 0.8243
vn -0.1287 -0.0904 0.9876
vn -0.8756 0.2172 -0.4315
vn 0.3500 -0.8603 -0.3707
vn 0.6542 0.7333 -0.1853
vn -0.0654 0.1825 -0.9810
vn -0.5701 -0.7884 0.2312
vn -0.3155 0.8004 0.5097
vn 0.9510 -0.1945 0.2403
vn 0.0277 -0.3780 -0.9254
vn 0.1523 -0.7321 0.6639
vn -0.8942 0.4170 0.1630
vn 0.7140 0.6932 0.0984
vn -0.0613 0.2533 0.9654
vn -0.2522 -0.9615 -0.1089
vn 0.9367 0.1374 -0.3220
vn -0.6232 0.5708 -0.5347
vn 0.3960 -0.0158 -0.9181
vn 0.7186 -0.1636 0.6759
vn -0.6967 -0.7135 0.0747
vn -0.4180 0.8928 0.1676
vn -0.3066 0.1071 0.9458
vn 0.5610 -0.8242 -0.0773
vn 0.5408 0.7975 -0.2674
vn -0.7952 -0.0802 -0.6010
vn -0.0088 -0.5414 -0.8407
vn 0.9254 0.3395 0.1683
vn -0.2903 -0.5715 0.7675
vn -0.6264 0.7736 -0.0951
vn 0.0592 0.8951 0.4420
vn 0.6239 -0.6370 0.4528
vn 0.2533 0.0867 -0.9635
vn -0.9362 -0.3446 0.0688
vn 0.0014 -0.9265 -0.3763
vn 0.9382 0.3433 0.0441
vn -0.3931 -0.0144 0.9194
vn -0.5463 0.5975 -0.5870
vn 0.0109 0.9408 0.3388
vn 0.4856 -0.5917 0.6435
vn 0.4498 -0.0382 -0.8923
vn -0.9462 -0.3110 -0.0899
vn -0.2510 -0.9670 0.0432
vn 0.9865 0.0824 -0.1412
vn -0.2524 0.4485 0.8574
vn -0.4830 0.4363 -0.7592
vn 0.3155 0.9488 0.0161
vn 0.5245 -0.5369 0.6608
vn 0.1306 -0.3790 -0.9161
vn -0.9704 -0.0330 0.2392
vn 0.5147 0.8565 0.0395
vn 0.0900 -0.4835 0.8707
vn 0.3600 -0.5717 -0.7373
vn -0.9647 0.1986 -0.1729
vn -0.0755 -0.2220 -0.9721
vn 0.2151 -0.8294 0.5155
vn -0.8672 0.3782 0.3240
vn 0.7275 0.6732 0.1325
vn -0.3575 -0.6275 0.6917
vn -0.7038 0.6691 -0.2387
vn 0.2597 -0.5160 -0.8163
vn 0.8018 0.4746 0.3631
vn -0.5655 0.0842 0.8204
vn -0.4045 0.5369 -0.7404
vn 0.0495 -0.9606 -0.2735
vn 0.9205 0.3395 0.1935
vn -0.4761 -0.8224 0.3115
vn -0.6609 0.6388 -0.3939
vn 0.6767 -0.2490 -0.6928
vn 0.4603 0.4325 0.7753
vn -0.2080 0.8960 0.3922
vn 0.2090 0.1021 -0.9726
vn -0.7900 -0.6032 0.1096
vn 0.7890 -0.3950 0.4706
vn 0.3859 -0.7875 -0.4804
vn -0.7587 0.3759 -0.5321
vn 0.7056 0.6993 0.1144
vn -0.3329 -0.2877 0.8980
vn -0.2810 0.1426 0.9490
vn -0.3841 0.7235 -0.5736
vn -0.3330 -0.8882 -0.3165
vn 0.9980 0.0219 -0.0589
vn 0.0440 0.3840 0.9223
vn -0.3246 0.6992 -0.6370
vn -0.6299 -0.7767 -0.0080
vn 0.9106 -0.3064 -0.2774
vn 0.4213 0.1260 -0.8981
vn -0.9881 -0.1102 -0.1077
vn 0.1859 0.7999 0.5706
vn 0.3810 -0.8157 0.4353
vn -0.4449 -0.3605 0.8198
vn -0.4101 0.8792 -0.2427
vn -0.1208 -0.6439 -0.7555
vn 0.9759 0.1254 0.1784
vn -0.0436 0.3123 0.9490
vn 0.2035 0.7759 -0.5971
vn -0.8792 -0.3991 -0.2604
vn 0.7190 -0.6890 -0.0914
vn -0.4226 0.8075 0.4116
vn 0.9936 0.0576 0.0973
vn -0.2380 -0.0429 -0.9703
vn -0.3330 -0.8222 0.4616
vn 0.1790 0.1131 -0.9773
vn 0.3633 0.7871 0.4985
vn 0.4439 -0.8348 0.3258
vn -0.9860 -0.0656 0.1530
vn -0.5771 0.4153 0.7032
vn 0.8996 -0.2053 0.3853
vn 0.1021 0.6355 -0.7653
vn -0.4248 -0.8456 -0.3232
vn 0.6291 -0.2894 -0.7214
vn 0.3667 0.8108 0.4561
vn -0.1058 -0.7381 0.6663
vn -0.8900 0.2168 -0.4011
vn 0.0892 0.0803 -0.9928
vn 0.2571 0.8660 0.4288
vn 0.6013 -0.7272 0.3312
vn -0.9475 -0.2193 0.2329
vn -0.5116 0.7766 0.3676
vn 0.9748 0.1256 0.1844
vn -0.1477 -0.0589 -0.9873
vn -0.3155 -0.8433 0.4352
vn 0.1734 0.6805 -0.7119
vn 0.1268 0.4187 0.8992
vn 0.6380 -0.7627 -0.1055
vn -0.9382 -0.3363 -0.0819
vn 0.8456 0.1789 0.5029
vn -0.4085 0.8672 -0.2847
vn -0.6404 -0.4924 0.5895
vn 0.2033 -0.5536 -0.8076
vn -0.3318 0.7427 0.5816
vn 0.8997 0.2393 -0.3650
vn -0.6392 -0.1425 -0.7557
vn 0.0715 -0.8393 0.5389
vn 0.2106 0.9605 -0.1821
vn 0.3653 -0.2574 0.8946
vn 0.4156 -0.5723 -0.7069
vn -0.9914 -0.1308 -0.0055
vn -0.1839 0.8718 0.4540
vn -0.2938 -0.7517 0.5904
vn 0.9802 -0.0813 -0.1807
vn -0.5025 -0.0385 -0.8637
vn -0.9813 0.1397 0.1322
vn 0.1868 -0.9772 -0.1013
vn 0.4969 0.3541 0.7923
vn 0.2975 0.4834 -0.8233
vn 0.9725 -0.2285 -0.0453
vn -0.4523 -0.5982 0.6615
vn -0.4143 -0.1259 -0.9014
vn -0.1059 0.9526 0.2851
vn -0.6243 0.4202 0.6585
vn -0.4536 -0.7735 -0.4427
vn 0.8190 -0.3214 0.4754
vn 0.2589 0.6747 -0.6912
vn -0.0586 0.3475 -0.9358
vn 0.2948 -0.9554 -0.0172
vn -0.8975 0.0639 0.4363
vn 0.6613 0.5438 0.5167
vn 0.6585 -0.3645 0.6585
vn -0.8006 -0.5982 -0.0363
vn 0.4235 0.0455 -0.9047
vn -0.2814 0.9170 0.2827
vn 0.4710 -0.8541 0.2207
vn -0.7271 0.1618 0.6672
vn -0.3964 -0.0650 -0.9158
vn 0.6526 0.7572 0.0280
vn -0.0315 0.8904 0.4541
vn -0.8689 -0.1676 -0.4657
vn 0.1569 -0.7159 0.6804
vn 0.7434 -0.0071 -0.6689
vn 0.0843 -0.7667 -0.6365
vn -0.8032 -0.1354 0.5801
vn -0.1004 0.8513 -0.5150
vn 0.8192 0.0505 0.5713
vn -0.0592 0.5928 0.8032
vn -0.8643 0.0314 -0.5020
vn 0.1823 -0.9391 0.2913
vn 0.7413 0.3150 -0.5926
vn 0.0359 0.2920 -0.9557
vn -0.5741 -0.8150 0.0783
vn -0.3858 0.7342 0.5587
vn 0.9239 -0.2113 0.3189
vn -0.0441 -0.4279 0.9027
vn -0.9175 0.2821 -0.2805
vn 0.3641 -0.6552 -0.6619
vn 0.5974 0.8010 0.0397
vn -0.4008 -0.7008 0.5901
vn -0.3841 0.8930 0.2345
vn -0.2062 -0.2110 -0.9555
vn 0.9912 0.0189 0.1310
vn 0.3895 0.2765 0.8785
vn 0.1222 0.7365 -0.6653
vn -0.9754 -0.1893 0.1125
vn 0.4640 -0.8237 -0.3259
vn -0.1123 -0.3414 -0.9332
vn -0.1722 0.9849 0.0176
vn 0.9330 -0.1808 0.3112
vn -0.6484 -0.4627 0.6045
vn 0.1640 0.2726 0.9480
vn 0.7756 0.2794 -0.5660
vn -0.8328 0.4411 -0.3344
vn -0.1067 -0.9931 -0.0477
vn 0.0591 -0.4010 -0.9142
vn 0.0277 0.9971 -0.0711
vn 0.7707 -0.3162 0.5533
vn -0.8574 -0.2799 0.4319
vn -0.6396 0.5993 0.4814
vn 0.9379 0.2701 0.2175
vn -0.1491 0.0770 -0.9858
vn -0.1493 -0.9462 0.2869
vn 0.0780 0.0712 -0.9944
vn 0.2556 0.8719 0.4176
vn 0.6097 -0.7200 0.3315
vn -0.9433 -0.2234 0.2454
vn -0.6308 0.7506 0.1967
vn 0.8288 0.1086 0.5488
vn 0.2393 0.0111 -0.9709
vn -0.4375 -0.8705 0.2254
vn 0.2749 -0.6988 0.6604
vn 0.8131 0.3806 -0.4405
vn -0.4952 0.7289 0.4727
vn -0.5930 -0.4107 -0.6926
vn 0.0028 0.1685 -0.9857
vn 0.2823 0.8301 0.4810
vn 0.6362 -0.7415 0.2131
vn -0.9213 -0.2571 0.2917
vn 0.7784 0.0280 -0.6271
vn -0.5049 0.8613 -0.0569
vn 0.3297 -0.1321 0.9348
vn -0.6032 -0.7571 -0.2509
vn 0.1047 0.9683 0.2268
vn 0.0253 -0.1144 -0.9931
vn -0.8753 -0.3319 0.3516
vn 0.7451 -0.5222 0.4148
vn -0.5596 0.3505 -0.7510
vn 0.9139 0.4029 -0.0487
vn 0.0703 -0.9949 -0.0729
vn -0.4247 0.2412 0.8726
vn 0.4303 0.0809 -0.8990
vn -0.3406 0.8950 0.2881
vn 0.6719 -0.3300 0.6631
vn -0.7616 -0.6460 -0.0521
vn 0.5219 0.8257 -0.2141
vn -0.7893 -0.0632 -0.6107
vn -0.3147 0.0413 0.9483
vn 0.5820 -0.8037 -0.1235
vn -0.4455 0.8558 -0.2631
vn 0.6719 -0.2539 -0.6957
vn -0.6868 -0.7225 0.0794
vn 0.4604 0.1204 0.8795
vn -0.2655 0.2962 -0.9175
vn 0.7033 0.6141 0.3581
vn 0.3609 -0.9316 -0.0419
vn -0.7987 0.0211 0.6013
vn 0.5748 0.3597 -0.7350
vn -0.6285 0.7131 0.3107
vn 0.5775 -0.2910 0.7628
vn -0.5237 -0.7818 -0.3385
vn 0.3847 0.9222 0.0391
vn -0.5196 -0.1089 -0.8474
vn -0.6057 -0.1419 0.7829
vn 0.7407 -0.6714 0.0253
vn -0.5089 0.7967 -0.3260
vn 0.8449 -0.0939 -0.5265
vn -0.5578 -0.8219 -0.1155
vn 0.2218 0.1191 0.9678
vn -0.1249 0.3476 -0.9293
vn 0.4643 0.6905 0.5546
vn 0.5532 -0.8326 -0.0271
vn -0.8924 -0.2053 0.4017
vn 0.7428 0.4994 -0.4459
vn -0.8522 0.5143 -0.0966
vn 0.2113 -0.1156 0.9706
vn -0.1018 -0.8980 -0.4280
vn -0.0066 0.9999 0.0094
vn 0.0089 -0.3245 -0.9459
vn -0.8176 -0.3432 0.4624
vn 0.8154 -0.3324 0.4740
vn -0.5436 0.5840 -0.6028
vn 0.9652 0.2504 -0.0753
vn -0.1184 -0.9564 -0.2670
vn -0.3031 0.1221 0.9451
vn 0.3313 0.3279 -0.8847
vn -0.1847 0.7806 0.5971
vn 0.6945 -0.5840 0.4203
vn -0.8410 -0.5244 -0.1327
vn 0.4697 0.5657 -0.6778
vn -0.9063 0.3815 0.1819
vn 0.5312 -0.0159 0.8471
vn -0.0945 -0.9314 -0.3515
vn 0.9293 -0.3692 0.0101
vn -0.5536 -0.5085 -0.6595
vn 0.0277 0.9648 -0.2616
vn -0.4035 -0.0870 0.9108
vn -0.9244 0.0772 -0.3736
vn 0.6219 0.5787 -0.5276
vn 0.3031 -0.9514 -0.0542
vn -0.0006 0.2956 0.9553
vn 0.0518 -0.0998 -0.9937
vn -0.3354 0.9146 0.2259
vn 0.9092 -0.1291 0.3958
vn -0.6258 -0.6858 0.3716
vn 0.5102 0.7728 -0.3775
vn -0.7994 -0.1841 -0.5719
vn -0.2982 0.2194 0.9289
vn 0.5877 -0.8088 0.0209
vn -0.4788 0.5042 -0.7187
vn 0.9679 -0.0809 -0.2381
vn -0.3999 -0.9122 0.0888
vn -0.0896 0.4885 0.8679
vn -0.0676 0.0258 -0.9974
vn 0.4717 0.8204 0.3233
vn 0.5142 -0.8111 0.2788
vn -0.9178 -0.0348 0.3955
vn 0.7497 0.3251 -0.5764
vn -0.8190 0.5443 -0.1815
vn 0.2554 0.0929 0.9624
vn -0.1862 -0.9611 -0.2040
vn 0.0848 0.9951 0.0502
vn 0.2346 -0.3080 -0.9220
vn -0.9405 -0.2664 0.2111
vn 0.6219 -0.4201 0.6609
vn -0.7782 0.0062 -0.6280
vn 0.6600 0.6975 -0.2791
vn 0.4382 -0.8986 -0.0208
vn -0.3188 0.1938 0.9278
vn 0.4102 0.6513 0.6383
vn 0.7220 -0.4612 -0.5157
vn -0.6012 0.4873 -0.6333
vn -0.5313 -0.6777 0.5084
vn 0.7996 0.5278 -0.2866
vn 0.2178 -0.5065 0.8343
vn -0.2521 -0.6422 -0.7239
vn -0.7638 0.6208 0.1768
vn 0.9538 -0.2998 -0.0198
vn -0.0925 0.7736 0.6269
vn -0.5797 -0.7531 0.3110
vn -0.2802 0.2803 -0.9181
vn -0.3478 -0.2411 0.9060
vn 0.9812 0.1842 0.0579
vn -0.4732 0.8151 -0.3342
vn -0.1591 -0.7602 -0.6299
vn 0.3182 0.4774 0.8191
vn 0.0865 -0.9871 0.1350
vn 0.5536 0.2786 -0.7848
vn -0.9584 0.2301 -0.1691
vn 0.7176 -0.4609 -0.5221
vn 0.2676 0.0479 0.9623
vn -0.8549 -0.5123 -0.0824
vn -0.1316 0.9247 -0.3574
vn -0.1122 0.9250 0.3630
vn -0.4527 -0.6526 0.6077
vn 0.9738 -0.2196 -0.0594
vn -0.4096 -0.0543 -0.9106
vn -0.9411 -0.2042 -0.2694
vn 0.5152 -0.8529 0.0849
vn -0.0008 0.4765 0.8792
vn 0.4266 0.5805 -0.6935
vn -0.5303 -0.7501 0.3952
vn 0.0169 -0.0924 -0.9956
vn 0.9349 -0.0304 0.3537
vn -0.4215 0.8727 0.2464
vn 0.1107 -0.8963 -0.4293
vn -0.9712 0.2361 0.0325
vn 0.4928 0.6878 -0.5330
vn 0.3676 -0.0278 0.9296
vn -0.5613 -0.2839 -0.7774
vn -0.0542 -0.6914 0.7204
vn -0.3349 0.8743 0.3513
vn 0.9503 0.1006 -0.2945
vn -0.9022 -0.4175 0.1083
vn 0.5765 -0.5931 -0.5620
vn 0.4220 0.1200 0.8986
vn -0.0960 0.8905 -0.4448
vn -0.0439 -0.9853 0.1651
vn -0.6574 0.2484 -0.7114
vn 0.9221 0.2476 -0.2973
vn -0.2208 0.4894 0.8437
vn -0.1758 -0.7064 -0.6856
vn -0.6977 -0.0484 0.7147
vn -0.0291 0.9004 -0.4341
vn 0.9025 -0.1459 0.4053
vn -0.9301 -0.1649 -0.3282
vn 0.4061 -0.8637 0.2983
vn -0.0263 0.6392 0.7686
vn 0.5504 0.3892 -0.7386
vn -0.5078 -0.5781 0.6387
vn -0.1256 -0.3420 -0.9313
vn 0.9720 -0.0192 0.2341
vn -0.3386 0.9391 0.0584
vn -0.3407 -0.9402 0.0028
vn -0.7171 0.6133 -0.3310
vn 0.7969 0.0639 -0.6008
vn 0.2608 0.2629 0.9289
vn 0.4171 0.1240 -0.9003
vn -0.8230 -0.5611 -0.0881
vn -0.2438 0.8923 0.3799
vn 0.6501 -0.4551 0.6086
vn 0.1931 0.0722 -0.9785
vn -0.6470 -0.7460 0.1577
vn -0.3951 0.8587 0.3263
vn 0.8491 -0.1851 0.4947
vn -0.1750 0.9843 -0.0224
vn -0.5009 -0.4444 -0.7427
vn -0.3037 -0.3729 0.8768
vn 0.9796 -0.1671 -0.1118
vn 0.1372 -0.9903 -0.0236
vn -0.9709 0.1990 0.1331
vn 0.3069 0.3994 -0.8639
vn 0.5267 0.3917 0.7544
vn -0.2492 0.8484 0.4670
vn -0.4799 -0.0517 -0.8758
vn -0.2579 -0.7816 0.5680
vn 0.9871 -0.0151 -0.1592
vn 0.2630 -0.7868 -0.5584
vn -0.9892 -0.0111 0.1461
vn 0.2581 0.8440 -0.4703
vn 0.4681 -0.0461 0.8825
vn -0.3904 0.1671 0.9054
vn -0.4611 0.5777 -0.6735
vn -0.1247 -0.9616 -0.2446
vn 0.9762 0.2166 0.0125
vn 0.2913 0.9029 0.3160
vn -0.1514 0.0255 -0.9881
vn -0.8497 -0.2563 0.4607
vn 0.7097 -0.6721 0.2114
vn -0.9218 -0.0542 -0.3838
vn 0.5925 0.5070 -0.6260
vn 0.3623 -0.9233 0.1279
vn -0.0331 0.4703 0.8819
vn -0.2592 -0.7025 -0.6627
vn 0.7343 0.5622 -0.3804
vn 0.3163 -0.4370 0.8420
vn -0.7915 0.5771 0.2011
vn -0.3199 0.9401 -0.1177
vn 0.8557 0.0012 0.5174
vn 0.1534 -0.4149 -0.8969
vn -0.6894 -0.5267 0.4973
vn 0.4484 -0.8439 0.2946
vn 0.6217 0.5210 -0.5849
vn -0.2405 0.5473 0.8016
vn -0.8296 -0.2245 -0.5112
vn 0.8011 -0.5937 0.0761
vn -0.3084 0.0234 -0.9510
vn 0.2411 0.9246 0.2950
vn -0.7338 -0.3544 0.5796
vn -0.9723 0.2028 -0.1166
vn 0.5435 0.6713 -0.5039
vn 0.1939 -0.9163 -0.3504
vn 0.2351 0.0422 0.9711
vn 0.5047 0.6255 0.5950
vn 0.5873 -0.2865 -0.7570
vn -0.8082 0.4640 -0.3625
vn -0.2836 -0.8029 0.5244
vn 0.1260 -0.0749 0.9892
vn 0.4115 -0.7929 -0.4495
vn 0.4396 0.8355 -0.3296
vn -0.9772 0.0322 -0.2100
vn 0.1552 -0.7557 -0.6363
vn 0.8457 0.1972 0.4959
vn -0.7163 -0.2535 0.6501
vn -0.2845 0.8120 -0.5096
vn 0.6019 0.5229 -0.6036
vn -0.0086 0.4200 0.9075
vn 0.3339 -0.9399 0.0711
vn -0.9271 -0.0030 -0.3748
vn -0.9505 0.0492 0.3070
vn 0.5537 -0.4505 0.7004
vn 0.3481 0.9243 -0.1565
vn 0.0485 -0.5232 -0.8508
vn 0.9999 0.0036 -0.0148
vn -0.3217 0.3545 0.8780
vn -0.3319 -0.9352 -0.1235
vn -0.3462 0.5771 -0.7397
vn 0.8812 0.1698 0.4412
vn -0.5907 0.7983 0.1172
vn -0.4331 -0.7993 0.4166
vn 0.1424 -0.1689 -0.9753
vn -0.5325 0.3637 -0.7643
vn -0.6146 -0.2340 0.7533
vn 0.6560 0.6896 0.3069
vn 0.4912 -0.8193 -0.2958
vn 0.1466 -0.8790 0.4538
vn -0.2574 0.6869 0.6796
vn -0.7318 -0.0909 -0.6754
vn 0.8427 0.2831 -0.4579
vn -0.0568 0.9374 -0.3436
vn -0.9111 -0.3124 0.2690
vn 0.6092 -0.0283 0.7925
vn 0.3586 -0.5968 -0.7178
vn -0.2833 -0.8603 -0.4238
vn -0.2191 -0.0209 0.9755
vn -0.4832 0.7604 -0.4340
vn 0.9856 0.1211 -0.1176
vn 0.2469 0.7611 0.5998
vn -0.9872 -0.1529 0.0453
vn 0.4794 -0.8264 0.2955
vn 0.2610 0.2181 -0.9404
vn -0.1682 0.8428 0.5113
vn -0.6934 -0.1010 -0.7134
vn -0.0452 -0.7818 0.6219
vn 0.9068 0.0401 -0.4197
vn -0.6718 0.3580 0.6485
vn -0.0213 0.5457 -0.8377
vn -0.2198 -0.9513 -0.2162
vn 0.9129 0.0475 0.4055
vn 0.4258 0.8572 0.2896
vn 0.3660 -0.2695 -0.8907
vn -0.9895 0.1263 -0.0701
vn 0.1979 -0.7142 0.6713
vn -0.3953 -0.8665 -0.3047
vn -0.1532 0.6999 -0.6976
vn 0.9825 -0.1148 0.1464
vn -0.4338 0.2817 0.8559
vn -0.2018 0.9337 0.2958
vn 0.7111 0.0194 -0.7028
vn -0.8280 -0.4171 -0.3749
vn 0.3187 -0.5358 0.7819
vn 0.5226 -0.8451 -0.1131
vn -0.3460 0.2996 -0.8891
vn 0.5917 0.7092 0.3833
vn -0.7682 -0.1636 0.6189
vn -0.3940 0.9160 0.0752
vn 0.7098 -0.0009 -0.7044
vn -0.7162 -0.6523 -0.2481
vn 0.4011 -0.2638 0.8772
vn 0.6589 -0.7511 0.0421
vn -0.4170 0.0269 -0.9085
vn 0.4687 0.8653 0.1777
vn -0.7109 -0.1416 0.6889
vn -0.9712 -0.1825 -0.1532
vn 0.3078 0.7150 -0.6278
vn 0.5262 -0.8347 -0.1626
vn 0.1375 0.3024 0.9432
vn -0.7789 0.5865 -0.2223
vn 0.1176 -0.0364 0.9924
vn 0.8280 0.3712 -0.4202
vn -0.1665 -0.9218 -0.3500
vn 0.3883 -0.8957 0.2168
vn 0.6351 0.7157 0.2906
vn -0.8704 0.1110 0.4796
vn -0.1514 0.0683 -0.9861
vn -0.2237 0.9738 0.0400
vn 0.1872 -0.3369 0.9227
vn 0.8079 -0.1333 -0.5740
vn -0.7712 -0.5041 -0.3886
vn 0.0195 0.9110 0.4119
vn -0.7010 -0.5537 0.4494
vn 0.8933 -0.4351 0.1129
vn -0.2116 0.0774 -0.9743
vn -0.3056 -0.8574 -0.4142
vn 0.5573 -0.1992 0.8061
vn -0.7948 0.5431 0.2707
vn 0.5445 0.5151 -0.6620
vn 0.5766 0.7836 0.2314
vn -0.4743 -0.3196 0.8203
vn 0.5691 -0.7378 -0.3631
vn -0.6715 0.2739 -0.6885
vn -0.5837 -0.8058 -0.1003
vn 0.6775 -0.1653 0.7167
vn -0.5606 0.7899 0.2487
vn 0.4677 0.1813 -0.8651
vn 0.2190 -0.9446 -0.2446
vn 0.7999 0.4292 0.4195
vn -0.7615 0.0074 0.6481
vn -0.2572 0.5083 -0.8219
vn -0.2472 -0.0873 -0.9650
vn 0.6689 0.7355 0.1081
vn 0.3951 -0.8606 0.3214
vn -0.8176 0.2121 0.5354
vn 0.4678 0.8778 0.1035
vn 0.5610 -0.6112 -0.5583
vn -0.8834 0.1408 -0.4471
vn -0.1450 -0.4079 0.9015
vn 0.0901 -0.9348 0.3435
vn -0.1941 -0.0229 -0.9807
vn 0.8529 0.4969 0.1598
vn -0.7481 0.4611 0.4772
vn 0.1153 0.9229 -0.3673
vn 0.6728 -0.6111 -0.4169
vn -0.9217 -0.3282 -0.2066
vn 0.1337 0.0163 0.9909
vn 0.4309 -0.0130 0.9023
vn 0.5788 -0.4879 -0.6534
vn -0.1157 0.9467 -0.3006
vn -0.8944 -0.4443 0.0510
vn 0.5906 -0.7084 0.3864
vn 0.4631 0.4351 -0.7721
vn -0.1986 0.6865 0.6994
vn -0.8550 -0.4130 -0.3138
vn 0.7492 0.6303 0.2035
vn 0.3751 -0.8905 -0.2575
vn -0.5455 0.3633 -0.7553
vn -0.5779 -0.1028 0.8096
vn 0.5435 -0.2747 -0.7932
vn 0.6096 0.2228 0.7608
vn -0.6045 -0.7508 0.2662
vn -0.5487 0.8026 -0.2338
vn 0.7742 -0.5798 0.2537
vn 0.3187 0.7435 -0.5879
vn -0.4145 0.3825 0.8258
vn -0.6785 -0.5460 -0.4914
vn 0.9962 0.0310 0.0815
vn -0.2495 -0.3281 -0.9111
vn -0.3750 0.9166 0.1386
vn -0.3718 -0.6193 0.6915
vn 0.9023 0.1870 -0.3884
vn -0.2137 -0.9710 -0.1073
vn -0.6885 0.5469 -0.4763
vn -0.0003 0.2365 0.9716
vn -0.6761 -0.4360 0.5940
vn -0.3833 0.1095 -0.9171
vn 0.8198 -0.5706 -0.0473
vn 0.2397 0.8974 0.3704
vn 0.5203 -0.3096 -0.7958
vn -0.8790 -0.4759 0.0291
vn -0.1565 0.9854 -0.0668
vn 0.5149 -0.1998 0.8336
vn 0.1708 -0.9145 0.3667
vn -0.8173 0.3841 0.4295
vn -0.1390 -0.0580 -0.9886
vn 0.7854 0.5884 0.1923
vn 0.3853 0.3959 0.8336
vn -0.6221 0.6576 -0.4248
vn -0.5018 -0.8343 0.2283
vn 0.7389 -0.2193 -0.6372
vn -0.1229 -0.0577 -0.9907
vn -0.8909 -0.0579 0.4505
vn 0.4346 0.8703 0.2319
vn 0.5798 -0.7540 0.3086
vn -0.5911 0.2779 -0.7573
vn -0.2816 -0.9014 0.3289
vn -0.0755 0.6650 0.7430
vn 0.9482 -0.0412 -0.3150
vn 0.6581 -0.7524 0.0285
vn -0.4487 0.0843 0.8897
vn -0.6866 -0.1840 -0.7034
vn 0.4773 0.8521 -0.2149
vn -0.3989 0.9042 0.1529
vn -0.6887 -0.7027 0.1785
vn 0.7765 -0.1303 0.6165
vn 0.3109 -0.0713 -0.9478
vn 0.2942 -0.9344 -0.2008
vn -0.3143 0.0543 0.9478
vn -0.7475 0.2533 -0.6140
vn 0.7676 0.6269 -0.1330
vn 0.5466 0.5399 0.6401
vn -0.9713 0.1745 0.1615
vn 0.1913 -0.9721 0.1361
vn 0.2334 0.2578 -0.9376
vn -0.6177 -0.2492 -0.7459
vn -0.3155 -0.4234 0.8492
vn 0.0100 0.9942 0.1069
vn 0.9232 -0.3217 -0.2101
vn -0.2696 -0.7154 -0.6446
vn 0.3452 -0.4202 0.8392
vn -0.7923 0.5711 0.2147
vn 0.7168 0.5645 -0.4094
vn 0.2464 -0.6988 -0.6715
vn 0.8134 0.2677 0.5164
vn -0.6867 -0.3678 0.6271
vn -0.3730 0.7988 -0.4720
vn -0.2200 0.8415 0.4934
vn 0.7116 -0.4997 0.4939
vn 0.3278 0.2273 -0.9170
vn -0.8193 -0.5691 -0.0703
vn 0.2147 -0.9198 -0.3284
vn 0.7759 0.6062 -0.1748
vn -0.1835 -0.0314 0.9825
vn -0.8071 0.3451 -0.4790
vn -0.1715 0.9597 0.2226
vn 0.8366 -0.3035 0.4561
vn 0.1049 -0.0992 -0.9895
vn -0.7702 -0.5569 0.3109
vn 0.0963 -0.8257 0.5558
vn 0.6800 -0.0106 -0.7332
vn 0.1413 0.8066 0.5739
vn -0.9175 0.0298 -0.3966
vn -0.2289 0.7049 -0.6714
vn 0.9760 0.0467 0.2129
vn -0.2163 -0.9010 -0.3759
vn -0.5306 0.1496 0.8343
vn 0.2900 -0.6886 0.6646
vn 0.4421 -0.1784 -0.8791
vn 0.2611 0.9087 0.3258
vn -0.9929 -0.0417 -0.1115
vn -0.5689 0.0162 -0.8222
vn 0.8404 0.5161 -0.1658
vn 0.2296 -0.9463 0.2277
vn -0.5011 0.4137 0.7601
vn 0.3174 0.5882 0.7438
vn 0.7737 -0.5121 -0.3730
vn -0.4057 0.5626 -0.7203
vn -0.6853 -0.6389 0.3496
vn 0.5367 0.8144 -0.2205
vn 0.4819 -0.5402 0.6899
vn -0.1258 -0.5497 -0.8258
vn -0.8927 0.2758 0.3563
vn 0.8954 -0.4372 0.0847
vn -0.0212 0.8275 0.5610
vn -0.7102 -0.6316 0.3109
vn -0.1639 0.2414 -0.9565
vn 0.1629 0.2397 0.9571
vn 0.7822 0.2869 -0.5531
vn -0.8250 0.4633 -0.3237
vn -0.1202 -0.9895 -0.0802
vn 0.5032 0.7402 0.4460
vn 0.4411 -0.8738 0.2049
vn -0.0031 0.1475 -0.9891
vn -0.9409 -0.0141 0.3383
vn 0.9918 -0.0232 -0.1254
vn -0.2104 0.2397 0.9478
vn -0.3838 -0.8994 -0.2094
vn -0.3976 0.6830 -0.6128
vn 0.6375 -0.2748 0.7198
vn 0.1560 0.9593 -0.2352
vn -0.9388 -0.1153 0.3246
vn 0.1452 -0.5694 -0.8092
vn 0.6626 0.3612 0.6561
vn 0.3395 0.1430 -0.9297
vn -0.8732 0.4743 0.1123
vn -0.1292 -0.9784 0.1612
vn -0.2400 0.8724 0.4259
vn 0.4424 0.1695 -0.8807
vn -0.8289 -0.5410 -0.1419
vn 0.6269 -0.5007 0.5969
vn -0.5350 -0.7252 -0.4336
vn -0.6113 0.7347 0.2943
vn 0.6641 0.3612 -0.6545
vn 0.4823 -0.3708 0.7937
vn 0.1303 0.1636 0.9779
vn 0.1198 0.8567 -0.5018
vn -0.9224 -0.3522 -0.1587
vn 0.6726 -0.6683 -0.3178
vn -0.5481 0.7642 0.3400
vn 0.9441 0.1016 0.3137
vn -0.0203 -0.0061 -0.9998
vn -0.3747 -0.8604 0.3455
vn 0.6864 0.7271 -0.0155
vn -0.4785 0.0121 0.8780
vn 0.4486 -0.8852 -0.1230
vn -0.6573 0.1457 -0.7395
vn 0.5146 0.3603 0.7780
vn -0.5880 0.7190 -0.3706
vn -0.5629 -0.7705 0.2992
vn 0.6362 -0.3084 -0.7072
vn -0.4748 0.5942 0.6492
vn 0.7962 0.4785 -0.3702
vn -0.6210 -0.2397 -0.7463
vn 0.2980 -0.8321 0.4679
vn -0.2678 0.9478 -0.1732
vn 0.4880 -0.0542 0.8712
vn 0.5965 -0.3181 -0.7369
vn -0.8175 -0.5746 0.0389
vn 0.9990 0.0441 -0.0118
vn -0.3646 0.8111 0.4573
vn -0.2917 -0.8194 0.4935
vn -0.3433 -0.0356 -0.9386
vn 0.2375 0.7744 -0.5864
vn -0.9533 0.0825 0.2907
vn 0.5945 -0.0043 0.8041
vn 0.1214 -0.8524 -0.5085
s 0
f 1826//2429 1829//2429 1827//2429
f 1826//2430 1827//2430 1828//2430
f 1826//2431 1828//2431 1829//2431
f 1829//2432 1828//2432 1827//2432
f 1829//2433 1830//2433 1831//2433
f 1829//2434 1831//2434 1832//2434
f 1829//2435 1832//2435 1830//2435
f 1830//2436 1832//2436 1831//2436
f 1830//2437 1835//2437 1833//2437
f 1830//2438 1833//2438 1834//2438
f 1830//2439 1834//2439 1835//2439
f 1835//2440 1834//2440 1833//2440
f 1835//2441 1838//2441 1836//2441
f 1835//2442 1836//2442 1837//2442
f 1835//2443 1837//2443 1838//2443
f 1838//2444 1837//2444 1836//2444
f 1838//2445 1841//2445 1839//2445
f 1838//2446 1839//2446 1840//2446
f 1838//2447 1840//2447 1841//2447
f 1841//2448 1840//2448 1839//2448
f 1841//2449 1844//2449 1842//2449
f 1841//2450 1842//2450 1843//2450
f 1841//2451 1843//2451 1844//2451
f 1844//2452 1843//2452 1842//2452
f 1844//2453 1845//2453 1846//2453
f 1844//2454 1846//2454 1847//2454
f 1844//2455 1847//2455 1845//2455
f 1845//2456 1847//2456 1846//2456
f 1845//2457 1848//2457 1849//2457
f 1845//2458 1849//2458 1850//2458
f 1845//2459 1850//2459 1848//2459
f 1848//2460 1850//2460 1849//2460
f 1848//2461 1851//2461 1852//2461
f 1848//2462 1852//2462 1853//2462
f 1848//2463 1853//2463 1851//2463
f 1851//2464 1853//2464 1852//2464
f 1851//2465 1854//2465 1855//2465
f 1851//2466 1855//2466 1856//2466
f 1851//2467 1856//2467 1854//2467
f 1854//2468 1856//2468 1855//2468
f 1854//2469 1857//2469 1858//2469
f 1854//2470 1858//2470 1859//2470
f 1854//2471 1859//2471 1857//2471
f 1857//2472 1859//2472 1858//2472
f 1857//2473 1862//2473 1860//2473
f 1857//2474 1860//2474 1861//2474
f 1857//2475 1861//2475 1862//2475
f 1862//2476 1861//2476 1860//2476
f 1862//2477 1863//2477 1864//2477
f 1862//2478 1864//2478 1865//2478
f 1862//2479 1865//2479 1863//2479
f 1863//2480 1865//2480 1864//2480
f 1863//2481 1866//2481 1867//2481
f 1863//2482 1867//2482 1868//2482
f 1863//2483 1868//2483 1866//2483
f 1866//2484 1868//2484 1867//2484
f 1866//2485 1871//2485 1869//2485
f 1866//2486 1869//2486 1870//2486
f 1866//2487 1870//2487 1871//2487
f 1871//2488 1870//2488 1869//2488
f 1871//2489 1872//2489 1873//2489
f 1871//2490 1873//2490 1874//2490
f 1871//2491 1874//2491 1872//2491
f 1872//2492 1874//2492 1873//2492
f 1872//2493 1877//2493 1875//2493
f 1872//2494 1875//2494 1876//2494
f 1872//2495 1876//2495 1877//2495
f 1877//2496 1876//2496 1875//2496
f 1877//2497 1878//2497 1879//2497
f 1877//2498 1879//2498 1880//2498
f 1877//2499 1880//2499 1878//2499
f 1878//2500 1880//2500 1879//2500
f 1881//2501 1884//2501 1882//2501
f 1881//2502 1882//2502 1883//2502
f 1881//2503 1883//2503 1884//2503
f 1884//2504 1883//2504 1882//2504
f 1884//2505 1887//2505 1885//2505
f 1884//2506 1885//2506 1886//2506
f 1884//2507 1886//2507 1887//2507
f 1887//2508 1886//2508 1885//2508
f 1887//2509 1888//2509 1889//2509
f 1887//2510 1889//2510 1890//2510
f 1887//2511 1890//2511 1888//2511
f 1888//2512 1890//2512 1889//2512
f 1888//2513 1893//2513 1891//2513
f 1888//2514 1891//2514 1892//2514
f 1888//2515 1892//2515 1893//2515
f 1893//2516 1892//2516 1891//2516
f 1893//2517 1894//2517 1895//2517
f 1893//2518 1895//2518 1896//2518
f 1893//2519 1896//2519 1894//2519
f 1894//2520 1896//2520 1895//2520
f 1894//2521 1897//2521 1898//2521
f 1894//2522 1898//2522 1899//2522
f 1894//2523 1899//2523 1897//2523
f 1897//2524 1899//2524 1898//2524
f 1897//2525 1902//2525 1900//2525
f 1897//2526 1900//2526 1901//2526
f 1897//2527 1901//2527 1902//2527
f 1902//2528 1901//2528 1900//2528
f 1902//2529 1903//2529 1904//2529
f 1902//2530 1904//2530 1905//2530
f 1902//2531 1905//2531 1903//2531
f 1903//2532 1905//2532 1904//2532
f 1903//2533 1906//2533 1907//2533
f 1903//2534 1907//2534 1908//2534
f 1903//2535 1908//2535 1906//2535
f 1906//2536 1908//2536 1907//2536
f 1906//2537 1911//2537 1909//2537
f 1906//2538 1909//2538 1910//2538
f 1906//2539 1910//2539 1911//2539
f 1911//2540 1910//2540 1909//2540
f 1911//2541 1914//2541 1912//2541
f 1911//2542 1912//2542 1913//2542
f 1911//2543 1913//2543 1914//2543
f 1914//2544 1913//2544 1912//2544
f 1914//2545 1915//2545 1916//2545
f 1914//2546 1916//2546 1917//2546
f 1914//2547 1917//2547 1915//2547
f 1915//2548 1917//2548 1916//2548
f 1915//2549 1920//2549 1918//2549
f 1915//2550 1918//2550 1919//2550
f 1915//2551 1919//2551 1920//2551
f 1920//2552 1919//2552 1918//2552
f 1920//2553 1923//2553 1921//2553
f 1920//2554 1921//2554 1922//2554
f 1920//2555 1922//2555 1923//2555
f 1923//2556 1922//2556 1921//2556
f 1923//2557 1926//2557 1924//2557
f 1923//2558 1924//2558 1925//2558
f 1923//2559 1925//2559 1926//2559
f 1926//2560 1925//2560 1924//2560
f 1926//2561 1927//2561 1928//2561
f 1926//2562 1928//2562 1929//2562
f 1926//2563 1929//2563 1927//2563
f 1927//2564 1929//2564 1928//2564
f 1927//2565 1930//2565 1931//2565
f 1927//2566 1931//2566 1932//2566
f 1927//2567 1932//2567 1930//2567
f 1930//2568 1932//2568 1931//2568
f 1930//2569 1935//2569 1933//2569
f 1930//2570 1933//2570 1934//2570
f 1930//2571 1934//2571 1935//2571
f 1935//2572 1934//2572 1933//2572
f 1935//2573 1936//2573 1937//2573
f 1935//2574 1937//2574 1938//2574
f 1935//2575 1938//2575 1936//2575
f 1936//2576 1938//2576 1937//2576
f 1936//2577 1939//2577 1940//2577
f 1936//2578 1940//2578 1941//2578
f 1936//2579 1941//2579 1939//2579
f 1939//2580 1941//2580 1940//2580
f 1939//2581 1942//2581 1943//2581
f 1939//2582 1943//2582 1944//2582
f 1939//2583 1944//2583 1942//2583
f 1942//2584 1944//2584 1943//2584
f 1942//2585 1947//2585 1945//2585
f 1942//2586 1945//2586 1946//2586
f 1942//2587 1946//2587 1947//2587
f 1947//2588 1946//2588 1945//2588
f 1947//2589 1950//2589 1948//2589
f 1947//2590 1948//2590 1949//2590
f 1947//2591 1949//2591 1950//2591
f 1950//2592 1949//2592 1948//2592
f 1950//2593 1951//2593 1952//2593
f 1950//2594 1952//2594 1953//2594
f 1950//2595 1953//2595 1951//2595
f 1951//2596 1953//2596 1952//2596
f 1951//2597 1954//2597 1955//2597
f 1951//2598 1955//2598 1956//2598
f 1951//2599 1956//2599 1954//2599
f 1954//2600 1956//2600 1955//2600
f 1954//2601 1959//2601 1957//2601
f 1954//2602 1957//2602 1958//2602
f 1954//2603 1958//2603 1959//2603
f 1959//2604 1958//2604 1957//2604
f 1959//2605 1962//2605 1960//2605
f 1959//2606 1960//2606 1961//2606
f 1959//2607 1961//2607 1962//2607
f 1962//2608 1961//2608 1960//2608
f 1962//2609 1963//2609 1964//2609
f 1962//2610 1964//2610 1965//2610
f 1962//2611 1965//2611 1963//2611
f 1963//2612 1965//2612 1964//2612
f 1963//2613 1966//2613 1967//2613
f 1963//2614 1967//2614 1968//2614
f 1963//2615 1968//2615 1966//2615
f 1966//2616 1968//2616 1967//2616
f 1966//2617 1971//2617 1969//2617
f 1966//2618 1969//2618 1970//2618
f 1966//2619 1970//2619 1971//2619
f 1971//2620 1970//2620 1969//2620
f 1971//2621 1974//2621 1972//2621
f 1971//2622 1972//2622 1973//2622
f 1971//2623 1973//2623 1974//2623
f 1974//2624 1973//2624 1972//2624
f 1974//2625 1977//2625 1975//2625
f 1974//2626 1975//2626 1976//2626
f 1974//2627 1976//2627 1977//2627
f 1977//2628 1976//2628 1975//2628
f 1977//2629 1980//2629 1978//2629
f 1977//2630 1978//2630 1979//2630
f 1977//2631 1979//2631 1980//2631
f 1980//2632 1979//2632 1978//2632
f 1980//2633 1981//2633 1982//2633
f 1980//2634 1982//2634 1983//2634
f 1980//2635 1983//2635 1981//2635
f 1981//2636 1983//2636 1982//2636
f 1981//2637 1984//2637 1985//2637
f 1981//2638 1985//2638 1986//2638
f 1981//2639 1986//2639 1984//2639
f 1984//2640 1986//2640 1985//2640
f 1984//2641 1989//2641 1987//2641
f 1984//2642 1987//2642 1988//2642
f 1984//2643 1988//2643 1989//2643
f 1989//2644 1988//2644 1987//2644
f 1989//2645 1990//2645 1991//2645
f 1989//2646 1991//2646 1992//2646
f 1989//2647 1992//2647 1990//2647
f 1990//2648 1992//2648 1991//2648
f 1990//2649 1995//2649 1993//2649
f 1990//2650 1993//2650 1994//2650
f 1990//2651 1994//2651 1995//2651
f 1995//2652 1994//2652 1993//2652
f 1995//2653 1998//2653 1996//2653
f 1995//2654 1996//2654 1997//2654
f 1995//2655 1997//2655 1998//2655
f 1998//2656 1997//2656 1996//2656
f 1998//2657 2001//2657 1999//2657
f 1998//2658 1999//2658 2000//2658
f 1998//2659 2000//2659 2001//2659
f 2001//2660 2000//2660 1999//2660
f 2001//2661 2002//2661 2003//2661
f 2001//2662 2003//2662 2004//2662
f 2001//2663 2004//2663 2002//2663
f 2002//2664 2004//2664 2003//2664
f 2002//2665 2005//2665 2006//2665
f 2002//2666 2006//2666 2007//2666
f 2002//2667 2007//2667 2005//2667
f 2005//2668 2007//2668 2006//2668
f 2005//2669 2008//2669 2009//2669
f 2005//2670 2009//2670 2010//2670
f 2005//2671 2010//2671 2008//2671
f 2008//2672 2010//2672 2009//2672
f 2008//2673 2013//2673 2011//2673
f 2008//2674 2011//2674 2012//2674
f 2008//2675 2012//2675 2013//2675
f 2013//2676 2012//2676 2011//2676
f 2013//2677 2014//2677 2015//2677
f 2013//2678 2015//2678 2016//2678
f 2013//2679 2016//2679 2014//2679
f 2014//2680 2016//2680 2015//2680
f 2014//2681 2017//2681 2018//2681
f 2014//2682 2018//2682 2019//2682
f 2014//2683 2019//2683 2017//2683
f 2017//2684 2019//2684 2018//2684
f 2017//2685 2020//2685 2021//2685
f 2017//2686 2021//2686 2022//2686
f 2017//2687 2022//2687 2020//2687
f 2020//2688 2022//2688 2021//2688
f 2020//2689 2023//2689 2024//2689
f 2020//2690 2024//2690 2025//2690
f 2020//2691 2025//2691 2023//2691
f 2023//2692 2025//2692 2024//2692
f 2023//2693 2026//2693 2027//2693
f 2023//2694 2027//2694 2028//2694
f 2023//2695 2028//2695 2026//2695
f 2026//2696 2028//2696 2027//2696
f 2026//2697 2029//2697 2030//2697
f 2026//2698 2030//2698 2031//2698
f 2026//2699 2031//2699 2029//2699
f 2029//2700 2031//2700 2030//2700
f 2029//2701 2032//2701 2033//2701
f 2029//2702 2033//2702 2034//2702
f 2029//2703 2034//2703 2032//2703
f 2032//2704 2034//2704 2033//2704
f 2032//2705 2035//2705 2036//2705
f 2032//2706 2036//2706 2037//2706
f 2032//2707 2037//2707 2035//2707
f 2035//2708 2037//2708 2036//2708
f 2035//2709 2038//2709 2039//2709
f 2035//2710 2039//2710 2040//2710
f 2035//2711 2040//2711 2038//2711
f 2038//2712 2040//2712 2039//2712
f 2038//2713 2043//2713 2041//2713
f 2038//2714 2041//2714 2042//2714
f 2038//2715 2042//2715 2043//2715
f 2043//2716 2042//2716 2041//2716
f 2043//2717 2044//2717 2045//2717
f 2043//2718 2045//2718 2046//2718
f 2043//2719 2046//2719 2044//2719
f 2044//2720 2046//2720 2045//2720
f 2044//2721 2049//2721 2047//2721
f 2044//2722 2047//2722 2048//2722
f 2044//2723 2048//2723 2049//2723
f 2049//2724 2048//2724 2047//2724
f 2049//2725 2052//2725 2050//2725
f 2049//2726 2050//2726 2051//2726
f 2049//2727 2051//2727 2052//2727
f 2052//2728 2051//2728 2050//2728
f 2052//2729 2053//2729 2054//2729
f 2052//2730 2054//2730 2055//2730
f 2052//2731 2055//2731 2053//2731
f 2053//2732 2055//2732 2054//2732
f 2053//2733 2056//2733 2057//2733
f 2053//2734 2057//2734 2058//2734
f 2053//2735 2058//2735 2056//2735
f 2056//2736 2058//2736 2057//2736
f 2056//2737 2059//2737 2060//2737
f 2056//2738 2060//2738 2061//2738
f 2056//2739 2061//2739 2059//2739
f 2059//2740 2061//2740 2060//2740
f 2059//2741 2064//2741 2062//2741
f 2059//2742 2062//2742 2063//2742
f 2059//2743 2063//2743 2064//2743
f 2064//2744 2063//2744 2062//2744
f 2064//2745 2065//2745 2066//2745
f 2064//2746 2066//2746 2067//2746
f 2064//2747 2067//2747 2065//2747
f 2065//2748 2067//2748 2066//2748
f 2065//2749 2068//2749 2069//2749
f 2065//2750 2069//2750 2070//2750
f 2065//2751 2070//2751 2068//2751
f 2068//2752 2070//2752 2069//2752
f 2068//2753 2073//2753 2071//2753
f 2068//2754 2071//2754 2072//2754
f 2068//2755 2072//2755 2073//2755
f 2073//2756 2072//2756 2071//2756
f 2073//2757 2074//2757 2075//2757
f 2073//2758 2075//2758 2076//2758
f 2073//2759 2076//2759 2074//2759
f 2074//2760 2076//2760 2075//2760
f 2074//2761 2077//2761 2078//2761
f 2074//2762 2078//2762 2079//2762
f 2074//2763 2079//2763 2077//2763
f 2077//2764 2079//2764 2078//2764
f 2077//2765 2080//2765 2081//2765
f 2077//2766 2081//2766 2082//2766
f 2077//2767 2082//2767 2080//2767
f 2080//2768 2082//2768 2081//2768
f 2080//2769 2083//2769 2084//2769
f 2080//2770 2084//2770 2085//2770
f 2080//2771 2085//2771 2083//2771
f 2083//2772 2085//2772 2084//2772
f 2083//2773 2088//2773 2086//2773
f 2083//2774 2086//2774 2087//2774
f 2083//2775 2087//2775 2088//2775
f 2088//2776 2087//2776 2086//2776
f 2088//2777 2089//2777 2090//2777
f 2088//2778 2090//2778 2091//2778
f 2088//2779 2091//2779 2089//2779
f 2089//2780 2091//2780 2090//2780
f 2089//2781 2092//2781 2093//2781
f 2089//2782 2093//2782 2094//2782
f 2089//2783 2094//2783 2092//2783
f 2092//2784 2094//2784 2093//2784
f 2092//2785 2095//2785 2096//2785
f 2092//2786 2096//2786 2097//2786
f 2092//2787 2097//2787 2095//2787
f 2095//2788 2097//2788 2096//2788
f 2095//2789 2098//2789 2099//2789
f 2095//2790 2099//2790 2100//2790
f 2095//2791 2100//2791 2098//2791
f 2098//2792 2100//2792 2099//2792
f 2098//2793 2103//2793 2101//2793
f 2098//2794 2101//2794 2102//2794
f 2098//2795 2102//2795 2103//2795
f 2103//2796 2102//2796 2101//2796
f 2103//2797 2106//2797 2104//2797
f 2103//2798 2104//2798 2105//2798
f 2103//2799 2105//2799 2106//2799
f 2106//2800 2105//2800 2104//2800
f 2106//2801 2107//2801 2108//2801
f 2106//2802 2108//2802 2109//2802
f 2106//2803 2109//2803 2107//2803
f 2107//2804 2109//2804 2108//2804
f 2107//2805 2112//2805 2110//2805
f 2107//2806 2110//2806 2111//2806
f 2107//2807 2111//2807 2112//2807
f 2112//2808 2111//2808 2110//2808
f 2112//2809 2115//2809 2113//2809
f 2112//2810 2113//2810 2114//2810
f 2112//2811 2114//2811 2115//2811
f 2115//2812 2114//2812 2113//2812
f 2115//2813 2118//2813 2116//2813
f 2115//2814 2116//2814 2117//2814
f 2115//2815 2117//2815 2118//2815
f 2118//2816 2117//2816 2116//2816
f 2118//2817 2119//2817 2120//2817
f 2118//2818 2120//2818 2121//2818
f 2118//2819 2121//2819 2119//2819
f 2119//2820 2121//2820 2120//2820
f 2119//2821 2122//2821 2123//2821
f 2119//2822 2123//2822 2124//2822
f 2119//2823 2124//2823 2122//2823
f 2122//2824 2124//2824 2123//2824
f 2122//2825 2125//2825 2126//2825
f 2122//2826 2126//2826 2127//2826
f 2122//2827 2127//2827 2125//2827
f 2125//2828 2127//2828 2126//2828
f 2125//2829 2128//2829 2129//2829
f 2125//2830 2129//2830 2130//2830
f 2125//2831 2130//2831 2128//2831
f 2128//2832 2130//2832 2129//2832
f 2128//2833 2131//2833 2132//2833
f 2128//2834 2132//2834 2133//2834
f 2128//2835 2133//2835 2131//2835
f 2131//2836 2133//2836 2132//2836
f 2131//2837 2136//2837 2134//2837
f 2131//2838 2134//2838 2135//2838
f 2131//2839 2135//2839 2136//2839
f 2136//2840 2135//2840 2134//2840
f 2136//2841 2139//2841 2137//2841
f 2136//2842 2137//2842 2138//2842
f 2136//2843 2138//2843 2139//2843
f 2139//2844 2138//2844 2137//2844
f 2139//2845 2140//2845 2141//2845
f 2139//2846 2141//2846 2142//2846
f 2139//2847 2142//2847 2140//2847
f 2140//2848 2142//2848 2141//2848
f 2140//2849 2145//2849 2143//2849
f 2140//2850 2143//2850 2144//2850
f 2140//2851 2144//2851 2145//2851
f 2145//2852 2144//2852 2143//2852
f 2145//2853 2146//2853 2147//2853
f 2145//2854 2147//2854 2148//2854
f 2145//2855 2148//2855 2146//2855
f 2146//2856 2148//2856 2147//2856
f 2146//2857 2151//2857 2149//2857
f 2146//2858 2149//2858 2150//2858
f 2146//2859 2150//2859 2151//2859
f 2151//2860 2150//2860 2149//2860
f 2151//2861 2154//2861 2152//2861
f 2151//2862 2152//2862 2153//2862
f 2151//2863 2153//2863 2154//2863
f 2154//2864 2153//2864 2152//2864
f 2154//2865 2157//2865 2155//2865
f 2154//2866 2155//2866 2156//2866
f 2154//2867 2156//2867 2157//2867
f 2157//2868 2156//2868 2155//2868
f 2157//2869 2160//2869 2158//2869
f 2157//2870 2158//2870 2159//2870
f 2157//2871 2159//2871 2160//2871
f 2160//2872 2159//2872 2158//2872
f 2160//2873 2161//2873 2162//2873
f 2160//2874 2162//2874 2163//2874
f 2160//2875 2163//2875 2161//2875
f 2161//2876 2163//2876 2162//2876
f 2161//2877 2166//2877 2164//2877
f 2161//2878 2164//2878 2165//2878
f 2161//2879 2165//2879 2166//2879
f 2166//2880 2165//2880 2164//2880
f 2166//2881 2169//2881 2167//2881
f 2166//2882 2167//2882 2168//2882
f 2166//2883 2168//2883 2169//2883
f 2169//2884 2168//2884 2167//2884
f 2169//2885 2172//2885 2170//2885
f 2169//2886 2170//2886 2171//2886
f 2169//2887 2171//2887 2172//2887
f 2172//2888 2171//2888 2170//2888
f 2172//2889 2175//2889 2173//2889
f 2172//2890 2173//2890 2174//2890
f 2172//2891 2174//2891 2175//2891
f 2175//2892 2174//2892 2173//2892
f 2175//2893 2176//2893 2177//2893
f 2175//2894 2177//2894 2178//2894
f 2175//2895 2178//2895 2176//2895
f 2176//2896 2178//2896 2177//2896
f 2176//2897 2179//2897 2180//2897
f 2176//2898 2180//2898 2181//2898
f 2176//2899 2181//2899 2179//2899
f 2179//2900 2181//2900 2180//2900
f 2179//2901 2184//2901 2182//2901
f 2179//2902 2182//2902 2183//2902
f 2179//2903 2183//2903 2184//2903
f 2184//2904 2183//2904 2182//2904
f 2184//2905 2187//2905 2185//2905
f 2184//2906 2185//2906 2186//2906
f 2184//2907 2186//2907 2187//2907
f 2187//2908 2186//2908 2185//2908
f 2187//2909 2188//2909 2189//2909
f 2187//2910 2189//2910 2190//2910
f 2187//2911 2190//2911 2188//2911
f 2188//2912 2190//2912 2189//2912
f 2188//2913 2191//2913 2192//2913
f 2188//2914 2192//2914 2193//2914
f 2188//2915 2193//2915 2191//2915
f 2191//2916 2193//2916 2192//2916
f 2191//2917 2194//2917 2195//2917
f 2191//2918 2195//2918 2196//2918
f 2191//2919 2196//2919 2194//2919
f 2194//2920 2196//2920 2195//2920
f 2194//2921 2197//2921 2198//2921
f 2194//2922 2198//2922 2199//2922
f 2194//2923 2199//2923 2197//2923
f 2197//2924 2199//2924 2198//2924
f 2197//2925 2200//2925 2201//2925
f 2197//2926 2201//2926 2202//2926
f 2197//2927 2202//2927 2200//2927
f 2200//2928 2202//2928 2201//2928
f 2200//2929 2203//2929 2204//2929
f 2200//2930 2204//2930 2205//2930
f 2200//2931 2205//2931 2203//2931
f 2203//2932 2205//2932 2204//2932
f 2203//2933 2206//2933 2207//2933
f 2203//2934 2207//2934 2208//2934
f 2203//2935 2208//2935 2206//2935
f 2206//2936 2208//2936 2207//2936
f 2206//2937 2209//2937 2210//2937
f 2206//2938 2210//2938 2211//2938
f 2206//2939 2211//2939 2209//2939
f 2209//2940 2211//2940 2210//2940
f 2209//2941 2214//2941 2212//2941
f 2209//2942 2212//2942 2213//2942
f 2209//2943 2213//2943 2214//2943
f 2214//2944 2213//2944 2212//2944
f 2214//2945 2215//2945 2216//2945
f 2214//2946 2216//2946 2217//2946
f 2214//2947 2217//2947 2215//2947
f 2215//2948 2217//2948 2216//2948
f 2215//2949 2218//2949 2219//2949
f 2215//2950 2219//2950 2220//2950
f 2215//2951 2220//2951 2218//2951
f 2218//2952 2220//2952 2219//2952
f 2218//2953 2223//2953 2221//2953
f 2218//2954 2221//2954 2222//2954
f 2218//2955 2222//2955 2223//2955
f 2223//2956 2222//2956 2221//2956
f 2223//2957 2226//2957 2224//2957
f 2223//2958 2224//2958 2225//2958
f 2223//2959 2225//2959 2226//2959
f 2226//2960 2225//2960 2224//2960
f 2226//2961 2229//2961 2227//2961
f 2226//2962 2227//2962 2228//2962
f 2226//2963 2228//2963 2229//2963
f 2229//2964 2228//2964 2227//2964
f 2229//2965 2230//2965 2231//2965
f 2229//2966 2231//2966 2232//2966
f 2229//2967 2232//2967 2230//2967
f 2230//2968 2232//2968 2231//2968
f 2230//2969 2235//2969 2233//2969
f 2230//2970 2233//2970 2234//2970
f 2230//2971 2234//2971 2235//2971
f 2235//2972 2234//2972 2233//2972
f 2235//2973 2238//2973 2236//2973
f 2235//2974 2236//2974 2237//2974
f 2235//2975 2237//2975 2238//2975
f 2238//2976 2237//2976 2236//2976
f 2238//2977 2241//2977 2239//2977
f 2238//2978 2239//2978 2240//2978
f 2238//2979 2240//2979 2241//2979
f 2241//2980 2240//2980 2239//2980
f 2241//2981 2244//2981 2242//2981
f 2241//2982 2242//2982 2243//2982
f 2241//2983 2243//2983 2244//2983
f 2244//2984 2243//2984 2242//2984
f 2244//2985 2247//2985 2245//2985
f 2244//2986 2245//2986 2246//2986
f 2244//2987 2246//2987 2247//2987
f 2247//2988 2246//2988 2245//2988
f 2247//2989 2248//2989 2249//2989
f 2247//2990 2249//2990 2250//2990
f 2247//2991 2250//2991 2248//2991
f 2248//2992 2250//2992 2249//2992
f 2248//2993 2251//2993 2252//2993
f 2248//2994 2252//2994 2253//2994
f 2248//2995 2253//2995 2251//2995
f 2251//2996 2253//2996 2252//2996
f 2251//2997 2254//2997 2255//2997
f 2251//2998 2255//2998 2256//2998
f 2251//2999 2256//2999 2254//2999
f 2254//3000 2256//3000 2255//3000
f 2254//3001 2259//3001 2257//3001
f 2254//3002 2257//3002 2258//3002
f 2254//3003 2258//3003 2259//3003
f 2259//3004 2258//3004 2257//3004
f 2259//3005 2262//3005 2260//3005
f 2259//3006 2260//3006 2261//3006
f 2259//3007 2261//3007 2262//3007
f 2262//3008 2261//3008 2260//3008
f 2262//3009 2263//3009 2264//3009
f 2262//3010 2264//3010 2265//3010
f 2262//3011 2265//3011 2263//3011
f 2263//3012 2265//3012 2264//3012
f 2263//3013 2266//3013 2267//3013
f 2263//3014 2267//3014 2268//3014
f 2263//3015 2268//3015 2266//3015
f 2266//3016 2268//3016 2267//3016
f 2266//3017 2269//3017 2270//3017
f 2266//3018 2270//3018 2271//3018
f 2266//3019 2271//3019 2269//3019
f 2269//3020 2271//3020 2270//3020
f 2269//3021 2272//3021 2273//3021
f 2269//3022 2273//3022 2274//3022
f 2269//3023 2274//3023 2272//3023
f 2272//3024 2274//3024 2273//3024
f 2272//3025 2277//3025 2275//3025
f 2272//3026 2275//3026 2276//3026
f 2272//3027 2276//3027 2277//3027
f 2277//3028 2276//3028 2275//3028
f 2277//3029 2278//3029 2279//3029
f 2277//3030 2279//3030 2280//3030
f 2277//3031 2280//3031 2278//3031
f 2278//3032 2280//3032 2279//3032
f 2278//3033 2281//3033 2282//3033
f 2278//3034 2282//3034 2283//3034
f 2278//3035 2283//3035 2281//3035
f 2281//3036 2283//3036 2282//3036
f 2281//3037 2284//3037 2285//3037
f 2281//3038 2285//3038 2286//3038
f 2281//3039 2286//3039 2284//3039
f 2284//3040 2286//3040 2285//3040
f 2284//3041 2287//3041 2288//3041
f 2284//3042 2288//3042 2289//3042
f 2284//3043 2289//3043 2287//3043
f 2287//3044 2289//3044 2288//3044
f 2287//3045 2290//3045 2291//3045
f 2287//3046 2291//3046 2292//3046
f 2287//3047 2292//3047 2290//3047
f 2290//3048 2292//3048 2291//3048
f 2290//3049 2293//3049 2294//3049
f 2290//3050 2294//3050 2295//3050
f 2290//3051 2295//3051 2293//3051
f 2293//3052 2295//3052 2294//3052
f 2293//3053 2298//3053 2296//3053
f 2293//3054 2296//3054 2297//3054
f 2293//3055 2297//3055 2298//3055
f 2298//3056 2297//3056 2296//3056
f 2298//3057 2299//3057 2300//3057
f 2298//3058 2300//3058 2301//3058
f 2298//3059 2301//3059 2299//3059
f 2299//3060 2301//3060 2300//3060
f 2299//3061 2302//3061 2303//3061
f 2299//3062 2303//3062 2304//3062
f 2299//3063 2304//3063 2302//3063
f 2302//3064 2304//3064 2303//3064
f 2302//3065 2305//3065 2306//3065
f 2302//3066 2306//3066 2307//3066
f 2302//3067 2307//3067 2305//3067
f 2305//3068 2307//3068 2306//3068
f 2305//3069 2308//3069 2309//3069
f 2305//3070 2309//3070 2310//3070
f 2305//3071 2310//3071 2308//3071
f 2308//3072 2310//3072 2309//3072
f 2308//3073 2313//3073 2311//3073
f 2308//3074 2311//3074 2312//3074
f 2308//3075 2312//3075 2313//3075
f 2313//3076 2312//3076 2311//3076
f 2313//3077 2316//3077 2314//3077
f 2313//3078 2314//3078 2315//3078
f 2313//3079 2315//3079 2316//3079
f 2316//3080 2315//3080 2314//3080
f 2316//3081 2319//3081 2317//3081
f 2316//3082 2317//3082 2318//3082
f 2316//3083 2318//3083 2319//3083
f 2319//3084 2318//3084 2317//3084
f 2319//3085 2320//3085 2321//3085
f 2319//3086 2321//3086 2322//3086
f 2319//3087 2322//3087 2320//3087
f 2320//3088 2322//3088 2321//3088
f 2320//3089 2325//3089 2323//3089
f 2320//3090 2323//3090 2324//3090
f 2320//3091 2324//3091 2325//3091
f 2325//3092 2324//3092 2323//3092
f 2325//3093 2328//3093 2326//3093
f 2325//3094 2326//3094 2327//3094
f 2325//3095 2327//3095 2328//3095
f 2328//3096 2327//3096 2326//3096
f 2328//3097 2331//3097 2329//3097
f 2328//3098 2329//3098 2330//3098
f 2328//3099 2330//3099 2331//3099
f 2331//3100 2330//3100 2329//3100
f 2331//3101 2332//3101 2333//3101
f 2331//3102 2333//3102 2334//3102
f 2331//3103 2334//3103 2332//3103
f 2332//3104 2334//3104 2333//3104
f 2332//3105 2335//3105 2336//3105
f 2332//3106 2336//3106 2337//3106
f 2332//3107 2337//3107 2335//3107
f 2335//3108 2337//3108 2336//3108
f 2335//3109 2340//3109 2338//3109
f 2335//3110 2338//3110 2339//3110
f 2335//3111 2339//3111 2340//3111
f 2340//3112 2339//3112 2338//3112
f 2340//3113 2341//3113 2342//3113
f 2340//3114 2342//3114 2343//3114
f 2340//3115 2343//3115 2341//3115
f 2341//3116 2343//3116 2342//3116
f 2341//3117 2344//3117 2345//3117
f 2341//3118 2345//3118 2346//3118
f 2341//3119 2346//3119 2344//3119
f 2344//3120 2346//3120 2345//3120
f 2344//3121 2349//3121 2347//3121
f 2344//3122 2347//3122 2348//3122
f 2344//3123 2348//3123 2349//3123
f 2349//3124 2348//3124 2347//3124
f 2349//3125 2350//3125 2351//3125
f 2349//3126 2351//3126 2352//3126
f 2349//3127 2352//3127 2350//3127
f 2350//3128 2352//3128 2351//3128
f 2350//3129 2353//3129 2354//3129
f 2350//3130 2354//3130 2355//3130
f 2350//3131 2355//3131 2353//3131
f 2353//3132 2355//3132 2354//3132
f 2353//3133 2356//3133 2357//3133
f 2353//3134 2357//3134 2358//3134
f 2353//3135 2358//3135 2356//3135
f 2356//3136 2358//3136 2357//3136
f 2356//3137 2361//3137 2359//3137
f 2356//3138 2359//3138 2360//3138
f 2356//3139 2360//3139 2361//3139
f 2361//3140 2360//3140 2359//3140
f 2361//3141 2364//3141 2362//3141
f 2361//3142 2362//3142 2363//3142
f 2361//3143 2363//3143 2364//3143
f 2364//3144 2363//3144 2362//3144
f 2364//3145 2367//3145 2365//3145
f 2364//3146 2365//3146 2366//3146
f 2364//3147 2366//3147 2367//3147
f 2367//3148 2366//3148 2365//3148
f 2367//3149 2370//3149 2368//3149
f 2367//3150 2368//3150 2369//3150
f 2367//3151 2369//3151 2370//3151
f 2370//3152 2369//3152 2368//3152
f 2370//3153 2373//3153 2371//3153
f 2370//3154 2371//3154 2372//3154
f 2370//3155 2372//3155 2373//3155
f 2373//3156 2372//3156 2371//3156
f 2373//3157 2376//3157 2374//3157
f 2373//3158 2374//3158 2375//3158
f 2373//3159 2375//3159 2376//3159
f 2376//3160 2375//3160 2374//3160
f 2376//3161 2379//3161 2377//3161
f 2376//3162 2377//3162 2378//3162
f 2376//3163 2378//3163 2379//3163
f 2379//3164 2378//3164 2377//3164
f 2379//3165 2380//3165 2381//3165
f 2379//3166 2381//3166 2382//3166
f 2379//3167 2382//3167 2380//3167
f 2380//3168 2382//3168 2381//3168
f 2380//3169 2385//3169 2383//3169
f 2380//3170 2383//3170 2384//3170
f 2380//3171 2384//3171 2385//3171
f 2385//3172 2384//3172 2383//3172
f 2385//3173 2386//3173 2387//3173
f 2385//3174 2387//3174 2388//3174
f 2385//3175 2388//3175 2386//3175
f 2386//3176 2388//3176 2387//3176
f 2386//3177 2389//3177 2390//3177
f 2386//3178 2390//3178 2391//3178
f 2386//3179 2391//3179 2389//3179
f 2389//3180 2391//3180 2390//3180
f 2389//3181 2394//3181 2392//3181
f 2389//3182 2392//3182 2393//3182
f 2389//3183 2393//3183 2394//3183
f 2394//3184 2393//3184 2392//3184
f 2394//3185 2397//3185 2395//3185
f 2394//3186 2395//3186 2396//3186
f 2394//3187 2396//3187 2397//3187
f 2397//3188 2396//3188 2395//3188
f 2397//3189 2398//3189 2399//3189
f 2397//3190 2399//3190 2400//3190
f 2397//3191 2400//3191 2398//3191
f 2398//3192 2400//3192 2399//3192
f 2398//3193 2401//3193 2402//3193
f 2398//3194 2402//3194 2403//3194
f 2398//3195 2403//3195 2401//3195
f 2401//3196 2403//3196 2402//3196
f 2401//3197 2406//3197 2404//3197
f 2401//3198 2404//3198 2405//3198
f 2401//3199 2405//3199 2406//3199
f 2406//3200 2405//3200 2404//3200
f 2406//3201 2407//3201 2408//3201
f 2406//3202 2408//3202 2409//3202
f 2406//3203 2409//3203 2407//3203
f 2407//3204 2409//3204 2408//3204
f 2407//3205 2412//3205 2410//3205
f 2407//3206 2410//3206 2411//3206
f 2407//3207 2411//3207 2412//3207
f 2412//3208 2411//3208 2410//3208
f 2412//3209 2413//3209 2414//3209
f 2412//3210 2414//3210 2415//3210
f 2412//3211 2415//3211 2413//3211
f 2413//3212 2415//3212 2414//3212
f 2413//3213 2418//3213 2416//3213
f 2413//3214 2416//3214 2417//3214
f 2413//3215 2417//3215 2418//3215
f 2418//3216 2417//3216 2416//3216
f 2418//3217 2421//3217 2419//3217
f 2418//3218 2419//3218 2420//3218
f 2418//3219 2420//3219 2421//3219
f 2421//3220 2420//3220 2419//3220
f 2421//3221 2422//3221 2423//3221
f 2421//3222 2423//3222 2424//3222
f 2421//3223 2424//3223 2422//3223
f 2422//3224 2424//3224 2423//3224
f 2422//3225 2427//3225 2425//3225
f 2422//3226 2425//3226 2426//3226
f 2422//3227 2426//3227 2427//3227
f 2427//3228 2426//3228 2425//3228
f 2427//3229 2430//3229 2428//3229
f 2427//3230 2428//3230 2429//3230
f 2427//3231 2429//3231 2430//3231
f 2430//3232 2429//3232 2428//3232
f 2430//3233 2433//3233 2431//3233
f 2430//3234 2431//3234 2432//3234
f 2430//3235 2432//3235 2433//3235
f 2433//3236 2432//3236 2431//3236
f 2433//3237 2436//3237 2434//3237
f 2433//3238 2434//3238 2435//3238
f 2433//3239 2435//3239 2436//3239
f 2436//3240 2435//3240 2434//3240
f 2436//3241 2439//3241 2437//3241
f 2436//3242 2437//3242 2438//3242
f 2436//3243 2438//3243 2439//3243
f 2439//3244 2438//3244 2437//3244
f 2439//3245 2442//3245 2440//3245
f 2439//3246 2440//3246 2441//3246
f 2439//3247 2441//3247 2442//3247
f 2442//3248 2441//3248 2440//3248
f 2442//3249 2445//3249 2443//3249
f 2442//3250 2443//3250 2444//3250
f 2442//3251 2444//3251 2445//3251
f 2445//3252 2444//3252 2443//3252
f 2445//3253 2448//3253 2446//3253
f 2445//3254 2446//3254 2447//3254
f 2445//3255 2447//3255 2448//3255
f 2448//3256 2447//3256 2446//3256
f 2448//3257 2451//3257 2449//3257
f 2448//3258 2449//3258 2450//3258
f 2448//3259 2450//3259 2451//3259
f 2451//3260 2450//3260 2449//3260
f 2451//3261 2452//3261 2453//3261
f 2451//3262 2453//3262 2454//3262
f 2451//3263 2454//3263 2452//3263
f 2452//3264 2454//3264 2453//3264
f 2452//3265 2457//3265 2455//3265
f 2452//3266 2455//3266 2456//3266
f 2452//3267 2456//3267 2457//3267
f 2457//3268 2456//3268 2455//3268
f 2457//3269 2460//3269 2458//3269
f 2457//3270 2458//3270 2459//3270
f 2457//3271 2459//3271 2460//3271
f 2460//3272 2459//3272 2458//3272
f 2460//3273 2463//3273 2461//3273
f 2460//3274 2461//3274 2462//3274
f 2460//3275 2462//3275 2463//3275
f 2463//3276 2462//3276 2461//3276
f 2463//3277 2464//3277 2465//3277
f 2463//3278 2465//3278 2466//3278
f 2463//3279 2466//3279 2464//3279
f 2464//3280 2466//3280 2465//3280
f 2467//3281 2470//3281 2468//3281
f 2467//3282 2468//3282 2469//3282
f 2467//3283 2469//3283 2470//3283
f 2470//3284 2469//3284 2468//3284
f 2470//3285 2473//3285 2471//3285
f 2470//3286 2471//3286 2472//3286
f 2470//3287 2472//3287 2473//3287
f 2473//3288 2472//3288 2471//3288
f 2473//3289 2474//3289 2475//3289
f 2473//3290 2475//3290 2476//3290
f 2473//3291 2476//3291 2474//3291
f 2474//3292 2476//3292 2475//3292
f 2474//3293 2477//3293 2478//3293
f 2474//3294 2478//3294 2479//3294
f 2474//3295 2479//3295 2477//3295
f 2477//3296 2479//3296 2478//3296
f 2477//3297 2482//3297 2480//3297
f 2477//3298 2480//3298 2481//3298
f 2477//3299 2481//3299 2482//3299
f 2482//3300 2481//3300 2480//3300
f 2482//3301 2483//3301 2484//3301
f 2482//3302 2484//3302 2485//3302
f 2482//3303 2485//3303 2483//3303
f 2483//3304 2485//3304 2484//3304
f 2483//3305 2488//3305 2486//3305
f 2483//3306 2486//3306 2487//3306
f 2483//3307 2487//3307 2488//3307
f 2488//3308 2487//3308 2486//3308
f 2488//3309 2491//3309 2489//3309
f 2488//3310 2489//3310 2490//3310
f 2488//3311 2490//3311 2491//3311
f 2491//3312 2490//3312 2489//3312
f 2491//3313 2494//3313 2492//3313
f 2491//3314 2492//3314 2493//3314
f 2491//3315 2493//3315 2494//3315
f 2494//3316 2493//3316 2492//3316
f 2494//3317 2495//3317 2496//3317
f 2494//3318 2496//3318 2497//3318
f 2494//3319 2497//3319 2495//3319
f 2495//3320 2497//3320 2496//3320
f 2495//3321 2500//3321 2498//3321
f 2495//3322 2498//3322 2499//3322
f 2495//3323 2499//3323 2500//3323
f 2500//3324 2499//3324 2498//3324
f 2500//3325 2501//3325 2502//3325
f 2500//3326 2502//3326 2503//3326
f 2500//3327 2503//3327 2501//3327
f 2501//3328 2503//3328 2502//3328
f 2501//3329 2506//3329 2504//3329
f 2501//3330 2504//3330 2505//3330
f 2501//3331 2505//3331 2506//3331
f 2506//3332 2505//3332 2504//3332
f 2506//3333 2509//3333 2507//3333
f 2506//3334 2507//3334 2508//3334
f 2506//3335 2508//3335 2509//3335
f 2509//3336 2508//3336 2507//3336
f 2509//3337 2512//3337 2510//3337
f 2509//3338 2510//3338 2511//3338
f 2509//3339 2511//3339 2512//3339
f 2512//3340 2511//3340 2510//3340
f 2512//3341 2513//3341 2514//3341
f 2512//3342 2514//3342 2515//3342
f 2512//3343 2515//3343 2513//3343
f 2513//3344 2515//3344 2514//3344
f 2513//3345 2516//3345 2517//3345
f 2513//3346 2517//3346 2518//3346
f 2513//3347 2518//3347 2516//3347
f 2516//3348 2518//3348 2517//3348
f 2516//3349 2519//3349 2520//3349
f 2516//3350 2520//3350 2521//3350
f 2516//3351 2521//3351 2519//3351
f 2519//3352 2521//3352 2520//3352
f 2519//3353 2524//3353 2522//3353
f 2519//3354 2522//3354 2523//3354
f 2519//3355 2523//3355 2524//3355
f 2524//3356 2523//3356 2522//3356
f 2524//3357 2527//3357 2525//3357
f 2524//3358 2525//3358 2526//3358
f 2524//3359 2526//3359 2527//3359
f 2527//3360 2526//3360 2525//3360
f 2527//3361 2528//3361 2529//3361
f 2527//3362 2529//3362 2530//3362
f 2527//3363 2530//3363 2528//3363
f 2528//3364 2530//3364 2529//3364
f 2528//3365 2533//3365 2531//3365
f 2528//3366 2531//3366 2532//3366
f 2528//3367 2532//3367 2533//3367
f 2533//3368 2532//3368 2531//3368
f 2533//3369 2534//3369 2535//3369
f 2533//3370 2535//3370 2536//3370
f 2533//3371 2536//3371 2534//3371
f 2534//3372 2536//3372 2535//3372
f 2534//3373 2537//3373 2538//3373
f 2534//3374 2538//3374 2539//3374
f 2534//3375 2539//3375 2537//3375
f 2537//3376 2539//3376 2538//3376
f 2537//3377 2542//3377 2540//3377
f 2537//3378 2540//3378 2541//3378
f 2537//3379 2541//3379 2542//3379
f 2542//3380 2541//3380 2540//3380
f 2542//3381 2545//3381 2543//3381
f 2542//3382 2543//3382 2544//3382
f 2542//3383 2544//3383 2545//3383
f 2545//3384 2544//3384 2543//3384
f 2545//3385 2546//3385 2547//3385
f 2545//3386 2547//3386 2548//3386
f 2545//3387 2548//3387 2546//3387
f 2546//3388 2548//3388 2547//3388
f 2546//3389 2551//3389 2549//3389
f 2546//3390 2549//3390 2550//3390
f 2546//3391 2550//3391 2551//3391
f 2551//3392 2550//3392 2549//3392
f 2551//3393 2552//3393 2553//3393
f 2551//3394 2553//3394 2554//3394
f 2551//3395 2554//3395 2552//3395
f 2552//3396 2554//3396 2553//3396
f 2552//3397 2557//3397 2555//3397
f 2552//3398 2555//3398 2556//3398
f 2552//3399 2556//3399 2557//3399
f 2557//3400 2556//3400 2555//3400
f 2557//3401 2558//3401 2559//3401
f 2557//3402 2559//3402 2560//3402
f 2557//3403 2560//3403 2558//3403
f 2558//3404 2560//3404 2559//3404
f 2558//3405 2563//3405 2561//3405
f 2558//3406 2561//3406 2562//3406
f 2558//3407 2562//3407 2563//3407
f 2563//3408 2562//3408 2561//3408
f 2563//3409 2566//3409 2564//3409
f 2563//3410 2564//3410 2565//3410
f 2563//3411 2565//3411 2566//3411
f 2566//3412 2565//3412 2564//3412
f 2566//3413 2569//3413 2567//3413
f 2566//3414 2567//3414 2568//3414
f 2566//3415 2568//3415 2569//3415
f 2569//3416 2568//3416 2567//3416
f 2569//3417 2572//3417 2570//3417
f 2569//3418 2570//3418 2571//3418
f 2569//3419 2571//3419 2572//3419
f 2572//3420 2571//3420 2570//3420
f 2572//3421 2575//3421 2573//3421
f 2572//3422 2573//3422 2574//3422
f 2572//3423 2574//3423 2575//3423
f 2575//3424 2574//3424 2573//3424
f 2575//3425 2578//3425 2576//3425
f 2575//3426 2576//3426 2577//3426
f 2575//3427 2577//3427 2578//3427
f 2578//3428 2577//3428 2576//3428
f 2578//3429 2581//3429 2579//3429
f 2578//3430 2579//3430 2580//3430
f 2578//3431 2580//3431 2581//3431
f 2581//3432 2580//3432 2579//3432
f 2581//3433 2582//3433 2583//3433
f 2581//3434 2583//3434 2584//3434
f 2581//3435 2584//3435 2582//3435
f 2582//3436 2584//3436 2583//3436
f 2582//3437 2585//3437 2586//3437
f 2582//3438 2586//3438 2587//3438
f 2582//3439 2587//3439 2585//3439
f 2585//3440 2587//3440 2586//3440
f 2585//3441 2588//3441 2589//3441
f 2585//3442 2589//3442 2590//3442
f 2585//3443 2590//3443 2588//3443
f 2588//3444 2590//3444 2589//3444
f 2588//3445 2593//3445 2591//3445
f 2588//3446 2591//3446 2592//3446
f 2588//3447 2592//3447 2593//3447
f 2593//3448 2592//3448 2591//3448
f 2593//3449 2596//3449 2594//3449
f 2593//3450 2594//3450 2595//3450
f 2593//3451 2595//3451 2596//3451
f 2596//3452 2595//3452 2594//3452
f 2596//3453 2599//3453 2597//3453
f 2596//3454 2597//3454 2598//3454
f 2596//3455 2598//3455 2599//3455
f 2599//3456 2598//3456 2597//3456
f 2599//3457 2600//3457 2601//3457
f 2599//3458 2601//3458 2602//3458
f 2599//3459 2602//3459 2600//3459
f 2600//3460 2602//3460 2601//3460
f 2600//3461 2603//3461 2604//3461
f 2600//3462 2604//3462 2605//3462
f 2600//3463 2605//3463 2603//3463
f 2603//3464 2605//3464 2604//3464
f 2603//3465 2608//3465 2606//3465
f 2603//3466 2606//3466 2607//3466
f 2603//3467 2607//3467 2608//3467
f 2608//3468 2607//3468 2606//3468
f 2608//3469 2609//3469 2610//3469
f 2608//3470 2610//3470 2611//3470
f 2608//3471 2611//3471 2609//3471
f 2609//3472 2611//3472 2610//3472
f 2609//3473 2614//3473 2612//3473
f 2609//3474 2612//3474 2613//3474
f 2609//3475 2613//3475 2614//3475
f 2614//3476 2613//3476 2612//3476
f 2614//3477 2617//3477 2615//3477
f 2614//3478 2615//3478 2616//3478
f 2614//3479 2616//3479 2617//3479
f 2617//3480 2616//3480 2615//3480
f 2617//3481 2620//3481 2618//3481
f 2617//3482 2618//3482 2619//3482
f 2617//3483 2619//3483 2620//3483
f 2620//3484 2619//3484 2618//3484
f 2620//3485 2623//3485 2621//3485
f 2620//3486 2621//3486 2622//3486
f 2620//3487 2622//3487 2623//3487
f 2623//3488 2622//3488 2621//3488
f 2623//3489 2624//3489 2625//3489
f 2623//3490 2625//3490 2626//3490
f 2623//3491 2626//3491 2624//3491
f 2624//3492 2626//3492 2625//3492
f 2624//3493 2629//3493 2627//3493
f 2624//3494 2627//3494 2628//3494
f 2624//3495 2628//3495 2629//3495
f 2629//3496 2628//3496 2627//3496
f 2629//3497 2630//3497 2631//3497
f 2629//3498 2631//3498 2632//3498
f 2629//3499 2632//3499 2630//3499
f 2630//3500 2632//3500 2631//3500
f 2630//3501 2635//3501 2633//3501
f 2630//3502 2633//3502 2634//3502
f 2630//3503 2634//3503 2635//3503
f 2635//3504 2634//3504 2633//3504
f 2635//3505 2636//3505 2637//3505
f 2635//3506 2637//3506 2638//3506
f 2635//3507 2638//3507 2636//3507
f 2636//3508 2638//3508 2637//3508
o Tetrahedrons_Chain_F
v 16.615000 -98.369003 14.570007
v 17.148001 -96.237000 12.468008
v 14.291000 -96.884003 13.287007
v 15.898000 -98.889999 11.661008
v 20.125999 -96.792000 12.201008
v 19.169001 -94.139000 13.341006
v 18.791000 -94.749001 10.385008
v 21.209999 -99.313004 13.511007
v 22.375999 -98.348000 10.873008
v 19.568001 -99.511002 10.959007
v 16.966000 -101.029999 10.543008
v 19.253000 -101.360001 8.565608
v 17.708000 -98.744003 8.678107
v 19.669001 -96.754997 7.474807
v 16.972000 -95.799004 8.504208
v 17.124001 -97.480003 5.974607
v 22.068001 -98.571999 7.036908
v 22.410999 -95.922997 8.491608
v 21.841999 -95.955002 5.504307
v 21.665001 -101.510002 7.719307
v 23.756001 -100.699997 5.665108
v 20.798000 -100.440002 5.005208
v 20.164000 -98.228996 3.020007
v 17.913000 -99.883003 4.222908
v 19.816999 -101.139999 2.212108
v 22.940001 -97.391998 2.101207
v 21.011999 -95.315002 3.203707
v 20.493999 -96.579002 0.486937
v 23.726999 -100.199997 1.249007
v 25.084999 -98.903000 3.639607
v 25.657000 -97.889999 0.829597
v 21.572001 -102.339996 1.107908
v 23.937000 -102.440002 -0.801372
v 21.816000 -100.279999 -1.114892
v 19.823000 -98.103996 -1.843993
v 21.110001 -99.780998 -4.030293
v 22.771000 -97.747002 -2.496093
v 24.886000 -95.894997 -1.335993
v 24.392000 -95.947998 -4.336193
v 25.719999 -98.319000 -2.972393
v 25.551001 -100.750000 -4.787892
v 27.046000 -100.930000 -2.145092
v 28.198000 -99.297997 -4.438693
v 22.850000 -101.699997 -5.820492
v 25.361000 -102.180000 -7.467592
v 24.261000 -99.360001 -7.163092
v 23.441000 -96.462997 -7.592693
v 24.573999 -98.081001 -9.904593
v 26.384001 -97.228996 -7.613893
v 28.639999 -97.080002 -5.580793
v 28.982000 -95.819000 -8.327092
v 28.924000 -98.846001 -8.040392
v 28.254000 -100.000000 -10.771993
v 28.513000 -101.839996 -8.364292
v 30.985001 -100.510002 -9.534092
v 27.278999 -97.717003 -12.525992
v 26.441999 -100.570000 -13.146993
v 29.318001 -99.698997 -13.604992
v 26.194000 -95.334999 -14.073993
v 28.829000 -95.100998 -12.572992
v 26.212999 -95.292000 -11.032992
v 25.787001 -93.541000 -16.495993
v 23.952999 -93.278999 -14.083993
v 23.773001 -95.733002 -15.870993
v 25.664000 -91.891998 -19.047993
v 27.875999 -93.944000 -18.667992
v 27.872000 -91.389999 -17.016993
v 26.266001 -90.956001 -21.877993
v 26.113001 -88.936996 -19.608992
v 23.584999 -90.305000 -20.599993
v 21.236000 -88.441002 -21.105993
v 21.180000 -90.348999 -18.738993
v 20.931000 -91.431000 -21.569992
v 21.424999 -86.091003 -23.026995
v 19.599001 -85.928001 -20.600994
v 18.889000 -87.765999 -22.917994
v 22.000000 -86.024002 -26.012995
v 24.233000 -85.481003 -24.020994
v 22.009001 -83.443001 -24.403994
v 21.417999 -80.883003 -25.936995
v 24.117001 -81.259003 -24.586994
v 21.622000 -80.825996 -22.902994
v 20.783001 -80.422997 -28.874994
v 20.443001 -78.158997 -26.872993
v 18.533001 -80.526001 -26.831995
v 17.275999 -82.514999 -24.904995
v 15.508000 -80.688004 -26.573994
v 17.167999 -79.536003 -24.300995
v 17.181000 -76.532997 -23.818995
v 18.666000 -78.385002 -21.917994
v 15.625000 -78.364998 -21.955994
v 15.422000 -74.093002 -24.261993
v 17.964001 -74.449997 -25.891994
v 18.138000 -73.788002 -22.927994
v 20.787001 -72.292999 -22.909994
v 19.937000 -73.911003 -20.478994
v 18.485001 -71.330002 -21.170994
v 18.825001 -69.087997 -19.144995
v 16.118999 -70.434998 -19.482994
v 17.198999 -68.620003 -21.671995
v 18.228001 -67.043999 -16.973995
v 20.160000 -66.357002 -19.219994
v 20.957001 -68.380997 -17.093994
v 22.398001 -68.528000 -14.420995
v 23.825001 -67.399002 -16.856995
v 23.218000 -70.374001 -16.693995
v 23.823000 -68.989998 -11.773995
v 21.159000 -70.348999 -12.323995
v 21.266001 -67.346001 -11.857995
v 26.804001 -69.125999 -11.188995
v 25.433001 -66.427002 -11.480995
v 25.830999 -68.203003 -13.917995
v 29.740000 -69.407997 -10.445995
v 28.934000 -67.722000 -12.844995
v 28.671000 -70.750000 -12.957994
v 32.578999 -70.112999 -9.616594
v 31.794001 -67.205002 -10.030995
v 32.028000 -69.071999 -12.419995
v 34.932999 -72.004997 -9.977695
v 34.859001 -70.105003 -7.603695
v 35.303001 -69.016998 -10.407995
v 33.881001 -73.853996 -12.150994
v 35.578999 -74.974998 -9.890594
v 36.848999 -73.205002 -12.011994
v 31.190001 -73.278000 -13.444994
v 31.983999 -76.140999 -12.797995
v 33.384998 -74.644997 -15.044994
v 29.840000 -70.834999 -14.653995
v 29.851000 -71.231003 -11.637994
v 28.159000 -73.039001 -13.403995
v 26.017000 -73.689003 -11.344995
v 26.525999 -75.592003 -13.660995
v 25.219999 -72.893997 -14.169994
v 24.566999 -73.103996 -17.132994
v 24.275000 -70.439003 -15.696994
v 22.333000 -72.705002 -15.107994
v 19.885000 -71.049004 -14.389995
v 20.083000 -73.944000 -13.479994
v 19.656000 -73.300003 -16.421995
v 17.386999 -74.496002 -18.056993
v 20.222000 -75.543999 -18.395994
v 19.493999 -72.771004 -19.411995
v 15.393000 -76.267998 -19.516994
v 14.918000 -73.269997 -19.340994
v 14.639000 -75.001999 -16.856995
v 13.861000 -77.913002 -21.564995
v 14.353000 -79.028999 -18.778994
v 16.665001 -78.748001 -20.733994
v 11.939000 -79.205002 -23.535994
v 14.499000 -77.904999 -24.537994
v 12.237000 -76.179001 -23.462994
v 9.612500 -81.054001 -22.886993
v 11.539000 -81.763000 -25.130995
v 9.601900 -79.443001 -25.466993
v 8.571900 -79.751999 -20.342995
v 9.503600 -82.647003 -20.298994
v 6.928600 -81.900002 -21.734995
v 11.276000 -80.600998 -19.241995
v 8.779400 -80.888000 -17.529995
v 9.895100 -78.125999 -18.140995
v 12.132000 -77.706001 -16.123995
v 10.907000 -80.466003 -16.482994
v 9.299300 -78.249001 -15.160995
v 14.899000 -77.294998 -14.930994
v 12.863000 -75.037003 -14.862994
v 14.125000 -75.867996 -17.501995
v 17.724001 -77.014999 -13.838994
v 16.922001 -79.526001 -15.354994
v 15.797000 -79.001999 -12.578995
v 19.407000 -76.001999 -11.516994
v 19.204000 -74.367996 -14.073995
v 20.757000 -76.983002 -14.058994
v 23.729000 -77.371002 -14.573995
v 21.757000 -77.488998 -16.885994
v 21.820999 -79.725998 -14.826994
v 25.798000 -78.331001 -12.561995
v 25.605000 -75.375000 -13.252995
v 26.681000 -77.348999 -15.300994
v 27.433001 -75.774002 -17.792994
v 27.406000 -78.815002 -17.865993
v 29.556999 -77.349998 -16.291994
v 31.723000 -79.098000 -15.066995
v 31.902000 -76.070999 -14.838994
v 32.334000 -77.420998 -17.529995
v 34.063000 -75.235001 -18.746994
v 32.547001 -77.156998 -20.551994
v 34.929001 -78.143997 -18.939995
v 37.738998 -78.811996 -19.893993
v 35.462002 -80.766998 -20.383995
v 36.520000 -80.341003 -17.564995
v 39.581001 -77.860001 -22.117994
v 40.540001 -79.967003 -20.146994
v 40.158001 -77.092003 -19.232994
v 39.014000 -74.801003 -17.593994
v 41.949001 -75.547997 -17.319994
v 39.799999 -77.402000 -16.228994
v 38.320999 -79.957001 -15.496994
v 40.311001 -78.739998 -13.545994
v 41.299000 -80.044998 -16.108994
v 42.814999 -81.059998 -18.541994
v 43.772999 -81.776001 -15.745995
v 44.049000 -78.922997 -16.763994
v 44.442001 -77.144997 -14.327994
v 44.569000 -75.947998 -17.120995
v 46.797001 -77.775002 -16.146994
v 44.172001 -79.324997 -12.224995
v 42.390999 -76.862999 -12.099995
v 45.358002 -76.626999 -11.474995
v 45.217999 -81.931000 -11.056994
v 44.039001 -81.886002 -13.859994
v 42.228001 -81.528999 -11.442994
v 39.918999 -83.376999 -12.150993
v 39.373001 -80.483002 -11.392994
v 40.306000 -82.459000 -9.277594
v 41.005001 -85.462997 -14.078994
v 38.011002 -84.957001 -13.914993
v 39.448002 -86.334000 -11.615993
v 37.951000 -85.514999 -9.098893
v 40.019001 -87.741997 -8.981894
v 37.370998 -88.197998 -10.407993
v 35.568001 -83.928001 -10.122993
v 37.516998 -82.652000 -8.168493
v 35.646000 -84.857002 -7.228294
v 35.319000 -83.626999 -13.138993
v 32.820999 -83.912003 -11.427994
v 34.675999 -86.290001 -11.817993
v 35.905998 -89.060997 -12.057993
v 32.886002 -88.721001 -12.191994
v 34.348999 -88.300003 -9.559093
v 35.008999 -87.528000 -6.692593
v 32.896999 -89.643997 -7.249393
v 32.338001 -86.726997 -7.906193
v 31.403000 -83.935997 -8.666993
v 29.702999 -85.660004 -6.827293
v 29.962000 -86.375999 -9.771593
v 29.892000 -87.459000 -12.611994
v 27.337999 -87.346001 -10.963993
v 29.518000 -89.345001 -10.255993
v 29.296000 -90.503998 -7.453393
v 31.277000 -91.685997 -9.434894
v 28.291000 -92.096001 -9.841693
v 29.552999 -88.790001 -4.954693
v 27.666000 -91.175003 -4.974793
v 27.002001 -88.695999 -6.606793
v 25.643999 -86.491997 -8.203094
v 24.194000 -87.791000 -5.866793
v 24.660000 -89.361000 -8.429693
v 24.205000 -92.286003 -7.735693
v 24.707001 -91.468002 -10.620994
v 22.082001 -90.738998 -9.268793
v 25.974001 -93.929001 -5.885893
v 23.035000 -94.640999 -6.207593
v 23.832001 -92.110001 -4.722593
v 21.650999 -90.807999 -3.050093
v 24.535999 -89.888000 -2.768793
v 23.702999 -92.622002 -1.727593
v 19.547001 -89.625999 -1.199493
v 18.833000 -91.950996 -3.024993
v 19.344999 -89.195000 -4.203094
v 17.878000 -87.582001 0.311807
v 20.605000 -88.404999 1.376907
v 18.283001 -90.366997 1.465507
v 17.257000 -84.718002 1.125006
v 15.351000 -86.961998 1.886607
v 15.587000 -86.086998 -1.016293
v 18.507999 -82.661003 2.983106
v 16.875000 -81.750000 0.585576
v 19.601000 -83.031998 0.169166
v 21.413000 -84.990997 -1.288494
v 22.323999 -82.125999 -0.835284
v 20.093000 -82.717003 -2.815294
v 20.632999 -80.589996 -4.921694
v 17.774000 -81.416000 -4.291994
v 19.624001 -83.335999 -5.755594
v 17.521999 -85.197998 -6.921694
v 20.127001 -86.334000 -5.840093
v 20.125999 -84.719002 -8.417093
v 19.851999 -85.612000 -11.310993
v 22.462000 -86.070999 -9.819094
v 21.638000 -83.251999 -10.610993
v 19.806999 -86.153999 -14.302994
v 17.455999 -84.752998 -12.975993
v 17.962000 -87.706001 -12.448994
v 19.521999 -85.655998 -17.289995
v 20.146999 -88.450996 -16.266993
v 22.254999 -86.265999 -16.103994
v 25.046000 -86.983002 -15.130993
v 24.386000 -84.109001 -15.872993
v 24.598000 -86.228996 -18.042994
v 23.983999 -86.308998 -21.019995
v 25.702000 -88.481003 -19.762993
v 26.797001 -85.658997 -20.063993
v 29.777000 -86.261002 -19.997993
v 28.787001 -83.425003 -19.520994
v 28.601000 -84.654999 -22.296995
v 27.507999 -82.901001 -24.527994
v 28.447001 -85.727997 -25.137995
v 30.473000 -83.571999 -24.434994
v 31.134001 -83.471001 -27.401995
v 33.063000 -84.793999 -25.457994
v 32.713001 -81.774002 -25.432995
v 33.316002 -79.683998 -23.306993
v 33.530998 -78.961998 -26.253994
v 35.570999 -80.832001 -24.993994
v 30.933001 -78.239998 -22.088995
v 33.584999 -78.320999 -20.601994
v 31.915001 -80.848000 -20.871994
v 32.471001 -82.348999 -18.285994
v 31.004000 -83.733002 -20.561995
v 29.628000 -81.526001 -18.984995
v 27.229000 -81.884003 -17.150993
v 26.811001 -81.202003 -20.084993
v 27.952000 -79.117996 -18.185995
v 27.242001 -82.552002 -14.183993
v 26.049999 -84.514000 -16.178995
v 24.622999 -81.896004 -15.583994
v 21.915001 -82.188004 -16.935995
v 22.839001 -79.460999 -15.955995
v 22.070999 -81.616997 -13.952994
v 22.584000 -80.628998 -11.122994
v 21.639999 -83.482002 -11.589993
v 19.738001 -81.155998 -12.057994
v 17.591999 -79.419998 -10.780994
v 17.658001 -82.408997 -10.226994
v 16.848000 -81.389999 -12.975994
v 16.021999 -77.181000 -12.112994
v 18.801001 -76.639000 -11.004994
v 16.479000 -77.139000 -9.106594
v 15.578000 -74.746002 -7.459594
v 17.211000 -76.958000 -6.160494
v 14.329000 -77.477997 -6.981694
v 14.768000 -72.241997 -5.934995
v 13.205000 -73.093002 -8.401094
v 16.028999 -72.002998 -8.691995
v 16.033001 -70.209000 -4.060795
v 17.636999 -72.615997 -4.997895
v 15.338000 -72.988998 -3.042394
v 18.856001 -69.613998 -3.098495
v 17.987000 -72.488998 -3.579695
v 16.857000 -70.931999 -1.224195
v 20.618000 -69.473000 -0.623505
v 21.856001 -69.209000 -3.388395
v 20.767000 -71.891998 -2.460495
v 22.361000 -68.259003 1.552505
v 20.830000 -70.832001 2.089005
v 19.332001 -68.198997 1.820405
v 22.844000 -65.382004 0.695445
v 25.129999 -67.387001 0.645245
v 24.023001 -66.410004 3.303705
v 20.958000 -64.629997 -1.568895
v 22.193001 -62.459000 0.165825
v 20.070000 -64.305000 1.321305
v 20.288000 -64.561996 4.343605
v 17.995001 -65.904999 2.864605
v 18.075001 -62.875000 3.117005
v 22.795000 -65.692001 5.642505
v 21.047001 -63.724998 7.167205
v 22.702999 -62.771000 4.801605
v 21.452000 -60.250000 3.649805
v 24.150999 -61.210999 2.629504
v 23.909000 -60.050999 5.430505
v 18.714001 -59.938000 2.362905
v 20.018000 -57.570000 3.754704
v 18.982000 -59.912998 5.392104
v 20.318001 -60.174000 8.111404
v 17.771000 -61.723999 7.514505
v 17.669001 -58.702999 7.853904
v 23.014999 -59.130001 9.052805
v 22.882999 -61.459999 7.102805
v 22.023001 -61.846001 9.994205
v 20.561001 -64.246002 11.157004
v 22.875000 -62.991001 12.680005
v 23.405001 -64.552002 10.125005
v 18.878000 -65.873001 13.098004
v 19.695000 -67.067001 10.423005
v 17.643000 -64.823997 10.525004
v 19.542000 -68.689003 14.035005
v 16.809000 -68.086998 12.845005
v 17.546000 -67.000999 15.588005
v 19.260000 -68.047997 17.871006
v 19.796000 -68.968002 15.023005
v 17.291000 -69.899002 16.475006
v 15.641000 -71.276001 14.324006
v 14.493000 -70.903000 17.116005
v 16.752001 -72.887001 16.652006
v 15.696000 -69.021004 12.284005
v 15.258000 -71.888000 11.370006
v 17.983999 -71.019997 12.402006
v 19.482000 -73.398003 13.565005
v 20.882999 -70.714996 13.270006
v 20.198999 -72.353996 10.800006
v 18.146000 -74.762001 15.932006
v 20.049999 -76.328003 14.151006
v 17.323999 -75.488998 13.096005
v 15.056000 -74.803001 11.190005
v 15.867000 -77.704002 11.606006
v 17.708000 -75.811996 10.097006
v 20.674000 -76.485001 10.108006
v 19.653999 -74.134003 8.469206
v 19.011000 -76.980003 7.609606
v 20.704000 -79.002998 11.812006
v 22.295000 -76.560997 12.680006
v 23.191999 -78.181999 10.268005
v 18.018999 -80.181000 12.618006
v 20.455999 -81.983002 12.365005
v 19.184000 -80.788002 9.874606
v 18.628000 -79.905998 7.017606
v 19.128000 -82.842003 7.633006
v 21.412001 -80.842003 7.805806
v 23.695000 -81.961998 9.473206
v 24.054001 -79.345001 7.966906
v 23.884001 -81.968002 6.437906
v 22.396000 -84.636002 10.116007
v 23.091000 -82.704002 12.360006
v 25.306000 -84.142998 10.852007
v 22.087000 -85.519997 7.223307
v 19.686001 -85.556000 9.089706
v 21.934000 -87.570000 9.464407
v 24.999001 -85.400002 6.356606
v 22.909000 -83.738998 4.899806
v 22.940001 -86.763000 4.582107
v 27.285999 -84.609001 8.198406
v 27.747999 -86.646004 5.988707
v 26.056000 -87.382004 8.406007
v 24.080000 -88.769997 10.254006
v 26.660999 -90.169998 9.461507
v 24.455999 -89.766998 7.406007
v 22.563999 -89.589996 5.031507
v 24.082001 -92.167999 5.576807
v 25.569000 -89.710999 4.576307
v 28.556000 -89.874001 5.120207
v 27.454000 -87.671997 3.335807
v 27.474001 -90.553001 2.360407
v 29.802000 -89.727997 7.890607
v 31.261000 -91.163002 5.641006
v 28.742001 -92.376999 6.837507
v 28.165001 -94.422997 4.662807
v 26.318001 -94.197998 7.067907
v 29.115999 -95.342003 7.401507
v 30.796000 -93.752998 3.292007
v 28.195999 -93.667999 1.717107
v 29.344000 -96.336998 2.614307
v 32.248001 -91.199997 2.501707
v 33.827000 -93.741997 3.042307
v 32.485001 -92.267998 5.339207
v 32.376999 -88.165001 2.368607
v 30.204000 -89.661003 0.856617
v 33.094002 -89.825996 -0.075723
v 32.345001 -85.139999 2.051806
v 34.577999 -86.481003 3.621506
v 31.760000 -86.391998 4.761007
v 32.833000 -82.158997 1.701106
v 30.004999 -83.198997 2.114106
v 31.459000 -83.744003 -0.500654
v 33.507999 -79.204002 1.451106
v 35.705002 -81.292000 1.199306
v 34.408001 -80.767998 3.899506
v 32.403999 -77.404999 -0.737704
v 34.132000 -76.227997 1.470406
v 31.316999 -77.195000 2.095206
v 29.974001 -77.535004 4.802006
v 28.288000 -77.389000 2.275106
v 29.716000 -74.905998 3.296206
v 30.804001 -72.224998 2.357706
v 30.004999 -72.608002 5.267105
v 27.868999 -72.498001 3.105705
v 26.372999 -70.096001 4.219905
v 24.827999 -72.492996 3.162405
v 26.316000 -70.670998 1.234205
v 28.024000 -69.823997 -1.135095
v 24.992001 -69.656998 -1.308895
v 26.367001 -72.370003 -1.287995
v 24.433001 -74.496002 -0.295574
v 27.312000 -75.238998 -0.937094
v 25.386000 -74.536003 -3.183394
v 21.417000 -74.147003 -0.460544
v 22.770000 -74.419998 2.249306
v 22.594000 -76.819000 0.389426
v 20.003000 -74.668999 -3.102194
v 20.427999 -71.814003 -2.142294
v 18.434000 -73.616997 -0.719474
v 15.417000 -74.001999 -0.773314
v 16.618000 -71.600998 0.655145
v 16.954000 -74.389000 1.822606
v 12.481000 -74.495003 -1.392894
v 14.465000 -76.796997 -1.498894
v 14.547000 -74.620003 -3.620894
v 10.105000 -74.666000 -3.283194
v 10.513000 -72.183998 -1.573495
v 9.669100 -74.802002 -0.276554
v 8.985200 -76.908997 1.806606
v 7.640300 -74.183998 1.902906
v 10.588000 -74.449997 2.601006
v 13.336000 -75.304001 3.583906
v 12.744000 -72.362000 3.092406
v 12.989000 -74.277000 0.742656
v 13.292000 -78.341003 3.432406
v 14.685000 -76.955002 5.753306
v 15.891000 -76.834000 2.964306
v 18.105000 -77.847000 1.142406
v 18.726999 -77.111000 4.026706
v 18.065001 -74.932999 2.010306
v 20.642000 -78.749001 -0.272114
v 18.073999 -78.360001 -1.855094
v 18.327000 -80.689003 0.083348
v 23.077999 -80.147003 0.894006
v 23.115999 -77.137001 0.455076
v 23.176001 -79.023003 -1.930294
v 22.916000 -77.139999 -4.304194
v 22.719000 -80.146004 -4.719094
v 25.392000 -78.880997 -4.008595
v 27.561001 -77.004997 -5.020094
v 26.193001 -78.924004 -6.941994
v 28.101000 -79.991997 -4.828694
v 28.329000 -83.022003 -4.939894
v 29.719999 -81.473000 -2.722994
v 30.746000 -81.291000 -5.579894
v 32.319000 -78.697998 -5.348794
v 32.648998 -80.463997 -7.802994
v 33.750999 -81.371002 -5.117694
v 35.358002 -80.559998 -2.666794
v 36.446999 -82.667999 -4.569894
v 34.062000 -83.307999 -2.794094
v 34.006001 -86.301003 -2.253593
v 31.400999 -84.765999 -2.587794
v 33.104000 -84.348999 -0.102384
v 34.715000 -89.183998 -1.597193
v 36.918999 -87.167000 -2.167293
v 35.113998 -88.125000 -4.419793
v 35.992001 -91.444000 -0.012362
v 34.009998 -92.072998 -2.231693
v 33.042000 -90.805000 0.357077
v 37.348999 -93.167999 2.093207
v 37.914001 -90.181999 1.978907
v 38.973000 -92.014999 -0.204693
v 37.499001 -96.199997 2.286807
v 36.276001 -94.589996 4.558707
v 39.272999 -94.473999 4.053507
v 42.039001 -95.650002 4.513407
v 40.363998 -94.733002 6.880207
v 41.553001 -92.683998 4.973307
v 42.618000 -90.038002 3.918207
v 43.812000 -91.264000 6.432207
v 41.000000 -90.108002 6.492106
v 40.889999 -88.710999 1.796207
v 43.438000 -90.163002 0.992547
v 43.601002 -87.529999 2.506007
v 46.502998 -86.889999 1.860507
v 45.004002 -85.235001 3.924706
v 44.294998 -84.995003 0.977106
v 43.787998 -82.450996 -0.610274
v 43.497002 -85.164001 -1.952694
v 46.254002 -84.135002 -1.184294
v 42.659000 -79.637001 -0.373704
v 45.598999 -80.149002 0.208736
v 43.470001 -81.165001 2.127406
v 40.591000 -79.676003 -2.603894
v 42.317001 -77.209000 -2.173194
v 40.154999 -77.924004 -0.156954
v 38.202000 -75.667999 0.430256
v 37.187000 -78.519997 0.136656
v 38.201000 -77.008003 -2.299694
v 35.546001 -74.186996 0.417906
v 37.835999 -73.216003 -1.331395
v 37.993999 -72.907997 1.690006
v 39.757000 -70.443001 1.434205
v 40.508999 -72.654999 3.381406
v 38.108002 -70.877998 3.951705
v 36.387001 -71.370003 6.410605
v 36.396999 -68.633003 5.084605
v 38.848000 -69.594002 6.607305
v 34.514999 -73.605003 5.544306
v 35.293999 -73.321999 8.470506
v 37.349998 -74.254997 6.433406
v 39.264000 -76.134003 7.866306
v 40.233002 -74.496002 5.494506
v 38.294998 -76.799004 5.061506
v 38.944000 -78.844002 9.209406
v 38.633999 -76.293999 10.837006
v 41.376999 -77.123001 9.817706
v 43.855999 -78.845001 10.189006
v 42.917000 -77.026001 12.438005
v 44.125999 -75.828003 9.917505
v 43.910000 -80.242996 7.488906
v 43.632000 -81.874001 10.040006
v 46.270000 -80.511002 9.387606
v 44.715000 -77.746002 5.950706
v 42.076000 -79.126999 5.334906
v 44.702000 -80.450996 4.560006
v 45.333000 -75.171997 7.446406
v 46.562000 -75.672997 4.710106
v 47.488998 -77.291000 7.112706
v 48.611000 -80.086998 6.701006
v 48.859001 -78.733002 9.412705
v 50.498001 -77.728996 7.055906
v 49.609001 -81.914001 4.484106
v 46.623001 -81.504997 4.888406
v 48.228001 -83.096001 6.922606
v 46.665001 -85.648003 7.462807
v 47.437000 -83.820999 9.768006
v 49.573002 -85.434998 8.326306
v 43.764000 -86.332001 6.858807
v 44.610001 -83.426003 7.160806
v 44.533001 -85.248001 9.594506
v 41.737999 -84.155998 7.501106
v 42.313999 -86.345001 9.532407
v 40.799999 -87.000999 6.978407
v 39.577999 -89.785004 7.063807
v 38.944000 -87.916000 4.749907
v 37.826000 -87.341003 7.519307
v 35.877998 -86.061996 9.472807
v 35.257000 -88.785004 8.270007
v 35.147999 -86.293999 6.529607
v 37.174000 -85.153000 12.069007
v 34.227001 -84.598000 11.565006
v 36.348000 -83.100998 9.982206
v 37.483002 -81.797997 7.479106
v 36.567001 -80.071999 9.809706
v 34.519001 -81.547997 8.113906
v 32.090000 -81.550003 9.943906
v 31.965000 -82.956001 7.250306
v 32.058998 -79.918999 7.377306
v 32.125000 -82.566002 12.810007
v 30.309000 -80.251999 12.039005
v 33.320999 -79.849998 12.145006
v 36.058998 -78.629997 11.632006
v 34.021000 -77.135002 13.322005
v 33.590000 -77.428001 10.326006
v 30.649000 -77.112000 9.619306
v 32.713001 -77.460999 7.413706
v 32.610001 -74.871002 9.003506
v 28.712000 -78.892998 11.143005
v 27.806000 -76.167999 10.143005
v 29.791000 -76.362000 12.439006
v 31.355000 -73.753998 12.444006
v 32.832001 -76.413002 12.442006
v 31.323999 -75.514000 14.925006
v 32.909000 -72.678001 10.062006
v 31.549000 -70.753998 11.985005
v 29.875999 -72.473999 10.117005
v 27.016001 -72.623001 11.142006
v 27.783001 -74.039001 8.561806
v 27.656000 -71.001999 8.649006
v 27.275999 -70.998001 13.699006
v 26.157000 -73.823997 13.800006
v 24.525000 -71.586998 12.544005
v 30.025000 -69.853996 14.317006
v 27.525000 -68.332001 15.141005
v 28.275000 -68.546997 12.201005
v 25.787001 -68.080002 10.516005
v 28.521000 -68.200996 9.190004
v 27.782000 -65.824997 10.939005
v 23.302999 -69.834999 10.525005
v 23.080999 -66.890999 9.798204
v 23.669001 -67.709000 12.668005
v 24.962000 -65.536003 14.357005
v 23.891001 -68.055000 15.681005
v 21.962999 -66.008003 14.523005
v 25.997000 -63.625999 12.228004
v 27.818001 -64.500000 14.502005
v 25.490000 -62.623001 15.054005
v 27.452999 -66.052002 11.116005
v 28.955999 -64.021004 12.808004
v 28.041000 -63.284000 10.003005
v 30.629999 -64.871002 10.150004
v 30.695000 -61.835999 10.332005
v 30.017000 -63.187000 7.693305
v 32.803001 -66.459999 11.566005
v 32.484001 -66.674004 8.549505
v 30.393000 -67.893997 10.390005
v 35.686001 -66.827003 12.462005
v 33.452999 -68.343002 13.864005
v 33.720001 -65.336998 14.240005
v 37.686001 -65.347000 10.713005
v 38.303001 -68.164001 11.678005
v 38.308998 -65.847000 13.648005
v 39.159000 -63.019001 9.423305
v 36.123001 -62.981998 9.611505
v 37.505001 -64.910004 7.709005
v 42.105000 -62.707001 10.107005
v 40.139999 -60.493999 10.804005
v 40.868999 -61.020000 7.899305
v 42.146999 -58.264999 7.733404
v 40.323002 -59.231998 5.500104
v 43.070000 -60.484001 5.870105
v 44.257999 -63.016998 4.677305
v 46.061001 -60.662998 5.351405
v 44.122002 -60.473000 3.016705
v 43.813000 -65.196999 2.603805
v 42.547001 -65.436996 5.358405
v 45.555000 -65.744003 5.035705
v 46.766998 -65.514999 7.815605
v 48.564999 -65.973000 5.406105
v 46.738998 -68.198997 6.385405
v 43.969002 -65.376999 8.999104
v 45.650002 -62.853001 8.771405
v 46.397999 -65.000999 10.790005
v 41.542999 -66.429001 7.497205
v 41.687000 -66.688004 10.524005
v 43.507999 -68.374001 8.765104
v 45.860001 -69.244003 10.485004
v 45.652000 -70.190002 7.602705
v 43.723999 -71.260002 9.697406
v 47.500000 -67.139999 11.946005
v 47.262001 -69.947998 13.090006
v 44.856998 -68.086998 13.113005
v 42.344002 -69.800003 13.163006
v 42.131001 -66.778999 13.439005
v 43.304001 -68.432999 15.705005
v 43.540001 -72.596001 13.211006
v 41.632000 -71.794998 10.982006
v 40.584999 -72.195000 13.809006
v 46.521999 -73.172997 13.065005
v 44.692001 -75.016998 14.646006
v 45.284000 -72.216003 15.673006
v 45.131001 -69.731003 17.419006
v 45.484001 -72.468002 18.697006
v 42.834000 -71.723999 17.405006
v 40.562000 -73.649002 18.021006
v 40.284000 -71.644997 15.750006
v 40.254002 -70.686996 18.636005
v 41.580002 -68.239998 19.861006
v 39.730000 -69.970001 21.545006
v 38.587002 -68.237000 19.322006
v 35.889999 -69.222000 18.321005
v 37.207001 -66.809998 17.019005
v 36.081001 -66.592003 19.836006
v 33.363998 -65.379997 20.464006
v 35.750999 -63.570999 19.935005
v 35.617001 -65.199997 22.499006
v 31.007999 -66.936996 21.594006
v 31.221001 -66.461998 18.597006
v 30.584999 -64.146004 20.462006
v 28.424000 -62.401001 21.702003
v 28.375000 -62.993000 18.720003
v 30.513000 -61.164001 19.871004
v 25.645000 -62.022999 22.877005
v 27.931999 -60.229000 23.773005
v 27.882000 -63.155998 24.598003
v 24.330000 -64.564003 21.847006
v 23.184999 -61.848000 21.098003
v 22.929001 -62.872002 23.950005
v 26.402000 -66.699997 21.222006
v 23.620001 -66.878998 20.007006
v 24.014999 -67.367996 22.983006
v 21.612000 -69.133003 23.582006
v 22.473000 -67.008003 25.580006
v 24.188000 -69.484001 25.160006
v 24.993000 -70.363998 27.957006
v 27.028999 -70.427002 25.698006
v 24.732000 -72.420998 25.732006
v 22.566000 -74.375000 24.873005
v 25.473000 -75.265999 24.954006
v 24.544001 -73.302002 22.827005
v 27.097000 -71.899002 21.952005
v 24.434000 -71.136002 20.695005
v 25.698000 -73.830002 20.063005
v 28.872999 -70.459999 23.957006
v 30.101999 -71.776001 21.506006
v 28.966000 -73.491997 23.745007
v 27.910000 -75.744003 25.495007
v 30.784000 -75.808998 24.504005
v 28.493000 -76.250000 22.553005
v 26.629000 -76.622002 20.179007
v 29.038000 -78.446999 20.523006
v 29.436001 -75.531998 19.752007
v 30.427999 -72.852997 18.710005
v 31.495001 -75.439003 17.516006
v 32.279999 -74.629997 20.340006
v 33.562000 -74.832001 23.091005
v 35.278000 -75.079002 20.593006
v 33.340000 -77.303001 21.332006
v 31.622999 -79.809998 21.456005
v 34.602001 -80.032997 20.889006
v 32.738998 -78.861000 18.791006
v 34.127998 -77.153000 16.693007
v 31.236000 -78.003998 16.290007
v 33.466999 -80.060997 16.093006
v 36.980000 -76.865997 17.708006
v 35.457001 -74.417999 16.739006
v 36.377998 -76.524002 14.747005
v 39.719002 -78.186996 17.722006
v 37.442001 -79.391998 19.338005
v 38.703999 -76.765999 20.212006
v 42.514000 -77.047997 17.351006
v 41.377998 -78.987000 15.302006
v 42.150002 -79.980003 18.071005
v 41.323002 -82.893997 18.348005
v 42.244999 -81.334999 20.791006
v 44.247002 -82.109001 18.637005
v 40.449001 -85.685997 19.177006
v 41.324001 -85.153999 16.313005
v 38.689999 -84.027000 17.333006
v 41.356998 -86.469002 21.972006
v 38.928001 -87.811996 20.730005
v 38.778999 -84.900002 21.594006
v 36.747002 -83.237000 20.061007
v 38.112999 -82.081001 22.519005
v 36.062000 -84.305000 22.824005
v 34.125999 -83.285004 18.519005
v 36.709999 -82.530998 17.103006
v 35.479000 -80.632004 19.135006
v 31.937000 -84.686996 16.940006
v 31.219000 -82.477997 18.903006
v 32.199001 -85.167000 19.931005
v 34.917999 -84.723000 16.341005
v 32.910000 -84.657997 14.059007
v 33.216999 -87.171997 15.742006
v 34.755001 -88.788002 17.809008
v 36.251999 -87.010002 15.848006
v 34.898998 -89.551003 14.868007
v 34.241001 -88.050003 20.714006
v 36.645000 -89.764000 19.982008
v 33.838001 -90.916000 19.778008
v 31.256001 -92.334000 20.534008
v 33.840000 -93.000999 21.992008
v 33.463001 -93.856003 19.098007
v 29.466000 -90.838997 18.582008
v 28.648001 -91.103996 21.499008
v 28.598000 -93.539001 19.678007
v 26.665001 -91.218002 17.460007
v 29.089001 -91.969002 15.784007
v 28.471001 -89.043999 16.338007
v 25.724001 -88.214996 17.346006
v 26.311001 -88.219002 14.362007
v 27.601000 -86.135002 16.163006
v 24.666000 -90.042000 19.535007
v 23.296000 -87.385002 18.979006
v 26.051001 -87.435997 20.267006
v 26.351000 -84.481003 19.613007
v 28.677000 -86.012001 20.835005
v 26.218000 -85.390999 22.512005
v 26.156000 -83.260002 16.835005
v 25.174000 -81.699997 19.253006
v 23.634001 -84.138000 18.290007
v 21.629999 -86.268997 17.457006
v 20.688000 -83.432999 18.022005
v 21.625000 -85.207001 20.307005
v 22.694000 -83.522003 22.602005
v 22.277000 -86.511002 22.976006
v 19.877001 -84.658997 22.734005
v 22.261000 -80.639000 23.468006
v 24.642000 -81.360001 21.718006
v 24.569000 -82.244003 24.627007
v 21.275000 -79.016998 25.843006
v 19.277000 -80.253998 23.913006
v 20.997999 -77.907997 23.025005
v 19.854000 -78.227997 20.226006
v 22.139000 -76.283997 20.721006
v 19.358000 -75.666000 21.787006
v 17.966000 -80.257004 21.479006
v 19.820999 -81.098000 19.220005
v 17.466000 -79.261002 18.650005
v 14.996000 -79.964996 22.059006
v 17.000000 -79.952003 24.346006
v 16.448999 -82.525002 22.821005
v 13.341000 -77.740997 20.808006
v 12.114000 -80.488998 21.241005
v 14.251000 -80.096001 19.113007
v 13.648000 -82.425003 17.253006
v 16.261999 -80.894997 16.977005
v 13.639000 -79.580002 16.180006
v 11.043000 -83.681000 16.311007
v 12.890000 -85.223000 18.171005
v 13.701000 -84.739998 15.281007
v 16.271999 -86.335999 14.979007
v 15.401000 -84.427002 12.778007
v 13.858000 -87.002998 13.256006
v 11.720000 -89.164001 13.343007
v 12.945000 -88.345001 10.683006
v 11.081000 -86.441002 12.150006
v 11.575000 -83.632004 11.094007
v 9.422800 -84.112999 13.188006
v 9.026500 -85.112999 10.344007
v 14.370000 -82.434998 11.132007
v 12.423000 -81.681999 8.920106
v 13.619000 -84.476997 9.006907
v 11.852000 -86.321999 7.356207
v 14.401000 -87.390999 8.625707
v 14.564000 -85.455002 6.286607
v 9.793500 -84.181000 6.704206
v 8.913000 -86.801003 7.972007
v 9.874400 -86.754997 5.087207
v 9.459800 -81.593002 5.141106
v 11.048000 -81.609001 7.734806
v 8.027500 -81.959999 7.798706
v 6.497600 -83.467003 9.951807
v 5.207300 -81.099998 8.544306
v 7.499700 -80.647003 10.491006
v 10.037000 -79.332001 11.529006
v 7.371700 -78.772003 12.882006
v 7.931700 -77.661003 10.107006
v 6.140800 -75.250000 10.586006
v 6.300600 -76.500000 7.817605
v 8.674200 -74.957001 8.929106
v 10.172000 -74.190002 6.396306
v 11.714000 -75.029999 8.879406
v 10.255000 -72.362000 8.825306
v 12.205000 -70.656998 10.419005
v 9.257000 -69.916000 10.332006
v 10.985000 -69.573997 7.852405
v 12.873000 -68.155998 5.937005
v 10.149000 -66.954002 6.554005
v 10.351000 -69.485001 4.879405
v 7.800000 -70.166000 3.369905
v 10.296000 -71.858002 2.978306
v 10.192000 -69.025002 1.877505
v 9.850100 -67.450996 -0.702525
v 12.029000 -69.560997 -0.485335
v 12.272000 -66.959000 1.069505
v 9.102400 -64.622002 -1.528495
v 6.943700 -66.746002 -1.253995
v 8.935200 -66.889000 -3.547795
v 7.692800 -66.975998 -6.322295
v 9.228500 -69.379997 -5.268095
v 10.715000 -66.834000 -6.013295
v 6.636800 -67.541000 -9.117695
v 7.151700 -64.676003 -8.236996
v 4.831900 -66.239998 -7.044595
v 9.400300 -68.178001 -10.215995
v 7.391100 -66.674004 -11.932995
v 6.958300 -69.620003 -11.313994
v 9.183500 -70.935997 -12.915995
v 6.556300 -72.403000 -12.472994
v 8.474800 -71.986000 -10.150994
v 12.013000 -72.044998 -13.035995
v 11.069000 -70.552002 -10.559995
v 11.550000 -69.042000 -13.155995
v 13.183000 -67.033997 -11.557995
v 10.172000 -67.199997 -11.165996
v 11.309000 -66.069000 -13.749995
v 16.070000 -66.350998 -12.228995
v 15.431000 -67.981003 -9.742195
v 14.707000 -65.029999 -9.852695
v 13.054000 -62.852001 -8.519896
v 15.995000 -62.372002 -9.128595
v 15.195000 -64.320999 -6.935795
v 15.643000 -66.643997 -5.024795
v 16.802999 -63.905998 -4.388295
v 17.961000 -65.556000 -6.665395
v 20.323999 -64.188004 -8.002895
v 19.458000 -66.958000 -8.910795
v 20.782000 -66.592003 -6.197295
v 23.101000 -63.187000 -7.271195
v 20.811001 -61.213001 -7.598095
v 21.961000 -62.624001 -10.033996
v 21.382000 -60.456001 -12.086995
v 21.021999 -63.383999 -12.824995
v 23.813999 -62.251999 -12.415996
v 25.816000 -62.228001 -14.705996
v 25.764999 -64.559998 -12.754995
v 26.773001 -61.839001 -11.844995
v 28.466999 -61.316002 -15.883995
v 25.865999 -60.071999 -16.849997
v 26.535000 -62.949001 -17.570995
v 27.094000 -64.655998 -20.024994
v 24.323000 -63.483002 -19.587994
v 25.323000 -65.728996 -17.797995
v 27.840000 -66.677002 -22.171995
v 29.938000 -65.720001 -20.188993
v 28.896000 -63.828999 -22.330994
v 27.853001 -66.876999 -25.206995
v 25.424999 -67.810997 -23.631994
v 28.016001 -69.399002 -23.515995
v 29.209999 -71.841003 -24.880995
v 26.757000 -72.137001 -23.106995
v 29.462000 -71.508003 -21.868994
v 31.938999 -71.236000 -26.078995
v 29.490000 -71.389999 -27.874994
v 30.606001 -73.917999 -26.607994
v 32.106998 -75.821999 -28.443995
v 29.266001 -76.471001 -27.575994
v 31.541000 -76.616997 -25.563993
v 34.264000 -76.967003 -30.256994
v 31.416000 -78.019997 -30.428995
v 33.126999 -78.652000 -27.994995
v 33.647999 -76.901001 -33.234993
v 32.493999 -79.109001 -31.491995
v 35.472000 -79.056999 -32.105991
v 36.855999 -81.438004 -30.815994
v 38.487000 -79.373001 -32.338993
v 36.639999 -81.262001 -33.843994
v 36.361000 -84.350998 -30.094994
v 34.928001 -82.142998 -28.571995
v 37.917000 -82.557999 -28.194994
v 39.370998 -83.234001 -25.610994
v 38.499001 -80.373001 -26.160994
v 40.772999 -81.605003 -27.761993
v 39.612999 -85.814003 -24.017994
v 40.379002 -83.162003 -22.742994
v 42.117001 -84.352997 -24.935995
v 39.529999 -88.815002 -23.534992
v 36.938999 -87.241997 -23.776995
v 38.705002 -86.896004 -21.324995
v 42.051998 -90.472000 -23.156992
v 39.401001 -91.461998 -22.042992
v 40.783001 -89.068001 -20.775991
v 38.616001 -87.973000 -18.943995
v 41.265999 -86.503998 -19.212994
v 41.146999 -89.171997 -17.757992
v 36.444000 -89.864998 -19.918993
v 35.861000 -86.892998 -19.642994
v 36.237999 -88.606003 -17.157993
v 35.161999 -92.433998 -18.914993
v 37.143002 -92.523003 -21.220993
v 34.386002 -91.306999 -21.630993
v 35.276001 -92.796997 -15.897993
v 32.970001 -93.983002 -17.485992
v 33.181000 -90.970001 -17.130993
v 30.719999 -89.696999 -18.383993
v 32.935001 -87.942001 -17.261993
v 31.153999 -89.530998 -15.377994
vn 0.0482 0.6951 0.7173
vn -0.6227 -0.7291 0.2841
vn 0.9110 -0.3817 -0.1562
vn -0.3364 0.4155 -0.8451
vn 0.0094 -0.3919 0.9200
vn -0.7076 0.7045 -0.0549
vn -0.1939 -0.7195 -0.6669
vn 0.8918 0.4068 -0.1980
vn -0.8358 -0.0768 0.5437
vn 0.6725 0.5478 0.4976
vn -0.2096 0.4415 -0.8724
vn 0.3727 -0.9124 -0.1690
vn -0.4722 0.6442 0.6017
vn 0.3579 -0.7611 0.5409
vn 0.7559 0.4662 -0.4596
vn -0.6412 -0.3493 -0.6833
vn 0.3993 0.1532 0.9039
vn -0.9668 -0.2358 0.0986
vn 0.4814 -0.7495 -0.4544
vn 0.0859 0.8322 -0.5478
vn -0.1852 -0.4545 0.8713
vn -0.3063 0.9507 0.0482
vn -0.4908 -0.4715 -0.7327
vn 0.9821 -0.0246 -0.1868
vn -0.9042 0.2104 0.3718
vn 0.6840 0.0747 0.7257
vn 0.2199 0.6458 -0.7312
vn 0.0001 -0.9303 -0.3668
vn -0.0780 0.6536 0.7528
vn -0.2626 -0.9102 0.3203
vn 0.9450 -0.0221 -0.3264
vn -0.6040 0.2792 -0.7465
vn 0.3535 -0.1610 0.9215
vn -0.9597 0.2758 0.0546
vn 0.0754 -0.8400 -0.5373
vn 0.5306 0.7253 -0.4386
vn -0.7007 -0.3797 0.6040
vn 0.3355 0.8624 0.3792
vn -0.3933 0.1643 -0.9046
vn 0.7579 -0.6476 -0.0792
vn -0.6305 0.6026 0.4893
vn 0.5081 -0.5551 0.6585
vn 0.6400 0.5506 -0.5360
vn -0.5186 -0.5980 -0.6111
vn 0.1448 0.4310 0.8906
vn -0.7469 -0.6614 0.0677
vn 0.8363 -0.4696 -0.2829
vn -0.2340 0.7000 -0.6747
vn 0.0273 -0.5528 0.8328
vn -0.6860 0.7207 0.1002
vn -0.2384 -0.5811 -0.7781
vn 0.8973 0.4134 -0.1550
vn -0.8429 -0.2831 0.4575
vn 0.5788 0.4984 0.6454
vn -0.2233 0.5932 -0.7735
vn 0.4871 -0.8084 -0.3306
vn -0.4605 0.6341 0.6212
vn 0.1333 -0.8783 0.4592
vn 0.8888 0.3751 -0.2632
vn -0.5611 -0.1306 -0.8174
vn 0.0487 0.1600 0.9859
vn -0.9230 -0.2975 -0.2442
vn 0.6573 -0.7089 -0.2557
vn 0.2168 0.8465 -0.4862
vn -0.4026 -0.7650 0.5028
vn -0.3712 0.8605 0.3489
vn -0.2191 -0.0878 -0.9717
vn 0.9927 -0.0076 0.1201
vn -0.9750 0.1131 0.1913
vn 0.4913 -0.1601 0.8562
vn 0.3524 0.8280 -0.4362
vn 0.1311 -0.7808 -0.6108
vn -0.8027 0.1078 0.5865
vn 0.2910 -0.9567 0.0076
vn 0.7418 0.5780 0.3400
vn -0.2309 0.2711 -0.9344
vn 0.4916 -0.3059 -0.8153
vn 0.5019 -0.2827 0.8175
vn -0.9128 -0.4083 0.0115
vn -0.0808 0.9966 -0.0136
vn 0.6194 0.6771 0.3974
vn -0.4618 -0.4998 0.7328
vn 0.5228 -0.6407 -0.5624
vn -0.6805 0.4633 -0.5677
vn -0.5757 -0.6991 -0.4240
vn 0.6097 -0.4296 0.6661
vn -0.5781 0.6724 0.4623
vn 0.5441 0.4561 -0.7042
vn -0.3794 -0.8513 -0.3623
vn 0.9786 -0.1165 0.1696
vn -0.4615 0.2326 0.8561
vn -0.1378 0.7353 -0.6636
vn 0.4303 0.6978 0.5726
vn 0.2669 -0.9078 0.3235
vn 0.2968 0.1168 -0.9478
vn -0.9943 0.0934 0.0518
vn 0.7509 0.3807 0.5396
vn -0.6110 -0.5183 0.5984
vn 0.3698 -0.6057 -0.7046
vn -0.5096 0.7433 -0.4335
vn -0.9755 0.1188 -0.1852
vn 0.2191 -0.9755 0.0203
vn 0.2238 0.4104 0.8840
vn 0.5328 0.4463 -0.7189
vn 0.3595 -0.4169 -0.8348
vn 0.4691 -0.3862 0.7943
vn -0.9803 -0.1848 0.0694
vn 0.1520 0.9880 -0.0288
vn -0.0796 -0.9873 -0.1374
vn 0.9455 0.2835 -0.1600
vn -0.2626 0.2282 0.9375
vn -0.6032 0.4756 -0.6403
vn 0.8666 -0.0688 0.4943
vn -0.0251 -0.6874 -0.7259
vn -0.0831 0.9121 -0.4016
vn -0.7584 -0.1558 0.6329
vn 0.8242 0.0863 -0.5598
vn -0.0114 -0.8976 0.4407
vn -0.8086 0.0966 -0.5803
vn -0.0040 0.7147 0.6994
vn -0.4234 -0.1428 0.8946
vn -0.5164 -0.4987 -0.6962
vn 0.9421 -0.3348 0.0195
vn -0.0026 0.9760 -0.2178
vn -0.3223 0.5802 -0.7480
vn 0.4573 -0.8057 -0.3764
vn -0.7785 -0.2885 0.5574
vn 0.6435 0.5141 0.5671
vn 0.2461 -0.6701 0.7003
vn -0.6270 -0.4190 -0.6567
vn 0.8258 0.3040 -0.4750
vn -0.4446 0.7849 0.4315
vn -0.3317 -0.7307 0.5967
vn -0.7595 0.3563 -0.5443
vn 0.7058 -0.3618 -0.6090
vn 0.3851 0.7362 0.5565
vn -0.3322 0.9149 0.2294
vn 0.1081 -0.0764 -0.9912
vn -0.6581 -0.6829 0.3172
vn 0.8821 -0.1556 0.4446
vn 0.4809 -0.7826 -0.3954
vn -0.8923 0.1001 -0.4403
vn 0.5385 0.8301 -0.1450
vn -0.1272 -0.1477 0.9808
vn -0.1922 0.0085 0.9813
vn -0.7148 0.5044 -0.4843
vn 0.0211 -0.9448 -0.3271
vn 0.8859 0.4316 -0.1699
vn -0.0719 0.8045 0.5896
vn -0.6457 0.0844 -0.7589
vn -0.2128 -0.8213 0.5293
vn 0.9305 -0.0674 -0.3600
vn -0.2648 0.0656 0.9621
vn -0.5605 0.6250 -0.5433
vn -0.1390 -0.9370 -0.3206
vn 0.9642 0.2463 -0.0980
vn -0.4750 -0.6942 0.5408
vn -0.2763 0.9100 0.3093
vn -0.2363 -0.1098 -0.9655
vn 0.9877 -0.1057 0.1154
vn -0.8260 -0.1639 0.5393
vn 0.7675 0.1849 0.6138
vn -0.1440 0.7870 -0.5999
vn 0.2026 -0.8082 -0.5530
vn -0.4161 0.0891 0.9050
vn 0.7625 -0.6454 0.0457
vn 0.3360 0.8923 -0.3015
vn -0.6824 -0.3360 -0.6492
vn -0.0486 -0.4645 -0.8843
vn 0.8599 0.5065 0.0634
vn -0.0434 -0.6770 0.7347
vn -0.7680 0.6346 0.0861
vn -0.0249 0.9605 0.2773
vn 0.6772 -0.4885 0.5502
vn 0.2489 -0.0619 -0.9666
vn -0.9014 -0.4101 0.1389
vn -0.0945 -0.9914 0.0911
vn 0.9480 0.2251 -0.2249
vn -0.2514 0.4396 0.8623
vn -0.6021 0.3266 -0.7286
vn 0.2183 0.6416 -0.7353
vn 0.4476 0.2959 0.8438
vn 0.3242 -0.9132 -0.2469
vn -0.9901 -0.0242 0.1384
vn -0.1633 -0.6745 0.7200
vn 0.9679 0.2512 -0.0080
vn -0.5544 0.8139 0.1740
vn -0.2502 -0.3903 -0.8860
vn 0.5077 0.1304 -0.8516
vn 0.1026 0.8105 0.5767
vn 0.3578 -0.7998 0.4821
vn -0.9681 -0.1412 -0.2072
vn -0.8575 0.4071 0.3145
vn 0.6480 -0.0408 0.7605
vn 0.3842 0.5580 -0.7356
vn -0.1747 -0.9243 -0.3394
vn 0.4816 -0.8705 0.1010
vn 0.6418 0.7540 0.1398
vn -0.7329 0.0558 0.6781
vn -0.3903 0.0606 -0.9187
vn 0.5754 -0.4956 0.6506
vn 0.5694 0.3690 -0.7346
vn -0.4650 0.7501 0.4703
vn -0.6796 -0.6235 -0.3865
vn 0.9266 0.3016 0.2246
vn 0.0442 -0.8516 -0.5223
vn -0.4559 0.7027 -0.5462
vn -0.5148 -0.1529 0.8436
vn 0.4571 0.5618 -0.6895
vn -0.1421 -0.9214 -0.3616
vn -0.8837 0.4078 0.2299
vn 0.5686 -0.0480 0.8212
vn 0.6763 -0.2082 -0.7066
vn -0.8451 -0.4998 -0.1896
vn -0.1872 0.9823 0.0031
vn 0.3562 -0.2743 0.8932
vn -0.3328 -0.3268 0.8846
vn -0.7486 0.4396 -0.4964
vn 0.3445 -0.7730 -0.5327
vn 0.7370 0.6602 0.1446
vn 0.2893 0.4253 -0.8575
vn -0.7454 -0.6415 -0.1810
vn -0.3149 0.7070 0.6333
vn 0.7712 -0.4910 0.4052
vn 0.0371 -0.9255 0.3769
vn -0.7969 0.4783 0.3689
vn -0.0718 -0.0483 -0.9963
vn 0.8318 0.4954 0.2505
vn 0.1044 0.9847 -0.1393
vn -0.9198 -0.2797 -0.2753
vn 0.1392 -0.2166 0.9663
vn 0.6760 -0.4885 -0.5517
vn -0.0816 -0.9295 -0.3596
vn -0.6596 0.1300 0.7403
vn -0.1848 0.6573 -0.7306
vn 0.9261 0.1422 0.3495
vn 0.1951 0.8014 0.5654
vn -0.9599 0.0152 -0.2800
vn 0.1810 -0.8310 0.5261
vn 0.5841 0.0143 -0.8115
vn -0.2810 -0.7594 -0.5868
vn -0.5128 -0.0343 0.8578
vn -0.1848 0.8662 -0.4642
vn 0.9784 -0.0724 0.1934
vn 0.4947 0.0899 0.8644
vn -0.7846 0.6200 -0.0011
vn -0.3193 -0.9418 -0.1048
vn 0.6092 0.2317 -0.7584
vn -0.1920 0.4431 -0.8757
vn -0.8464 -0.3783 0.3748
vn 0.3763 0.6718 0.6380
vn 0.6621 -0.7368 -0.1372
vn -0.5563 0.8239 -0.1081
vn -0.3509 -0.7199 -0.5988
vn -0.0410 -0.3077 0.9506
vn 0.9482 0.2035 -0.2438
vn -0.9229 -0.3559 -0.1467
vn 0.2313 0.6398 -0.7329
vn 0.6531 -0.7572 -0.0003
vn 0.0383 0.4734 0.8800
vn -0.2032 -0.1591 -0.9661
vn -0.7335 0.5421 0.4100
vn 0.8653 0.4945 0.0818
vn 0.0716 -0.8774 0.4743
vn -0.4238 0.7113 -0.5608
vn -0.5718 -0.8202 -0.0141
vn 0.0907 0.3269 0.9407
vn 0.9048 -0.2181 -0.3658
vn -0.9840 0.1757 0.0305
vn 0.2803 -0.1625 -0.9461
vn 0.2121 -0.8053 0.5536
vn 0.4914 0.7922 0.3619
vn -0.6804 -0.4634 -0.5677
vn -0.0436 0.9853 -0.1649
vn 0.9126 -0.3367 -0.2319
vn -0.1884 -0.1853 0.9645
vn -0.0670 0.3856 0.9202
vn 0.9054 0.1941 -0.3777
vn -0.6999 0.4098 -0.5850
vn -0.1385 -0.9895 0.0424
vn 0.0809 0.2668 -0.9603
vn 0.2886 0.7599 0.5825
vn 0.5818 -0.7942 0.1754
vn -0.9513 -0.2325 0.2024
vn 0.8510 -0.0408 0.5235
vn 0.0791 0.6985 -0.7112
vn -0.7567 0.2312 0.6115
vn -0.1735 -0.8889 -0.4240
vn 0.7119 0.6718 0.2048
vn 0.4006 -0.7691 -0.4980
vn -0.7094 0.4270 -0.5608
vn -0.4031 -0.3295 0.8538
vn 0.5505 0.3323 -0.7659
vn 0.5923 -0.1664 0.7884
vn -0.4549 -0.8515 -0.2610
vn -0.6880 0.6854 0.2385
vn 0.9531 -0.2832 -0.1070
vn -0.0430 0.9938 0.1027
vn -0.3882 -0.4360 0.8119
vn -0.5218 -0.2746 -0.8076
vn 0.8417 0.3371 0.4218
vn 0.0565 0.1110 -0.9922
vn -0.7793 0.5200 0.3499
vn -0.1188 -0.9681 0.2208
vn 0.4036 0.8559 -0.3234
vn 0.7036 -0.7100 0.0292
vn -0.7308 -0.2802 -0.6225
vn -0.3762 0.1343 0.9167
vn 0.6168 -0.0079 -0.7871
vn 0.4775 0.3764 0.7939
vn -0.2958 -0.9338 0.2011
vn -0.7982 0.5654 -0.2077
vn 0.9876 -0.1533 0.0341
vn -0.1828 0.9201 -0.3463
vn -0.3834 -0.0926 0.9189
vn -0.4212 -0.6742 -0.6066
vn 0.7004 0.6383 0.3194
vn 0.1609 -0.2168 -0.9629
vn -0.9028 0.4179 0.1013
vn 0.0414 -0.8393 0.5421
vn 0.3829 0.7429 -0.5490
vn 0.7397 -0.5880 0.3273
vn -0.6304 -0.5376 -0.5601
vn -0.4922 0.3828 0.7818
vn 0.6340 -0.1577 -0.7571
vn 0.3839 0.6850 0.6192
vn -0.1445 -0.8553 0.4976
vn -0.8735 0.3280 -0.3598
vn 0.9832 -0.1205 0.1369
vn -0.1563 0.7103 -0.6863
vn -0.4259 0.2711 0.8632
vn -0.4007 -0.8608 -0.3138
vn 0.6586 0.7515 0.0376
vn 0.2304 -0.6076 -0.7601
vn -0.9195 0.3690 -0.1354
vn 0.0304 -0.5129 0.8579
vn -0.1464 0.6790 -0.7194
vn 0.9556 -0.2947 -0.0092
vn -0.5937 -0.7885 -0.1604
vn -0.2156 0.4042 0.8889
vn 0.2678 -0.6445 0.7161
vn 0.1595 -0.4129 -0.8967
vn 0.5428 0.8357 0.0834
vn -0.9703 0.2217 0.0971
vn 0.4271 0.7365 -0.5245
vn 0.6446 -0.7586 0.0948
vn -0.8199 -0.3168 -0.4769
vn -0.2518 0.3389 0.9065
vn 0.5001 -0.1345 0.8555
vn -0.3967 -0.8695 -0.2943
vn 0.6267 0.3356 -0.7033
vn -0.7301 0.6684 0.1421
vn 0.6365 -0.6930 0.3386
vn -0.8273 -0.0044 0.5618
vn -0.2407 -0.2035 -0.9490
vn 0.4311 0.9010 0.0487
vn -0.7875 -0.5858 -0.1916
vn 0.4107 -0.2684 0.8713
vn -0.2981 0.9531 0.0514
vn 0.6751 -0.0990 -0.7311
vn 0.9433 -0.3215 -0.0828
vn -0.0500 0.7092 0.7033
vn -0.5916 -0.7647 0.2554
vn -0.3018 0.3768 -0.8758
vn -0.4175 0.7717 -0.4798
vn -0.4169 -0.0954 0.9039
vn 0.9816 0.1618 0.1010
vn -0.1474 -0.8381 -0.5252
vn -0.3322 -0.8920 0.3067
vn 0.6269 0.3751 0.6829
vn -0.7746 0.6213 -0.1184
vn 0.4796 -0.1045 -0.8712
vn 0.4335 0.8856 -0.1669
vn -0.5571 0.0524 0.8288
vn 0.7051 -0.6995 0.1161
vn -0.5812 -0.2384 -0.7780
vn 0.1537 0.9769 0.1482
vn -0.9786 -0.1967 0.0606
vn 0.4891 -0.5239 0.6974
vn 0.3360 -0.2566 -0.9062
vn -0.1691 -0.9601 -0.2226
vn -0.2827 0.1784 0.9425
vn -0.5232 0.5835 -0.6211
vn 0.9751 0.1985 -0.0986
vn -0.2321 0.9725 0.0217
vn -0.8199 -0.5422 0.1837
vn 0.6906 -0.1936 0.6968
vn 0.3612 -0.2364 -0.9020
vn -0.1596 -0.8457 -0.5092
vn -0.0592 -0.1856 0.9808
vn -0.6908 0.6770 -0.2537
vn 0.9095 0.3541 -0.2178
vn 0.1665 0.8132 0.5577
vn -0.9212 -0.3449 0.1802
vn 0.6707 -0.7052 0.2300
vn 0.0839 0.2367 -0.9679
vn -0.6534 0.7474 -0.1201
vn -0.4655 -0.8749 -0.1335
vn 0.3820 0.0366 0.9234
vn 0.7372 0.0910 -0.6696
vn -0.9603 0.2788 -0.0017
vn 0.2507 -0.3378 -0.9072
vn 0.1355 -0.7255 0.6748
vn 0.5744 0.7844 0.2341
vn -0.6161 -0.5115 -0.5990
vn 0.2804 0.8457 -0.4540
vn 0.8076 -0.5550 0.1993
vn -0.4719 0.2206 0.8536
vn 0.1347 0.8693 0.4756
vn 0.8734 -0.3156 -0.3710
vn -0.6533 0.1261 -0.7465
vn -0.3546 -0.6798 0.6420
vn -0.0250 -0.9745 -0.2230
vn 0.3630 0.5112 -0.7791
vn 0.5873 0.1445 0.7964
vn -0.9252 0.3189 0.2059
vn 0.1262 0.9679 0.2174
vn 0.8930 -0.4382 -0.1026
vn -0.5131 -0.0856 -0.8540
vn -0.5064 -0.4440 0.7392
vn 0.0124 -0.9822 0.1874
vn 0.4246 0.1754 -0.8883
vn 0.5087 0.4817 0.7136
vn -0.9456 0.3250 -0.0128
vn -0.0709 0.9457 -0.3173
vn 0.9505 -0.3036 -0.0663
vn -0.5774 -0.5864 -0.5681
vn -0.3023 -0.0557 0.9516
vn 0.5967 0.1590 0.7866
vn 0.1971 -0.8989 -0.3913
vn 0.1616 0.7066 -0.6889
vn -0.9553 0.0334 0.2938
vn -0.8474 -0.5133 0.1360
vn 0.3999 -0.2450 -0.8832
vn 0.6454 -0.2217 0.7310
vn -0.1977 0.9801 0.0164
vn 0.8430 0.4819 -0.2391
vn 0.1727 -0.9848 0.0176
vn -0.7043 0.2030 -0.6802
vn -0.3111 0.3000 0.9018
vn -0.6089 -0.5468 0.5746
vn 0.0681 -0.4182 -0.9058
vn 0.9074 0.0388 0.4184
vn -0.3665 0.9263 -0.0873
vn 0.3254 0.5234 -0.7875
vn -0.0477 -0.9694 -0.2409
vn -0.9090 0.3235 0.2627
vn 0.6314 0.1227 0.7657
vn 0.3096 0.0652 -0.9486
vn -0.7640 -0.6425 0.0582
vn -0.2976 0.9009 0.3161
vn 0.7519 -0.3234 0.5745
vn -0.1303 0.9908 0.0363
vn -0.0502 -0.3082 -0.9500
vn -0.7151 -0.4501 0.5348
vn 0.8958 -0.2325 0.3789
vn 0.7803 -0.5326 -0.3278
vn -0.8461 -0.5002 -0.1845
vn -0.0243 0.8812 -0.4721
vn 0.0901 0.1517 0.9843
vn -0.2326 -0.2416 -0.9421
vn 0.4001 -0.7937 0.4583
vn -0.8270 0.2835 0.4855
vn 0.6594 0.7518 -0.0017
vn -0.3633 -0.9317 -0.0069
vn 0.7766 0.0593 -0.6272
vn 0.2996 0.2343 0.9248
vn -0.7130 0.6380 -0.2908
vn 0.5543 -0.8250 -0.1101
vn -0.6342 0.0808 -0.7689
vn 0.5972 0.8017 0.0251
vn -0.5171 -0.0575 0.8540
vn 0.3551 -0.2483 -0.9013
vn -0.5341 -0.7607 0.3690
vn -0.5835 0.8079 -0.0826
vn 0.7626 0.2010 0.6149
vn -0.4594 -0.5475 -0.6994
vn 0.8601 -0.4407 0.2568
vn -0.5892 0.0752 0.8045
vn 0.1883 0.9130 -0.3618
vn -0.1220 -0.9923 0.0190
vn 0.4347 0.2663 -0.8603
vn 0.5786 0.2796 0.7662
vn -0.8915 0.4467 0.0752
vn 0.5457 -0.7652 -0.3416
vn -0.8771 0.0243 -0.4797
vn 0.4911 0.8565 -0.1591
vn -0.1595 -0.1155 0.9804
vn -0.4420 0.4336 0.7853
vn 0.0197 0.6410 -0.7673
vn -0.5128 -0.8176 -0.2617
vn 0.9351 -0.2570 0.2438
vn -0.6385 0.6139 0.4642
vn 0.8887 0.4495 -0.0903
vn -0.3537 -0.2245 -0.9080
vn 0.1035 -0.8391 0.5341
vn 0.8328 -0.3641 0.4169
vn 0.1696 0.1991 -0.9652
vn -0.2685 0.8401 0.4714
vn -0.7339 -0.6749 0.0771
vn 0.7436 0.3623 0.5619
vn 0.3480 -0.2211 -0.9111
vn -0.7241 0.6854 -0.0768
vn -0.3676 -0.8266 0.4261
vn -0.7100 0.2625 0.6534
vn 0.6346 0.7623 -0.1268
vn -0.4222 -0.2311 -0.8765
vn 0.4978 -0.7935 0.3500
vn -0.3798 0.8835 -0.2742
vn 0.2169 0.0187 0.9760
vn 0.8329 -0.1812 -0.5229
vn -0.6697 -0.7207 -0.1791
vn 0.4760 0.5836 0.6579
vn -0.9876 0.1178 0.1036
vn 0.2413 -0.9560 0.1668
vn 0.2704 0.2547 -0.9285
vn -0.3019 0.2586 0.9176
vn 0.0835 0.8195 -0.5669
vn -0.6692 -0.6211 -0.4080
vn 0.8875 -0.4571 0.0575
vn -0.6978 0.7160 0.0187
vn 0.7660 0.2656 0.5854
vn 0.3245 -0.1246 -0.9376
vn -0.3928 -0.8570 0.3335
vn 0.3338 0.9408 -0.0586
vn -0.6548 -0.0752 0.7521
vn 0.7694 -0.6171 0.1650
vn -0.4484 -0.2485 -0.8586
vn 0.1344 0.6052 0.7846
vn -0.7583 0.3394 -0.5566
vn -0.2106 -0.9227 0.3230
vn 0.8343 -0.0221 -0.5509
vn -0.7925 0.3353 0.5094
vn 0.5434 0.7762 -0.3196
vn -0.3108 -0.5352 -0.7854
vn 0.5597 -0.5763 0.5955
vn -0.4645 0.8023 -0.3748
vn 0.2186 0.1604 0.9625
vn 0.8441 -0.1649 -0.5103
vn -0.5979 -0.7978 -0.0774
vn 0.2471 0.9384 0.2416
vn -0.9795 -0.1356 0.1488
vn 0.5155 -0.6381 0.5719
vn 0.2170 -0.1647 -0.9622
vn -0.3342 0.5042 0.7963
vn -0.2330 0.5010 -0.8335
vn -0.4257 -0.9045 -0.0247
vn 0.9930 -0.1005 0.0620
vn -0.9040 0.4196 -0.0813
vn 0.6582 0.6844 0.3136
vn 0.2852 -0.3528 -0.8912
vn -0.0394 -0.7512 0.6589
vn -0.2191 0.9394 -0.2637
vn -0.3012 -0.1613 0.9398
vn 0.9879 -0.1418 -0.0622
vn -0.4676 -0.6361 -0.6138
vn 0.1579 0.7559 0.6353
vn -0.9480 0.0236 -0.3173
vn 0.1741 -0.8681 0.4648
vn 0.6160 0.0886 -0.7828
vn -0.6583 0.3422 0.6705
vn 0.2503 0.7374 -0.6274
vn -0.4100 -0.7521 -0.5160
vn 0.8180 -0.3274 0.4729
vn -0.7237 0.6160 -0.3112
vn 0.4603 0.3999 0.7926
vn 0.6623 -0.1353 -0.7370
vn -0.3992 -0.8805 0.2556
vn 0.0459 0.9982 0.0378
vn -0.7522 -0.3212 0.5754
vn 0.8610 -0.3863 0.3310
vn -0.1547 -0.2908 -0.9442
vn -0.1132 0.5907 0.7989
vn -0.6944 0.2264 -0.6830
vn -0.1023 -0.9559 0.2753
vn 0.9099 0.1386 -0.3909
vn -0.8970 0.2028 0.3927
vn 0.4553 0.8546 -0.2498
vn -0.1136 -0.5678 -0.8153
vn 0.5553 -0.4895 0.6724
vn -0.5534 0.6749 -0.4881
vn -0.0429 0.1815 0.9825
vn 0.9491 0.0609 -0.3091
vn -0.3529 -0.9171 -0.1852
vn -0.1172 0.9623 0.2454
vn -0.8971 -0.4257 -0.1185
vn 0.4990 -0.4711 0.7274
vn 0.5154 -0.0655 -0.8544
vn -0.0785 -0.2538 -0.9641
vn 0.0491 -0.8273 0.5596
vn -0.7990 0.5377 0.2691
vn 0.8285 0.5434 0.1353
vn -0.5978 0.0605 0.7993
vn -0.2130 -0.8314 -0.5132
vn 0.9540 -0.0275 0.2985
vn -0.1430 0.7986 -0.5846
vn 0.5397 -0.0820 -0.8378
vn 0.2257 -0.7540 0.6170
vn -0.9736 -0.0340 -0.2259
vn 0.2082 0.8700 0.4470
vn 0.1082 0.0987 0.9892
vn -0.6295 -0.7526 -0.1931
vn 0.8889 -0.1943 -0.4148
vn -0.3676 0.8482 -0.3812
vn -0.1580 -0.0473 -0.9863
vn 0.3251 -0.8869 0.3283
vn -0.8544 0.2344 0.4638
vn 0.6874 0.6998 0.1944
vn -0.6936 -0.6875 -0.2152
vn 0.8178 -0.1679 -0.5505
vn 0.2345 -0.0555 0.9705
vn -0.3584 0.9108 -0.2050
vn 0.8248 0.3398 0.4519
vn 0.0579 -0.9937 -0.0961
vn -0.0805 0.4184 -0.9047
vn -0.8021 0.2356 0.5488
vn -0.2184 -0.2423 -0.9453
vn 0.9288 -0.3015 0.2154
vn -0.6473 -0.4477 0.6169
vn -0.0634 0.9916 0.1131
vn 0.8153 0.5655 -0.1245
vn 0.0163 -0.4124 0.9109
vn -0.0141 -0.7213 -0.6925
vn -0.8175 0.5683 -0.0938
vn 0.7692 -0.5227 0.3676
vn 0.0310 0.9339 0.3562
vn -0.8586 -0.4330 0.2743
vn 0.0584 0.0219 -0.9981
vn 0.2624 0.2018 0.9436
vn 0.7739 0.1807 -0.6070
vn -0.7716 0.5793 -0.2627
vn -0.2646 -0.9615 -0.0740
vn 0.1125 0.9927 0.0439
vn 0.7447 -0.4422 0.4999
vn 0.0180 -0.2959 -0.9551
vn -0.8752 -0.2547 0.4113
vn -0.1917 -0.9382 0.2880
vn 0.8788 0.0293 -0.4762
vn 0.0359 0.5943 0.8034
vn -0.7231 0.3144 -0.6150
vn -0.0525 0.5299 -0.8465
vn 0.7722 0.3223 0.5475
vn 0.1273 -0.9672 -0.2196
vn -0.8471 0.1151 0.5187
vn -0.1716 -0.1924 0.9662
vn 0.9379 -0.2597 -0.2302
vn -0.1275 0.9766 -0.1730
vn -0.6387 -0.5246 -0.5629
vn 0.0963 -0.9949 -0.0310
vn 0.5493 0.4109 -0.7276
vn 0.3152 0.3377 0.8869
vn -0.9607 0.2462 -0.1281
vn 0.8486 -0.4848 -0.2117
vn -0.7343 -0.3417 -0.5866
vn 0.1263 0.9790 -0.1601
vn -0.2408 -0.1527 0.9585
vn -0.3086 0.0960 0.9463
vn -0.4951 0.6475 -0.5793
vn -0.1769 -0.9323 -0.3154
vn 0.9807 0.1887 -0.0516
vn -0.2060 0.0517 -0.9772
vn -0.8537 -0.0136 0.5205
vn 0.5420 0.7962 0.2689
vn 0.5178 -0.8347 0.1877
vn -0.1974 -0.9388 0.2821
vn -0.2192 0.6261 0.7483
vn -0.5531 0.2308 -0.8005
vn 0.9697 0.0818 -0.2300
vn 0.2469 0.9547 -0.1659
vn -0.9959 -0.0872 0.0252
vn 0.3826 -0.2962 0.8751
vn 0.3661 -0.5715 -0.7344
vn -0.3293 -0.8733 -0.3590
vn -0.3616 0.1390 0.9219
vn -0.3089 0.7423 -0.5947
vn 0.9995 -0.0080 0.0315
vn 0.4465 0.7242 0.5255
vn -0.9886 0.0449 0.1439
vn 0.3408 -0.8901 0.3026
vn 0.2011 0.1210 -0.9721
vn 0.3324 0.1200 0.9355
vn -0.6926 0.6933 -0.1993
vn -0.4026 -0.9103 -0.0966
vn 0.7626 0.0969 -0.6396
vn -0.2662 0.0153 -0.9638
vn -0.8172 -0.0824 0.5704
vn 0.4804 0.8473 0.2265
vn 0.6029 -0.7802 0.1668
vn -0.1519 0.0041 0.9884
vn -0.7435 0.4914 -0.4536
vn 0.0255 -0.9439 -0.3293
vn 0.8699 0.4483 -0.2056
vn -0.8281 0.3711 0.4202
vn 0.4523 0.7150 -0.5331
vn -0.2438 -0.7607 -0.6015
vn 0.6193 -0.3252 0.7146
vn 0.0213 -0.1781 -0.9838
vn -0.4631 0.8695 0.1714
vn 0.9354 0.0458 0.3506
vn -0.4935 -0.7370 0.4618
vn 0.0399 0.2311 0.9721
vn 0.2539 0.7999 -0.5437
vn -0.9294 -0.2826 -0.2374
vn 0.6354 -0.7482 -0.1909
vn 0.7507 -0.0383 -0.6595
vn -0.8335 0.3046 -0.4609
vn 0.2307 0.6427 0.7306
vn -0.1481 -0.9089 0.3898
vn -0.7603 0.1679 0.6275
vn 0.1116 0.7871 -0.6066
vn -0.1915 -0.8163 -0.5449
vn 0.8402 -0.1389 0.5241
vn 0.7104 -0.0098 -0.7037
vn -0.8987 -0.0721 -0.4327
vn 0.0540 0.8546 0.5164
vn 0.1344 -0.7729 0.6201
vn 0.2379 0.1868 -0.9532
vn -0.4002 -0.9137 0.0708
vn -0.6615 0.6794 0.3176
vn 0.8239 0.0474 0.5647
vn 0.6690 -0.4916 -0.5575
vn -0.2000 -0.5291 0.8246
vn -0.8411 0.1291 -0.5252
vn 0.3720 0.8916 0.2581
vn -0.4304 0.5650 0.7039
vn -0.5179 -0.8485 -0.1089
vn 0.9381 -0.2145 0.2721
vn 0.0102 0.4978 -0.8672
vn -0.0822 -0.4981 -0.8632
vn 0.2983 -0.6272 0.7195
vn -0.8872 0.3908 0.2452
vn 0.6710 0.7345 -0.1016
vn -0.9641 -0.0273 0.2642
vn 0.3602 -0.9318 -0.0443
vn 0.5161 0.5251 0.6767
vn 0.0878 0.4342 -0.8965
vn 0.2198 0.1689 -0.9608
vn 0.6553 -0.6515 0.3822
vn -0.9238 -0.3765 0.0695
vn 0.0488 0.8593 0.5091
vn -0.4758 -0.7531 0.4544
vn 0.6846 -0.3693 -0.6284
vn 0.4505 0.5717 0.6858
vn -0.6594 0.5507 -0.5118
vn 0.1264 -0.1460 0.9812
vn 0.1258 -0.8655 -0.4848
vn 0.6707 0.6657 -0.3270
vn -0.9229 0.3459 -0.1694
vn -0.2372 -0.4181 0.8769
vn -0.3220 -0.5836 -0.7455
vn 0.9927 0.1033 -0.0624
vn -0.4336 0.8985 -0.0689
vn -0.7609 0.5015 -0.4118
vn 0.5285 -0.4526 -0.7182
vn -0.3572 -0.6861 0.6338
vn 0.5895 0.6373 0.4963
vn -0.7587 -0.2818 -0.5874
vn 0.5627 0.6719 -0.4816
vn 0.5573 -0.7977 0.2304
vn -0.3612 0.4076 0.8387
vn 0.3183 0.0988 -0.9428
vn -0.7859 0.5996 0.1512
vn 0.7364 0.2508 0.6284
vn -0.2689 -0.9492 0.1634
vn 0.2634 0.7401 0.6187
vn -0.2569 0.3830 -0.8873
vn -0.7771 -0.4970 0.3863
vn 0.7706 -0.6263 -0.1177
vn 0.4943 -0.4322 -0.7543
vn -0.9783 0.0130 -0.2068
vn 0.3278 0.9371 0.1200
vn 0.1560 -0.5179 0.8411
vn -0.5679 -0.7397 0.3611
vn -0.4225 0.8803 0.2157
vn 0.0815 -0.0966 -0.9920
vn 0.9088 -0.0440 0.4150
vn -0.9953 0.0765 -0.0595
vn 0.2722 -0.0673 0.9599
vn 0.4218 0.8086 -0.4102
vn 0.3014 -0.8179 -0.4901
vn -0.4571 0.5686 0.6839
vn -0.4640 -0.8836 -0.0627
vn 0.9529 -0.1423 0.2678
vn -0.0318 0.4571 -0.8888
vn -0.2885 -0.4283 0.8563
vn -0.7859 0.4407 -0.4337
vn 0.3712 -0.6975 -0.6129
vn 0.7030 0.6853 0.1903
vn -0.8772 -0.3927 0.2763
vn 0.1360 0.8738 0.4668
vn 0.0027 0.1467 -0.9892
vn 0.7384 -0.6279 0.2460
vn 0.8833 -0.0784 0.4622
vn 0.0210 0.7761 -0.6302
vn -0.7202 0.1417 0.6791
vn -0.1842 -0.8395 -0.5112
vn -0.8578 0.5020 -0.1106
vn 0.7039 0.6165 0.3528
vn 0.2895 -0.3646 -0.8850
vn -0.1357 -0.7538 0.6429
vn 0.1933 0.0456 -0.9801
vn 0.6064 0.6272 0.4888
vn 0.1519 -0.9328 0.3269
vn -0.9515 0.2599 0.1645
vn -0.0861 0.2074 -0.9744
vn 0.7272 0.5599 0.3971
vn 0.2231 -0.9678 0.1163
vn -0.8645 0.2003 0.4610
vn 0.1843 -0.0508 0.9816
vn 0.7843 -0.3597 -0.5055
vn -0.1564 0.9526 -0.2609
vn -0.8122 -0.5421 -0.2153
vn 0.4721 -0.4440 0.7615
vn 0.0803 -0.5685 -0.8187
vn 0.4134 0.8939 -0.1730
vn -0.9659 0.1186 0.2302
vn 0.9021 -0.0699 -0.4258
vn -0.2372 -0.8739 0.4244
vn -0.6805 0.2278 -0.6964
vn 0.0155 0.7160 0.6979
vn -0.1814 -0.8362 -0.5175
vn 0.9183 -0.0440 0.3935
vn -0.6730 0.0905 0.7341
vn -0.0640 0.7898 -0.6101
vn 0.3219 -0.8454 0.4263
vn 0.3051 0.0304 -0.9518
vn 0.3720 0.7855 0.4946
vn -0.9991 0.0296 0.0309
vn 0.8875 -0.4309 -0.1636
vn -0.7304 -0.6466 -0.2203
vn -0.0880 0.8116 -0.5776
vn -0.0693 0.2659 0.9615
vn 0.1220 -0.6047 -0.7871
vn 0.3533 -0.4473 0.8217
vn -0.9727 0.1985 0.1205
vn 0.4975 0.8535 -0.1550
vn -0.1178 -0.9919 0.0467
vn 0.9352 0.2115 -0.2840
vn -0.1734 0.3992 0.9003
vn -0.6441 0.3814 -0.6631
vn 0.7697 -0.5187 0.3722
vn -0.2961 -0.4143 -0.8606
vn 0.2833 0.9447 -0.1651
vn -0.7569 -0.0119 0.6534
vn 0.0010 0.0013 -1.0000
vn -0.0161 -0.9432 0.3317
vn -0.8088 0.4844 0.3335
vn 0.8239 0.4574 0.3348
vn -0.0681 -0.8918 -0.4473
vn 0.8306 0.0314 0.5560
vn -0.7985 0.1412 0.5852
vn 0.0358 0.7190 -0.6941
vn 0.2292 -0.8230 0.5198
vn 0.5727 0.0474 -0.8184
vn 0.1610 0.8080 0.5667
vn -0.9628 -0.0326 -0.2683
vn 0.9229 -0.3606 0.1353
vn -0.5543 -0.6766 -0.4848
vn 0.0463 0.8409 -0.5391
vn -0.4150 0.1961 0.8884
vn 0.4031 -0.5912 -0.6985
vn 0.0003 -0.4758 0.8796
vn -0.9397 0.2264 -0.2563
vn 0.5365 0.8405 0.0754
vn -0.1028 -0.9872 -0.1218
vn 0.9689 0.2241 0.1049
vn -0.4992 0.2884 0.8171
vn -0.3670 0.4747 -0.8000
vn 0.4719 -0.6649 0.5790
vn 0.1559 -0.2256 -0.9616
vn 0.3526 0.9165 0.1890
vn -0.9808 -0.0262 0.1935
vn 0.8906 -0.4397 -0.1161
vn -0.7202 -0.6933 -0.0266
vn -0.1446 0.6594 -0.7377
vn -0.0258 0.4737 0.8803
vn 0.3099 -0.7777 -0.5470
vn 0.0374 -0.2389 0.9703
vn -0.9403 0.2304 -0.2505
vn 0.5931 0.7864 -0.1727
vn -0.7217 -0.1207 -0.6816
vn -0.2306 -0.5164 0.8247
vn 0.0850 0.9701 0.2272
vn 0.8671 -0.3331 -0.3704
vn -0.0918 -0.0576 0.9941
vn -0.4216 0.8465 -0.3251
vn -0.4560 -0.7831 -0.4230
vn 0.9693 -0.0060 -0.2460
vn 0.6362 0.7619 -0.1213
vn -0.6580 -0.0082 -0.7530
vn -0.4867 0.1070 0.8670
vn 0.5087 -0.8609 0.0073
vn 0.1053 -0.7544 -0.6479
vn -0.9507 0.0461 0.3067
vn 0.2481 0.8598 -0.4462
vn 0.5974 -0.1516 0.7875
vn -0.4368 -0.3757 -0.8174
vn -0.1020 -0.6442 0.7580
vn -0.4331 0.8688 0.2399
vn 0.9719 0.1510 -0.1806
vn 0.0606 0.4541 0.8889
vn -0.8270 -0.5614 -0.0318
vn 0.8026 -0.5815 -0.1330
vn -0.0365 0.6885 -0.7243
vn 0.2301 -0.7068 -0.6689
vn -0.1618 -0.4243 0.8909
vn -0.8254 0.4817 -0.2944
vn 0.7570 0.6494 0.0724
vn 0.6868 -0.2782 0.6715
vn -0.7880 0.3940 0.4730
vn -0.2924 -0.7975 -0.5278
vn 0.3937 0.6816 -0.6167
vn 0.1374 -0.3685 0.9194
vn 0.0645 0.9975 0.0276
vn -0.9040 -0.2665 -0.3343
vn 0.7023 -0.3624 -0.6127
vn 0.8035 0.3159 -0.5045
vn -0.8119 0.4808 -0.3312
vn 0.1236 0.1869 0.9746
vn -0.1153 -0.9836 -0.1387
vn 0.0901 0.9886 -0.1207
vn 0.0749 -0.4524 -0.8887
vn -0.8905 -0.2067 0.4053
vn 0.7256 -0.3295 0.6041
vn -0.3769 0.1689 -0.9107
vn 0.9273 0.3708 0.0510
vn 0.0247 -0.9846 0.1732
vn -0.5751 0.4449 0.6865
vn 0.5312 -0.0156 -0.8471
vn -0.4461 0.8897 0.0974
vn 0.6087 -0.1544 0.7782
vn -0.6938 -0.7196 -0.0286
vn 0.5164 0.8019 -0.3005
vn -0.6303 -0.2810 -0.7237
vn -0.5186 0.2274 0.8242
vn 0.6325 -0.7483 0.2000
vn -0.4793 0.7210 -0.5004
vn 0.8126 -0.2776 -0.5124
vn -0.6073 -0.7862 0.1144
vn 0.2739 0.3429 0.8986
vn -0.0779 0.0853 -0.9933
vn 0.4374 0.8190 0.3714
vn 0.5520 -0.8033 0.2235
vn -0.9117 -0.1007 0.3984
vn 0.7733 0.3214 -0.5465
vn -0.8133 0.5365 -0.2253
vn 0.2111 0.1070 0.9716
vn -0.1714 -0.9647 -0.2000
vn 0.1704 0.9485 -0.2671
vn -0.1475 -0.5553 -0.8185
vn -0.8123 -0.0416 0.5818
vn 0.7892 -0.3515 0.5036
vn -0.4302 0.5011 -0.7509
vn 0.9932 0.1014 -0.0572
vn -0.2403 -0.9685 -0.0648
vn -0.3228 0.3659 0.8729
vn 0.3757 -0.1508 0.9144
vn 0.3917 -0.6656 -0.6353
vn 0.2264 0.9251 -0.3047
vn -0.9937 -0.1087 0.0257
vn 0.1651 0.3685 -0.9148
vn 0.7790 -0.5617 0.2788
vn -0.8282 -0.5604 -0.0111
vn -0.1158 0.7536 0.6470
vn -0.1424 -0.4863 0.8621
vn 0.4617 -0.6032 -0.6504
vn 0.5646 0.8091 0.1631
vn -0.8837 0.2801 -0.3749
vn -0.2219 0.0077 -0.9750
vn 0.9876 0.1040 0.1177
vn -0.2939 -0.8672 0.4021
vn -0.4715 0.7553 0.4552
vn 0.1737 0.3926 0.9031
vn 0.5154 -0.8513 -0.0983
vn 0.2880 0.6474 -0.7057
vn -0.9771 -0.1884 -0.0993
vn -0.5580 -0.8121 0.1704
vn 0.5637 -0.1475 -0.8127
vn 0.5904 0.1706 0.7889
vn -0.5962 0.7893 -0.1469
vn -0.2209 0.6464 -0.7304
vn 0.9804 0.0377 0.1933
vn -0.2474 -0.9253 -0.2875
vn -0.5121 0.2411 0.8244
vn 0.5870 0.0243 -0.8093
vn -0.1651 0.9329 0.3201
vn 0.4496 -0.5255 0.7223
vn -0.8714 -0.4317 -0.2332
vn 0.5218 0.2693 0.8094
vn 0.3101 0.5315 -0.7883
vn -0.9722 0.1730 0.1575
vn 0.1407 -0.9738 -0.1787
vn 0.3215 -0.6661 -0.6730
vn -0.5991 0.6637 -0.4478
vn 0.7839 0.4752 0.3996
vn -0.5062 -0.4730 0.7212
vn -0.9628 -0.1325 0.2354
vn 0.2702 0.9380 0.2173
vn 0.1299 -0.1663 -0.9775
vn 0.5625 -0.6390 0.5247
vn -0.6142 0.7654 -0.1924
vn -0.1153 -0.2899 0.9501
vn 0.9464 0.2870 -0.1483
vn -0.2168 -0.7626 -0.6095
vn -0.1368 0.6914 0.7094
vn -0.8877 -0.3450 -0.3047
vn 0.5416 -0.7547 0.3703
vn 0.4827 0.4082 -0.7748
vn -0.7211 -0.0703 0.6892
vn -0.1109 0.8513 -0.5127
vn -0.0612 -0.7770 -0.6265
vn 0.8930 -0.0041 0.4500
vn -0.9375 0.2604 -0.2306
vn 0.2928 0.4973 0.8167
vn 0.6061 0.2257 -0.7627
vn 0.0387 -0.9835 0.1768
vn -0.3429 0.9313 0.1233
vn -0.5569 -0.6340 0.5366
vn 0.9503 -0.0484 0.3075
vn -0.0505 -0.2489 -0.9672
vn -0.3141 0.4429 0.8397
vn -0.7358 0.0091 -0.6772
vn 0.2587 -0.9453 0.1989
vn 0.7913 0.4933 -0.3613
vn -0.8928 -0.2052 0.4010
vn 0.1478 0.9890 0.0037
vn 0.0288 -0.3377 -0.9408
vn 0.7165 -0.4461 0.5363
vn -0.8196 0.5541 -0.1459
vn 0.1810 -0.0755 0.9806
vn 0.7803 0.4338 -0.4505
vn -0.1414 -0.9124 -0.3841
vn -0.3088 0.8274 0.4691
vn -0.6634 -0.7336 0.1473
vn 0.8895 -0.2771 0.3633
vn 0.0826 0.1833 -0.9796
vn -0.3449 0.1520 0.9262
vn -0.6681 0.3358 -0.6640
vn 0.1495 -0.9783 -0.1434
vn 0.8635 0.4901 -0.1189
vn -0.2644 -0.5566 -0.7876
vn -0.8098 0.2063 0.5493
vn 0.4131 0.8532 -0.3185
vn 0.6612 -0.5030 0.5566
vn 0.0334 0.2344 0.9716
vn -0.3812 0.7677 -0.5151
vn -0.5766 -0.8068 -0.1286
vn 0.9244 -0.1952 -0.3277
vn -0.9428 0.2841 0.1745
vn 0.6274 0.7056 0.3296
vn 0.1323 -0.1309 -0.9825
vn 0.1832 -0.8586 0.4788
vn 0.9433 -0.2220 0.2470
vn -0.0015 0.6691 -0.7431
vn -0.4712 0.3834 0.7944
vn -0.4707 -0.8304 -0.2981
vn 0.5105 0.8567 0.0741
vn 0.5902 -0.7069 -0.3898
vn -0.7941 0.1352 -0.5926
vn -0.3067 -0.2851 0.9081
vn 0.7319 0.3623 -0.5771
vn 0.3643 -0.2115 0.9070
vn -0.3694 -0.8323 -0.4133
vn -0.7268 0.6817 0.0833
vn 0.1536 -0.9607 -0.2312
vn 0.8802 0.4639 0.0997
vn -0.5070 0.0589 0.8599
vn -0.5269 0.4379 -0.7284
vn 0.0919 0.6780 -0.7293
vn 0.2325 0.4201 0.8772
vn 0.6182 -0.7658 -0.1771
vn -0.9427 -0.3324 0.0292
vn 0.1805 -0.3502 0.9191
vn 0.0151 0.9998 0.0152
vn -0.8983 -0.3149 -0.3065
vn 0.7027 -0.3345 -0.6279
vn -0.0632 0.7629 0.6434
vn 0.0138 0.3534 -0.9354
vn -0.7900 -0.6017 0.1174
vn 0.8396 -0.5144 0.1746
vn -0.9532 0.2062 -0.2210
vn 0.5542 0.8249 -0.1115
vn 0.3375 -0.7135 -0.6140
vn 0.0616 -0.3177 0.9462
vn -0.1952 0.7139 0.6725
vn 0.9898 -0.1035 -0.0984
vn -0.3979 0.2546 -0.8814
vn -0.3966 -0.8650 0.3072
vn 0.4799 0.8513 0.2119
vn 0.0137 -0.5990 0.8006
vn 0.4535 -0.4565 -0.7655
vn -0.9472 0.2042 -0.2471
vn -0.3577 0.6454 0.6749
vn -0.0259 -0.9257 0.3774
vn 0.9438 0.2420 -0.2249
vn -0.5602 0.0384 -0.8274
vn -0.3083 -0.9494 -0.0594
vn 0.6995 0.1674 -0.6947
vn 0.3842 0.1695 0.9076
vn -0.7754 0.6125 -0.1534
vn 0.8794 -0.4753 0.0283
vn -0.5993 -0.4479 -0.6635
vn 0.1439 0.9521 -0.2700
vn -0.4238 -0.0291 0.9053
vn 0.3259 -0.2357 -0.9156
vn 0.2542 -0.7243 0.6409
vn -0.9951 0.0977 -0.0150
vn 0.4154 0.8623 0.2897
vn 0.0827 -0.9102 -0.4059
vn 0.9099 0.3995 0.1117
vn -0.4440 -0.0723 0.8931
vn -0.5486 0.5832 -0.5991
vn 0.6478 -0.7135 0.2670
vn 0.1446 0.2393 -0.9601
vn 0.1418 0.8092 0.5701
vn -0.9342 -0.3348 0.1231
vn 0.9351 -0.1694 -0.3112
vn -0.5778 -0.7801 -0.2400
vn -0.3536 0.8249 -0.4410
vn -0.0038 0.1247 0.9922
vn -0.5518 0.1628 -0.8179
vn 0.6876 -0.6994 -0.1953
vn -0.5907 -0.3122 0.7440
vn 0.4550 0.8488 0.2693
vn 0.8997 0.4291 0.0804
vn -0.0240 -0.8302 0.5570
vn -0.1730 -0.2351 -0.9564
vn -0.7024 0.6361 0.3194
vn 0.6597 -0.7280 -0.1864
vn 0.3939 0.6481 0.6518
vn -0.8331 -0.3964 0.3858
vn -0.2206 0.4760 -0.8513
vn 0.7036 -0.2422 0.6680
vn 0.4349 0.2934 -0.8513
vn -0.5608 0.7450 0.3614
vn -0.5780 -0.7963 -0.1782
vn 0.0825 0.9935 -0.0779
vn 0.8631 -0.3812 0.3314
vn -0.2133 -0.3879 -0.8967
vn -0.7323 -0.2243 0.6430
vn 0.8384 0.4923 -0.2339
vn -0.3090 0.2811 0.9086
vn 0.1793 -0.9838 -0.0016
vn -0.7090 0.2105 -0.6731
vn 0.4356 -0.6279 0.6450
vn 0.4304 0.9000 0.0685
vn -0.9730 0.0787 0.2169
vn 0.1070 -0.3506 -0.9304
vn -0.0370 0.6475 -0.7611
vn -0.4730 0.3877 0.7912
vn 0.9544 -0.1806 0.2376
vn -0.4443 -0.8550 -0.2676
vn -0.3183 -0.6443 0.6954
vn 0.5105 0.7393 0.4392
vn -0.7864 0.3808 -0.4865
vn 0.5942 -0.4762 -0.6482
vn -0.2923 0.3254 0.8993
vn 0.7087 -0.6966 0.1119
vn 0.3657 0.7657 -0.5291
vn -0.7824 -0.3947 -0.4818
vn 0.6710 0.1546 0.7252
vn -0.6972 -0.6403 0.3223
vn 0.4583 -0.3822 -0.8024
vn -0.4323 0.8679 -0.2449
vn 0.3079 -0.7381 0.6004
vn -0.3342 0.7627 0.5538
vn -0.7375 -0.3338 -0.5871
vn 0.7636 0.3091 -0.5669
vn -0.5126 -0.2452 0.8228
vn 0.9432 0.2206 0.2483
vn -0.4250 0.7947 -0.4334
vn -0.0053 -0.7702 -0.6378
vn 0.1256 0.3976 0.9089
vn 0.1690 -0.9848 0.0406
vn 0.6419 0.4223 -0.6400
vn -0.9365 0.1650 -0.3095
vn -0.7869 -0.3902 -0.4780
vn 0.8347 -0.2018 -0.5124
vn 0.0657 -0.3986 0.9148
vn -0.1135 0.9907 0.0756
vn 0.8595 -0.3724 0.3501
vn -0.3715 -0.6157 -0.6949
vn 0.1668 0.8987 -0.4056
vn -0.6549 0.0892 0.7504
vn 0.4501 -0.1777 -0.8751
vn 0.1496 -0.7741 0.6151
vn -0.9812 0.1228 -0.1488
vn 0.3817 0.8289 0.4089
vn 0.5162 0.2189 0.8280
vn -0.7584 -0.6093 0.2313
vn 0.6021 -0.4520 -0.6582
vn -0.3598 0.8424 -0.4011
vn -0.8109 0.4806 -0.3340
vn -0.0278 -0.9520 -0.3048
vn 0.0171 0.0296 0.9994
vn 0.8214 0.4419 -0.3606
vn 0.7617 -0.3820 -0.5233
vn -0.1660 -0.5654 0.8080
vn -0.8214 0.0161 -0.5702
vn 0.2257 0.9314 0.2857
vn 0.5052 -0.8527 -0.1333
vn 0.3968 0.5061 0.7658
vn -0.9580 -0.2075 0.1981
vn 0.0563 0.5540 -0.8306
vn -0.3419 0.9260 0.1600
vn -0.2856 -0.5952 0.7511
vn 0.9986 0.0171 -0.0503
vn -0.3711 -0.3481 -0.8609
vn -0.6371 -0.6927 -0.3382
vn 0.6637 -0.4284 0.6132
vn -0.5067 0.7045 0.4969
vn 0.4802 0.4165 -0.7720
vn 0.9473 0.1713 -0.2708
vn -0.1221 0.2483 0.9610
vn -0.2118 -0.9695 -0.1234
vn -0.6133 0.5501 -0.5668
vn -0.8441 -0.3684 0.3895
vn 0.7786 -0.2920 0.5555
vn -0.0458 0.9989 -0.0108
vn 0.1114 -0.3385 -0.9343
vn 0.9378 -0.0636 -0.3414
vn -0.0315 0.6351 0.7718
vn -0.3078 -0.9033 0.2989
vn -0.5985 0.3317 -0.7292
vn 0.1104 -0.7137 0.6917
vn 0.3428 0.8680 0.3592
vn -0.9685 0.0938 -0.2306
vn 0.5153 -0.2481 -0.8203
vn -0.3661 0.4023 -0.8391
vn -0.7464 -0.1611 0.6457
vn 0.6642 0.6263 0.4081
vn 0.4483 -0.8677 -0.2146
vn -0.0616 -0.0493 -0.9969
vn -0.3204 -0.8603 0.3966
vn -0.5686 0.7525 0.3324
vn 0.9506 0.1573 0.2676
vn 0.1314 -0.6805 0.7209
vn -0.8751 -0.1620 -0.4560
vn 0.7420 -0.0730 -0.6665
vn 0.0018 0.9158 0.4016
vn -0.3133 0.7423 -0.5923
vn 0.0755 -0.8427 -0.5330
vn -0.6561 -0.1332 0.7428
vn 0.8938 0.2336 0.3828
vn -0.6750 -0.6830 0.2790
vn -0.2453 0.3637 -0.8986
vn 0.9039 -0.4250 -0.0479
vn 0.0167 0.7443 0.6676
vn -0.2162 -0.6448 -0.7331
vn -0.8379 0.2412 0.4896
vn 0.4068 0.8255 -0.3913
vn 0.6473 -0.4218 0.6348
vn -0.6178 0.4126 -0.6695
vn -0.3723 -0.8782 0.3001
vn 0.0931 0.6092 0.7875
vn 0.8969 -0.1433 -0.4183
vn 0.3967 -0.8536 -0.3376
vn -0.2212 -0.0959 0.9705
vn -0.8333 0.2062 -0.5129
vn 0.6580 0.7434 -0.1200
vn 0.5494 0.6472 0.5285
vn -0.9502 0.0389 0.3091
vn 0.3557 -0.9252 0.1322
vn 0.0452 0.2389 -0.9700
vn -0.6608 -0.4730 -0.5827
vn -0.1470 -0.2643 0.9532
vn -0.1197 0.9883 -0.0943
vn 0.9277 -0.2513 -0.2761
vn 0.4324 -0.8428 0.3206
vn 0.0730 0.7024 0.7080
vn -0.9645 -0.1746 -0.1981
vn 0.4591 0.3149 -0.8307
vn 0.2663 0.8187 -0.5088
vn -0.6850 0.2425 0.6870
vn 0.8034 -0.3872 0.4523
vn -0.3848 -0.6739 -0.6307
vn -0.2438 -0.7470 0.6185
vn 0.3233 0.7819 0.5330
vn -0.8034 0.2682 -0.5316
vn 0.7240 -0.3030 -0.6197
vn 0.9979 0.0645 -0.0000
vn -0.3932 0.9174 -0.0621
vn -0.3059 -0.4373 0.8457
vn -0.2988 -0.5447 -0.7836
vn -0.5912 0.1536 -0.7918
vn -0.4553 0.3327 0.8258
vn 0.8614 0.4919 -0.1265
vn 0.1851 -0.9783 0.0927
vn 0.4411 -0.3796 0.8132
vn -0.1587 0.9784 0.1325
vn -0.8741 -0.4617 -0.1513
vn 0.5914 -0.1372 -0.7946
vn -0.3551 0.4886 -0.7970
vn -0.6590 0.0617 0.7496
vn 0.8669 0.4100 0.2835
vn 0.1473 -0.9605 -0.2362
vn -0.2137 0.6909 -0.6906
vn -0.8244 -0.2140 0.5240
vn 0.7047 0.3517 0.6162
vn 0.3335 -0.8286 -0.4496
vn 0.7922 0.5913 -0.1508
vn -0.8067 0.5632 0.1793
vn 0.1723 -0.5950 0.7851
vn -0.1580 -0.5597 -0.8135
vn 0.1202 0.5260 0.8419
vn 0.0044 0.6205 -0.7842
vn -0.8719 -0.4885 0.0338
vn 0.7475 -0.6579 -0.0916
vn 0.8524 -0.2575 -0.4551
vn -0.7526 -0.0349 -0.6576
vn 0.0831 0.9281 0.3630
vn -0.1829 -0.6359 0.7498
vn -0.8766 -0.1815 0.4458
vn -0.1238 0.6936 -0.7096
vn 0.3440 -0.8428 -0.4140
vn 0.6565 0.3304 0.6781
vn -0.9382 0.1138 0.3269
vn 0.4068 0.8984 -0.1655
vn -0.0051 -0.5257 -0.8506
vn 0.5366 -0.4865 0.6895
vn -0.0042 -0.1588 -0.9873
vn -0.4476 0.8717 0.1993
vn 0.9439 0.0269 0.3291
vn -0.4920 -0.7399 0.4588
vn 0.5588 0.8096 -0.1796
vn -0.1837 -0.4759 -0.8601
vn -0.8648 0.2779 0.4182
vn 0.4896 -0.6116 0.6215
vn -0.3727 0.5332 -0.7595
vn 0.9862 -0.1109 -0.1228
vn -0.4363 -0.8996 0.0216
vn -0.1772 0.4773 0.8607
vn 0.2966 0.1458 -0.9438
vn 0.1856 0.8220 0.5385
vn 0.4990 -0.7739 0.3901
vn -0.9809 -0.1938 0.0152
vn 0.7507 -0.1208 0.6495
vn 0.3338 0.4840 -0.8089
vn -0.7299 0.5320 0.4293
vn -0.3546 -0.8951 -0.2701
vn 0.6323 0.7716 0.0689
vn 0.5188 -0.8462 -0.1214
vn -0.6062 0.1348 -0.7838
vn -0.5449 -0.0604 0.8363
vn 0.4530 -0.0018 -0.8915
vn 0.6863 0.0870 0.7221
vn -0.5036 -0.8556 0.1200
vn -0.6355 0.7706 0.0492
s 0
f 2639//3509 2640//3509 2641//3509
f 2639//3510 2641//3510 2642//3510
f 2639//3511 2642//3511 2640//3511
f 2640//3512 2642//3512 2641//3512
f 2640//3513 2643//3513 2644//3513
f 2640//3514 2644//3514 2645//3514
f 2640//3515 2645//3515 2643//3515
f 2643//3516 2645//3516 2644//3516
f 2643//3517 2648//3517 2646//3517
f 2643//3518 2646//3518 2647//3518
f 2643//3519 2647//3519 2648//3519
f 2648//3520 2647//3520 2646//3520
f 2648//3521 2651//3521 2649//3521
f 2648//3522 2649//3522 2650//3522
f 2648//3523 2650//3523 2651//3523
f 2651//3524 2650//3524 2649//3524
f 2651//3525 2652//3525 2653//3525
f 2651//3526 2653//3526 2654//3526
f 2651//3527 2654//3527 2652//3527
f 2652//3528 2654//3528 2653//3528
f 2652//3529 2655//3529 2656//3529
f 2652//3530 2656//3530 2657//3530
f 2652//3531 2657//3531 2655//3531
f 2655//3532 2657//3532 2656//3532
f 2655//3533 2660//3533 2658//3533
f 2655//3534 2658//3534 2659//3534
f 2655//3535 2659//3535 2660//3535
f 2660//3536 2659//3536 2658//3536
f 2660//3537 2661//3537 2662//3537
f 2660//3538 2662//3538 2663//3538
f 2660//3539 2663//3539 2661//3539
f 2661//3540 2663//3540 2662//3540
f 2661//3541 2664//3541 2665//3541
f 2661//3542 2665//3542 2666//3542
f 2661//3543 2666//3543 2664//3543
f 2664//3544 2666//3544 2665//3544
f 2664//3545 2667//3545 2668//3545
f 2664//3546 2668//3546 2669//3546
f 2664//3547 2669//3547 2667//3547
f 2667//3548 2669//3548 2668//3548
f 2667//3549 2672//3549 2670//3549
f 2667//3550 2670//3550 2671//3550
f 2667//3551 2671//3551 2672//3551
f 2672//3552 2671//3552 2670//3552
f 2672//3553 2675//3553 2673//3553
f 2672//3554 2673//3554 2674//3554
f 2672//3555 2674//3555 2675//3555
f 2675//3556 2674//3556 2673//3556
f 2675//3557 2678//3557 2676//3557
f 2675//3558 2676//3558 2677//3558
f 2675//3559 2677//3559 2678//3559
f 2678//3560 2677//3560 2676//3560
f 2678//3561 2679//3561 2680//3561
f 2678//3562 2680//3562 2681//3562
f 2678//3563 2681//3563 2679//3563
f 2679//3564 2681//3564 2680//3564
f 2679//3565 2684//3565 2682//3565
f 2679//3566 2682//3566 2683//3566
f 2679//3567 2683//3567 2684//3567
f 2684//3568 2683//3568 2682//3568
f 2684//3569 2687//3569 2685//3569
f 2684//3570 2685//3570 2686//3570
f 2684//3571 2686//3571 2687//3571
f 2687//3572 2686//3572 2685//3572
f 2687//3573 2690//3573 2688//3573
f 2687//3574 2688//3574 2689//3574
f 2687//3575 2689//3575 2690//3575
f 2690//3576 2689//3576 2688//3576
f 2690//3577 2691//3577 2692//3577
f 2690//3578 2692//3578 2693//3578
f 2690//3579 2693//3579 2691//3579
f 2691//3580 2693//3580 2692//3580
f 2691//3581 2694//3581 2695//3581
f 2691//3582 2695//3582 2696//3582
f 2691//3583 2696//3583 2694//3583
f 2694//3584 2696//3584 2695//3584
f 2694//3585 2697//3585 2698//3585
f 2694//3586 2698//3586 2699//3586
f 2694//3587 2699//3587 2697//3587
f 2697//3588 2699//3588 2698//3588
f 2697//3589 2700//3589 2701//3589
f 2697//3590 2701//3590 2702//3590
f 2697//3591 2702//3591 2700//3591
f 2700//3592 2702//3592 2701//3592
f 2700//3593 2703//3593 2704//3593
f 2700//3594 2704//3594 2705//3594
f 2700//3595 2705//3595 2703//3595
f 2703//3596 2705//3596 2704//3596
f 2703//3597 2708//3597 2706//3597
f 2703//3598 2706//3598 2707//3598
f 2703//3599 2707//3599 2708//3599
f 2708//3600 2707//3600 2706//3600
f 2708//3601 2709//3601 2710//3601
f 2708//3602 2710//3602 2711//3602
f 2708//3603 2711//3603 2709//3603
f 2709//3604 2711//3604 2710//3604
f 2709//3605 2712//3605 2713//3605
f 2709//3606 2713//3606 2714//3606
f 2709//3607 2714//3607 2712//3607
f 2712//3608 2714//3608 2713//3608
f 2712//3609 2717//3609 2715//3609
f 2712//3610 2715//3610 2716//3610
f 2712//3611 2716//3611 2717//3611
f 2717//3612 2716//3612 2715//3612
f 2717//3613 2718//3613 2719//3613
f 2717//3614 2719//3614 2720//3614
f 2717//3615 2720//3615 2718//3615
f 2718//3616 2720//3616 2719//3616
f 2718//3617 2723//3617 2721//3617
f 2718//3618 2721//3618 2722//3618
f 2718//3619 2722//3619 2723//3619
f 2723//3620 2722//3620 2721//3620
f 2723//3621 2726//3621 2724//3621
f 2723//3622 2724//3622 2725//3622
f 2723//3623 2725//3623 2726//3623
f 2726//3624 2725//3624 2724//3624
f 2726//3625 2727//3625 2728//3625
f 2726//3626 2728//3626 2729//3626
f 2726//3627 2729//3627 2727//3627
f 2727//3628 2729//3628 2728//3628
f 2727//3629 2732//3629 2730//3629
f 2727//3630 2730//3630 2731//3630
f 2727//3631 2731//3631 2732//3631
f 2732//3632 2731//3632 2730//3632
f 2732//3633 2735//3633 2733//3633
f 2732//3634 2733//3634 2734//3634
f 2732//3635 2734//3635 2735//3635
f 2735//3636 2734//3636 2733//3636
f 2735//3637 2736//3637 2737//3637
f 2735//3638 2737//3638 2738//3638
f 2735//3639 2738//3639 2736//3639
f 2736//3640 2738//3640 2737//3640
f 2736//3641 2741//3641 2739//3641
f 2736//3642 2739//3642 2740//3642
f 2736//3643 2740//3643 2741//3643
f 2741//3644 2740//3644 2739//3644
f 2741//3645 2742//3645 2743//3645
f 2741//3646 2743//3646 2744//3646
f 2741//3647 2744//3647 2742//3647
f 2742//3648 2744//3648 2743//3648
f 2742//3649 2745//3649 2746//3649
f 2742//3650 2746//3650 2747//3650
f 2742//3651 2747//3651 2745//3651
f 2745//3652 2747//3652 2746//3652
f 2745//3653 2748//3653 2749//3653
f 2745//3654 2749//3654 2750//3654
f 2745//3655 2750//3655 2748//3655
f 2748//3656 2750//3656 2749//3656
f 2748//3657 2751//3657 2752//3657
f 2748//3658 2752//3658 2753//3658
f 2748//3659 2753//3659 2751//3659
f 2751//3660 2753//3660 2752//3660
f 2751//3661 2754//3661 2755//3661
f 2751//3662 2755//3662 2756//3662
f 2751//3663 2756//3663 2754//3663
f 2754//3664 2756//3664 2755//3664
f 2754//3665 2757//3665 2758//3665
f 2754//3666 2758//3666 2759//3666
f 2754//3667 2759//3667 2757//3667
f 2757//3668 2759//3668 2758//3668
f 2757//3669 2760//3669 2761//3669
f 2757//3670 2761//3670 2762//3670
f 2757//3671 2762//3671 2760//3671
f 2760//3672 2762//3672 2761//3672
f 2760//3673 2763//3673 2764//3673
f 2760//3674 2764//3674 2765//3674
f 2760//3675 2765//3675 2763//3675
f 2763//3676 2765//3676 2764//3676
f 2763//3677 2768//3677 2766//3677
f 2763//3678 2766//3678 2767//3678
f 2763//3679 2767//3679 2768//3679
f 2768//3680 2767//3680 2766//3680
f 2768//3681 2771//3681 2769//3681
f 2768//3682 2769//3682 2770//3682
f 2768//3683 2770//3683 2771//3683
f 2771//3684 2770//3684 2769//3684
f 2771//3685 2774//3685 2772//3685
f 2771//3686 2772//3686 2773//3686
f 2771//3687 2773//3687 2774//3687
f 2774//3688 2773//3688 2772//3688
f 2774//3689 2777//3689 2775//3689
f 2774//3690 2775//3690 2776//3690
f 2774//3691 2776//3691 2777//3691
f 2777//3692 2776//3692 2775//3692
f 2777//3693 2778//3693 2779//3693
f 2777//3694 2779//3694 2780//3694
f 2777//3695 2780//3695 2778//3695
f 2778//3696 2780//3696 2779//3696
f 2778//3697 2781//3697 2782//3697
f 2778//3698 2782//3698 2783//3698
f 2778//3699 2783//3699 2781//3699
f 2781//3700 2783//3700 2782//3700
f 2781//3701 2784//3701 2785//3701
f 2781//3702 2785//3702 2786//3702
f 2781//3703 2786//3703 2784//3703
f 2784//3704 2786//3704 2785//3704
f 2784//3705 2787//3705 2788//3705
f 2784//3706 2788//3706 2789//3706
f 2784//3707 2789//3707 2787//3707
f 2787//3708 2789//3708 2788//3708
f 2787//3709 2790//3709 2791//3709
f 2787//3710 2791//3710 2792//3710
f 2787//3711 2792//3711 2790//3711
f 2790//3712 2792//3712 2791//3712
f 2790//3713 2793//3713 2794//3713
f 2790//3714 2794//3714 2795//3714
f 2790//3715 2795//3715 2793//3715
f 2793//3716 2795//3716 2794//3716
f 2793//3717 2798//3717 2796//3717
f 2793//3718 2796//3718 2797//3718
f 2793//3719 2797//3719 2798//3719
f 2798//3720 2797//3720 2796//3720
f 2798//3721 2799//3721 2800//3721
f 2798//3722 2800//3722 2801//3722
f 2798//3723 2801//3723 2799//3723
f 2799//3724 2801//3724 2800//3724
f 2799//3725 2802//3725 2803//3725
f 2799//3726 2803//3726 2804//3726
f 2799//3727 2804//3727 2802//3727
f 2802//3728 2804//3728 2803//3728
f 2802//3729 2805//3729 2806//3729
f 2802//3730 2806//3730 2807//3730
f 2802//3731 2807//3731 2805//3731
f 2805//3732 2807//3732 2806//3732
f 2805//3733 2810//3733 2808//3733
f 2805//3734 2808//3734 2809//3734
f 2805//3735 2809//3735 2810//3735
f 2810//3736 2809//3736 2808//3736
f 2810//3737 2811//3737 2812//3737
f 2810//3738 2812//3738 2813//3738
f 2810//3739 2813//3739 2811//3739
f 2811//3740 2813//3740 2812//3740
f 2811//3741 2816//3741 2814//3741
f 2811//3742 2814//3742 2815//3742
f 2811//3743 2815//3743 2816//3743
f 2816//3744 2815//3744 2814//3744
f 2816//3745 2819//3745 2817//3745
f 2816//3746 2817//3746 2818//3746
f 2816//3747 2818//3747 2819//3747
f 2819//3748 2818//3748 2817//3748
f 2819//3749 2822//3749 2820//3749
f 2819//3750 2820//3750 2821//3750
f 2819//3751 2821//3751 2822//3751
f 2822//3752 2821//3752 2820//3752
f 2822//3753 2825//3753 2823//3753
f 2822//3754 2823//3754 2824//3754
f 2822//3755 2824//3755 2825//3755
f 2825//3756 2824//3756 2823//3756
f 2825//3757 2826//3757 2827//3757
f 2825//3758 2827//3758 2828//3758
f 2825//3759 2828//3759 2826//3759
f 2826//3760 2828//3760 2827//3760
f 2826//3761 2831//3761 2829//3761
f 2826//3762 2829//3762 2830//3762
f 2826//3763 2830//3763 2831//3763
f 2831//3764 2830//3764 2829//3764
f 2831//3765 2834//3765 2832//3765
f 2831//3766 2832//3766 2833//3766
f 2831//3767 2833//3767 2834//3767
f 2834//3768 2833//3768 2832//3768
f 2834//3769 2837//3769 2835//3769
f 2834//3770 2835//3770 2836//3770
f 2834//3771 2836//3771 2837//3771
f 2837//3772 2836//3772 2835//3772
f 2837//3773 2840//3773 2838//3773
f 2837//3774 2838//3774 2839//3774
f 2837//3775 2839//3775 2840//3775
f 2840//3776 2839//3776 2838//3776
f 2840//3777 2841//3777 2842//3777
f 2840//3778 2842//3778 2843//3778
f 2840//3779 2843//3779 2841//3779
f 2841//3780 2843//3780 2842//3780
f 2841//3781 2844//3781 2845//3781
f 2841//3782 2845//3782 2846//3782
f 2841//3783 2846//3783 2844//3783
f 2844//3784 2846//3784 2845//3784
f 2844//3785 2849//3785 2847//3785
f 2844//3786 2847//3786 2848//3786
f 2844//3787 2848//3787 2849//3787
f 2849//3788 2848//3788 2847//3788
f 2849//3789 2850//3789 2851//3789
f 2849//3790 2851//3790 2852//3790
f 2849//3791 2852//3791 2850//3791
f 2850//3792 2852//3792 2851//3792
f 2850//3793 2855//3793 2853//3793
f 2850//3794 2853//3794 2854//3794
f 2850//3795 2854//3795 2855//3795
f 2855//3796 2854//3796 2853//3796
f 2855//3797 2856//3797 2857//3797
f 2855//3798 2857//3798 2858//3798
f 2855//3799 2858//3799 2856//3799
f 2856//3800 2858//3800 2857//3800
f 2856//3801 2859//3801 2860//3801
f 2856//3802 2860//3802 2861//3802
f 2856//3803 2861//3803 2859//3803
f 2859//3804 2861//3804 2860//3804
f 2859//3805 2864//3805 2862//3805
f 2859//3806 2862//3806 2863//3806
f 2859//3807 2863//3807 2864//3807
f 2864//3808 2863//3808 2862//3808
f 2864//3809 2867//3809 2865//3809
f 2864//3810 2865//3810 2866//3810
f 2864//3811 2866//3811 2867//3811
f 2867//3812 2866//3812 2865//3812
f 2867//3813 2870//3813 2868//3813
f 2867//3814 2868//3814 2869//3814
f 2867//3815 2869//3815 2870//3815
f 2870//3816 2869//3816 2868//3816
f 2870//3817 2873//3817 2871//3817
f 2870//3818 2871//3818 2872//3818
f 2870//3819 2872//3819 2873//3819
f 2873//3820 2872//3820 2871//3820
f 2873//3821 2876//3821 2874//3821
f 2873//3822 2874//3822 2875//3822
f 2873//3823 2875//3823 2876//3823
f 2876//3824 2875//3824 2874//3824
f 2876//3825 2877//3825 2878//3825
f 2876//3826 2878//3826 2879//3826
f 2876//3827 2879//3827 2877//3827
f 2877//3828 2879//3828 2878//3828
f 2877//3829 2882//3829 2880//3829
f 2877//3830 2880//3830 2881//3830
f 2877//3831 2881//3831 2882//3831
f 2882//3832 2881//3832 2880//3832
f 2882//3833 2885//3833 2883//3833
f 2882//3834 2883//3834 2884//3834
f 2882//3835 2884//3835 2885//3835
f 2885//3836 2884//3836 2883//3836
f 2885//3837 2886//3837 2887//3837
f 2885//3838 2887//3838 2888//3838
f 2885//3839 2888//3839 2886//3839
f 2886//3840 2888//3840 2887//3840
f 2886//3841 2891//3841 2889//3841
f 2886//3842 2889//3842 2890//3842
f 2886//3843 2890//3843 2891//3843
f 2891//3844 2890//3844 2889//3844
f 2891//3845 2892//3845 2893//3845
f 2891//3846 2893//3846 2894//3846
f 2891//3847 2894//3847 2892//3847
f 2892//3848 2894//3848 2893//3848
f 2892//3849 2895//3849 2896//3849
f 2892//3850 2896//3850 2897//3850
f 2892//3851 2897//3851 2895//3851
f 2895//3852 2897//3852 2896//3852
f 2895//3853 2898//3853 2899//3853
f 2895//3854 2899//3854 2900//3854
f 2895//3855 2900//3855 2898//3855
f 2898//3856 2900//3856 2899//3856
f 2898//3857 2901//3857 2902//3857
f 2898//3858 2902//3858 2903//3858
f 2898//3859 2903//3859 2901//3859
f 2901//3860 2903//3860 2902//3860
f 2901//3861 2906//3861 2904//3861
f 2901//3862 2904//3862 2905//3862
f 2901//3863 2905//3863 2906//3863
f 2906//3864 2905//3864 2904//3864
f 2906//3865 2909//3865 2907//3865
f 2906//3866 2907//3866 2908//3866
f 2906//3867 2908//3867 2909//3867
f 2909//3868 2908//3868 2907//3868
f 2909//3869 2912//3869 2910//3869
f 2909//3870 2910//3870 2911//3870
f 2909//3871 2911//3871 2912//3871
f 2912//3872 2911//3872 2910//3872
f 2912//3873 2915//3873 2913//3873
f 2912//3874 2913//3874 2914//3874
f 2912//3875 2914//3875 2915//3875
f 2915//3876 2914//3876 2913//3876
f 2915//3877 2916//3877 2917//3877
f 2915//3878 2917//3878 2918//3878
f 2915//3879 2918//3879 2916//3879
f 2916//3880 2918//3880 2917//3880
f 2916//3881 2919//3881 2920//3881
f 2916//3882 2920//3882 2921//3882
f 2916//3883 2921//3883 2919//3883
f 2919//3884 2921//3884 2920//3884
f 2919//3885 2924//3885 2922//3885
f 2919//3886 2922//3886 2923//3886
f 2919//3887 2923//3887 2924//3887
f 2924//3888 2923//3888 2922//3888
f 2924//3889 2927//3889 2925//3889
f 2924//3890 2925//3890 2926//3890
f 2924//3891 2926//3891 2927//3891
f 2927//3892 2926//3892 2925//3892
f 2927//3893 2930//3893 2928//3893
f 2927//3894 2928//3894 2929//3894
f 2927//3895 2929//3895 2930//3895
f 2930//3896 2929//3896 2928//3896
f 2930//3897 2933//3897 2931//3897
f 2930//3898 2931//3898 2932//3898
f 2930//3899 2932//3899 2933//3899
f 2933//3900 2932//3900 2931//3900
f 2933//3901 2936//3901 2934//3901
f 2933//3902 2934//3902 2935//3902
f 2933//3903 2935//3903 2936//3903
f 2936//3904 2935//3904 2934//3904
f 2936//3905 2939//3905 2937//3905
f 2936//3906 2937//3906 2938//3906
f 2936//3907 2938//3907 2939//3907
f 2939//3908 2938//3908 2937//3908
f 2939//3909 2940//3909 2941//3909
f 2939//3910 2941//3910 2942//3910
f 2939//3911 2942//3911 2940//3911
f 2940//3912 2942//3912 2941//3912
f 2940//3913 2945//3913 2943//3913
f 2940//3914 2943//3914 2944//3914
f 2940//3915 2944//3915 2945//3915
f 2945//3916 2944//3916 2943//3916
f 2945//3917 2948//3917 2946//3917
f 2945//3918 2946//3918 2947//3918
f 2945//3919 2947//3919 2948//3919
f 2948//3920 2947//3920 2946//3920
f 2948//3921 2949//3921 2950//3921
f 2948//3922 2950//3922 2951//3922
f 2948//3923 2951//3923 2949//3923
f 2949//3924 2951//3924 2950//3924
f 2949//3925 2954//3925 2952//3925
f 2949//3926 2952//3926 2953//3926
f 2949//3927 2953//3927 2954//3927
f 2954//3928 2953//3928 2952//3928
f 2954//3929 2957//3929 2955//3929
f 2954//3930 2955//3930 2956//3930
f 2954//3931 2956//3931 2957//3931
f 2957//3932 2956//3932 2955//3932
f 2957//3933 2960//3933 2958//3933
f 2957//3934 2958//3934 2959//3934
f 2957//3935 2959//3935 2960//3935
f 2960//3936 2959//3936 2958//3936
f 2960//3937 2961//3937 2962//3937
f 2960//3938 2962//3938 2963//3938
f 2960//3939 2963//3939 2961//3939
f 2961//3940 2963//3940 2962//3940
f 2961//3941 2966//3941 2964//3941
f 2961//3942 2964//3942 2965//3942
f 2961//3943 2965//3943 2966//3943
f 2966//3944 2965//3944 2964//3944
f 2966//3945 2967//3945 2968//3945
f 2966//3946 2968//3946 2969//3946
f 2966//3947 2969//3947 2967//3947
f 2967//3948 2969//3948 2968//3948
f 2967//3949 2970//3949 2971//3949
f 2967//3950 2971//3950 2972//3950
f 2967//3951 2972//3951 2970//3951
f 2970//3952 2972//3952 2971//3952
f 2970//3953 2973//3953 2974//3953
f 2970//3954 2974//3954 2975//3954
f 2970//3955 2975//3955 2973//3955
f 2973//3956 2975//3956 2974//3956
f 2973//3957 2976//3957 2977//3957
f 2973//3958 2977//3958 2978//3958
f 2973//3959 2978//3959 2976//3959
f 2976//3960 2978//3960 2977//3960
f 2976//3961 2979//3961 2980//3961
f 2976//3962 2980//3962 2981//3962
f 2976//3963 2981//3963 2979//3963
f 2979//3964 2981//3964 2980//3964
f 2979//3965 2982//3965 2983//3965
f 2979//3966 2983//3966 2984//3966
f 2979//3967 2984//3967 2982//3967
f 2982//3968 2984//3968 2983//3968
f 2982//3969 2985//3969 2986//3969
f 2982//3970 2986//3970 2987//3970
f 2982//3971 2987//3971 2985//3971
f 2985//3972 2987//3972 2986//3972
f 2985//3973 2990//3973 2988//3973
f 2985//3974 2988//3974 2989//3974
f 2985//3975 2989//3975 2990//3975
f 2990//3976 2989//3976 2988//3976
f 2990//3977 2991//3977 2992//3977
f 2990//3978 2992//3978 2993//3978
f 2990//3979 2993//3979 2991//3979
f 2991//3980 2993//3980 2992//3980
f 2991//3981 2996//3981 2994//3981
f 2991//3982 2994//3982 2995//3982
f 2991//3983 2995//3983 2996//3983
f 2996//3984 2995//3984 2994//3984
f 2996//3985 2997//3985 2998//3985
f 2996//3986 2998//3986 2999//3986
f 2996//3987 2999//3987 2997//3987
f 2997//3988 2999//3988 2998//3988
f 2997//3989 3002//3989 3000//3989
f 2997//3990 3000//3990 3001//3990
f 2997//3991 3001//3991 3002//3991
f 3002//3992 3001//3992 3000//3992
f 3002//3993 3003//3993 3004//3993
f 3002//3994 3004//3994 3005//3994
f 3002//3995 3005//3995 3003//3995
f 3003//3996 3005//3996 3004//3996
f 3003//3997 3008//3997 3006//3997
f 3003//3998 3006//3998 3007//3998
f 3003//3999 3007//3999 3008//3999
f 3008//4000 3007//4000 3006//4000
f 3008//4001 3009//4001 3010//4001
f 3008//4002 3010//4002 3011//4002
f 3008//4003 3011//4003 3009//4003
f 3009//4004 3011//4004 3010//4004
f 3009//4005 3012//4005 3013//4005
f 3009//4006 3013//4006 3014//4006
f 3009//4007 3014//4007 3012//4007
f 3012//4008 3014//4008 3013//4008
f 3012//4009 3017//4009 3015//4009
f 3012//4010 3015//4010 3016//4010
f 3012//4011 3016//4011 3017//4011
f 3017//4012 3016//4012 3015//4012
f 3017//4013 3020//4013 3018//4013
f 3017//4014 3018//4014 3019//4014
f 3017//4015 3019//4015 3020//4015
f 3020//4016 3019//4016 3018//4016
f 3020//4017 3021//4017 3022//4017
f 3020//4018 3022//4018 3023//4018
f 3020//4019 3023//4019 3021//4019
f 3021//4020 3023//4020 3022//4020
f 3021//4021 3026//4021 3024//4021
f 3021//4022 3024//4022 3025//4022
f 3021//4023 3025//4023 3026//4023
f 3026//4024 3025//4024 3024//4024
f 3026//4025 3027//4025 3028//4025
f 3026//4026 3028//4026 3029//4026
f 3026//4027 3029//4027 3027//4027
f 3027//4028 3029//4028 3028//4028
f 3027//4029 3032//4029 3030//4029
f 3027//4030 3030//4030 3031//4030
f 3027//4031 3031//4031 3032//4031
f 3032//4032 3031//4032 3030//4032
f 3032//4033 3035//4033 3033//4033
f 3032//4034 3033//4034 3034//4034
f 3032//4035 3034//4035 3035//4035
f 3035//4036 3034//4036 3033//4036
f 3035//4037 3036//4037 3037//4037
f 3035//4038 3037//4038 3038//4038
f 3035//4039 3038//4039 3036//4039
f 3036//4040 3038//4040 3037//4040
f 3036//4041 3039//4041 3040//4041
f 3036//4042 3040//4042 3041//4042
f 3036//4043 3041//4043 3039//4043
f 3039//4044 3041//4044 3040//4044
f 3039//4045 3044//4045 3042//4045
f 3039//4046 3042//4046 3043//4046
f 3039//4047 3043//4047 3044//4047
f 3044//4048 3043//4048 3042//4048
f 3044//4049 3047//4049 3045//4049
f 3044//4050 3045//4050 3046//4050
f 3044//4051 3046//4051 3047//4051
f 3047//4052 3046//4052 3045//4052
f 3047//4053 3048//4053 3049//4053
f 3047//4054 3049//4054 3050//4054
f 3047//4055 3050//4055 3048//4055
f 3048//4056 3050//4056 3049//4056
f 3048//4057 3051//4057 3052//4057
f 3048//4058 3052//4058 3053//4058
f 3048//4059 3053//4059 3051//4059
f 3051//4060 3053//4060 3052//4060
f 3051//4061 3054//4061 3055//4061
f 3051//4062 3055//4062 3056//4062
f 3051//4063 3056//4063 3054//4063
f 3054//4064 3056//4064 3055//4064
f 3054//4065 3057//4065 3058//4065
f 3054//4066 3058//4066 3059//4066
f 3054//4067 3059//4067 3057//4067
f 3057//4068 3059//4068 3058//4068
f 3057//4069 3062//4069 3060//4069
f 3057//4070 3060//4070 3061//4070
f 3057//4071 3061//4071 3062//4071
f 3062//4072 3061//4072 3060//4072
f 3062//4073 3065//4073 3063//4073
f 3062//4074 3063//4074 3064//4074
f 3062//4075 3064//4075 3065//4075
f 3065//4076 3064//4076 3063//4076
f 3065//4077 3068//4077 3066//4077
f 3065//4078 3066//4078 3067//4078
f 3065//4079 3067//4079 3068//4079
f 3068//4080 3067//4080 3066//4080
f 3068//4081 3069//4081 3070//4081
f 3068//4082 3070//4082 3071//4082
f 3068//4083 3071//4083 3069//4083
f 3069//4084 3071//4084 3070//4084
f 3069//4085 3074//4085 3072//4085
f 3069//4086 3072//4086 3073//4086
f 3069//4087 3073//4087 3074//4087
f 3074//4088 3073//4088 3072//4088
f 3074//4089 3075//4089 3076//4089
f 3074//4090 3076//4090 3077//4090
f 3074//4091 3077//4091 3075//4091
f 3075//4092 3077//4092 3076//4092
f 3075//4093 3078//4093 3079//4093
f 3075//4094 3079//4094 3080//4094
f 3075//4095 3080//4095 3078//4095
f 3078//4096 3080//4096 3079//4096
f 3078//4097 3081//4097 3082//4097
f 3078//4098 3082//4098 3083//4098
f 3078//4099 3083//4099 3081//4099
f 3081//4100 3083//4100 3082//4100
f 3081//4101 3084//4101 3085//4101
f 3081//4102 3085//4102 3086//4102
f 3081//4103 3086//4103 3084//4103
f 3084//4104 3086//4104 3085//4104
f 3084//4105 3087//4105 3088//4105
f 3084//4106 3088//4106 3089//4106
f 3084//4107 3089//4107 3087//4107
f 3087//4108 3089//4108 3088//4108
f 3087//4109 3090//4109 3091//4109
f 3087//4110 3091//4110 3092//4110
f 3087//4111 3092//4111 3090//4111
f 3090//4112 3092//4112 3091//4112
f 3090//4113 3093//4113 3094//4113
f 3090//4114 3094//4114 3095//4114
f 3090//4115 3095//4115 3093//4115
f 3093//4116 3095//4116 3094//4116
f 3093//4117 3098//4117 3096//4117
f 3093//4118 3096//4118 3097//4118
f 3093//4119 3097//4119 3098//4119
f 3098//4120 3097//4120 3096//4120
f 3098//4121 3101//4121 3099//4121
f 3098//4122 3099//4122 3100//4122
f 3098//4123 3100//4123 3101//4123
f 3101//4124 3100//4124 3099//4124
f 3101//4125 3104//4125 3102//4125
f 3101//4126 3102//4126 3103//4126
f 3101//4127 3103//4127 3104//4127
f 3104//4128 3103//4128 3102//4128
f 3104//4129 3107//4129 3105//4129
f 3104//4130 3105//4130 3106//4130
f 3104//4131 3106//4131 3107//4131
f 3107//4132 3106//4132 3105//4132
f 3107//4133 3110//4133 3108//4133
f 3107//4134 3108//4134 3109//4134
f 3107//4135 3109//4135 3110//4135
f 3110//4136 3109//4136 3108//4136
f 3110//4137 3111//4137 3112//4137
f 3110//4138 3112//4138 3113//4138
f 3110//4139 3113//4139 3111//4139
f 3111//4140 3113//4140 3112//4140
f 3111//4141 3114//4141 3115//4141
f 3111//4142 3115//4142 3116//4142
f 3111//4143 3116//4143 3114//4143
f 3114//4144 3116//4144 3115//4144
f 3114//4145 3119//4145 3117//4145
f 3114//4146 3117//4146 3118//4146
f 3114//4147 3118//4147 3119//4147
f 3119//4148 3118//4148 3117//4148
f 3119//4149 3120//4149 3121//4149
f 3119//4150 3121//4150 3122//4150
f 3119//4151 3122//4151 3120//4151
f 3120//4152 3122//4152 3121//4152
f 3120//4153 3123//4153 3124//4153
f 3120//4154 3124//4154 3125//4154
f 3120//4155 3125//4155 3123//4155
f 3123//4156 3125//4156 3124//4156
f 3123//4157 3128//4157 3126//4157
f 3123//4158 3126//4158 3127//4158
f 3123//4159 3127//4159 3128//4159
f 3128//4160 3127//4160 3126//4160
f 3128//4161 3131//4161 3129//4161
f 3128//4162 3129//4162 3130//4162
f 3128//4163 3130//4163 3131//4163
f 3131//4164 3130//4164 3129//4164
f 3131//4165 3132//4165 3133//4165
f 3131//4166 3133//4166 3134//4166
f 3131//4167 3134//4167 3132//4167
f 3132//4168 3134//4168 3133//4168
f 3132//4169 3137//4169 3135//4169
f 3132//4170 3135//4170 3136//4170
f 3132//4171 3136//4171 3137//4171
f 3137//4172 3136//4172 3135//4172
f 3137//4173 3138//4173 3139//4173
f 3137//4174 3139//4174 3140//4174
f 3137//4175 3140//4175 3138//4175
f 3138//4176 3140//4176 3139//4176
f 3138//4177 3141//4177 3142//4177
f 3138//4178 3142//4178 3143//4178
f 3138//4179 3143//4179 3141//4179
f 3141//4180 3143//4180 3142//4180
f 3141//4181 3146//4181 3144//4181
f 3141//4182 3144//4182 3145//4182
f 3141//4183 3145//4183 3146//4183
f 3146//4184 3145//4184 3144//4184
f 3146//4185 3149//4185 3147//4185
f 3146//4186 3147//4186 3148//4186
f 3146//4187 3148//4187 3149//4187
f 3149//4188 3148//4188 3147//4188
f 3149//4189 3152//4189 3150//4189
f 3149//4190 3150//4190 3151//4190
f 3149//4191 3151//4191 3152//4191
f 3152//4192 3151//4192 3150//4192
f 3152//4193 3155//4193 3153//4193
f 3152//4194 3153//4194 3154//4194
f 3152//4195 3154//4195 3155//4195
f 3155//4196 3154//4196 3153//4196
f 3155//4197 3158//4197 3156//4197
f 3155//4198 3156//4198 3157//4198
f 3155//4199 3157//4199 3158//4199
f 3158//4200 3157//4200 3156//4200
f 3158//4201 3161//4201 3159//4201
f 3158//4202 3159//4202 3160//4202
f 3158//4203 3160//4203 3161//4203
f 3161//4204 3160//4204 3159//4204
f 3161//4205 3162//4205 3163//4205
f 3161//4206 3163//4206 3164//4206
f 3161//4207 3164//4207 3162//4207
f 3162//4208 3164//4208 3163//4208
f 3162//4209 3165//4209 3166//4209
f 3162//4210 3166//4210 3167//4210
f 3162//4211 3167//4211 3165//4211
f 3165//4212 3167//4212 3166//4212
f 3165//4213 3168//4213 3169//4213
f 3165//4214 3169//4214 3170//4214
f 3165//4215 3170//4215 3168//4215
f 3168//4216 3170//4216 3169//4216
f 3168//4217 3171//4217 3172//4217
f 3168//4218 3172//4218 3173//4218
f 3168//4219 3173//4219 3171//4219
f 3171//4220 3173//4220 3172//4220
f 3171//4221 3176//4221 3174//4221
f 3171//4222 3174//4222 3175//4222
f 3171//4223 3175//4223 3176//4223
f 3176//4224 3175//4224 3174//4224
f 3176//4225 3179//4225 3177//4225
f 3176//4226 3177//4226 3178//4226
f 3176//4227 3178//4227 3179//4227
f 3179//4228 3178//4228 3177//4228
f 3179//4229 3180//4229 3181//4229
f 3179//4230 3181//4230 3182//4230
f 3179//4231 3182//4231 3180//4231
f 3180//4232 3182//4232 3181//4232
f 3180//4233 3185//4233 3183//4233
f 3180//4234 3183//4234 3184//4234
f 3180//4235 3184//4235 3185//4235
f 3185//4236 3184//4236 3183//4236
f 3185//4237 3188//4237 3186//4237
f 3185//4238 3186//4238 3187//4238
f 3185//4239 3187//4239 3188//4239
f 3188//4240 3187//4240 3186//4240
f 3188//4241 3189//4241 3190//4241
f 3188//4242 3190//4242 3191//4242
f 3188//4243 3191//4243 3189//4243
f 3189//4244 3191//4244 3190//4244
f 3189//4245 3192//4245 3193//4245
f 3189//4246 3193//4246 3194//4246
f 3189//4247 3194//4247 3192//4247
f 3192//4248 3194//4248 3193//4248
f 3192//4249 3197//4249 3195//4249
f 3192//4250 3195//4250 3196//4250
f 3192//4251 3196//4251 3197//4251
f 3197//4252 3196//4252 3195//4252
f 3197//4253 3198//4253 3199//4253
f 3197//4254 3199//4254 3200//4254
f 3197//4255 3200//4255 3198//4255
f 3198//4256 3200//4256 3199//4256
f 3198//4257 3203//4257 3201//4257
f 3198//4258 3201//4258 3202//4258
f 3198//4259 3202//4259 3203//4259
f 3203//4260 3202//4260 3201//4260
f 3203//4261 3206//4261 3204//4261
f 3203//4262 3204//4262 3205//4262
f 3203//4263 3205//4263 3206//4263
f 3206//4264 3205//4264 3204//4264
f 3206//4265 3207//4265 3208//4265
f 3206//4266 3208//4266 3209//4266
f 3206//4267 3209//4267 3207//4267
f 3207//4268 3209//4268 3208//4268
f 3207//4269 3212//4269 3210//4269
f 3207//4270 3210//4270 3211//4270
f 3207//4271 3211//4271 3212//4271
f 3212//4272 3211//4272 3210//4272
f 3212//4273 3213//4273 3214//4273
f 3212//4274 3214//4274 3215//4274
f 3212//4275 3215//4275 3213//4275
f 3213//4276 3215//4276 3214//4276
f 3213//4277 3218//4277 3216//4277
f 3213//4278 3216//4278 3217//4278
f 3213//4279 3217//4279 3218//4279
f 3218//4280 3217//4280 3216//4280
f 3218//4281 3219//4281 3220//4281
f 3218//4282 3220//4282 3221//4282
f 3218//4283 3221//4283 3219//4283
f 3219//4284 3221//4284 3220//4284
f 3219//4285 3222//4285 3223//4285
f 3219//4286 3223//4286 3224//4286
f 3219//4287 3224//4287 3222//4287
f 3222//4288 3224//4288 3223//4288
f 3222//4289 3225//4289 3226//4289
f 3222//4290 3226//4290 3227//4290
f 3222//4291 3227//4291 3225//4291
f 3225//4292 3227//4292 3226//4292
f 3225//4293 3230//4293 3228//4293
f 3225//4294 3228//4294 3229//4294
f 3225//4295 3229//4295 3230//4295
f 3230//4296 3229//4296 3228//4296
f 3230//4297 3231//4297 3232//4297
f 3230//4298 3232//4298 3233//4298
f 3230//4299 3233//4299 3231//4299
f 3231//4300 3233//4300 3232//4300
f 3231//4301 3236//4301 3234//4301
f 3231//4302 3234//4302 3235//4302
f 3231//4303 3235//4303 3236//4303
f 3236//4304 3235//4304 3234//4304
f 3236//4305 3237//4305 3238//4305
f 3236//4306 3238//4306 3239//4306
f 3236//4307 3239//4307 3237//4307
f 3237//4308 3239//4308 3238//4308
f 3237//4309 3240//4309 3241//4309
f 3237//4310 3241//4310 3242//4310
f 3237//4311 3242//4311 3240//4311
f 3240//4312 3242//4312 3241//4312
f 3240//4313 3245//4313 3243//4313
f 3240//4314 3243//4314 3244//4314
f 3240//4315 3244//4315 3245//4315
f 3245//4316 3244//4316 3243//4316
f 3245//4317 3248//4317 3246//4317
f 3245//4318 3246//4318 3247//4318
f 3245//4319 3247//4319 3248//4319
f 3248//4320 3247//4320 3246//4320
f 3248//4321 3249//4321 3250//4321
f 3248//4322 3250//4322 3251//4322
f 3248//4323 3251//4323 3249//4323
f 3249//4324 3251//4324 3250//4324
f 3249//4325 3254//4325 3252//4325
f 3249//4326 3252//4326 3253//4326
f 3249//4327 3253//4327 3254//4327
f 3254//4328 3253//4328 3252//4328
f 3254//4329 3257//4329 3255//4329
f 3254//4330 3255//4330 3256//4330
f 3254//4331 3256//4331 3257//4331
f 3257//4332 3256//4332 3255//4332
f 3257//4333 3258//4333 3259//4333
f 3257//4334 3259//4334 3260//4334
f 3257//4335 3260//4335 3258//4335
f 3258//4336 3260//4336 3259//4336
f 3258//4337 3263//4337 3261//4337
f 3258//4338 3261//4338 3262//4338
f 3258//4339 3262//4339 3263//4339
f 3263//4340 3262//4340 3261//4340
f 3263//4341 3266//4341 3264//4341
f 3263//4342 3264//4342 3265//4342
f 3263//4343 3265//4343 3266//4343
f 3266//4344 3265//4344 3264//4344
f 3266//4345 3267//4345 3268//4345
f 3266//4346 3268//4346 3269//4346
f 3266//4347 3269//4347 3267//4347
f 3267//4348 3269//4348 3268//4348
f 3267//4349 3272//4349 3270//4349
f 3267//4350 3270//4350 3271//4350
f 3267//4351 3271//4351 3272//4351
f 3272//4352 3271//4352 3270//4352
f 3272//4353 3273//4353 3274//4353
f 3272//4354 3274//4354 3275//4354
f 3272//4355 3275//4355 3273//4355
f 3273//4356 3275//4356 3274//4356
f 3273//4357 3278//4357 3276//4357
f 3273//4358 3276//4358 3277//4358
f 3273//4359 3277//4359 3278//4359
f 3278//4360 3277//4360 3276//4360
f 3278//4361 3279//4361 3280//4361
f 3278//4362 3280//4362 3281//4362
f 3278//4363 3281//4363 3279//4363
f 3279//4364 3281//4364 3280//4364
f 3279//4365 3282//4365 3283//4365
f 3279//4366 3283//4366 3284//4366
f 3279//4367 3284//4367 3282//4367
f 3282//4368 3284//4368 3283//4368
f 3282//4369 3287//4369 3285//4369
f 3282//4370 3285//4370 3286//4370
f 3282//4371 3286//4371 3287//4371
f 3287//4372 3286//4372 3285//4372
f 3287//4373 3288//4373 3289//4373
f 3287//4374 3289//4374 3290//4374
f 3287//4375 3290//4375 3288//4375
f 3288//4376 3290//4376 3289//4376
f 3288//4377 3293//4377 3291//4377
f 3288//4378 3291//4378 3292//4378
f 3288//4379 3292//4379 3293//4379
f 3293//4380 3292//4380 3291//4380
f 3293//4381 3294//4381 3295//4381
f 3293//4382 3295//4382 3296//4382
f 3293//4383 3296//4383 3294//4383
f 3294//4384 3296//4384 3295//4384
f 3294//4385 3297//4385 3298//4385
f 3294//4386 3298//4386 3299//4386
f 3294//4387 3299//4387 3297//4387
f 3297//4388 3299//4388 3298//4388
f 3297//4389 3302//4389 3300//4389
f 3297//4390 3300//4390 3301//4390
f 3297//4391 3301//4391 3302//4391
f 3302//4392 3301//4392 3300//4392
f 3302//4393 3303//4393 3304//4393
f 3302//4394 3304//4394 3305//4394
f 3302//4395 3305//4395 3303//4395
f 3303//4396 3305//4396 3304//4396
f 3303//4397 3306//4397 3307//4397
f 3303//4398 3307//4398 3308//4398
f 3303//4399 3308//4399 3306//4399
f 3306//4400 3308//4400 3307//4400
f 3306//4401 3309//4401 3310//4401
f 3306//4402 3310//4402 3311//4402
f 3306//4403 3311//4403 3309//4403
f 3309//4404 3311//4404 3310//4404
f 3309//4405 3312//4405 3313//4405
f 3309//4406 3313//4406 3314//4406
f 3309//4407 3314//4407 3312//4407
f 3312//4408 3314//4408 3313//4408
f 3312//4409 3315//4409 3316//4409
f 3312//4410 3316//4410 3317//4410
f 3312//4411 3317//4411 3315//4411
f 3315//4412 3317//4412 3316//4412
f 3315//4413 3320//4413 3318//4413
f 3315//4414 3318//4414 3319//4414
f 3315//4415 3319//4415 3320//4415
f 3320//4416 3319//4416 3318//4416
f 3320//4417 3323//4417 3321//4417
f 3320//4418 3321//4418 3322//4418
f 3320//4419 3322//4419 3323//4419
f 3323//4420 3322//4420 3321//4420
f 3323//4421 3324//4421 3325//4421
f 3323//4422 3325//4422 3326//4422
f 3323//4423 3326//4423 3324//4423
f 3324//4424 3326//4424 3325//4424
f 3324//4425 3329//4425 3327//4425
f 3324//4426 3327//4426 3328//4426
f 3324//4427 3328//4427 3329//4427
f 3329//4428 3328//4428 3327//4428
f 3329//4429 3330//4429 3331//4429
f 3329//4430 3331//4430 3332//4430
f 3329//4431 3332//4431 3330//4431
f 3330//4432 3332//4432 3331//4432
f 3330//4433 3333//4433 3334//4433
f 3330//4434 3334//4434 3335//4434
f 3330//4435 3335//4435 3333//4435
f 3333//4436 3335//4436 3334//4436
f 3333//4437 3338//4437 3336//4437
f 3333//4438 3336//4438 3337//4438
f 3333//4439 3337//4439 3338//4439
f 3338//4440 3337//4440 3336//4440
f 3338//4441 3339//4441 3340//4441
f 3338//4442 3340//4442 3341//4442
f 3338//4443 3341//4443 3339//4443
f 3339//4444 3341//4444 3340//4444
f 3339//4445 3344//4445 3342//4445
f 3339//4446 3342//4446 3343//4446
f 3339//4447 3343//4447 3344//4447
f 3344//4448 3343//4448 3342//4448
f 3344//4449 3345//4449 3346//4449
f 3344//4450 3346//4450 3347//4450
f 3344//4451 3347//4451 3345//4451
f 3345//4452 3347//4452 3346//4452
f 3345//4453 3348//4453 3349//4453
f 3345//4454 3349//4454 3350//4454
f 3345//4455 3350//4455 3348//4455
f 3348//4456 3350//4456 3349//4456
f 3348//4457 3353//4457 3351//4457
f 3348//4458 3351//4458 3352//4458
f 3348//4459 3352//4459 3353//4459
f 3353//4460 3352//4460 3351//4460
f 3353//4461 3356//4461 3354//4461
f 3353//4462 3354//4462 3355//4462
f 3353//4463 3355//4463 3356//4463
f 3356//4464 3355//4464 3354//4464
f 3356//4465 3359//4465 3357//4465
f 3356//4466 3357//4466 3358//4466
f 3356//4467 3358//4467 3359//4467
f 3359//4468 3358//4468 3357//4468
f 3359//4469 3362//4469 3360//4469
f 3359//4470 3360//4470 3361//4470
f 3359//4471 3361//4471 3362//4471
f 3362//4472 3361//4472 3360//4472
f 3362//4473 3365//4473 3363//4473
f 3362//4474 3363//4474 3364//4474
f 3362//4475 3364//4475 3365//4475
f 3365//4476 3364//4476 3363//4476
f 3365//4477 3366//4477 3367//4477
f 3365//4478 3367//4478 3368//4478
f 3365//4479 3368//4479 3366//4479
f 3366//4480 3368//4480 3367//4480
f 3366//4481 3371//4481 3369//4481
f 3366//4482 3369//4482 3370//4482
f 3366//4483 3370//4483 3371//4483
f 3371//4484 3370//4484 3369//4484
f 3371//4485 3372//4485 3373//4485
f 3371//4486 3373//4486 3374//4486
f 3371//4487 3374//4487 3372//4487
f 3372//4488 3374//4488 3373//4488
f 3372//4489 3375//4489 3376//4489
f 3372//4490 3376//4490 3377//4490
f 3372//4491 3377//4491 3375//4491
f 3375//4492 3377//4492 3376//4492
f 3375//4493 3378//4493 3379//4493
f 3375//4494 3379//4494 3380//4494
f 3375//4495 3380//4495 3378//4495
f 3378//4496 3380//4496 3379//4496
f 3378//4497 3383//4497 3381//4497
f 3378//4498 3381//4498 3382//4498
f 3378//4499 3382//4499 3383//4499
f 3383//4500 3382//4500 3381//4500
f 3383//4501 3386//4501 3384//4501
f 3383//4502 3384//4502 3385//4502
f 3383//4503 3385//4503 3386//4503
f 3386//4504 3385//4504 3384//4504
f 3386//4505 3389//4505 3387//4505
f 3386//4506 3387//4506 3388//4506
f 3386//4507 3388//4507 3389//4507
f 3389//4508 3388//4508 3387//4508
f 3389//4509 3392//4509 3390//4509
f 3389//4510 3390//4510 3391//4510
f 3389//4511 3391//4511 3392//4511
f 3392//4512 3391//4512 3390//4512
f 3392//4513 3393//4513 3394//4513
f 3392//4514 3394//4514 3395//4514
f 3392//4515 3395//4515 3393//4515
f 3393//4516 3395//4516 3394//4516
f 3393//4517 3398//4517 3396//4517
f 3393//4518 3396//4518 3397//4518
f 3393//4519 3397//4519 3398//4519
f 3398//4520 3397//4520 3396//4520
f 3398//4521 3401//4521 3399//4521
f 3398//4522 3399//4522 3400//4522
f 3398//4523 3400//4523 3401//4523
f 3401//4524 3400//4524 3399//4524
f 3401//4525 3404//4525 3402//4525
f 3401//4526 3402//4526 3403//4526
f 3401//4527 3403//4527 3404//4527
f 3404//4528 3403//4528 3402//4528
f 3404//4529 3407//4529 3405//4529
f 3404//4530 3405//4530 3406//4530
f 3404//4531 3406//4531 3407//4531
f 3407//4532 3406//4532 3405//4532
f 3407//4533 3410//4533 3408//4533
f 3407//4534 3408//4534 3409//4534
f 3407//4535 3409//4535 3410//4535
f 3410//4536 3409//4536 3408//4536
f 3410//4537 3413//4537 3411//4537
f 3410//4538 3411//4538 3412//4538
f 3410//4539 3412//4539 3413//4539
f 3413//4540 3412//4540 3411//4540
f 3413//4541 3414//4541 3415//4541
f 3413//4542 3415//4542 3416//4542
f 3413//4543 3416//4543 3414//4543
f 3414//4544 3416//4544 3415//4544
f 3414//4545 3417//4545 3418//4545
f 3414//4546 3418//4546 3419//4546
f 3414//4547 3419//4547 3417//4547
f 3417//4548 3419//4548 3418//4548
f 3417//4549 3420//4549 3421//4549
f 3417//4550 3421//4550 3422//4550
f 3417//4551 3422//4551 3420//4551
f 3420//4552 3422//4552 3421//4552
f 3420//4553 3425//4553 3423//4553
f 3420//4554 3423//4554 3424//4554
f 3420//4555 3424//4555 3425//4555
f 3425//4556 3424//4556 3423//4556
f 3425//4557 3426//4557 3427//4557
f 3425//4558 3427//4558 3428//4558
f 3425//4559 3428//4559 3426//4559
f 3426//4560 3428//4560 3427//4560
f 3426//4561 3429//4561 3430//4561
f 3426//4562 3430//4562 3431//4562
f 3426//4563 3431//4563 3429//4563
f 3429//4564 3431//4564 3430//4564
f 3429//4565 3434//4565 3432//4565
f 3429//4566 3432//4566 3433//4566
f 3429//4567 3433//4567 3434//4567
f 3434//4568 3433//4568 3432//4568
f 3434//4569 3435//4569 3436//4569
f 3434//4570 3436//4570 3437//4570
f 3434//4571 3437//4571 3435//4571
f 3435//4572 3437//4572 3436//4572
f 3435//4573 3438//4573 3439//4573
f 3435//4574 3439//4574 3440//4574
f 3435//4575 3440//4575 3438//4575
f 3438//4576 3440//4576 3439//4576
f 3438//4577 3441//4577 3442//4577
f 3438//4578 3442//4578 3443//4578
f 3438//4579 3443//4579 3441//4579
f 3441//4580 3443//4580 3442//4580
f 3441//4581 3446//4581 3444//4581
f 3441//4582 3444//4582 3445//4582
f 3441//4583 3445//4583 3446//4583
f 3446//4584 3445//4584 3444//4584
f 3446//4585 3447//4585 3448//4585
f 3446//4586 3448//4586 3449//4586
f 3446//4587 3449//4587 3447//4587
f 3447//4588 3449//4588 3448//4588
f 3447//4589 3452//4589 3450//4589
f 3447//4590 3450//4590 3451//4590
f 3447//4591 3451//4591 3452//4591
f 3452//4592 3451//4592 3450//4592
f 3452//4593 3453//4593 3454//4593
f 3452//4594 3454//4594 3455//4594
f 3452//4595 3455//4595 3453//4595
f 3453//4596 3455//4596 3454//4596
f 3453//4597 3456//4597 3457//4597
f 3453//4598 3457//4598 3458//4598
f 3453//4599 3458//4599 3456//4599
f 3456//4600 3458//4600 3457//4600
f 3456//4601 3461//4601 3459//4601
f 3456//4602 3459//4602 3460//4602
f 3456//4603 3460//4603 3461//4603
f 3461//4604 3460//4604 3459//4604
f 3461//4605 3462//4605 3463//4605
f 3461//4606 3463//4606 3464//4606
f 3461//4607 3464//4607 3462//4607
f 3462//4608 3464//4608 3463//4608
f 3462//4609 3467//4609 3465//4609
f 3462//4610 3465//4610 3466//4610
f 3462//4611 3466//4611 3467//4611
f 3467//4612 3466//4612 3465//4612
f 3467//4613 3468//4613 3469//4613
f 3467//4614 3469//4614 3470//4614
f 3467//4615 3470//4615 3468//4615
f 3468//4616 3470//4616 3469//4616
f 3468//4617 3473//4617 3471//4617
f 3468//4618 3471//4618 3472//4618
f 3468//4619 3472//4619 3473//4619
f 3473//4620 3472//4620 3471//4620
f 3473//4621 3476//4621 3474//4621
f 3473//4622 3474//4622 3475//4622
f 3473//4623 3475//4623 3476//4623
f 3476//4624 3475//4624 3474//4624
f 3476//4625 3477//4625 3478//4625
f 3476//4626 3478//4626 3479//4626
f 3476//4627 3479//4627 3477//4627
f 3477//4628 3479//4628 3478//4628
f 3477//4629 3480//4629 3481//4629
f 3477//4630 3481//4630 3482//4630
f 3477//4631 3482//4631 3480//4631
f 3480//4632 3482//4632 3481//4632
f 3480//4633 3485//4633 3483//4633
f 3480//4634 3483//4634 3484//4634
f 3480//4635 3484//4635 3485//4635
f 3485//4636 3484//4636 3483//4636
f 3485//4637 3486//4637 3487//4637
f 3485//4638 3487//4638 3488//4638
f 3485//4639 3488//4639 3486//4639
f 3486//4640 3488//4640 3487//4640
f 3486//4641 3489//4641 3490//4641
f 3486//4642 3490//4642 3491//4642
f 3486//4643 3491//4643 3489//4643
f 3489//4644 3491//4644 3490//4644
f 3489//4645 3492//4645 3493//4645
f 3489//4646 3493//4646 3494//4646
f 3489//4647 3494//4647 3492//4647
f 3492//4648 3494//4648 3493//4648
f 3492//4649 3497//4649 3495//4649
f 3492//4650 3495//4650 3496//4650
f 3492//4651 3496//4651 3497//4651
f 3497//4652 3496//4652 3495//4652
f 3497//4653 3498//4653 3499//4653
f 3497//4654 3499//4654 3500//4654
f 3497//4655 3500//4655 3498//4655
f 3498//4656 3500//4656 3499//4656
f 3498//4657 3503//4657 3501//4657
f 3498//4658 3501//4658 3502//4658
f 3498//4659 3502//4659 3503//4659
f 3503//4660 3502//4660 3501//4660
f 3503//4661 3506//4661 3504//4661
f 3503//4662 3504//4662 3505//4662
f 3503//4663 3505//4663 3506//4663
f 3506//4664 3505//4664 3504//4664
f 3506//4665 3509//4665 3507//4665
f 3506//4666 3507//4666 3508//4666
f 3506//4667 3508//4667 3509//4667
f 3509//4668 3508//4668 3507//4668
f 3509//4669 3510//4669 3511//4669
f 3509//4670 3511//4670 3512//4670
f 3509//4671 3512//4671 3510//4671
f 3510//4672 3512//4672 3511//4672
f 3510//4673 3515//4673 3513//4673
f 3510//4674 3513//4674 3514//4674
f 3510//4675 3514//4675 3515//4675
f 3515//4676 3514//4676 3513//4676
f 3515//4677 3516//4677 3517//4677
f 3515//4678 3517//4678 3518//4678
f 3515//4679 3518//4679 3516//4679
f 3516//4680 3518//4680 3517//4680
f 3516//4681 3519//4681 3520//4681
f 3516//4682 3520//4682 3521//4682
f 3516//4683 3521//4683 3519//4683
f 3519//4684 3521//4684 3520//4684
f 3519//4685 3524//4685 3522//4685
f 3519//4686 3522//4686 3523//4686
f 3519//4687 3523//4687 3524//4687
f 3524//4688 3523//4688 3522//4688
f 3524//4689 3527//4689 3525//4689
f 3524//4690 3525//4690 3526//4690
f 3524//4691 3526//4691 3527//4691
f 3527//4692 3526//4692 3525//4692
f 3527//4693 3530//4693 3528//4693
f 3527//4694 3528//4694 3529//4694
f 3527//4695 3529//4695 3530//4695
f 3530//4696 3529//4696 3528//4696
f 3530//4697 3533//4697 3531//4697
f 3530//4698 3531//4698 3532//4698
f 3530//4699 3532//4699 3533//4699
f 3533//4700 3532//4700 3531//4700
f 3533//4701 3536//4701 3534//4701
f 3533//4702 3534//4702 3535//4702
f 3533//4703 3535//4703 3536//4703
f 3536//4704 3535//4704 3534//4704
f 3536//4705 3539//4705 3537//4705
f 3536//4706 3537//4706 3538//4706
f 3536//4707 3538//4707 3539//4707
f 3539//4708 3538//4708 3537//4708
f 3539//4709 3542//4709 3540//4709
f 3539//4710 3540//4710 3541//4710
f 3539//4711 3541//4711 3542//4711
f 3542//4712 3541//4712 3540//4712
f 3542//4713 3545//4713 3543//4713
f 3542//4714 3543//4714 3544//4714
f 3542//4715 3544//4715 3545//4715
f 3545//4716 3544//4716 3543//4716
f 3545//4717 3546//4717 3547//4717
f 3545//4718 3547//4718 3548//4718
f 3545//4719 3548//4719 3546//4719
f 3546//4720 3548//4720 3547//4720
f 3546//4721 3551//4721 3549//4721
f 3546//4722 3549//4722 3550//4722
f 3546//4723 3550//4723 3551//4723
f 3551//4724 3550//4724 3549//4724
f 3551//4725 3552//4725 3553//4725
f 3551//4726 3553//4726 3554//4726
f 3551//4727 3554//4727 3552//4727
f 3552//4728 3554//4728 3553//4728
f 3552//4729 3555//4729 3556//4729
f 3552//4730 3556//4730 3557//4730
f 3552//4731 3557//4731 3555//4731
f 3555//4732 3557//4732 3556//4732
f 3555//4733 3560//4733 3558//4733
f 3555//4734 3558//4734 3559//4734
f 3555//4735 3559//4735 3560//4735
f 3560//4736 3559//4736 3558//4736
f 3560//4737 3561//4737 3562//4737
f 3560//4738 3562//4738 3563//4738
f 3560//4739 3563//4739 3561//4739
f 3561//4740 3563//4740 3562//4740
f 3561//4741 3566//4741 3564//4741
f 3561//4742 3564//4742 3565//4742
f 3561//4743 3565//4743 3566//4743
f 3566//4744 3565//4744 3564//4744
f 3566//4745 3567//4745 3568//4745
f 3566//4746 3568//4746 3569//4746
f 3566//4747 3569//4747 3567//4747
f 3567//4748 3569//4748 3568//4748
f 3567//4749 3572//4749 3570//4749
f 3567//4750 3570//4750 3571//4750
f 3567//4751 3571//4751 3572//4751
f 3572//4752 3571//4752 3570//4752
f 3572//4753 3575//4753 3573//4753
f 3572//4754 3573//4754 3574//4754
f 3572//4755 3574//4755 3575//4755
f 3575//4756 3574//4756 3573//4756
f 3575//4757 3578//4757 3576//4757
f 3575//4758 3576//4758 3577//4758
f 3575//4759 3577//4759 3578//4759
f 3578//4760 3577//4760 3576//4760
f 3578//4761 3579//4761 3580//4761
f 3578//4762 3580//4762 3581//4762
f 3578//4763 3581//4763 3579//4763
f 3579//4764 3581//4764 3580//4764
f 3579//4765 3584//4765 3582//4765
f 3579//4766 3582//4766 3583//4766
f 3579//4767 3583//4767 3584//4767
f 3584//4768 3583//4768 3582//4768
f 3584//4769 3587//4769 3585//4769
f 3584//4770 3585//4770 3586//4770
f 3584//4771 3586//4771 3587//4771
f 3587//4772 3586//4772 3585//4772
f 3587//4773 3588//4773 3589//4773
f 3587//4774 3589//4774 3590//4774
f 3587//4775 3590//4775 3588//4775
f 3588//4776 3590//4776 3589//4776
f 3588//4777 3593//4777 3591//4777
f 3588//4778 3591//4778 3592//4778
f 3588//4779 3592//4779 3593//4779
f 3593//4780 3592//4780 3591//4780
f 3593//4781 3594//4781 3595//4781
f 3593//4782 3595//4782 3596//4782
f 3593//4783 3596//4783 3594//4783
f 3594//4784 3596//4784 3595//4784
f 3594//4785 3597//4785 3598//4785
f 3594//4786 3598//4786 3599//4786
f 3594//4787 3599//4787 3597//4787
f 3597//4788 3599//4788 3598//4788
f 3597//4789 3602//4789 3600//4789
f 3597//4790 3600//4790 3601//4790
f 3597//4791 3601//4791 3602//4791
f 3602//4792 3601//4792 3600//4792
f 3602//4793 3603//4793 3604//4793
f 3602//4794 3604//4794 3605//4794
f 3602//4795 3605//4795 3603//4795
f 3603//4796 3605//4796 3604//4796
f 3603//4797 3608//4797 3606//4797
f 3603//4798 3606//4798 3607//4798
f 3603//4799 3607//4799 3608//4799
f 3608//4800 3607//4800 3606//4800
f 3608//4801 3609//4801 3610//4801
f 3608//4802 3610//4802 3611//4802
f 3608//4803 3611//4803 3609//4803
f 3609//4804 3611//4804 3610//4804
f 3609//4805 3612//4805 3613//4805
f 3609//4806 3613//4806 3614//4806
f 3609//4807 3614//4807 3612//4807
f 3612//4808 3614//4808 3613//4808
f 3612//4809 3617//4809 3615//4809
f 3612//4810 3615//4810 3616//4810
f 3612//4811 3616//4811 3617//4811
f 3617//4812 3616//4812 3615//4812
f 3617//4813 3618//4813 3619//4813
f 3617//4814 3619//4814 3620//4814
f 3617//4815 3620//4815 3618//4815
f 3618//4816 3620//4816 3619//4816
f 3618//4817 3623//4817 3621//4817
f 3618//4818 3621//4818 3622//4818
f 3618//4819 3622//4819 3623//4819
f 3623//4820 3622//4820 3621//4820
f 3623//4821 3624//4821 3625//4821
f 3623//4822 3625//4822 3626//4822
f 3623//4823 3626//4823 3624//4823
f 3624//4824 3626//4824 3625//4824
f 3624//4825 3627//4825 3628//4825
f 3624//4826 3628//4826 3629//4826
f 3624//4827 3629//4827 3627//4827
f 3627//4828 3629//4828 3628//4828
f 3627//4829 3630//4829 3631//4829
f 3627//4830 3631//4830 3632//4830
f 3627//4831 3632//4831 3630//4831
f 3630//4832 3632//4832 3631//4832
f 3630//4833 3635//4833 3633//4833
f 3630//4834 3633//4834 3634//4834
f 3630//4835 3634//4835 3635//4835
f 3635//4836 3634//4836 3633//4836
f 3635//4837 3636//4837 3637//4837
f 3635//4838 3637//4838 3638//4838
f 3635//4839 3638//4839 3636//4839
f 3636//4840 3638//4840 3637//4840
f 3636//4841 3639//4841 3640//4841
f 3636//4842 3640//4842 3641//4842
f 3636//4843 3641//4843 3639//4843
f 3639//4844 3641//4844 3640//4844
f 3639//4845 3642//4845 3643//4845
f 3639//4846 3643//4846 3644//4846
f 3639//4847 3644//4847 3642//4847
f 3642//4848 3644//4848 3643//4848
f 3642//4849 3647//4849 3645//4849
f 3642//4850 3645//4850 3646//4850
f 3642//4851 3646//4851 3647//4851
f 3647//4852 3646//4852 3645//4852
f 3647//4853 3648//4853 3649//4853
f 3647//4854 3649//4854 3650//4854
f 3647//4855 3650//4855 3648//4855
f 3648//4856 3650//4856 3649//4856
