# Created by UCSF ChimeraX version: 1.7
o Tetrahedrons Chain A
v -19.493 -10.249 -8.253
v -19.493 -10.249 -8.253
v -19.493 -10.249 -8.253
v -17.962 -8.9388 -10.494
v -17.962 -8.9388 -10.494
v -17.962 -8.9388 -10.494
v -18.571 -7.3926 -7.9799
v -18.571 -7.3926 -7.9799
v -18.571 -7.3926 -7.9799
v -20.79 -8.0833 -9.8996
v -20.79 -8.0833 -9.8996
v -20.79 -8.0833 -9.8996
v -17.962 -8.9388 -10.494
v -17.962 -8.9388 -10.494
v -17.962 -8.9388 -10.494
v -15.626 -10.297 -11.829
v -15.626 -10.297 -11.829
v -15.626 -10.297 -11.829
v -15.864 -7.2936 -11.9
v -15.864 -7.2936 -11.9
v -15.864 -7.2936 -11.9
v -17.768 -8.9945 -13.501
v -17.768 -8.9945 -13.501
v -17.768 -8.9945 -13.501
v -15.626 -10.297 -11.829
v -15.626 -10.297 -11.829
v -15.626 -10.297 -11.829
v -13.622 -11.024 -13.959
v -13.622 -11.024 -13.959
v -13.622 -11.024 -13.959
v -14.337 -13.021 -11.819
v -14.337 -13.021 -11.819
v -14.337 -13.021 -11.819
v -12.71 -10.582 -11.121
v -12.71 -10.582 -11.121
v -12.71 -10.582 -11.121
v -13.622 -11.024 -13.959
v -13.622 -11.024 -13.959
v -13.622 -11.024 -13.959
v -11.593 -11.867 -16.022
v -11.593 -11.867 -16.022
v -11.593 -11.867 -16.022
v -12.37 -8.9661 -15.771
v -12.37 -8.9661 -15.771
v -12.37 -8.9661 -15.771
v -14.334 -10.961 -16.887
v -14.334 -10.961 -16.887
v -14.334 -10.961 -16.887
v -11.593 -11.867 -16.022
v -11.593 -11.867 -16.022
v -11.593 -11.867 -16.022
v -9.8536 -13.081 -18.163
v -9.8536 -13.081 -18.163
v -9.8536 -13.081 -18.163
v -11.504 -14.859 -16.374
v -11.504 -14.859 -16.374
v -11.504 -14.859 -16.374
v -9.1134 -13.402 -15.259
v -9.1134 -13.402 -15.259
v -9.1134 -13.402 -15.259
v -9.8536 -13.081 -18.163
v -9.8536 -13.081 -18.163
v -9.8536 -13.081 -18.163
v -7.6933 -13.774 -20.147
v -7.6933 -13.774 -20.147
v -7.6933 -13.774 -20.147
v -8.4349 -10.892 -19.672
v -8.4349 -10.892 -19.672
v -8.4349 -10.892 -19.672
v -10.347 -12.722 -21.114
v -10.347 -12.722 -21.114
v -10.347 -12.722 -21.114
v -7.6933 -13.774 -20.147
v -7.6933 -13.774 -20.147
v -7.6933 -13.774 -20.147
v -5.4238 -13.964 -22.121
v -5.4238 -13.964 -22.121
v -5.4238 -13.964 -22.121
v -7.0453 -16.414 -21.449
v -7.0453 -16.414 -21.449
v -7.0453 -16.414 -21.449
v -5.168 -15.242 -19.403
v -5.168 -15.242 -19.403
v -5.168 -15.242 -19.403
v -5.4238 -13.964 -22.121
v -5.4238 -13.964 -22.121
v -5.4238 -13.964 -22.121
v -3.7509 -13.47 -24.579
v -3.7509 -13.47 -24.579
v -3.7509 -13.47 -24.579
v -2.4699 -13.431 -21.851
v -2.4699 -13.431 -21.851
v -2.4699 -13.431 -21.851
v -4.3334 -11.209 -22.673
v -4.3334 -11.209 -22.673
v -4.3334 -11.209 -22.673
v -3.7509 -13.47 -24.579
v -3.7509 -13.47 -24.579
v -3.7509 -13.47 -24.579
v -2.1307 -14.566 -26.871
v -2.1307 -14.566 -26.871
v -2.1307 -14.566 -26.871
v -1.4784 -11.856 -25.725
v -1.4784 -11.856 -25.725
v -1.4784 -11.856 -25.725
v -4.0039 -12.249 -27.322
v -4.0039 -12.249 -27.322
v -4.0039 -12.249 -27.322
v -2.1307 -14.566 -26.871
v -2.1307 -14.566 -26.871
v -2.1307 -14.566 -26.871
v 0.68894 -15.07 -27.809
v 0.68894 -15.07 -27.809
v 0.68894 -15.07 -27.809
v -1.6244 -16.406 -29.204
v -1.6244 -16.406 -29.204
v -1.6244 -16.406 -29.204
v -0.84982 -17.256 -26.419
v -0.84982 -17.256 -26.419
v -0.84982 -17.256 -26.419
v 0.68894 -15.07 -27.809
v 0.68894 -15.07 -27.809
v 0.68894 -15.07 -27.809
v 3.4404 -14.448 -28.871
v 3.4404 -14.448 -28.871
v 3.4404 -14.448 -28.871
v 3.1196 -15.64 -26.121
v 3.1196 -15.64 -26.121
v 3.1196 -15.64 -26.121
v 2.2778 -12.793 -26.637
v 2.2778 -12.793 -26.637
v 2.2778 -12.793 -26.637
v 3.4404 -14.448 -28.871
v 3.4404 -14.448 -28.871
v 3.4404 -14.448 -28.871
v 6.033 -15.616 -29.869
v 6.033 -15.616 -29.869
v 6.033 -15.616 -29.869
v 5.233 -12.823 -30.667
v 5.233 -12.823 -30.667
v 5.233 -12.823 -30.667
v 3.738 -15.193 -31.776
v 3.738 -15.193 -31.776
v 3.738 -15.193 -31.776
v 6.033 -15.616 -29.869
v 6.033 -15.616 -29.869
v 6.033 -15.616 -29.869
v 6.9518 -18.423 -29.268
v 6.9518 -18.423 -29.268
v 6.9518 -18.423 -29.268
v 8.3923 -16.073 -28.05
v 8.3923 -16.073 -28.05
v 8.3923 -16.073 -28.05
v 8.6371 -16.625 -31.003
v 8.6371 -16.625 -31.003
v 8.6371 -16.625 -31.003
v 6.9518 -18.423 -29.268
v 6.9518 -18.423 -29.268
v 6.9518 -18.423 -29.268
v 4.9175 -20.564 -29.871
v 4.9175 -20.564 -29.871
v 4.9175 -20.564 -29.871
v 6.5096 -20.675 -27.314
v 6.5096 -20.675 -27.314
v 6.5096 -20.675 -27.314
v 7.8592 -21.214 -29.954
v 7.8592 -21.214 -29.954
v 7.8592 -21.214 -29.954
v 4.9175 -20.564 -29.871
v 4.9175 -20.564 -29.871
v 4.9175 -20.564 -29.871
v 3.837 -19.703 -32.549
v 3.837 -19.703 -32.549
v 3.837 -19.703 -32.549
v 2.4588 -18.827 -30.017
v 2.4588 -18.827 -30.017
v 2.4588 -18.827 -30.017
v 2.3217 -21.709 -30.887
v 2.3217 -21.709 -30.887
v 2.3217 -21.709 -30.887
v 3.837 -19.703 -32.549
v 3.837 -19.703 -32.549
v 3.837 -19.703 -32.549
v 5.9937 -20.533 -34.484
v 5.9937 -20.533 -34.484
v 5.9937 -20.533 -34.484
v 5.0669 -17.666 -34.399
v 5.0669 -17.666 -34.399
v 5.0669 -17.666 -34.399
v 3.253 -19.804 -35.504
v 3.253 -19.804 -35.504
v 3.253 -19.804 -35.504
v 5.9937 -20.533 -34.484
v 5.9937 -20.533 -34.484
v 5.9937 -20.533 -34.484
v 7.2785 -22.649 -32.767
v 7.2785 -22.649 -32.767
v 7.2785 -22.649 -32.767
v 8.8779 -21.287 -34.927
v 8.8779 -21.287 -34.927
v 8.8779 -21.287 -34.927
v 6.6849 -23.217 -35.666
v 6.6849 -23.217 -35.666
v 6.6849 -23.217 -35.666
v 7.2785 -22.649 -32.767
v 7.2785 -22.649 -32.767
v 7.2785 -22.649 -32.767
v 8.0995 -23.347 -29.952
v 8.0995 -23.347 -29.952
v 8.0995 -23.347 -29.952
v 7.2253 -25.52 -31.849
v 7.2253 -25.52 -31.849
v 7.2253 -25.52 -31.849
v 5.2074 -23.556 -30.774
v 5.2074 -23.556 -30.774
v 5.2074 -23.556 -30.774
v 8.0995 -23.347 -29.952
v 8.0995 -23.347 -29.952
v 8.0995 -23.347 -29.952
v 8.5144 -22.016 -27.28
v 8.5144 -22.016 -27.28
v 8.5144 -22.016 -27.28
v 10.658 -21.856 -29.393
v 10.658 -21.856 -29.393
v 10.658 -21.856 -29.393
v 10.104 -24.472 -28.003
v 10.104 -24.472 -28.003
v 10.104 -24.472 -28.003
v 8.5144 -22.016 -27.28
v 8.5144 -22.016 -27.28
v 8.5144 -22.016 -27.28
v 8.2567 -20.666 -24.598
v 8.2567 -20.666 -24.598
v 8.2567 -20.666 -24.598
v 6.1743 -20.199 -26.726
v 6.1743 -20.199 -26.726
v 6.1743 -20.199 -26.726
v 8.9388 -19.041 -27.043
v 8.9388 -19.041 -27.043
v 8.9388 -19.041 -27.043
v 8.2567 -20.666 -24.598
v 8.2567 -20.666 -24.598
v 8.2567 -20.666 -24.598
v 7.9693 -19.728 -21.748
v 7.9693 -19.728 -21.748
v 7.9693 -19.728 -21.748
v 5.6174 -20.962 -23.173
v 5.6174 -20.962 -23.173
v 5.6174 -20.962 -23.173
v 6.5995 -18.227 -23.974
v 6.5995 -18.227 -23.974
v 6.5995 -18.227 -23.974
v 7.9693 -19.728 -21.748
v 7.9693 -19.728 -21.748
v 7.9693 -19.728 -21.748
v 8.8612 -17.911 -19.515
v 8.8612 -17.911 -19.515
v 8.8612 -17.911 -19.515
v 7.5391 -20.544 -18.879
v 7.5391 -20.544 -18.879
v 7.5391 -20.544 -18.879
v 5.9226 -18.293 -20.064
v 5.9226 -18.293 -20.064
v 5.9226 -18.293 -20.064
v 8.8612 -17.911 -19.515
v 8.8612 -17.911 -19.515
v 8.8612 -17.911 -19.515
v 9.6111 -15.088 -20.258
v 9.6111 -15.088 -20.258
v 9.6111 -15.088 -20.258
v 11.25 -17.402 -21.281
v 11.25 -17.402 -21.281
v 11.25 -17.402 -21.281
v 11.348 -16.659 -18.362
v 11.348 -16.659 -18.362
v 11.348 -16.659 -18.362
v 9.6111 -15.088 -20.258
v 9.6111 -15.088 -20.258
v 9.6111 -15.088 -20.258
v 8.9558 -13.024 -22.354
v 8.9558 -13.024 -22.354
v 8.9558 -13.024 -22.354
v 9.0391 -12.243 -19.445
v 9.0391 -12.243 -19.445
v 9.0391 -12.243 -19.445
v 6.8111 -13.994 -20.472
v 6.8111 -13.994 -20.472
v 6.8111 -13.994 -20.472
v 8.9558 -13.024 -22.354
v 8.9558 -13.024 -22.354
v 8.9558 -13.024 -22.354
v 7.8252 -11.551 -24.728
v 7.8252 -11.551 -24.728
v 7.8252 -11.551 -24.728
v 9.8224 -13.77 -25.143
v 9.8224 -13.77 -25.143
v 9.8224 -13.77 -25.143
v 10.706 -11.152 -23.94
v 10.706 -11.152 -23.94
v 10.706 -11.152 -23.94
v 7.8252 -11.551 -24.728
v 7.8252 -11.551 -24.728
v 7.8252 -11.551 -24.728
v 5.5122 -10.931 -26.558
v 5.5122 -10.931 -26.558
v 5.5122 -10.931 -26.558
v 7.8012 -8.9859 -26.31
v 7.8012 -8.9859 -26.31
v 7.8012 -8.9859 -26.31
v 5.8848 -9.3586 -24.014
v 5.8848 -9.3586 -24.014
v 5.8848 -9.3586 -24.014
v 5.5122 -10.931 -26.558
v 5.5122 -10.931 -26.558
v 5.5122 -10.931 -26.558
v 3.9621 -10.9 -29.142
v 3.9621 -10.9 -29.142
v 3.9621 -10.9 -29.142
v 2.548 -11.475 -26.544
v 2.548 -11.475 -26.544
v 2.548 -11.475 -26.544
v 4.4475 -13.505 -27.707
v 4.4475 -13.505 -27.707
v 4.4475 -13.505 -27.707
v 3.9621 -10.9 -29.142
v 3.9621 -10.9 -29.142
v 3.9621 -10.9 -29.142
v 2.3564 -10.118 -31.57
v 2.3564 -10.118 -31.57
v 2.3564 -10.118 -31.57
v 3.7378 -12.795 -31.476
v 3.7378 -12.795 -31.476
v 3.7378 -12.795 -31.476
v 5.3619 -10.269 -31.736
v 5.3619 -10.269 -31.736
v 5.3619 -10.269 -31.736
v 2.3564 -10.118 -31.57
v 2.3564 -10.118 -31.57
v 2.3564 -10.118 -31.57
v -0.38121 -9.8971 -32.811
v -0.38121 -9.8971 -32.811
v -0.38121 -9.8971 -32.811
v 2.0336 -8.8754 -34.297
v 2.0336 -8.8754 -34.297
v 2.0336 -8.8754 -34.297
v 1.0422 -7.42 -31.851
v 1.0422 -7.42 -31.851
v 1.0422 -7.42 -31.851
v -0.38121 -9.8971 -32.811
v -0.38121 -9.8971 -32.811
v -0.38121 -9.8971 -32.811
v -2.6348 -10.43 -30.882
v -2.6348 -10.43 -30.882
v -2.6348 -10.43 -30.882
v -2.1578 -12.301 -33.196
v -2.1578 -12.301 -33.196
v -2.1578 -12.301 -33.196
v -3.2393 -9.5326 -33.695
v -3.2393 -9.5326 -33.695
v -3.2393 -9.5326 -33.695
v -2.6348 -10.43 -30.882
v -2.6348 -10.43 -30.882
v -2.6348 -10.43 -30.882
v -2.3747 -7.8637 -29.322
v -2.3747 -7.8637 -29.322
v -2.3747 -7.8637 -29.322
v 0.092003 -9.4098 -30.102
v 0.092003 -9.4098 -30.102
v 0.092003 -9.4098 -30.102
v -1.7675 -10.501 -27.996
v -1.7675 -10.501 -27.996
v -1.7675 -10.501 -27.996
v -2.3747 -7.8637 -29.322
v -2.3747 -7.8637 -29.322
v -2.3747 -7.8637 -29.322
v -4.3127 -6.2915 -31.012
v -4.3127 -6.2915 -31.012
v -4.3127 -6.2915 -31.012
v -1.5017 -5.2821 -30.609
v -1.5017 -5.2821 -30.609
v -1.5017 -5.2821 -30.609
v -3.4615 -5.2374 -28.32
v -3.4615 -5.2374 -28.32
v -3.4615 -5.2374 -28.32
v -4.3127 -6.2915 -31.012
v -4.3127 -6.2915 -31.012
v -4.3127 -6.2915 -31.012
v -6.4589 -8.4074 -30.991
v -6.4589 -8.4074 -30.991
v -6.4589 -8.4074 -30.991
v -5.1246 -7.6403 -33.582
v -5.1246 -7.6403 -33.582
v -5.1246 -7.6403 -33.582
v -7.0087 -5.7156 -32.23
v -7.0087 -5.7156 -32.23
v -7.0087 -5.7156 -32.23
v -6.4589 -8.4074 -30.991
v -6.4589 -8.4074 -30.991
v -6.4589 -8.4074 -30.991
v -6.9495 -8.8634 -28.053
v -6.9495 -8.8634 -28.053
v -6.9495 -8.8634 -28.053
v -6.5193 -11.213 -29.891
v -6.5193 -11.213 -29.891
v -6.5193 -11.213 -29.891
v -9.0642 -9.6078 -30.067
v -9.0642 -9.6078 -30.067
v -9.0642 -9.6078 -30.067
v -6.9495 -8.8634 -28.053
v -6.9495 -8.8634 -28.053
v -6.9495 -8.8634 -28.053
v -7.0936 -5.9163 -27.439
v -7.0936 -5.9163 -27.439
v -7.0936 -5.9163 -27.439
v -4.8017 -7.5649 -26.384
v -4.8017 -7.5649 -26.384
v -4.8017 -7.5649 -26.384
v -7.5706 -7.9358 -25.253
v -7.5706 -7.9358 -25.253
v -7.5706 -7.9358 -25.253
v -7.0936 -5.9163 -27.439
v -7.0936 -5.9163 -27.439
v -7.0936 -5.9163 -27.439
v -9.6148 -5.4772 -29.03
v -9.6148 -5.4772 -29.03
v -9.6148 -5.4772 -29.03
v -7.1559 -3.8373 -29.62
v -7.1559 -3.8373 -29.62
v -7.1559 -3.8373 -29.62
v -8.6903 -3.3876 -27.065
v -8.6903 -3.3876 -27.065
v -8.6903 -3.3876 -27.065
v -9.6148 -5.4772 -29.03
v -9.6148 -5.4772 -29.03
v -9.6148 -5.4772 -29.03
v -11.157 -7.501 -27.415
v -11.157 -7.501 -27.415
v -11.157 -7.501 -27.415
v -10.397 -8.1121 -30.267
v -10.397 -8.1121 -30.267
v -10.397 -8.1121 -30.267
v -12.504 -6.0385 -29.68
v -12.504 -6.0385 -29.68
v -12.504 -6.0385 -29.68
v -11.157 -7.501 -27.415
v -11.157 -7.501 -27.415
v -11.157 -7.501 -27.415
v -10.926 -5.9919 -24.817
v -10.926 -5.9919 -24.817
v -10.926 -5.9919 -24.817
v -10.025 -8.8632 -24.977
v -10.025 -8.8632 -24.977
v -10.025 -8.8632 -24.977
v -12.961 -8.1967 -25.103
v -12.961 -8.1967 -25.103
v -12.961 -8.1967 -25.103
v -10.926 -5.9919 -24.817
v -10.926 -5.9919 -24.817
v -10.926 -5.9919 -24.817
v -12.164 -3.4828 -25.937
v -12.164 -3.4828 -25.937
v -12.164 -3.4828 -25.937
v -13.886 -5.8922 -25.377
v -13.886 -5.8922 -25.377
v -13.886 -5.8922 -25.377
v -11.921 -5.9426 -27.661
v -11.921 -5.9426 -27.661
v -11.921 -5.9426 -27.661
v -12.164 -3.4828 -25.937
v -12.164 -3.4828 -25.937
v -12.164 -3.4828 -25.937
v -14.697 -5.0384 -26.434
v -14.697 -5.0384 -26.434
v -14.697 -5.0384 -26.434
v -13.053 -4.0529 -28.76
v -13.053 -4.0529 -28.76
v -13.053 -4.0529 -28.76
v -14.59 -2.0928 -27.063
v -14.59 -2.0928 -27.063
v -14.59 -2.0928 -27.063
v -14.697 -5.0384 -26.434
v -14.697 -5.0384 -26.434
v -14.697 -5.0384 -26.434
v -15.544 -5.9465 -23.688
v -15.544 -5.9465 -23.688
v -15.544 -5.9465 -23.688
v -14.748 -7.9772 -25.768
v -14.748 -7.9772 -25.768
v -14.748 -7.9772 -25.768
v -17.332 -6.4538 -26.06
v -17.332 -6.4538 -26.06
v -17.332 -6.4538 -26.06
v -15.544 -5.9465 -23.688
v -15.544 -5.9465 -23.688
v -15.544 -5.9465 -23.688
v -16.215 -3.4331 -22.166
v -16.215 -3.4331 -22.166
v -16.215 -3.4331 -22.166
v -14.404 -5.5022 -20.934
v -14.404 -5.5022 -20.934
v -14.404 -5.5022 -20.934
v -17.342 -6.0819 -21.273
v -17.342 -6.0819 -21.273
v -17.342 -6.0819 -21.273
v -16.215 -3.4331 -22.166
v -16.215 -3.4331 -22.166
v -16.215 -3.4331 -22.166
v -17.535 -1.802 -24.33
v -17.535 -1.802 -24.33
v -17.535 -1.802 -24.33
v -15.036 -0.78403 -22.988
v -15.036 -0.78403 -22.988
v -15.036 -0.78403 -22.988
v -17.636 -0.86905 -21.466
v -17.636 -0.86905 -21.466
v -17.636 -0.86905 -21.466
v -17.535 -1.802 -24.33
v -17.535 -1.802 -24.33
v -17.535 -1.802 -24.33
v -19.655 -3.511 -25.621
v -19.655 -3.511 -25.621
v -19.655 -3.511 -25.621
v -17.504 -2.247 -27.311
v -17.504 -2.247 -27.311
v -17.504 -2.247 -27.311
v -19.645 -0.53024 -26.066
v -19.645 -0.53024 -26.066
v -19.645 -0.53024 -26.066
v -19.655 -3.511 -25.621
v -19.655 -3.511 -25.621
v -19.655 -3.511 -25.621
v -20.97 -4.0628 -22.966
v -20.97 -4.0628 -22.966
v -20.97 -4.0628 -22.966
v -19.946 -6.3472 -24.643
v -19.946 -6.3472 -24.643
v -19.946 -6.3472 -24.643
v -22.377 -4.8012 -25.527
v -22.377 -4.8012 -25.527
v -22.377 -4.8012 -25.527
v -20.97 -4.0628 -22.966
v -20.97 -4.0628 -22.966
v -20.97 -4.0628 -22.966
v -20.118 -3.2425 -20.194
v -20.118 -3.2425 -20.194
v -20.118 -3.2425 -20.194
v -18.734 -5.5328 -21.58
v -18.734 -5.5328 -21.58
v -18.734 -5.5328 -21.58
v -21.571 -5.8492 -20.614
v -21.571 -5.8492 -20.614
v -21.571 -5.8492 -20.614
v -20.118 -3.2425 -20.194
v -20.118 -3.2425 -20.194
v -20.118 -3.2425 -20.194
v -18.027 -2.232 -18.273
v -18.027 -2.232 -18.273
v -18.027 -2.232 -18.273
v -19.17 -5.0001 -17.937
v -19.17 -5.0001 -17.937
v -19.17 -5.0001 -17.937
v -20.874 -2.5844 -17.351
v -20.874 -2.5844 -17.351
v -20.874 -2.5844 -17.351
v -18.027 -2.232 -18.273
v -18.027 -2.232 -18.273
v -18.027 -2.232 -18.273
v -15.452 -1.8885 -16.745
v -15.452 -1.8885 -16.745
v -15.452 -1.8885 -16.745
v -17.162 0.51181 -17.375
v -17.162 0.51181 -17.375
v -17.162 0.51181 -17.375
v -15.665 -0.89256 -19.581
v -15.665 -0.89256 -19.581
v -15.665 -0.89256 -19.581
v -15.452 -1.8885 -16.745
v -15.452 -1.8885 -16.745
v -15.452 -1.8885 -16.745
v -13.467 -1.6845 -14.486
v -13.467 -1.6845 -14.486
v -13.467 -1.6845 -14.486
v -12.739 -3.174 -17.003
v -12.739 -3.174 -17.003
v -12.739 -3.174 -17.003
v -14.778 -4.3266 -15.106
v -14.778 -4.3266 -15.106
v -14.778 -4.3266 -15.106
v -13.467 -1.6845 -14.486
v -13.467 -1.6845 -14.486
v -13.467 -1.6845 -14.486
v -11.453 -1.8267 -12.249
v -11.453 -1.8267 -12.249
v -11.453 -1.8267 -12.249
v -14.348 -1.2581 -11.636
v -14.348 -1.2581 -11.636
v -14.348 -1.2581 -11.636
v -12.664 0.82313 -13.02
v -12.664 0.82313 -13.02
v -12.664 0.82313 -13.02
v -11.453 -1.8267 -12.249
v -11.453 -1.8267 -12.249
v -11.453 -1.8267 -12.249
v -8.8161 -3.2354 -11.867
v -8.8161 -3.2354 -11.867
v -8.8161 -3.2354 -11.867
v -10.448 -2.416 -9.4691
v -10.448 -2.416 -9.4691
v -10.448 -2.416 -9.4691
v -9.0844 -0.31999 -11.152
v -9.0844 -0.31999 -11.152
v -9.0844 -0.31999 -11.152
v -8.8161 -3.2354 -11.867
v -8.8161 -3.2354 -11.867
v -8.8161 -3.2354 -11.867
v -6.3184 -4.9061 -12.097
v -6.3184 -4.9061 -12.097
v -6.3184 -4.9061 -12.097
v -6.9944 -2.9021 -14.244
v -6.9944 -2.9021 -14.244
v -6.9944 -2.9021 -14.244
v -8.643 -5.4076 -13.949
v -8.643 -5.4076 -13.949
v -8.643 -5.4076 -13.949
v -6.3184 -4.9061 -12.097
v -6.3184 -4.9061 -12.097
v -6.3184 -4.9061 -12.097
v -3.9669 -6.7329 -12.563
v -3.9669 -6.7329 -12.563
v -3.9669 -6.7329 -12.563
v -5.7513 -7.1533 -10.171
v -5.7513 -7.1533 -10.171
v -5.7513 -7.1533 -10.171
v -3.9173 -4.7643 -10.281
v -3.9173 -4.7643 -10.281
v -3.9173 -4.7643 -10.281
v -3.9669 -6.7329 -12.563
v -3.9669 -6.7329 -12.563
v -3.9669 -6.7329 -12.563
v -1.586 -8.5116 -13.064
v -1.586 -8.5116 -13.064
v -1.586 -8.5116 -13.064
v -1.9183 -5.9608 -14.634
v -1.9183 -5.9608 -14.634
v -1.9183 -5.9608 -14.634
v -3.7639 -8.2902 -15.135
v -3.7639 -8.2902 -15.135
v -3.7639 -8.2902 -15.135
v -1.586 -8.5116 -13.064
v -1.586 -8.5116 -13.064
v -1.586 -8.5116 -13.064
v 1.1946 -9.6382 -13.35
v 1.1946 -9.6382 -13.35
v 1.1946 -9.6382 -13.35
v -1.1994 -11.452 -13.601
v -1.1994 -11.452 -13.601
v -1.1994 -11.452 -13.601
v -0.45634 -10.3 -10.917
v -0.45634 -10.3 -10.917
v -0.45634 -10.3 -10.917
v 1.1946 -9.6382 -13.35
v 1.1946 -9.6382 -13.35
v 1.1946 -9.6382 -13.35
v 3.873 -9.5933 -14.731
v 3.873 -9.5933 -14.731
v 3.873 -9.5933 -14.731
v 3.7282 -9.5331 -11.721
v 3.7282 -9.5331 -11.721
v 3.7282 -9.5331 -11.721
v 2.8636 -7.1289 -13.32
v 2.8636 -7.1289 -13.32
v 2.8636 -7.1289 -13.32
v 3.873 -9.5933 -14.731
v 3.873 -9.5933 -14.731
v 3.873 -9.5933 -14.731
v 4.8019 -9.0828 -17.552
v 4.8019 -9.0828 -17.552
v 4.8019 -9.0828 -17.552
v 4.7363 -11.896 -16.473
v 4.7363 -11.896 -16.473
v 4.7363 -11.896 -16.473
v 6.781 -9.9351 -15.445
v 6.781 -9.9351 -15.445
v 6.781 -9.9351 -15.445
v 4.8019 -9.0828 -17.552
v 4.8019 -9.0828 -17.552
v 4.8019 -9.0828 -17.552
v 4.5148 -9.0704 -20.552
v 4.5148 -9.0704 -20.552
v 4.5148 -9.0704 -20.552
v 6.8194 -7.6268 -19.253
v 6.8194 -7.6268 -19.253
v 6.8194 -7.6268 -19.253
v 4.0189 -6.5471 -18.981
v 4.0189 -6.5471 -18.981
v 4.0189 -6.5471 -18.981
v 4.5148 -9.0704 -20.552
v 4.5148 -9.0704 -20.552
v 4.5148 -9.0704 -20.552
v 2.0533 -10.338 -21.743
v 2.0533 -10.338 -21.743
v 2.0533 -10.338 -21.743
v 4.7333 -11.685 -22.035
v 4.7333 -11.685 -22.035
v 4.7333 -11.685 -22.035
v 4.1532 -9.1414 -23.544
v 4.1532 -9.1414 -23.544
v 4.1532 -9.1414 -23.544
v 2.0533 -10.338 -21.743
v 2.0533 -10.338 -21.743
v 2.0533 -10.338 -21.743
v 0.15816 -8.5131 -20.273
v 0.15816 -8.5131 -20.273
v 0.15816 -8.5131 -20.273
v 0.41821 -11.399 -19.445
v 0.41821 -11.399 -19.445
v 0.41821 -11.399 -19.445
v -0.9237 -10.694 -22.049
v -0.9237 -10.694 -22.049
v -0.9237 -10.694 -22.049
v 0.15816 -8.5131 -20.273
v 0.15816 -8.5131 -20.273
v 0.15816 -8.5131 -20.273
v 0.50111 -6.0447 -21.968
v 0.50111 -6.0447 -21.968
v 0.50111 -6.0447 -21.968
v 1.9193 -6.2617 -19.317
v 1.9193 -6.2617 -19.317
v 1.9193 -6.2617 -19.317
v -1.072 -5.9035 -19.401
v -1.072 -5.9035 -19.401
v -1.072 -5.9035 -19.401
v 0.50111 -6.0447 -21.968
v 0.50111 -6.0447 -21.968
v 0.50111 -6.0447 -21.968
v -1.4996 -6.8584 -24.07
v -1.4996 -6.8584 -24.07
v -1.4996 -6.8584 -24.07
v 1.4301 -6.7001 -24.759
v 1.4301 -6.7001 -24.759
v 1.4301 -6.7001 -24.759
v -0.13566 -4.1766 -24.245
v -0.13566 -4.1766 -24.245
v -0.13566 -4.1766 -24.245
v -1.4996 -6.8584 -24.07
v -1.4996 -6.8584 -24.07
v -1.4996 -6.8584 -24.07
v -3.8027 -6.829 -22.126
v -3.8027 -6.829 -22.126
v -3.8027 -6.829 -22.126
v -3.016 -9.398 -23.492
v -3.016 -9.398 -23.492
v -3.016 -9.398 -23.492
v -4.3222 -7.1896 -25.073
v -4.3222 -7.1896 -25.073
v -4.3222 -7.1896 -25.073
v -3.8027 -6.829 -22.126
v -3.8027 -6.829 -22.126
v -3.8027 -6.829 -22.126
v -3.5618 -4.0747 -20.926
v -3.5618 -4.0747 -20.926
v -3.5618 -4.0747 -20.926
v -3.5608 -6.5018 -19.14
v -3.5608 -6.5018 -19.14
v -3.5608 -6.5018 -19.14
v -6.092 -5.6676 -20.547
v -6.092 -5.6676 -20.547
v -6.092 -5.6676 -20.547
v -3.5618 -4.0747 -20.926
v -3.5618 -4.0747 -20.926
v -3.5618 -4.0747 -20.926
v -3.6665 -2.2544 -23.326
v -3.6665 -2.2544 -23.326
v -3.6665 -2.2544 -23.326
v -1.273 -2.1984 -21.496
v -1.273 -2.1984 -21.496
v -1.273 -2.1984 -21.496
v -3.9182 -1.1056 -20.551
v -3.9182 -1.1056 -20.551
v -3.9182 -1.1056 -20.551
v -3.6665 -2.2544 -23.326
v -3.6665 -2.2544 -23.326
v -3.6665 -2.2544 -23.326
v -6.3405 -3.009 -24.494
v -6.3405 -3.009 -24.494
v -6.3405 -3.009 -24.494
v -3.8119 -3.5633 -26.037
v -3.8119 -3.5633 -26.037
v -3.8119 -3.5633 -26.037
v -4.7682 -0.72767 -25.68
v -4.7682 -0.72767 -25.68
v -4.7682 -0.72767 -25.68
v -6.3405 -3.009 -24.494
v -6.3405 -3.009 -24.494
v -6.3405 -3.009 -24.494
v -8.3283 -1.8413 -22.552
v -8.3283 -1.8413 -22.552
v -8.3283 -1.8413 -22.552
v -8.2945 -4.8099 -23.072
v -8.2945 -4.8099 -23.072
v -8.2945 -4.8099 -23.072
v -9.2675 -2.9177 -25.206
v -9.2675 -2.9177 -25.206
v -9.2675 -2.9177 -25.206
v -8.3283 -1.8413 -22.552
v -8.3283 -1.8413 -22.552
v -8.3283 -1.8413 -22.552
v -7.3439 0.9893 -22.871
v -7.3439 0.9893 -22.871
v -7.3439 0.9893 -22.871
v -6.9066 -0.47447 -20.274
v -6.9066 -0.47447 -20.274
v -6.9066 -0.47447 -20.274
v -9.6806 0.40147 -21.061
v -9.6806 0.40147 -21.061
v -9.6806 0.40147 -21.061
v -7.3439 0.9893 -22.871
v -7.3439 0.9893 -22.871
v -7.3439 0.9893 -22.871
v -8.4509 1.7261 -25.576
v -8.4509 1.7261 -25.576
v -8.4509 1.7261 -25.576
v -5.5086 2.0541 -25.012
v -5.5086 2.0541 -25.012
v -5.5086 2.0541 -25.012
v -7.5087 3.8838 -23.695
v -7.5087 3.8838 -23.695
v -7.5087 3.8838 -23.695
v -8.4509 1.7261 -25.576
v -8.4509 1.7261 -25.576
v -8.4509 1.7261 -25.576
v -11.316 0.84152 -25.274
v -11.316 0.84152 -25.274
v -11.316 0.84152 -25.274
v -9.6736 -0.14014 -27.602
v -9.6736 -0.14014 -27.602
v -9.6736 -0.14014 -27.602
v -10.551 2.7408 -27.485
v -10.551 2.7408 -27.485
v -10.551 2.7408 -27.485
v -11.316 0.84152 -25.274
v -11.316 0.84152 -25.274
v -11.316 0.84152 -25.274
v -12.5 2.7006 -23.218
v -12.5 2.7006 -23.218
v -12.5 2.7006 -23.218
v -12.539 -0.2774 -22.757
v -12.539 -0.2774 -22.757
v -12.539 -0.2774 -22.757
v -14.302 0.94263 -24.875
v -14.302 0.94263 -24.875
v -14.302 0.94263 -24.875
v -12.5 2.7006 -23.218
v -12.5 2.7006 -23.218
v -12.5 2.7006 -23.218
v -10.876 4.2831 -21.233
v -10.876 4.2831 -21.233
v -10.876 4.2831 -21.233
v -12.824 5.6922 -23.049
v -12.824 5.6922 -23.049
v -12.824 5.6922 -23.049
v -10.292 4.5127 -24.18
v -10.292 4.5127 -24.18
v -10.292 4.5127 -24.18
v -10.876 4.2831 -21.233
v -10.876 4.2831 -21.233
v -10.876 4.2831 -21.233
v -8.4177 3.9153 -19.528
v -8.4177 3.9153 -19.528
v -8.4177 3.9153 -19.528
v -11.042 2.706 -18.67
v -11.042 2.706 -18.67
v -11.042 2.706 -18.67
v -10.658 5.6939 -18.578
v -10.658 5.6939 -18.578
v -10.658 5.6939 -18.578
v -8.4177 3.9153 -19.528
v -8.4177 3.9153 -19.528
v -8.4177 3.9153 -19.528
v -6.3695 4.4324 -17.378
v -6.3695 4.4324 -17.378
v -6.3695 4.4324 -17.378
v -5.5625 4.5185 -20.281
v -5.5625 4.5185 -20.281
v -5.5625 4.5185 -20.281
v -6.2558 1.8863 -18.987
v -6.2558 1.8863 -18.987
v -6.2558 1.8863 -18.987
v -6.3695 4.4324 -17.378
v -6.3695 4.4324 -17.378
v -6.3695 4.4324 -17.378
v -6.8349 4.4085 -14.401
v -6.8349 4.4085 -14.401
v -6.8349 4.4085 -14.401
v -7.5466 6.8503 -16.018
v -7.5466 6.8503 -16.018
v -7.5466 6.8503 -16.018
v -4.6547 6.1288 -15.571
v -4.6547 6.1288 -15.571
v -4.6547 6.1288 -15.571
v -6.8349 4.4085 -14.401
v -6.8349 4.4085 -14.401
v -6.8349 4.4085 -14.401
v -5.7856 2.9409 -11.987
v -5.7856 2.9409 -11.987
v -5.7856 2.9409 -11.987
v -8.4326 2.1555 -13.195
v -8.4326 2.1555 -13.195
v -8.4326 2.1555 -13.195
v -8.1655 4.7708 -11.721
v -8.1655 4.7708 -11.721
v -8.1655 4.7708 -11.721
v -5.7856 2.9409 -11.987
v -5.7856 2.9409 -11.987
v -5.7856 2.9409 -11.987
v -4.1475 0.69638 -10.819
v -4.1475 0.69638 -10.819
v -4.1475 0.69638 -10.819
v -5.7364 2.5037 -9.005
v -5.7364 2.5037 -9.005
v -5.7364 2.5037 -9.005
v -3.2893 3.5569 -10.414
v -3.2893 3.5569 -10.414
v -3.2893 3.5569 -10.414
v -4.1475 0.69638 -10.819
v -4.1475 0.69638 -10.819
v -4.1475 0.69638 -10.819
v -2.7169 -1.9097 -10.325
v -2.7169 -1.9097 -10.325
v -2.7169 -1.9097 -10.325
v -2.3159 -0.44048 -12.926
v -2.3159 -0.44048 -12.926
v -2.3159 -0.44048 -12.926
v -4.9531 -1.7773 -12.341
v -4.9531 -1.7773 -12.341
v -4.9531 -1.7773 -12.341
v -2.7169 -1.9097 -10.325
v -2.7169 -1.9097 -10.325
v -2.7169 -1.9097 -10.325
v -0.81152 -4.2226 -10.003
v -0.81152 -4.2226 -10.003
v -0.81152 -4.2226 -10.003
v -3.0681 -3.8451 -8.0414
v -3.0681 -3.8451 -8.0414
v -3.0681 -3.8451 -8.0414
v -0.74141 -1.9294 -8.0488
v -0.74141 -1.9294 -8.0488
v -0.74141 -1.9294 -8.0488
v -0.81152 -4.2226 -10.003
v -0.81152 -4.2226 -10.003
v -0.81152 -4.2226 -10.003
v 1.1127 -6.5121 -9.6312
v 1.1127 -6.5121 -9.6312
v 1.1127 -6.5121 -9.6312
v 1.9087 -4.1303 -11.297
v 1.9087 -4.1303 -11.297
v 1.9087 -4.1303 -11.297
v -0.17959 -6.0507 -12.314
v -0.17959 -6.0507 -12.314
v -0.17959 -6.0507 -12.314
v 1.1127 -6.5121 -9.6312
v 1.1127 -6.5121 -9.6312
v 1.1127 -6.5121 -9.6312
v 2.547 -9.144 -9.3164
v 2.547 -9.144 -9.3164
v 2.547 -9.144 -9.3164
v 0.14568 -8.5223 -7.6046
v 0.14568 -8.5223 -7.6046
v 0.14568 -8.5223 -7.6046
v 2.7391 -7.055 -7.1526
v 2.7391 -7.055 -7.1526
v 2.7391 -7.055 -7.1526
v 2.547 -9.144 -9.3164
v 2.547 -9.144 -9.3164
v 2.547 -9.144 -9.3164
v 2.8878 -12.128 -9.06
v 2.8878 -12.128 -9.06
v 2.8878 -12.128 -9.06
v 5.3041 -10.327 -9.0287
v 5.3041 -10.327 -9.0287
v 5.3041 -10.327 -9.0287
v 3.7533 -10.723 -11.582
v 3.7533 -10.723 -11.582
v 3.7533 -10.723 -11.582
v 2.8878 -12.128 -9.06
v 2.8878 -12.128 -9.06
v 2.8878 -12.128 -9.06
v 1.0975 -14.36 -10.005
v 1.0975 -14.36 -10.005
v 1.0975 -14.36 -10.005
v 1.3975 -13.815 -7.0562
v 1.3975 -13.815 -7.0562
v 1.3975 -13.815 -7.0562
v 3.6926 -14.997 -8.6112
v 3.6926 -14.997 -8.6112
v 3.6926 -14.997 -8.6112
v 1.0975 -14.36 -10.005
v 1.0975 -14.36 -10.005
v 1.0975 -14.36 -10.005
v 1.1201 -15.432 -12.822
v 1.1201 -15.432 -12.822
v 1.1201 -15.432 -12.822
v -0.73504 -13.175 -12.083
v -0.73504 -13.175 -12.083
v -0.73504 -13.175 -12.083
v -1.2474 -15.952 -11.031
v -1.2474 -15.952 -11.031
v -1.2474 -15.952 -11.031
v 1.1201 -15.432 -12.822
v 1.1201 -15.432 -12.822
v 1.1201 -15.432 -12.822
v 1.9212 -17.202 -15.126
v 1.9212 -17.202 -15.126
v 1.9212 -17.202 -15.126
v 4.0367 -15.874 -13.44
v 4.0367 -15.874 -13.44
v 4.0367 -15.874 -13.44
v 2.3356 -14.222 -15.3
v 2.3356 -14.222 -15.3
v 2.3356 -14.222 -15.3
v 1.9212 -17.202 -15.126
v 1.9212 -17.202 -15.126
v 1.9212 -17.202 -15.126
v 2.716 -19.908 -16.189
v 2.716 -19.908 -16.189
v 2.716 -19.908 -16.189
v 2.3938 -17.582 -18.078
v 2.3938 -17.582 -18.078
v 2.3938 -17.582 -18.078
v -0.028937 -18.807 -16.77
v -0.028937 -18.807 -16.77
v -0.028937 -18.807 -16.77
v 2.716 -19.908 -16.189
v 2.716 -19.908 -16.189
v 2.716 -19.908 -16.189
v 4.7994 -22.083 -16.093
v 4.7994 -22.083 -16.093
v 4.7994 -22.083 -16.093
v 1.8717 -22.797 -16.05
v 1.8717 -22.797 -16.05
v 1.8717 -22.797 -16.05
v 3.1371 -21.481 -13.653
v 3.1371 -21.481 -13.653
v 3.1371 -21.481 -13.653
v 4.7994 -22.083 -16.093
v 4.7994 -22.083 -16.093
v 4.7994 -22.083 -16.093
v 7.1859 -23.492 -17.278
v 7.1859 -23.492 -17.278
v 7.1859 -23.492 -17.278
v 7.3531 -22.313 -14.509
v 7.3531 -22.313 -14.509
v 7.3531 -22.313 -14.509
v 7.2293 -20.501 -16.914
v 7.2293 -20.501 -16.914
v 7.2293 -20.501 -16.914
v 7.1859 -23.492 -17.278
v 7.1859 -23.492 -17.278
v 7.1859 -23.492 -17.278
v 9.011 -25.798 -17.935
v 9.011 -25.798 -17.935
v 9.011 -25.798 -17.935
v 7.7349 -24.207 -20.154
v 7.7349 -24.207 -20.154
v 7.7349 -24.207 -20.154
v 6.0492 -26.028 -18.444
v 6.0492 -26.028 -18.444
v 6.0492 -26.028 -18.444
v 9.011 -25.798 -17.935
v 9.011 -25.798 -17.935
v 9.011 -25.798 -17.935
v 11.599 -27.33 -18.136
v 11.599 -27.33 -18.136
v 11.599 -27.33 -18.136
v 11.634 -24.319 -18.036
v 11.634 -24.319 -18.036
v 11.634 -24.319 -18.036
v 10.607 -25.732 -20.491
v 10.607 -25.732 -20.491
v 10.607 -25.732 -20.491
v 11.599 -27.33 -18.136
v 11.599 -27.33 -18.136
v 11.599 -27.33 -18.136
v 13.311 -28.001 -20.524
v 13.311 -28.001 -20.524
v 13.311 -28.001 -20.524
v 13.989 -29.139 -17.817
v 13.989 -29.139 -17.817
v 13.989 -29.139 -17.817
v 14.384 -26.2 -18.358
v 14.384 -26.2 -18.358
v 14.384 -26.2 -18.358
v 13.311 -28.001 -20.524
v 13.311 -28.001 -20.524
v 13.311 -28.001 -20.524
v 12.896 -26.401 -23.044
v 12.896 -26.401 -23.044
v 12.896 -26.401 -23.044
v 11.368 -28.963 -22.617
v 11.368 -28.963 -22.617
v 11.368 -28.963 -22.617
v 14.332 -29.048 -23.159
v 14.332 -29.048 -23.159
v 14.332 -29.048 -23.159
v 12.896 -26.401 -23.044
v 12.896 -26.401 -23.044
v 12.896 -26.401 -23.044
v 12.851 -24.616 -25.472
v 12.851 -24.616 -25.472
v 12.851 -24.616 -25.472
v 14.156 -23.665 -22.927
v 14.156 -23.665 -22.927
v 14.156 -23.665 -22.927
v 11.158 -23.939 -23.072
v 11.158 -23.939 -23.072
v 11.158 -23.939 -23.072
v 12.851 -24.616 -25.472
v 12.851 -24.616 -25.472
v 12.851 -24.616 -25.472
v 12.464 -25.459 -28.34
v 12.464 -25.459 -28.34
v 12.464 -25.459 -28.34
v 10.285 -23.95 -26.906
v 10.285 -23.95 -26.906
v 10.285 -23.95 -26.906
v 10.891 -26.803 -26.148
v 10.891 -26.803 -26.148
v 10.891 -26.803 -26.148
v 12.464 -25.459 -28.34
v 12.464 -25.459 -28.34
v 12.464 -25.459 -28.34
v 10.892 -27.032 -30.373
v 10.892 -27.032 -30.373
v 10.892 -27.032 -30.373
v 10.816 -27.827 -27.467
v 10.816 -27.827 -27.467
v 10.816 -27.827 -27.467
v 13.327 -28.25 -29.081
v 13.327 -28.25 -29.081
v 13.327 -28.25 -29.081
v 10.892 -27.032 -30.373
v 10.892 -27.032 -30.373
v 10.892 -27.032 -30.373
v 8.0297 -27.67 -31.07
v 8.0297 -27.67 -31.07
v 8.0297 -27.67 -31.07
v 10.019 -27.088 -33.258
v 10.019 -27.088 -33.258
v 10.019 -27.088 -33.258
v 9.0836 -24.871 -31.443
v 9.0836 -24.871 -31.443
v 9.0836 -24.871 -31.443
v 8.0297 -27.67 -31.07
v 8.0297 -27.67 -31.07
v 8.0297 -27.67 -31.07
v 7.3213 -30.507 -31.8
v 7.3213 -30.507 -31.8
v 7.3213 -30.507 -31.8
v 5.2854 -28.747 -30.443
v 5.2854 -28.747 -30.443
v 5.2854 -28.747 -30.443
v 7.6805 -29.74 -28.907
v 7.6805 -29.74 -28.907
v 7.6805 -29.74 -28.907
v 7.3213 -30.507 -31.8
v 7.3213 -30.507 -31.8
v 7.3213 -30.507 -31.8
v 9.8684 -31.951 -32.514
v 9.8684 -31.951 -32.514
v 9.8684 -31.951 -32.514
v 8.5287 -30.166 -34.54
v 8.5287 -30.166 -34.54
v 8.5287 -30.166 -34.54
v 7.259 -32.788 -33.768
v 7.259 -32.788 -33.768
v 7.259 -32.788 -33.768
v 9.8684 -31.951 -32.514
v 9.8684 -31.951 -32.514
v 9.8684 -31.951 -32.514
v 11.405 -32.882 -30.095
v 11.405 -32.882 -30.095
v 11.405 -32.882 -30.095
v 12.878 -31.794 -32.489
v 12.878 -31.794 -32.489
v 12.878 -31.794 -32.489
v 11.51 -34.475 -32.652
v 11.51 -34.475 -32.652
v 11.51 -34.475 -32.652
v 11.405 -32.882 -30.095
v 11.405 -32.882 -30.095
v 11.405 -32.882 -30.095
v 8.8123 -33.823 -28.881
v 8.8123 -33.823 -28.881
v 8.8123 -33.823 -28.881
v 10.247 -31.444 -27.713
v 10.247 -31.444 -27.713
v 10.247 -31.444 -27.713
v 11.402 -34.209 -27.389
v 11.402 -34.209 -27.389
v 11.402 -34.209 -27.389
v 8.8123 -33.823 -28.881
v 8.8123 -33.823 -28.881
v 8.8123 -33.823 -28.881
v 8.3864 -35.605 -31.274
v 8.3864 -35.605 -31.274
v 8.3864 -35.605 -31.274
v 6.258 -33.629 -30.469
v 6.258 -33.629 -30.469
v 6.258 -33.629 -30.469
v 6.7885 -36.053 -28.758
v 6.7885 -36.053 -28.758
v 6.7885 -36.053 -28.758
v 8.3864 -35.605 -31.274
v 8.3864 -35.605 -31.274
v 8.3864 -35.605 -31.274
v 11.015 -37.066 -31.068
v 11.015 -37.066 -31.068
v 11.015 -37.066 -31.068
v 10.421 -35.366 -33.485
v 10.421 -35.366 -33.485
v 10.421 -35.366 -33.485
v 8.946 -37.961 -33.068
v 8.946 -37.961 -33.068
v 8.946 -37.961 -33.068
v 11.015 -37.066 -31.068
v 11.015 -37.066 -31.068
v 11.015 -37.066 -31.068
v 10.877 -38.14 -28.255
v 10.877 -38.14 -28.255
v 10.877 -38.14 -28.255
v 12.959 -36.086 -28.983
v 12.959 -36.086 -28.983
v 12.959 -36.086 -28.983
v 13.179 -38.898 -30.046
v 13.179 -38.898 -30.046
v 13.179 -38.898 -30.046
v 10.877 -38.14 -28.255
v 10.877 -38.14 -28.255
v 10.877 -38.14 -28.255
v 7.9732 -38.576 -27.575
v 7.9732 -38.576 -27.575
v 7.9732 -38.576 -27.575
v 9.9634 -37.998 -25.387
v 9.9634 -37.998 -25.387
v 9.9634 -37.998 -25.387
v 10.025 -40.649 -26.819
v 10.025 -40.649 -26.819
v 10.025 -40.649 -26.819
v 7.9732 -38.576 -27.575
v 7.9732 -38.576 -27.575
v 7.9732 -38.576 -27.575
v 4.9897 -38.923 -27.328
v 4.9897 -38.923 -27.328
v 4.9897 -38.923 -27.328
v 6.1797 -36.157 -27.451
v 6.1797 -36.157 -27.451
v 6.1797 -36.157 -27.451
v 6.5813 -37.862 -24.999
v 6.5813 -37.862 -24.999
v 6.5813 -37.862 -24.999
v 4.9897 -38.923 -27.328
v 4.9897 -38.923 -27.328
v 4.9897 -38.923 -27.328
v 2.8453 -38.967 -25.211
v 2.8453 -38.967 -25.211
v 2.8453 -38.967 -25.211
v 4.6568 -41.349 -25.571
v 4.6568 -41.349 -25.571
v 4.6568 -41.349 -25.571
v 2.5815 -40.704 -27.659
v 2.5815 -40.704 -27.659
v 2.5815 -40.704 -27.659
v 2.8453 -38.967 -25.211
v 2.8453 -38.967 -25.211
v 2.8453 -38.967 -25.211
v 3.4094 -37.642 -22.563
v 3.4094 -37.642 -22.563
v 3.4094 -37.642 -22.563
v 1.1154 -39.58 -22.82
v 1.1154 -39.58 -22.82
v 1.1154 -39.58 -22.82
v 0.95837 -36.875 -24.14
v 0.95837 -36.875 -24.14
v 0.95837 -36.875 -24.14
v 3.4094 -37.642 -22.563
v 3.4094 -37.642 -22.563
v 3.4094 -37.642 -22.563
v 5.189 -35.517 -23.746
v 5.189 -35.517 -23.746
v 5.189 -35.517 -23.746
v 6.3691 -38.138 -22.841
v 6.3691 -38.138 -22.841
v 6.3691 -38.138 -22.841
v 5.3577 -36.158 -20.806
v 5.3577 -36.158 -20.806
v 5.3577 -36.158 -20.806
v 5.189 -35.517 -23.746
v 5.189 -35.517 -23.746
v 5.189 -35.517 -23.746
v 2.6735 -33.993 -24.403
v 2.6735 -33.993 -24.403
v 2.6735 -33.993 -24.403
v 4.8406 -34.289 -26.476
v 4.8406 -34.289 -26.476
v 4.8406 -34.289 -26.476
v 5.2841 -32.523 -24.075
v 5.2841 -32.523 -24.075
v 5.2841 -32.523 -24.075
v 2.6735 -33.993 -24.403
v 2.6735 -33.993 -24.403
v 2.6735 -33.993 -24.403
v 1.0242 -34.56 -21.945
v 1.0242 -34.56 -21.945
v 1.0242 -34.56 -21.945
v -0.070825 -35.208 -24.678
v -0.070825 -35.208 -24.678
v -0.070825 -35.208 -24.678
v 0.22604 -32.335 -23.815
v 0.22604 -32.335 -23.815
v 0.22604 -32.335 -23.815
v 1.0242 -34.56 -21.945
v 1.0242 -34.56 -21.945
v 1.0242 -34.56 -21.945
v 2.8841 -34.2 -19.601
v 2.8841 -34.2 -19.601
v 2.8841 -34.2 -19.601
v 1.3534 -36.776 -19.929
v 1.3534 -36.776 -19.929
v 1.3534 -36.776 -19.929
v -0.097724 -34.247 -19.166
v -0.097724 -34.247 -19.166
v -0.097724 -34.247 -19.166
v 2.8841 -34.2 -19.601
v 2.8841 -34.2 -19.601
v 2.8841 -34.2 -19.601
v 3.6194 -31.642 -18.188
v 3.6194 -31.642 -18.188
v 3.6194 -31.642 -18.188
v 5.5239 -32.865 -20.178
v 5.5239 -32.865 -20.178
v 5.5239 -32.865 -20.178
v 5.0608 -34.202 -17.517
v 5.0608 -34.202 -17.517
v 5.0608 -34.202 -17.517
v 3.6194 -31.642 -18.188
v 3.6194 -31.642 -18.188
v 3.6194 -31.642 -18.188
v 0.78179 -30.957 -17.439
v 0.78179 -30.957 -17.439
v 0.78179 -30.957 -17.439
v 2.7297 -28.763 -18.13
v 2.7297 -28.763 -18.13
v 2.7297 -28.763 -18.13
v 3.0391 -30.297 -15.554
v 3.0391 -30.297 -15.554
v 3.0391 -30.297 -15.554
v 0.78179 -30.957 -17.439
v 0.78179 -30.957 -17.439
v 0.78179 -30.957 -17.439
v -1.2322 -32.276 -15.626
v -1.2322 -32.276 -15.626
v -1.2322 -32.276 -15.626
v -0.80939 -33.32 -18.422
v -0.80939 -33.32 -18.422
v -0.80939 -33.32 -18.422
v -2.1658 -30.663 -17.994
v -2.1658 -30.663 -17.994
v -2.1658 -30.663 -17.994
v -1.2322 -32.276 -15.626
v -1.2322 -32.276 -15.626
v -1.2322 -32.276 -15.626
v -0.15865 -33.437 -13.061
v -0.15865 -33.437 -13.061
v -0.15865 -33.437 -13.061
v -2.499 -34.741 -14.441
v -2.499 -34.741 -14.441
v -2.499 -34.741 -14.441
v -2.8444 -32.07 -13.088
v -2.8444 -32.07 -13.088
v -2.8444 -32.07 -13.088
v -0.15865 -33.437 -13.061
v -0.15865 -33.437 -13.061
v -0.15865 -33.437 -13.061
v 2.167 -34.648 -11.575
v 2.167 -34.648 -11.575
v 2.167 -34.648 -11.575
v -0.3951 -34.027 -10.115
v -0.3951 -34.027 -10.115
v -0.3951 -34.027 -10.115
v 1.38 -31.784 -11.065
v 1.38 -31.784 -11.065
v 1.38 -31.784 -11.065
v 2.167 -34.648 -11.575
v 2.167 -34.648 -11.575
v 2.167 -34.648 -11.575
v 5.0299 -35.464 -12.046
v 5.0299 -35.464 -12.046
v 5.0299 -35.464 -12.046
v 3.2912 -37.074 -10.184
v 3.2912 -37.074 -10.184
v 3.2912 -37.074 -10.184
v 4.2083 -34.318 -9.3825
v 4.2083 -34.318 -9.3825
v 4.2083 -34.318 -9.3825
v 5.0299 -35.464 -12.046
v 5.0299 -35.464 -12.046
v 5.0299 -35.464 -12.046
v 5.931 -33.348 -13.994
v 5.931 -33.348 -13.994
v 5.931 -33.348 -13.994
v 5.3936 -36.153 -14.957
v 5.3936 -36.153 -14.957
v 5.3936 -36.153 -14.957
v 7.7983 -35.587 -13.231
v 7.7983 -35.587 -13.231
v 7.7983 -35.587 -13.231
v 5.931 -33.348 -13.994
v 5.931 -33.348 -13.994
v 5.931 -33.348 -13.994
v 7.202 -31.256 -15.753
v 7.202 -31.256 -15.753
v 7.202 -31.256 -15.753
v 6.0074 -30.471 -13.099
v 6.0074 -30.471 -13.099
v 6.0074 -30.471 -13.099
v 4.212 -31.294 -15.376
v 4.212 -31.294 -15.376
v 4.212 -31.294 -15.376
v 7.202 -31.256 -15.753
v 7.202 -31.256 -15.753
v 7.202 -31.256 -15.753
v 10.094 -31.061 -16.577
v 10.094 -31.061 -16.577
v 10.094 -31.061 -16.577
v 8.0269 -29.32 -17.91
v 8.0269 -29.32 -17.91
v 8.0269 -29.32 -17.91
v 8.0737 -32.285 -18.448
v 8.0737 -32.285 -18.448
v 8.0737 -32.285 -18.448
v 10.094 -31.061 -16.577
v 10.094 -31.061 -16.577
v 10.094 -31.061 -16.577
v 12.552 -30.165 -15.079
v 12.552 -30.165 -15.079
v 12.552 -30.165 -15.079
v 12.778 -32.271 -17.223
v 12.778 -32.271 -17.223
v 12.778 -32.271 -17.223
v 11.422 -32.92 -14.611
v 11.422 -32.92 -14.611
v 11.422 -32.92 -14.611
v 12.552 -30.165 -15.079
v 12.552 -30.165 -15.079
v 12.552 -30.165 -15.079
v 14.279 -27.768 -14.486
v 14.279 -27.768 -14.486
v 14.279 -27.768 -14.486
v 13.928 -29.923 -12.409
v 13.928 -29.923 -12.409
v 13.928 -29.923 -12.409
v 11.628 -28.098 -13.09
v 11.628 -28.098 -13.09
v 11.628 -28.098 -13.09
v 14.279 -27.768 -14.486
v 14.279 -27.768 -14.486
v 14.279 -27.768 -14.486
v 16.804 -26.122 -14.459
v 16.804 -26.122 -14.459
v 16.804 -26.122 -14.459
v 14.2 -24.874 -15.325
v 14.2 -24.874 -15.325
v 14.2 -24.874 -15.325
v 15.551 -26.916 -17.082
v 15.551 -26.916 -17.082
v 15.551 -26.916 -17.082
v 16.804 -26.122 -14.459
v 16.804 -26.122 -14.459
v 16.804 -26.122 -14.459
v 19.107 -24.193 -14.224
v 19.107 -24.193 -14.224
v 19.107 -24.193 -14.224
v 19.635 -27.116 -14.738
v 19.635 -27.116 -14.738
v 19.635 -27.116 -14.738
v 18.611 -26.22 -12.049
v 18.611 -26.22 -12.049
v 18.611 -26.22 -12.049
v 19.107 -24.193 -14.224
v 19.107 -24.193 -14.224
v 19.107 -24.193 -14.224
v 21.368 -22.459 -15.207
v 21.368 -22.459 -15.207
v 21.368 -22.459 -15.207
v 20.28 -22.082 -12.421
v 20.28 -22.082 -12.421
v 20.28 -22.082 -12.421
v 18.625 -21.276 -14.807
v 18.625 -21.276 -14.807
v 18.625 -21.276 -14.807
v 21.368 -22.459 -15.207
v 21.368 -22.459 -15.207
v 21.368 -22.459 -15.207
v 21.697 -22.368 -18.201
v 21.697 -22.368 -18.201
v 21.697 -22.368 -18.201
v 23.969 -23.317 -16.464
v 23.969 -23.317 -16.464
v 23.969 -23.317 -16.464
v 23.184 -20.407 -16.462
v 23.184 -20.407 -16.462
v 23.184 -20.407 -16.462
v 21.697 -22.368 -18.201
v 21.697 -22.368 -18.201
v 21.697 -22.368 -18.201
v 20.039 -20.699 -20.084
v 20.039 -20.699 -20.084
v 20.039 -20.699 -20.084
v 19.381 -23.611 -19.675
v 19.381 -23.611 -19.675
v 19.381 -23.611 -19.675
v 21.874 -22.826 -21.175
v 21.874 -22.826 -21.175
v 21.874 -22.826 -21.175
v 20.039 -20.699 -20.084
v 20.039 -20.699 -20.084
v 20.039 -20.699 -20.084
v 17.503 -19.342 -20.985
v 17.503 -19.342 -20.985
v 17.503 -19.342 -20.985
v 20.161 -18.462 -22.101
v 20.161 -18.462 -22.101
v 20.161 -18.462 -22.101
v 19.46 -17.867 -19.231
v 19.46 -17.867 -19.231
v 19.46 -17.867 -19.231
v 17.503 -19.342 -20.985
v 17.503 -19.342 -20.985
v 17.503 -19.342 -20.985
v 15.368 -20.276 -19.074
v 15.368 -20.276 -19.074
v 15.368 -20.276 -19.074
v 15.276 -21.119 -21.966
v 15.276 -21.119 -21.966
v 15.276 -21.119 -21.966
v 14.699 -18.259 -21.212
v 14.699 -18.259 -21.212
v 14.699 -18.259 -21.212
v 15.368 -20.276 -19.074
v 15.368 -20.276 -19.074
v 15.368 -20.276 -19.074
v 14.626 -18.721 -16.601
v 14.626 -18.721 -16.601
v 14.626 -18.721 -16.601
v 16.916 -20.679 -16.52
v 16.916 -20.679 -16.52
v 16.916 -20.679 -16.52
v 14.083 -21.682 -16.739
v 14.083 -21.682 -16.739
v 14.083 -21.682 -16.739
v 14.626 -18.721 -16.601
v 14.626 -18.721 -16.601
v 14.626 -18.721 -16.601
v 14.687 -17.107 -14.057
v 14.687 -17.107 -14.057
v 14.687 -17.107 -14.057
v 12.196 -17.154 -15.752
v 12.196 -17.154 -15.752
v 12.196 -17.154 -15.752
v 14.655 -15.71 -16.727
v 14.655 -15.71 -16.727
v 14.655 -15.71 -16.727
v 14.687 -17.107 -14.057
v 14.687 -17.107 -14.057
v 14.687 -17.107 -14.057
v 15.506 -15.129 -11.936
v 15.506 -15.129 -11.936
v 15.506 -15.129 -11.936
v 17.324 -17.43 -12.634
v 17.324 -17.43 -12.634
v 17.324 -17.43 -12.634
v 14.744 -17.94 -11.161
v 14.744 -17.94 -11.161
v 14.744 -17.94 -11.161
v 15.506 -15.129 -11.936
v 15.506 -15.129 -11.936
v 15.506 -15.129 -11.936
v 15.879 -12.141 -11.804
v 15.879 -12.141 -11.804
v 15.879 -12.141 -11.804
v 18.283 -13.958 -11.87
v 18.283 -13.958 -11.87
v 18.283 -13.958 -11.87
v 16.543 -13.849 -9.4115
v 16.543 -13.849 -9.4115
v 16.543 -13.849 -9.4115
v 15.879 -12.141 -11.804
v 15.879 -12.141 -11.804
v 15.879 -12.141 -11.804
v 15.725 -9.1336 -11.92
v 15.725 -9.1336 -11.92
v 15.725 -9.1336 -11.92
v 14.781 -10.782 -14.259
v 14.781 -10.782 -14.259
v 14.781 -10.782 -14.259
v 17.723 -10.607 -13.629
v 17.723 -10.607 -13.629
v 17.723 -10.607 -13.629
v 15.725 -9.1336 -11.92
v 15.725 -9.1336 -11.92
v 15.725 -9.1336 -11.92
v 13.907 -7.4848 -10.171
v 13.907 -7.4848 -10.171
v 13.907 -7.4848 -10.171
v 16.014 -6.1344 -11.851
v 16.014 -6.1344 -11.851
v 16.014 -6.1344 -11.851
v 16.82 -7.7813 -9.459
v 16.82 -7.7813 -9.459
v 16.82 -7.7813 -9.459
v 13.907 -7.4848 -10.171
v 13.907 -7.4848 -10.171
v 13.907 -7.4848 -10.171
v 12.02 -9.4658 -8.9064
v 12.02 -9.4658 -8.9064
v 12.02 -9.4658 -8.9064
v 11.072 -7.7148 -11.169
v 11.072 -7.7148 -11.169
v 11.072 -7.7148 -11.169
v 11.624 -6.5116 -8.4612
v 11.624 -6.5116 -8.4612
v 11.624 -6.5116 -8.4612
v 12.02 -9.4658 -8.9064
v 12.02 -9.4658 -8.9064
v 12.02 -9.4658 -8.9064
v 13.536 -11.18 -6.945
v 13.536 -11.18 -6.945
v 13.536 -11.18 -6.945
v 12.702 -12.316 -9.6089
v 12.702 -12.316 -9.6089
v 12.702 -12.316 -9.6089
v 10.627 -11.739 -7.5007
v 10.627 -11.739 -7.5007
v 10.627 -11.739 -7.5007
v 13.536 -11.18 -6.945
v 13.536 -11.18 -6.945
v 13.536 -11.18 -6.945
v 13.369 -9.4099 -4.5116
v 13.369 -9.4099 -4.5116
v 13.369 -9.4099 -4.5116
v 16.04 -9.9594 -5.7949
v 16.04 -9.9594 -5.7949
v 16.04 -9.9594 -5.7949
v 14.607 -12.149 -4.3
v 14.607 -12.149 -4.3
v 14.607 -12.149 -4.3
v 13.369 -9.4099 -4.5116
v 13.369 -9.4099 -4.5116
v 13.369 -9.4099 -4.5116
v 10.995 -10.519 -3.0224
v 10.995 -10.519 -3.0224
v 10.995 -10.519 -3.0224
v 10.933 -7.6922 -4.0669
v 10.933 -7.6922 -4.0669
v 10.933 -7.6922 -4.0669
v 12.72 -8.4023 -1.7463
v 12.72 -8.4023 -1.7463
v 12.72 -8.4023 -1.7463
v 10.995 -10.519 -3.0224
v 10.995 -10.519 -3.0224
v 10.995 -10.519 -3.0224
v 11.559 -13.27 -1.9296
v 11.559 -13.27 -1.9296
v 11.559 -13.27 -1.9296
v 10.02 -12.957 -4.5017
v 10.02 -12.957 -4.5017
v 10.02 -12.957 -4.5017
v 8.7513 -12.176 -1.8816
v 8.7513 -12.176 -1.8816
v 8.7513 -12.176 -1.8816
v 11.559 -13.27 -1.9296
v 11.559 -13.27 -1.9296
v 11.559 -13.27 -1.9296
v 13.604 -15.478 -2.1022
v 13.604 -15.478 -2.1022
v 13.604 -15.478 -2.1022
v 11.45 -15.579 0.003988
v 11.45 -15.579 0.003988
v 11.45 -15.579 0.003988
v 13.664 -13.545 0.20951
v 13.664 -13.545 0.20951
v 13.664 -13.545 0.20951
v 13.604 -15.478 -2.1022
v 13.604 -15.478 -2.1022
v 13.604 -15.478 -2.1022
v 14.75 -18.113 -3.0096
v 14.75 -18.113 -3.0096
v 14.75 -18.113 -3.0096
v 16.39 -15.596 -3.2433
v 16.39 -15.596 -3.2433
v 16.39 -15.596 -3.2433
v 14.007 -16.014 -5.0403
v 14.007 -16.014 -5.0403
v 14.007 -16.014 -5.0403
v 14.75 -18.113 -3.0096
v 14.75 -18.113 -3.0096
v 14.75 -18.113 -3.0096
v 12.139 -19.61 -3.1833
v 12.139 -19.61 -3.1833
v 12.139 -19.61 -3.1833
v 13.886 -19.905 -0.74517
v 13.886 -19.905 -0.74517
v 13.886 -19.905 -0.74517
v 14.749 -21.105 -3.3715
v 14.749 -21.105 -3.3715
v 14.749 -21.105 -3.3715
v 12.139 -19.61 -3.1833
v 12.139 -19.61 -3.1833
v 12.139 -19.61 -3.1833
v 11.146 -18.936 -5.9477
v 11.146 -18.936 -5.9477
v 11.146 -18.936 -5.9477
v 9.9907 -17.528 -3.5464
v 9.9907 -17.528 -3.5464
v 9.9907 -17.528 -3.5464
v 9.3681 -20.436 -4.0314
v 9.3681 -20.436 -4.0314
v 9.3681 -20.436 -4.0314
v 11.146 -18.936 -5.9477
v 11.146 -18.936 -5.9477
v 11.146 -18.936 -5.9477
v 10.681 -20.386 -8.5482
v 10.681 -20.386 -8.5482
v 10.681 -20.386 -8.5482
v 12.113 -17.735 -8.537
v 12.113 -17.735 -8.537
v 12.113 -17.735 -8.537
v 9.1609 -17.856 -7.9419
v 9.1609 -17.856 -7.9419
v 9.1609 -17.856 -7.9419
v 10.681 -20.386 -8.5482
v 10.681 -20.386 -8.5482
v 10.681 -20.386 -8.5482
v 11.245 -23.038 -9.8654
v 11.245 -23.038 -9.8654
v 11.245 -23.038 -9.8654
v 8.4209 -21.995 -9.7262
v 8.4209 -21.995 -9.7262
v 8.4209 -21.995 -9.7262
v 9.8016 -22.946 -7.2215
v 9.8016 -22.946 -7.2215
v 9.8016 -22.946 -7.2215
v 11.245 -23.038 -9.8654
v 11.245 -23.038 -9.8654
v 11.245 -23.038 -9.8654
v 10.853 -25.245 -11.879
v 10.853 -25.245 -11.879
v 10.853 -25.245 -11.879
v 13.206 -25.323 -9.9968
v 13.206 -25.323 -9.9968
v 13.206 -25.323 -9.9968
v 13.117 -23.284 -12.215
v 13.117 -23.284 -12.215
v 13.117 -23.284 -12.215
v 10.853 -25.245 -11.879
v 10.853 -25.245 -11.879
v 10.853 -25.245 -11.879
v 8.0513 -25.968 -12.721
v 8.0513 -25.968 -12.721
v 8.0513 -25.968 -12.721
v 10.242 -28.035 -12.843
v 10.242 -28.035 -12.843
v 10.242 -28.035 -12.843
v 10.232 -25.733 -14.788
v 10.232 -25.733 -14.788
v 10.232 -25.733 -14.788
v 8.0513 -25.968 -12.721
v 8.0513 -25.968 -12.721
v 8.0513 -25.968 -12.721
v 5.0441 -26.161 -12.776
v 5.0441 -26.161 -12.776
v 5.0441 -26.161 -12.776
v 6.3751 -23.494 -12.334
v 6.3751 -23.494 -12.334
v 6.3751 -23.494 -12.334
v 6.4711 -25.601 -10.181
v 6.4711 -25.601 -10.181
v 6.4711 -25.601 -10.181
v 5.0441 -26.161 -12.776
v 5.0441 -26.161 -12.776
v 5.0441 -26.161 -12.776
v 2.0306 -26.194 -12.749
v 2.0306 -26.194 -12.749
v 2.0306 -26.194 -12.749
v 3.5707 -28.716 -12.155
v 3.5707 -28.716 -12.155
v 3.5707 -28.716 -12.155
v 3.5332 -27.597 -14.953
v 3.5332 -27.597 -14.953
v 3.5332 -27.597 -14.953
v 2.0306 -26.194 -12.749
v 2.0306 -26.194 -12.749
v 2.0306 -26.194 -12.749
v -0.61415 -26.452 -11.327
v -0.61415 -26.452 -11.327
v -0.61415 -26.452 -11.327
v -0.53753 -25.671 -14.237
v -0.53753 -25.671 -14.237
v -0.53753 -25.671 -14.237
v 0.40562 -23.733 -12.131
v 0.40562 -23.733 -12.131
v 0.40562 -23.733 -12.131
v -0.61415 -26.452 -11.327
v -0.61415 -26.452 -11.327
v -0.61415 -26.452 -11.327
v 0.0075243 -26.623 -8.3831
v 0.0075243 -26.623 -8.3831
v 0.0075243 -26.623 -8.3831
v -0.69228 -29.118 -9.9225
v -0.69228 -29.118 -9.9225
v -0.69228 -29.118 -9.9225
v -2.8127 -27.053 -9.3551
v -2.8127 -27.053 -9.3551
v -2.8127 -27.053 -9.3551
v 0.0075243 -26.623 -8.3831
v 0.0075243 -26.623 -8.3831
v 0.0075243 -26.623 -8.3831
v 1.0406 -23.801 -8.16
v 1.0406 -23.801 -8.16
v 1.0406 -23.801 -8.16
v 2.7345 -26.105 -7.2091
v 2.7345 -26.105 -7.2091
v 2.7345 -26.105 -7.2091
v 0.26043 -25.32 -5.6771
v 0.26043 -25.32 -5.6771
v 0.26043 -25.32 -5.6771
v 1.0406 -23.801 -8.16
v 1.0406 -23.801 -8.16
v 1.0406 -23.801 -8.16
v -1.8053 -22.906 -8.5883
v -1.8053 -22.906 -8.5883
v -1.8053 -22.906 -8.5883
v 0.056415 -23.187 -10.942
v 0.056415 -23.187 -10.942
v 0.056415 -23.187 -10.942
v 0.46033 -20.953 -8.959
v 0.46033 -20.953 -8.959
v 0.46033 -20.953 -8.959
v -1.8053 -22.906 -8.5883
v -1.8053 -22.906 -8.5883
v -1.8053 -22.906 -8.5883
v -2.0627 -22.33 -5.6412
v -2.0627 -22.33 -5.6412
v -2.0627 -22.33 -5.6412
v -3.6652 -24.558 -6.8872
v -3.6652 -24.558 -6.8872
v -3.6652 -24.558 -6.8872
v -4.3405 -21.687 -7.5068
v -4.3405 -21.687 -7.5068
v -4.3405 -21.687 -7.5068
v -2.0627 -22.33 -5.6412
v -2.0627 -22.33 -5.6412
v -2.0627 -22.33 -5.6412
v -0.11395 -20.032 -5.5817
v -0.11395 -20.032 -5.5817
v -0.11395 -20.032 -5.5817
v 0.3319 -22.432 -3.814
v 0.3319 -22.432 -3.814
v 0.3319 -22.432 -3.814
v -1.9305 -20.529 -3.2287
v -1.9305 -20.529 -3.2287
v -1.9305 -20.529 -3.2287
v -0.11395 -20.032 -5.5817
v -0.11395 -20.032 -5.5817
v -0.11395 -20.032 -5.5817
v -1.662 -18.026 -7.2131
v -1.662 -18.026 -7.2131
v -1.662 -18.026 -7.2131
v 1.1168 -18.831 -8.057
v 1.1168 -18.831 -8.057
v 1.1168 -18.831 -8.057
v 0.72111 -17.136 -5.5967
v 0.72111 -17.136 -5.5967
v 0.72111 -17.136 -5.5967
v -1.662 -18.026 -7.2131
v -1.662 -18.026 -7.2131
v -1.662 -18.026 -7.2131
v -4.1075 -18.494 -5.5149
v -4.1075 -18.494 -5.5149
v -4.1075 -18.494 -5.5149
v -4.1168 -19.289 -8.4218
v -4.1168 -19.289 -8.4218
v -4.1168 -19.289 -8.4218
v -4.1435 -16.374 -7.6572
v -4.1435 -16.374 -7.6572
v -4.1435 -16.374 -7.6572
v -4.1075 -18.494 -5.5149
v -4.1075 -18.494 -5.5149
v -4.1075 -18.494 -5.5149
v -3.6654 -17.851 -2.6037
v -3.6654 -17.851 -2.6037
v -3.6654 -17.851 -2.6037
v -4.2118 -20.69 -3.4541
v -4.2118 -20.69 -3.4541
v -4.2118 -20.69 -3.4541
v -6.4097 -18.632 -3.5747
v -6.4097 -18.632 -3.5747
v -6.4097 -18.632 -3.5747
v -3.6654 -17.851 -2.6037
v -3.6654 -17.851 -2.6037
v -3.6654 -17.851 -2.6037
v -2.8581 -14.971 -2.2349
v -2.8581 -14.971 -2.2349
v -2.8581 -14.971 -2.2349
v -1.121 -17.175 -1.1366
v -1.121 -17.175 -1.1366
v -1.121 -17.175 -1.1366
v -3.7921 -16.589 0.13006
v -3.7921 -16.589 0.13006
v -3.7921 -16.589 0.13006
v -2.8581 -14.971 -2.2349
v -2.8581 -14.971 -2.2349
v -2.8581 -14.971 -2.2349
v -4.9417 -13.774 -4.0542
v -4.9417 -13.774 -4.0542
v -4.9417 -13.774 -4.0542
v -2.0174 -13.253 -4.5644
v -2.0174 -13.253 -4.5644
v -2.0174 -13.253 -4.5644
v -3.3779 -12.003 -2.1836
v -3.3779 -12.003 -2.1836
v -3.3779 -12.003 -2.1836
v -4.9417 -13.774 -4.0542
v -4.9417 -13.774 -4.0542
v -4.9417 -13.774 -4.0542
v -7.5587 -14.483 -2.7382
v -7.5587 -14.483 -2.7382
v -7.5587 -14.483 -2.7382
v -6.7741 -15.795 -5.3354
v -6.7741 -15.795 -5.3354
v -6.7741 -15.795 -5.3354
v -7.5409 -12.881 -5.2909
v -7.5409 -12.881 -5.2909
v -7.5409 -12.881 -5.2909
v -7.5587 -14.483 -2.7382
v -7.5587 -14.483 -2.7382
v -7.5587 -14.483 -2.7382
v -6.8186 -13.099 -0.16495
v -6.8186 -13.099 -0.16495
v -6.8186 -13.099 -0.16495
v -8.0701 -15.84 -0.096346
v -8.0701 -15.84 -0.096346
v -8.0701 -15.84 -0.096346
v -9.7185 -13.451 -0.90685
v -9.7185 -13.451 -0.90685
v -9.7185 -13.451 -0.90685
v -6.8186 -13.099 -0.16495
v -6.8186 -13.099 -0.16495
v -6.8186 -13.099 -0.16495
v -5.4883 -10.488 -0.86858
v -5.4883 -10.488 -0.86858
v -5.4883 -10.488 -0.86858
v -3.9809 -12.572 0.70247
v -3.9809 -12.572 0.70247
v -3.9809 -12.572 0.70247
v -6.2539 -11.068 1.9882
v -6.2539 -11.068 1.9882
v -6.2539 -11.068 1.9882
v -5.4883 -10.488 -0.86858
v -5.4883 -10.488 -0.86858
v -5.4883 -10.488 -0.86858
v -6.5253 -9.0903 -3.3291
v -6.5253 -9.0903 -3.3291
v -6.5253 -9.0903 -3.3291
v -3.6184 -8.8485 -2.571
v -3.6184 -8.8485 -2.571
v -3.6184 -8.8485 -2.571
v -5.7283 -7.4841 -0.90668
v -5.7283 -7.4841 -0.90668
v -5.7283 -7.4841 -0.90668
v -6.5253 -9.0903 -3.3291
v -6.5253 -9.0903 -3.3291
v -6.5253 -9.0903 -3.3291
v -9.3298 -10.025 -3.9165
v -9.3298 -10.025 -3.9165
v -9.3298 -10.025 -3.9165
v -7.3843 -9.5829 -6.1756
v -7.3843 -9.5829 -6.1756
v -7.3843 -9.5829 -6.1756
v -8.4878 -7.2265 -4.6548
v -8.4878 -7.2265 -4.6548
v -8.4878 -7.2265 -4.6548
v -9.3298 -10.025 -3.9165
v -9.3298 -10.025 -3.9165
v -9.3298 -10.025 -3.9165
v -10.605 -9.4471 -1.2476
v -10.605 -9.4471 -1.2476
v -10.605 -9.4471 -1.2476
v -10.117 -12.296 -2.0995
v -10.117 -12.296 -2.0995
v -10.117 -12.296 -2.0995
v -12.242 -10.657 -3.4698
v -12.242 -10.657 -3.4698
v -12.242 -10.657 -3.4698
v -10.605 -9.4471 -1.2476
v -10.605 -9.4471 -1.2476
v -10.605 -9.4471 -1.2476
v -10.97 -6.5257 -1.8919
v -10.97 -6.5257 -1.8919
v -10.97 -6.5257 -1.8919
v -8.6653 -7.4109 -0.16377
v -8.6653 -7.4109 -0.16377
v -8.6653 -7.4109 -0.16377
v -11.481 -7.5274 0.90434
v -11.481 -7.5274 0.90434
v -11.481 -7.5274 0.90434
v -10.97 -6.5257 -1.8919
v -10.97 -6.5257 -1.8919
v -10.97 -6.5257 -1.8919
v -12.799 -6.4595 -4.287
v -12.799 -6.4595 -4.287
v -12.799 -6.4595 -4.287
v -10.629 -4.3887 -3.9895
v -10.629 -4.3887 -3.9895
v -10.629 -4.3887 -3.9895
v -13.024 -4.336 -2.1603
v -13.024 -4.336 -2.1603
v -13.024 -4.336 -2.1603
v -12.799 -6.4595 -4.287
v -12.799 -6.4595 -4.287
v -12.799 -6.4595 -4.287
v -15.726 -7.1602 -4.4274
v -15.726 -7.1602 -4.4274
v -15.726 -7.1602 -4.4274
v -13.662 -9.095 -5.4665
v -13.662 -9.095 -5.4665
v -13.662 -9.095 -5.4665
v -14.205 -6.5291 -6.9515
v -14.205 -6.5291 -6.9515
v -14.205 -6.5291 -6.9515
v -15.726 -7.1602 -4.4274
v -15.726 -7.1602 -4.4274
v -15.726 -7.1602 -4.4274
v -16.767 -4.4112 -5.0933
v -16.767 -4.4112 -5.0933
v -16.767 -4.4112 -5.0933
v -18.688 -6.7097 -4.7603
v -18.688 -6.7097 -4.7603
v -18.688 -6.7097 -4.7603
v -16.868 -6.6022 -7.1603
v -16.868 -6.6022 -7.1603
v -16.868 -6.6022 -7.1603
v -16.767 -4.4112 -5.0933
v -16.767 -4.4112 -5.0933
v -16.767 -4.4112 -5.0933
v -15.651 -4.4489 -7.8924
v -15.651 -4.4489 -7.8924
v -15.651 -4.4489 -7.8924
v -14.968 -2.181 -6.0283
v -14.968 -2.181 -6.0283
v -14.968 -2.181 -6.0283
v -17.759 -2.432 -7.1381
v -17.759 -2.432 -7.1381
v -17.759 -2.432 -7.1381
v -15.651 -4.4489 -7.8924
v -15.651 -4.4489 -7.8924
v -15.651 -4.4489 -7.8924
v -13.474 -4.9628 -9.9126
v -13.474 -4.9628 -9.9126
v -13.474 -4.9628 -9.9126
v -15.959 -3.4626 -10.724
v -15.959 -3.4626 -10.724
v -15.959 -3.4626 -10.724
v -16.106 -6.414 -10.131
v -16.106 -6.414 -10.131
v -16.106 -6.414 -10.131
v -13.474 -4.9628 -9.9126
v -13.474 -4.9628 -9.9126
v -13.474 -4.9628 -9.9126
v -11.271 -6.2574 -11.51
v -11.271 -6.2574 -11.51
v -11.271 -6.2574 -11.51
v -11.032 -6.0416 -8.5137
v -11.032 -6.0416 -8.5137
v -11.032 -6.0416 -8.5137
v -10.82 -3.5693 -10.224
v -10.82 -3.5693 -10.224
v -10.82 -3.5693 -10.224
v -11.271 -6.2574 -11.51
v -11.271 -6.2574 -11.51
v -11.271 -6.2574 -11.51
v -9.0345 -7.802 -12.813
v -9.0345 -7.802 -12.813
v -9.0345 -7.802 -12.813
v -10.888 -6.1245 -14.497
v -10.888 -6.1245 -14.497
v -10.888 -6.1245 -14.497
v -11.895 -8.661 -13.218
v -11.895 -8.661 -13.218
v -11.895 -8.661 -13.218
v -9.0345 -7.802 -12.813
v -9.0345 -7.802 -12.813
v -9.0345 -7.802 -12.813
v -7.082 -9.5294 -14.325
v -7.082 -9.5294 -14.325
v -7.082 -9.5294 -14.325
v -7.4762 -9.9372 -11.365
v -7.4762 -9.9372 -11.365
v -7.4762 -9.9372 -11.365
v -6.0718 -7.4681 -12.372
v -6.0718 -7.4681 -12.372
v -6.0718 -7.4681 -12.372
v -7.082 -9.5294 -14.325
v -7.082 -9.5294 -14.325
v -7.082 -9.5294 -14.325
v -5.2056 -11.239 -15.949
v -5.2056 -11.239 -15.949
v -5.2056 -11.239 -15.949
v -5.7642 -8.3993 -16.789
v -5.7642 -8.3993 -16.789
v -5.7642 -8.3993 -16.789
v -7.9094 -10.499 -17.056
v -7.9094 -10.499 -17.056
v -7.9094 -10.499 -17.056
v -5.2056 -11.239 -15.949
v -5.2056 -11.239 -15.949
v -5.2056 -11.239 -15.949
v -3.8089 -13.537 -17.312
v -3.8089 -13.537 -17.312
v -3.8089 -13.537 -17.312
v -3.6323 -13.227 -14.319
v -3.6323 -13.227 -14.319
v -3.6323 -13.227 -14.319
v -2.1971 -11.285 -16.122
v -2.1971 -11.285 -16.122
v -2.1971 -11.285 -16.122
v -3.8089 -13.537 -17.312
v -3.8089 -13.537 -17.312
v -3.8089 -13.537 -17.312
v -3.2208 -16.155 -18.683
v -3.2208 -16.155 -18.683
v -3.2208 -16.155 -18.683
v -3.0947 -13.577 -20.239
v -3.0947 -13.577 -20.239
v -3.0947 -13.577 -20.239
v -5.7556 -14.655 -19.322
v -5.7556 -14.655 -19.322
v -5.7556 -14.655 -19.322
v -3.2208 -16.155 -18.683
v -3.2208 -16.155 -18.683
v -3.2208 -16.155 -18.683
v -2.9769 -19.155 -18.841
v -2.9769 -19.155 -18.841
v -2.9769 -19.155 -18.841
v -0.49738 -17.443 -18.762
v -0.49738 -17.443 -18.762
v -0.49738 -17.443 -18.762
v -2.2421 -17.456 -21.219
v -2.2421 -17.456 -21.219
v -2.2421 -17.456 -21.219
v -2.9769 -19.155 -18.841
v -2.9769 -19.155 -18.841
v -2.9769 -19.155 -18.841
v -3.245 -20.393 -16.106
v -3.245 -20.393 -16.106
v -3.245 -20.393 -16.106
v -1.7608 -21.856 -18.284
v -1.7608 -21.856 -18.284
v -1.7608 -21.856 -18.284
v -4.7554 -21.555 -18.441
v -4.7554 -21.555 -18.441
v -4.7554 -21.555 -18.441
v -3.245 -20.393 -16.106
v -3.245 -20.393 -16.106
v -3.245 -20.393 -16.106
v -5.4428 -18.625 -15.045
v -5.4428 -18.625 -15.045
v -5.4428 -18.625 -15.045
v -2.5628 -17.783 -14.762
v -2.5628 -17.783 -14.762
v -2.5628 -17.783 -14.762
v -3.627 -20.084 -13.133
v -3.627 -20.084 -13.133
v -3.627 -20.084 -13.133
v -5.4428 -18.625 -15.045
v -5.4428 -18.625 -15.045
v -5.4428 -18.625 -15.045
v -7.508 -20.512 -16.167
v -7.508 -20.512 -16.167
v -7.508 -20.512 -16.167
v -7.2286 -17.734 -17.303
v -7.2286 -17.734 -17.303
v -7.2286 -17.734 -17.303
v -8.372 -18.125 -14.542
v -8.372 -18.125 -14.542
v -8.372 -18.125 -14.542
v -7.508 -20.512 -16.167
v -7.508 -20.512 -16.167
v -7.508 -20.512 -16.167
v -6.8427 -22.507 -14.008
v -6.8427 -22.507 -14.008
v -6.8427 -22.507 -14.008
v -6.4031 -23.217 -16.904
v -6.4031 -23.217 -16.904
v -6.4031 -23.217 -16.904
v -9.2049 -22.978 -15.82
v -9.2049 -22.978 -15.82
v -9.2049 -22.978 -15.82
v -6.8427 -22.507 -14.008
v -6.8427 -22.507 -14.008
v -6.8427 -22.507 -14.008
v -7.4308 -20.547 -11.796
v -7.4308 -20.547 -11.796
v -7.4308 -20.547 -11.796
v -9.6367 -22.277 -12.902
v -9.6367 -22.277 -12.902
v -9.6367 -22.277 -12.902
v -8.4893 -20.047 -14.573
v -8.4893 -20.047 -14.573
v -8.4893 -20.047 -14.573
v -7.4308 -20.547 -11.796
v -7.4308 -20.547 -11.796
v -7.4308 -20.547 -11.796
v -10.405 -20.281 -12.202
v -10.405 -20.281 -12.202
v -10.405 -20.281 -12.202
v -8.6557 -17.827 -12.227
v -8.6557 -17.827 -12.227
v -8.6557 -17.827 -12.227
v -9.1406 -19.306 -9.646
v -9.1406 -19.306 -9.646
v -9.1406 -19.306 -9.646
v -10.405 -20.281 -12.202
v -10.405 -20.281 -12.202
v -10.405 -20.281 -12.202
v -10.974 -23.216 -12.579
v -10.974 -23.216 -12.579
v -10.974 -23.216 -12.579
v -11.998 -21.213 -14.585
v -11.998 -21.213 -14.585
v -11.998 -21.213 -14.585
v -13.204 -21.334 -11.825
v -13.204 -21.334 -11.825
v -13.204 -21.334 -11.825
v -10.974 -23.216 -12.579
v -10.974 -23.216 -12.579
v -10.974 -23.216 -12.579
v -10.066 -24.796 -10.179
v -10.066 -24.796 -10.179
v -10.066 -24.796 -10.179
v -8.7073 -25.185 -12.841
v -8.7073 -25.185 -12.841
v -8.7073 -25.185 -12.841
v -11.524 -26.176 -12.428
v -11.524 -26.176 -12.428
v -11.524 -26.176 -12.428
v -10.066 -24.796 -10.179
v -10.066 -24.796 -10.179
v -10.066 -24.796 -10.179
v -11.934 -23.178 -8.4549
v -11.934 -23.178 -8.4549
v -11.934 -23.178 -8.4549
v -9.0553 -23.532 -7.6368
v -9.0553 -23.532 -7.6368
v -9.0553 -23.532 -7.6368
v -10.957 -25.866 -7.5059
v -10.957 -25.866 -7.5059
v -10.957 -25.866 -7.5059
v -11.934 -23.178 -8.4549
v -11.934 -23.178 -8.4549
v -11.934 -23.178 -8.4549
v -14.625 -23.185 -9.8127
v -14.625 -23.185 -9.8127
v -14.625 -23.185 -9.8127
v -12.955 -20.676 -9.7909
v -12.955 -20.676 -9.7909
v -12.955 -20.676 -9.7909
v -14.237 -21.655 -7.2452
v -14.237 -21.655 -7.2452
v -14.237 -21.655 -7.2452
v -14.625 -23.185 -9.8127
v -14.625 -23.185 -9.8127
v -14.625 -23.185 -9.8127
v -15.601 -25.95 -10.511
v -15.601 -25.95 -10.511
v -15.601 -25.95 -10.511
v -15.618 -23.775 -12.597
v -15.618 -23.775 -12.597
v -15.618 -23.775 -12.597
v -17.56 -23.67 -10.295
v -17.56 -23.67 -10.295
v -17.56 -23.67 -10.295
v -15.601 -25.95 -10.511
v -15.601 -25.95 -10.511
v -15.601 -25.95 -10.511
v -14.706 -28.559 -11.726
v -14.706 -28.559 -11.726
v -14.706 -28.559 -11.726
v -12.685 -26.407 -11.118
v -12.685 -26.407 -11.118
v -12.685 -26.407 -11.118
v -14.652 -26.034 -13.37
v -14.652 -26.034 -13.37
v -14.652 -26.034 -13.37
v -14.706 -28.559 -11.726
v -14.706 -28.559 -11.726
v -14.706 -28.559 -11.726
v -12.55 -30.654 -11.938
v -12.55 -30.654 -11.938
v -12.55 -30.654 -11.938
v -12.545 -28.293 -13.81
v -12.545 -28.293 -13.81
v -12.545 -28.293 -13.81
v -14.651 -30.43 -14.087
v -14.651 -30.43 -14.087
v -14.651 -30.43 -14.087
v -12.55 -30.654 -11.938
v -12.55 -30.654 -11.938
v -12.55 -30.654 -11.938
v -9.8392 -31.771 -11.241
v -9.8392 -31.771 -11.241
v -9.8392 -31.771 -11.241
v -12.328 -33.339 -10.586
v -12.328 -33.339 -10.586
v -12.328 -33.339 -10.586
v -11.686 -30.823 -9.0555
v -11.686 -30.823 -9.0555
v -11.686 -30.823 -9.0555
v -9.8392 -31.771 -11.241
v -9.8392 -31.771 -11.241
v -9.8392 -31.771 -11.241
v -7.7666 -33.119 -12.964
v -7.7666 -33.119 -12.964
v -7.7666 -33.119 -12.964
v -7.1557 -32.5 -10.078
v -7.1557 -32.5 -10.078
v -7.1557 -32.5 -10.078
v -7.3706 -30.263 -12.086
v -7.3706 -30.263 -12.086
v -7.3706 -30.263 -12.086
v -7.7666 -33.119 -12.964
v -7.7666 -33.119 -12.964
v -7.7666 -33.119 -12.964
v -9.6855 -33.115 -15.288
v -9.6855 -33.115 -15.288
v -9.6855 -33.115 -15.288
v -8.8654 -35.721 -14.015
v -8.8654 -35.721 -14.015
v -8.8654 -35.721 -14.015
v -6.8795 -34.152 -15.653
v -6.8795 -34.152 -15.653
v -6.8795 -34.152 -15.653
v -9.6855 -33.115 -15.288
v -9.6855 -33.115 -15.288
v -9.6855 -33.115 -15.288
v -10.088 -30.335 -16.38
v -10.088 -30.335 -16.38
v -10.088 -30.335 -16.38
v -12.259 -31.642 -14.75
v -12.259 -31.642 -14.75
v -12.259 -31.642 -14.75
v -11.649 -32.644 -17.526
v -11.649 -32.644 -17.526
v -11.649 -32.644 -17.526
v -10.088 -30.335 -16.38
v -10.088 -30.335 -16.38
v -10.088 -30.335 -16.38
v -8.0918 -29.349 -18.412
v -8.0918 -29.349 -18.412
v -8.0918 -29.349 -18.412
v -8.7484 -27.661 -16.003
v -8.7484 -27.661 -16.003
v -8.7484 -27.661 -16.003
v -10.791 -28.028 -18.188
v -10.791 -28.028 -18.188
v -10.791 -28.028 -18.188
v -8.0918 -29.349 -18.412
v -8.0918 -29.349 -18.412
v -8.0918 -29.349 -18.412
v -8.1165 -30.53 -21.185
v -8.1165 -30.53 -21.185
v -8.1165 -30.53 -21.185
v -6.6255 -31.923 -18.967
v -6.6255 -31.923 -18.967
v -6.6255 -31.923 -18.967
v -5.5836 -29.324 -20.083
v -5.5836 -29.324 -20.083
v -5.5836 -29.324 -20.083
v -8.1165 -30.53 -21.185
v -8.1165 -30.53 -21.185
v -8.1165 -30.53 -21.185
v -9.5792 -28.11 -22.229
v -9.5792 -28.11 -22.229
v -9.5792 -28.11 -22.229
v -10.926 -30.806 -22.24
v -10.926 -30.806 -22.24
v -10.926 -30.806 -22.24
v -8.652 -30.25 -24.138
v -8.652 -30.25 -24.138
v -8.652 -30.25 -24.138
v -9.5792 -28.11 -22.229
v -9.5792 -28.11 -22.229
v -9.5792 -28.11 -22.229
v -8.7119 -25.264 -22.709
v -8.7119 -25.264 -22.709
v -8.7119 -25.264 -22.709
v -11.268 -25.829 -21.216
v -11.268 -25.829 -21.216
v -11.268 -25.829 -21.216
v -11.098 -26.38 -24.174
v -11.098 -26.38 -24.174
v -11.098 -26.38 -24.174
v -8.7119 -25.264 -22.709
v -8.7119 -25.264 -22.709
v -8.7119 -25.264 -22.709
v -8.157 -22.358 -23.283
v -8.157 -22.358 -23.283
v -8.157 -22.358 -23.283
v -6.562 -24.501 -24.679
v -6.562 -24.501 -24.679
v -6.562 -24.501 -24.679
v -6.1569 -23.997 -21.735
v -6.1569 -23.997 -21.735
v -6.1569 -23.997 -21.735
v -8.157 -22.358 -23.283
v -8.157 -22.358 -23.283
v -8.157 -22.358 -23.283
v -9.1962 -19.8 -24.492
v -9.1962 -19.8 -24.492
v -9.1962 -19.8 -24.492
v -8.9595 -20.066 -21.499
v -8.9595 -20.066 -21.499
v -8.9595 -20.066 -21.499
v -11.065 -21.625 -22.988
v -11.065 -21.625 -22.988
v -11.065 -21.625 -22.988
v -9.1962 -19.8 -24.492
v -9.1962 -19.8 -24.492
v -9.1962 -19.8 -24.492
v -8.3441 -17.14 -25.623
v -8.3441 -17.14 -25.623
v -8.3441 -17.14 -25.623
v -11.116 -18.19 -26.167
v -11.116 -18.19 -26.167
v -11.116 -18.19 -26.167
v -8.7275 -19.503 -27.454
v -8.7275 -19.503 -27.454
v -8.7275 -19.503 -27.454
v -8.3441 -17.14 -25.623
v -8.3441 -17.14 -25.623
v -8.3441 -17.14 -25.623
v -7.6162 -14.28 -26.237
v -7.6162 -14.28 -26.237
v -7.6162 -14.28 -26.237
v -5.4789 -16.405 -26.201
v -5.4789 -16.405 -26.201
v -5.4789 -16.405 -26.201
v -6.7707 -15.523 -23.624
v -6.7707 -15.523 -23.624
v -6.7707 -15.523 -23.624
v -7.6162 -14.28 -26.237
v -7.6162 -14.28 -26.237
v -7.6162 -14.28 -26.237
v -9.5621 -11.982 -26.364
v -9.5621 -11.982 -26.364
v -9.5621 -11.982 -26.364
v -10.581 -14.818 -26.3
v -10.581 -14.818 -26.3
v -10.581 -14.818 -26.3
v -9.1861 -13.773 -28.759
v -9.1861 -13.773 -28.759
v -9.1861 -13.773 -28.759
v -9.5621 -11.982 -26.364
v -9.5621 -11.982 -26.364
v -9.5621 -11.982 -26.364
v -11.653 -11.829 -24.199
v -11.653 -11.829 -24.199
v -11.653 -11.829 -24.199
v -12.221 -13.352 -26.737
v -12.221 -13.352 -26.737
v -12.221 -13.352 -26.737
v -12.055 -10.343 -26.79
v -12.055 -10.343 -26.79
v -12.055 -10.343 -26.79
v -11.653 -11.829 -24.199
v -11.653 -11.829 -24.199
v -11.653 -11.829 -24.199
v -13.132 -12.276 -21.611
v -13.132 -12.276 -21.611
v -13.132 -12.276 -21.611
v -11.992 -9.5589 -22.245
v -11.992 -9.5589 -22.245
v -11.992 -9.5589 -22.245
v -10.149 -11.851 -21.587
v -10.149 -11.851 -21.587
v -10.149 -11.851 -21.587
v -13.132 -12.276 -21.611
v -13.132 -12.276 -21.611
v -13.132 -12.276 -21.611
v -14.712 -12.69 -19.078
v -14.712 -12.69 -19.078
v -14.712 -12.69 -19.078
v -13.659 -15.067 -20.603
v -13.659 -15.067 -20.603
v -13.659 -15.067 -20.603
v -15.915 -13.425 -21.742
v -15.915 -13.425 -21.742
v -15.915 -13.425 -21.742
v -14.712 -12.69 -19.078
v -14.712 -12.69 -19.078
v -14.712 -12.69 -19.078
v -16.218 -13.351 -16.553
v -16.218 -13.351 -16.553
v -16.218 -13.351 -16.553
v -16.829 -10.807 -18.05
v -16.829 -10.807 -18.05
v -16.829 -10.807 -18.05
v -14.22 -11.095 -16.569
v -14.22 -11.095 -16.569
v -14.22 -11.095 -16.569
v -16.218 -13.351 -16.553
v -16.218 -13.351 -16.553
v -16.218 -13.351 -16.553
v -17.866 -13.652 -14.047
v -17.866 -13.652 -14.047
v -17.866 -13.652 -14.047
v -15.372 -15.303 -14.419
v -15.372 -15.303 -14.419
v -15.372 -15.303 -14.419
v -17.814 -15.865 -16.092
v -17.814 -15.865 -16.092
v -17.814 -15.865 -16.092
v -17.866 -13.652 -14.047
v -17.866 -13.652 -14.047
v -17.866 -13.652 -14.047
v -19.222 -13.497 -11.36
v -19.222 -13.497 -11.36
v -19.222 -13.497 -11.36
v -20.871 -13.49 -13.883
v -20.871 -13.49 -13.883
v -20.871 -13.49 -13.883
v -19.191 -11.09 -13.174
v -19.191 -11.09 -13.174
v -19.191 -11.09 -13.174
v -19.222 -13.497 -11.36
v -19.222 -13.497 -11.36
v -19.222 -13.497 -11.36
v -20.066 -13.5 -8.4671
v -20.066 -13.5 -8.4671
v -20.066 -13.5 -8.4671
v -17.276 -14.352 -9.223
v -17.276 -14.352 -9.223
v -17.276 -14.352 -9.223
v -19.627 -16.108 -9.9112
v -19.627 -16.108 -9.9112
v -19.627 -16.108 -9.9112
v -20.066 -13.5 -8.4671
v -20.066 -13.5 -8.4671
v -20.066 -13.5 -8.4671
v -20.306 -13.047 -5.4972
v -20.306 -13.047 -5.4972
v -20.306 -13.047 -5.4972
v -22.747 -13.761 -7.1145
v -22.747 -13.761 -7.1145
v -22.747 -13.761 -7.1145
v -21.474 -11.047 -7.4258
v -21.474 -11.047 -7.4258
v -21.474 -11.047 -7.4258
v -20.306 -13.047 -5.4972
v -20.306 -13.047 -5.4972
v -20.306 -13.047 -5.4972
v -19.539 -13.717 -2.6607
v -19.539 -13.717 -2.6607
v -19.539 -13.717 -2.6607
v -21.993 -12.054 -3.2054
v -21.993 -12.054 -3.2054
v -21.993 -12.054 -3.2054
v -19.252 -10.893 -3.6722
v -19.252 -10.893 -3.6722
v -19.252 -10.893 -3.6722
v -19.539 -13.717 -2.6607
v -19.539 -13.717 -2.6607
v -19.539 -13.717 -2.6607
v -17.742 -16.131 -2.5068
v -17.742 -16.131 -2.5068
v -17.742 -16.131 -2.5068
v -19.805 -15.65 -0.36337
v -19.805 -15.65 -0.36337
v -19.805 -15.65 -0.36337
v -17.387 -13.861 -0.55631
v -17.387 -13.861 -0.55631
v -17.387 -13.861 -0.55631
v -17.742 -16.131 -2.5068
v -17.742 -16.131 -2.5068
v -17.742 -16.131 -2.5068
v -18.076 -17.532 -5.1546
v -18.076 -17.532 -5.1546
v -18.076 -17.532 -5.1546
v -15.624 -15.859 -4.6334
v -15.624 -15.859 -4.6334
v -15.624 -15.859 -4.6334
v -18.304 -14.531 -4.9977
v -18.304 -14.531 -4.9977
v -18.304 -14.531 -4.9977
v -18.076 -17.532 -5.1546
v -18.076 -17.532 -5.1546
v -18.076 -17.532 -5.1546
v -19.727 -18.654 -7.4121
v -19.727 -18.654 -7.4121
v -19.727 -18.654 -7.4121
v -19.792 -19.967 -4.7002
v -19.792 -19.967 -4.7002
v -19.792 -19.967 -4.7002
v -17.319 -20.164 -6.4113
v -17.319 -20.164 -6.4113
v -17.319 -20.164 -6.4113
v -19.727 -18.654 -7.4121
v -19.727 -18.654 -7.4121
v -19.727 -18.654 -7.4121
v -22.041 -18.048 -9.2459
v -22.041 -18.048 -9.2459
v -22.041 -18.048 -9.2459
v -19.423 -19.007 -10.39
v -19.423 -19.007 -10.39
v -19.423 -19.007 -10.39
v -19.63 -16.24 -9.2137
v -19.63 -16.24 -9.2137
v -19.63 -16.24 -9.2137
v -22.041 -18.048 -9.2459
v -22.041 -18.048 -9.2459
v -22.041 -18.048 -9.2459
v -24.228 -16.916 -10.983
v -24.228 -16.916 -10.983
v -24.228 -16.916 -10.983
v -24.269 -16.44 -8.0074
v -24.269 -16.44 -8.0074
v -24.269 -16.44 -8.0074
v -24.825 -19.193 -9.1004
v -24.825 -19.193 -9.1004
v -24.825 -19.193 -9.1004
v -24.228 -16.916 -10.983
v -24.228 -16.916 -10.983
v -24.228 -16.916 -10.983
v -23.401 -17.228 -13.864
v -23.401 -17.228 -13.864
v -23.401 -17.228 -13.864
v -24.409 -14.569 -12.865
v -24.409 -14.569 -12.865
v -24.409 -14.569 -12.865
v -26.312 -16.888 -13.161
v -26.312 -16.888 -13.161
v -26.312 -16.888 -13.161
v -23.401 -17.228 -13.864
v -23.401 -17.228 -13.864
v -23.401 -17.228 -13.864
v -21.29 -17.672 -15.968
v -21.29 -17.672 -15.968
v -21.29 -17.672 -15.968
v -23.784 -19.364 -15.956
v -23.784 -19.364 -15.956
v -23.784 -19.364 -15.956
v -21.709 -19.722 -13.799
v -21.709 -19.722 -13.799
v -21.709 -19.722 -13.799
v -21.29 -17.672 -15.968
v -21.29 -17.672 -15.968
v -21.29 -17.672 -15.968
v -20.057 -16.434 -18.424
v -20.057 -16.434 -18.424
v -20.057 -16.434 -18.424
v -18.593 -18.608 -16.936
v -18.593 -18.608 -16.936
v -18.593 -18.608 -16.936
v -18.886 -15.873 -15.704
v -18.886 -15.873 -15.704
v -18.886 -15.873 -15.704
v -20.057 -16.434 -18.424
v -20.057 -16.434 -18.424
v -20.057 -16.434 -18.424
v -18.84 -15.199 -20.889
v -18.84 -15.199 -20.889
v -18.84 -15.199 -20.889
v -21.055 -13.772 -19.427
v -21.055 -13.772 -19.427
v -21.055 -13.772 -19.427
v -21.649 -16.287 -20.979
v -21.649 -16.287 -20.979
v -21.649 -16.287 -20.979
v -18.84 -15.199 -20.889
v -18.84 -15.199 -20.889
v -18.84 -15.199 -20.889
v -17.986 -13.701 -23.361
v -17.986 -13.701 -23.361
v -17.986 -13.701 -23.361
v -17.212 -16.592 -23.009
v -17.212 -16.592 -23.009
v -17.212 -16.592 -23.009
v -15.942 -14.472 -21.285
v -15.942 -14.472 -21.285
v -15.942 -14.472 -21.285
v -17.986 -13.701 -23.361
v -17.986 -13.701 -23.361
v -17.986 -13.701 -23.361
v -18.297 -12.715 -26.192
v -18.297 -12.715 -26.192
v -18.297 -12.715 -26.192
v -17.035 -10.94 -24.108
v -17.035 -10.94 -24.108
v -17.035 -10.94 -24.108
v -19.987 -11.537 -23.992
v -19.987 -11.537 -23.992
v -19.987 -11.537 -23.992
v -18.297 -12.715 -26.192
v -18.297 -12.715 -26.192
v -18.297 -12.715 -26.192
v -18.709 -15.368 -27.561
v -18.709 -15.368 -27.561
v -18.709 -15.368 -27.561
v -16.838 -13.33 -28.757
v -16.838 -13.33 -28.757
v -16.838 -13.33 -28.757
v -19.813 -12.849 -28.793
v -19.813 -12.849 -28.793
v -19.813 -12.849 -28.793
v -18.709 -15.368 -27.561
v -18.709 -15.368 -27.561
v -18.709 -15.368 -27.561
v -19.13 -17.873 -29.183
v -19.13 -17.873 -29.183
v -19.13 -17.873 -29.183
v -20.928 -17.276 -26.839
v -20.928 -17.276 -26.839
v -20.928 -17.276 -26.839
v -18.055 -18.059 -26.374
v -18.055 -18.059 -26.374
v -18.055 -18.059 -26.374
v -19.13 -17.873 -29.183
v -19.13 -17.873 -29.183
v -19.13 -17.873 -29.183
v -16.77 -17.114 -30.898
v -16.77 -17.114 -30.898
v -16.77 -17.114 -30.898
v -19.528 -17.257 -32.107
v -19.528 -17.257 -32.107
v -19.528 -17.257 -32.107
v -18.112 -19.786 -31.278
v -18.112 -19.786 -31.278
v -18.112 -19.786 -31.278
v -16.77 -17.114 -30.898
v -16.77 -17.114 -30.898
v -16.77 -17.114 -30.898
v -14.171 -18.037 -29.685
v -14.171 -18.037 -29.685
v -14.171 -18.037 -29.685
v -14.928 -15.122 -29.588
v -14.928 -15.122 -29.588
v -14.928 -15.122 -29.588
v -14.155 -16.391 -32.209
v -14.155 -16.391 -32.209
v -14.155 -16.391 -32.209
vn 0.85922 -0.31569 0.40259
vn -0.67313 0.14788 0.72459
vn 0.34271 0.68995 0.63759
vn 0.85922 -0.31569 0.40259
vn 0.34271 0.68995 0.63759
vn -0.15661 -0.85777 0.4896
vn 0.85922 -0.31569 0.40259
vn -0.67313 0.14788 0.72459
vn -0.15661 -0.85777 0.4896
vn -0.67313 0.14788 0.72459
vn 0.34271 0.68995 0.63759
vn -0.15661 -0.85777 0.4896
vn 0.52198 0.061485 0.85074
vn -0.63889 0.76731 -0.055275
vn 0.50981 0.86012 0.016856
vn 0.52198 0.061485 0.85074
vn 0.50981 0.86012 0.016856
vn -0.62673 -0.031329 0.77861
vn 0.52198 0.061485 0.85074
vn -0.63889 0.76731 -0.055275
vn -0.62673 -0.031329 0.77861
vn -0.63889 0.76731 -0.055275
vn 0.50981 0.86012 0.016856
vn -0.62673 -0.031329 0.77861
vn -0.73866 -0.35178 -0.57501
vn -0.24492 -0.11228 0.96302
vn -0.14249 -0.97003 0.1968
vn -0.73866 -0.35178 -0.57501
vn -0.14249 -0.97003 0.1968
vn -0.84109 0.50598 0.19122
vn -0.73866 -0.35178 -0.57501
vn -0.24492 -0.11228 0.96302
vn -0.84109 0.50598 0.19122
vn -0.24492 -0.11228 0.96302
vn -0.14249 -0.97003 0.1968
vn -0.84109 0.50598 0.19122
vn 0.73384 0.13918 0.66491
vn -0.75151 0.62986 0.19626
vn 0.3302 0.94198 -0.060289
vn 0.73384 0.13918 0.66491
vn 0.3302 0.94198 -0.060289
vn -0.34787 -0.17295 0.92145
vn 0.73384 0.13918 0.66491
vn -0.75151 0.62986 0.19626
vn -0.34787 -0.17295 0.92145
vn -0.75151 0.62986 0.19626
vn 0.3302 0.94198 -0.060289
vn -0.34787 -0.17295 0.92145
vn -0.75994 0.053891 -0.64775
vn -0.35888 -0.11967 0.92568
vn -0.53548 -0.84343 0.043459
vn -0.75994 0.053891 -0.64775
vn -0.53548 -0.84343 0.043459
vn -0.58334 0.77765 0.23447
vn -0.75994 0.053891 -0.64775
vn -0.35888 -0.11967 0.92568
vn -0.58334 0.77765 0.23447
vn -0.35888 -0.11967 0.92568
vn -0.53548 -0.84343 0.043459
vn -0.58334 0.77765 0.23447
vn 0.6851 0.056591 0.72624
vn -0.7525 0.62684 0.20204
vn 0.35065 0.93487 0.055351
vn 0.6851 0.056591 0.72624
vn 0.35065 0.93487 0.055351
vn -0.41804 -0.25144 0.87294
vn 0.6851 0.056591 0.72624
vn -0.7525 0.62684 0.20204
vn -0.41804 -0.25144 0.87294
vn -0.7525 0.62684 0.20204
vn 0.35065 0.93487 0.055351
vn -0.41804 -0.25144 0.87294
vn -0.63102 0.21297 -0.74596
vn -0.49242 -0.47916 0.72659
vn -0.38618 -0.84827 -0.36236
vn -0.63102 0.21297 -0.74596
vn -0.38618 -0.84827 -0.36236
vn -0.73726 0.58208 0.34298
vn -0.63102 0.21297 -0.74596
vn -0.49242 -0.47916 0.72659
vn -0.73726 0.58208 0.34298
vn -0.49242 -0.47916 0.72659
vn -0.38618 -0.84827 -0.36236
vn -0.73726 0.58208 0.34298
vn 0.18361 -0.98035 -0.072119
vn -0.13199 0.24463 0.96059
vn 0.82608 -0.22336 0.5174
vn 0.18361 -0.98035 -0.072119
vn 0.82608 -0.22336 0.5174
vn -0.77446 -0.51236 0.37107
vn 0.18361 -0.98035 -0.072119
vn -0.13199 0.24463 0.96059
vn -0.77446 -0.51236 0.37107
vn -0.13199 0.24463 0.96059
vn 0.82608 -0.22336 0.5174
vn -0.77446 -0.51236 0.37107
vn 0.63012 -0.42624 0.64905
vn -0.38487 0.82947 0.40479
vn 0.73829 0.63884 0.21635
vn 0.63012 -0.42624 0.64905
vn 0.73829 0.63884 0.21635
vn -0.49304 -0.23561 0.8375
vn 0.63012 -0.42624 0.64905
vn -0.38487 0.82947 0.40479
vn -0.49304 -0.23561 0.8375
vn -0.38487 0.82947 0.40479
vn 0.73829 0.63884 0.21635
vn -0.49304 -0.23561 0.8375
vn -0.069987 0.77589 -0.62697
vn -0.90374 -0.409 0.12639
vn -0.34971 -0.31492 -0.88234
vn -0.069987 0.77589 -0.62697
vn -0.34971 -0.31492 -0.88234
vn -0.62401 0.68181 0.38176
vn -0.069987 0.77589 -0.62697
vn -0.90374 -0.409 0.12639
vn -0.62401 0.68181 0.38176
vn -0.90374 -0.409 0.12639
vn -0.34971 -0.31492 -0.88234
vn -0.62401 0.68181 0.38176
vn 0.056289 -0.91836 -0.39172
vn -0.57364 -0.021457 0.81883
vn 0.39984 -0.62459 0.67083
vn 0.056289 -0.91836 -0.39172
vn 0.39984 -0.62459 0.67083
vn -0.91719 -0.31523 -0.24372
vn 0.056289 -0.91836 -0.39172
vn -0.57364 -0.021457 0.81883
vn -0.91719 -0.31523 -0.24372
vn -0.57364 -0.021457 0.81883
vn 0.39984 -0.62459 0.67083
vn -0.91719 -0.31523 -0.24372
vn 0.47307 0.36467 0.80201
vn -0.77046 0.59406 -0.23127
vn 0.33696 0.91974 -0.20133
vn 0.47307 0.36467 0.80201
vn 0.33696 0.91974 -0.20133
vn -0.63434 0.038983 0.77207
vn 0.47307 0.36467 0.80201
vn -0.77046 0.59406 -0.23127
vn -0.63434 0.038983 0.77207
vn -0.77046 0.59406 -0.23127
vn 0.33696 0.91974 -0.20133
vn -0.63434 0.038983 0.77207
vn -0.61419 -0.032276 0.7885
vn 0.29897 0.94219 -0.1513
vn 0.48154 0.33128 0.8114
vn -0.61419 -0.032276 0.7885
vn 0.48154 0.33128 0.8114
vn -0.79677 0.57864 -0.1742
vn -0.61419 -0.032276 0.7885
vn 0.29897 0.94219 -0.1513
vn -0.79677 0.57864 -0.1742
vn 0.29897 0.94219 -0.1513
vn 0.48154 0.33128 0.8114
vn -0.79677 0.57864 -0.1742
vn -0.7042 0.53916 0.46196
vn 0.88968 0.18679 0.41663
vn -0.027062 -0.24704 0.96863
vn -0.7042 0.53916 0.46196
vn -0.027062 -0.24704 0.96863
vn 0.21254 0.97299 -0.090037
vn -0.7042 0.53916 0.46196
vn 0.88968 0.18679 0.41663
vn 0.21254 0.97299 -0.090037
vn 0.88968 0.18679 0.41663
vn -0.027062 -0.24704 0.96863
vn 0.21254 0.97299 -0.090037
vn 0.57547 0.81725 0.030407
vn -0.2456 -0.26957 0.93113
vn -0.50119 0.74436 0.44129
vn 0.57547 0.81725 0.030407
vn -0.50119 0.74436 0.44129
vn 0.83106 -0.19668 0.52025
vn 0.57547 0.81725 0.030407
vn -0.2456 -0.26957 0.93113
vn 0.83106 -0.19668 0.52025
vn -0.2456 -0.26957 0.93113
vn -0.50119 0.74436 0.44129
vn 0.83106 -0.19668 0.52025
vn 0.69609 0.20453 0.68821
vn -0.78895 0.59932 0.13552
vn 0.28676 0.95384 -0.089171
vn 0.69609 0.20453 0.68821
vn 0.28676 0.95384 -0.089171
vn -0.37962 -0.14999 0.9129
vn 0.69609 0.20453 0.68821
vn -0.78895 0.59932 0.13552
vn -0.37962 -0.14999 0.9129
vn -0.78895 0.59932 0.13552
vn 0.28676 0.95384 -0.089171
vn -0.37962 -0.14999 0.9129
vn 0.28386 0.70215 0.653
vn -0.037809 0.39443 -0.91815
vn 0.90439 0.34397 -0.25253
vn 0.28386 0.70215 0.653
vn 0.90439 0.34397 -0.25253
vn -0.65834 0.75261 -0.012624
vn 0.28386 0.70215 0.653
vn -0.037809 0.39443 -0.91815
vn -0.65834 0.75261 -0.012624
vn -0.037809 0.39443 -0.91815
vn 0.90439 0.34397 -0.25253
vn -0.65834 0.75261 -0.012624
vn 0.94564 -0.1148 -0.30427
vn -0.62137 -0.22808 -0.74958
vn 0.14771 -0.94905 -0.27836
vn 0.94564 -0.1148 -0.30427
vn 0.14771 -0.94905 -0.27836
vn 0.17656 0.60617 -0.77549
vn 0.94564 -0.1148 -0.30427
vn -0.62137 -0.22808 -0.74958
vn 0.17656 0.60617 -0.77549
vn -0.62137 -0.22808 -0.74958
vn 0.14771 -0.94905 -0.27836
vn 0.17656 0.60617 -0.77549
vn -0.41184 0.83951 -0.35442
vn 0.44951 -0.49146 -0.74593
vn 0.712 0.57804 -0.39866
vn -0.41184 0.83951 -0.35442
vn 0.712 0.57804 -0.39866
vn -0.67433 -0.22999 -0.7017
vn -0.41184 0.83951 -0.35442
vn 0.44951 -0.49146 -0.74593
vn -0.67433 -0.22999 -0.7017
vn 0.44951 -0.49146 -0.74593
vn 0.712 0.57804 -0.39866
vn -0.67433 -0.22999 -0.7017
vn -0.52434 -0.77981 0.34201
vn -0.15477 0.10047 -0.98283
vn -0.97353 0.15247 -0.17026
vn -0.52434 -0.77981 0.34201
vn -0.97353 0.15247 -0.17026
vn 0.29442 -0.8318 -0.47056
vn -0.52434 -0.77981 0.34201
vn -0.15477 0.10047 -0.98283
vn 0.29442 -0.8318 -0.47056
vn -0.15477 0.10047 -0.98283
vn -0.97353 0.15247 -0.17026
vn 0.29442 -0.8318 -0.47056
vn 0.27699 -0.90405 0.32552
vn -0.46519 -0.090868 -0.88053
vn -0.80912 -0.57754 0.10851
vn 0.27699 -0.90405 0.32552
vn -0.80912 -0.57754 0.10851
vn 0.62091 -0.41738 -0.66352
vn 0.27699 -0.90405 0.32552
vn -0.46519 -0.090868 -0.88053
vn 0.62091 -0.41738 -0.66352
vn -0.46519 -0.090868 -0.88053
vn -0.80912 -0.57754 0.10851
vn 0.62091 -0.41738 -0.66352
vn 0.89428 -0.44746 0.0068746
vn -0.69797 -0.65446 -0.29072
vn -0.018402 -0.77196 0.63541
vn 0.89428 -0.44746 0.0068746
vn -0.018402 -0.77196 0.63541
vn 0.21471 -0.32996 -0.91925
vn 0.89428 -0.44746 0.0068746
vn -0.69797 -0.65446 -0.29072
vn 0.21471 -0.32996 -0.91925
vn -0.69797 -0.65446 -0.29072
vn -0.018402 -0.77196 0.63541
vn 0.21471 -0.32996 -0.91925
vn -0.58566 -0.057288 -0.80853
vn 0.35572 -0.90858 0.21898
vn 0.53208 -0.34492 -0.77325
vn -0.58566 -0.057288 -0.80853
vn 0.53208 -0.34492 -0.77325
vn -0.76203 -0.62094 0.1837
vn -0.58566 -0.057288 -0.80853
vn 0.35572 -0.90858 0.21898
vn -0.76203 -0.62094 0.1837
vn 0.35572 -0.90858 0.21898
vn 0.53208 -0.34492 -0.77325
vn -0.76203 -0.62094 0.1837
vn 0.97158 0.22019 -0.086922
vn -0.19046 -0.30509 0.93308
vn 0.2356 0.72832 0.64347
vn 0.97158 0.22019 -0.086922
vn 0.2356 0.72832 0.64347
vn 0.54552 -0.81322 0.20269
vn 0.97158 0.22019 -0.086922
vn -0.19046 -0.30509 0.93308
vn 0.54552 -0.81322 0.20269
vn -0.19046 -0.30509 0.93308
vn 0.2356 0.72832 0.64347
vn 0.54552 -0.81322 0.20269
vn -0.7472 -0.66231 -0.055147
vn 0.81398 -0.446 0.37218
vn 0.26817 -0.75612 -0.59697
vn -0.7472 -0.66231 -0.055147
vn 0.26817 -0.75612 -0.59697
vn -0.20138 -0.3522 0.914
vn -0.7472 -0.66231 -0.055147
vn 0.81398 -0.446 0.37218
vn -0.20138 -0.3522 0.914
vn 0.81398 -0.446 0.37218
vn 0.26817 -0.75612 -0.59697
vn -0.20138 -0.3522 0.914
vn 0.47195 -0.45948 -0.75242
vn 0.67385 0.39232 0.62611
vn 0.5664 0.66142 -0.49165
vn 0.47195 -0.45948 -0.75242
vn 0.5664 0.66142 -0.49165
vn 0.5794 -0.72858 0.36533
vn 0.47195 -0.45948 -0.75242
vn 0.67385 0.39232 0.62611
vn 0.5794 -0.72858 0.36533
vn 0.67385 0.39232 0.62611
vn 0.5664 0.66142 -0.49165
vn 0.5794 -0.72858 0.36533
vn -0.17884 0.97668 0.11882
vn 0.084171 -0.43494 0.89651
vn -0.85039 0.12335 0.51149
vn -0.17884 0.97668 0.11882
vn -0.85039 0.12335 0.51149
vn 0.75571 0.41838 0.50384
vn -0.17884 0.97668 0.11882
vn 0.084171 -0.43494 0.89651
vn 0.75571 0.41838 0.50384
vn 0.084171 -0.43494 0.89651
vn -0.85039 0.12335 0.51149
vn 0.75571 0.41838 0.50384
vn -0.81671 -0.40704 0.40902
vn 0.81173 -0.48915 0.3191
vn -0.063273 -0.96132 -0.26806
vn -0.81671 -0.40704 0.40902
vn -0.063273 -0.96132 -0.26806
vn 0.058294 0.065135 0.99617
vn -0.81671 -0.40704 0.40902
vn 0.81173 -0.48915 0.3191
vn 0.058294 0.065135 0.99617
vn 0.81173 -0.48915 0.3191
vn -0.063273 -0.96132 -0.26806
vn 0.058294 0.065135 0.99617
vn 0.11952 -0.8981 -0.42324
vn 0.89075 0.44407 0.096821
vn 0.41767 0.1095 -0.90198
vn 0.11952 -0.8981 -0.42324
vn 0.41767 0.1095 -0.90198
vn 0.5926 -0.56353 0.57556
vn 0.11952 -0.8981 -0.42324
vn 0.89075 0.44407 0.096821
vn 0.5926 -0.56353 0.57556
vn 0.89075 0.44407 0.096821
vn 0.41767 0.1095 -0.90198
vn 0.5926 -0.56353 0.57556
vn 0.61556 -0.54587 0.56843
vn 0.28799 -0.059871 -0.95576
vn -0.029525 -0.95414 -0.29789
vn 0.61556 -0.54587 0.56843
vn -0.029525 -0.95414 -0.29789
vn 0.93307 0.3484 -0.089437
vn 0.61556 -0.54587 0.56843
vn 0.28799 -0.059871 -0.95576
vn 0.93307 0.3484 -0.089437
vn 0.28799 -0.059871 -0.95576
vn -0.029525 -0.95414 -0.29789
vn 0.93307 0.3484 -0.089437
vn 0.052173 0.51479 -0.85573
vn 0.38116 -0.91427 -0.13723
vn 0.95539 0.076532 -0.28524
vn 0.052173 0.51479 -0.85573
vn 0.95539 0.076532 -0.28524
vn -0.52206 -0.47601 -0.70772
vn 0.052173 0.51479 -0.85573
vn 0.38116 -0.91427 -0.13723
vn -0.52206 -0.47601 -0.70772
vn 0.38116 -0.91427 -0.13723
vn 0.95539 0.076532 -0.28524
vn -0.52206 -0.47601 -0.70772
vn 0.29737 -0.50459 -0.81053
vn 0.75861 0.066556 0.64814
vn 0.7645 0.4804 -0.42984
vn 0.29737 -0.50459 -0.81053
vn 0.7645 0.4804 -0.42984
vn 0.29148 -0.91843 0.26744
vn 0.29737 -0.50459 -0.81053
vn 0.75861 0.066556 0.64814
vn 0.29148 -0.91843 0.26744
vn 0.75861 0.066556 0.64814
vn 0.7645 0.4804 -0.42984
vn 0.29148 -0.91843 0.26744
vn 0.69491 -0.70336 0.14962
vn 0.39697 0.75514 -0.5217
vn 0.326 -0.33951 -0.8823
vn 0.69491 -0.70336 0.14962
vn 0.326 -0.33951 -0.8823
vn 0.76588 0.39129 0.51022
vn 0.69491 -0.70336 0.14962
vn 0.39697 0.75514 -0.5217
vn 0.76588 0.39129 0.51022
vn 0.39697 0.75514 -0.5217
vn 0.326 -0.33951 -0.8823
vn 0.76588 0.39129 0.51022
vn 0.98411 0.04606 0.17148
vn -0.1617 -0.35727 -0.9199
vn 0.39484 -0.91559 -0.076172
vn 0.98411 0.04606 0.17148
vn 0.39484 -0.91559 -0.076172
vn 0.42757 0.60438 -0.67225
vn 0.98411 0.04606 0.17148
vn -0.1617 -0.35727 -0.9199
vn 0.42757 0.60438 -0.67225
vn -0.1617 -0.35727 -0.9199
vn 0.39484 -0.91559 -0.076172
vn 0.42757 0.60438 -0.67225
vn 0.52381 0.19814 -0.82847
vn 0.26535 -0.8961 0.3558
vn 0.97646 0.0028058 0.21569
vn 0.52381 0.19814 -0.82847
vn 0.97646 0.0028058 0.21569
vn -0.1873 -0.70077 -0.68836
vn 0.52381 0.19814 -0.82847
vn 0.26535 -0.8961 0.3558
vn -0.1873 -0.70077 -0.68836
vn 0.26535 -0.8961 0.3558
vn 0.97646 0.0028058 0.21569
vn -0.1873 -0.70077 -0.68836
vn 0.29892 -0.68648 -0.66286
vn 0.79985 0.44569 0.40199
vn 0.53252 0.44283 -0.72134
vn 0.29892 -0.68648 -0.66286
vn 0.53252 0.44283 -0.72134
vn 0.56625 -0.68362 0.46046
vn 0.29892 -0.68648 -0.66286
vn 0.79985 0.44569 0.40199
vn 0.56625 -0.68362 0.46046
vn 0.79985 0.44569 0.40199
vn 0.53252 0.44283 -0.72134
vn 0.56625 -0.68362 0.46046
vn 0.85916 -0.40295 0.3154
vn 0.12945 0.38947 -0.9119
vn 0.28247 -0.7206 -0.63321
vn 0.85916 -0.40295 0.3154
vn 0.28247 -0.7206 -0.63321
vn 0.70614 0.70712 0.036712
vn 0.85916 -0.40295 0.3154
vn 0.12945 0.38947 -0.9119
vn 0.70614 0.70712 0.036712
vn 0.12945 0.38947 -0.9119
vn 0.28247 -0.7206 -0.63321
vn 0.70614 0.70712 0.036712
vn 0.91776 0.30261 -0.2572
vn -0.1847 -0.89202 -0.41254
vn 0.67333 -0.66373 0.3257
vn 0.91776 0.30261 -0.2572
vn 0.67333 -0.66373 0.3257
vn 0.059725 0.074326 -0.99544
vn 0.91776 0.30261 -0.2572
vn -0.1847 -0.89202 -0.41254
vn 0.059725 0.074326 -0.99544
vn -0.1847 -0.89202 -0.41254
vn 0.67333 -0.66373 0.3257
vn 0.059725 0.074326 -0.99544
vn -0.16447 0.33334 0.92835
vn -0.032523 -0.99945 -0.0059547
vn -0.90031 -0.30606 0.30945
vn -0.16447 0.33334 0.92835
vn -0.90031 -0.30606 0.30945
vn 0.70332 -0.36005 0.61295
vn -0.16447 0.33334 0.92835
vn -0.032523 -0.99945 -0.0059547
vn 0.70332 -0.36005 0.61295
vn -0.032523 -0.99945 -0.0059547
vn -0.90031 -0.30606 0.30945
vn 0.70332 -0.36005 0.61295
vn 0.52218 -0.8528 0.0078021
vn 0.58039 0.74321 -0.33285
vn 0.31049 -0.20924 -0.92726
vn 0.52218 -0.8528 0.0078021
vn 0.31049 -0.20924 -0.92726
vn 0.79209 0.099646 0.60222
vn 0.52218 -0.8528 0.0078021
vn 0.58039 0.74321 -0.33285
vn 0.79209 0.099646 0.60222
vn 0.58039 0.74321 -0.33285
vn 0.31049 -0.20924 -0.92726
vn 0.79209 0.099646 0.60222
vn 0.94907 0.05409 0.31038
vn -0.019741 -0.22077 -0.97513
vn 0.451 -0.87951 -0.15185
vn 0.94907 0.05409 0.31038
vn 0.451 -0.87951 -0.15185
vn 0.47833 0.71283 -0.5129
vn 0.94907 0.05409 0.31038
vn -0.019741 -0.22077 -0.97513
vn 0.47833 0.71283 -0.5129
vn -0.019741 -0.22077 -0.97513
vn 0.451 -0.87951 -0.15185
vn 0.47833 0.71283 -0.5129
vn 0.79409 0.45565 -0.40225
vn 0.1838 -0.97954 0.081928
vn 0.79785 -0.14157 0.586
vn 0.79409 0.45565 -0.40225
vn 0.79785 -0.14157 0.586
vn 0.18004 -0.38232 -0.90632
vn 0.79409 0.45565 -0.40225
vn 0.1838 -0.97954 0.081928
vn 0.18004 -0.38232 -0.90632
vn 0.1838 -0.97954 0.081928
vn 0.79785 -0.14157 0.586
vn 0.18004 -0.38232 -0.90632
vn 0.55841 -0.46219 -0.68889
vn 0.50348 0.043328 0.86292
vn 0.85049 0.50825 -0.13546
vn 0.55841 -0.46219 -0.68889
vn 0.85049 0.50825 -0.13546
vn 0.2114 -0.92711 0.3095
vn 0.55841 -0.46219 -0.68889
vn 0.50348 0.043328 0.86292
vn 0.2114 -0.92711 0.3095
vn 0.50348 0.043328 0.86292
vn 0.85049 0.50825 -0.13546
vn 0.2114 -0.92711 0.3095
vn 0.57457 -0.80859 0.12667
vn 0.58006 0.80651 -0.11437
vn 0.5857 -0.12159 -0.80136
vn 0.57457 -0.80859 0.12667
vn 0.5857 -0.12159 -0.80136
vn 0.56893 0.1195 0.81365
vn 0.57457 -0.80859 0.12667
vn 0.58006 0.80651 -0.11437
vn 0.56893 0.1195 0.81365
vn 0.58006 0.80651 -0.11437
vn 0.5857 -0.12159 -0.80136
vn 0.56893 0.1195 0.81365
vn 0.8887 0.065381 0.45379
vn 0.12637 -0.33472 -0.9338
vn 0.42887 -0.90303 0.024766
vn 0.8887 0.065381 0.45379
vn 0.42887 -0.90303 0.024766
vn 0.58621 0.63369 -0.50478
vn 0.8887 0.065381 0.45379
vn 0.12637 -0.33472 -0.9338
vn 0.58621 0.63369 -0.50478
vn 0.12637 -0.33472 -0.9338
vn 0.42887 -0.90303 0.024766
vn 0.58621 0.63369 -0.50478
vn 0.66258 0.63796 -0.39242
vn -0.12471 -0.77447 -0.6202
vn 0.87479 -0.46652 -0.13081
vn 0.66258 0.63796 -0.39242
vn 0.87479 -0.46652 -0.13081
vn -0.33691 0.33 -0.88181
vn 0.66258 0.63796 -0.39242
vn -0.12471 -0.77447 -0.6202
vn -0.33691 0.33 -0.88181
vn -0.12471 -0.77447 -0.6202
vn 0.87479 -0.46652 -0.13081
vn -0.33691 0.33 -0.88181
vn 0.71901 -0.36864 -0.58917
vn -0.82391 -0.55959 -0.089588
vn 0.20447 -0.94029 0.2721
vn 0.71901 -0.36864 -0.58917
vn 0.20447 -0.94029 0.2721
vn -0.30937 0.012061 -0.95086
vn 0.71901 -0.36864 -0.58917
vn -0.82391 -0.55959 -0.089588
vn -0.30937 0.012061 -0.95086
vn -0.82391 -0.55959 -0.089588
vn 0.20447 -0.94029 0.2721
vn -0.30937 0.012061 -0.95086
vn -0.49403 -0.12611 0.86025
vn -0.60916 0.41354 -0.67669
vn -0.31742 0.88705 0.33524
vn -0.49403 -0.12611 0.86025
vn -0.31742 0.88705 0.33524
vn -0.78577 -0.59963 -0.15168
vn -0.49403 -0.12611 0.86025
vn -0.60916 0.41354 -0.67669
vn -0.78577 -0.59963 -0.15168
vn -0.60916 0.41354 -0.67669
vn -0.31742 0.88705 0.33524
vn -0.78577 -0.59963 -0.15168
vn 0.36234 0.84429 -0.39482
vn -0.3478 -0.5873 -0.73083
vn 0.74244 -0.21976 -0.63284
vn 0.36234 0.84429 -0.39482
vn 0.74244 -0.21976 -0.63284
vn -0.72791 0.47674 -0.49281
vn 0.36234 0.84429 -0.39482
vn -0.3478 -0.5873 -0.73083
vn -0.72791 0.47674 -0.49281
vn -0.3478 -0.5873 -0.73083
vn 0.74244 -0.21976 -0.63284
vn -0.72791 0.47674 -0.49281
vn -0.17281 -0.98053 0.093246
vn -0.82914 0.45522 -0.32452
vn -0.73978 -0.14714 0.65656
vn -0.17281 -0.98053 0.093246
vn -0.73978 -0.14714 0.65656
vn -0.26216 -0.37818 -0.88784
vn -0.17281 -0.98053 0.093246
vn -0.82914 0.45522 -0.32452
vn -0.26216 -0.37818 -0.88784
vn -0.82914 0.45522 -0.32452
vn -0.73978 -0.14714 0.65656
vn -0.26216 -0.37818 -0.88784
vn -0.46918 -0.88293 -0.017559
vn -0.61457 0.69675 0.36991
vn -0.26962 -0.25274 0.92921
vn -0.46918 -0.88293 -0.017559
vn -0.26962 -0.25274 0.92921
vn -0.81413 0.06656 -0.57686
vn -0.46918 -0.88293 -0.017559
vn -0.61457 0.69675 0.36991
vn -0.81413 0.06656 -0.57686
vn -0.61457 0.69675 0.36991
vn -0.26962 -0.25274 0.92921
vn -0.81413 0.06656 -0.57686
vn 0.51478 0.70157 0.49275
vn -0.74481 0.42984 -0.51038
vn 0.37851 0.65601 -0.65298
vn 0.51478 0.70157 0.49275
vn 0.37851 0.65601 -0.65298
vn -0.60854 0.4754 0.63535
vn 0.51478 0.70157 0.49275
vn -0.74481 0.42984 -0.51038
vn -0.60854 0.4754 0.63535
vn -0.74481 0.42984 -0.51038
vn 0.37851 0.65601 -0.65298
vn -0.60854 0.4754 0.63535
vn -0.58042 -0.60948 -0.54005
vn -0.5535 0.45716 0.69616
vn -0.41333 -0.68495 0.6
vn -0.58042 -0.60948 -0.54005
vn -0.41333 -0.68495 0.6
vn -0.72059 0.53264 -0.44389
vn -0.58042 -0.60948 -0.54005
vn -0.5535 0.45716 0.69616
vn -0.72059 0.53264 -0.44389
vn -0.5535 0.45716 0.69616
vn -0.41333 -0.68495 0.6
vn -0.72059 0.53264 -0.44389
vn 0.51751 0.49649 0.69691
vn -0.66253 0.61645 -0.4255
vn 0.48249 0.76564 -0.42544
vn 0.51751 0.49649 0.69691
vn 0.48249 0.76564 -0.42544
vn -0.62752 0.3473 0.69685
vn 0.51751 0.49649 0.69691
vn -0.66253 0.61645 -0.4255
vn -0.62752 0.3473 0.69685
vn -0.66253 0.61645 -0.4255
vn 0.48249 0.76564 -0.42544
vn -0.62752 0.3473 0.69685
vn -0.030047 0.17579 -0.98397
vn -0.92457 -0.18267 0.33436
vn -0.37255 -0.80001 -0.47031
vn -0.030047 0.17579 -0.98397
vn -0.37255 -0.80001 -0.47031
vn -0.58207 0.79313 -0.1793
vn -0.030047 0.17579 -0.98397
vn -0.92457 -0.18267 0.33436
vn -0.58207 0.79313 -0.1793
vn -0.92457 -0.18267 0.33436
vn -0.37255 -0.80001 -0.47031
vn -0.58207 0.79313 -0.1793
vn 0.027752 -0.99939 0.021354
vn -0.51915 0.33591 0.7859
vn 0.44071 -0.30325 0.84488
vn 0.027752 -0.99939 0.021354
vn 0.44071 -0.30325 0.84488
vn -0.93211 -0.36023 -0.037622
vn 0.027752 -0.99939 0.021354
vn -0.51915 0.33591 0.7859
vn -0.93211 -0.36023 -0.037622
vn -0.51915 0.33591 0.7859
vn 0.44071 -0.30325 0.84488
vn -0.93211 -0.36023 -0.037622
vn -0.93896 -0.10388 -0.32797
vn 0.13335 -0.5657 0.81376
vn -0.16892 -0.95863 -0.22911
vn -0.93896 -0.10388 -0.32797
vn -0.16892 -0.95863 -0.22911
vn -0.63669 0.28905 0.7149
vn -0.93896 -0.10388 -0.32797
vn 0.13335 -0.5657 0.81376
vn -0.63669 0.28905 0.7149
vn 0.13335 -0.5657 0.81376
vn -0.16892 -0.95863 -0.22911
vn -0.63669 0.28905 0.7149
vn 0.55261 -0.83154 -0.056318
vn 0.28391 0.53568 0.79526
vn 0.96483 0.24651 -0.091341
vn 0.55261 -0.83154 -0.056318
vn 0.96483 0.24651 -0.091341
vn -0.12831 -0.54237 0.83029
vn 0.55261 -0.83154 -0.056318
vn 0.28391 0.53568 0.79526
vn -0.12831 -0.54237 0.83029
vn 0.28391 0.53568 0.79526
vn 0.96483 0.24651 -0.091341
vn -0.12831 -0.54237 0.83029
vn -0.1569 -0.49705 0.85342
vn 0.98092 0.15125 -0.12215
vn 0.47122 -0.88128 -0.036053
vn -0.1569 -0.49705 0.85342
vn 0.47122 -0.88128 -0.036053
vn 0.3528 0.53549 0.76732
vn -0.1569 -0.49705 0.85342
vn 0.98092 0.15125 -0.12215
vn 0.3528 0.53549 0.76732
vn 0.98092 0.15125 -0.12215
vn 0.47122 -0.88128 -0.036053
vn 0.3528 0.53549 0.76732
vn 0.73158 0.24816 0.63499
vn 0.14539 -0.93356 -0.32761
vn -0.0044867 -0.63022 0.77641
vn 0.73158 0.24816 0.63499
vn -0.0044867 -0.63022 0.77641
vn 0.88146 -0.055184 -0.46903
vn 0.73158 0.24816 0.63499
vn 0.14539 -0.93356 -0.32761
vn 0.88146 -0.055184 -0.46903
vn 0.14539 -0.93356 -0.32761
vn -0.0044867 -0.63022 0.77641
vn 0.88146 -0.055184 -0.46903
vn 0.78493 -0.42112 -0.45446
vn -0.067454 -0.34463 0.93631
vn 0.83585 0.22705 0.4998
vn 0.78493 -0.42112 -0.45446
vn 0.83585 0.22705 0.4998
vn -0.11837 -0.99281 -0.017947
vn 0.78493 -0.42112 -0.45446
vn -0.067454 -0.34463 0.93631
vn -0.11837 -0.99281 -0.017947
vn -0.067454 -0.34463 0.93631
vn 0.83585 0.22705 0.4998
vn -0.11837 -0.99281 -0.017947
vn 0.1136 -0.95814 0.26279
vn 0.85261 0.49495 0.16757
vn 0.73479 -0.40915 -0.54099
vn 0.1136 -0.95814 0.26279
vn 0.73479 -0.40915 -0.54099
vn 0.23142 -0.054039 0.97135
vn 0.1136 -0.95814 0.26279
vn 0.85261 0.49495 0.16757
vn 0.23142 -0.054039 0.97135
vn 0.85261 0.49495 0.16757
vn 0.73479 -0.40915 -0.54099
vn 0.23142 -0.054039 0.97135
vn 0.62964 -0.20542 0.74924
vn 0.34819 -0.40083 -0.84741
vn 0.078081 -0.99113 0.10754
vn 0.62964 -0.20542 0.74924
vn 0.078081 -0.99113 0.10754
vn 0.89975 0.38488 -0.20571
vn 0.62964 -0.20542 0.74924
vn 0.34819 -0.40083 -0.84741
vn 0.89975 0.38488 -0.20571
vn 0.34819 -0.40083 -0.84741
vn 0.078081 -0.99113 0.10754
vn 0.89975 0.38488 -0.20571
vn 0.99571 -0.054561 -0.074703
vn -0.37523 -0.91764 0.13093
vn 0.3758 -0.39747 0.83714
vn 0.99571 -0.054561 -0.074703
vn 0.3758 -0.39747 0.83714
vn 0.24469 -0.57473 -0.78091
vn 0.99571 -0.054561 -0.074703
vn -0.37523 -0.91764 0.13093
vn 0.24469 -0.57473 -0.78091
vn -0.37523 -0.91764 0.13093
vn 0.3758 -0.39747 0.83714
vn 0.24469 -0.57473 -0.78091
vn 0.44068 -0.70583 -0.55462
vn 0.30431 -0.083387 0.94892
vn 0.99259 0.1137 0.042957
vn 0.44068 -0.70583 -0.55462
vn 0.99259 0.1137 0.042957
vn -0.2476 -0.90292 0.35134
vn 0.44068 -0.70583 -0.55462
vn 0.30431 -0.083387 0.94892
vn -0.2476 -0.90292 0.35134
vn 0.30431 -0.083387 0.94892
vn 0.99259 0.1137 0.042957
vn -0.2476 -0.90292 0.35134
vn 0.065777 -0.89995 0.43101
vn 0.91774 0.33616 -0.21154
vn 0.45236 -0.63651 -0.62468
vn 0.065777 -0.89995 0.43101
vn 0.45236 -0.63651 -0.62468
vn 0.53116 0.072715 0.84415
vn 0.065777 -0.89995 0.43101
vn 0.91774 0.33616 -0.21154
vn 0.53116 0.072715 0.84415
vn 0.91774 0.33616 -0.21154
vn 0.45236 -0.63651 -0.62468
vn 0.53116 0.072715 0.84415
vn 0.65551 -0.12289 0.74512
vn 0.1466 -0.70609 -0.69278
vn -0.1283 -0.90238 0.41141
vn 0.65551 -0.12289 0.74512
vn -0.1283 -0.90238 0.41141
vn 0.93042 0.0734 -0.35907
vn 0.65551 -0.12289 0.74512
vn 0.1466 -0.70609 -0.69278
vn 0.93042 0.0734 -0.35907
vn 0.1466 -0.70609 -0.69278
vn -0.1283 -0.90238 0.41141
vn 0.93042 0.0734 -0.35907
vn 0.87549 -0.34283 -0.34055
vn -0.39063 -0.66134 0.64034
vn 0.6276 -0.13178 0.7673
vn 0.87549 -0.34283 -0.34055
vn 0.6276 -0.13178 0.7673
vn -0.14273 -0.87239 -0.46751
vn 0.87549 -0.34283 -0.34055
vn -0.39063 -0.66134 0.64034
vn -0.14273 -0.87239 -0.46751
vn -0.39063 -0.66134 0.64034
vn 0.6276 -0.13178 0.7673
vn -0.14273 -0.87239 -0.46751
vn 0.16565 -0.93222 -0.32175
vn 0.67612 0.23692 0.69766
vn 0.91811 -0.059168 -0.39188
vn 0.16565 -0.93222 -0.32175
vn 0.91811 -0.059168 -0.39188
vn -0.076342 -0.63614 0.76779
vn 0.16565 -0.93222 -0.32175
vn 0.67612 0.23692 0.69766
vn -0.076342 -0.63614 0.76779
vn 0.67612 0.23692 0.69766
vn 0.91811 -0.059168 -0.39188
vn -0.076342 -0.63614 0.76779
vn 0.29957 -0.78499 0.54226
vn 0.71427 0.24413 -0.65591
vn 0.17566 -0.77603 -0.60574
vn 0.29957 -0.78499 0.54226
vn 0.17566 -0.77603 -0.60574
vn 0.83818 0.23516 0.49209
vn 0.29957 -0.78499 0.54226
vn 0.71427 0.24413 -0.65591
vn 0.83818 0.23516 0.49209
vn 0.71427 0.24413 -0.65591
vn 0.17566 -0.77603 -0.60574
vn 0.83818 0.23516 0.49209
vn 0.88732 0.059177 0.45734
vn -0.089093 -0.89337 -0.4404
vn 0.067852 -0.72023 0.69041
vn 0.88732 0.059177 0.45734
vn 0.067852 -0.72023 0.69041
vn 0.73038 -0.11396 -0.67347
vn 0.88732 0.059177 0.45734
vn -0.089093 -0.89337 -0.4404
vn 0.73038 -0.11396 -0.67347
vn -0.089093 -0.89337 -0.4404
vn 0.067852 -0.72023 0.69041
vn 0.73038 -0.11396 -0.67347
vn -0.72111 -0.11678 0.68291
vn -0.40488 0.0076002 -0.91434
vn -0.65097 0.75587 -0.070021
vn -0.72111 -0.11678 0.68291
vn -0.65097 0.75587 -0.070021
vn -0.47502 -0.86505 -0.16141
vn -0.72111 -0.11678 0.68291
vn -0.40488 0.0076002 -0.91434
vn -0.47502 -0.86505 -0.16141
vn -0.40488 0.0076002 -0.91434
vn -0.65097 0.75587 -0.070021
vn -0.47502 -0.86505 -0.16141
vn 0.22199 -0.83676 -0.50055
vn -0.99182 0.12692 0.013904
vn -0.42986 -0.78219 0.451
vn 0.22199 -0.83676 -0.50055
vn -0.42986 -0.78219 0.451
vn -0.33997 0.072351 -0.93765
vn 0.22199 -0.83676 -0.50055
vn -0.99182 0.12692 0.013904
vn -0.33997 0.072351 -0.93765
vn -0.99182 0.12692 0.013904
vn -0.42986 -0.78219 0.451
vn -0.33997 0.072351 -0.93765
vn -0.21432 0.97628 -0.030627
vn -0.15275 -0.40327 -0.90224
vn 0.59 0.44992 -0.67043
vn -0.21432 0.97628 -0.030627
vn 0.59 0.44992 -0.67043
vn -0.95706 0.1231 -0.26244
vn -0.21432 0.97628 -0.030627
vn -0.15275 -0.40327 -0.90224
vn -0.95706 0.1231 -0.26244
vn -0.15275 -0.40327 -0.90224
vn 0.59 0.44992 -0.67043
vn -0.95706 0.1231 -0.26244
vn -0.91935 -0.36508 -0.14663
vn 0.26196 0.56702 -0.78094
vn -0.64761 0.75601 -0.095159
vn -0.91935 -0.36508 -0.14663
vn -0.64761 0.75601 -0.095159
vn -0.0097823 -0.55407 -0.83241
vn -0.91935 -0.36508 -0.14663
vn 0.26196 0.56702 -0.78094
vn -0.0097823 -0.55407 -0.83241
vn 0.26196 0.56702 -0.78094
vn -0.64761 0.75601 -0.095159
vn -0.0097823 -0.55407 -0.83241
vn 0.46643 -0.65121 -0.59864
vn -0.82308 0.34031 -0.45467
vn -0.61117 -0.76583 -0.19993
vn 0.46643 -0.65121 -0.59864
vn -0.61117 -0.76583 -0.19993
vn 0.25452 0.45493 -0.85338
vn 0.46643 -0.65121 -0.59864
vn -0.82308 0.34031 -0.45467
vn 0.25452 0.45493 -0.85338
vn -0.82308 0.34031 -0.45467
vn -0.61117 -0.76583 -0.19993
vn 0.25452 0.45493 -0.85338
vn -0.78587 -0.61358 -0.076996
vn -0.32086 0.93633 0.14257
vn -0.54005 0.042953 0.84054
vn -0.78587 -0.61358 -0.076996
vn -0.54005 0.042953 0.84054
vn -0.56669 0.2798 -0.77497
vn -0.78587 -0.61358 -0.076996
vn -0.32086 0.93633 0.14257
vn -0.56669 0.2798 -0.77497
vn -0.32086 0.93633 0.14257
vn -0.54005 0.042953 0.84054
vn -0.56669 0.2798 -0.77497
vn 0.76925 0.49821 0.40005
vn -0.4424 0.56998 -0.69239
vn 0.65964 0.2261 -0.71677
vn 0.76925 0.49821 0.40005
vn 0.65964 0.2261 -0.71677
vn -0.33278 0.84209 0.42443
vn 0.76925 0.49821 0.40005
vn -0.4424 0.56998 -0.69239
vn -0.33278 0.84209 0.42443
vn -0.4424 0.56998 -0.69239
vn 0.65964 0.2261 -0.71677
vn -0.33278 0.84209 0.42443
vn -0.59225 -0.56745 -0.57205
vn -0.55427 0.67506 0.48691
vn -0.66841 -0.47053 0.57605
vn -0.59225 -0.56745 -0.57205
vn -0.66841 -0.47053 0.57605
vn -0.47811 0.57813 -0.66119
vn -0.59225 -0.56745 -0.57205
vn -0.55427 0.67506 0.48691
vn -0.47811 0.57813 -0.66119
vn -0.55427 0.67506 0.48691
vn -0.66841 -0.47053 0.57605
vn -0.47811 0.57813 -0.66119
vn 0.37234 0.44526 0.81432
vn -0.3279 0.69528 -0.63958
vn 0.75917 0.59527 -0.26327
vn 0.37234 0.44526 0.81432
vn 0.75917 0.59527 -0.26327
vn -0.71473 0.54526 0.438
vn 0.37234 0.44526 0.81432
vn -0.3279 0.69528 -0.63958
vn -0.71473 0.54526 0.438
vn -0.3279 0.69528 -0.63958
vn 0.75917 0.59527 -0.26327
vn -0.71473 0.54526 0.438
vn -0.59762 -0.4082 -0.69009
vn -0.49354 0.72371 0.48235
vn -0.80758 -0.38685 0.44516
vn -0.59762 -0.4082 -0.69009
vn -0.80758 -0.38685 0.44516
vn -0.28359 0.70235 -0.6529
vn -0.59762 -0.4082 -0.69009
vn -0.49354 0.72371 0.48235
vn -0.28359 0.70235 -0.6529
vn -0.49354 0.72371 0.48235
vn -0.80758 -0.38685 0.44516
vn -0.28359 0.70235 -0.6529
vn -0.070592 0.0774 0.9945
vn 0.39841 0.83832 -0.37214
vn 0.91087 0.13748 0.38913
vn -0.070592 0.0774 0.9945
vn 0.91087 0.13748 0.38913
vn -0.58305 0.77824 0.23322
vn -0.070592 0.0774 0.9945
vn 0.39841 0.83832 -0.37214
vn -0.58305 0.77824 0.23322
vn 0.39841 0.83832 -0.37214
vn 0.91087 0.13748 0.38913
vn -0.58305 0.77824 0.23322
vn -0.77146 0.63509 -0.038968
vn 0.6347 0.29007 0.71626
vn -0.47211 0.0054644 0.88152
vn -0.77146 0.63509 -0.038968
vn -0.47211 0.0054644 0.88152
vn 0.33535 0.91969 -0.20423
vn -0.77146 0.63509 -0.038968
vn 0.6347 0.29007 0.71626
vn 0.33535 0.91969 -0.20423
vn 0.6347 0.29007 0.71626
vn -0.47211 0.0054644 0.88152
vn 0.33535 0.91969 -0.20423
vn 0.70773 0.66218 -0.24625
vn -0.57507 0.38056 0.7242
vn -0.43013 0.8426 -0.32406
vn 0.70773 0.66218 -0.24625
vn -0.43013 0.8426 -0.32406
vn 0.56279 0.20014 0.80201
vn 0.70773 0.66218 -0.24625
vn -0.57507 0.38056 0.7242
vn 0.56279 0.20014 0.80201
vn -0.57507 0.38056 0.7242
vn -0.43013 0.8426 -0.32406
vn 0.56279 0.20014 0.80201
vn 0.0096359 -0.79142 0.61119
vn 0.23421 0.82331 0.51702
vn 0.91207 -0.10371 0.39671
vn 0.0096359 -0.79142 0.61119
vn 0.91207 -0.10371 0.39671
vn -0.66822 0.1356 0.7315
vn 0.0096359 -0.79142 0.61119
vn 0.23421 0.82331 0.51702
vn -0.66822 0.1356 0.7315
vn 0.23421 0.82331 0.51702
vn 0.91207 -0.10371 0.39671
vn -0.66822 0.1356 0.7315
vn 0.96417 0.23444 0.12418
vn -0.52313 0.83064 -0.19072
vn 0.34857 0.42955 -0.83306
vn 0.96417 0.23444 0.12418
vn 0.34857 0.42955 -0.83306
vn 0.092464 0.63553 0.76652
vn 0.96417 0.23444 0.12418
vn -0.52313 0.83064 -0.19072
vn 0.092464 0.63553 0.76652
vn -0.52313 0.83064 -0.19072
vn 0.34857 0.42955 -0.83306
vn 0.092464 0.63553 0.76652
vn -0.0032846 -0.046955 -0.99889
vn -0.90396 0.27962 0.32353
vn -0.68235 -0.66657 -0.30013
vn -0.0032846 -0.046955 -0.99889
vn -0.68235 -0.66657 -0.30013
vn -0.22489 0.89923 -0.37523
vn -0.0032846 -0.046955 -0.99889
vn -0.90396 0.27962 0.32353
vn -0.22489 0.89923 -0.37523
vn -0.90396 0.27962 0.32353
vn -0.68235 -0.66657 -0.30013
vn -0.22489 0.89923 -0.37523
vn -0.31826 -0.86512 0.38767
vn -0.29474 0.75577 0.58476
vn 0.38534 -0.11689 0.91534
vn -0.31826 -0.86512 0.38767
vn 0.38534 -0.11689 0.91534
vn -0.99834 0.007542 0.057085
vn -0.31826 -0.86512 0.38767
vn -0.29474 0.75577 0.58476
vn -0.99834 0.007542 0.057085
vn -0.29474 0.75577 0.58476
vn 0.38534 -0.11689 0.91534
vn -0.99834 0.007542 0.057085
vn 0.7835 0.62138 -0.0048489
vn -0.82128 0.49693 -0.28029
vn 0.12985 0.36552 -0.9217
vn 0.7835 0.62138 -0.0048489
vn 0.12985 0.36552 -0.9217
vn -0.16764 0.75278 0.63656
vn 0.7835 0.62138 -0.0048489
vn -0.82128 0.49693 -0.28029
vn -0.16764 0.75278 0.63656
vn -0.82128 0.49693 -0.28029
vn 0.12985 0.36552 -0.9217
vn -0.16764 0.75278 0.63656
vn 0.057423 -0.033997 0.99777
vn -0.48002 0.83201 -0.2781
vn 0.49945 0.79996 0.33259
vn 0.057423 -0.033997 0.99777
vn 0.49945 0.79996 0.33259
vn -0.92205 -0.0019413 0.38708
vn 0.057423 -0.033997 0.99777
vn -0.48002 0.83201 -0.2781
vn -0.92205 -0.0019413 0.38708
vn -0.48002 0.83201 -0.2781
vn 0.49945 0.79996 0.33259
vn -0.92205 -0.0019413 0.38708
vn -0.57606 -0.79501 -0.19005
vn 0.0050502 0.1805 0.98356
vn 0.36197 -0.79711 0.48332
vn -0.57606 -0.79501 -0.19005
vn 0.36197 -0.79711 0.48332
vn -0.93298 0.18259 0.31019
vn -0.57606 -0.79501 -0.19005
vn 0.0050502 0.1805 0.98356
vn -0.93298 0.18259 0.31019
vn 0.0050502 0.1805 0.98356
vn 0.36197 -0.79711 0.48332
vn -0.93298 0.18259 0.31019
vn -0.73413 0.51205 0.44593
vn 0.043703 -0.92244 0.38365
vn -0.87158 -0.46599 -0.1523
vn -0.73413 0.51205 0.44593
vn -0.87158 -0.46599 -0.1523
vn 0.18115 0.055599 0.98188
vn -0.73413 0.51205 0.44593
vn 0.043703 -0.92244 0.38365
vn 0.18115 0.055599 0.98188
vn 0.043703 -0.92244 0.38365
vn -0.87158 -0.46599 -0.1523
vn 0.18115 0.055599 0.98188
vn 0.87085 -0.38811 -0.30164
vn -0.046394 -0.021425 0.99869
vn 0.7535 0.53631 0.38028
vn 0.87085 -0.38811 -0.30164
vn 0.7535 0.53631 0.38028
vn 0.070961 -0.94584 0.31677
vn 0.87085 -0.38811 -0.30164
vn -0.046394 -0.021425 0.99869
vn 0.070961 -0.94584 0.31677
vn -0.046394 -0.021425 0.99869
vn 0.7535 0.53631 0.38028
vn 0.070961 -0.94584 0.31677
vn 0.39646 0.86486 -0.30795
vn -0.4559 0.13672 0.87947
vn -0.7249 0.68116 -0.10265
vn 0.39646 0.86486 -0.30795
vn -0.7249 0.68116 -0.10265
vn 0.66545 0.32042 0.67417
vn 0.39646 0.86486 -0.30795
vn -0.4559 0.13672 0.87947
vn 0.66545 0.32042 0.67417
vn -0.4559 0.13672 0.87947
vn -0.7249 0.68116 -0.10265
vn 0.66545 0.32042 0.67417
vn -0.78668 0.60038 0.1438
vn 0.53255 -0.059623 0.84429
vn -0.57347 -0.37115 0.73032
vn -0.78668 0.60038 0.1438
vn -0.57347 -0.37115 0.73032
vn 0.31935 0.91191 0.25777
vn -0.78668 0.60038 0.1438
vn 0.53255 -0.059623 0.84429
vn 0.31935 0.91191 0.25777
vn 0.53255 -0.059623 0.84429
vn -0.57347 -0.37115 0.73032
vn 0.31935 0.91191 0.25777
vn 0.22888 -0.97215 -0.050388
vn 0.79993 0.54431 -0.25267
vn 0.27792 -0.2291 -0.93288
vn 0.22888 -0.97215 -0.050388
vn 0.27792 -0.2291 -0.93288
vn 0.75088 -0.19874 0.62982
vn 0.22888 -0.97215 -0.050388
vn 0.79993 0.54431 -0.25267
vn 0.75088 -0.19874 0.62982
vn 0.79993 0.54431 -0.25267
vn 0.27792 -0.2291 -0.93288
vn 0.75088 -0.19874 0.62982
vn -0.32582 0.3111 -0.89278
vn -0.13116 0.7266 0.67443
vn -0.97198 0.22714 0.060508
vn -0.32582 0.3111 -0.89278
vn -0.97198 0.22714 0.060508
vn 0.515 0.81056 -0.27886
vn -0.32582 0.3111 -0.89278
vn -0.13116 0.7266 0.67443
vn 0.515 0.81056 -0.27886
vn -0.13116 0.7266 0.67443
vn -0.97198 0.22714 0.060508
vn 0.515 0.81056 -0.27886
vn 0.53392 0.7776 0.33206
vn -0.87999 0.32391 -0.34742
vn 0.15408 0.64318 -0.75006
vn 0.53392 0.7776 0.33206
vn 0.15408 0.64318 -0.75006
vn -0.50015 0.45834 0.7347
vn 0.53392 0.7776 0.33206
vn -0.87999 0.32391 -0.34742
vn -0.50015 0.45834 0.7347
vn -0.87999 0.32391 -0.34742
vn 0.15408 0.64318 -0.75006
vn -0.50015 0.45834 0.7347
vn -0.051116 0.92063 0.38707
vn 0.0054188 0.057957 -0.9983
vn 0.79252 0.53167 -0.29873
vn -0.051116 0.92063 0.38707
vn 0.79252 0.53167 -0.29873
vn -0.83822 0.44692 -0.3125
vn -0.051116 0.92063 0.38707
vn 0.0054188 0.057957 -0.9983
vn -0.83822 0.44692 -0.3125
vn 0.0054188 0.057957 -0.9983
vn 0.79252 0.53167 -0.29873
vn -0.83822 0.44692 -0.3125
vn -0.5068 0.60648 -0.61265
vn 0.89648 0.39742 0.1959
vn -0.11891 0.89161 0.43691
vn -0.5068 0.60648 -0.61265
vn -0.11891 0.89161 0.43691
vn 0.50859 0.11229 -0.85365
vn -0.5068 0.60648 -0.61265
vn 0.89648 0.39742 0.1959
vn 0.50859 0.11229 -0.85365
vn 0.89648 0.39742 0.1959
vn -0.11891 0.89161 0.43691
vn 0.50859 0.11229 -0.85365
vn 0.41873 0.69101 -0.58921
vn -0.44708 0.44846 0.77395
vn -0.70617 0.62226 -0.3378
vn 0.41873 0.69101 -0.58921
vn -0.70617 0.62226 -0.3378
vn 0.67782 0.51721 0.52255
vn 0.41873 0.69101 -0.58921
vn -0.44708 0.44846 0.77395
vn 0.67782 0.51721 0.52255
vn -0.44708 0.44846 0.77395
vn -0.70617 0.62226 -0.3378
vn 0.67782 0.51721 0.52255
vn 0.4042 0.792 0.45756
vn -0.71665 0.30673 -0.62636
vn 0.39493 0.61409 -0.68332
vn 0.4042 0.792 0.45756
vn 0.39493 0.61409 -0.68332
vn -0.70739 0.48464 0.51452
vn 0.4042 0.792 0.45756
vn -0.71665 0.30673 -0.62636
vn -0.70739 0.48464 0.51452
vn -0.71665 0.30673 -0.62636
vn 0.39493 0.61409 -0.68332
vn -0.70739 0.48464 0.51452
vn -0.63489 0.7316 0.24834
vn 0.61253 0.32111 -0.72229
vn 0.51551 0.79176 0.32767
vn -0.63489 0.7316 0.24834
vn 0.51551 0.79176 0.32767
vn -0.53787 0.26096 -0.80162
vn -0.63489 0.7316 0.24834
vn 0.61253 0.32111 -0.72229
vn -0.53787 0.26096 -0.80162
vn 0.61253 0.32111 -0.72229
vn 0.51551 0.79176 0.32767
vn -0.53787 0.26096 -0.80162
vn -0.17104 0.97987 -0.10297
vn 0.94089 -0.14371 0.30672
vn 0.13746 0.45655 0.87902
vn -0.17104 0.97987 -0.10297
vn 0.13746 0.45655 0.87902
vn 0.63239 0.37961 -0.67526
vn -0.17104 0.97987 -0.10297
vn 0.94089 -0.14371 0.30672
vn 0.63239 0.37961 -0.67526
vn 0.94089 -0.14371 0.30672
vn 0.13746 0.45655 0.87902
vn 0.63239 0.37961 -0.67526
vn -0.081466 -0.0094826 -0.99663
vn 0.78094 0.56548 0.26524
vn -0.13616 0.93333 -0.33221
vn -0.081466 -0.0094826 -0.99663
vn -0.13616 0.93333 -0.33221
vn 0.83563 -0.37732 -0.39918
vn -0.081466 -0.0094826 -0.99663
vn 0.78094 0.56548 0.26524
vn 0.83563 -0.37732 -0.39918
vn 0.78094 0.56548 0.26524
vn -0.13616 0.93333 -0.33221
vn 0.83563 -0.37732 -0.39918
vn 0.64303 0.38941 0.65945
vn 0.50014 -0.55194 -0.66725
vn 0.4814 -0.73848 0.47213
vn 0.64303 0.38941 0.65945
vn 0.4814 -0.73848 0.47213
vn 0.66178 0.57594 -0.47993
vn 0.64303 0.38941 0.65945
vn 0.50014 -0.55194 -0.66725
vn 0.66178 0.57594 -0.47993
vn 0.50014 -0.55194 -0.66725
vn 0.4814 -0.73848 0.47213
vn 0.66178 0.57594 -0.47993
vn 0.60888 -0.75368 0.24743
vn -0.71919 -0.33803 -0.60704
vn -0.52381 -0.71184 0.46787
vn 0.60888 -0.75368 0.24743
vn -0.52381 -0.71184 0.46787
vn 0.4135 -0.37987 -0.82747
vn 0.60888 -0.75368 0.24743
vn -0.71919 -0.33803 -0.60704
vn 0.4135 -0.37987 -0.82747
vn -0.71919 -0.33803 -0.60704
vn -0.52381 -0.71184 0.46787
vn 0.4135 -0.37987 -0.82747
vn -0.14974 -0.38231 -0.91182
vn -0.058366 -0.72982 0.68115
vn 0.69777 -0.69048 -0.19065
vn -0.14974 -0.38231 -0.91182
vn 0.69777 -0.69048 -0.19065
vn -0.90588 -0.42164 -0.04002
vn -0.14974 -0.38231 -0.91182
vn -0.058366 -0.72982 0.68115
vn -0.90588 -0.42164 -0.04002
vn -0.058366 -0.72982 0.68115
vn 0.69777 -0.69048 -0.19065
vn -0.90588 -0.42164 -0.04002
vn -0.42658 -0.84399 -0.32513
vn 0.98792 -0.047572 -0.14747
vn 0.18628 -0.11313 -0.97596
vn -0.42658 -0.84399 -0.32513
vn 0.18628 -0.11313 -0.97596
vn 0.37506 -0.77843 0.50337
vn -0.42658 -0.84399 -0.32513
vn 0.98792 -0.047572 -0.14747
vn 0.37506 -0.77843 0.50337
vn 0.98792 -0.047572 -0.14747
vn 0.18628 -0.11313 -0.97596
vn 0.37506 -0.77843 0.50337
vn 0.39943 -0.91501 0.056646
vn -0.033019 0.29068 -0.95625
vn -0.56029 -0.64133 -0.52419
vn 0.39943 -0.91501 0.056646
vn -0.56029 -0.64133 -0.52419
vn 0.9267 0.017003 -0.37541
vn 0.39943 -0.91501 0.056646
vn -0.033019 0.29068 -0.95625
vn 0.9267 0.017003 -0.37541
vn -0.033019 0.29068 -0.95625
vn -0.56029 -0.64133 -0.52419
vn 0.9267 0.017003 -0.37541
vn 0.75246 -0.3787 -0.53888
vn -0.86319 -0.40397 -0.30283
vn 0.033841 -0.99152 0.12549
vn 0.75246 -0.3787 -0.53888
vn 0.033841 -0.99152 0.12549
vn -0.14458 0.20884 -0.9672
vn 0.75246 -0.3787 -0.53888
vn -0.86319 -0.40397 -0.30283
vn -0.14458 0.20884 -0.9672
vn -0.86319 -0.40397 -0.30283
vn 0.033841 -0.99152 0.12549
vn -0.14458 0.20884 -0.9672
vn -0.42739 0.52822 -0.73371
vn 0.35361 -0.85905 -0.37012
vn 0.67827 0.19626 -0.70812
vn -0.42739 0.52822 -0.73371
vn 0.67827 0.19626 -0.70812
vn -0.75205 -0.5271 -0.39571
vn -0.42739 0.52822 -0.73371
vn 0.35361 -0.85905 -0.37012
vn -0.75205 -0.5271 -0.39571
vn 0.35361 -0.85905 -0.37012
vn 0.67827 0.19626 -0.70812
vn -0.75205 -0.5271 -0.39571
vn -0.26909 -0.063796 -0.961
vn 0.95402 0.29364 0.060233
vn 0.10141 0.89487 -0.43466
vn -0.26909 -0.063796 -0.961
vn 0.10141 0.89487 -0.43466
vn 0.58352 -0.66502 -0.46611
vn -0.26909 -0.063796 -0.961
vn 0.95402 0.29364 0.060233
vn 0.58352 -0.66502 -0.46611
vn 0.95402 0.29364 0.060233
vn 0.10141 0.89487 -0.43466
vn 0.58352 -0.66502 -0.46611
vn 0.70947 -0.61834 0.3381
vn 0.20362 0.25599 -0.94499
vn 0.025465 -0.82141 -0.56977
vn 0.70947 -0.61834 0.3381
vn 0.025465 -0.82141 -0.56977
vn 0.88762 0.45907 -0.037118
vn 0.70947 -0.61834 0.3381
vn 0.20362 0.25599 -0.94499
vn 0.88762 0.45907 -0.037118
vn 0.20362 0.25599 -0.94499
vn 0.025465 -0.82141 -0.56977
vn 0.88762 0.45907 -0.037118
vn 0.62896 -0.575 -0.52324
vn -0.82625 0.16581 -0.53835
vn -0.44186 -0.87224 -0.20967
vn 0.62896 -0.575 -0.52324
vn -0.44186 -0.87224 -0.20967
vn 0.24457 0.46305 -0.85192
vn 0.62896 -0.575 -0.52324
vn -0.82625 0.16581 -0.53835
vn 0.24457 0.46305 -0.85192
vn -0.82625 0.16581 -0.53835
vn -0.44186 -0.87224 -0.20967
vn 0.24457 0.46305 -0.85192
vn -0.34226 -0.91566 -0.21079
vn -0.76869 0.63624 0.065684
vn -0.61953 -0.2995 0.72559
vn -0.34226 -0.91566 -0.21079
vn -0.61953 -0.2995 0.72559
vn -0.49141 0.020084 -0.87069
vn -0.34226 -0.91566 -0.21079
vn -0.76869 0.63624 0.065684
vn -0.49141 0.020084 -0.87069
vn -0.76869 0.63624 0.065684
vn -0.61953 -0.2995 0.72559
vn -0.49141 0.020084 -0.87069
vn -0.28947 -0.57344 -0.7664
vn -0.73461 0.047538 0.67683
vn -0.20747 -0.9202 0.33194
vn -0.28947 -0.57344 -0.7664
vn -0.20747 -0.9202 0.33194
vn -0.81661 0.3943 -0.42152
vn -0.28947 -0.57344 -0.7664
vn -0.73461 0.047538 0.67683
vn -0.81661 0.3943 -0.42152
vn -0.73461 0.047538 0.67683
vn -0.20747 -0.9202 0.33194
vn -0.81661 0.3943 -0.42152
vn -0.95367 0.24343 -0.17676
vn 0.05808 -0.96982 0.23681
vn -0.34926 -0.54988 -0.75871
vn -0.95367 0.24343 -0.17676
vn -0.34926 -0.54988 -0.75871
vn -0.54634 -0.1765 0.81876
vn -0.95367 0.24343 -0.17676
vn 0.05808 -0.96982 0.23681
vn -0.54634 -0.1765 0.81876
vn 0.05808 -0.96982 0.23681
vn -0.34926 -0.54988 -0.75871
vn -0.54634 -0.1765 0.81876
vn 0.88106 -0.16168 0.44451
vn -0.739 -0.18213 0.64862
vn 0.09174 0.60749 0.78901
vn 0.88106 -0.16168 0.44451
vn 0.09174 0.60749 0.78901
vn 0.050325 -0.9513 0.30413
vn 0.88106 -0.16168 0.44451
vn -0.739 -0.18213 0.64862
vn 0.050325 -0.9513 0.30413
vn -0.739 -0.18213 0.64862
vn 0.09174 0.60749 0.78901
vn 0.050325 -0.9513 0.30413
vn 0.14931 0.70675 0.69153
vn -0.94558 0.043618 -0.32245
vn -0.17466 0.89978 -0.39986
vn 0.14931 0.70675 0.69153
vn -0.17466 0.89978 -0.39986
vn -0.62162 -0.14941 0.76894
vn 0.14931 0.70675 0.69153
vn -0.94558 0.043618 -0.32245
vn -0.62162 -0.14941 0.76894
vn -0.94558 0.043618 -0.32245
vn -0.17466 0.89978 -0.39986
vn -0.62162 -0.14941 0.76894
vn 0.1568 0.71287 -0.68355
vn -0.45526 -0.77969 -0.42991
vn 0.57773 -0.36129 -0.73191
vn 0.1568 0.71287 -0.68355
vn 0.57773 -0.36129 -0.73191
vn -0.87619 0.29446 -0.38154
vn 0.1568 0.71287 -0.68355
vn -0.45526 -0.77969 -0.42991
vn -0.87619 0.29446 -0.38154
vn -0.45526 -0.77969 -0.42991
vn 0.57773 -0.36129 -0.73191
vn -0.87619 0.29446 -0.38154
vn 0.79557 -0.48266 -0.3662
vn -0.64061 -0.66135 0.39018
vn 0.45032 -0.50633 0.73542
vn 0.79557 -0.48266 -0.3662
vn 0.45032 -0.50633 0.73542
vn -0.29535 -0.63767 -0.71144
vn 0.79557 -0.48266 -0.3662
vn -0.64061 -0.66135 0.39018
vn -0.29535 -0.63767 -0.71144
vn -0.64061 -0.66135 0.39018
vn 0.45032 -0.50633 0.73542
vn -0.29535 -0.63767 -0.71144
vn -0.18556 0.26885 0.94514
vn -0.86425 -0.16156 -0.47641
vn -0.54623 0.83761 0.0071783
vn -0.18556 0.26885 0.94514
vn -0.54623 0.83761 0.0071783
vn -0.50359 -0.73032 0.46155
vn -0.18556 0.26885 0.94514
vn -0.86425 -0.16156 -0.47641
vn -0.50359 -0.73032 0.46155
vn -0.86425 -0.16156 -0.47641
vn -0.54623 0.83761 0.0071783
vn -0.50359 -0.73032 0.46155
vn -0.038933 0.16638 -0.98529
vn -0.30784 -0.93162 0.19316
vn 0.59373 -0.65181 -0.47183
vn -0.038933 0.16638 -0.98529
vn 0.59373 -0.65181 -0.47183
vn -0.9405 -0.11344 -0.3203
vn -0.038933 0.16638 -0.98529
vn -0.30784 -0.93162 0.19316
vn -0.9405 -0.11344 -0.3203
vn -0.30784 -0.93162 0.19316
vn 0.59373 -0.65181 -0.47183
vn -0.9405 -0.11344 -0.3203
vn 0.66121 -0.66455 0.3481
vn -0.8251 -0.023667 0.56449
vn 0.23579 0.22787 0.94471
vn 0.66121 -0.66455 0.3481
vn 0.23579 0.22787 0.94471
vn -0.39969 -0.91609 -0.032112
vn 0.66121 -0.66455 0.3481
vn -0.8251 -0.023667 0.56449
vn -0.39969 -0.91609 -0.032112
vn -0.8251 -0.023667 0.56449
vn 0.23579 0.22787 0.94471
vn -0.39969 -0.91609 -0.032112
vn -0.34116 -0.9377 -0.065811
vn 0.46479 0.12486 0.87657
vn 0.76654 -0.63892 0.064831
vn -0.34116 -0.9377 -0.065811
vn 0.76654 -0.63892 0.064831
vn -0.64291 -0.17392 0.74593
vn -0.34116 -0.9377 -0.065811
vn 0.46479 0.12486 0.87657
vn -0.64291 -0.17392 0.74593
vn 0.46479 0.12486 0.87657
vn 0.76654 -0.63892 0.064831
vn -0.64291 -0.17392 0.74593
vn -0.61053 0.24379 0.75354
vn 0.38403 -0.90885 0.16283
vn -0.74073 -0.66924 0.058726
vn -0.61053 0.24379 0.75354
vn -0.74073 -0.66924 0.058726
vn 0.51423 0.0041773 0.85764
vn -0.61053 0.24379 0.75354
vn 0.38403 -0.90885 0.16283
vn 0.51423 0.0041773 0.85764
vn 0.38403 -0.90885 0.16283
vn -0.74073 -0.66924 0.058726
vn 0.51423 0.0041773 0.85764
vn -0.091779 -0.66398 -0.74209
vn 0.96865 0.1351 0.2085
vn 0.4715 0.34151 -0.81306
vn -0.091779 -0.66398 -0.74209
vn 0.4715 0.34151 -0.81306
vn 0.40537 -0.87039 0.27946
vn -0.091779 -0.66398 -0.74209
vn 0.96865 0.1351 0.2085
vn 0.40537 -0.87039 0.27946
vn 0.96865 0.1351 0.2085
vn 0.4715 0.34151 -0.81306
vn 0.40537 -0.87039 0.27946
vn 0.54836 -0.80732 0.21804
vn 0.18629 0.28553 -0.94009
vn -0.23603 -0.74251 -0.62687
vn 0.54836 -0.80732 0.21804
vn -0.23603 -0.74251 -0.62687
vn 0.97068 0.22073 -0.095185
vn 0.54836 -0.80732 0.21804
vn 0.18629 0.28553 -0.94009
vn 0.97068 0.22073 -0.095185
vn 0.18629 0.28553 -0.94009
vn -0.23603 -0.74251 -0.62687
vn 0.97068 0.22073 -0.095185
vn 0.63142 0.72759 -0.26818
vn 0.33704 -0.87692 -0.34267
vn 0.90381 -0.18376 0.38647
vn 0.63142 0.72759 -0.26818
vn 0.90381 -0.18376 0.38647
vn 0.064642 0.034439 -0.99731
vn 0.63142 0.72759 -0.26818
vn 0.33704 -0.87692 -0.34267
vn 0.064642 0.034439 -0.99731
vn 0.33704 -0.87692 -0.34267
vn 0.90381 -0.18376 0.38647
vn 0.064642 0.034439 -0.99731
vn -0.33253 -0.79272 0.5109
vn -0.35005 -0.035936 -0.93604
vn -0.9998 0.010115 0.01739
vn -0.33253 -0.79272 0.5109
vn -0.9998 0.010115 0.01739
vn 0.31722 -0.83877 -0.44254
vn -0.33253 -0.79272 0.5109
vn -0.35005 -0.035936 -0.93604
vn 0.31722 -0.83877 -0.44254
vn -0.35005 -0.035936 -0.93604
vn -0.9998 0.010115 0.01739
vn 0.31722 -0.83877 -0.44254
vn 0.44483 0.56289 -0.69662
vn 0.031963 -0.96032 -0.27706
vn 0.95281 -0.28616 -0.10131
vn 0.44483 0.56289 -0.69662
vn 0.95281 -0.28616 -0.10131
vn -0.47602 -0.11126 -0.87237
vn 0.44483 0.56289 -0.69662
vn 0.031963 -0.96032 -0.27706
vn -0.47602 -0.11126 -0.87237
vn 0.031963 -0.96032 -0.27706
vn 0.95281 -0.28616 -0.10131
vn -0.47602 -0.11126 -0.87237
vn 0.0053953 0.043257 -0.99905
vn 0.36502 -0.88221 0.29742
vn 0.93736 -0.10227 -0.33302
vn 0.0053953 0.043257 -0.99905
vn 0.93736 -0.10227 -0.33302
vn -0.56694 -0.73669 -0.36861
vn 0.0053953 0.043257 -0.99905
vn 0.36502 -0.88221 0.29742
vn -0.56694 -0.73669 -0.36861
vn 0.36502 -0.88221 0.29742
vn 0.93736 -0.10227 -0.33302
vn -0.56694 -0.73669 -0.36861
vn -0.91879 -0.031824 0.39345
vn 0.16338 -0.8303 -0.53282
vn -0.67531 -0.062768 -0.73486
vn -0.91879 -0.031824 0.39345
vn -0.67531 -0.062768 -0.73486
vn -0.080103 -0.79936 0.59549
vn -0.91879 -0.031824 0.39345
vn 0.16338 -0.8303 -0.53282
vn -0.080103 -0.79936 0.59549
vn 0.16338 -0.8303 -0.53282
vn -0.67531 -0.062768 -0.73486
vn -0.080103 -0.79936 0.59549
vn -0.65217 0.080081 -0.75383
vn 0.92639 -0.080569 -0.36784
vn 0.21522 0.81229 -0.54209
vn -0.65217 0.080081 -0.75383
vn 0.21522 0.81229 -0.54209
vn 0.059001 -0.81278 -0.57958
vn -0.65217 0.080081 -0.75383
vn 0.92639 -0.080569 -0.36784
vn 0.059001 -0.81278 -0.57958
vn 0.92639 -0.080569 -0.36784
vn 0.21522 0.81229 -0.54209
vn 0.059001 -0.81278 -0.57958
vn 0.28816 -0.69502 -0.65872
vn 0.073402 0.90572 -0.41748
vn -0.58719 0.043037 -0.80831
vn 0.28816 -0.69502 -0.65872
vn -0.58719 0.043037 -0.80831
vn 0.94875 0.16766 -0.2679
vn 0.28816 -0.69502 -0.65872
vn 0.073402 0.90572 -0.41748
vn 0.94875 0.16766 -0.2679
vn 0.073402 0.90572 -0.41748
vn -0.58719 0.043037 -0.80831
vn 0.94875 0.16766 -0.2679
vn 0.86387 0.30525 -0.4007
vn -0.71234 0.0026709 -0.70183
vn 0.26037 -0.61829 -0.74157
vn 0.86387 0.30525 -0.4007
vn 0.26037 -0.61829 -0.74157
vn -0.10884 0.92621 -0.36095
vn 0.86387 0.30525 -0.4007
vn -0.71234 0.0026709 -0.70183
vn -0.10884 0.92621 -0.36095
vn -0.71234 0.0026709 -0.70183
vn 0.26037 -0.61829 -0.74157
vn -0.10884 0.92621 -0.36095
vn -0.11883 0.79902 -0.58944
vn 0.55218 -0.68532 -0.4748
vn 0.89506 0.38759 -0.22056
vn -0.11883 0.79902 -0.58944
vn 0.89506 0.38759 -0.22056
vn -0.46171 -0.27388 -0.84369
vn -0.11883 0.79902 -0.58944
vn 0.55218 -0.68532 -0.4748
vn -0.46171 -0.27388 -0.84369
vn 0.55218 -0.68532 -0.4748
vn 0.89506 0.38759 -0.22056
vn -0.46171 -0.27388 -0.84369
vn -0.38785 -0.32697 -0.86178
vn 0.54685 0.81972 -0.17033
vn -0.58051 0.71171 -0.39557
vn -0.38785 -0.32697 -0.86178
vn -0.58051 0.71171 -0.39557
vn 0.73951 -0.21896 -0.63654
vn -0.38785 -0.32697 -0.86178
vn 0.54685 0.81972 -0.17033
vn 0.73951 -0.21896 -0.63654
vn 0.54685 0.81972 -0.17033
vn -0.58051 0.71171 -0.39557
vn 0.73951 -0.21896 -0.63654
vn 0.85613 -0.02929 -0.51593
vn -0.66534 0.56327 -0.48996
vn -0.1687 -0.39356 -0.90369
vn 0.85613 -0.02929 -0.51593
vn -0.1687 -0.39356 -0.90369
vn 0.3595 0.92753 -0.1022
vn 0.85613 -0.02929 -0.51593
vn -0.66534 0.56327 -0.48996
vn 0.3595 0.92753 -0.1022
vn -0.66534 0.56327 -0.48996
vn -0.1687 -0.39356 -0.90369
vn 0.3595 0.92753 -0.1022
vn -0.59337 -0.50009 -0.63074
vn -0.56034 0.54714 0.62181
vn -0.60642 -0.60208 0.51938
vn -0.59337 -0.50009 -0.63074
vn -0.60642 -0.60208 0.51938
vn -0.54728 0.64914 -0.5283
vn -0.59337 -0.50009 -0.63074
vn -0.56034 0.54714 0.62181
vn -0.54728 0.64914 -0.5283
vn -0.56034 0.54714 0.62181
vn -0.60642 -0.60208 0.51938
vn -0.54728 0.64914 -0.5283
vn 0.36868 -0.15519 0.91651
vn -0.033602 0.98238 -0.18383
vn 0.92257 0.38157 0.05719
vn 0.36868 -0.15519 0.91651
vn 0.92257 0.38157 0.05719
vn -0.58749 0.44562 0.67548
vn 0.36868 -0.15519 0.91651
vn -0.033602 0.98238 -0.18383
vn -0.58749 0.44562 0.67548
vn -0.033602 0.98238 -0.18383
vn 0.92257 0.38157 0.05719
vn -0.58749 0.44562 0.67548
vn -0.47031 0.7705 0.43027
vn 0.94372 -0.039923 0.32832
vn 0.0027494 -0.12009 0.99276
vn -0.47031 0.7705 0.43027
vn 0.0027494 -0.12009 0.99276
vn 0.47066 0.85067 -0.23417
vn -0.47031 0.7705 0.43027
vn 0.94372 -0.039923 0.32832
vn 0.47066 0.85067 -0.23417
vn 0.94372 -0.039923 0.32832
vn 0.0027494 -0.12009 0.99276
vn 0.47066 0.85067 -0.23417
vn 0.70052 0.70925 -0.07898
vn -0.26262 -0.10377 0.9593
vn -0.36318 0.86676 0.34181
vn 0.70052 0.70925 -0.07898
vn -0.36318 0.86676 0.34181
vn 0.80108 -0.26128 0.53852
vn 0.70052 0.70925 -0.07898
vn -0.26262 -0.10377 0.9593
vn 0.80108 -0.26128 0.53852
vn -0.26262 -0.10377 0.9593
vn -0.36318 0.86676 0.34181
vn 0.80108 -0.26128 0.53852
vn 0.87463 -0.47276 0.10739
vn 0.051038 0.89853 0.43593
vn 0.72487 0.53834 -0.42983
vn 0.87463 -0.47276 0.10739
vn 0.72487 0.53834 -0.42983
vn 0.20079 -0.11256 0.97315
vn 0.87463 -0.47276 0.10739
vn 0.051038 0.89853 0.43593
vn 0.20079 -0.11256 0.97315
vn 0.051038 0.89853 0.43593
vn 0.72487 0.53834 -0.42983
vn 0.20079 -0.11256 0.97315
vn 0.12765 0.46294 -0.87715
vn -0.65459 0.51285 0.55543
vn -0.87573 0.052047 -0.47999
vn 0.12765 0.46294 -0.87715
vn -0.87573 0.052047 -0.47999
vn 0.34879 0.92374 0.15827
vn 0.12765 0.46294 -0.87715
vn -0.65459 0.51285 0.55543
vn 0.34879 0.92374 0.15827
vn -0.65459 0.51285 0.55543
vn -0.87573 0.052047 -0.47999
vn 0.34879 0.92374 0.15827
vn -0.54827 -0.50842 0.66402
vn 0.67838 0.55414 0.48242
vn 0.59613 -0.5963 0.53764
vn -0.54827 -0.50842 0.66402
vn 0.59613 -0.5963 0.53764
vn -0.46601 0.64203 0.6088
vn -0.54827 -0.50842 0.66402
vn 0.67838 0.55414 0.48242
vn -0.46601 0.64203 0.6088
vn 0.67838 0.55414 0.48242
vn 0.59613 -0.5963 0.53764
vn -0.46601 0.64203 0.6088
vn -0.21004 -0.2778 0.9374
vn 0.97172 -0.15005 -0.18234
vn 0.21516 -0.96961 0.11646
vn -0.21004 -0.2778 0.9374
vn 0.21516 -0.96961 0.11646
vn 0.54652 0.54176 0.6386
vn -0.21004 -0.2778 0.9374
vn 0.97172 -0.15005 -0.18234
vn 0.54652 0.54176 0.6386
vn 0.97172 -0.15005 -0.18234
vn 0.21516 -0.96961 0.11646
vn 0.54652 0.54176 0.6386
vn 0.0077464 0.15995 -0.98709
vn 0.78093 0.46333 0.4189
vn -0.059771 0.98203 -0.17903
vn 0.0077464 0.15995 -0.98709
vn -0.059771 0.98203 -0.17903
vn 0.84844 -0.35874 -0.38917
vn 0.0077464 0.15995 -0.98709
vn 0.78093 0.46333 0.4189
vn 0.84844 -0.35874 -0.38917
vn 0.78093 0.46333 0.4189
vn -0.059771 0.98203 -0.17903
vn 0.84844 -0.35874 -0.38917
vn 0.0062309 0.23279 0.97251
vn 0.82036 -0.52707 -0.22185
vn 0.014115 -0.83925 0.54356
vn 0.0062309 0.23279 0.97251
vn 0.014115 -0.83925 0.54356
vn 0.81247 0.54498 0.2071
vn 0.0062309 0.23279 0.97251
vn 0.82036 -0.52707 -0.22185
vn 0.81247 0.54498 0.2071
vn 0.82036 -0.52707 -0.22185
vn 0.014115 -0.83925 0.54356
vn 0.81247 0.54498 0.2071
vn -0.045772 -0.96449 -0.26011
vn 0.50677 0.50917 -0.69565
vn -0.46526 -0.085929 -0.88099
vn -0.045772 -0.96449 -0.26011
vn -0.46526 -0.085929 -0.88099
vn 0.92626 -0.3694 -0.074772
vn -0.045772 -0.96449 -0.26011
vn 0.50677 0.50917 -0.69565
vn 0.92626 -0.3694 -0.074772
vn 0.50677 0.50917 -0.69565
vn -0.46526 -0.085929 -0.88099
vn 0.92626 -0.3694 -0.074772
vn 0.96708 -0.14025 -0.21234
vn -0.56103 -0.37301 -0.73899
vn 0.18186 -0.97871 -0.095113
vn 0.96708 -0.14025 -0.21234
vn 0.18186 -0.97871 -0.095113
vn 0.22419 0.46545 -0.85621
vn 0.96708 -0.14025 -0.21234
vn -0.56103 -0.37301 -0.73899
vn 0.22419 0.46545 -0.85621
vn -0.56103 -0.37301 -0.73899
vn 0.18186 -0.97871 -0.095113
vn 0.22419 0.46545 -0.85621
vn 0.40655 -0.076828 -0.91039
vn -0.016171 -0.90033 0.4349
vn 0.93397 -0.34821 0.080325
vn 0.40655 -0.076828 -0.91039
vn 0.93397 -0.34821 0.080325
vn -0.54359 -0.62895 -0.55582
vn 0.40655 -0.076828 -0.91039
vn -0.016171 -0.90033 0.4349
vn -0.54359 -0.62895 -0.55582
vn -0.016171 -0.90033 0.4349
vn 0.93397 -0.34821 0.080325
vn -0.54359 -0.62895 -0.55582
vn -0.28301 -0.95278 -0.11011
vn 0.94457 0.10522 -0.31098
vn 0.06415 -0.25749 -0.96415
vn -0.28301 -0.95278 -0.11011
vn 0.06415 -0.25749 -0.96415
vn 0.59742 -0.59007 0.54306
vn -0.28301 -0.95278 -0.11011
vn 0.94457 0.10522 -0.31098
vn 0.59742 -0.59007 0.54306
vn 0.94457 0.10522 -0.31098
vn 0.06415 -0.25749 -0.96415
vn 0.59742 -0.59007 0.54306
vn 0.74346 -0.64119 0.19014
vn -0.49076 -0.29255 -0.82071
vn -0.37755 -0.91447 0.14559
vn 0.74346 -0.64119 0.19014
vn -0.37755 -0.91447 0.14559
vn 0.63025 -0.019265 -0.77616
vn 0.74346 -0.64119 0.19014
vn -0.49076 -0.29255 -0.82071
vn 0.63025 -0.019265 -0.77616
vn -0.49076 -0.29255 -0.82071
vn -0.37755 -0.91447 0.14559
vn 0.63025 -0.019265 -0.77616
vn 0.53462 -0.43458 -0.72479
vn -0.44965 -0.70367 0.55015
vn 0.69122 -0.59665 0.4077
vn 0.53462 -0.43458 -0.72479
vn 0.69122 -0.59665 0.4077
vn -0.60625 -0.5416 -0.58235
vn 0.53462 -0.43458 -0.72479
vn -0.44965 -0.70367 0.55015
vn -0.60625 -0.5416 -0.58235
vn -0.44965 -0.70367 0.55015
vn 0.69122 -0.59665 0.4077
vn -0.60625 -0.5416 -0.58235
vn -0.38234 -0.74237 -0.55019
vn 0.90893 -0.26042 0.32561
vn 0.59672 -0.17613 -0.78288
vn -0.38234 -0.74237 -0.55019
vn 0.59672 -0.17613 -0.78288
vn -0.070125 -0.82667 0.5583
vn -0.38234 -0.74237 -0.55019
vn 0.90893 -0.26042 0.32561
vn -0.070125 -0.82667 0.5583
vn 0.90893 -0.26042 0.32561
vn 0.59672 -0.17613 -0.78288
vn -0.070125 -0.82667 0.5583
vn 0.34463 -0.90572 0.24677
vn 0.32513 0.24272 -0.91399
vn -0.33016 -0.67378 -0.66107
vn 0.34463 -0.90572 0.24677
vn -0.33016 -0.67378 -0.66107
vn 0.99992 0.010772 -0.0061449
vn 0.34463 -0.90572 0.24677
vn 0.32513 0.24272 -0.91399
vn 0.99992 0.010772 -0.0061449
vn 0.32513 0.24272 -0.91399
vn -0.33016 -0.67378 -0.66107
vn 0.99992 0.010772 -0.0061449
vn 0.9813 -0.15442 -0.11495
vn -0.50564 -0.57739 -0.64105
vn 0.20958 -0.96102 0.1803
vn 0.9813 -0.15442 -0.11495
vn 0.20958 -0.96102 0.1803
vn 0.26608 0.22921 -0.9363
vn 0.9813 -0.15442 -0.11495
vn -0.50564 -0.57739 -0.64105
vn 0.26608 0.22921 -0.9363
vn -0.50564 -0.57739 -0.64105
vn 0.20958 -0.96102 0.1803
vn 0.26608 0.22921 -0.9363
vn 0.50551 -0.031272 -0.86226
vn -0.00055901 -0.9079 0.41918
vn 0.94179 -0.28649 0.17594
vn 0.50551 -0.031272 -0.86226
vn 0.94179 -0.28649 0.17594
vn -0.43684 -0.65268 -0.61901
vn 0.50551 -0.031272 -0.86226
vn -0.00055901 -0.9079 0.41918
vn -0.43684 -0.65268 -0.61901
vn -0.00055901 -0.9079 0.41918
vn 0.94179 -0.28649 0.17594
vn -0.43684 -0.65268 -0.61901
vn 0.042882 -0.81145 -0.58284
vn 0.89019 0.14844 0.43074
vn 0.6943 0.13382 -0.70713
vn 0.042882 -0.81145 -0.58284
vn 0.6943 0.13382 -0.70713
vn 0.23877 -0.79683 0.55503
vn 0.042882 -0.81145 -0.58284
vn 0.89019 0.14844 0.43074
vn 0.23877 -0.79683 0.55503
vn 0.89019 0.14844 0.43074
vn 0.6943 0.13382 -0.70713
vn 0.23877 -0.79683 0.55503
vn 0.45353 -0.7328 0.50727
vn 0.4632 0.13524 -0.87587
vn -0.038074 -0.84628 -0.53138
vn 0.45353 -0.7328 0.50727
vn -0.038074 -0.84628 -0.53138
vn 0.9548 0.24872 0.16277
vn 0.45353 -0.7328 0.50727
vn 0.4632 0.13524 -0.87587
vn 0.9548 0.24872 0.16277
vn 0.4632 0.13524 -0.87587
vn -0.038074 -0.84628 -0.53138
vn 0.9548 0.24872 0.16277
vn 0.90864 -0.41587 -0.03778
vn -0.66261 -0.60626 -0.43977
vn -0.015531 -0.8788 0.47694
vn 0.90864 -0.41587 -0.03778
vn -0.015531 -0.8788 0.47694
vn 0.26156 -0.14333 -0.95448
vn 0.90864 -0.41587 -0.03778
vn -0.66261 -0.60626 -0.43977
vn 0.26156 -0.14333 -0.95448
vn -0.66261 -0.60626 -0.43977
vn -0.015531 -0.8788 0.47694
vn 0.26156 -0.14333 -0.95448
vn 0.33511 -0.40052 -0.85281
vn -0.0797 -0.71448 0.6951
vn 0.89649 -0.41463 0.15615
vn 0.33511 -0.40052 -0.85281
vn 0.89649 -0.41463 0.15615
vn -0.64108 -0.70037 -0.31385
vn 0.33511 -0.40052 -0.85281
vn -0.0797 -0.71448 0.6951
vn -0.64108 -0.70037 -0.31385
vn -0.0797 -0.71448 0.6951
vn 0.89649 -0.41463 0.15615
vn -0.64108 -0.70037 -0.31385
vn 0.21035 -0.80932 -0.54842
vn 0.64218 0.060991 0.76412
vn 0.93287 0.070038 -0.35335
vn 0.21035 -0.80932 -0.54842
vn 0.93287 0.070038 -0.35335
vn -0.080332 -0.81836 0.56906
vn 0.21035 -0.80932 -0.54842
vn 0.64218 0.060991 0.76412
vn -0.080332 -0.81836 0.56906
vn 0.64218 0.060991 0.76412
vn 0.93287 0.070038 -0.35335
vn -0.080332 -0.81836 0.56906
vn 0.30128 -0.95069 0.073597
vn 0.75747 0.56539 -0.32645
vn 0.29663 -0.3261 -0.89759
vn 0.30128 -0.95069 0.073597
vn 0.29663 -0.3261 -0.89759
vn 0.76211 -0.059194 0.64473
vn 0.30128 -0.95069 0.073597
vn 0.75747 0.56539 -0.32645
vn 0.76211 -0.059194 0.64473
vn 0.75747 0.56539 -0.32645
vn 0.29663 -0.3261 -0.89759
vn 0.76211 -0.059194 0.64473
vn 0.90424 0.027417 0.42614
vn 0.017042 -0.62808 -0.77796
vn 0.24732 -0.91584 0.31634
vn 0.90424 0.027417 0.42614
vn 0.24732 -0.91584 0.31634
vn 0.67396 0.31517 -0.66816
vn 0.90424 0.027417 0.42614
vn 0.017042 -0.62808 -0.77796
vn 0.67396 0.31517 -0.66816
vn 0.017042 -0.62808 -0.77796
vn 0.24732 -0.91584 0.31634
vn 0.67396 0.31517 -0.66816
vn 0.56928 -0.10855 -0.81495
vn 0.29253 -0.65134 0.70013
vn 0.95642 0.17168 0.2362
vn 0.56928 -0.10855 -0.81495
vn 0.95642 0.17168 0.2362
vn -0.09461 -0.93157 -0.35103
vn 0.56928 -0.10855 -0.81495
vn 0.29253 -0.65134 0.70013
vn -0.09461 -0.93157 -0.35103
vn 0.29253 -0.65134 0.70013
vn 0.95642 0.17168 0.2362
vn -0.09461 -0.93157 -0.35103
vn 0.63303 -0.5914 -0.49951
vn 0.51099 0.55921 0.65282
vn 0.66446 0.56284 -0.49163
vn 0.63303 -0.5914 -0.49951
vn 0.66446 0.56284 -0.49163
vn 0.47956 -0.59504 0.64494
vn 0.63303 -0.5914 -0.49951
vn 0.51099 0.55921 0.65282
vn 0.47956 -0.59504 0.64494
vn 0.51099 0.55921 0.65282
vn 0.66446 0.56284 -0.49163
vn 0.47956 -0.59504 0.64494
vn 0.058015 -0.42362 0.90398
vn 0.88225 -0.081696 -0.46364
vn 0.23608 -0.96664 -0.099389
vn 0.058015 -0.42362 0.90398
vn 0.23608 -0.96664 -0.099389
vn 0.70418 0.46133 0.53973
vn 0.058015 -0.42362 0.90398
vn 0.88225 -0.081696 -0.46364
vn 0.70418 0.46133 0.53973
vn 0.88225 -0.081696 -0.46364
vn 0.23608 -0.96664 -0.099389
vn 0.70418 0.46133 0.53973
vn -0.07822 0.20663 0.97529
vn -0.13287 -0.98051 -0.1447
vn -0.90782 -0.26491 0.3251
vn -0.07822 0.20663 0.97529
vn -0.90782 -0.26491 0.3251
vn 0.69673 -0.50897 0.50549
vn -0.07822 0.20663 0.97529
vn -0.13287 -0.98051 -0.1447
vn 0.69673 -0.50897 0.50549
vn -0.13287 -0.98051 -0.1447
vn -0.90782 -0.26491 0.3251
vn 0.69673 -0.50897 0.50549
vn 0.79807 -0.50731 0.32515
vn -0.34447 0.5855 0.73384
vn 0.71408 0.64329 0.27617
vn 0.79807 -0.50731 0.32515
vn 0.71408 0.64329 0.27617
vn -0.26049 -0.5651 0.78282
vn 0.79807 -0.50731 0.32515
vn -0.34447 0.5855 0.73384
vn -0.26049 -0.5651 0.78282
vn -0.34447 0.5855 0.73384
vn 0.71408 0.64329 0.27617
vn -0.26049 -0.5651 0.78282
vn 0.43825 0.86258 0.25276
vn -0.98802 0.076239 0.13415
vn -0.35841 0.7366 -0.57355
vn 0.43825 0.86258 0.25276
vn -0.35841 0.7366 -0.57355
vn -0.19136 0.20222 0.96046
vn 0.43825 0.86258 0.25276
vn -0.98802 0.076239 0.13415
vn -0.19136 0.20222 0.96046
vn -0.98802 0.076239 0.13415
vn -0.35841 0.7366 -0.57355
vn -0.19136 0.20222 0.96046
vn -0.44934 -0.88778 0.099717
vn -0.20507 0.56873 0.79655
vn 0.33433 -0.45178 0.82712
vn -0.44934 -0.88778 0.099717
vn 0.33433 -0.45178 0.82712
vn -0.98874 0.13273 0.069148
vn -0.44934 -0.88778 0.099717
vn -0.20507 0.56873 0.79655
vn -0.98874 0.13273 0.069148
vn -0.20507 0.56873 0.79655
vn 0.33433 -0.45178 0.82712
vn -0.98874 0.13273 0.069148
vn 0.60841 0.78554 0.11297
vn -0.94138 0.32009 -0.10649
vn -0.062726 0.58881 -0.80583
vn 0.60841 0.78554 0.11297
vn -0.062726 0.58881 -0.80583
vn -0.27024 0.51682 0.81232
vn 0.60841 0.78554 0.11297
vn -0.94138 0.32009 -0.10649
vn -0.27024 0.51682 0.81232
vn -0.94138 0.32009 -0.10649
vn -0.062726 0.58881 -0.80583
vn -0.27024 0.51682 0.81232
vn -0.72842 -0.6589 -0.18777
vn -0.18102 0.45798 0.87033
vn -0.032555 -0.67893 0.73349
vn -0.72842 -0.6589 -0.18777
vn -0.032555 -0.67893 0.73349
vn -0.87688 0.47801 -0.05092
vn -0.72842 -0.6589 -0.18777
vn -0.18102 0.45798 0.87033
vn -0.87688 0.47801 -0.05092
vn -0.18102 0.45798 0.87033
vn -0.032555 -0.67893 0.73349
vn -0.87688 0.47801 -0.05092
vn 0.76891 0.31554 0.55607
vn -0.69608 0.71664 -0.043601
vn 0.39345 0.82227 -0.41119
vn 0.76891 0.31554 0.55607
vn 0.39345 0.82227 -0.41119
vn -0.32061 0.20992 0.92366
vn 0.76891 0.31554 0.55607
vn -0.69608 0.71664 -0.043601
vn -0.32061 0.20992 0.92366
vn -0.69608 0.71664 -0.043601
vn 0.39345 0.82227 -0.41119
vn -0.32061 0.20992 0.92366
vn -0.82027 -0.56195 0.10662
vn 0.053057 0.65821 0.75096
vn 0.04264 -0.49024 0.87055
vn -0.82027 -0.56195 0.10662
vn 0.04264 -0.49024 0.87055
vn -0.80985 0.58649 -0.012959
vn -0.82027 -0.56195 0.10662
vn 0.053057 0.65821 0.75096
vn -0.80985 0.58649 -0.012959
vn 0.053057 0.65821 0.75096
vn 0.04264 -0.49024 0.87055
vn -0.80985 0.58649 -0.012959
vn 0.96748 0.09436 0.2347
vn -0.40595 0.90706 -0.11155
vn 0.47425 0.48976 -0.73159
vn 0.96748 0.09436 0.2347
vn 0.47425 0.48976 -0.73159
vn 0.087284 0.51167 0.85474
vn 0.96748 0.09436 0.2347
vn -0.40595 0.90706 -0.11155
vn 0.087284 0.51167 0.85474
vn -0.40595 0.90706 -0.11155
vn 0.47425 0.48976 -0.73159
vn 0.087284 0.51167 0.85474
vn 0.0042358 -0.05209 0.99863
vn 0.40236 0.86827 -0.29021
vn 0.94112 0.059051 0.33288
vn 0.0042358 -0.05209 0.99863
vn 0.94112 0.059051 0.33288
vn -0.53453 0.75713 0.37555
vn 0.0042358 -0.05209 0.99863
vn 0.40236 0.86827 -0.29021
vn -0.53453 0.75713 0.37555
vn 0.40236 0.86827 -0.29021
vn 0.94112 0.059051 0.33288
vn -0.53453 0.75713 0.37555
vn 0.85118 0.44174 0.28348
vn 0.03276 -0.18775 -0.98167
vn 0.77142 -0.60468 -0.19816
vn 0.85118 0.44174 0.28348
vn 0.77142 -0.60468 -0.19816
vn 0.11252 0.85867 -0.50003
vn 0.85118 0.44174 0.28348
vn 0.03276 -0.18775 -0.98167
vn 0.11252 0.85867 -0.50003
vn 0.03276 -0.18775 -0.98167
vn 0.77142 -0.60468 -0.19816
vn 0.11252 0.85867 -0.50003
vn -0.050068 0.46749 -0.88258
vn 0.93381 -0.32314 0.15354
vn 0.6267 0.77926 -0.00046723
vn -0.050068 0.46749 -0.88258
vn 0.6267 0.77926 -0.00046723
vn 0.25705 -0.63491 -0.72857
vn -0.050068 0.46749 -0.88258
vn 0.93381 -0.32314 0.15354
vn 0.25705 -0.63491 -0.72857
vn 0.93381 -0.32314 0.15354
vn 0.6267 0.77926 -0.00046723
vn 0.25705 -0.63491 -0.72857
vn 0.66871 -0.33826 -0.66212
vn 0.20056 0.95511 0.21804
vn -0.049164 0.5497 -0.83391
vn 0.66871 -0.33826 -0.66212
vn -0.049164 0.5497 -0.83391
vn 0.91843 0.067148 0.38984
vn 0.66871 -0.33826 -0.66212
vn 0.20056 0.95511 0.21804
vn 0.91843 0.067148 0.38984
vn 0.20056 0.95511 0.21804
vn -0.049164 0.5497 -0.83391
vn 0.91843 0.067148 0.38984
vn 0.92937 0.36555 0.05144
vn -0.35057 0.11028 -0.93002
vn 0.58874 -0.495 -0.63903
vn 0.92937 0.36555 0.05144
vn 0.58874 -0.495 -0.63903
vn -0.0099347 0.97083 -0.23955
vn 0.92937 0.36555 0.05144
vn -0.35057 0.11028 -0.93002
vn -0.0099347 0.97083 -0.23955
vn -0.35057 0.11028 -0.93002
vn 0.58874 -0.495 -0.63903
vn -0.0099347 0.97083 -0.23955
vn 0.21099 -0.70314 0.67903
vn -0.3625 -0.43214 -0.82574
vn -0.8327 -0.50535 0.22634
vn 0.21099 -0.70314 0.67903
vn -0.8327 -0.50535 0.22634
vn 0.68119 -0.62993 -0.37305
vn 0.21099 -0.70314 0.67903
vn -0.3625 -0.43214 -0.82574
vn 0.68119 -0.62993 -0.37305
vn -0.3625 -0.43214 -0.82574
vn -0.8327 -0.50535 0.22634
vn 0.68119 -0.62993 -0.37305
vn 0.12596 -0.099691 -0.98701
vn 0.81123 0.4284 0.39798
vn 0.13677 0.90119 -0.41129
vn 0.12596 -0.099691 -0.98701
vn 0.13677 0.90119 -0.41129
vn 0.80042 -0.57248 -0.17775
vn 0.12596 -0.099691 -0.98701
vn 0.81123 0.4284 0.39798
vn 0.80042 -0.57248 -0.17775
vn 0.81123 0.4284 0.39798
vn 0.13677 0.90119 -0.41129
vn 0.80042 -0.57248 -0.17775
vn 0.84435 -0.09585 -0.52715
vn -0.36376 0.92395 -0.11831
vn -0.19133 0.16148 -0.96815
vn 0.84435 -0.09585 -0.52715
vn -0.19133 0.16148 -0.96815
vn 0.67192 0.66662 0.3227
vn 0.84435 -0.09585 -0.52715
vn -0.36376 0.92395 -0.11831
vn 0.67192 0.66662 0.3227
vn -0.36376 0.92395 -0.11831
vn -0.19133 0.16148 -0.96815
vn 0.67192 0.66662 0.3227
vn 0.65334 0.7219 0.22807
vn -0.13633 -0.025496 -0.99034
vn 0.87261 -0.18521 -0.45194
vn 0.65334 0.7219 0.22807
vn 0.87261 -0.18521 -0.45194
vn -0.3556 0.88161 -0.31033
vn 0.65334 0.7219 0.22807
vn -0.13633 -0.025496 -0.99034
vn -0.3556 0.88161 -0.31033
vn -0.13633 -0.025496 -0.99034
vn 0.87261 -0.18521 -0.45194
vn -0.3556 0.88161 -0.31033
vn 0.24601 0.82526 -0.50835
vn 0.77538 -0.63147 0.0058243
vn 0.78453 0.43949 0.43744
vn 0.24601 0.82526 -0.50835
vn 0.78453 0.43949 0.43744
vn 0.23686 -0.2457 -0.93996
vn 0.24601 0.82526 -0.50835
vn 0.77538 -0.63147 0.0058243
vn 0.23686 -0.2457 -0.93996
vn 0.77538 -0.63147 0.0058243
vn 0.78453 0.43949 0.43744
vn 0.23686 -0.2457 -0.93996
vn 0.43306 -0.28079 -0.85651
vn 0.64318 0.5481 0.53469
vn 0.26158 0.81128 -0.52288
vn 0.43306 -0.28079 -0.85651
vn 0.26158 0.81128 -0.52288
vn 0.81466 -0.54397 0.20106
vn 0.43306 -0.28079 -0.85651
vn 0.64318 0.5481 0.53469
vn 0.81466 -0.54397 0.20106
vn 0.64318 0.5481 0.53469
vn 0.26158 0.81128 -0.52288
vn 0.81466 -0.54397 0.20106
vn 0.92614 -0.25735 -0.27576
vn -0.13545 0.97797 -0.15881
vn 0.1264 0.20059 -0.97149
vn 0.92614 -0.25735 -0.27576
vn 0.1264 0.20059 -0.97149
vn 0.66429 0.52003 0.53692
vn 0.92614 -0.25735 -0.27576
vn -0.13545 0.97797 -0.15881
vn 0.66429 0.52003 0.53692
vn -0.13545 0.97797 -0.15881
vn 0.1264 0.20059 -0.97149
vn 0.66429 0.52003 0.53692
vn 0.13082 -0.3813 0.91515
vn 0.15979 0.98686 0.024093
vn 0.93539 0.17887 0.30505
vn 0.13082 -0.3813 0.91515
vn 0.93539 0.17887 0.30505
vn -0.64477 0.42669 0.63419
vn 0.13082 -0.3813 0.91515
vn 0.15979 0.98686 0.024093
vn -0.64477 0.42669 0.63419
vn 0.15979 0.98686 0.024093
vn 0.93539 0.17887 0.30505
vn -0.64477 0.42669 0.63419
vn 0.5625 0.51281 0.64855
vn -0.57585 0.63418 -0.51596
vn 0.57866 0.64558 -0.49837
vn 0.5625 0.51281 0.64855
vn 0.57866 0.64558 -0.49837
vn -0.59201 0.50141 0.63096
vn 0.5625 0.51281 0.64855
vn -0.57585 0.63418 -0.51596
vn -0.59201 0.50141 0.63096
vn -0.57585 0.63418 -0.51596
vn 0.57866 0.64558 -0.49837
vn -0.59201 0.50141 0.63096
vn 0.046096 -0.44627 -0.89371
vn -0.9546 0.067114 0.29023
vn -0.39403 -0.91683 0.064519
vn 0.046096 -0.44627 -0.89371
vn -0.39403 -0.91683 0.064519
vn -0.51448 0.53767 -0.668
vn 0.046096 -0.44627 -0.89371
vn -0.9546 0.067114 0.29023
vn -0.51448 0.53767 -0.668
vn -0.9546 0.067114 0.29023
vn -0.39403 -0.91683 0.064519
vn -0.51448 0.53767 -0.668
vn -0.35894 -0.89415 0.26769
vn -0.14435 0.65325 0.74325
vn 0.47534 -0.31803 0.82031
vn -0.35894 -0.89415 0.26769
vn 0.47534 -0.31803 0.82031
vn -0.97863 0.077127 0.19063
vn -0.35894 -0.89415 0.26769
vn -0.14435 0.65325 0.74325
vn -0.97863 0.077127 0.19063
vn -0.14435 0.65325 0.74325
vn 0.47534 -0.31803 0.82031
vn -0.97863 0.077127 0.19063
vn -0.76926 0.068162 0.63528
vn 0.75111 -0.49411 0.43783
vn -0.30677 -0.91789 0.25172
vn -0.76926 0.068162 0.63528
vn -0.30677 -0.91789 0.25172
vn 0.28861 0.49195 0.8214
vn -0.76926 0.068162 0.63528
vn 0.75111 -0.49411 0.43783
vn 0.28861 0.49195 0.8214
vn 0.75111 -0.49411 0.43783
vn -0.30677 -0.91789 0.25172
vn 0.28861 0.49195 0.8214
vn 0.39457 0.38495 0.83434
vn -0.45108 -0.86654 0.21362
vn -0.7256 0.15813 0.6697
vn 0.39457 0.38495 0.83434
vn -0.7256 0.15813 0.6697
vn 0.66909 -0.63972 0.37825
vn 0.39457 0.38495 0.83434
vn -0.45108 -0.86654 0.21362
vn 0.66909 -0.63972 0.37825
vn -0.45108 -0.86654 0.21362
vn -0.7256 0.15813 0.6697
vn 0.66909 -0.63972 0.37825
vn 0.73774 -0.44172 0.51052
vn -0.725 0.27405 0.63187
vn 0.36925 0.64041 0.67345
vn 0.73774 -0.44172 0.51052
vn 0.36925 0.64041 0.67345
vn -0.35652 -0.80808 0.46895
vn 0.73774 -0.44172 0.51052
vn -0.725 0.27405 0.63187
vn -0.35652 -0.80808 0.46895
vn -0.725 0.27405 0.63187
vn 0.36925 0.64041 0.67345
vn -0.35652 -0.80808 0.46895
vn -0.82401 -0.51861 0.22815
vn 0.54841 0.13446 0.82533
vn 0.25945 -0.88939 0.37638
vn -0.82401 -0.51861 0.22815
vn 0.25945 -0.88939 0.37638
vn -0.53505 0.50524 0.67709
vn -0.82401 -0.51861 0.22815
vn 0.54841 0.13446 0.82533
vn -0.53505 0.50524 0.67709
vn 0.54841 0.13446 0.82533
vn 0.25945 -0.88939 0.37638
vn -0.53505 0.50524 0.67709
vn -0.3611 0.17677 0.91562
vn 0.14128 -0.98284 -0.11858
vn -0.8711 -0.47797 0.11278
vn -0.3611 0.17677 0.91562
vn -0.8711 -0.47797 0.11278
vn 0.65127 -0.32809 0.68425
vn -0.3611 0.17677 0.91562
vn 0.14128 -0.98284 -0.11858
vn 0.65127 -0.32809 0.68425
vn 0.14128 -0.98284 -0.11858
vn -0.8711 -0.47797 0.11278
vn 0.65127 -0.32809 0.68425
vn 0.5059 -0.0085316 0.86255
vn -0.78694 -0.61315 0.069043
vn -0.59803 0.30724 0.74025
vn 0.5059 -0.0085316 0.86255
vn -0.59803 0.30724 0.74025
vn 0.31699 -0.92893 0.19134
vn 0.5059 -0.0085316 0.86255
vn -0.78694 -0.61315 0.069043
vn 0.31699 -0.92893 0.19134
vn -0.78694 -0.61315 0.069043
vn -0.59803 0.30724 0.74025
vn 0.31699 -0.92893 0.19134
vn -0.67192 -0.017946 -0.74041
vn 0.41184 -0.90593 0.098418
vn 0.45238 -0.25513 -0.85455
vn -0.67192 -0.017946 -0.74041
vn 0.45238 -0.25513 -0.85455
vn -0.71246 -0.66874 0.21256
vn -0.67192 -0.017946 -0.74041
vn 0.41184 -0.90593 0.098418
vn -0.71246 -0.66874 0.21256
vn 0.41184 -0.90593 0.098418
vn 0.45238 -0.25513 -0.85455
vn -0.71246 -0.66874 0.21256
vn 0.9324 0.35899 -0.041935
vn -0.080349 -0.62957 0.77278
vn 0.20864 0.4858 0.84881
vn 0.9324 0.35899 -0.041935
vn 0.20864 0.4858 0.84881
vn 0.64341 -0.75637 -0.11796
vn 0.9324 0.35899 -0.041935
vn -0.080349 -0.62957 0.77278
vn 0.64341 -0.75637 -0.11796
vn -0.080349 -0.62957 0.77278
vn 0.20864 0.4858 0.84881
vn 0.64341 -0.75637 -0.11796
vn -0.3351 0.45748 0.82366
vn -0.54283 -0.82275 -0.16857
vn -0.95906 0.25349 -0.12628
vn -0.3351 0.45748 0.82366
vn -0.95906 0.25349 -0.12628
vn 0.081126 -0.61877 0.78137
vn -0.3351 0.45748 0.82366
vn -0.54283 -0.82275 -0.16857
vn 0.081126 -0.61877 0.78137
vn -0.54283 -0.82275 -0.16857
vn -0.95906 0.25349 -0.12628
vn 0.081126 -0.61877 0.78137
vn -0.1527 -0.17006 -0.97353
vn 0.30546 -0.84349 0.44183
vn 0.8526 -0.30767 -0.42238
vn -0.1527 -0.17006 -0.97353
vn 0.8526 -0.30767 -0.42238
vn -0.69984 -0.70588 -0.10932
vn -0.1527 -0.17006 -0.97353
vn 0.30546 -0.84349 0.44183
vn -0.69984 -0.70588 -0.10932
vn 0.30546 -0.84349 0.44183
vn 0.8526 -0.30767 -0.42238
vn -0.69984 -0.70588 -0.10932
vn -0.027249 0.032179 0.99911
vn 0.1765 -0.93791 -0.29861
vn -0.72859 -0.59854 0.33304
vn -0.027249 0.032179 0.99911
vn -0.72859 -0.59854 0.33304
vn 0.87784 -0.3072 0.36747
vn -0.027249 0.032179 0.99911
vn 0.1765 -0.93791 -0.29861
vn 0.87784 -0.3072 0.36747
vn 0.1765 -0.93791 -0.29861
vn -0.72859 -0.59854 0.33304
vn 0.87784 -0.3072 0.36747
vn 0.36954 -0.83093 0.41593
vn 0.15201 -0.025814 -0.98804
vn -0.45953 -0.79933 -0.38718
vn 0.36954 -0.83093 0.41593
vn -0.45953 -0.79933 -0.38718
vn 0.98107 -0.057416 -0.18493
vn 0.36954 -0.83093 0.41593
vn 0.15201 -0.025814 -0.98804
vn 0.98107 -0.057416 -0.18493
vn 0.15201 -0.025814 -0.98804
vn -0.45953 -0.79933 -0.38718
vn 0.98107 -0.057416 -0.18493
vn -0.85767 0.25577 -0.44608
vn 0.75894 0.48619 -0.43317
vn -0.14124 0.98591 0.089607
vn -0.85767 0.25577 -0.44608
vn -0.14124 0.98591 0.089607
vn 0.042508 -0.24395 -0.96886
vn -0.85767 0.25577 -0.44608
vn 0.75894 0.48619 -0.43317
vn 0.042508 -0.24395 -0.96886
vn 0.75894 0.48619 -0.43317
vn -0.14124 0.98591 0.089607
vn 0.042508 -0.24395 -0.96886
vn 0.84556 0.032889 0.53286
vn 0.19374 -0.36549 -0.91043
vn 0.37692 -0.92239 0.084375
vn 0.84556 0.032889 0.53286
vn 0.37692 -0.92239 0.084375
vn 0.66238 0.58979 -0.46194
vn 0.84556 0.032889 0.53286
vn 0.19374 -0.36549 -0.91043
vn 0.66238 0.58979 -0.46194
vn 0.19374 -0.36549 -0.91043
vn 0.37692 -0.92239 0.084375
vn 0.66238 0.58979 -0.46194
vn -0.69086 -0.48276 -0.53819
vn 0.39183 0.73968 -0.54713
vn -0.72301 0.63843 -0.26393
vn -0.69086 -0.48276 -0.53819
vn -0.72301 0.63843 -0.26393
vn 0.42398 -0.38152 -0.82139
vn -0.69086 -0.48276 -0.53819
vn 0.39183 0.73968 -0.54713
vn 0.42398 -0.38152 -0.82139
vn 0.39183 0.73968 -0.54713
vn -0.72301 0.63843 -0.26393
vn 0.42398 -0.38152 -0.82139
vn 0.54011 0.71659 0.44134
vn 0.56795 -0.4826 -0.66673
vn 0.78333 -0.41195 0.4655
vn 0.54011 0.71659 0.44134
vn 0.78333 -0.41195 0.4655
vn 0.32472 0.64593 -0.69089
vn 0.54011 0.71659 0.44134
vn 0.56795 -0.4826 -0.66673
vn 0.32472 0.64593 -0.69089
vn 0.56795 -0.4826 -0.66673
vn 0.78333 -0.41195 0.4655
vn 0.32472 0.64593 -0.69089
vn -0.052042 -0.99815 0.031418
vn -0.035562 0.30586 -0.95141
vn -0.8579 -0.3023 -0.41547
vn -0.052042 -0.99815 0.031418
vn -0.8579 -0.3023 -0.41547
vn 0.7703 -0.38999 -0.50452
vn -0.052042 -0.99815 0.031418
vn -0.035562 0.30586 -0.95141
vn 0.7703 -0.38999 -0.50452
vn -0.035562 0.30586 -0.95141
vn -0.8579 -0.3023 -0.41547
vn 0.7703 -0.38999 -0.50452
vn 0.31371 0.94499 0.092595
vn 0.55197 -0.46838 -0.68989
vn 0.95988 0.0066113 0.28033
vn 0.31371 0.94499 0.092595
vn 0.95988 0.0066113 0.28033
vn -0.094197 0.47 -0.87762
vn 0.31371 0.94499 0.092595
vn 0.55197 -0.46838 -0.68989
vn -0.094197 0.47 -0.87762
vn 0.55197 -0.46838 -0.68989
vn 0.95988 0.0066113 0.28033
vn -0.094197 0.47 -0.87762
vn 0.17654 -0.97081 0.16237
vn -0.45636 0.11274 -0.88263
vn -0.86612 -0.4998 0.006316
vn 0.17654 -0.97081 0.16237
vn -0.86612 -0.4998 0.006316
vn 0.5863 -0.35826 -0.72657
vn 0.17654 -0.97081 0.16237
vn -0.45636 0.11274 -0.88263
vn 0.5863 -0.35826 -0.72657
vn -0.45636 0.11274 -0.88263
vn -0.86612 -0.4998 0.006316
vn 0.5863 -0.35826 -0.72657
vn -0.55318 -0.83173 -0.046971
vn -0.39732 0.69863 -0.59502
vn -0.93227 0.20234 0.29989
vn -0.55318 -0.83173 -0.046971
vn -0.93227 0.20234 0.29989
vn -0.018239 -0.33545 -0.94188
vn -0.55318 -0.83173 -0.046971
vn -0.39732 0.69863 -0.59502
vn -0.018239 -0.33545 -0.94188
vn -0.39732 0.69863 -0.59502
vn -0.93227 0.20234 0.29989
vn -0.018239 -0.33545 -0.94188
vn -0.66728 -0.53015 -0.52314
vn -0.47484 0.69976 0.53372
vn -0.64305 -0.43875 0.62768
vn -0.66728 -0.53015 -0.52314
vn -0.64305 -0.43875 0.62768
vn -0.49908 0.60836 -0.6171
vn -0.66728 -0.53015 -0.52314
vn -0.47484 0.69976 0.53372
vn -0.49908 0.60836 -0.6171
vn -0.47484 0.69976 0.53372
vn -0.64305 -0.43875 0.62768
vn -0.49908 0.60836 -0.6171
vn 0.47023 -0.80331 0.36548
vn 0.34653 0.82277 0.45052
vn 0.98222 0.083514 -0.16813
vn 0.47023 -0.80331 0.36548
vn 0.98222 0.083514 -0.16813
vn -0.16546 -0.064056 0.98413
vn 0.47023 -0.80331 0.36548
vn 0.34653 0.82277 0.45052
vn -0.16546 -0.064056 0.98413
vn 0.34653 0.82277 0.45052
vn 0.98222 0.083514 -0.16813
vn -0.16546 -0.064056 0.98413
vn -0.76386 0.58781 0.26644
vn 0.5412 -0.23037 0.80873
vn -0.57618 -0.48115 0.66069
vn -0.76386 0.58781 0.26644
vn -0.57618 -0.48115 0.66069
vn 0.35351 0.83859 0.41448
vn -0.76386 0.58781 0.26644
vn 0.5412 -0.23037 0.80873
vn 0.35351 0.83859 0.41448
vn 0.5412 -0.23037 0.80873
vn -0.57618 -0.48115 0.66069
vn 0.35351 0.83859 0.41448
vn -0.31156 -0.94682 0.080368
vn 0.99465 0.033057 0.097846
vn 0.42408 -0.55251 -0.71756
vn -0.31156 -0.94682 0.080368
vn 0.42408 -0.55251 -0.71756
vn 0.25901 -0.36125 0.89577
vn -0.31156 -0.94682 0.080368
vn 0.99465 0.033057 0.097846
vn 0.25901 -0.36125 0.89577
vn 0.99465 0.033057 0.097846
vn 0.42408 -0.55251 -0.71756
vn 0.25901 -0.36125 0.89577
vn 0.53347 0.83628 -0.12667
vn 0.20993 -0.39718 0.89341
vn -0.23177 0.65533 0.7189
vn 0.53347 0.83628 -0.12667
vn -0.23177 0.65533 0.7189
vn 0.97517 -0.21623 0.047828
vn 0.53347 0.83628 -0.12667
vn 0.20993 -0.39718 0.89341
vn 0.97517 -0.21623 0.047828
vn 0.20993 -0.39718 0.89341
vn -0.23177 0.65533 0.7189
vn 0.97517 -0.21623 0.047828
vn 0.93429 0.26396 0.23964
vn -0.64279 0.44862 0.62094
vn 0.096907 0.9921 -0.079638
vn 0.93429 0.26396 0.23964
vn 0.096907 0.9921 -0.079638
vn 0.19459 -0.27952 0.94021
vn 0.93429 0.26396 0.23964
vn -0.64279 0.44862 0.62094
vn 0.19459 -0.27952 0.94021
vn -0.64279 0.44862 0.62094
vn 0.096907 0.9921 -0.079638
vn 0.19459 -0.27952 0.94021
vn -0.45329 0.66382 -0.59488
vn -0.68072 -0.44668 0.58059
vn -0.67066 -0.47004 -0.57383
vn -0.45329 0.66382 -0.59488
vn -0.67066 -0.47004 -0.57383
vn -0.46335 0.68718 0.55954
vn -0.45329 0.66382 -0.59488
vn -0.68072 -0.44668 0.58059
vn -0.46335 0.68718 0.55954
vn -0.68072 -0.44668 0.58059
vn -0.67066 -0.47004 -0.57383
vn -0.46335 0.68718 0.55954
vn -0.44438 -0.69018 -0.57112
vn 0.19003 -0.38628 0.9026
vn 0.60337 -0.7916 -0.0965
vn -0.44438 -0.69018 -0.57112
vn 0.60337 -0.7916 -0.0965
vn -0.85772 -0.28486 0.42798
vn -0.44438 -0.69018 -0.57112
vn 0.19003 -0.38628 0.9026
vn -0.85772 -0.28486 0.42798
vn 0.19003 -0.38628 0.9026
vn 0.60337 -0.7916 -0.0965
vn -0.85772 -0.28486 0.42798
vn 0.67669 0.4679 0.56847
vn -0.84558 -0.12117 0.51992
vn -0.35478 0.89434 0.27256
vn 0.67669 0.4679 0.56847
vn -0.35478 0.89434 0.27256
vn 0.18589 -0.54761 0.81582
vn 0.67669 0.4679 0.56847
vn -0.84558 -0.12117 0.51992
vn 0.18589 -0.54761 0.81582
vn -0.84558 -0.12117 0.51992
vn -0.35478 0.89434 0.27256
vn 0.18589 -0.54761 0.81582
vn -0.84142 -0.28152 -0.46126
vn 0.26613 -0.69896 0.6638
vn 0.1534 -0.86764 -0.47294
vn -0.84142 -0.28152 -0.46126
vn 0.1534 -0.86764 -0.47294
vn -0.72869 -0.11285 0.67548
vn -0.84142 -0.28152 -0.46126
vn 0.26613 -0.69896 0.6638
vn -0.72869 -0.11285 0.67548
vn 0.26613 -0.69896 0.6638
vn 0.1534 -0.86764 -0.47294
vn -0.72869 -0.11285 0.67548
vn 0.89986 -0.3717 -0.22824
vn -0.016011 0.26621 0.96378
vn 0.69955 0.69516 0.16546
vn 0.89986 -0.3717 -0.22824
vn 0.69955 0.69516 0.16546
vn 0.1843 -0.80065 0.57008
vn 0.89986 -0.3717 -0.22824
vn -0.016011 0.26621 0.96378
vn 0.1843 -0.80065 0.57008
vn -0.016011 0.26621 0.96378
vn 0.69955 0.69516 0.16546
vn 0.1843 -0.80065 0.57008
vn 0.75787 -0.38832 0.52425
vn 0.15979 0.97668 -0.14337
vn 0.85404 0.12754 -0.50433
vn 0.75787 -0.38832 0.52425
vn 0.85404 0.12754 -0.50433
vn 0.063611 0.46083 0.88521
vn 0.75787 -0.38832 0.52425
vn 0.15979 0.97668 -0.14337
vn 0.063611 0.46083 0.88521
vn 0.15979 0.97668 -0.14337
vn 0.85404 0.12754 -0.50433
vn 0.063611 0.46083 0.88521
vn -0.62331 0.49607 -0.60449
vn -0.041022 0.3949 0.91781
vn -0.93319 -0.071423 0.35221
vn -0.62331 0.49607 -0.60449
vn -0.93319 -0.071423 0.35221
vn 0.26886 0.96239 -0.038886
vn -0.62331 0.49607 -0.60449
vn -0.041022 0.3949 0.91781
vn 0.26886 0.96239 -0.038886
vn -0.041022 0.3949 0.91781
vn -0.93319 -0.071423 0.35221
vn 0.26886 0.96239 -0.038886
vn -0.14772 0.96356 0.22302
vn -0.87487 -0.48405 0.017219
vn -0.61915 0.40652 -0.67186
vn -0.14772 0.96356 0.22302
vn -0.61915 0.40652 -0.67186
vn -0.40344 0.072986 0.91209
vn -0.14772 0.96356 0.22302
vn -0.87487 -0.48405 0.017219
vn -0.40344 0.072986 0.91209
vn -0.87487 -0.48405 0.017219
vn -0.61915 0.40652 -0.67186
vn -0.40344 0.072986 0.91209
vn -0.4612 -0.14894 0.87471
vn -0.45256 0.74293 -0.4932
vn 0.042296 0.83681 0.54586
vn -0.4612 -0.14894 0.87471
vn 0.042296 0.83681 0.54586
vn -0.95605 -0.24281 -0.16435
vn -0.4612 -0.14894 0.87471
vn -0.45256 0.74293 -0.4932
vn -0.95605 -0.24281 -0.16435
vn -0.45256 0.74293 -0.4932
vn 0.042296 0.83681 0.54586
vn -0.95605 -0.24281 -0.16435
f 1/1 4/4 7/7
f 2/2 8/8 10/10
f 3/3 5/5 11/11
f 6/6 9/9 12/12
f 13/13 16/16 19/19
f 14/14 20/20 22/22
f 15/15 17/17 23/23
f 18/18 21/21 24/24
f 25/25 28/28 31/31
f 26/26 32/32 34/34
f 27/27 29/29 35/35
f 30/30 33/33 36/36
f 37/37 40/40 43/43
f 38/38 44/44 46/46
f 39/39 41/41 47/47
f 42/42 45/45 48/48
f 49/49 52/52 55/55
f 50/50 56/56 58/58
f 51/51 53/53 59/59
f 54/54 57/57 60/60
f 61/61 64/64 67/67
f 62/62 68/68 70/70
f 63/63 65/65 71/71
f 66/66 69/69 72/72
f 73/73 76/76 79/79
f 74/74 80/80 82/82
f 75/75 77/77 83/83
f 78/78 81/81 84/84
f 85/85 88/88 91/91
f 86/86 92/92 94/94
f 87/87 89/89 95/95
f 90/90 93/93 96/96
f 97/97 100/100 103/103
f 98/98 104/104 106/106
f 99/99 101/101 107/107
f 102/102 105/105 108/108
f 109/109 112/112 115/115
f 110/110 116/116 118/118
f 111/111 113/113 119/119
f 114/114 117/117 120/120
f 121/121 124/124 127/127
f 122/122 128/128 130/130
f 123/123 125/125 131/131
f 126/126 129/129 132/132
f 133/133 136/136 139/139
f 134/134 140/140 142/142
f 135/135 137/137 143/143
f 138/138 141/141 144/144
f 145/145 148/148 151/151
f 146/146 152/152 154/154
f 147/147 149/149 155/155
f 150/150 153/153 156/156
f 157/157 160/160 163/163
f 158/158 164/164 166/166
f 159/159 161/161 167/167
f 162/162 165/165 168/168
f 169/169 172/172 175/175
f 170/170 176/176 178/178
f 171/171 173/173 179/179
f 174/174 177/177 180/180
f 181/181 184/184 187/187
f 182/182 188/188 190/190
f 183/183 185/185 191/191
f 186/186 189/189 192/192
f 193/193 196/196 199/199
f 194/194 200/200 202/202
f 195/195 197/197 203/203
f 198/198 201/201 204/204
f 205/205 208/208 211/211
f 206/206 212/212 214/214
f 207/207 209/209 215/215
f 210/210 213/213 216/216
f 217/217 220/220 223/223
f 218/218 224/224 226/226
f 219/219 221/221 227/227
f 222/222 225/225 228/228
f 229/229 232/232 235/235
f 230/230 236/236 238/238
f 231/231 233/233 239/239
f 234/234 237/237 240/240
f 241/241 244/244 247/247
f 242/242 248/248 250/250
f 243/243 245/245 251/251
f 246/246 249/249 252/252
f 253/253 256/256 259/259
f 254/254 260/260 262/262
f 255/255 257/257 263/263
f 258/258 261/261 264/264
f 265/265 268/268 271/271
f 266/266 272/272 274/274
f 267/267 269/269 275/275
f 270/270 273/273 276/276
f 277/277 280/280 283/283
f 278/278 284/284 286/286
f 279/279 281/281 287/287
f 282/282 285/285 288/288
f 289/289 292/292 295/295
f 290/290 296/296 298/298
f 291/291 293/293 299/299
f 294/294 297/297 300/300
f 301/301 304/304 307/307
f 302/302 308/308 310/310
f 303/303 305/305 311/311
f 306/306 309/309 312/312
f 313/313 316/316 319/319
f 314/314 320/320 322/322
f 315/315 317/317 323/323
f 318/318 321/321 324/324
f 325/325 328/328 331/331
f 326/326 332/332 334/334
f 327/327 329/329 335/335
f 330/330 333/333 336/336
f 337/337 340/340 343/343
f 338/338 344/344 346/346
f 339/339 341/341 347/347
f 342/342 345/345 348/348
f 349/349 352/352 355/355
f 350/350 356/356 358/358
f 351/351 353/353 359/359
f 354/354 357/357 360/360
f 361/361 364/364 367/367
f 362/362 368/368 370/370
f 363/363 365/365 371/371
f 366/366 369/369 372/372
f 373/373 376/376 379/379
f 374/374 380/380 382/382
f 375/375 377/377 383/383
f 378/378 381/381 384/384
f 385/385 388/388 391/391
f 386/386 392/392 394/394
f 387/387 389/389 395/395
f 390/390 393/393 396/396
f 397/397 400/400 403/403
f 398/398 404/404 406/406
f 399/399 401/401 407/407
f 402/402 405/405 408/408
f 409/409 412/412 415/415
f 410/410 416/416 418/418
f 411/411 413/413 419/419
f 414/414 417/417 420/420
f 421/421 424/424 427/427
f 422/422 428/428 430/430
f 423/423 425/425 431/431
f 426/426 429/429 432/432
f 433/433 436/436 439/439
f 434/434 440/440 442/442
f 435/435 437/437 443/443
f 438/438 441/441 444/444
f 445/445 448/448 451/451
f 446/446 452/452 454/454
f 447/447 449/449 455/455
f 450/450 453/453 456/456
f 457/457 460/460 463/463
f 458/458 464/464 466/466
f 459/459 461/461 467/467
f 462/462 465/465 468/468
f 469/469 472/472 475/475
f 470/470 476/476 478/478
f 471/471 473/473 479/479
f 474/474 477/477 480/480
f 481/481 484/484 487/487
f 482/482 488/488 490/490
f 483/483 485/485 491/491
f 486/486 489/489 492/492
f 493/493 496/496 499/499
f 494/494 500/500 502/502
f 495/495 497/497 503/503
f 498/498 501/501 504/504
f 505/505 508/508 511/511
f 506/506 512/512 514/514
f 507/507 509/509 515/515
f 510/510 513/513 516/516
f 517/517 520/520 523/523
f 518/518 524/524 526/526
f 519/519 521/521 527/527
f 522/522 525/525 528/528
f 529/529 532/532 535/535
f 530/530 536/536 538/538
f 531/531 533/533 539/539
f 534/534 537/537 540/540
f 541/541 544/544 547/547
f 542/542 548/548 550/550
f 543/543 545/545 551/551
f 546/546 549/549 552/552
f 553/553 556/556 559/559
f 554/554 560/560 562/562
f 555/555 557/557 563/563
f 558/558 561/561 564/564
f 565/565 568/568 571/571
f 566/566 572/572 574/574
f 567/567 569/569 575/575
f 570/570 573/573 576/576
f 577/577 580/580 583/583
f 578/578 584/584 586/586
f 579/579 581/581 587/587
f 582/582 585/585 588/588
f 589/589 592/592 595/595
f 590/590 596/596 598/598
f 591/591 593/593 599/599
f 594/594 597/597 600/600
f 601/601 604/604 607/607
f 602/602 608/608 610/610
f 603/603 605/605 611/611
f 606/606 609/609 612/612
f 613/613 616/616 619/619
f 614/614 620/620 622/622
f 615/615 617/617 623/623
f 618/618 621/621 624/624
f 625/625 628/628 631/631
f 626/626 632/632 634/634
f 627/627 629/629 635/635
f 630/630 633/633 636/636
f 637/637 640/640 643/643
f 638/638 644/644 646/646
f 639/639 641/641 647/647
f 642/642 645/645 648/648
f 649/649 652/652 655/655
f 650/650 656/656 658/658
f 651/651 653/653 659/659
f 654/654 657/657 660/660
f 661/661 664/664 667/667
f 662/662 668/668 670/670
f 663/663 665/665 671/671
f 666/666 669/669 672/672
f 673/673 676/676 679/679
f 674/674 680/680 682/682
f 675/675 677/677 683/683
f 678/678 681/681 684/684
f 685/685 688/688 691/691
f 686/686 692/692 694/694
f 687/687 689/689 695/695
f 690/690 693/693 696/696
f 697/697 700/700 703/703
f 698/698 704/704 706/706
f 699/699 701/701 707/707
f 702/702 705/705 708/708
f 709/709 712/712 715/715
f 710/710 716/716 718/718
f 711/711 713/713 719/719
f 714/714 717/717 720/720
f 721/721 724/724 727/727
f 722/722 728/728 730/730
f 723/723 725/725 731/731
f 726/726 729/729 732/732
f 733/733 736/736 739/739
f 734/734 740/740 742/742
f 735/735 737/737 743/743
f 738/738 741/741 744/744
f 745/745 748/748 751/751
f 746/746 752/752 754/754
f 747/747 749/749 755/755
f 750/750 753/753 756/756
f 757/757 760/760 763/763
f 758/758 764/764 766/766
f 759/759 761/761 767/767
f 762/762 765/765 768/768
f 769/769 772/772 775/775
f 770/770 776/776 778/778
f 771/771 773/773 779/779
f 774/774 777/777 780/780
f 781/781 784/784 787/787
f 782/782 788/788 790/790
f 783/783 785/785 791/791
f 786/786 789/789 792/792
f 793/793 796/796 799/799
f 794/794 800/800 802/802
f 795/795 797/797 803/803
f 798/798 801/801 804/804
f 805/805 808/808 811/811
f 806/806 812/812 814/814
f 807/807 809/809 815/815
f 810/810 813/813 816/816
f 817/817 820/820 823/823
f 818/818 824/824 826/826
f 819/819 821/821 827/827
f 822/822 825/825 828/828
f 829/829 832/832 835/835
f 830/830 836/836 838/838
f 831/831 833/833 839/839
f 834/834 837/837 840/840
f 841/841 844/844 847/847
f 842/842 848/848 850/850
f 843/843 845/845 851/851
f 846/846 849/849 852/852
f 853/853 856/856 859/859
f 854/854 860/860 862/862
f 855/855 857/857 863/863
f 858/858 861/861 864/864
f 865/865 868/868 871/871
f 866/866 872/872 874/874
f 867/867 869/869 875/875
f 870/870 873/873 876/876
f 877/877 880/880 883/883
f 878/878 884/884 886/886
f 879/879 881/881 887/887
f 882/882 885/885 888/888
f 889/889 892/892 895/895
f 890/890 896/896 898/898
f 891/891 893/893 899/899
f 894/894 897/897 900/900
f 901/901 904/904 907/907
f 902/902 908/908 910/910
f 903/903 905/905 911/911
f 906/906 909/909 912/912
f 913/913 916/916 919/919
f 914/914 920/920 922/922
f 915/915 917/917 923/923
f 918/918 921/921 924/924
f 925/925 928/928 931/931
f 926/926 932/932 934/934
f 927/927 929/929 935/935
f 930/930 933/933 936/936
f 937/937 940/940 943/943
f 938/938 944/944 946/946
f 939/939 941/941 947/947
f 942/942 945/945 948/948
f 949/949 952/952 955/955
f 950/950 956/956 958/958
f 951/951 953/953 959/959
f 954/954 957/957 960/960
f 961/961 964/964 967/967
f 962/962 968/968 970/970
f 963/963 965/965 971/971
f 966/966 969/969 972/972
f 973/973 976/976 979/979
f 974/974 980/980 982/982
f 975/975 977/977 983/983
f 978/978 981/981 984/984
f 985/985 988/988 991/991
f 986/986 992/992 994/994
f 987/987 989/989 995/995
f 990/990 993/993 996/996
f 997/997 1000/1000 1003/1003
f 998/998 1004/1004 1006/1006
f 999/999 1001/1001 1007/1007
f 1002/1002 1005/1005 1008/1008
f 1009/1009 1012/1012 1015/1015
f 1010/1010 1016/1016 1018/1018
f 1011/1011 1013/1013 1019/1019
f 1014/1014 1017/1017 1020/1020
f 1021/1021 1024/1024 1027/1027
f 1022/1022 1028/1028 1030/1030
f 1023/1023 1025/1025 1031/1031
f 1026/1026 1029/1029 1032/1032
f 1033/1033 1036/1036 1039/1039
f 1034/1034 1040/1040 1042/1042
f 1035/1035 1037/1037 1043/1043
f 1038/1038 1041/1041 1044/1044
f 1045/1045 1048/1048 1051/1051
f 1046/1046 1052/1052 1054/1054
f 1047/1047 1049/1049 1055/1055
f 1050/1050 1053/1053 1056/1056
f 1057/1057 1060/1060 1063/1063
f 1058/1058 1064/1064 1066/1066
f 1059/1059 1061/1061 1067/1067
f 1062/1062 1065/1065 1068/1068
f 1069/1069 1072/1072 1075/1075
f 1070/1070 1076/1076 1078/1078
f 1071/1071 1073/1073 1079/1079
f 1074/1074 1077/1077 1080/1080
f 1081/1081 1084/1084 1087/1087
f 1082/1082 1088/1088 1090/1090
f 1083/1083 1085/1085 1091/1091
f 1086/1086 1089/1089 1092/1092
f 1093/1093 1096/1096 1099/1099
f 1094/1094 1100/1100 1102/1102
f 1095/1095 1097/1097 1103/1103
f 1098/1098 1101/1101 1104/1104
f 1105/1105 1108/1108 1111/1111
f 1106/1106 1112/1112 1114/1114
f 1107/1107 1109/1109 1115/1115
f 1110/1110 1113/1113 1116/1116
f 1117/1117 1120/1120 1123/1123
f 1118/1118 1124/1124 1126/1126
f 1119/1119 1121/1121 1127/1127
f 1122/1122 1125/1125 1128/1128
f 1129/1129 1132/1132 1135/1135
f 1130/1130 1136/1136 1138/1138
f 1131/1131 1133/1133 1139/1139
f 1134/1134 1137/1137 1140/1140
f 1141/1141 1144/1144 1147/1147
f 1142/1142 1148/1148 1150/1150
f 1143/1143 1145/1145 1151/1151
f 1146/1146 1149/1149 1152/1152
f 1153/1153 1156/1156 1159/1159
f 1154/1154 1160/1160 1162/1162
f 1155/1155 1157/1157 1163/1163
f 1158/1158 1161/1161 1164/1164
f 1165/1165 1168/1168 1171/1171
f 1166/1166 1172/1172 1174/1174
f 1167/1167 1169/1169 1175/1175
f 1170/1170 1173/1173 1176/1176
f 1177/1177 1180/1180 1183/1183
f 1178/1178 1184/1184 1186/1186
f 1179/1179 1181/1181 1187/1187
f 1182/1182 1185/1185 1188/1188
f 1189/1189 1192/1192 1195/1195
f 1190/1190 1196/1196 1198/1198
f 1191/1191 1193/1193 1199/1199
f 1194/1194 1197/1197 1200/1200
f 1201/1201 1204/1204 1207/1207
f 1202/1202 1208/1208 1210/1210
f 1203/1203 1205/1205 1211/1211
f 1206/1206 1209/1209 1212/1212
f 1213/1213 1216/1216 1219/1219
f 1214/1214 1220/1220 1222/1222
f 1215/1215 1217/1217 1223/1223
f 1218/1218 1221/1221 1224/1224
f 1225/1225 1228/1228 1231/1231
f 1226/1226 1232/1232 1234/1234
f 1227/1227 1229/1229 1235/1235
f 1230/1230 1233/1233 1236/1236
f 1237/1237 1240/1240 1243/1243
f 1238/1238 1244/1244 1246/1246
f 1239/1239 1241/1241 1247/1247
f 1242/1242 1245/1245 1248/1248
f 1249/1249 1252/1252 1255/1255
f 1250/1250 1256/1256 1258/1258
f 1251/1251 1253/1253 1259/1259
f 1254/1254 1257/1257 1260/1260
f 1261/1261 1264/1264 1267/1267
f 1262/1262 1268/1268 1270/1270
f 1263/1263 1265/1265 1271/1271
f 1266/1266 1269/1269 1272/1272
f 1273/1273 1276/1276 1279/1279
f 1274/1274 1280/1280 1282/1282
f 1275/1275 1277/1277 1283/1283
f 1278/1278 1281/1281 1284/1284
f 1285/1285 1288/1288 1291/1291
f 1286/1286 1292/1292 1294/1294
f 1287/1287 1289/1289 1295/1295
f 1290/1290 1293/1293 1296/1296
f 1297/1297 1300/1300 1303/1303
f 1298/1298 1304/1304 1306/1306
f 1299/1299 1301/1301 1307/1307
f 1302/1302 1305/1305 1308/1308
f 1309/1309 1312/1312 1315/1315
f 1310/1310 1316/1316 1318/1318
f 1311/1311 1313/1313 1319/1319
f 1314/1314 1317/1317 1320/1320
f 1321/1321 1324/1324 1327/1327
f 1322/1322 1328/1328 1330/1330
f 1323/1323 1325/1325 1331/1331
f 1326/1326 1329/1329 1332/1332
f 1333/1333 1336/1336 1339/1339
f 1334/1334 1340/1340 1342/1342
f 1335/1335 1337/1337 1343/1343
f 1338/1338 1341/1341 1344/1344
f 1345/1345 1348/1348 1351/1351
f 1346/1346 1352/1352 1354/1354
f 1347/1347 1349/1349 1355/1355
f 1350/1350 1353/1353 1356/1356
f 1357/1357 1360/1360 1363/1363
f 1358/1358 1364/1364 1366/1366
f 1359/1359 1361/1361 1367/1367
f 1362/1362 1365/1365 1368/1368
f 1369/1369 1372/1372 1375/1375
f 1370/1370 1376/1376 1378/1378
f 1371/1371 1373/1373 1379/1379
f 1374/1374 1377/1377 1380/1380
f 1381/1381 1384/1384 1387/1387
f 1382/1382 1388/1388 1390/1390
f 1383/1383 1385/1385 1391/1391
f 1386/1386 1389/1389 1392/1392
f 1393/1393 1396/1396 1399/1399
f 1394/1394 1400/1400 1402/1402
f 1395/1395 1397/1397 1403/1403
f 1398/1398 1401/1401 1404/1404
f 1405/1405 1408/1408 1411/1411
f 1406/1406 1412/1412 1414/1414
f 1407/1407 1409/1409 1415/1415
f 1410/1410 1413/1413 1416/1416
f 1417/1417 1420/1420 1423/1423
f 1418/1418 1424/1424 1426/1426
f 1419/1419 1421/1421 1427/1427
f 1422/1422 1425/1425 1428/1428
f 1429/1429 1432/1432 1435/1435
f 1430/1430 1436/1436 1438/1438
f 1431/1431 1433/1433 1439/1439
f 1434/1434 1437/1437 1440/1440
f 1441/1441 1444/1444 1447/1447
f 1442/1442 1448/1448 1450/1450
f 1443/1443 1445/1445 1451/1451
f 1446/1446 1449/1449 1452/1452
f 1453/1453 1456/1456 1459/1459
f 1454/1454 1460/1460 1462/1462
f 1455/1455 1457/1457 1463/1463
f 1458/1458 1461/1461 1464/1464
f 1465/1465 1468/1468 1471/1471
f 1466/1466 1472/1472 1474/1474
f 1467/1467 1469/1469 1475/1475
f 1470/1470 1473/1473 1476/1476
f 1477/1477 1480/1480 1483/1483
f 1478/1478 1484/1484 1486/1486
f 1479/1479 1481/1481 1487/1487
f 1482/1482 1485/1485 1488/1488
f 1489/1489 1492/1492 1495/1495
f 1490/1490 1496/1496 1498/1498
f 1491/1491 1493/1493 1499/1499
f 1494/1494 1497/1497 1500/1500
f 1501/1501 1504/1504 1507/1507
f 1502/1502 1508/1508 1510/1510
f 1503/1503 1505/1505 1511/1511
f 1506/1506 1509/1509 1512/1512
f 1513/1513 1516/1516 1519/1519
f 1514/1514 1520/1520 1522/1522
f 1515/1515 1517/1517 1523/1523
f 1518/1518 1521/1521 1524/1524
f 1525/1525 1528/1528 1531/1531
f 1526/1526 1532/1532 1534/1534
f 1527/1527 1529/1529 1535/1535
f 1530/1530 1533/1533 1536/1536
f 1537/1537 1540/1540 1543/1543
f 1538/1538 1544/1544 1546/1546
f 1539/1539 1541/1541 1547/1547
f 1542/1542 1545/1545 1548/1548
f 1549/1549 1552/1552 1555/1555
f 1550/1550 1556/1556 1558/1558
f 1551/1551 1553/1553 1559/1559
f 1554/1554 1557/1557 1560/1560
f 1561/1561 1564/1564 1567/1567
f 1562/1562 1568/1568 1570/1570
f 1563/1563 1565/1565 1571/1571
f 1566/1566 1569/1569 1572/1572
f 1573/1573 1576/1576 1579/1579
f 1574/1574 1580/1580 1582/1582
f 1575/1575 1577/1577 1583/1583
f 1578/1578 1581/1581 1584/1584
f 1585/1585 1588/1588 1591/1591
f 1586/1586 1592/1592 1594/1594
f 1587/1587 1589/1589 1595/1595
f 1590/1590 1593/1593 1596/1596
f 1597/1597 1600/1600 1603/1603
f 1598/1598 1604/1604 1606/1606
f 1599/1599 1601/1601 1607/1607
f 1602/1602 1605/1605 1608/1608
f 1609/1609 1612/1612 1615/1615
f 1610/1610 1616/1616 1618/1618
f 1611/1611 1613/1613 1619/1619
f 1614/1614 1617/1617 1620/1620
f 1621/1621 1624/1624 1627/1627
f 1622/1622 1628/1628 1630/1630
f 1623/1623 1625/1625 1631/1631
f 1626/1626 1629/1629 1632/1632
f 1633/1633 1636/1636 1639/1639
f 1634/1634 1640/1640 1642/1642
f 1635/1635 1637/1637 1643/1643
f 1638/1638 1641/1641 1644/1644
f 1645/1645 1648/1648 1651/1651
f 1646/1646 1652/1652 1654/1654
f 1647/1647 1649/1649 1655/1655
f 1650/1650 1653/1653 1656/1656
f 1657/1657 1660/1660 1663/1663
f 1658/1658 1664/1664 1666/1666
f 1659/1659 1661/1661 1667/1667
f 1662/1662 1665/1665 1668/1668
f 1669/1669 1672/1672 1675/1675
f 1670/1670 1676/1676 1678/1678
f 1671/1671 1673/1673 1679/1679
f 1674/1674 1677/1677 1680/1680
f 1681/1681 1684/1684 1687/1687
f 1682/1682 1688/1688 1690/1690
f 1683/1683 1685/1685 1691/1691
f 1686/1686 1689/1689 1692/1692
f 1693/1693 1696/1696 1699/1699
f 1694/1694 1700/1700 1702/1702
f 1695/1695 1697/1697 1703/1703
f 1698/1698 1701/1701 1704/1704
f 1705/1705 1708/1708 1711/1711
f 1706/1706 1712/1712 1714/1714
f 1707/1707 1709/1709 1715/1715
f 1710/1710 1713/1713 1716/1716
f 1717/1717 1720/1720 1723/1723
f 1718/1718 1724/1724 1726/1726
f 1719/1719 1721/1721 1727/1727
f 1722/1722 1725/1725 1728/1728
f 1729/1729 1732/1732 1735/1735
f 1730/1730 1736/1736 1738/1738
f 1731/1731 1733/1733 1739/1739
f 1734/1734 1737/1737 1740/1740
f 1741/1741 1744/1744 1747/1747
f 1742/1742 1748/1748 1750/1750
f 1743/1743 1745/1745 1751/1751
f 1746/1746 1749/1749 1752/1752
f 1753/1753 1756/1756 1759/1759
f 1754/1754 1760/1760 1762/1762
f 1755/1755 1757/1757 1763/1763
f 1758/1758 1761/1761 1764/1764
f 1765/1765 1768/1768 1771/1771
f 1766/1766 1772/1772 1774/1774
f 1767/1767 1769/1769 1775/1775
f 1770/1770 1773/1773 1776/1776
f 1777/1777 1780/1780 1783/1783
f 1778/1778 1784/1784 1786/1786
f 1779/1779 1781/1781 1787/1787
f 1782/1782 1785/1785 1788/1788
f 1789/1789 1792/1792 1795/1795
f 1790/1790 1796/1796 1798/1798
f 1791/1791 1793/1793 1799/1799
f 1794/1794 1797/1797 1800/1800
f 1801/1801 1804/1804 1807/1807
f 1802/1802 1808/1808 1810/1810
f 1803/1803 1805/1805 1811/1811
f 1806/1806 1809/1809 1812/1812
f 1813/1813 1816/1816 1819/1819
f 1814/1814 1820/1820 1822/1822
f 1815/1815 1817/1817 1823/1823
f 1818/1818 1821/1821 1824/1824
f 1825/1825 1828/1828 1831/1831
f 1826/1826 1832/1832 1834/1834
f 1827/1827 1829/1829 1835/1835
f 1830/1830 1833/1833 1836/1836
f 1837/1837 1840/1840 1843/1843
f 1838/1838 1844/1844 1846/1846
f 1839/1839 1841/1841 1847/1847
f 1842/1842 1845/1845 1848/1848
f 1849/1849 1852/1852 1855/1855
f 1850/1850 1856/1856 1858/1858
f 1851/1851 1853/1853 1859/1859
f 1854/1854 1857/1857 1860/1860
f 1861/1861 1864/1864 1867/1867
f 1862/1862 1868/1868 1870/1870
f 1863/1863 1865/1865 1871/1871
f 1866/1866 1869/1869 1872/1872
f 1873/1873 1876/1876 1879/1879
f 1874/1874 1880/1880 1882/1882
f 1875/1875 1877/1877 1883/1883
f 1878/1878 1881/1881 1884/1884
f 1885/1885 1888/1888 1891/1891
f 1886/1886 1892/1892 1894/1894
f 1887/1887 1889/1889 1895/1895
f 1890/1890 1893/1893 1896/1896
f 1897/1897 1900/1900 1903/1903
f 1898/1898 1904/1904 1906/1906
f 1899/1899 1901/1901 1907/1907
f 1902/1902 1905/1905 1908/1908
f 1909/1909 1912/1912 1915/1915
f 1910/1910 1916/1916 1918/1918
f 1911/1911 1913/1913 1919/1919
f 1914/1914 1917/1917 1920/1920
f 1921/1921 1924/1924 1927/1927
f 1922/1922 1928/1928 1930/1930
f 1923/1923 1925/1925 1931/1931
f 1926/1926 1929/1929 1932/1932
f 1933/1933 1936/1936 1939/1939
f 1934/1934 1940/1940 1942/1942
f 1935/1935 1937/1937 1943/1943
f 1938/1938 1941/1941 1944/1944
f 1945/1945 1948/1948 1951/1951
f 1946/1946 1952/1952 1954/1954
f 1947/1947 1949/1949 1955/1955
f 1950/1950 1953/1953 1956/1956
f 1957/1957 1960/1960 1963/1963
f 1958/1958 1964/1964 1966/1966
f 1959/1959 1961/1961 1967/1967
f 1962/1962 1965/1965 1968/1968
f 1969/1969 1972/1972 1975/1975
f 1970/1970 1976/1976 1978/1978
f 1971/1971 1973/1973 1979/1979
f 1974/1974 1977/1977 1980/1980
f 1981/1981 1984/1984 1987/1987
f 1982/1982 1988/1988 1990/1990
f 1983/1983 1985/1985 1991/1991
f 1986/1986 1989/1989 1992/1992
f 1993/1993 1996/1996 1999/1999
f 1994/1994 2000/2000 2002/2002
f 1995/1995 1997/1997 2003/2003
f 1998/1998 2001/2001 2004/2004
f 2005/2005 2008/2008 2011/2011
f 2006/2006 2012/2012 2014/2014
f 2007/2007 2009/2009 2015/2015
f 2010/2010 2013/2013 2016/2016
f 2017/2017 2020/2020 2023/2023
f 2018/2018 2024/2024 2026/2026
f 2019/2019 2021/2021 2027/2027
f 2022/2022 2025/2025 2028/2028
f 2029/2029 2032/2032 2035/2035
f 2030/2030 2036/2036 2038/2038
f 2031/2031 2033/2033 2039/2039
f 2034/2034 2037/2037 2040/2040
f 2041/2041 2044/2044 2047/2047
f 2042/2042 2048/2048 2050/2050
f 2043/2043 2045/2045 2051/2051
f 2046/2046 2049/2049 2052/2052
f 2053/2053 2056/2056 2059/2059
f 2054/2054 2060/2060 2062/2062
f 2055/2055 2057/2057 2063/2063
f 2058/2058 2061/2061 2064/2064
f 2065/2065 2068/2068 2071/2071
f 2066/2066 2072/2072 2074/2074
f 2067/2067 2069/2069 2075/2075
f 2070/2070 2073/2073 2076/2076
f 2077/2077 2080/2080 2083/2083
f 2078/2078 2084/2084 2086/2086
f 2079/2079 2081/2081 2087/2087
f 2082/2082 2085/2085 2088/2088
f 2089/2089 2092/2092 2095/2095
f 2090/2090 2096/2096 2098/2098
f 2091/2091 2093/2093 2099/2099
f 2094/2094 2097/2097 2100/2100
f 2101/2101 2104/2104 2107/2107
f 2102/2102 2108/2108 2110/2110
f 2103/2103 2105/2105 2111/2111
f 2106/2106 2109/2109 2112/2112
f 2113/2113 2116/2116 2119/2119
f 2114/2114 2120/2120 2122/2122
f 2115/2115 2117/2117 2123/2123
f 2118/2118 2121/2121 2124/2124
f 2125/2125 2128/2128 2131/2131
f 2126/2126 2132/2132 2134/2134
f 2127/2127 2129/2129 2135/2135
f 2130/2130 2133/2133 2136/2136
f 2137/2137 2140/2140 2143/2143
f 2138/2138 2144/2144 2146/2146
f 2139/2139 2141/2141 2147/2147
f 2142/2142 2145/2145 2148/2148
f 2149/2149 2152/2152 2155/2155
f 2150/2150 2156/2156 2158/2158
f 2151/2151 2153/2153 2159/2159
f 2154/2154 2157/2157 2160/2160
f 2161/2161 2164/2164 2167/2167
f 2162/2162 2168/2168 2170/2170
f 2163/2163 2165/2165 2171/2171
f 2166/2166 2169/2169 2172/2172
f 2173/2173 2176/2176 2179/2179
f 2174/2174 2180/2180 2182/2182
f 2175/2175 2177/2177 2183/2183
f 2178/2178 2181/2181 2184/2184
f 2185/2185 2188/2188 2191/2191
f 2186/2186 2192/2192 2194/2194
f 2187/2187 2189/2189 2195/2195
f 2190/2190 2193/2193 2196/2196
f 2197/2197 2200/2200 2203/2203
f 2198/2198 2204/2204 2206/2206
f 2199/2199 2201/2201 2207/2207
f 2202/2202 2205/2205 2208/2208
f 2209/2209 2212/2212 2215/2215
f 2210/2210 2216/2216 2218/2218
f 2211/2211 2213/2213 2219/2219
f 2214/2214 2217/2217 2220/2220
f 2221/2221 2224/2224 2227/2227
f 2222/2222 2228/2228 2230/2230
f 2223/2223 2225/2225 2231/2231
f 2226/2226 2229/2229 2232/2232
f 2233/2233 2236/2236 2239/2239
f 2234/2234 2240/2240 2242/2242
f 2235/2235 2237/2237 2243/2243
f 2238/2238 2241/2241 2244/2244
f 2245/2245 2248/2248 2251/2251
f 2246/2246 2252/2252 2254/2254
f 2247/2247 2249/2249 2255/2255
f 2250/2250 2253/2253 2256/2256
f 2257/2257 2260/2260 2263/2263
f 2258/2258 2264/2264 2266/2266
f 2259/2259 2261/2261 2267/2267
f 2262/2262 2265/2265 2268/2268
f 2269/2269 2272/2272 2275/2275
f 2270/2270 2276/2276 2278/2278
f 2271/2271 2273/2273 2279/2279
f 2274/2274 2277/2277 2280/2280
f 2281/2281 2284/2284 2287/2287
f 2282/2282 2288/2288 2290/2290
f 2283/2283 2285/2285 2291/2291
f 2286/2286 2289/2289 2292/2292
f 2293/2293 2296/2296 2299/2299
f 2294/2294 2300/2300 2302/2302
f 2295/2295 2297/2297 2303/2303
f 2298/2298 2301/2301 2304/2304
f 2305/2305 2308/2308 2311/2311
f 2306/2306 2312/2312 2314/2314
f 2307/2307 2309/2309 2315/2315
f 2310/2310 2313/2313 2316/2316
f 2317/2317 2320/2320 2323/2323
f 2318/2318 2324/2324 2326/2326
f 2319/2319 2321/2321 2327/2327
f 2322/2322 2325/2325 2328/2328
f 2329/2329 2332/2332 2335/2335
f 2330/2330 2336/2336 2338/2338
f 2331/2331 2333/2333 2339/2339
f 2334/2334 2337/2337 2340/2340
f 2341/2341 2344/2344 2347/2347
f 2342/2342 2348/2348 2350/2350
f 2343/2343 2345/2345 2351/2351
f 2346/2346 2349/2349 2352/2352
f 2353/2353 2356/2356 2359/2359
f 2354/2354 2360/2360 2362/2362
f 2355/2355 2357/2357 2363/2363
f 2358/2358 2361/2361 2364/2364
f 2365/2365 2368/2368 2371/2371
f 2366/2366 2372/2372 2374/2374
f 2367/2367 2369/2369 2375/2375
f 2370/2370 2373/2373 2376/2376
f 2377/2377 2380/2380 2383/2383
f 2378/2378 2384/2384 2386/2386
f 2379/2379 2381/2381 2387/2387
f 2382/2382 2385/2385 2388/2388
f 2389/2389 2392/2392 2395/2395
f 2390/2390 2396/2396 2398/2398
f 2391/2391 2393/2393 2399/2399
f 2394/2394 2397/2397 2400/2400
f 2401/2401 2404/2404 2407/2407
f 2402/2402 2408/2408 2410/2410
f 2403/2403 2405/2405 2411/2411
f 2406/2406 2409/2409 2412/2412
f 2413/2413 2416/2416 2419/2419
f 2414/2414 2420/2420 2422/2422
f 2415/2415 2417/2417 2423/2423
f 2418/2418 2421/2421 2424/2424
f 2425/2425 2428/2428 2431/2431
f 2426/2426 2432/2432 2434/2434
f 2427/2427 2429/2429 2435/2435
f 2430/2430 2433/2433 2436/2436
f 2437/2437 2440/2440 2443/2443
f 2438/2438 2444/2444 2446/2446
f 2439/2439 2441/2441 2447/2447
f 2442/2442 2445/2445 2448/2448
f 2449/2449 2452/2452 2455/2455
f 2450/2450 2456/2456 2458/2458
f 2451/2451 2453/2453 2459/2459
f 2454/2454 2457/2457 2460/2460
f 2461/2461 2464/2464 2467/2467
f 2462/2462 2468/2468 2470/2470
f 2463/2463 2465/2465 2471/2471
f 2466/2466 2469/2469 2472/2472
f 2473/2473 2476/2476 2479/2479
f 2474/2474 2480/2480 2482/2482
f 2475/2475 2477/2477 2483/2483
f 2478/2478 2481/2481 2484/2484
f 2485/2485 2488/2488 2491/2491
f 2486/2486 2492/2492 2494/2494
f 2487/2487 2489/2489 2495/2495
f 2490/2490 2493/2493 2496/2496
f 2497/2497 2500/2500 2503/2503
f 2498/2498 2504/2504 2506/2506
f 2499/2499 2501/2501 2507/2507
f 2502/2502 2505/2505 2508/2508
f 2509/2509 2512/2512 2515/2515
f 2510/2510 2516/2516 2518/2518
f 2511/2511 2513/2513 2519/2519
f 2514/2514 2517/2517 2520/2520
f 2521/2521 2524/2524 2527/2527
f 2522/2522 2528/2528 2530/2530
f 2523/2523 2525/2525 2531/2531
f 2526/2526 2529/2529 2532/2532
f 2533/2533 2536/2536 2539/2539
f 2534/2534 2540/2540 2542/2542
f 2535/2535 2537/2537 2543/2543
f 2538/2538 2541/2541 2544/2544
f 2545/2545 2548/2548 2551/2551
f 2546/2546 2552/2552 2554/2554
f 2547/2547 2549/2549 2555/2555
f 2550/2550 2553/2553 2556/2556
f 2557/2557 2560/2560 2563/2563
f 2558/2558 2564/2564 2566/2566
f 2559/2559 2561/2561 2567/2567
f 2562/2562 2565/2565 2568/2568
f 2569/2569 2572/2572 2575/2575
f 2570/2570 2576/2576 2578/2578
f 2571/2571 2573/2573 2579/2579
f 2574/2574 2577/2577 2580/2580
f 2581/2581 2584/2584 2587/2587
f 2582/2582 2588/2588 2590/2590
f 2583/2583 2585/2585 2591/2591
f 2586/2586 2589/2589 2592/2592
f 2593/2593 2596/2596 2599/2599
f 2594/2594 2600/2600 2602/2602
f 2595/2595 2597/2597 2603/2603
f 2598/2598 2601/2601 2604/2604
f 2605/2605 2608/2608 2611/2611
f 2606/2606 2612/2612 2614/2614
f 2607/2607 2609/2609 2615/2615
f 2610/2610 2613/2613 2616/2616
f 2617/2617 2620/2620 2623/2623
f 2618/2618 2624/2624 2626/2626
f 2619/2619 2621/2621 2627/2627
f 2622/2622 2625/2625 2628/2628
f 2629/2629 2632/2632 2635/2635
f 2630/2630 2636/2636 2638/2638
f 2631/2631 2633/2633 2639/2639
f 2634/2634 2637/2637 2640/2640
f 2641/2641 2644/2644 2647/2647
f 2642/2642 2648/2648 2650/2650
f 2643/2643 2645/2645 2651/2651
f 2646/2646 2649/2649 2652/2652
f 2653/2653 2656/2656 2659/2659
f 2654/2654 2660/2660 2662/2662
f 2655/2655 2657/2657 2663/2663
f 2658/2658 2661/2661 2664/2664
f 2665/2665 2668/2668 2671/2671
f 2666/2666 2672/2672 2674/2674
f 2667/2667 2669/2669 2675/2675
f 2670/2670 2673/2673 2676/2676
f 2677/2677 2680/2680 2683/2683
f 2678/2678 2684/2684 2686/2686
f 2679/2679 2681/2681 2687/2687
f 2682/2682 2685/2685 2688/2688
f 2689/2689 2692/2692 2695/2695
f 2690/2690 2696/2696 2698/2698
f 2691/2691 2693/2693 2699/2699
f 2694/2694 2697/2697 2700/2700
f 2701/2701 2704/2704 2707/2707
f 2702/2702 2708/2708 2710/2710
f 2703/2703 2705/2705 2711/2711
f 2706/2706 2709/2709 2712/2712
f 2713/2713 2716/2716 2719/2719
f 2714/2714 2720/2720 2722/2722
f 2715/2715 2717/2717 2723/2723
f 2718/2718 2721/2721 2724/2724
f 2725/2725 2728/2728 2731/2731
f 2726/2726 2732/2732 2734/2734
f 2727/2727 2729/2729 2735/2735
f 2730/2730 2733/2733 2736/2736
f 2737/2737 2740/2740 2743/2743
f 2738/2738 2744/2744 2746/2746
f 2739/2739 2741/2741 2747/2747
f 2742/2742 2745/2745 2748/2748
f 2749/2749 2752/2752 2755/2755
f 2750/2750 2756/2756 2758/2758
f 2751/2751 2753/2753 2759/2759
f 2754/2754 2757/2757 2760/2760
o Tetrahedrons Chain B
v 19.493 10.249 -8.253
v 19.493 10.249 -8.253
v 19.493 10.249 -8.253
v 17.962 8.9388 -10.494
v 17.962 8.9388 -10.494
v 17.962 8.9388 -10.494
v 18.571 7.3926 -7.9799
v 18.571 7.3926 -7.9799
v 18.571 7.3926 -7.9799
v 20.79 8.0833 -9.8996
v 20.79 8.0833 -9.8996
v 20.79 8.0833 -9.8996
v 17.962 8.9388 -10.494
v 17.962 8.9388 -10.494
v 17.962 8.9388 -10.494
v 15.626 10.297 -11.829
v 15.626 10.297 -11.829
v 15.626 10.297 -11.829
v 15.864 7.2936 -11.9
v 15.864 7.2936 -11.9
v 15.864 7.2936 -11.9
v 17.768 8.9945 -13.501
v 17.768 8.9945 -13.501
v 17.768 8.9945 -13.501
v 15.626 10.297 -11.829
v 15.626 10.297 -11.829
v 15.626 10.297 -11.829
v 13.622 11.024 -13.959
v 13.622 11.024 -13.959
v 13.622 11.024 -13.959
v 14.337 13.021 -11.819
v 14.337 13.021 -11.819
v 14.337 13.021 -11.819
v 12.71 10.582 -11.121
v 12.71 10.582 -11.121
v 12.71 10.582 -11.121
v 13.622 11.024 -13.959
v 13.622 11.024 -13.959
v 13.622 11.024 -13.959
v 11.593 11.867 -16.022
v 11.593 11.867 -16.022
v 11.593 11.867 -16.022
v 12.37 8.9661 -15.771
v 12.37 8.9661 -15.771
v 12.37 8.9661 -15.771
v 14.334 10.961 -16.887
v 14.334 10.961 -16.887
v 14.334 10.961 -16.887
v 11.593 11.867 -16.022
v 11.593 11.867 -16.022
v 11.593 11.867 -16.022
v 9.8536 13.081 -18.163
v 9.8536 13.081 -18.163
v 9.8536 13.081 -18.163
v 11.504 14.859 -16.374
v 11.504 14.859 -16.374
v 11.504 14.859 -16.374
v 9.1134 13.402 -15.259
v 9.1134 13.402 -15.259
v 9.1134 13.402 -15.259
v 9.8536 13.081 -18.163
v 9.8536 13.081 -18.163
v 9.8536 13.081 -18.163
v 7.6933 13.774 -20.147
v 7.6933 13.774 -20.147
v 7.6933 13.774 -20.147
v 8.4349 10.892 -19.672
v 8.4349 10.892 -19.672
v 8.4349 10.892 -19.672
v 10.347 12.722 -21.114
v 10.347 12.722 -21.114
v 10.347 12.722 -21.114
v 7.6933 13.774 -20.147
v 7.6933 13.774 -20.147
v 7.6933 13.774 -20.147
v 5.4238 13.964 -22.121
v 5.4238 13.964 -22.121
v 5.4238 13.964 -22.121
v 7.0453 16.414 -21.449
v 7.0453 16.414 -21.449
v 7.0453 16.414 -21.449
v 5.168 15.242 -19.403
v 5.168 15.242 -19.403
v 5.168 15.242 -19.403
v 5.4238 13.964 -22.121
v 5.4238 13.964 -22.121
v 5.4238 13.964 -22.121
v 3.7509 13.47 -24.579
v 3.7509 13.47 -24.579
v 3.7509 13.47 -24.579
v 2.4699 13.431 -21.851
v 2.4699 13.431 -21.851
v 2.4699 13.431 -21.851
v 4.3334 11.209 -22.673
v 4.3334 11.209 -22.673
v 4.3334 11.209 -22.673
v 3.7509 13.47 -24.579
v 3.7509 13.47 -24.579
v 3.7509 13.47 -24.579
v 2.1307 14.566 -26.871
v 2.1307 14.566 -26.871
v 2.1307 14.566 -26.871
v 1.4784 11.856 -25.725
v 1.4784 11.856 -25.725
v 1.4784 11.856 -25.725
v 4.0039 12.249 -27.322
v 4.0039 12.249 -27.322
v 4.0039 12.249 -27.322
v 2.1307 14.566 -26.871
v 2.1307 14.566 -26.871
v 2.1307 14.566 -26.871
v -0.68894 15.07 -27.809
v -0.68894 15.07 -27.809
v -0.68894 15.07 -27.809
v 1.6244 16.406 -29.204
v 1.6244 16.406 -29.204
v 1.6244 16.406 -29.204
v 0.84982 17.256 -26.419
v 0.84982 17.256 -26.419
v 0.84982 17.256 -26.419
v -0.68894 15.07 -27.809
v -0.68894 15.07 -27.809
v -0.68894 15.07 -27.809
v -3.4404 14.448 -28.871
v -3.4404 14.448 -28.871
v -3.4404 14.448 -28.871
v -3.1196 15.64 -26.121
v -3.1196 15.64 -26.121
v -3.1196 15.64 -26.121
v -2.2778 12.793 -26.637
v -2.2778 12.793 -26.637
v -2.2778 12.793 -26.637
v -3.4404 14.448 -28.871
v -3.4404 14.448 -28.871
v -3.4404 14.448 -28.871
v -6.033 15.616 -29.869
v -6.033 15.616 -29.869
v -6.033 15.616 -29.869
v -5.233 12.823 -30.667
v -5.233 12.823 -30.667
v -5.233 12.823 -30.667
v -3.738 15.193 -31.776
v -3.738 15.193 -31.776
v -3.738 15.193 -31.776
v -6.033 15.616 -29.869
v -6.033 15.616 -29.869
v -6.033 15.616 -29.869
v -6.9518 18.423 -29.268
v -6.9518 18.423 -29.268
v -6.9518 18.423 -29.268
v -8.3923 16.073 -28.05
v -8.3923 16.073 -28.05
v -8.3923 16.073 -28.05
v -8.6371 16.625 -31.003
v -8.6371 16.625 -31.003
v -8.6371 16.625 -31.003
v -6.9518 18.423 -29.268
v -6.9518 18.423 -29.268
v -6.9518 18.423 -29.268
v -4.9175 20.564 -29.871
v -4.9175 20.564 -29.871
v -4.9175 20.564 -29.871
v -6.5096 20.675 -27.314
v -6.5096 20.675 -27.314
v -6.5096 20.675 -27.314
v -7.8592 21.214 -29.954
v -7.8592 21.214 -29.954
v -7.8592 21.214 -29.954
v -4.9175 20.564 -29.871
v -4.9175 20.564 -29.871
v -4.9175 20.564 -29.871
v -3.837 19.703 -32.549
v -3.837 19.703 -32.549
v -3.837 19.703 -32.549
v -2.4588 18.827 -30.017
v -2.4588 18.827 -30.017
v -2.4588 18.827 -30.017
v -2.3217 21.709 -30.887
v -2.3217 21.709 -30.887
v -2.3217 21.709 -30.887
v -3.837 19.703 -32.549
v -3.837 19.703 -32.549
v -3.837 19.703 -32.549
v -5.9937 20.533 -34.484
v -5.9937 20.533 -34.484
v -5.9937 20.533 -34.484
v -5.0669 17.666 -34.399
v -5.0669 17.666 -34.399
v -5.0669 17.666 -34.399
v -3.253 19.804 -35.504
v -3.253 19.804 -35.504
v -3.253 19.804 -35.504
v -5.9937 20.533 -34.484
v -5.9937 20.533 -34.484
v -5.9937 20.533 -34.484
v -7.2785 22.649 -32.767
v -7.2785 22.649 -32.767
v -7.2785 22.649 -32.767
v -8.8779 21.287 -34.927
v -8.8779 21.287 -34.927
v -8.8779 21.287 -34.927
v -6.6849 23.217 -35.666
v -6.6849 23.217 -35.666
v -6.6849 23.217 -35.666
v -7.2785 22.649 -32.767
v -7.2785 22.649 -32.767
v -7.2785 22.649 -32.767
v -8.0995 23.347 -29.952
v -8.0995 23.347 -29.952
v -8.0995 23.347 -29.952
v -7.2253 25.52 -31.849
v -7.2253 25.52 -31.849
v -7.2253 25.52 -31.849
v -5.2074 23.556 -30.774
v -5.2074 23.556 -30.774
v -5.2074 23.556 -30.774
v -8.0995 23.347 -29.952
v -8.0995 23.347 -29.952
v -8.0995 23.347 -29.952
v -8.5144 22.016 -27.28
v -8.5144 22.016 -27.28
v -8.5144 22.016 -27.28
v -10.658 21.856 -29.393
v -10.658 21.856 -29.393
v -10.658 21.856 -29.393
v -10.104 24.472 -28.003
v -10.104 24.472 -28.003
v -10.104 24.472 -28.003
v -8.5144 22.016 -27.28
v -8.5144 22.016 -27.28
v -8.5144 22.016 -27.28
v -8.2567 20.666 -24.598
v -8.2567 20.666 -24.598
v -8.2567 20.666 -24.598
v -6.1743 20.199 -26.726
v -6.1743 20.199 -26.726
v -6.1743 20.199 -26.726
v -8.9388 19.041 -27.043
v -8.9388 19.041 -27.043
v -8.9388 19.041 -27.043
v -8.2567 20.666 -24.598
v -8.2567 20.666 -24.598
v -8.2567 20.666 -24.598
v -7.9693 19.728 -21.748
v -7.9693 19.728 -21.748
v -7.9693 19.728 -21.748
v -5.6174 20.962 -23.173
v -5.6174 20.962 -23.173
v -5.6174 20.962 -23.173
v -6.5995 18.227 -23.974
v -6.5995 18.227 -23.974
v -6.5995 18.227 -23.974
v -7.9693 19.728 -21.748
v -7.9693 19.728 -21.748
v -7.9693 19.728 -21.748
v -8.8612 17.911 -19.515
v -8.8612 17.911 -19.515
v -8.8612 17.911 -19.515
v -7.5391 20.544 -18.879
v -7.5391 20.544 -18.879
v -7.5391 20.544 -18.879
v -5.9226 18.293 -20.064
v -5.9226 18.293 -20.064
v -5.9226 18.293 -20.064
v -8.8612 17.911 -19.515
v -8.8612 17.911 -19.515
v -8.8612 17.911 -19.515
v -9.6111 15.088 -20.258
v -9.6111 15.088 -20.258
v -9.6111 15.088 -20.258
v -11.25 17.402 -21.281
v -11.25 17.402 -21.281
v -11.25 17.402 -21.281
v -11.348 16.659 -18.362
v -11.348 16.659 -18.362
v -11.348 16.659 -18.362
v -9.6111 15.088 -20.258
v -9.6111 15.088 -20.258
v -9.6111 15.088 -20.258
v -8.9558 13.024 -22.354
v -8.9558 13.024 -22.354
v -8.9558 13.024 -22.354
v -9.0391 12.243 -19.445
v -9.0391 12.243 -19.445
v -9.0391 12.243 -19.445
v -6.8111 13.994 -20.472
v -6.8111 13.994 -20.472
v -6.8111 13.994 -20.472
v -8.9558 13.024 -22.354
v -8.9558 13.024 -22.354
v -8.9558 13.024 -22.354
v -7.8252 11.551 -24.728
v -7.8252 11.551 -24.728
v -7.8252 11.551 -24.728
v -9.8224 13.77 -25.143
v -9.8224 13.77 -25.143
v -9.8224 13.77 -25.143
v -10.706 11.152 -23.94
v -10.706 11.152 -23.94
v -10.706 11.152 -23.94
v -7.8252 11.551 -24.728
v -7.8252 11.551 -24.728
v -7.8252 11.551 -24.728
v -5.5122 10.931 -26.558
v -5.5122 10.931 -26.558
v -5.5122 10.931 -26.558
v -7.8012 8.9859 -26.31
v -7.8012 8.9859 -26.31
v -7.8012 8.9859 -26.31
v -5.8848 9.3586 -24.014
v -5.8848 9.3586 -24.014
v -5.8848 9.3586 -24.014
v -5.5122 10.931 -26.558
v -5.5122 10.931 -26.558
v -5.5122 10.931 -26.558
v -3.9621 10.9 -29.142
v -3.9621 10.9 -29.142
v -3.9621 10.9 -29.142
v -2.548 11.475 -26.544
v -2.548 11.475 -26.544
v -2.548 11.475 -26.544
v -4.4475 13.505 -27.707
v -4.4475 13.505 -27.707
v -4.4475 13.505 -27.707
v -3.9621 10.9 -29.142
v -3.9621 10.9 -29.142
v -3.9621 10.9 -29.142
v -2.3564 10.118 -31.57
v -2.3564 10.118 -31.57
v -2.3564 10.118 -31.57
v -3.7378 12.795 -31.476
v -3.7378 12.795 -31.476
v -3.7378 12.795 -31.476
v -5.3619 10.269 -31.736
v -5.3619 10.269 -31.736
v -5.3619 10.269 -31.736
v -2.3564 10.118 -31.57
v -2.3564 10.118 -31.57
v -2.3564 10.118 -31.57
v 0.38121 9.8971 -32.811
v 0.38121 9.8971 -32.811
v 0.38121 9.8971 -32.811
v -2.0336 8.8754 -34.297
v -2.0336 8.8754 -34.297
v -2.0336 8.8754 -34.297
v -1.0422 7.42 -31.851
v -1.0422 7.42 -31.851
v -1.0422 7.42 -31.851
v 0.38121 9.8971 -32.811
v 0.38121 9.8971 -32.811
v 0.38121 9.8971 -32.811
v 2.6348 10.43 -30.882
v 2.6348 10.43 -30.882
v 2.6348 10.43 -30.882
v 2.1578 12.301 -33.196
v 2.1578 12.301 -33.196
v 2.1578 12.301 -33.196
v 3.2393 9.5326 -33.695
v 3.2393 9.5326 -33.695
v 3.2393 9.5326 -33.695
v 2.6348 10.43 -30.882
v 2.6348 10.43 -30.882
v 2.6348 10.43 -30.882
v 2.3747 7.8637 -29.322
v 2.3747 7.8637 -29.322
v 2.3747 7.8637 -29.322
v -0.092003 9.4098 -30.102
v -0.092003 9.4098 -30.102
v -0.092003 9.4098 -30.102
v 1.7675 10.501 -27.996
v 1.7675 10.501 -27.996
v 1.7675 10.501 -27.996
v 2.3747 7.8637 -29.322
v 2.3747 7.8637 -29.322
v 2.3747 7.8637 -29.322
v 4.3127 6.2915 -31.012
v 4.3127 6.2915 -31.012
v 4.3127 6.2915 -31.012
v 1.5017 5.2821 -30.609
v 1.5017 5.2821 -30.609
v 1.5017 5.2821 -30.609
v 3.4615 5.2374 -28.32
v 3.4615 5.2374 -28.32
v 3.4615 5.2374 -28.32
v 4.3127 6.2915 -31.012
v 4.3127 6.2915 -31.012
v 4.3127 6.2915 -31.012
v 6.4589 8.4074 -30.991
v 6.4589 8.4074 -30.991
v 6.4589 8.4074 -30.991
v 5.1246 7.6403 -33.582
v 5.1246 7.6403 -33.582
v 5.1246 7.6403 -33.582
v 7.0087 5.7156 -32.23
v 7.0087 5.7156 -32.23
v 7.0087 5.7156 -32.23
v 6.4589 8.4074 -30.991
v 6.4589 8.4074 -30.991
v 6.4589 8.4074 -30.991
v 6.9495 8.8634 -28.053
v 6.9495 8.8634 -28.053
v 6.9495 8.8634 -28.053
v 6.5193 11.213 -29.891
v 6.5193 11.213 -29.891
v 6.5193 11.213 -29.891
v 9.0642 9.6078 -30.067
v 9.0642 9.6078 -30.067
v 9.0642 9.6078 -30.067
v 6.9495 8.8634 -28.053
v 6.9495 8.8634 -28.053
v 6.9495 8.8634 -28.053
v 7.0936 5.9163 -27.439
v 7.0936 5.9163 -27.439
v 7.0936 5.9163 -27.439
v 4.8017 7.5649 -26.384
v 4.8017 7.5649 -26.384
v 4.8017 7.5649 -26.384
v 7.5706 7.9358 -25.253
v 7.5706 7.9358 -25.253
v 7.5706 7.9358 -25.253
v 7.0936 5.9163 -27.439
v 7.0936 5.9163 -27.439
v 7.0936 5.9163 -27.439
v 9.6148 5.4772 -29.03
v 9.6148 5.4772 -29.03
v 9.6148 5.4772 -29.03
v 7.1559 3.8373 -29.62
v 7.1559 3.8373 -29.62
v 7.1559 3.8373 -29.62
v 8.6903 3.3876 -27.065
v 8.6903 3.3876 -27.065
v 8.6903 3.3876 -27.065
v 9.6148 5.4772 -29.03
v 9.6148 5.4772 -29.03
v 9.6148 5.4772 -29.03
v 11.157 7.501 -27.415
v 11.157 7.501 -27.415
v 11.157 7.501 -27.415
v 10.397 8.1121 -30.267
v 10.397 8.1121 -30.267
v 10.397 8.1121 -30.267
v 12.504 6.0385 -29.68
v 12.504 6.0385 -29.68
v 12.504 6.0385 -29.68
v 11.157 7.501 -27.415
v 11.157 7.501 -27.415
v 11.157 7.501 -27.415
v 10.926 5.9919 -24.817
v 10.926 5.9919 -24.817
v 10.926 5.9919 -24.817
v 10.025 8.8632 -24.977
v 10.025 8.8632 -24.977
v 10.025 8.8632 -24.977
v 12.961 8.1967 -25.103
v 12.961 8.1967 -25.103
v 12.961 8.1967 -25.103
v 10.926 5.9919 -24.817
v 10.926 5.9919 -24.817
v 10.926 5.9919 -24.817
v 12.164 3.4828 -25.937
v 12.164 3.4828 -25.937
v 12.164 3.4828 -25.937
v 13.886 5.8922 -25.377
v 13.886 5.8922 -25.377
v 13.886 5.8922 -25.377
v 11.921 5.9426 -27.661
v 11.921 5.9426 -27.661
v 11.921 5.9426 -27.661
v 12.164 3.4828 -25.937
v 12.164 3.4828 -25.937
v 12.164 3.4828 -25.937
v 14.697 5.0384 -26.434
v 14.697 5.0384 -26.434
v 14.697 5.0384 -26.434
v 13.053 4.0529 -28.76
v 13.053 4.0529 -28.76
v 13.053 4.0529 -28.76
v 14.59 2.0928 -27.063
v 14.59 2.0928 -27.063
v 14.59 2.0928 -27.063
v 14.697 5.0384 -26.434
v 14.697 5.0384 -26.434
v 14.697 5.0384 -26.434
v 15.544 5.9465 -23.688
v 15.544 5.9465 -23.688
v 15.544 5.9465 -23.688
v 14.748 7.9772 -25.768
v 14.748 7.9772 -25.768
v 14.748 7.9772 -25.768
v 17.332 6.4538 -26.06
v 17.332 6.4538 -26.06
v 17.332 6.4538 -26.06
v 15.544 5.9465 -23.688
v 15.544 5.9465 -23.688
v 15.544 5.9465 -23.688
v 16.215 3.4331 -22.166
v 16.215 3.4331 -22.166
v 16.215 3.4331 -22.166
v 14.404 5.5022 -20.934
v 14.404 5.5022 -20.934
v 14.404 5.5022 -20.934
v 17.342 6.0819 -21.273
v 17.342 6.0819 -21.273
v 17.342 6.0819 -21.273
v 16.215 3.4331 -22.166
v 16.215 3.4331 -22.166
v 16.215 3.4331 -22.166
v 17.535 1.802 -24.33
v 17.535 1.802 -24.33
v 17.535 1.802 -24.33
v 15.036 0.78403 -22.988
v 15.036 0.78403 -22.988
v 15.036 0.78403 -22.988
v 17.636 0.86905 -21.466
v 17.636 0.86905 -21.466
v 17.636 0.86905 -21.466
v 17.535 1.802 -24.33
v 17.535 1.802 -24.33
v 17.535 1.802 -24.33
v 19.655 3.511 -25.621
v 19.655 3.511 -25.621
v 19.655 3.511 -25.621
v 17.504 2.247 -27.311
v 17.504 2.247 -27.311
v 17.504 2.247 -27.311
v 19.645 0.53024 -26.066
v 19.645 0.53024 -26.066
v 19.645 0.53024 -26.066
v 19.655 3.511 -25.621
v 19.655 3.511 -25.621
v 19.655 3.511 -25.621
v 20.97 4.0628 -22.966
v 20.97 4.0628 -22.966
v 20.97 4.0628 -22.966
v 19.946 6.3472 -24.643
v 19.946 6.3472 -24.643
v 19.946 6.3472 -24.643
v 22.377 4.8012 -25.527
v 22.377 4.8012 -25.527
v 22.377 4.8012 -25.527
v 20.97 4.0628 -22.966
v 20.97 4.0628 -22.966
v 20.97 4.0628 -22.966
v 20.118 3.2425 -20.194
v 20.118 3.2425 -20.194
v 20.118 3.2425 -20.194
v 18.734 5.5328 -21.58
v 18.734 5.5328 -21.58
v 18.734 5.5328 -21.58
v 21.571 5.8492 -20.614
v 21.571 5.8492 -20.614
v 21.571 5.8492 -20.614
v 20.118 3.2425 -20.194
v 20.118 3.2425 -20.194
v 20.118 3.2425 -20.194
v 18.027 2.232 -18.273
v 18.027 2.232 -18.273
v 18.027 2.232 -18.273
v 19.17 5.0001 -17.937
v 19.17 5.0001 -17.937
v 19.17 5.0001 -17.937
v 20.874 2.5844 -17.351
v 20.874 2.5844 -17.351
v 20.874 2.5844 -17.351
v 18.027 2.232 -18.273
v 18.027 2.232 -18.273
v 18.027 2.232 -18.273
v 15.452 1.8885 -16.745
v 15.452 1.8885 -16.745
v 15.452 1.8885 -16.745
v 17.162 -0.51181 -17.375
v 17.162 -0.51181 -17.375
v 17.162 -0.51181 -17.375
v 15.665 0.89256 -19.581
v 15.665 0.89256 -19.581
v 15.665 0.89256 -19.581
v 15.452 1.8885 -16.745
v 15.452 1.8885 -16.745
v 15.452 1.8885 -16.745
v 13.467 1.6845 -14.486
v 13.467 1.6845 -14.486
v 13.467 1.6845 -14.486
v 12.739 3.174 -17.003
v 12.739 3.174 -17.003
v 12.739 3.174 -17.003
v 14.778 4.3266 -15.106
v 14.778 4.3266 -15.106
v 14.778 4.3266 -15.106
v 13.467 1.6845 -14.486
v 13.467 1.6845 -14.486
v 13.467 1.6845 -14.486
v 11.453 1.8267 -12.249
v 11.453 1.8267 -12.249
v 11.453 1.8267 -12.249
v 14.348 1.2581 -11.636
v 14.348 1.2581 -11.636
v 14.348 1.2581 -11.636
v 12.664 -0.82313 -13.02
v 12.664 -0.82313 -13.02
v 12.664 -0.82313 -13.02
v 11.453 1.8267 -12.249
v 11.453 1.8267 -12.249
v 11.453 1.8267 -12.249
v 8.8161 3.2354 -11.867
v 8.8161 3.2354 -11.867
v 8.8161 3.2354 -11.867
v 10.448 2.416 -9.4691
v 10.448 2.416 -9.4691
v 10.448 2.416 -9.4691
v 9.0844 0.31999 -11.152
v 9.0844 0.31999 -11.152
v 9.0844 0.31999 -11.152
v 8.8161 3.2354 -11.867
v 8.8161 3.2354 -11.867
v 8.8161 3.2354 -11.867
v 6.3184 4.9061 -12.097
v 6.3184 4.9061 -12.097
v 6.3184 4.9061 -12.097
v 6.9944 2.9021 -14.244
v 6.9944 2.9021 -14.244
v 6.9944 2.9021 -14.244
v 8.643 5.4076 -13.949
v 8.643 5.4076 -13.949
v 8.643 5.4076 -13.949
v 6.3184 4.9061 -12.097
v 6.3184 4.9061 -12.097
v 6.3184 4.9061 -12.097
v 3.9669 6.7329 -12.563
v 3.9669 6.7329 -12.563
v 3.9669 6.7329 -12.563
v 5.7513 7.1533 -10.171
v 5.7513 7.1533 -10.171
v 5.7513 7.1533 -10.171
v 3.9173 4.7643 -10.281
v 3.9173 4.7643 -10.281
v 3.9173 4.7643 -10.281
v 3.9669 6.7329 -12.563
v 3.9669 6.7329 -12.563
v 3.9669 6.7329 -12.563
v 1.586 8.5116 -13.064
v 1.586 8.5116 -13.064
v 1.586 8.5116 -13.064
v 1.9183 5.9608 -14.634
v 1.9183 5.9608 -14.634
v 1.9183 5.9608 -14.634
v 3.7639 8.2902 -15.135
v 3.7639 8.2902 -15.135
v 3.7639 8.2902 -15.135
v 1.586 8.5116 -13.064
v 1.586 8.5116 -13.064
v 1.586 8.5116 -13.064
v -1.1946 9.6382 -13.35
v -1.1946 9.6382 -13.35
v -1.1946 9.6382 -13.35
v 1.1994 11.452 -13.601
v 1.1994 11.452 -13.601
v 1.1994 11.452 -13.601
v 0.45634 10.3 -10.917
v 0.45634 10.3 -10.917
v 0.45634 10.3 -10.917
v -1.1946 9.6382 -13.35
v -1.1946 9.6382 -13.35
v -1.1946 9.6382 -13.35
v -3.873 9.5933 -14.731
v -3.873 9.5933 -14.731
v -3.873 9.5933 -14.731
v -3.7282 9.5331 -11.721
v -3.7282 9.5331 -11.721
v -3.7282 9.5331 -11.721
v -2.8636 7.1289 -13.32
v -2.8636 7.1289 -13.32
v -2.8636 7.1289 -13.32
v -3.873 9.5933 -14.731
v -3.873 9.5933 -14.731
v -3.873 9.5933 -14.731
v -4.8019 9.0828 -17.552
v -4.8019 9.0828 -17.552
v -4.8019 9.0828 -17.552
v -4.7363 11.896 -16.473
v -4.7363 11.896 -16.473
v -4.7363 11.896 -16.473
v -6.781 9.9351 -15.445
v -6.781 9.9351 -15.445
v -6.781 9.9351 -15.445
v -4.8019 9.0828 -17.552
v -4.8019 9.0828 -17.552
v -4.8019 9.0828 -17.552
v -4.5148 9.0704 -20.552
v -4.5148 9.0704 -20.552
v -4.5148 9.0704 -20.552
v -6.8194 7.6268 -19.253
v -6.8194 7.6268 -19.253
v -6.8194 7.6268 -19.253
v -4.0189 6.5471 -18.981
v -4.0189 6.5471 -18.981
v -4.0189 6.5471 -18.981
v -4.5148 9.0704 -20.552
v -4.5148 9.0704 -20.552
v -4.5148 9.0704 -20.552
v -2.0533 10.338 -21.743
v -2.0533 10.338 -21.743
v -2.0533 10.338 -21.743
v -4.7333 11.685 -22.035
v -4.7333 11.685 -22.035
v -4.7333 11.685 -22.035
v -4.1532 9.1414 -23.544
v -4.1532 9.1414 -23.544
v -4.1532 9.1414 -23.544
v -2.0533 10.338 -21.743
v -2.0533 10.338 -21.743
v -2.0533 10.338 -21.743
v -0.15816 8.5131 -20.273
v -0.15816 8.5131 -20.273
v -0.15816 8.5131 -20.273
v -0.41821 11.399 -19.445
v -0.41821 11.399 -19.445
v -0.41821 11.399 -19.445
v 0.9237 10.694 -22.049
v 0.9237 10.694 -22.049
v 0.9237 10.694 -22.049
v -0.15816 8.5131 -20.273
v -0.15816 8.5131 -20.273
v -0.15816 8.5131 -20.273
v -0.50111 6.0447 -21.968
v -0.50111 6.0447 -21.968
v -0.50111 6.0447 -21.968
v -1.9193 6.2617 -19.317
v -1.9193 6.2617 -19.317
v -1.9193 6.2617 -19.317
v 1.072 5.9035 -19.401
v 1.072 5.9035 -19.401
v 1.072 5.9035 -19.401
v -0.50111 6.0447 -21.968
v -0.50111 6.0447 -21.968
v -0.50111 6.0447 -21.968
v 1.4996 6.8584 -24.07
v 1.4996 6.8584 -24.07
v 1.4996 6.8584 -24.07
v -1.4301 6.7001 -24.759
v -1.4301 6.7001 -24.759
v -1.4301 6.7001 -24.759
v 0.13566 4.1766 -24.245
v 0.13566 4.1766 -24.245
v 0.13566 4.1766 -24.245
v 1.4996 6.8584 -24.07
v 1.4996 6.8584 -24.07
v 1.4996 6.8584 -24.07
v 3.8027 6.829 -22.126
v 3.8027 6.829 -22.126
v 3.8027 6.829 -22.126
v 3.016 9.398 -23.492
v 3.016 9.398 -23.492
v 3.016 9.398 -23.492
v 4.3222 7.1896 -25.073
v 4.3222 7.1896 -25.073
v 4.3222 7.1896 -25.073
v 3.8027 6.829 -22.126
v 3.8027 6.829 -22.126
v 3.8027 6.829 -22.126
v 3.5618 4.0747 -20.926
v 3.5618 4.0747 -20.926
v 3.5618 4.0747 -20.926
v 3.5608 6.5018 -19.14
v 3.5608 6.5018 -19.14
v 3.5608 6.5018 -19.14
v 6.092 5.6676 -20.547
v 6.092 5.6676 -20.547
v 6.092 5.6676 -20.547
v 3.5618 4.0747 -20.926
v 3.5618 4.0747 -20.926
v 3.5618 4.0747 -20.926
v 3.6665 2.2544 -23.326
v 3.6665 2.2544 -23.326
v 3.6665 2.2544 -23.326
v 1.273 2.1984 -21.496
v 1.273 2.1984 -21.496
v 1.273 2.1984 -21.496
v 3.9182 1.1056 -20.551
v 3.9182 1.1056 -20.551
v 3.9182 1.1056 -20.551
v 3.6665 2.2544 -23.326
v 3.6665 2.2544 -23.326
v 3.6665 2.2544 -23.326
v 6.3405 3.009 -24.494
v 6.3405 3.009 -24.494
v 6.3405 3.009 -24.494
v 3.8119 3.5633 -26.037
v 3.8119 3.5633 -26.037
v 3.8119 3.5633 -26.037
v 4.7682 0.72767 -25.68
v 4.7682 0.72767 -25.68
v 4.7682 0.72767 -25.68
v 6.3405 3.009 -24.494
v 6.3405 3.009 -24.494
v 6.3405 3.009 -24.494
v 8.3283 1.8413 -22.552
v 8.3283 1.8413 -22.552
v 8.3283 1.8413 -22.552
v 8.2945 4.8099 -23.072
v 8.2945 4.8099 -23.072
v 8.2945 4.8099 -23.072
v 9.2675 2.9177 -25.206
v 9.2675 2.9177 -25.206
v 9.2675 2.9177 -25.206
v 8.3283 1.8413 -22.552
v 8.3283 1.8413 -22.552
v 8.3283 1.8413 -22.552
v 7.3439 -0.9893 -22.871
v 7.3439 -0.9893 -22.871
v 7.3439 -0.9893 -22.871
v 6.9066 0.47447 -20.274
v 6.9066 0.47447 -20.274
v 6.9066 0.47447 -20.274
v 9.6806 -0.40147 -21.061
v 9.6806 -0.40147 -21.061
v 9.6806 -0.40147 -21.061
v 7.3439 -0.9893 -22.871
v 7.3439 -0.9893 -22.871
v 7.3439 -0.9893 -22.871
v 8.4509 -1.7261 -25.576
v 8.4509 -1.7261 -25.576
v 8.4509 -1.7261 -25.576
v 5.5086 -2.0541 -25.012
v 5.5086 -2.0541 -25.012
v 5.5086 -2.0541 -25.012
v 7.5087 -3.8838 -23.695
v 7.5087 -3.8838 -23.695
v 7.5087 -3.8838 -23.695
v 8.4509 -1.7261 -25.576
v 8.4509 -1.7261 -25.576
v 8.4509 -1.7261 -25.576
v 11.316 -0.84152 -25.274
v 11.316 -0.84152 -25.274
v 11.316 -0.84152 -25.274
v 9.6736 0.14014 -27.602
v 9.6736 0.14014 -27.602
v 9.6736 0.14014 -27.602
v 10.551 -2.7408 -27.485
v 10.551 -2.7408 -27.485
v 10.551 -2.7408 -27.485
v 11.316 -0.84152 -25.274
v 11.316 -0.84152 -25.274
v 11.316 -0.84152 -25.274
v 12.5 -2.7006 -23.218
v 12.5 -2.7006 -23.218
v 12.5 -2.7006 -23.218
v 12.539 0.2774 -22.757
v 12.539 0.2774 -22.757
v 12.539 0.2774 -22.757
v 14.302 -0.94263 -24.875
v 14.302 -0.94263 -24.875
v 14.302 -0.94263 -24.875
v 12.5 -2.7006 -23.218
v 12.5 -2.7006 -23.218
v 12.5 -2.7006 -23.218
v 10.876 -4.2831 -21.233
v 10.876 -4.2831 -21.233
v 10.876 -4.2831 -21.233
v 12.824 -5.6922 -23.049
v 12.824 -5.6922 -23.049
v 12.824 -5.6922 -23.049
v 10.292 -4.5127 -24.18
v 10.292 -4.5127 -24.18
v 10.292 -4.5127 -24.18
v 10.876 -4.2831 -21.233
v 10.876 -4.2831 -21.233
v 10.876 -4.2831 -21.233
v 8.4177 -3.9153 -19.528
v 8.4177 -3.9153 -19.528
v 8.4177 -3.9153 -19.528
v 11.042 -2.706 -18.67
v 11.042 -2.706 -18.67
v 11.042 -2.706 -18.67
v 10.658 -5.6939 -18.578
v 10.658 -5.6939 -18.578
v 10.658 -5.6939 -18.578
v 8.4177 -3.9153 -19.528
v 8.4177 -3.9153 -19.528
v 8.4177 -3.9153 -19.528
v 6.3695 -4.4324 -17.378
v 6.3695 -4.4324 -17.378
v 6.3695 -4.4324 -17.378
v 5.5625 -4.5185 -20.281
v 5.5625 -4.5185 -20.281
v 5.5625 -4.5185 -20.281
v 6.2558 -1.8863 -18.987
v 6.2558 -1.8863 -18.987
v 6.2558 -1.8863 -18.987
v 6.3695 -4.4324 -17.378
v 6.3695 -4.4324 -17.378
v 6.3695 -4.4324 -17.378
v 6.8349 -4.4085 -14.401
v 6.8349 -4.4085 -14.401
v 6.8349 -4.4085 -14.401
v 7.5466 -6.8503 -16.018
v 7.5466 -6.8503 -16.018
v 7.5466 -6.8503 -16.018
v 4.6547 -6.1288 -15.571
v 4.6547 -6.1288 -15.571
v 4.6547 -6.1288 -15.571
v 6.8349 -4.4085 -14.401
v 6.8349 -4.4085 -14.401
v 6.8349 -4.4085 -14.401
v 5.7856 -2.9409 -11.987
v 5.7856 -2.9409 -11.987
v 5.7856 -2.9409 -11.987
v 8.4326 -2.1555 -13.195
v 8.4326 -2.1555 -13.195
v 8.4326 -2.1555 -13.195
v 8.1655 -4.7708 -11.721
v 8.1655 -4.7708 -11.721
v 8.1655 -4.7708 -11.721
v 5.7856 -2.9409 -11.987
v 5.7856 -2.9409 -11.987
v 5.7856 -2.9409 -11.987
v 4.1475 -0.69638 -10.819
v 4.1475 -0.69638 -10.819
v 4.1475 -0.69638 -10.819
v 5.7364 -2.5037 -9.005
v 5.7364 -2.5037 -9.005
v 5.7364 -2.5037 -9.005
v 3.2893 -3.5569 -10.414
v 3.2893 -3.5569 -10.414
v 3.2893 -3.5569 -10.414
v 4.1475 -0.69638 -10.819
v 4.1475 -0.69638 -10.819
v 4.1475 -0.69638 -10.819
v 2.7169 1.9097 -10.325
v 2.7169 1.9097 -10.325
v 2.7169 1.9097 -10.325
v 2.3159 0.44048 -12.926
v 2.3159 0.44048 -12.926
v 2.3159 0.44048 -12.926
v 4.9531 1.7773 -12.341
v 4.9531 1.7773 -12.341
v 4.9531 1.7773 -12.341
v 2.7169 1.9097 -10.325
v 2.7169 1.9097 -10.325
v 2.7169 1.9097 -10.325
v 0.81152 4.2226 -10.003
v 0.81152 4.2226 -10.003
v 0.81152 4.2226 -10.003
v 3.0681 3.8451 -8.0414
v 3.0681 3.8451 -8.0414
v 3.0681 3.8451 -8.0414
v 0.74141 1.9294 -8.0488
v 0.74141 1.9294 -8.0488
v 0.74141 1.9294 -8.0488
v 0.81152 4.2226 -10.003
v 0.81152 4.2226 -10.003
v 0.81152 4.2226 -10.003
v -1.1127 6.5121 -9.6312
v -1.1127 6.5121 -9.6312
v -1.1127 6.5121 -9.6312
v -1.9087 4.1303 -11.297
v -1.9087 4.1303 -11.297
v -1.9087 4.1303 -11.297
v 0.17959 6.0507 -12.314
v 0.17959 6.0507 -12.314
v 0.17959 6.0507 -12.314
v -1.1127 6.5121 -9.6312
v -1.1127 6.5121 -9.6312
v -1.1127 6.5121 -9.6312
v -2.547 9.144 -9.3164
v -2.547 9.144 -9.3164
v -2.547 9.144 -9.3164
v -0.14568 8.5223 -7.6046
v -0.14568 8.5223 -7.6046
v -0.14568 8.5223 -7.6046
v -2.7391 7.055 -7.1526
v -2.7391 7.055 -7.1526
v -2.7391 7.055 -7.1526
v -2.547 9.144 -9.3164
v -2.547 9.144 -9.3164
v -2.547 9.144 -9.3164
v -2.8878 12.128 -9.06
v -2.8878 12.128 -9.06
v -2.8878 12.128 -9.06
v -5.3041 10.327 -9.0287
v -5.3041 10.327 -9.0287
v -5.3041 10.327 -9.0287
v -3.7533 10.723 -11.582
v -3.7533 10.723 -11.582
v -3.7533 10.723 -11.582
v -2.8878 12.128 -9.06
v -2.8878 12.128 -9.06
v -2.8878 12.128 -9.06
v -1.0975 14.36 -10.005
v -1.0975 14.36 -10.005
v -1.0975 14.36 -10.005
v -1.3975 13.815 -7.0562
v -1.3975 13.815 -7.0562
v -1.3975 13.815 -7.0562
v -3.6926 14.997 -8.6112
v -3.6926 14.997 -8.6112
v -3.6926 14.997 -8.6112
v -1.0975 14.36 -10.005
v -1.0975 14.36 -10.005
v -1.0975 14.36 -10.005
v -1.1201 15.432 -12.822
v -1.1201 15.432 -12.822
v -1.1201 15.432 -12.822
v 0.73504 13.175 -12.083
v 0.73504 13.175 -12.083
v 0.73504 13.175 -12.083
v 1.2474 15.952 -11.031
v 1.2474 15.952 -11.031
v 1.2474 15.952 -11.031
v -1.1201 15.432 -12.822
v -1.1201 15.432 -12.822
v -1.1201 15.432 -12.822
v -1.9212 17.202 -15.126
v -1.9212 17.202 -15.126
v -1.9212 17.202 -15.126
v -4.0367 15.874 -13.44
v -4.0367 15.874 -13.44
v -4.0367 15.874 -13.44
v -2.3356 14.222 -15.3
v -2.3356 14.222 -15.3
v -2.3356 14.222 -15.3
v -1.9212 17.202 -15.126
v -1.9212 17.202 -15.126
v -1.9212 17.202 -15.126
v -2.716 19.908 -16.189
v -2.716 19.908 -16.189
v -2.716 19.908 -16.189
v -2.3938 17.582 -18.078
v -2.3938 17.582 -18.078
v -2.3938 17.582 -18.078
v 0.028937 18.807 -16.77
v 0.028937 18.807 -16.77
v 0.028937 18.807 -16.77
v -2.716 19.908 -16.189
v -2.716 19.908 -16.189
v -2.716 19.908 -16.189
v -4.7994 22.083 -16.093
v -4.7994 22.083 -16.093
v -4.7994 22.083 -16.093
v -1.8717 22.797 -16.05
v -1.8717 22.797 -16.05
v -1.8717 22.797 -16.05
v -3.1371 21.481 -13.653
v -3.1371 21.481 -13.653
v -3.1371 21.481 -13.653
v -4.7994 22.083 -16.093
v -4.7994 22.083 -16.093
v -4.7994 22.083 -16.093
v -7.1859 23.492 -17.278
v -7.1859 23.492 -17.278
v -7.1859 23.492 -17.278
v -7.3531 22.313 -14.509
v -7.3531 22.313 -14.509
v -7.3531 22.313 -14.509
v -7.2293 20.501 -16.914
v -7.2293 20.501 -16.914
v -7.2293 20.501 -16.914
v -7.1859 23.492 -17.278
v -7.1859 23.492 -17.278
v -7.1859 23.492 -17.278
v -9.011 25.798 -17.935
v -9.011 25.798 -17.935
v -9.011 25.798 -17.935
v -7.7349 24.207 -20.154
v -7.7349 24.207 -20.154
v -7.7349 24.207 -20.154
v -6.0492 26.028 -18.444
v -6.0492 26.028 -18.444
v -6.0492 26.028 -18.444
v -9.011 25.798 -17.935
v -9.011 25.798 -17.935
v -9.011 25.798 -17.935
v -11.599 27.33 -18.136
v -11.599 27.33 -18.136
v -11.599 27.33 -18.136
v -11.634 24.319 -18.036
v -11.634 24.319 -18.036
v -11.634 24.319 -18.036
v -10.607 25.732 -20.491
v -10.607 25.732 -20.491
v -10.607 25.732 -20.491
v -11.599 27.33 -18.136
v -11.599 27.33 -18.136
v -11.599 27.33 -18.136
v -13.311 28.001 -20.524
v -13.311 28.001 -20.524
v -13.311 28.001 -20.524
v -13.989 29.139 -17.817
v -13.989 29.139 -17.817
v -13.989 29.139 -17.817
v -14.384 26.2 -18.358
v -14.384 26.2 -18.358
v -14.384 26.2 -18.358
v -13.311 28.001 -20.524
v -13.311 28.001 -20.524
v -13.311 28.001 -20.524
v -12.896 26.401 -23.044
v -12.896 26.401 -23.044
v -12.896 26.401 -23.044
v -11.368 28.963 -22.617
v -11.368 28.963 -22.617
v -11.368 28.963 -22.617
v -14.332 29.048 -23.159
v -14.332 29.048 -23.159
v -14.332 29.048 -23.159
v -12.896 26.401 -23.044
v -12.896 26.401 -23.044
v -12.896 26.401 -23.044
v -12.851 24.616 -25.472
v -12.851 24.616 -25.472
v -12.851 24.616 -25.472
v -14.156 23.665 -22.927
v -14.156 23.665 -22.927
v -14.156 23.665 -22.927
v -11.158 23.939 -23.072
v -11.158 23.939 -23.072
v -11.158 23.939 -23.072
v -12.851 24.616 -25.472
v -12.851 24.616 -25.472
v -12.851 24.616 -25.472
v -12.464 25.459 -28.34
v -12.464 25.459 -28.34
v -12.464 25.459 -28.34
v -10.285 23.95 -26.906
v -10.285 23.95 -26.906
v -10.285 23.95 -26.906
v -10.891 26.803 -26.148
v -10.891 26.803 -26.148
v -10.891 26.803 -26.148
v -12.464 25.459 -28.34
v -12.464 25.459 -28.34
v -12.464 25.459 -28.34
v -10.892 27.032 -30.373
v -10.892 27.032 -30.373
v -10.892 27.032 -30.373
v -10.816 27.827 -27.467
v -10.816 27.827 -27.467
v -10.816 27.827 -27.467
v -13.327 28.25 -29.081
v -13.327 28.25 -29.081
v -13.327 28.25 -29.081
v -10.892 27.032 -30.373
v -10.892 27.032 -30.373
v -10.892 27.032 -30.373
v -8.0297 27.67 -31.07
v -8.0297 27.67 -31.07
v -8.0297 27.67 -31.07
v -10.019 27.088 -33.258
v -10.019 27.088 -33.258
v -10.019 27.088 -33.258
v -9.0836 24.871 -31.443
v -9.0836 24.871 -31.443
v -9.0836 24.871 -31.443
v -8.0297 27.67 -31.07
v -8.0297 27.67 -31.07
v -8.0297 27.67 -31.07
v -7.3213 30.507 -31.8
v -7.3213 30.507 -31.8
v -7.3213 30.507 -31.8
v -5.2854 28.747 -30.443
v -5.2854 28.747 -30.443
v -5.2854 28.747 -30.443
v -7.6805 29.74 -28.907
v -7.6805 29.74 -28.907
v -7.6805 29.74 -28.907
v -7.3213 30.507 -31.8
v -7.3213 30.507 -31.8
v -7.3213 30.507 -31.8
v -9.8684 31.951 -32.514
v -9.8684 31.951 -32.514
v -9.8684 31.951 -32.514
v -8.5287 30.166 -34.54
v -8.5287 30.166 -34.54
v -8.5287 30.166 -34.54
v -7.259 32.788 -33.768
v -7.259 32.788 -33.768
v -7.259 32.788 -33.768
v -9.8684 31.951 -32.514
v -9.8684 31.951 -32.514
v -9.8684 31.951 -32.514
v -11.405 32.882 -30.095
v -11.405 32.882 -30.095
v -11.405 32.882 -30.095
v -12.878 31.794 -32.489
v -12.878 31.794 -32.489
v -12.878 31.794 -32.489
v -11.51 34.475 -32.652
v -11.51 34.475 -32.652
v -11.51 34.475 -32.652
v -11.405 32.882 -30.095
v -11.405 32.882 -30.095
v -11.405 32.882 -30.095
v -8.8123 33.823 -28.881
v -8.8123 33.823 -28.881
v -8.8123 33.823 -28.881
v -10.247 31.444 -27.713
v -10.247 31.444 -27.713
v -10.247 31.444 -27.713
v -11.402 34.209 -27.389
v -11.402 34.209 -27.389
v -11.402 34.209 -27.389
v -8.8123 33.823 -28.881
v -8.8123 33.823 -28.881
v -8.8123 33.823 -28.881
v -8.3864 35.605 -31.274
v -8.3864 35.605 -31.274
v -8.3864 35.605 -31.274
v -6.258 33.629 -30.469
v -6.258 33.629 -30.469
v -6.258 33.629 -30.469
v -6.7885 36.053 -28.758
v -6.7885 36.053 -28.758
v -6.7885 36.053 -28.758
v -8.3864 35.605 -31.274
v -8.3864 35.605 -31.274
v -8.3864 35.605 -31.274
v -11.015 37.066 -31.068
v -11.015 37.066 -31.068
v -11.015 37.066 -31.068
v -10.421 35.366 -33.485
v -10.421 35.366 -33.485
v -10.421 35.366 -33.485
v -8.946 37.961 -33.068
v -8.946 37.961 -33.068
v -8.946 37.961 -33.068
v -11.015 37.066 -31.068
v -11.015 37.066 -31.068
v -11.015 37.066 -31.068
v -10.877 38.14 -28.255
v -10.877 38.14 -28.255
v -10.877 38.14 -28.255
v -12.959 36.086 -28.983
v -12.959 36.086 -28.983
v -12.959 36.086 -28.983
v -13.179 38.898 -30.046
v -13.179 38.898 -30.046
v -13.179 38.898 -30.046
v -10.877 38.14 -28.255
v -10.877 38.14 -28.255
v -10.877 38.14 -28.255
v -7.9732 38.576 -27.575
v -7.9732 38.576 -27.575
v -7.9732 38.576 -27.575
v -9.9634 37.998 -25.387
v -9.9634 37.998 -25.387
v -9.9634 37.998 -25.387
v -10.025 40.649 -26.819
v -10.025 40.649 -26.819
v -10.025 40.649 -26.819
v -7.9732 38.576 -27.575
v -7.9732 38.576 -27.575
v -7.9732 38.576 -27.575
v -4.9897 38.923 -27.328
v -4.9897 38.923 -27.328
v -4.9897 38.923 -27.328
v -6.1797 36.157 -27.451
v -6.1797 36.157 -27.451
v -6.1797 36.157 -27.451
v -6.5813 37.862 -24.999
v -6.5813 37.862 -24.999
v -6.5813 37.862 -24.999
v -4.9897 38.923 -27.328
v -4.9897 38.923 -27.328
v -4.9897 38.923 -27.328
v -2.8453 38.967 -25.211
v -2.8453 38.967 -25.211
v -2.8453 38.967 -25.211
v -4.6568 41.349 -25.571
v -4.6568 41.349 -25.571
v -4.6568 41.349 -25.571
v -2.5815 40.704 -27.659
v -2.5815 40.704 -27.659
v -2.5815 40.704 -27.659
v -2.8453 38.967 -25.211
v -2.8453 38.967 -25.211
v -2.8453 38.967 -25.211
v -3.4094 37.642 -22.563
v -3.4094 37.642 -22.563
v -3.4094 37.642 -22.563
v -1.1154 39.58 -22.82
v -1.1154 39.58 -22.82
v -1.1154 39.58 -22.82
v -0.95837 36.875 -24.14
v -0.95837 36.875 -24.14
v -0.95837 36.875 -24.14
v -3.4094 37.642 -22.563
v -3.4094 37.642 -22.563
v -3.4094 37.642 -22.563
v -5.189 35.517 -23.746
v -5.189 35.517 -23.746
v -5.189 35.517 -23.746
v -6.3691 38.138 -22.841
v -6.3691 38.138 -22.841
v -6.3691 38.138 -22.841
v -5.3577 36.158 -20.806
v -5.3577 36.158 -20.806
v -5.3577 36.158 -20.806
v -5.189 35.517 -23.746
v -5.189 35.517 -23.746
v -5.189 35.517 -23.746
v -2.6735 33.993 -24.403
v -2.6735 33.993 -24.403
v -2.6735 33.993 -24.403
v -4.8406 34.289 -26.476
v -4.8406 34.289 -26.476
v -4.8406 34.289 -26.476
v -5.2841 32.523 -24.075
v -5.2841 32.523 -24.075
v -5.2841 32.523 -24.075
v -2.6735 33.993 -24.403
v -2.6735 33.993 -24.403
v -2.6735 33.993 -24.403
v -1.0242 34.56 -21.945
v -1.0242 34.56 -21.945
v -1.0242 34.56 -21.945
v 0.070825 35.208 -24.678
v 0.070825 35.208 -24.678
v 0.070825 35.208 -24.678
v -0.22604 32.335 -23.815
v -0.22604 32.335 -23.815
v -0.22604 32.335 -23.815
v -1.0242 34.56 -21.945
v -1.0242 34.56 -21.945
v -1.0242 34.56 -21.945
v -2.8841 34.2 -19.601
v -2.8841 34.2 -19.601
v -2.8841 34.2 -19.601
v -1.3534 36.776 -19.929
v -1.3534 36.776 -19.929
v -1.3534 36.776 -19.929
v 0.097724 34.247 -19.166
v 0.097724 34.247 -19.166
v 0.097724 34.247 -19.166
v -2.8841 34.2 -19.601
v -2.8841 34.2 -19.601
v -2.8841 34.2 -19.601
v -3.6194 31.642 -18.188
v -3.6194 31.642 -18.188
v -3.6194 31.642 -18.188
v -5.5239 32.865 -20.178
v -5.5239 32.865 -20.178
v -5.5239 32.865 -20.178
v -5.0608 34.202 -17.517
v -5.0608 34.202 -17.517
v -5.0608 34.202 -17.517
v -3.6194 31.642 -18.188
v -3.6194 31.642 -18.188
v -3.6194 31.642 -18.188
v -0.78179 30.957 -17.439
v -0.78179 30.957 -17.439
v -0.78179 30.957 -17.439
v -2.7297 28.763 -18.13
v -2.7297 28.763 -18.13
v -2.7297 28.763 -18.13
v -3.0391 30.297 -15.554
v -3.0391 30.297 -15.554
v -3.0391 30.297 -15.554
v -0.78179 30.957 -17.439
v -0.78179 30.957 -17.439
v -0.78179 30.957 -17.439
v 1.2322 32.276 -15.626
v 1.2322 32.276 -15.626
v 1.2322 32.276 -15.626
v 0.80939 33.32 -18.422
v 0.80939 33.32 -18.422
v 0.80939 33.32 -18.422
v 2.1658 30.663 -17.994
v 2.1658 30.663 -17.994
v 2.1658 30.663 -17.994
v 1.2322 32.276 -15.626
v 1.2322 32.276 -15.626
v 1.2322 32.276 -15.626
v 0.15865 33.437 -13.061
v 0.15865 33.437 -13.061
v 0.15865 33.437 -13.061
v 2.499 34.741 -14.441
v 2.499 34.741 -14.441
v 2.499 34.741 -14.441
v 2.8444 32.07 -13.088
v 2.8444 32.07 -13.088
v 2.8444 32.07 -13.088
v 0.15865 33.437 -13.061
v 0.15865 33.437 -13.061
v 0.15865 33.437 -13.061
v -2.167 34.648 -11.575
v -2.167 34.648 -11.575
v -2.167 34.648 -11.575
v 0.3951 34.027 -10.115
v 0.3951 34.027 -10.115
v 0.3951 34.027 -10.115
v -1.38 31.784 -11.065
v -1.38 31.784 -11.065
v -1.38 31.784 -11.065
v -2.167 34.648 -11.575
v -2.167 34.648 -11.575
v -2.167 34.648 -11.575
v -5.0299 35.464 -12.046
v -5.0299 35.464 -12.046
v -5.0299 35.464 -12.046
v -3.2912 37.074 -10.184
v -3.2912 37.074 -10.184
v -3.2912 37.074 -10.184
v -4.2083 34.318 -9.3825
v -4.2083 34.318 -9.3825
v -4.2083 34.318 -9.3825
v -5.0299 35.464 -12.046
v -5.0299 35.464 -12.046
v -5.0299 35.464 -12.046
v -5.931 33.348 -13.994
v -5.931 33.348 -13.994
v -5.931 33.348 -13.994
v -5.3936 36.153 -14.957
v -5.3936 36.153 -14.957
v -5.3936 36.153 -14.957
v -7.7983 35.587 -13.231
v -7.7983 35.587 -13.231
v -7.7983 35.587 -13.231
v -5.931 33.348 -13.994
v -5.931 33.348 -13.994
v -5.931 33.348 -13.994
v -7.202 31.256 -15.753
v -7.202 31.256 -15.753
v -7.202 31.256 -15.753
v -6.0074 30.471 -13.099
v -6.0074 30.471 -13.099
v -6.0074 30.471 -13.099
v -4.212 31.294 -15.376
v -4.212 31.294 -15.376
v -4.212 31.294 -15.376
v -7.202 31.256 -15.753
v -7.202 31.256 -15.753
v -7.202 31.256 -15.753
v -10.094 31.061 -16.577
v -10.094 31.061 -16.577
v -10.094 31.061 -16.577
v -8.0269 29.32 -17.91
v -8.0269 29.32 -17.91
v -8.0269 29.32 -17.91
v -8.0737 32.285 -18.448
v -8.0737 32.285 -18.448
v -8.0737 32.285 -18.448
v -10.094 31.061 -16.577
v -10.094 31.061 -16.577
v -10.094 31.061 -16.577
v -12.552 30.165 -15.079
v -12.552 30.165 -15.079
v -12.552 30.165 -15.079
v -12.778 32.271 -17.223
v -12.778 32.271 -17.223
v -12.778 32.271 -17.223
v -11.422 32.92 -14.611
v -11.422 32.92 -14.611
v -11.422 32.92 -14.611
v -12.552 30.165 -15.079
v -12.552 30.165 -15.079
v -12.552 30.165 -15.079
v -14.279 27.768 -14.486
v -14.279 27.768 -14.486
v -14.279 27.768 -14.486
v -13.928 29.923 -12.409
v -13.928 29.923 -12.409
v -13.928 29.923 -12.409
v -11.628 28.098 -13.09
v -11.628 28.098 -13.09
v -11.628 28.098 -13.09
v -14.279 27.768 -14.486
v -14.279 27.768 -14.486
v -14.279 27.768 -14.486
v -16.804 26.122 -14.459
v -16.804 26.122 -14.459
v -16.804 26.122 -14.459
v -14.2 24.874 -15.325
v -14.2 24.874 -15.325
v -14.2 24.874 -15.325
v -15.551 26.916 -17.082
v -15.551 26.916 -17.082
v -15.551 26.916 -17.082
v -16.804 26.122 -14.459
v -16.804 26.122 -14.459
v -16.804 26.122 -14.459
v -19.107 24.193 -14.224
v -19.107 24.193 -14.224
v -19.107 24.193 -14.224
v -19.635 27.116 -14.738
v -19.635 27.116 -14.738
v -19.635 27.116 -14.738
v -18.611 26.22 -12.049
v -18.611 26.22 -12.049
v -18.611 26.22 -12.049
v -19.107 24.193 -14.224
v -19.107 24.193 -14.224
v -19.107 24.193 -14.224
v -21.368 22.459 -15.207
v -21.368 22.459 -15.207
v -21.368 22.459 -15.207
v -20.28 22.082 -12.421
v -20.28 22.082 -12.421
v -20.28 22.082 -12.421
v -18.625 21.276 -14.807
v -18.625 21.276 -14.807
v -18.625 21.276 -14.807
v -21.368 22.459 -15.207
v -21.368 22.459 -15.207
v -21.368 22.459 -15.207
v -21.697 22.368 -18.201
v -21.697 22.368 -18.201
v -21.697 22.368 -18.201
v -23.969 23.317 -16.464
v -23.969 23.317 -16.464
v -23.969 23.317 -16.464
v -23.184 20.407 -16.462
v -23.184 20.407 -16.462
v -23.184 20.407 -16.462
v -21.697 22.368 -18.201
v -21.697 22.368 -18.201
v -21.697 22.368 -18.201
v -20.039 20.699 -20.084
v -20.039 20.699 -20.084
v -20.039 20.699 -20.084
v -19.381 23.611 -19.675
v -19.381 23.611 -19.675
v -19.381 23.611 -19.675
v -21.874 22.826 -21.175
v -21.874 22.826 -21.175
v -21.874 22.826 -21.175
v -20.039 20.699 -20.084
v -20.039 20.699 -20.084
v -20.039 20.699 -20.084
v -17.503 19.342 -20.985
v -17.503 19.342 -20.985
v -17.503 19.342 -20.985
v -20.161 18.462 -22.101
v -20.161 18.462 -22.101
v -20.161 18.462 -22.101
v -19.46 17.867 -19.231
v -19.46 17.867 -19.231
v -19.46 17.867 -19.231
v -17.503 19.342 -20.985
v -17.503 19.342 -20.985
v -17.503 19.342 -20.985
v -15.368 20.276 -19.074
v -15.368 20.276 -19.074
v -15.368 20.276 -19.074
v -15.276 21.119 -21.966
v -15.276 21.119 -21.966
v -15.276 21.119 -21.966
v -14.699 18.259 -21.212
v -14.699 18.259 -21.212
v -14.699 18.259 -21.212
v -15.368 20.276 -19.074
v -15.368 20.276 -19.074
v -15.368 20.276 -19.074
v -14.626 18.721 -16.601
v -14.626 18.721 -16.601
v -14.626 18.721 -16.601
v -16.916 20.679 -16.52
v -16.916 20.679 -16.52
v -16.916 20.679 -16.52
v -14.083 21.682 -16.739
v -14.083 21.682 -16.739
v -14.083 21.682 -16.739
v -14.626 18.721 -16.601
v -14.626 18.721 -16.601
v -14.626 18.721 -16.601
v -14.687 17.107 -14.057
v -14.687 17.107 -14.057
v -14.687 17.107 -14.057
v -12.196 17.154 -15.752
v -12.196 17.154 -15.752
v -12.196 17.154 -15.752
v -14.655 15.71 -16.727
v -14.655 15.71 -16.727
v -14.655 15.71 -16.727
v -14.687 17.107 -14.057
v -14.687 17.107 -14.057
v -14.687 17.107 -14.057
v -15.506 15.129 -11.936
v -15.506 15.129 -11.936
v -15.506 15.129 -11.936
v -17.324 17.43 -12.634
v -17.324 17.43 -12.634
v -17.324 17.43 -12.634
v -14.744 17.94 -11.161
v -14.744 17.94 -11.161
v -14.744 17.94 -11.161
v -15.506 15.129 -11.936
v -15.506 15.129 -11.936
v -15.506 15.129 -11.936
v -15.879 12.141 -11.804
v -15.879 12.141 -11.804
v -15.879 12.141 -11.804
v -18.283 13.958 -11.87
v -18.283 13.958 -11.87
v -18.283 13.958 -11.87
v -16.543 13.849 -9.4115
v -16.543 13.849 -9.4115
v -16.543 13.849 -9.4115
v -15.879 12.141 -11.804
v -15.879 12.141 -11.804
v -15.879 12.141 -11.804
v -15.725 9.1336 -11.92
v -15.725 9.1336 -11.92
v -15.725 9.1336 -11.92
v -14.781 10.782 -14.259
v -14.781 10.782 -14.259
v -14.781 10.782 -14.259
v -17.723 10.607 -13.629
v -17.723 10.607 -13.629
v -17.723 10.607 -13.629
v -15.725 9.1336 -11.92
v -15.725 9.1336 -11.92
v -15.725 9.1336 -11.92
v -13.907 7.4848 -10.171
v -13.907 7.4848 -10.171
v -13.907 7.4848 -10.171
v -16.014 6.1344 -11.851
v -16.014 6.1344 -11.851
v -16.014 6.1344 -11.851
v -16.82 7.7813 -9.459
v -16.82 7.7813 -9.459
v -16.82 7.7813 -9.459
v -13.907 7.4848 -10.171
v -13.907 7.4848 -10.171
v -13.907 7.4848 -10.171
v -12.02 9.4658 -8.9064
v -12.02 9.4658 -8.9064
v -12.02 9.4658 -8.9064
v -11.072 7.7148 -11.169
v -11.072 7.7148 -11.169
v -11.072 7.7148 -11.169
v -11.624 6.5116 -8.4612
v -11.624 6.5116 -8.4612
v -11.624 6.5116 -8.4612
v -12.02 9.4658 -8.9064
v -12.02 9.4658 -8.9064
v -12.02 9.4658 -8.9064
v -13.536 11.18 -6.945
v -13.536 11.18 -6.945
v -13.536 11.18 -6.945
v -12.702 12.316 -9.6089
v -12.702 12.316 -9.6089
v -12.702 12.316 -9.6089
v -10.627 11.739 -7.5007
v -10.627 11.739 -7.5007
v -10.627 11.739 -7.5007
v -13.536 11.18 -6.945
v -13.536 11.18 -6.945
v -13.536 11.18 -6.945
v -13.369 9.4099 -4.5116
v -13.369 9.4099 -4.5116
v -13.369 9.4099 -4.5116
v -16.04 9.9594 -5.7949
v -16.04 9.9594 -5.7949
v -16.04 9.9594 -5.7949
v -14.607 12.149 -4.3
v -14.607 12.149 -4.3
v -14.607 12.149 -4.3
v -13.369 9.4099 -4.5116
v -13.369 9.4099 -4.5116
v -13.369 9.4099 -4.5116
v -10.995 10.519 -3.0224
v -10.995 10.519 -3.0224
v -10.995 10.519 -3.0224
v -10.933 7.6922 -4.0669
v -10.933 7.6922 -4.0669
v -10.933 7.6922 -4.0669
v -12.72 8.4023 -1.7463
v -12.72 8.4023 -1.7463
v -12.72 8.4023 -1.7463
v -10.995 10.519 -3.0224
v -10.995 10.519 -3.0224
v -10.995 10.519 -3.0224
v -11.559 13.27 -1.9296
v -11.559 13.27 -1.9296
v -11.559 13.27 -1.9296
v -10.02 12.957 -4.5017
v -10.02 12.957 -4.5017
v -10.02 12.957 -4.5017
v -8.7513 12.176 -1.8816
v -8.7513 12.176 -1.8816
v -8.7513 12.176 -1.8816
v -11.559 13.27 -1.9296
v -11.559 13.27 -1.9296
v -11.559 13.27 -1.9296
v -13.604 15.478 -2.1022
v -13.604 15.478 -2.1022
v -13.604 15.478 -2.1022
v -11.45 15.579 0.003988
v -11.45 15.579 0.003988
v -11.45 15.579 0.003988
v -13.664 13.545 0.20951
v -13.664 13.545 0.20951
v -13.664 13.545 0.20951
v -13.604 15.478 -2.1022
v -13.604 15.478 -2.1022
v -13.604 15.478 -2.1022
v -14.75 18.113 -3.0096
v -14.75 18.113 -3.0096
v -14.75 18.113 -3.0096
v -16.39 15.596 -3.2433
v -16.39 15.596 -3.2433
v -16.39 15.596 -3.2433
v -14.007 16.014 -5.0403
v -14.007 16.014 -5.0403
v -14.007 16.014 -5.0403
v -14.75 18.113 -3.0096
v -14.75 18.113 -3.0096
v -14.75 18.113 -3.0096
v -12.139 19.61 -3.1833
v -12.139 19.61 -3.1833
v -12.139 19.61 -3.1833
v -13.886 19.905 -0.74517
v -13.886 19.905 -0.74517
v -13.886 19.905 -0.74517
v -14.749 21.105 -3.3715
v -14.749 21.105 -3.3715
v -14.749 21.105 -3.3715
v -12.139 19.61 -3.1833
v -12.139 19.61 -3.1833
v -12.139 19.61 -3.1833
v -11.146 18.936 -5.9477
v -11.146 18.936 -5.9477
v -11.146 18.936 -5.9477
v -9.9907 17.528 -3.5464
v -9.9907 17.528 -3.5464
v -9.9907 17.528 -3.5464
v -9.3681 20.436 -4.0314
v -9.3681 20.436 -4.0314
v -9.3681 20.436 -4.0314
v -11.146 18.936 -5.9477
v -11.146 18.936 -5.9477
v -11.146 18.936 -5.9477
v -10.681 20.386 -8.5482
v -10.681 20.386 -8.5482
v -10.681 20.386 -8.5482
v -12.113 17.735 -8.537
v -12.113 17.735 -8.537
v -12.113 17.735 -8.537
v -9.1609 17.856 -7.9419
v -9.1609 17.856 -7.9419
v -9.1609 17.856 -7.9419
v -10.681 20.386 -8.5482
v -10.681 20.386 -8.5482
v -10.681 20.386 -8.5482
v -11.245 23.038 -9.8654
v -11.245 23.038 -9.8654
v -11.245 23.038 -9.8654
v -8.4209 21.995 -9.7262
v -8.4209 21.995 -9.7262
v -8.4209 21.995 -9.7262
v -9.8016 22.946 -7.2215
v -9.8016 22.946 -7.2215
v -9.8016 22.946 -7.2215
v -11.245 23.038 -9.8654
v -11.245 23.038 -9.8654
v -11.245 23.038 -9.8654
v -10.853 25.245 -11.879
v -10.853 25.245 -11.879
v -10.853 25.245 -11.879
v -13.206 25.323 -9.9968
v -13.206 25.323 -9.9968
v -13.206 25.323 -9.9968
v -13.117 23.284 -12.215
v -13.117 23.284 -12.215
v -13.117 23.284 -12.215
v -10.853 25.245 -11.879
v -10.853 25.245 -11.879
v -10.853 25.245 -11.879
v -8.0513 25.968 -12.721
v -8.0513 25.968 -12.721
v -8.0513 25.968 -12.721
v -10.242 28.035 -12.843
v -10.242 28.035 -12.843
v -10.242 28.035 -12.843
v -10.232 25.733 -14.788
v -10.232 25.733 -14.788
v -10.232 25.733 -14.788
v -8.0513 25.968 -12.721
v -8.0513 25.968 -12.721
v -8.0513 25.968 -12.721
v -5.0441 26.161 -12.776
v -5.0441 26.161 -12.776
v -5.0441 26.161 -12.776
v -6.3751 23.494 -12.334
v -6.3751 23.494 -12.334
v -6.3751 23.494 -12.334
v -6.4711 25.601 -10.181
v -6.4711 25.601 -10.181
v -6.4711 25.601 -10.181
v -5.0441 26.161 -12.776
v -5.0441 26.161 -12.776
v -5.0441 26.161 -12.776
v -2.0306 26.194 -12.749
v -2.0306 26.194 -12.749
v -2.0306 26.194 -12.749
v -3.5707 28.716 -12.155
v -3.5707 28.716 -12.155
v -3.5707 28.716 -12.155
v -3.5332 27.597 -14.953
v -3.5332 27.597 -14.953
v -3.5332 27.597 -14.953
v -2.0306 26.194 -12.749
v -2.0306 26.194 -12.749
v -2.0306 26.194 -12.749
v 0.61415 26.452 -11.327
v 0.61415 26.452 -11.327
v 0.61415 26.452 -11.327
v 0.53753 25.671 -14.237
v 0.53753 25.671 -14.237
v 0.53753 25.671 -14.237
v -0.40562 23.733 -12.131
v -0.40562 23.733 -12.131
v -0.40562 23.733 -12.131
v 0.61415 26.452 -11.327
v 0.61415 26.452 -11.327
v 0.61415 26.452 -11.327
v -0.0075243 26.623 -8.3831
v -0.0075243 26.623 -8.3831
v -0.0075243 26.623 -8.3831
v 0.69228 29.118 -9.9225
v 0.69228 29.118 -9.9225
v 0.69228 29.118 -9.9225
v 2.8127 27.053 -9.3551
v 2.8127 27.053 -9.3551
v 2.8127 27.053 -9.3551
v -0.0075243 26.623 -8.3831
v -0.0075243 26.623 -8.3831
v -0.0075243 26.623 -8.3831
v -1.0406 23.801 -8.16
v -1.0406 23.801 -8.16
v -1.0406 23.801 -8.16
v -2.7345 26.105 -7.2091
v -2.7345 26.105 -7.2091
v -2.7345 26.105 -7.2091
v -0.26043 25.32 -5.6771
v -0.26043 25.32 -5.6771
v -0.26043 25.32 -5.6771
v -1.0406 23.801 -8.16
v -1.0406 23.801 -8.16
v -1.0406 23.801 -8.16
v 1.8053 22.906 -8.5883
v 1.8053 22.906 -8.5883
v 1.8053 22.906 -8.5883
v -0.056415 23.187 -10.942
v -0.056415 23.187 -10.942
v -0.056415 23.187 -10.942
v -0.46033 20.953 -8.959
v -0.46033 20.953 -8.959
v -0.46033 20.953 -8.959
v 1.8053 22.906 -8.5883
v 1.8053 22.906 -8.5883
v 1.8053 22.906 -8.5883
v 2.0627 22.33 -5.6412
v 2.0627 22.33 -5.6412
v 2.0627 22.33 -5.6412
v 3.6652 24.558 -6.8872
v 3.6652 24.558 -6.8872
v 3.6652 24.558 -6.8872
v 4.3405 21.687 -7.5068
v 4.3405 21.687 -7.5068
v 4.3405 21.687 -7.5068
v 2.0627 22.33 -5.6412
v 2.0627 22.33 -5.6412
v 2.0627 22.33 -5.6412
v 0.11395 20.032 -5.5817
v 0.11395 20.032 -5.5817
v 0.11395 20.032 -5.5817
v -0.3319 22.432 -3.814
v -0.3319 22.432 -3.814
v -0.3319 22.432 -3.814
v 1.9305 20.529 -3.2287
v 1.9305 20.529 -3.2287
v 1.9305 20.529 -3.2287
v 0.11395 20.032 -5.5817
v 0.11395 20.032 -5.5817
v 0.11395 20.032 -5.5817
v 1.662 18.026 -7.2131
v 1.662 18.026 -7.2131
v 1.662 18.026 -7.2131
v -1.1168 18.831 -8.057
v -1.1168 18.831 -8.057
v -1.1168 18.831 -8.057
v -0.72111 17.136 -5.5967
v -0.72111 17.136 -5.5967
v -0.72111 17.136 -5.5967
v 1.662 18.026 -7.2131
v 1.662 18.026 -7.2131
v 1.662 18.026 -7.2131
v 4.1075 18.494 -5.5149
v 4.1075 18.494 -5.5149
v 4.1075 18.494 -5.5149
v 4.1168 19.289 -8.4218
v 4.1168 19.289 -8.4218
v 4.1168 19.289 -8.4218
v 4.1435 16.374 -7.6572
v 4.1435 16.374 -7.6572
v 4.1435 16.374 -7.6572
v 4.1075 18.494 -5.5149
v 4.1075 18.494 -5.5149
v 4.1075 18.494 -5.5149
v 3.6654 17.851 -2.6037
v 3.6654 17.851 -2.6037
v 3.6654 17.851 -2.6037
v 4.2118 20.69 -3.4541
v 4.2118 20.69 -3.4541
v 4.2118 20.69 -3.4541
v 6.4097 18.632 -3.5747
v 6.4097 18.632 -3.5747
v 6.4097 18.632 -3.5747
v 3.6654 17.851 -2.6037
v 3.6654 17.851 -2.6037
v 3.6654 17.851 -2.6037
v 2.8581 14.971 -2.2349
v 2.8581 14.971 -2.2349
v 2.8581 14.971 -2.2349
v 1.121 17.175 -1.1366
v 1.121 17.175 -1.1366
v 1.121 17.175 -1.1366
v 3.7921 16.589 0.13006
v 3.7921 16.589 0.13006
v 3.7921 16.589 0.13006
v 2.8581 14.971 -2.2349
v 2.8581 14.971 -2.2349
v 2.8581 14.971 -2.2349
v 4.9417 13.774 -4.0542
v 4.9417 13.774 -4.0542
v 4.9417 13.774 -4.0542
v 2.0174 13.253 -4.5644
v 2.0174 13.253 -4.5644
v 2.0174 13.253 -4.5644
v 3.3779 12.003 -2.1836
v 3.3779 12.003 -2.1836
v 3.3779 12.003 -2.1836
v 4.9417 13.774 -4.0542
v 4.9417 13.774 -4.0542
v 4.9417 13.774 -4.0542
v 7.5587 14.483 -2.7382
v 7.5587 14.483 -2.7382
v 7.5587 14.483 -2.7382
v 6.7741 15.795 -5.3354
v 6.7741 15.795 -5.3354
v 6.7741 15.795 -5.3354
v 7.5409 12.881 -5.2909
v 7.5409 12.881 -5.2909
v 7.5409 12.881 -5.2909
v 7.5587 14.483 -2.7382
v 7.5587 14.483 -2.7382
v 7.5587 14.483 -2.7382
v 6.8186 13.099 -0.16495
v 6.8186 13.099 -0.16495
v 6.8186 13.099 -0.16495
v 8.0701 15.84 -0.096346
v 8.0701 15.84 -0.096346
v 8.0701 15.84 -0.096346
v 9.7185 13.451 -0.90685
v 9.7185 13.451 -0.90685
v 9.7185 13.451 -0.90685
v 6.8186 13.099 -0.16495
v 6.8186 13.099 -0.16495
v 6.8186 13.099 -0.16495
v 5.4883 10.488 -0.86858
v 5.4883 10.488 -0.86858
v 5.4883 10.488 -0.86858
v 3.9809 12.572 0.70247
v 3.9809 12.572 0.70247
v 3.9809 12.572 0.70247
v 6.2539 11.068 1.9882
v 6.2539 11.068 1.9882
v 6.2539 11.068 1.9882
v 5.4883 10.488 -0.86858
v 5.4883 10.488 -0.86858
v 5.4883 10.488 -0.86858
v 6.5253 9.0903 -3.3291
v 6.5253 9.0903 -3.3291
v 6.5253 9.0903 -3.3291
v 3.6184 8.8485 -2.571
v 3.6184 8.8485 -2.571
v 3.6184 8.8485 -2.571
v 5.7283 7.4841 -0.90668
v 5.7283 7.4841 -0.90668
v 5.7283 7.4841 -0.90668
v 6.5253 9.0903 -3.3291
v 6.5253 9.0903 -3.3291
v 6.5253 9.0903 -3.3291
v 9.3298 10.025 -3.9165
v 9.3298 10.025 -3.9165
v 9.3298 10.025 -3.9165
v 7.3843 9.5829 -6.1756
v 7.3843 9.5829 -6.1756
v 7.3843 9.5829 -6.1756
v 8.4878 7.2265 -4.6548
v 8.4878 7.2265 -4.6548
v 8.4878 7.2265 -4.6548
v 9.3298 10.025 -3.9165
v 9.3298 10.025 -3.9165
v 9.3298 10.025 -3.9165
v 10.605 9.4471 -1.2476
v 10.605 9.4471 -1.2476
v 10.605 9.4471 -1.2476
v 10.117 12.296 -2.0995
v 10.117 12.296 -2.0995
v 10.117 12.296 -2.0995
v 12.242 10.657 -3.4698
v 12.242 10.657 -3.4698
v 12.242 10.657 -3.4698
v 10.605 9.4471 -1.2476
v 10.605 9.4471 -1.2476
v 10.605 9.4471 -1.2476
v 10.97 6.5257 -1.8919
v 10.97 6.5257 -1.8919
v 10.97 6.5257 -1.8919
v 8.6653 7.4109 -0.16377
v 8.6653 7.4109 -0.16377
v 8.6653 7.4109 -0.16377
v 11.481 7.5274 0.90434
v 11.481 7.5274 0.90434
v 11.481 7.5274 0.90434
v 10.97 6.5257 -1.8919
v 10.97 6.5257 -1.8919
v 10.97 6.5257 -1.8919
v 12.799 6.4595 -4.287
v 12.799 6.4595 -4.287
v 12.799 6.4595 -4.287
v 10.629 4.3887 -3.9895
v 10.629 4.3887 -3.9895
v 10.629 4.3887 -3.9895
v 13.024 4.336 -2.1603
v 13.024 4.336 -2.1603
v 13.024 4.336 -2.1603
v 12.799 6.4595 -4.287
v 12.799 6.4595 -4.287
v 12.799 6.4595 -4.287
v 15.726 7.1602 -4.4274
v 15.726 7.1602 -4.4274
v 15.726 7.1602 -4.4274
v 13.662 9.095 -5.4665
v 13.662 9.095 -5.4665
v 13.662 9.095 -5.4665
v 14.205 6.5291 -6.9515
v 14.205 6.5291 -6.9515
v 14.205 6.5291 -6.9515
v 15.726 7.1602 -4.4274
v 15.726 7.1602 -4.4274
v 15.726 7.1602 -4.4274
v 16.767 4.4112 -5.0933
v 16.767 4.4112 -5.0933
v 16.767 4.4112 -5.0933
v 18.688 6.7097 -4.7603
v 18.688 6.7097 -4.7603
v 18.688 6.7097 -4.7603
v 16.868 6.6022 -7.1603
v 16.868 6.6022 -7.1603
v 16.868 6.6022 -7.1603
v 16.767 4.4112 -5.0933
v 16.767 4.4112 -5.0933
v 16.767 4.4112 -5.0933
v 15.651 4.4489 -7.8924
v 15.651 4.4489 -7.8924
v 15.651 4.4489 -7.8924
v 14.968 2.181 -6.0283
v 14.968 2.181 -6.0283
v 14.968 2.181 -6.0283
v 17.759 2.432 -7.1381
v 17.759 2.432 -7.1381
v 17.759 2.432 -7.1381
v 15.651 4.4489 -7.8924
v 15.651 4.4489 -7.8924
v 15.651 4.4489 -7.8924
v 13.474 4.9628 -9.9126
v 13.474 4.9628 -9.9126
v 13.474 4.9628 -9.9126
v 15.959 3.4626 -10.724
v 15.959 3.4626 -10.724
v 15.959 3.4626 -10.724
v 16.106 6.414 -10.131
v 16.106 6.414 -10.131
v 16.106 6.414 -10.131
v 13.474 4.9628 -9.9126
v 13.474 4.9628 -9.9126
v 13.474 4.9628 -9.9126
v 11.271 6.2574 -11.51
v 11.271 6.2574 -11.51
v 11.271 6.2574 -11.51
v 11.032 6.0416 -8.5137
v 11.032 6.0416 -8.5137
v 11.032 6.0416 -8.5137
v 10.82 3.5693 -10.224
v 10.82 3.5693 -10.224
v 10.82 3.5693 -10.224
v 11.271 6.2574 -11.51
v 11.271 6.2574 -11.51
v 11.271 6.2574 -11.51
v 9.0345 7.802 -12.813
v 9.0345 7.802 -12.813
v 9.0345 7.802 -12.813
v 10.888 6.1245 -14.497
v 10.888 6.1245 -14.497
v 10.888 6.1245 -14.497
v 11.895 8.661 -13.218
v 11.895 8.661 -13.218
v 11.895 8.661 -13.218
v 9.0345 7.802 -12.813
v 9.0345 7.802 -12.813
v 9.0345 7.802 -12.813
v 7.082 9.5294 -14.325
v 7.082 9.5294 -14.325
v 7.082 9.5294 -14.325
v 7.4762 9.9372 -11.365
v 7.4762 9.9372 -11.365
v 7.4762 9.9372 -11.365
v 6.0718 7.4681 -12.372
v 6.0718 7.4681 -12.372
v 6.0718 7.4681 -12.372
v 7.082 9.5294 -14.325
v 7.082 9.5294 -14.325
v 7.082 9.5294 -14.325
v 5.2056 11.239 -15.949
v 5.2056 11.239 -15.949
v 5.2056 11.239 -15.949
v 5.7642 8.3993 -16.789
v 5.7642 8.3993 -16.789
v 5.7642 8.3993 -16.789
v 7.9094 10.499 -17.056
v 7.9094 10.499 -17.056
v 7.9094 10.499 -17.056
v 5.2056 11.239 -15.949
v 5.2056 11.239 -15.949
v 5.2056 11.239 -15.949
v 3.8089 13.537 -17.312
v 3.8089 13.537 -17.312
v 3.8089 13.537 -17.312
v 3.6323 13.227 -14.319
v 3.6323 13.227 -14.319
v 3.6323 13.227 -14.319
v 2.1971 11.285 -16.122
v 2.1971 11.285 -16.122
v 2.1971 11.285 -16.122
v 3.8089 13.537 -17.312
v 3.8089 13.537 -17.312
v 3.8089 13.537 -17.312
v 3.2208 16.155 -18.683
v 3.2208 16.155 -18.683
v 3.2208 16.155 -18.683
v 3.0947 13.577 -20.239
v 3.0947 13.577 -20.239
v 3.0947 13.577 -20.239
v 5.7556 14.655 -19.322
v 5.7556 14.655 -19.322
v 5.7556 14.655 -19.322
v 3.2208 16.155 -18.683
v 3.2208 16.155 -18.683
v 3.2208 16.155 -18.683
v 2.9769 19.155 -18.841
v 2.9769 19.155 -18.841
v 2.9769 19.155 -18.841
v 0.49738 17.443 -18.762
v 0.49738 17.443 -18.762
v 0.49738 17.443 -18.762
v 2.2421 17.456 -21.219
v 2.2421 17.456 -21.219
v 2.2421 17.456 -21.219
v 2.9769 19.155 -18.841
v 2.9769 19.155 -18.841
v 2.9769 19.155 -18.841
v 3.245 20.393 -16.106
v 3.245 20.393 -16.106
v 3.245 20.393 -16.106
v 1.7608 21.856 -18.284
v 1.7608 21.856 -18.284
v 1.7608 21.856 -18.284
v 4.7554 21.555 -18.441
v 4.7554 21.555 -18.441
v 4.7554 21.555 -18.441
v 3.245 20.393 -16.106
v 3.245 20.393 -16.106
v 3.245 20.393 -16.106
v 5.4428 18.625 -15.045
v 5.4428 18.625 -15.045
v 5.4428 18.625 -15.045
v 2.5628 17.783 -14.762
v 2.5628 17.783 -14.762
v 2.5628 17.783 -14.762
v 3.627 20.084 -13.133
v 3.627 20.084 -13.133
v 3.627 20.084 -13.133
v 5.4428 18.625 -15.045
v 5.4428 18.625 -15.045
v 5.4428 18.625 -15.045
v 7.508 20.512 -16.167
v 7.508 20.512 -16.167
v 7.508 20.512 -16.167
v 7.2286 17.734 -17.303
v 7.2286 17.734 -17.303
v 7.2286 17.734 -17.303
v 8.372 18.125 -14.542
v 8.372 18.125 -14.542
v 8.372 18.125 -14.542
v 7.508 20.512 -16.167
v 7.508 20.512 -16.167
v 7.508 20.512 -16.167
v 6.8427 22.507 -14.008
v 6.8427 22.507 -14.008
v 6.8427 22.507 -14.008
v 6.4031 23.217 -16.904
v 6.4031 23.217 -16.904
v 6.4031 23.217 -16.904
v 9.2049 22.978 -15.82
v 9.2049 22.978 -15.82
v 9.2049 22.978 -15.82
v 6.8427 22.507 -14.008
v 6.8427 22.507 -14.008
v 6.8427 22.507 -14.008
v 7.4308 20.547 -11.796
v 7.4308 20.547 -11.796
v 7.4308 20.547 -11.796
v 9.6367 22.277 -12.902
v 9.6367 22.277 -12.902
v 9.6367 22.277 -12.902
v 8.4893 20.047 -14.573
v 8.4893 20.047 -14.573
v 8.4893 20.047 -14.573
v 7.4308 20.547 -11.796
v 7.4308 20.547 -11.796
v 7.4308 20.547 -11.796
v 10.405 20.281 -12.202
v 10.405 20.281 -12.202
v 10.405 20.281 -12.202
v 8.6557 17.827 -12.227
v 8.6557 17.827 -12.227
v 8.6557 17.827 -12.227
v 9.1406 19.306 -9.646
v 9.1406 19.306 -9.646
v 9.1406 19.306 -9.646
v 10.405 20.281 -12.202
v 10.405 20.281 -12.202
v 10.405 20.281 -12.202
v 10.974 23.216 -12.579
v 10.974 23.216 -12.579
v 10.974 23.216 -12.579
v 11.998 21.213 -14.585
v 11.998 21.213 -14.585
v 11.998 21.213 -14.585
v 13.204 21.334 -11.825
v 13.204 21.334 -11.825
v 13.204 21.334 -11.825
v 10.974 23.216 -12.579
v 10.974 23.216 -12.579
v 10.974 23.216 -12.579
v 10.066 24.796 -10.179
v 10.066 24.796 -10.179
v 10.066 24.796 -10.179
v 8.7073 25.185 -12.841
v 8.7073 25.185 -12.841
v 8.7073 25.185 -12.841
v 11.524 26.176 -12.428
v 11.524 26.176 -12.428
v 11.524 26.176 -12.428
v 10.066 24.796 -10.179
v 10.066 24.796 -10.179
v 10.066 24.796 -10.179
v 11.934 23.178 -8.4549
v 11.934 23.178 -8.4549
v 11.934 23.178 -8.4549
v 9.0553 23.532 -7.6368
v 9.0553 23.532 -7.6368
v 9.0553 23.532 -7.6368
v 10.957 25.866 -7.5059
v 10.957 25.866 -7.5059
v 10.957 25.866 -7.5059
v 11.934 23.178 -8.4549
v 11.934 23.178 -8.4549
v 11.934 23.178 -8.4549
v 14.625 23.185 -9.8127
v 14.625 23.185 -9.8127
v 14.625 23.185 -9.8127
v 12.955 20.676 -9.7909
v 12.955 20.676 -9.7909
v 12.955 20.676 -9.7909
v 14.237 21.655 -7.2452
v 14.237 21.655 -7.2452
v 14.237 21.655 -7.2452
v 14.625 23.185 -9.8127
v 14.625 23.185 -9.8127
v 14.625 23.185 -9.8127
v 15.601 25.95 -10.511
v 15.601 25.95 -10.511
v 15.601 25.95 -10.511
v 15.618 23.775 -12.597
v 15.618 23.775 -12.597
v 15.618 23.775 -12.597
v 17.56 23.67 -10.295
v 17.56 23.67 -10.295
v 17.56 23.67 -10.295
v 15.601 25.95 -10.511
v 15.601 25.95 -10.511
v 15.601 25.95 -10.511
v 14.706 28.559 -11.726
v 14.706 28.559 -11.726
v 14.706 28.559 -11.726
v 12.685 26.407 -11.118
v 12.685 26.407 -11.118
v 12.685 26.407 -11.118
v 14.652 26.034 -13.37
v 14.652 26.034 -13.37
v 14.652 26.034 -13.37
v 14.706 28.559 -11.726
v 14.706 28.559 -11.726
v 14.706 28.559 -11.726
v 12.55 30.654 -11.938
v 12.55 30.654 -11.938
v 12.55 30.654 -11.938
v 12.545 28.293 -13.81
v 12.545 28.293 -13.81
v 12.545 28.293 -13.81
v 14.651 30.43 -14.087
v 14.651 30.43 -14.087
v 14.651 30.43 -14.087
v 12.55 30.654 -11.938
v 12.55 30.654 -11.938
v 12.55 30.654 -11.938
v 9.8392 31.771 -11.241
v 9.8392 31.771 -11.241
v 9.8392 31.771 -11.241
v 12.328 33.339 -10.586
v 12.328 33.339 -10.586
v 12.328 33.339 -10.586
v 11.686 30.823 -9.0555
v 11.686 30.823 -9.0555
v 11.686 30.823 -9.0555
v 9.8392 31.771 -11.241
v 9.8392 31.771 -11.241
v 9.8392 31.771 -11.241
v 7.7666 33.119 -12.964
v 7.7666 33.119 -12.964
v 7.7666 33.119 -12.964
v 7.1557 32.5 -10.078
v 7.1557 32.5 -10.078
v 7.1557 32.5 -10.078
v 7.3706 30.263 -12.086
v 7.3706 30.263 -12.086
v 7.3706 30.263 -12.086
v 7.7666 33.119 -12.964
v 7.7666 33.119 -12.964
v 7.7666 33.119 -12.964
v 9.6855 33.115 -15.288
v 9.6855 33.115 -15.288
v 9.6855 33.115 -15.288
v 8.8654 35.721 -14.015
v 8.8654 35.721 -14.015
v 8.8654 35.721 -14.015
v 6.8795 34.152 -15.653
v 6.8795 34.152 -15.653
v 6.8795 34.152 -15.653
v 9.6855 33.115 -15.288
v 9.6855 33.115 -15.288
v 9.6855 33.115 -15.288
v 10.088 30.335 -16.38
v 10.088 30.335 -16.38
v 10.088 30.335 -16.38
v 12.259 31.642 -14.75
v 12.259 31.642 -14.75
v 12.259 31.642 -14.75
v 11.649 32.644 -17.526
v 11.649 32.644 -17.526
v 11.649 32.644 -17.526
v 10.088 30.335 -16.38
v 10.088 30.335 -16.38
v 10.088 30.335 -16.38
v 8.0918 29.349 -18.412
v 8.0918 29.349 -18.412
v 8.0918 29.349 -18.412
v 8.7484 27.661 -16.003
v 8.7484 27.661 -16.003
v 8.7484 27.661 -16.003
v 10.791 28.028 -18.188
v 10.791 28.028 -18.188
v 10.791 28.028 -18.188
v 8.0918 29.349 -18.412
v 8.0918 29.349 -18.412
v 8.0918 29.349 -18.412
v 8.1165 30.53 -21.185
v 8.1165 30.53 -21.185
v 8.1165 30.53 -21.185
v 6.6255 31.923 -18.967
v 6.6255 31.923 -18.967
v 6.6255 31.923 -18.967
v 5.5836 29.324 -20.083
v 5.5836 29.324 -20.083
v 5.5836 29.324 -20.083
v 8.1165 30.53 -21.185
v 8.1165 30.53 -21.185
v 8.1165 30.53 -21.185
v 9.5792 28.11 -22.229
v 9.5792 28.11 -22.229
v 9.5792 28.11 -22.229
v 10.926 30.806 -22.24
v 10.926 30.806 -22.24
v 10.926 30.806 -22.24
v 8.652 30.25 -24.138
v 8.652 30.25 -24.138
v 8.652 30.25 -24.138
v 9.5792 28.11 -22.229
v 9.5792 28.11 -22.229
v 9.5792 28.11 -22.229
v 8.7119 25.264 -22.709
v 8.7119 25.264 -22.709
v 8.7119 25.264 -22.709
v 11.268 25.829 -21.216
v 11.268 25.829 -21.216
v 11.268 25.829 -21.216
v 11.098 26.38 -24.174
v 11.098 26.38 -24.174
v 11.098 26.38 -24.174
v 8.7119 25.264 -22.709
v 8.7119 25.264 -22.709
v 8.7119 25.264 -22.709
v 8.157 22.358 -23.283
v 8.157 22.358 -23.283
v 8.157 22.358 -23.283
v 6.562 24.501 -24.679
v 6.562 24.501 -24.679
v 6.562 24.501 -24.679
v 6.1569 23.997 -21.735
v 6.1569 23.997 -21.735
v 6.1569 23.997 -21.735
v 8.157 22.358 -23.283
v 8.157 22.358 -23.283
v 8.157 22.358 -23.283
v 9.1962 19.8 -24.492
v 9.1962 19.8 -24.492
v 9.1962 19.8 -24.492
v 8.9595 20.066 -21.499
v 8.9595 20.066 -21.499
v 8.9595 20.066 -21.499
v 11.065 21.625 -22.988
v 11.065 21.625 -22.988
v 11.065 21.625 -22.988
v 9.1962 19.8 -24.492
v 9.1962 19.8 -24.492
v 9.1962 19.8 -24.492
v 8.3441 17.14 -25.623
v 8.3441 17.14 -25.623
v 8.3441 17.14 -25.623
v 11.116 18.19 -26.167
v 11.116 18.19 -26.167
v 11.116 18.19 -26.167
v 8.7275 19.503 -27.454
v 8.7275 19.503 -27.454
v 8.7275 19.503 -27.454
v 8.3441 17.14 -25.623
v 8.3441 17.14 -25.623
v 8.3441 17.14 -25.623
v 7.6162 14.28 -26.237
v 7.6162 14.28 -26.237
v 7.6162 14.28 -26.237
v 5.4789 16.405 -26.201
v 5.4789 16.405 -26.201
v 5.4789 16.405 -26.201
v 6.7707 15.523 -23.624
v 6.7707 15.523 -23.624
v 6.7707 15.523 -23.624
v 7.6162 14.28 -26.237
v 7.6162 14.28 -26.237
v 7.6162 14.28 -26.237
v 9.5621 11.982 -26.364
v 9.5621 11.982 -26.364
v 9.5621 11.982 -26.364
v 10.581 14.818 -26.3
v 10.581 14.818 -26.3
v 10.581 14.818 -26.3
v 9.1861 13.773 -28.759
v 9.1861 13.773 -28.759
v 9.1861 13.773 -28.759
v 9.5621 11.982 -26.364
v 9.5621 11.982 -26.364
v 9.5621 11.982 -26.364
v 11.653 11.829 -24.199
v 11.653 11.829 -24.199
v 11.653 11.829 -24.199
v 12.221 13.352 -26.737
v 12.221 13.352 -26.737
v 12.221 13.352 -26.737
v 12.055 10.343 -26.79
v 12.055 10.343 -26.79
v 12.055 10.343 -26.79
v 11.653 11.829 -24.199
v 11.653 11.829 -24.199
v 11.653 11.829 -24.199
v 13.132 12.276 -21.611
v 13.132 12.276 -21.611
v 13.132 12.276 -21.611
v 11.992 9.5589 -22.245
v 11.992 9.5589 -22.245
v 11.992 9.5589 -22.245
v 10.149 11.851 -21.587
v 10.149 11.851 -21.587
v 10.149 11.851 -21.587
v 13.132 12.276 -21.611
v 13.132 12.276 -21.611
v 13.132 12.276 -21.611
v 14.712 12.69 -19.078
v 14.712 12.69 -19.078
v 14.712 12.69 -19.078
v 13.659 15.067 -20.603
v 13.659 15.067 -20.603
v 13.659 15.067 -20.603
v 15.915 13.425 -21.742
v 15.915 13.425 -21.742
v 15.915 13.425 -21.742
v 14.712 12.69 -19.078
v 14.712 12.69 -19.078
v 14.712 12.69 -19.078
v 16.218 13.351 -16.553
v 16.218 13.351 -16.553
v 16.218 13.351 -16.553
v 16.829 10.807 -18.05
v 16.829 10.807 -18.05
v 16.829 10.807 -18.05
v 14.22 11.095 -16.569
v 14.22 11.095 -16.569
v 14.22 11.095 -16.569
v 16.218 13.351 -16.553
v 16.218 13.351 -16.553
v 16.218 13.351 -16.553
v 17.866 13.652 -14.047
v 17.866 13.652 -14.047
v 17.866 13.652 -14.047
v 15.372 15.303 -14.419
v 15.372 15.303 -14.419
v 15.372 15.303 -14.419
v 17.814 15.865 -16.092
v 17.814 15.865 -16.092
v 17.814 15.865 -16.092
v 17.866 13.652 -14.047
v 17.866 13.652 -14.047
v 17.866 13.652 -14.047
v 19.222 13.497 -11.36
v 19.222 13.497 -11.36
v 19.222 13.497 -11.36
v 20.871 13.49 -13.883
v 20.871 13.49 -13.883
v 20.871 13.49 -13.883
v 19.191 11.09 -13.174
v 19.191 11.09 -13.174
v 19.191 11.09 -13.174
v 19.222 13.497 -11.36
v 19.222 13.497 -11.36
v 19.222 13.497 -11.36
v 20.066 13.5 -8.4671
v 20.066 13.5 -8.4671
v 20.066 13.5 -8.4671
v 17.276 14.352 -9.223
v 17.276 14.352 -9.223
v 17.276 14.352 -9.223
v 19.627 16.108 -9.9112
v 19.627 16.108 -9.9112
v 19.627 16.108 -9.9112
v 20.066 13.5 -8.4671
v 20.066 13.5 -8.4671
v 20.066 13.5 -8.4671
v 20.306 13.047 -5.4972
v 20.306 13.047 -5.4972
v 20.306 13.047 -5.4972
v 22.747 13.761 -7.1145
v 22.747 13.761 -7.1145
v 22.747 13.761 -7.1145
v 21.474 11.047 -7.4258
v 21.474 11.047 -7.4258
v 21.474 11.047 -7.4258
v 20.306 13.047 -5.4972
v 20.306 13.047 -5.4972
v 20.306 13.047 -5.4972
v 19.539 13.717 -2.6607
v 19.539 13.717 -2.6607
v 19.539 13.717 -2.6607
v 21.993 12.054 -3.2054
v 21.993 12.054 -3.2054
v 21.993 12.054 -3.2054
v 19.252 10.893 -3.6722
v 19.252 10.893 -3.6722
v 19.252 10.893 -3.6722
v 19.539 13.717 -2.6607
v 19.539 13.717 -2.6607
v 19.539 13.717 -2.6607
v 17.742 16.131 -2.5068
v 17.742 16.131 -2.5068
v 17.742 16.131 -2.5068
v 19.805 15.65 -0.36337
v 19.805 15.65 -0.36337
v 19.805 15.65 -0.36337
v 17.387 13.861 -0.55631
v 17.387 13.861 -0.55631
v 17.387 13.861 -0.55631
v 17.742 16.131 -2.5068
v 17.742 16.131 -2.5068
v 17.742 16.131 -2.5068
v 18.076 17.532 -5.1546
v 18.076 17.532 -5.1546
v 18.076 17.532 -5.1546
v 15.624 15.859 -4.6334
v 15.624 15.859 -4.6334
v 15.624 15.859 -4.6334
v 18.304 14.531 -4.9977
v 18.304 14.531 -4.9977
v 18.304 14.531 -4.9977
v 18.076 17.532 -5.1546
v 18.076 17.532 -5.1546
v 18.076 17.532 -5.1546
v 19.727 18.654 -7.4121
v 19.727 18.654 -7.4121
v 19.727 18.654 -7.4121
v 19.792 19.967 -4.7002
v 19.792 19.967 -4.7002
v 19.792 19.967 -4.7002
v 17.319 20.164 -6.4113
v 17.319 20.164 -6.4113
v 17.319 20.164 -6.4113
v 19.727 18.654 -7.4121
v 19.727 18.654 -7.4121
v 19.727 18.654 -7.4121
v 22.041 18.048 -9.2459
v 22.041 18.048 -9.2459
v 22.041 18.048 -9.2459
v 19.423 19.007 -10.39
v 19.423 19.007 -10.39
v 19.423 19.007 -10.39
v 19.63 16.24 -9.2137
v 19.63 16.24 -9.2137
v 19.63 16.24 -9.2137
v 22.041 18.048 -9.2459
v 22.041 18.048 -9.2459
v 22.041 18.048 -9.2459
v 24.228 16.916 -10.983
v 24.228 16.916 -10.983
v 24.228 16.916 -10.983
v 24.269 16.44 -8.0074
v 24.269 16.44 -8.0074
v 24.269 16.44 -8.0074
v 24.825 19.193 -9.1004
v 24.825 19.193 -9.1004
v 24.825 19.193 -9.1004
v 24.228 16.916 -10.983
v 24.228 16.916 -10.983
v 24.228 16.916 -10.983
v 23.401 17.228 -13.864
v 23.401 17.228 -13.864
v 23.401 17.228 -13.864
v 24.409 14.569 -12.865
v 24.409 14.569 -12.865
v 24.409 14.569 -12.865
v 26.312 16.888 -13.161
v 26.312 16.888 -13.161
v 26.312 16.888 -13.161
v 23.401 17.228 -13.864
v 23.401 17.228 -13.864
v 23.401 17.228 -13.864
v 21.29 17.672 -15.968
v 21.29 17.672 -15.968
v 21.29 17.672 -15.968
v 23.784 19.364 -15.956
v 23.784 19.364 -15.956
v 23.784 19.364 -15.956
v 21.709 19.722 -13.799
v 21.709 19.722 -13.799
v 21.709 19.722 -13.799
v 21.29 17.672 -15.968
v 21.29 17.672 -15.968
v 21.29 17.672 -15.968
v 20.057 16.434 -18.424
v 20.057 16.434 -18.424
v 20.057 16.434 -18.424
v 18.593 18.608 -16.936
v 18.593 18.608 -16.936
v 18.593 18.608 -16.936
v 18.886 15.873 -15.704
v 18.886 15.873 -15.704
v 18.886 15.873 -15.704
v 20.057 16.434 -18.424
v 20.057 16.434 -18.424
v 20.057 16.434 -18.424
v 18.84 15.199 -20.889
v 18.84 15.199 -20.889
v 18.84 15.199 -20.889
v 21.055 13.772 -19.427
v 21.055 13.772 -19.427
v 21.055 13.772 -19.427
v 21.649 16.287 -20.979
v 21.649 16.287 -20.979
v 21.649 16.287 -20.979
v 18.84 15.199 -20.889
v 18.84 15.199 -20.889
v 18.84 15.199 -20.889
v 17.986 13.701 -23.361
v 17.986 13.701 -23.361
v 17.986 13.701 -23.361
v 17.212 16.592 -23.009
v 17.212 16.592 -23.009
v 17.212 16.592 -23.009
v 15.942 14.472 -21.285
v 15.942 14.472 -21.285
v 15.942 14.472 -21.285
v 17.986 13.701 -23.361
v 17.986 13.701 -23.361
v 17.986 13.701 -23.361
v 18.297 12.715 -26.192
v 18.297 12.715 -26.192
v 18.297 12.715 -26.192
v 17.035 10.94 -24.108
v 17.035 10.94 -24.108
v 17.035 10.94 -24.108
v 19.987 11.537 -23.992
v 19.987 11.537 -23.992
v 19.987 11.537 -23.992
v 18.297 12.715 -26.192
v 18.297 12.715 -26.192
v 18.297 12.715 -26.192
v 18.709 15.368 -27.561
v 18.709 15.368 -27.561
v 18.709 15.368 -27.561
v 16.838 13.33 -28.757
v 16.838 13.33 -28.757
v 16.838 13.33 -28.757
v 19.813 12.849 -28.793
v 19.813 12.849 -28.793
v 19.813 12.849 -28.793
v 18.709 15.368 -27.561
v 18.709 15.368 -27.561
v 18.709 15.368 -27.561
v 19.13 17.873 -29.183
v 19.13 17.873 -29.183
v 19.13 17.873 -29.183
v 20.928 17.276 -26.839
v 20.928 17.276 -26.839
v 20.928 17.276 -26.839
v 18.055 18.059 -26.374
v 18.055 18.059 -26.374
v 18.055 18.059 -26.374
v 19.13 17.873 -29.183
v 19.13 17.873 -29.183
v 19.13 17.873 -29.183
v 16.77 17.114 -30.898
v 16.77 17.114 -30.898
v 16.77 17.114 -30.898
v 19.528 17.257 -32.107
v 19.528 17.257 -32.107
v 19.528 17.257 -32.107
v 18.112 19.786 -31.278
v 18.112 19.786 -31.278
v 18.112 19.786 -31.278
v 16.77 17.114 -30.898
v 16.77 17.114 -30.898
v 16.77 17.114 -30.898
v 14.171 18.037 -29.685
v 14.171 18.037 -29.685
v 14.171 18.037 -29.685
v 14.928 15.122 -29.588
v 14.928 15.122 -29.588
v 14.928 15.122 -29.588
v 14.155 16.391 -32.209
v 14.155 16.391 -32.209
v 14.155 16.391 -32.209
vn -0.85922 0.31569 0.40259
vn 0.67313 -0.14788 0.72459
vn -0.34271 -0.68995 0.63759
vn -0.85922 0.31569 0.40259
vn -0.34271 -0.68995 0.63759
vn 0.15661 0.85777 0.4896
vn -0.85922 0.31569 0.40259
vn 0.67313 -0.14788 0.72459
vn 0.15661 0.85777 0.4896
vn 0.67313 -0.14788 0.72459
vn -0.34271 -0.68995 0.63759
vn 0.15661 0.85777 0.4896
vn -0.52198 -0.061485 0.85074
vn 0.63889 -0.76731 -0.055275
vn -0.50981 -0.86012 0.016856
vn -0.52198 -0.061485 0.85074
vn -0.50981 -0.86012 0.016856
vn 0.62673 0.031329 0.77861
vn -0.52198 -0.061485 0.85074
vn 0.63889 -0.76731 -0.055275
vn 0.62673 0.031329 0.77861
vn 0.63889 -0.76731 -0.055275
vn -0.50981 -0.86012 0.016856
vn 0.62673 0.031329 0.77861
vn 0.73866 0.35178 -0.57501
vn 0.24492 0.11228 0.96302
vn 0.14249 0.97003 0.1968
vn 0.73866 0.35178 -0.57501
vn 0.14249 0.97003 0.1968
vn 0.84109 -0.50598 0.19122
vn 0.73866 0.35178 -0.57501
vn 0.24492 0.11228 0.96302
vn 0.84109 -0.50598 0.19122
vn 0.24492 0.11228 0.96302
vn 0.14249 0.97003 0.1968
vn 0.84109 -0.50598 0.19122
vn -0.73384 -0.13918 0.66491
vn 0.75151 -0.62986 0.19626
vn -0.3302 -0.94198 -0.060289
vn -0.73384 -0.13918 0.66491
vn -0.3302 -0.94198 -0.060289
vn 0.34787 0.17295 0.92145
vn -0.73384 -0.13918 0.66491
vn 0.75151 -0.62986 0.19626
vn 0.34787 0.17295 0.92145
vn 0.75151 -0.62986 0.19626
vn -0.3302 -0.94198 -0.060289
vn 0.34787 0.17295 0.92145
vn 0.75994 -0.053891 -0.64775
vn 0.35888 0.11967 0.92568
vn 0.53548 0.84343 0.043459
vn 0.75994 -0.053891 -0.64775
vn 0.53548 0.84343 0.043459
vn 0.58334 -0.77765 0.23447
vn 0.75994 -0.053891 -0.64775
vn 0.35888 0.11967 0.92568
vn 0.58334 -0.77765 0.23447
vn 0.35888 0.11967 0.92568
vn 0.53548 0.84343 0.043459
vn 0.58334 -0.77765 0.23447
vn -0.6851 -0.056591 0.72624
vn 0.7525 -0.62684 0.20204
vn -0.35065 -0.93487 0.055351
vn -0.6851 -0.056591 0.72624
vn -0.35065 -0.93487 0.055351
vn 0.41804 0.25144 0.87294
vn -0.6851 -0.056591 0.72624
vn 0.7525 -0.62684 0.20204
vn 0.41804 0.25144 0.87294
vn 0.7525 -0.62684 0.20204
vn -0.35065 -0.93487 0.055351
vn 0.41804 0.25144 0.87294
vn 0.63102 -0.21297 -0.74596
vn 0.49242 0.47916 0.72659
vn 0.38618 0.84827 -0.36236
vn 0.63102 -0.21297 -0.74596
vn 0.38618 0.84827 -0.36236
vn 0.73726 -0.58208 0.34298
vn 0.63102 -0.21297 -0.74596
vn 0.49242 0.47916 0.72659
vn 0.73726 -0.58208 0.34298
vn 0.49242 0.47916 0.72659
vn 0.38618 0.84827 -0.36236
vn 0.73726 -0.58208 0.34298
vn -0.18361 0.98035 -0.072119
vn 0.13199 -0.24463 0.96059
vn -0.82608 0.22336 0.5174
vn -0.18361 0.98035 -0.072119
vn -0.82608 0.22336 0.5174
vn 0.77446 0.51236 0.37107
vn -0.18361 0.98035 -0.072119
vn 0.13199 -0.24463 0.96059
vn 0.77446 0.51236 0.37107
vn 0.13199 -0.24463 0.96059
vn -0.82608 0.22336 0.5174
vn 0.77446 0.51236 0.37107
vn -0.63012 0.42624 0.64905
vn 0.38487 -0.82947 0.40479
vn -0.73829 -0.63884 0.21635
vn -0.63012 0.42624 0.64905
vn -0.73829 -0.63884 0.21635
vn 0.49304 0.23561 0.8375
vn -0.63012 0.42624 0.64905
vn 0.38487 -0.82947 0.40479
vn 0.49304 0.23561 0.8375
vn 0.38487 -0.82947 0.40479
vn -0.73829 -0.63884 0.21635
vn 0.49304 0.23561 0.8375
vn 0.069987 -0.77589 -0.62697
vn 0.90374 0.409 0.12639
vn 0.34971 0.31492 -0.88234
vn 0.069987 -0.77589 -0.62697
vn 0.34971 0.31492 -0.88234
vn 0.62401 -0.68181 0.38176
vn 0.069987 -0.77589 -0.62697
vn 0.90374 0.409 0.12639
vn 0.62401 -0.68181 0.38176
vn 0.90374 0.409 0.12639
vn 0.34971 0.31492 -0.88234
vn 0.62401 -0.68181 0.38176
vn -0.056289 0.91836 -0.39172
vn 0.57364 0.021457 0.81883
vn -0.39984 0.62459 0.67083
vn -0.056289 0.91836 -0.39172
vn -0.39984 0.62459 0.67083
vn 0.91719 0.31523 -0.24372
vn -0.056289 0.91836 -0.39172
vn 0.57364 0.021457 0.81883
vn 0.91719 0.31523 -0.24372
vn 0.57364 0.021457 0.81883
vn -0.39984 0.62459 0.67083
vn 0.91719 0.31523 -0.24372
vn -0.47307 -0.36467 0.80201
vn 0.77046 -0.59406 -0.23127
vn -0.33696 -0.91974 -0.20133
vn -0.47307 -0.36467 0.80201
vn -0.33696 -0.91974 -0.20133
vn 0.63434 -0.038983 0.77207
vn -0.47307 -0.36467 0.80201
vn 0.77046 -0.59406 -0.23127
vn 0.63434 -0.038983 0.77207
vn 0.77046 -0.59406 -0.23127
vn -0.33696 -0.91974 -0.20133
vn 0.63434 -0.038983 0.77207
vn 0.61419 0.032276 0.7885
vn -0.29897 -0.94219 -0.1513
vn -0.48154 -0.33128 0.8114
vn 0.61419 0.032276 0.7885
vn -0.48154 -0.33128 0.8114
vn 0.79677 -0.57864 -0.1742
vn 0.61419 0.032276 0.7885
vn -0.29897 -0.94219 -0.1513
vn 0.79677 -0.57864 -0.1742
vn -0.29897 -0.94219 -0.1513
vn -0.48154 -0.33128 0.8114
vn 0.79677 -0.57864 -0.1742
vn 0.7042 -0.53916 0.46196
vn -0.88968 -0.18679 0.41663
vn 0.027062 0.24704 0.96863
vn 0.7042 -0.53916 0.46196
vn 0.027062 0.24704 0.96863
vn -0.21254 -0.97299 -0.090037
vn 0.7042 -0.53916 0.46196
vn -0.88968 -0.18679 0.41663
vn -0.21254 -0.97299 -0.090037
vn -0.88968 -0.18679 0.41663
vn 0.027062 0.24704 0.96863
vn -0.21254 -0.97299 -0.090037
vn -0.57547 -0.81725 0.030407
vn 0.2456 0.26957 0.93113
vn 0.50119 -0.74436 0.44129
vn -0.57547 -0.81725 0.030407
vn 0.50119 -0.74436 0.44129
vn -0.83106 0.19668 0.52025
vn -0.57547 -0.81725 0.030407
vn 0.2456 0.26957 0.93113
vn -0.83106 0.19668 0.52025
vn 0.2456 0.26957 0.93113
vn 0.50119 -0.74436 0.44129
vn -0.83106 0.19668 0.52025
vn -0.69609 -0.20453 0.68821
vn 0.78895 -0.59932 0.13552
vn -0.28676 -0.95384 -0.089171
vn -0.69609 -0.20453 0.68821
vn -0.28676 -0.95384 -0.089171
vn 0.37962 0.14999 0.9129
vn -0.69609 -0.20453 0.68821
vn 0.78895 -0.59932 0.13552
vn 0.37962 0.14999 0.9129
vn 0.78895 -0.59932 0.13552
vn -0.28676 -0.95384 -0.089171
vn 0.37962 0.14999 0.9129
vn -0.28386 -0.70215 0.653
vn 0.037809 -0.39443 -0.91815
vn -0.90439 -0.34397 -0.25253
vn -0.28386 -0.70215 0.653
vn -0.90439 -0.34397 -0.25253
vn 0.65834 -0.75261 -0.012624
vn -0.28386 -0.70215 0.653
vn 0.037809 -0.39443 -0.91815
vn 0.65834 -0.75261 -0.012624
vn 0.037809 -0.39443 -0.91815
vn -0.90439 -0.34397 -0.25253
vn 0.65834 -0.75261 -0.012624
vn -0.94564 0.1148 -0.30427
vn 0.62137 0.22808 -0.74958
vn -0.14771 0.94905 -0.27836
vn -0.94564 0.1148 -0.30427
vn -0.14771 0.94905 -0.27836
vn -0.17656 -0.60617 -0.77549
vn -0.94564 0.1148 -0.30427
vn 0.62137 0.22808 -0.74958
vn -0.17656 -0.60617 -0.77549
vn 0.62137 0.22808 -0.74958
vn -0.14771 0.94905 -0.27836
vn -0.17656 -0.60617 -0.77549
vn 0.41184 -0.83951 -0.35442
vn -0.44951 0.49146 -0.74593
vn -0.712 -0.57804 -0.39866
vn 0.41184 -0.83951 -0.35442
vn -0.712 -0.57804 -0.39866
vn 0.67433 0.22999 -0.7017
vn 0.41184 -0.83951 -0.35442
vn -0.44951 0.49146 -0.74593
vn 0.67433 0.22999 -0.7017
vn -0.44951 0.49146 -0.74593
vn -0.712 -0.57804 -0.39866
vn 0.67433 0.22999 -0.7017
vn 0.52434 0.77981 0.34201
vn 0.15477 -0.10047 -0.98283
vn 0.97353 -0.15247 -0.17026
vn 0.52434 0.77981 0.34201
vn 0.97353 -0.15247 -0.17026
vn -0.29442 0.8318 -0.47056
vn 0.52434 0.77981 0.34201
vn 0.15477 -0.10047 -0.98283
vn -0.29442 0.8318 -0.47056
vn 0.15477 -0.10047 -0.98283
vn 0.97353 -0.15247 -0.17026
vn -0.29442 0.8318 -0.47056
vn -0.27699 0.90405 0.32552
vn 0.46519 0.090868 -0.88053
vn 0.80912 0.57754 0.10851
vn -0.27699 0.90405 0.32552
vn 0.80912 0.57754 0.10851
vn -0.62091 0.41738 -0.66352
vn -0.27699 0.90405 0.32552
vn 0.46519 0.090868 -0.88053
vn -0.62091 0.41738 -0.66352
vn 0.46519 0.090868 -0.88053
vn 0.80912 0.57754 0.10851
vn -0.62091 0.41738 -0.66352
vn -0.89428 0.44746 0.0068746
vn 0.69797 0.65446 -0.29072
vn 0.018402 0.77196 0.63541
vn -0.89428 0.44746 0.0068746
vn 0.018402 0.77196 0.63541
vn -0.21471 0.32996 -0.91925
vn -0.89428 0.44746 0.0068746
vn 0.69797 0.65446 -0.29072
vn -0.21471 0.32996 -0.91925
vn 0.69797 0.65446 -0.29072
vn 0.018402 0.77196 0.63541
vn -0.21471 0.32996 -0.91925
vn 0.58566 0.057288 -0.80853
vn -0.35572 0.90858 0.21898
vn -0.53208 0.34492 -0.77325
vn 0.58566 0.057288 -0.80853
vn -0.53208 0.34492 -0.77325
vn 0.76203 0.62094 0.1837
vn 0.58566 0.057288 -0.80853
vn -0.35572 0.90858 0.21898
vn 0.76203 0.62094 0.1837
vn -0.35572 0.90858 0.21898
vn -0.53208 0.34492 -0.77325
vn 0.76203 0.62094 0.1837
vn -0.97158 -0.22019 -0.086922
vn 0.19046 0.30509 0.93308
vn -0.2356 -0.72832 0.64347
vn -0.97158 -0.22019 -0.086922
vn -0.2356 -0.72832 0.64347
vn -0.54552 0.81322 0.20269
vn -0.97158 -0.22019 -0.086922
vn 0.19046 0.30509 0.93308
vn -0.54552 0.81322 0.20269
vn 0.19046 0.30509 0.93308
vn -0.2356 -0.72832 0.64347
vn -0.54552 0.81322 0.20269
vn 0.7472 0.66231 -0.055147
vn -0.81398 0.446 0.37218
vn -0.26817 0.75612 -0.59697
vn 0.7472 0.66231 -0.055147
vn -0.26817 0.75612 -0.59697
vn 0.20138 0.3522 0.914
vn 0.7472 0.66231 -0.055147
vn -0.81398 0.446 0.37218
vn 0.20138 0.3522 0.914
vn -0.81398 0.446 0.37218
vn -0.26817 0.75612 -0.59697
vn 0.20138 0.3522 0.914
vn -0.47195 0.45948 -0.75242
vn -0.67385 -0.39232 0.62611
vn -0.5664 -0.66142 -0.49165
vn -0.47195 0.45948 -0.75242
vn -0.5664 -0.66142 -0.49165
vn -0.5794 0.72858 0.36533
vn -0.47195 0.45948 -0.75242
vn -0.67385 -0.39232 0.62611
vn -0.5794 0.72858 0.36533
vn -0.67385 -0.39232 0.62611
vn -0.5664 -0.66142 -0.49165
vn -0.5794 0.72858 0.36533
vn 0.17884 -0.97668 0.11882
vn -0.084171 0.43494 0.89651
vn 0.85039 -0.12335 0.51149
vn 0.17884 -0.97668 0.11882
vn 0.85039 -0.12335 0.51149
vn -0.75571 -0.41838 0.50384
vn 0.17884 -0.97668 0.11882
vn -0.084171 0.43494 0.89651
vn -0.75571 -0.41838 0.50384
vn -0.084171 0.43494 0.89651
vn 0.85039 -0.12335 0.51149
vn -0.75571 -0.41838 0.50384
vn 0.81671 0.40704 0.40902
vn -0.81173 0.48915 0.3191
vn 0.063273 0.96132 -0.26806
vn 0.81671 0.40704 0.40902
vn 0.063273 0.96132 -0.26806
vn -0.058294 -0.065135 0.99617
vn 0.81671 0.40704 0.40902
vn -0.81173 0.48915 0.3191
vn -0.058294 -0.065135 0.99617
vn -0.81173 0.48915 0.3191
vn 0.063273 0.96132 -0.26806
vn -0.058294 -0.065135 0.99617
vn -0.11952 0.8981 -0.42324
vn -0.89075 -0.44407 0.096821
vn -0.41767 -0.1095 -0.90198
vn -0.11952 0.8981 -0.42324
vn -0.41767 -0.1095 -0.90198
vn -0.5926 0.56353 0.57556
vn -0.11952 0.8981 -0.42324
vn -0.89075 -0.44407 0.096821
vn -0.5926 0.56353 0.57556
vn -0.89075 -0.44407 0.096821
vn -0.41767 -0.1095 -0.90198
vn -0.5926 0.56353 0.57556
vn -0.61556 0.54587 0.56843
vn -0.28799 0.059871 -0.95576
vn 0.029525 0.95414 -0.29789
vn -0.61556 0.54587 0.56843
vn 0.029525 0.95414 -0.29789
vn -0.93307 -0.3484 -0.089437
vn -0.61556 0.54587 0.56843
vn -0.28799 0.059871 -0.95576
vn -0.93307 -0.3484 -0.089437
vn -0.28799 0.059871 -0.95576
vn 0.029525 0.95414 -0.29789
vn -0.93307 -0.3484 -0.089437
vn -0.052173 -0.51479 -0.85573
vn -0.38116 0.91427 -0.13723
vn -0.95539 -0.076532 -0.28524
vn -0.052173 -0.51479 -0.85573
vn -0.95539 -0.076532 -0.28524
vn 0.52206 0.47601 -0.70772
vn -0.052173 -0.51479 -0.85573
vn -0.38116 0.91427 -0.13723
vn 0.52206 0.47601 -0.70772
vn -0.38116 0.91427 -0.13723
vn -0.95539 -0.076532 -0.28524
vn 0.52206 0.47601 -0.70772
vn -0.29737 0.50459 -0.81053
vn -0.75861 -0.066556 0.64814
vn -0.7645 -0.4804 -0.42984
vn -0.29737 0.50459 -0.81053
vn -0.7645 -0.4804 -0.42984
vn -0.29148 0.91843 0.26744
vn -0.29737 0.50459 -0.81053
vn -0.75861 -0.066556 0.64814
vn -0.29148 0.91843 0.26744
vn -0.75861 -0.066556 0.64814
vn -0.7645 -0.4804 -0.42984
vn -0.29148 0.91843 0.26744
vn -0.69491 0.70336 0.14962
vn -0.39697 -0.75514 -0.5217
vn -0.326 0.33951 -0.8823
vn -0.69491 0.70336 0.14962
vn -0.326 0.33951 -0.8823
vn -0.76588 -0.39129 0.51022
vn -0.69491 0.70336 0.14962
vn -0.39697 -0.75514 -0.5217
vn -0.76588 -0.39129 0.51022
vn -0.39697 -0.75514 -0.5217
vn -0.326 0.33951 -0.8823
vn -0.76588 -0.39129 0.51022
vn -0.98411 -0.04606 0.17148
vn 0.1617 0.35727 -0.9199
vn -0.39484 0.91559 -0.076172
vn -0.98411 -0.04606 0.17148
vn -0.39484 0.91559 -0.076172
vn -0.42757 -0.60438 -0.67225
vn -0.98411 -0.04606 0.17148
vn 0.1617 0.35727 -0.9199
vn -0.42757 -0.60438 -0.67225
vn 0.1617 0.35727 -0.9199
vn -0.39484 0.91559 -0.076172
vn -0.42757 -0.60438 -0.67225
vn -0.52381 -0.19814 -0.82847
vn -0.26535 0.8961 0.3558
vn -0.97646 -0.0028058 0.21569
vn -0.52381 -0.19814 -0.82847
vn -0.97646 -0.0028058 0.21569
vn 0.1873 0.70077 -0.68836
vn -0.52381 -0.19814 -0.82847
vn -0.26535 0.8961 0.3558
vn 0.1873 0.70077 -0.68836
vn -0.26535 0.8961 0.3558
vn -0.97646 -0.0028058 0.21569
vn 0.1873 0.70077 -0.68836
vn -0.29892 0.68648 -0.66286
vn -0.79985 -0.44569 0.40199
vn -0.53252 -0.44283 -0.72134
vn -0.29892 0.68648 -0.66286
vn -0.53252 -0.44283 -0.72134
vn -0.56625 0.68362 0.46046
vn -0.29892 0.68648 -0.66286
vn -0.79985 -0.44569 0.40199
vn -0.56625 0.68362 0.46046
vn -0.79985 -0.44569 0.40199
vn -0.53252 -0.44283 -0.72134
vn -0.56625 0.68362 0.46046
vn -0.85916 0.40295 0.3154
vn -0.12945 -0.38947 -0.9119
vn -0.28247 0.7206 -0.63321
vn -0.85916 0.40295 0.3154
vn -0.28247 0.7206 -0.63321
vn -0.70614 -0.70712 0.036712
vn -0.85916 0.40295 0.3154
vn -0.12945 -0.38947 -0.9119
vn -0.70614 -0.70712 0.036712
vn -0.12945 -0.38947 -0.9119
vn -0.28247 0.7206 -0.63321
vn -0.70614 -0.70712 0.036712
vn -0.91776 -0.30261 -0.2572
vn 0.1847 0.89202 -0.41254
vn -0.67333 0.66373 0.3257
vn -0.91776 -0.30261 -0.2572
vn -0.67333 0.66373 0.3257
vn -0.059725 -0.074326 -0.99544
vn -0.91776 -0.30261 -0.2572
vn 0.1847 0.89202 -0.41254
vn -0.059725 -0.074326 -0.99544
vn 0.1847 0.89202 -0.41254
vn -0.67333 0.66373 0.3257
vn -0.059725 -0.074326 -0.99544
vn 0.16447 -0.33334 0.92835
vn 0.032523 0.99945 -0.0059547
vn 0.90031 0.30606 0.30945
vn 0.16447 -0.33334 0.92835
vn 0.90031 0.30606 0.30945
vn -0.70332 0.36005 0.61295
vn 0.16447 -0.33334 0.92835
vn 0.032523 0.99945 -0.0059547
vn -0.70332 0.36005 0.61295
vn 0.032523 0.99945 -0.0059547
vn 0.90031 0.30606 0.30945
vn -0.70332 0.36005 0.61295
vn -0.52218 0.8528 0.0078021
vn -0.58039 -0.74321 -0.33285
vn -0.31049 0.20924 -0.92726
vn -0.52218 0.8528 0.0078021
vn -0.31049 0.20924 -0.92726
vn -0.79209 -0.099646 0.60222
vn -0.52218 0.8528 0.0078021
vn -0.58039 -0.74321 -0.33285
vn -0.79209 -0.099646 0.60222
vn -0.58039 -0.74321 -0.33285
vn -0.31049 0.20924 -0.92726
vn -0.79209 -0.099646 0.60222
vn -0.94907 -0.05409 0.31038
vn 0.019741 0.22077 -0.97513
vn -0.451 0.87951 -0.15185
vn -0.94907 -0.05409 0.31038
vn -0.451 0.87951 -0.15185
vn -0.47833 -0.71283 -0.5129
vn -0.94907 -0.05409 0.31038
vn 0.019741 0.22077 -0.97513
vn -0.47833 -0.71283 -0.5129
vn 0.019741 0.22077 -0.97513
vn -0.451 0.87951 -0.15185
vn -0.47833 -0.71283 -0.5129
vn -0.79409 -0.45565 -0.40225
vn -0.1838 0.97954 0.081928
vn -0.79785 0.14157 0.586
vn -0.79409 -0.45565 -0.40225
vn -0.79785 0.14157 0.586
vn -0.18004 0.38232 -0.90632
vn -0.79409 -0.45565 -0.40225
vn -0.1838 0.97954 0.081928
vn -0.18004 0.38232 -0.90632
vn -0.1838 0.97954 0.081928
vn -0.79785 0.14157 0.586
vn -0.18004 0.38232 -0.90632
vn -0.55841 0.46219 -0.68889
vn -0.50348 -0.043328 0.86292
vn -0.85049 -0.50825 -0.13546
vn -0.55841 0.46219 -0.68889
vn -0.85049 -0.50825 -0.13546
vn -0.2114 0.92711 0.3095
vn -0.55841 0.46219 -0.68889
vn -0.50348 -0.043328 0.86292
vn -0.2114 0.92711 0.3095
vn -0.50348 -0.043328 0.86292
vn -0.85049 -0.50825 -0.13546
vn -0.2114 0.92711 0.3095
vn -0.57457 0.80859 0.12667
vn -0.58006 -0.80651 -0.11437
vn -0.5857 0.12159 -0.80136
vn -0.57457 0.80859 0.12667
vn -0.5857 0.12159 -0.80136
vn -0.56893 -0.1195 0.81365
vn -0.57457 0.80859 0.12667
vn -0.58006 -0.80651 -0.11437
vn -0.56893 -0.1195 0.81365
vn -0.58006 -0.80651 -0.11437
vn -0.5857 0.12159 -0.80136
vn -0.56893 -0.1195 0.81365
vn -0.8887 -0.065381 0.45379
vn -0.12637 0.33472 -0.9338
vn -0.42887 0.90303 0.024766
vn -0.8887 -0.065381 0.45379
vn -0.42887 0.90303 0.024766
vn -0.58621 -0.63369 -0.50478
vn -0.8887 -0.065381 0.45379
vn -0.12637 0.33472 -0.9338
vn -0.58621 -0.63369 -0.50478
vn -0.12637 0.33472 -0.9338
vn -0.42887 0.90303 0.024766
vn -0.58621 -0.63369 -0.50478
vn -0.66258 -0.63796 -0.39242
vn 0.12471 0.77447 -0.6202
vn -0.87479 0.46652 -0.13081
vn -0.66258 -0.63796 -0.39242
vn -0.87479 0.46652 -0.13081
vn 0.33691 -0.33 -0.88181
vn -0.66258 -0.63796 -0.39242
vn 0.12471 0.77447 -0.6202
vn 0.33691 -0.33 -0.88181
vn 0.12471 0.77447 -0.6202
vn -0.87479 0.46652 -0.13081
vn 0.33691 -0.33 -0.88181
vn -0.71901 0.36864 -0.58917
vn 0.82391 0.55959 -0.089588
vn -0.20447 0.94029 0.2721
vn -0.71901 0.36864 -0.58917
vn -0.20447 0.94029 0.2721
vn 0.30937 -0.012061 -0.95086
vn -0.71901 0.36864 -0.58917
vn 0.82391 0.55959 -0.089588
vn 0.30937 -0.012061 -0.95086
vn 0.82391 0.55959 -0.089588
vn -0.20447 0.94029 0.2721
vn 0.30937 -0.012061 -0.95086
vn 0.49403 0.12611 0.86025
vn 0.60916 -0.41354 -0.67669
vn 0.31742 -0.88705 0.33524
vn 0.49403 0.12611 0.86025
vn 0.31742 -0.88705 0.33524
vn 0.78577 0.59963 -0.15168
vn 0.49403 0.12611 0.86025
vn 0.60916 -0.41354 -0.67669
vn 0.78577 0.59963 -0.15168
vn 0.60916 -0.41354 -0.67669
vn 0.31742 -0.88705 0.33524
vn 0.78577 0.59963 -0.15168
vn -0.36234 -0.84429 -0.39482
vn 0.3478 0.5873 -0.73083
vn -0.74244 0.21976 -0.63284
vn -0.36234 -0.84429 -0.39482
vn -0.74244 0.21976 -0.63284
vn 0.72791 -0.47674 -0.49281
vn -0.36234 -0.84429 -0.39482
vn 0.3478 0.5873 -0.73083
vn 0.72791 -0.47674 -0.49281
vn 0.3478 0.5873 -0.73083
vn -0.74244 0.21976 -0.63284
vn 0.72791 -0.47674 -0.49281
vn 0.17281 0.98053 0.093246
vn 0.82914 -0.45522 -0.32452
vn 0.73978 0.14714 0.65656
vn 0.17281 0.98053 0.093246
vn 0.73978 0.14714 0.65656
vn 0.26216 0.37818 -0.88784
vn 0.17281 0.98053 0.093246
vn 0.82914 -0.45522 -0.32452
vn 0.26216 0.37818 -0.88784
vn 0.82914 -0.45522 -0.32452
vn 0.73978 0.14714 0.65656
vn 0.26216 0.37818 -0.88784
vn 0.46918 0.88293 -0.017559
vn 0.61457 -0.69675 0.36991
vn 0.26962 0.25274 0.92921
vn 0.46918 0.88293 -0.017559
vn 0.26962 0.25274 0.92921
vn 0.81413 -0.06656 -0.57686
vn 0.46918 0.88293 -0.017559
vn 0.61457 -0.69675 0.36991
vn 0.81413 -0.06656 -0.57686
vn 0.61457 -0.69675 0.36991
vn 0.26962 0.25274 0.92921
vn 0.81413 -0.06656 -0.57686
vn -0.51478 -0.70157 0.49275
vn 0.74481 -0.42984 -0.51038
vn -0.37851 -0.65601 -0.65298
vn -0.51478 -0.70157 0.49275
vn -0.37851 -0.65601 -0.65298
vn 0.60854 -0.4754 0.63535
vn -0.51478 -0.70157 0.49275
vn 0.74481 -0.42984 -0.51038
vn 0.60854 -0.4754 0.63535
vn 0.74481 -0.42984 -0.51038
vn -0.37851 -0.65601 -0.65298
vn 0.60854 -0.4754 0.63535
vn 0.58042 0.60948 -0.54005
vn 0.5535 -0.45716 0.69616
vn 0.41333 0.68495 0.6
vn 0.58042 0.60948 -0.54005
vn 0.41333 0.68495 0.6
vn 0.72059 -0.53264 -0.44389
vn 0.58042 0.60948 -0.54005
vn 0.5535 -0.45716 0.69616
vn 0.72059 -0.53264 -0.44389
vn 0.5535 -0.45716 0.69616
vn 0.41333 0.68495 0.6
vn 0.72059 -0.53264 -0.44389
vn -0.51751 -0.49649 0.69691
vn 0.66253 -0.61645 -0.4255
vn -0.48249 -0.76564 -0.42544
vn -0.51751 -0.49649 0.69691
vn -0.48249 -0.76564 -0.42544
vn 0.62752 -0.3473 0.69685
vn -0.51751 -0.49649 0.69691
vn 0.66253 -0.61645 -0.4255
vn 0.62752 -0.3473 0.69685
vn 0.66253 -0.61645 -0.4255
vn -0.48249 -0.76564 -0.42544
vn 0.62752 -0.3473 0.69685
vn 0.030047 -0.17579 -0.98397
vn 0.92457 0.18267 0.33436
vn 0.37255 0.80001 -0.47031
vn 0.030047 -0.17579 -0.98397
vn 0.37255 0.80001 -0.47031
vn 0.58207 -0.79313 -0.1793
vn 0.030047 -0.17579 -0.98397
vn 0.92457 0.18267 0.33436
vn 0.58207 -0.79313 -0.1793
vn 0.92457 0.18267 0.33436
vn 0.37255 0.80001 -0.47031
vn 0.58207 -0.79313 -0.1793
vn -0.027752 0.99939 0.021354
vn 0.51915 -0.33591 0.7859
vn -0.44071 0.30325 0.84488
vn -0.027752 0.99939 0.021354
vn -0.44071 0.30325 0.84488
vn 0.93211 0.36023 -0.037622
vn -0.027752 0.99939 0.021354
vn 0.51915 -0.33591 0.7859
vn 0.93211 0.36023 -0.037622
vn 0.51915 -0.33591 0.7859
vn -0.44071 0.30325 0.84488
vn 0.93211 0.36023 -0.037622
vn 0.93896 0.10388 -0.32797
vn -0.13335 0.5657 0.81376
vn 0.16892 0.95863 -0.22911
vn 0.93896 0.10388 -0.32797
vn 0.16892 0.95863 -0.22911
vn 0.63669 -0.28905 0.7149
vn 0.93896 0.10388 -0.32797
vn -0.13335 0.5657 0.81376
vn 0.63669 -0.28905 0.7149
vn -0.13335 0.5657 0.81376
vn 0.16892 0.95863 -0.22911
vn 0.63669 -0.28905 0.7149
vn -0.55261 0.83154 -0.056318
vn -0.28391 -0.53568 0.79526
vn -0.96483 -0.24651 -0.091341
vn -0.55261 0.83154 -0.056318
vn -0.96483 -0.24651 -0.091341
vn 0.12831 0.54237 0.83029
vn -0.55261 0.83154 -0.056318
vn -0.28391 -0.53568 0.79526
vn 0.12831 0.54237 0.83029
vn -0.28391 -0.53568 0.79526
vn -0.96483 -0.24651 -0.091341
vn 0.12831 0.54237 0.83029
vn 0.1569 0.49705 0.85342
vn -0.98092 -0.15125 -0.12215
vn -0.47122 0.88128 -0.036053
vn 0.1569 0.49705 0.85342
vn -0.47122 0.88128 -0.036053
vn -0.3528 -0.53549 0.76732
vn 0.1569 0.49705 0.85342
vn -0.98092 -0.15125 -0.12215
vn -0.3528 -0.53549 0.76732
vn -0.98092 -0.15125 -0.12215
vn -0.47122 0.88128 -0.036053
vn -0.3528 -0.53549 0.76732
vn -0.73158 -0.24816 0.63499
vn -0.14539 0.93356 -0.32761
vn 0.0044867 0.63022 0.77641
vn -0.73158 -0.24816 0.63499
vn 0.0044867 0.63022 0.77641
vn -0.88146 0.055184 -0.46903
vn -0.73158 -0.24816 0.63499
vn -0.14539 0.93356 -0.32761
vn -0.88146 0.055184 -0.46903
vn -0.14539 0.93356 -0.32761
vn 0.0044867 0.63022 0.77641
vn -0.88146 0.055184 -0.46903
vn -0.78493 0.42112 -0.45446
vn 0.067454 0.34463 0.93631
vn -0.83585 -0.22705 0.4998
vn -0.78493 0.42112 -0.45446
vn -0.83585 -0.22705 0.4998
vn 0.11837 0.99281 -0.017947
vn -0.78493 0.42112 -0.45446
vn 0.067454 0.34463 0.93631
vn 0.11837 0.99281 -0.017947
vn 0.067454 0.34463 0.93631
vn -0.83585 -0.22705 0.4998
vn 0.11837 0.99281 -0.017947
vn -0.1136 0.95814 0.26279
vn -0.85261 -0.49495 0.16757
vn -0.73479 0.40915 -0.54099
vn -0.1136 0.95814 0.26279
vn -0.73479 0.40915 -0.54099
vn -0.23142 0.054039 0.97135
vn -0.1136 0.95814 0.26279
vn -0.85261 -0.49495 0.16757
vn -0.23142 0.054039 0.97135
vn -0.85261 -0.49495 0.16757
vn -0.73479 0.40915 -0.54099
vn -0.23142 0.054039 0.97135
vn -0.62964 0.20542 0.74924
vn -0.34819 0.40083 -0.84741
vn -0.078081 0.99113 0.10754
vn -0.62964 0.20542 0.74924
vn -0.078081 0.99113 0.10754
vn -0.89975 -0.38488 -0.20571
vn -0.62964 0.20542 0.74924
vn -0.34819 0.40083 -0.84741
vn -0.89975 -0.38488 -0.20571
vn -0.34819 0.40083 -0.84741
vn -0.078081 0.99113 0.10754
vn -0.89975 -0.38488 -0.20571
vn -0.99571 0.054561 -0.074703
vn 0.37523 0.91764 0.13093
vn -0.3758 0.39747 0.83714
vn -0.99571 0.054561 -0.074703
vn -0.3758 0.39747 0.83714
vn -0.24469 0.57473 -0.78091
vn -0.99571 0.054561 -0.074703
vn 0.37523 0.91764 0.13093
vn -0.24469 0.57473 -0.78091
vn 0.37523 0.91764 0.13093
vn -0.3758 0.39747 0.83714
vn -0.24469 0.57473 -0.78091
vn -0.44068 0.70583 -0.55462
vn -0.30431 0.083387 0.94892
vn -0.99259 -0.1137 0.042957
vn -0.44068 0.70583 -0.55462
vn -0.99259 -0.1137 0.042957
vn 0.2476 0.90292 0.35134
vn -0.44068 0.70583 -0.55462
vn -0.30431 0.083387 0.94892
vn 0.2476 0.90292 0.35134
vn -0.30431 0.083387 0.94892
vn -0.99259 -0.1137 0.042957
vn 0.2476 0.90292 0.35134
vn -0.065777 0.89995 0.43101
vn -0.91774 -0.33616 -0.21154
vn -0.45236 0.63651 -0.62468
vn -0.065777 0.89995 0.43101
vn -0.45236 0.63651 -0.62468
vn -0.53116 -0.072715 0.84415
vn -0.065777 0.89995 0.43101
vn -0.91774 -0.33616 -0.21154
vn -0.53116 -0.072715 0.84415
vn -0.91774 -0.33616 -0.21154
vn -0.45236 0.63651 -0.62468
vn -0.53116 -0.072715 0.84415
vn -0.65551 0.12289 0.74512
vn -0.1466 0.70609 -0.69278
vn 0.1283 0.90238 0.41141
vn -0.65551 0.12289 0.74512
vn 0.1283 0.90238 0.41141
vn -0.93042 -0.0734 -0.35907
vn -0.65551 0.12289 0.74512
vn -0.1466 0.70609 -0.69278
vn -0.93042 -0.0734 -0.35907
vn -0.1466 0.70609 -0.69278
vn 0.1283 0.90238 0.41141
vn -0.93042 -0.0734 -0.35907
vn -0.87549 0.34283 -0.34055
vn 0.39063 0.66134 0.64034
vn -0.6276 0.13178 0.7673
vn -0.87549 0.34283 -0.34055
vn -0.6276 0.13178 0.7673
vn 0.14273 0.87239 -0.46751
vn -0.87549 0.34283 -0.34055
vn 0.39063 0.66134 0.64034
vn 0.14273 0.87239 -0.46751
vn 0.39063 0.66134 0.64034
vn -0.6276 0.13178 0.7673
vn 0.14273 0.87239 -0.46751
vn -0.16565 0.93222 -0.32175
vn -0.67612 -0.23692 0.69766
vn -0.91811 0.059168 -0.39188
vn -0.16565 0.93222 -0.32175
vn -0.91811 0.059168 -0.39188
vn 0.076342 0.63614 0.76779
vn -0.16565 0.93222 -0.32175
vn -0.67612 -0.23692 0.69766
vn 0.076342 0.63614 0.76779
vn -0.67612 -0.23692 0.69766
vn -0.91811 0.059168 -0.39188
vn 0.076342 0.63614 0.76779
vn -0.29957 0.78499 0.54226
vn -0.71427 -0.24413 -0.65591
vn -0.17566 0.77603 -0.60574
vn -0.29957 0.78499 0.54226
vn -0.17566 0.77603 -0.60574
vn -0.83818 -0.23516 0.49209
vn -0.29957 0.78499 0.54226
vn -0.71427 -0.24413 -0.65591
vn -0.83818 -0.23516 0.49209
vn -0.71427 -0.24413 -0.65591
vn -0.17566 0.77603 -0.60574
vn -0.83818 -0.23516 0.49209
vn -0.88732 -0.059177 0.45734
vn 0.089093 0.89337 -0.4404
vn -0.067852 0.72023 0.69041
vn -0.88732 -0.059177 0.45734
vn -0.067852 0.72023 0.69041
vn -0.73038 0.11396 -0.67347
vn -0.88732 -0.059177 0.45734
vn 0.089093 0.89337 -0.4404
vn -0.73038 0.11396 -0.67347
vn 0.089093 0.89337 -0.4404
vn -0.067852 0.72023 0.69041
vn -0.73038 0.11396 -0.67347
vn 0.72111 0.11678 0.68291
vn 0.40488 -0.0076002 -0.91434
vn 0.65097 -0.75587 -0.070021
vn 0.72111 0.11678 0.68291
vn 0.65097 -0.75587 -0.070021
vn 0.47502 0.86505 -0.16141
vn 0.72111 0.11678 0.68291
vn 0.40488 -0.0076002 -0.91434
vn 0.47502 0.86505 -0.16141
vn 0.40488 -0.0076002 -0.91434
vn 0.65097 -0.75587 -0.070021
vn 0.47502 0.86505 -0.16141
vn -0.22199 0.83676 -0.50055
vn 0.99182 -0.12692 0.013904
vn 0.42986 0.78219 0.451
vn -0.22199 0.83676 -0.50055
vn 0.42986 0.78219 0.451
vn 0.33997 -0.072351 -0.93765
vn -0.22199 0.83676 -0.50055
vn 0.99182 -0.12692 0.013904
vn 0.33997 -0.072351 -0.93765
vn 0.99182 -0.12692 0.013904
vn 0.42986 0.78219 0.451
vn 0.33997 -0.072351 -0.93765
vn 0.21432 -0.97628 -0.030627
vn 0.15275 0.40327 -0.90224
vn -0.59 -0.44992 -0.67043
vn 0.21432 -0.97628 -0.030627
vn -0.59 -0.44992 -0.67043
vn 0.95706 -0.1231 -0.26244
vn 0.21432 -0.97628 -0.030627
vn 0.15275 0.40327 -0.90224
vn 0.95706 -0.1231 -0.26244
vn 0.15275 0.40327 -0.90224
vn -0.59 -0.44992 -0.67043
vn 0.95706 -0.1231 -0.26244
vn 0.91935 0.36508 -0.14663
vn -0.26196 -0.56702 -0.78094
vn 0.64761 -0.75601 -0.095159
vn 0.91935 0.36508 -0.14663
vn 0.64761 -0.75601 -0.095159
vn 0.0097823 0.55407 -0.83241
vn 0.91935 0.36508 -0.14663
vn -0.26196 -0.56702 -0.78094
vn 0.0097823 0.55407 -0.83241
vn -0.26196 -0.56702 -0.78094
vn 0.64761 -0.75601 -0.095159
vn 0.0097823 0.55407 -0.83241
vn -0.46643 0.65121 -0.59864
vn 0.82308 -0.34031 -0.45467
vn 0.61117 0.76583 -0.19993
vn -0.46643 0.65121 -0.59864
vn 0.61117 0.76583 -0.19993
vn -0.25452 -0.45493 -0.85338
vn -0.46643 0.65121 -0.59864
vn 0.82308 -0.34031 -0.45467
vn -0.25452 -0.45493 -0.85338
vn 0.82308 -0.34031 -0.45467
vn 0.61117 0.76583 -0.19993
vn -0.25452 -0.45493 -0.85338
vn 0.78587 0.61358 -0.076996
vn 0.32086 -0.93633 0.14257
vn 0.54005 -0.042953 0.84054
vn 0.78587 0.61358 -0.076996
vn 0.54005 -0.042953 0.84054
vn 0.56669 -0.2798 -0.77497
vn 0.78587 0.61358 -0.076996
vn 0.32086 -0.93633 0.14257
vn 0.56669 -0.2798 -0.77497
vn 0.32086 -0.93633 0.14257
vn 0.54005 -0.042953 0.84054
vn 0.56669 -0.2798 -0.77497
vn -0.76925 -0.49821 0.40005
vn 0.4424 -0.56998 -0.69239
vn -0.65964 -0.2261 -0.71677
vn -0.76925 -0.49821 0.40005
vn -0.65964 -0.2261 -0.71677
vn 0.33278 -0.84209 0.42443
vn -0.76925 -0.49821 0.40005
vn 0.4424 -0.56998 -0.69239
vn 0.33278 -0.84209 0.42443
vn 0.4424 -0.56998 -0.69239
vn -0.65964 -0.2261 -0.71677
vn 0.33278 -0.84209 0.42443
vn 0.59225 0.56745 -0.57205
vn 0.55427 -0.67506 0.48691
vn 0.66841 0.47053 0.57605
vn 0.59225 0.56745 -0.57205
vn 0.66841 0.47053 0.57605
vn 0.47811 -0.57813 -0.66119
vn 0.59225 0.56745 -0.57205
vn 0.55427 -0.67506 0.48691
vn 0.47811 -0.57813 -0.66119
vn 0.55427 -0.67506 0.48691
vn 0.66841 0.47053 0.57605
vn 0.47811 -0.57813 -0.66119
vn -0.37234 -0.44526 0.81432
vn 0.3279 -0.69528 -0.63958
vn -0.75917 -0.59527 -0.26327
vn -0.37234 -0.44526 0.81432
vn -0.75917 -0.59527 -0.26327
vn 0.71473 -0.54526 0.438
vn -0.37234 -0.44526 0.81432
vn 0.3279 -0.69528 -0.63958
vn 0.71473 -0.54526 0.438
vn 0.3279 -0.69528 -0.63958
vn -0.75917 -0.59527 -0.26327
vn 0.71473 -0.54526 0.438
vn 0.59762 0.4082 -0.69009
vn 0.49354 -0.72371 0.48235
vn 0.80758 0.38685 0.44516
vn 0.59762 0.4082 -0.69009
vn 0.80758 0.38685 0.44516
vn 0.28359 -0.70235 -0.6529
vn 0.59762 0.4082 -0.69009
vn 0.49354 -0.72371 0.48235
vn 0.28359 -0.70235 -0.6529
vn 0.49354 -0.72371 0.48235
vn 0.80758 0.38685 0.44516
vn 0.28359 -0.70235 -0.6529
vn 0.070592 -0.0774 0.9945
vn -0.39841 -0.83832 -0.37214
vn -0.91087 -0.13748 0.38913
vn 0.070592 -0.0774 0.9945
vn -0.91087 -0.13748 0.38913
vn 0.58305 -0.77824 0.23322
vn 0.070592 -0.0774 0.9945
vn -0.39841 -0.83832 -0.37214
vn 0.58305 -0.77824 0.23322
vn -0.39841 -0.83832 -0.37214
vn -0.91087 -0.13748 0.38913
vn 0.58305 -0.77824 0.23322
vn 0.77146 -0.63509 -0.038968
vn -0.6347 -0.29007 0.71626
vn 0.47211 -0.0054644 0.88152
vn 0.77146 -0.63509 -0.038968
vn 0.47211 -0.0054644 0.88152
vn -0.33535 -0.91969 -0.20423
vn 0.77146 -0.63509 -0.038968
vn -0.6347 -0.29007 0.71626
vn -0.33535 -0.91969 -0.20423
vn -0.6347 -0.29007 0.71626
vn 0.47211 -0.0054644 0.88152
vn -0.33535 -0.91969 -0.20423
vn -0.70773 -0.66218 -0.24625
vn 0.57507 -0.38056 0.7242
vn 0.43013 -0.8426 -0.32406
vn -0.70773 -0.66218 -0.24625
vn 0.43013 -0.8426 -0.32406
vn -0.56279 -0.20014 0.80201
vn -0.70773 -0.66218 -0.24625
vn 0.57507 -0.38056 0.7242
vn -0.56279 -0.20014 0.80201
vn 0.57507 -0.38056 0.7242
vn 0.43013 -0.8426 -0.32406
vn -0.56279 -0.20014 0.80201
vn -0.0096359 0.79142 0.61119
vn -0.23421 -0.82331 0.51702
vn -0.91207 0.10371 0.39671
vn -0.0096359 0.79142 0.61119
vn -0.91207 0.10371 0.39671
vn 0.66822 -0.1356 0.7315
vn -0.0096359 0.79142 0.61119
vn -0.23421 -0.82331 0.51702
vn 0.66822 -0.1356 0.7315
vn -0.23421 -0.82331 0.51702
vn -0.91207 0.10371 0.39671
vn 0.66822 -0.1356 0.7315
vn -0.96417 -0.23444 0.12418
vn 0.52313 -0.83064 -0.19072
vn -0.34857 -0.42955 -0.83306
vn -0.96417 -0.23444 0.12418
vn -0.34857 -0.42955 -0.83306
vn -0.092464 -0.63553 0.76652
vn -0.96417 -0.23444 0.12418
vn 0.52313 -0.83064 -0.19072
vn -0.092464 -0.63553 0.76652
vn 0.52313 -0.83064 -0.19072
vn -0.34857 -0.42955 -0.83306
vn -0.092464 -0.63553 0.76652
vn 0.0032846 0.046955 -0.99889
vn 0.90396 -0.27962 0.32353
vn 0.68235 0.66657 -0.30013
vn 0.0032846 0.046955 -0.99889
vn 0.68235 0.66657 -0.30013
vn 0.22489 -0.89923 -0.37523
vn 0.0032846 0.046955 -0.99889
vn 0.90396 -0.27962 0.32353
vn 0.22489 -0.89923 -0.37523
vn 0.90396 -0.27962 0.32353
vn 0.68235 0.66657 -0.30013
vn 0.22489 -0.89923 -0.37523
vn 0.31826 0.86512 0.38767
vn 0.29474 -0.75577 0.58476
vn -0.38534 0.11689 0.91534
vn 0.31826 0.86512 0.38767
vn -0.38534 0.11689 0.91534
vn 0.99834 -0.007542 0.057085
vn 0.31826 0.86512 0.38767
vn 0.29474 -0.75577 0.58476
vn 0.99834 -0.007542 0.057085
vn 0.29474 -0.75577 0.58476
vn -0.38534 0.11689 0.91534
vn 0.99834 -0.007542 0.057085
vn -0.7835 -0.62138 -0.0048489
vn 0.82128 -0.49693 -0.28029
vn -0.12985 -0.36552 -0.9217
vn -0.7835 -0.62138 -0.0048489
vn -0.12985 -0.36552 -0.9217
vn 0.16764 -0.75278 0.63656
vn -0.7835 -0.62138 -0.0048489
vn 0.82128 -0.49693 -0.28029
vn 0.16764 -0.75278 0.63656
vn 0.82128 -0.49693 -0.28029
vn -0.12985 -0.36552 -0.9217
vn 0.16764 -0.75278 0.63656
vn -0.057423 0.033997 0.99777
vn 0.48002 -0.83201 -0.2781
vn -0.49945 -0.79996 0.33259
vn -0.057423 0.033997 0.99777
vn -0.49945 -0.79996 0.33259
vn 0.92205 0.0019413 0.38708
vn -0.057423 0.033997 0.99777
vn 0.48002 -0.83201 -0.2781
vn 0.92205 0.0019413 0.38708
vn 0.48002 -0.83201 -0.2781
vn -0.49945 -0.79996 0.33259
vn 0.92205 0.0019413 0.38708
vn 0.57606 0.79501 -0.19005
vn -0.0050502 -0.1805 0.98356
vn -0.36197 0.79711 0.48332
vn 0.57606 0.79501 -0.19005
vn -0.36197 0.79711 0.48332
vn 0.93298 -0.18259 0.31019
vn 0.57606 0.79501 -0.19005
vn -0.0050502 -0.1805 0.98356
vn 0.93298 -0.18259 0.31019
vn -0.0050502 -0.1805 0.98356
vn -0.36197 0.79711 0.48332
vn 0.93298 -0.18259 0.31019
vn 0.73413 -0.51205 0.44593
vn -0.043703 0.92244 0.38365
vn 0.87158 0.46599 -0.1523
vn 0.73413 -0.51205 0.44593
vn 0.87158 0.46599 -0.1523
vn -0.18115 -0.055599 0.98188
vn 0.73413 -0.51205 0.44593
vn -0.043703 0.92244 0.38365
vn -0.18115 -0.055599 0.98188
vn -0.043703 0.92244 0.38365
vn 0.87158 0.46599 -0.1523
vn -0.18115 -0.055599 0.98188
vn -0.87085 0.38811 -0.30164
vn 0.046394 0.021425 0.99869
vn -0.7535 -0.53631 0.38028
vn -0.87085 0.38811 -0.30164
vn -0.7535 -0.53631 0.38028
vn -0.070961 0.94584 0.31677
vn -0.87085 0.38811 -0.30164
vn 0.046394 0.021425 0.99869
vn -0.070961 0.94584 0.31677
vn 0.046394 0.021425 0.99869
vn -0.7535 -0.53631 0.38028
vn -0.070961 0.94584 0.31677
vn -0.39646 -0.86486 -0.30795
vn 0.4559 -0.13672 0.87947
vn 0.7249 -0.68116 -0.10265
vn -0.39646 -0.86486 -0.30795
vn 0.7249 -0.68116 -0.10265
vn -0.66545 -0.32042 0.67417
vn -0.39646 -0.86486 -0.30795
vn 0.4559 -0.13672 0.87947
vn -0.66545 -0.32042 0.67417
vn 0.4559 -0.13672 0.87947
vn 0.7249 -0.68116 -0.10265
vn -0.66545 -0.32042 0.67417
vn 0.78668 -0.60038 0.1438
vn -0.53255 0.059623 0.84429
vn 0.57347 0.37115 0.73032
vn 0.78668 -0.60038 0.1438
vn 0.57347 0.37115 0.73032
vn -0.31935 -0.91191 0.25777
vn 0.78668 -0.60038 0.1438
vn -0.53255 0.059623 0.84429
vn -0.31935 -0.91191 0.25777
vn -0.53255 0.059623 0.84429
vn 0.57347 0.37115 0.73032
vn -0.31935 -0.91191 0.25777
vn -0.22888 0.97215 -0.050388
vn -0.79993 -0.54431 -0.25267
vn -0.27792 0.2291 -0.93288
vn -0.22888 0.97215 -0.050388
vn -0.27792 0.2291 -0.93288
vn -0.75088 0.19874 0.62982
vn -0.22888 0.97215 -0.050388
vn -0.79993 -0.54431 -0.25267
vn -0.75088 0.19874 0.62982
vn -0.79993 -0.54431 -0.25267
vn -0.27792 0.2291 -0.93288
vn -0.75088 0.19874 0.62982
vn 0.32582 -0.3111 -0.89278
vn 0.13116 -0.7266 0.67443
vn 0.97198 -0.22714 0.060508
vn 0.32582 -0.3111 -0.89278
vn 0.97198 -0.22714 0.060508
vn -0.515 -0.81056 -0.27886
vn 0.32582 -0.3111 -0.89278
vn 0.13116 -0.7266 0.67443
vn -0.515 -0.81056 -0.27886
vn 0.13116 -0.7266 0.67443
vn 0.97198 -0.22714 0.060508
vn -0.515 -0.81056 -0.27886
vn -0.53392 -0.7776 0.33206
vn 0.87999 -0.32391 -0.34742
vn -0.15408 -0.64318 -0.75006
vn -0.53392 -0.7776 0.33206
vn -0.15408 -0.64318 -0.75006
vn 0.50015 -0.45834 0.7347
vn -0.53392 -0.7776 0.33206
vn 0.87999 -0.32391 -0.34742
vn 0.50015 -0.45834 0.7347
vn 0.87999 -0.32391 -0.34742
vn -0.15408 -0.64318 -0.75006
vn 0.50015 -0.45834 0.7347
vn 0.051116 -0.92063 0.38707
vn -0.0054188 -0.057957 -0.9983
vn -0.79252 -0.53167 -0.29873
vn 0.051116 -0.92063 0.38707
vn -0.79252 -0.53167 -0.29873
vn 0.83822 -0.44692 -0.3125
vn 0.051116 -0.92063 0.38707
vn -0.0054188 -0.057957 -0.9983
vn 0.83822 -0.44692 -0.3125
vn -0.0054188 -0.057957 -0.9983
vn -0.79252 -0.53167 -0.29873
vn 0.83822 -0.44692 -0.3125
vn 0.5068 -0.60648 -0.61265
vn -0.89648 -0.39742 0.1959
vn 0.11891 -0.89161 0.43691
vn 0.5068 -0.60648 -0.61265
vn 0.11891 -0.89161 0.43691
vn -0.50859 -0.11229 -0.85365
vn 0.5068 -0.60648 -0.61265
vn -0.89648 -0.39742 0.1959
vn -0.50859 -0.11229 -0.85365
vn -0.89648 -0.39742 0.1959
vn 0.11891 -0.89161 0.43691
vn -0.50859 -0.11229 -0.85365
vn -0.41873 -0.69101 -0.58921
vn 0.44708 -0.44846 0.77395
vn 0.70617 -0.62226 -0.3378
vn -0.41873 -0.69101 -0.58921
vn 0.70617 -0.62226 -0.3378
vn -0.67782 -0.51721 0.52255
vn -0.41873 -0.69101 -0.58921
vn 0.44708 -0.44846 0.77395
vn -0.67782 -0.51721 0.52255
vn 0.44708 -0.44846 0.77395
vn 0.70617 -0.62226 -0.3378
vn -0.67782 -0.51721 0.52255
vn -0.4042 -0.792 0.45756
vn 0.71665 -0.30673 -0.62636
vn -0.39493 -0.61409 -0.68332
vn -0.4042 -0.792 0.45756
vn -0.39493 -0.61409 -0.68332
vn 0.70739 -0.48464 0.51452
vn -0.4042 -0.792 0.45756
vn 0.71665 -0.30673 -0.62636
vn 0.70739 -0.48464 0.51452
vn 0.71665 -0.30673 -0.62636
vn -0.39493 -0.61409 -0.68332
vn 0.70739 -0.48464 0.51452
vn 0.63489 -0.7316 0.24834
vn -0.61253 -0.32111 -0.72229
vn -0.51551 -0.79176 0.32767
vn 0.63489 -0.7316 0.24834
vn -0.51551 -0.79176 0.32767
vn 0.53787 -0.26096 -0.80162
vn 0.63489 -0.7316 0.24834
vn -0.61253 -0.32111 -0.72229
vn 0.53787 -0.26096 -0.80162
vn -0.61253 -0.32111 -0.72229
vn -0.51551 -0.79176 0.32767
vn 0.53787 -0.26096 -0.80162
vn 0.17104 -0.97987 -0.10297
vn -0.94089 0.14371 0.30672
vn -0.13746 -0.45655 0.87902
vn 0.17104 -0.97987 -0.10297
vn -0.13746 -0.45655 0.87902
vn -0.63239 -0.37961 -0.67526
vn 0.17104 -0.97987 -0.10297
vn -0.94089 0.14371 0.30672
vn -0.63239 -0.37961 -0.67526
vn -0.94089 0.14371 0.30672
vn -0.13746 -0.45655 0.87902
vn -0.63239 -0.37961 -0.67526
vn 0.081466 0.0094826 -0.99663
vn -0.78094 -0.56548 0.26524
vn 0.13616 -0.93333 -0.33221
vn 0.081466 0.0094826 -0.99663
vn 0.13616 -0.93333 -0.33221
vn -0.83563 0.37732 -0.39918
vn 0.081466 0.0094826 -0.99663
vn -0.78094 -0.56548 0.26524
vn -0.83563 0.37732 -0.39918
vn -0.78094 -0.56548 0.26524
vn 0.13616 -0.93333 -0.33221
vn -0.83563 0.37732 -0.39918
vn -0.64303 -0.38941 0.65945
vn -0.50014 0.55194 -0.66725
vn -0.4814 0.73848 0.47213
vn -0.64303 -0.38941 0.65945
vn -0.4814 0.73848 0.47213
vn -0.66178 -0.57594 -0.47993
vn -0.64303 -0.38941 0.65945
vn -0.50014 0.55194 -0.66725
vn -0.66178 -0.57594 -0.47993
vn -0.50014 0.55194 -0.66725
vn -0.4814 0.73848 0.47213
vn -0.66178 -0.57594 -0.47993
vn -0.60888 0.75368 0.24743
vn 0.71919 0.33803 -0.60704
vn 0.52381 0.71184 0.46787
vn -0.60888 0.75368 0.24743
vn 0.52381 0.71184 0.46787
vn -0.4135 0.37987 -0.82747
vn -0.60888 0.75368 0.24743
vn 0.71919 0.33803 -0.60704
vn -0.4135 0.37987 -0.82747
vn 0.71919 0.33803 -0.60704
vn 0.52381 0.71184 0.46787
vn -0.4135 0.37987 -0.82747
vn 0.14974 0.38231 -0.91182
vn 0.058366 0.72982 0.68115
vn -0.69777 0.69048 -0.19065
vn 0.14974 0.38231 -0.91182
vn -0.69777 0.69048 -0.19065
vn 0.90588 0.42164 -0.04002
vn 0.14974 0.38231 -0.91182
vn 0.058366 0.72982 0.68115
vn 0.90588 0.42164 -0.04002
vn 0.058366 0.72982 0.68115
vn -0.69777 0.69048 -0.19065
vn 0.90588 0.42164 -0.04002
vn 0.42658 0.84399 -0.32513
vn -0.98792 0.047572 -0.14747
vn -0.18628 0.11313 -0.97596
vn 0.42658 0.84399 -0.32513
vn -0.18628 0.11313 -0.97596
vn -0.37506 0.77843 0.50337
vn 0.42658 0.84399 -0.32513
vn -0.98792 0.047572 -0.14747
vn -0.37506 0.77843 0.50337
vn -0.98792 0.047572 -0.14747
vn -0.18628 0.11313 -0.97596
vn -0.37506 0.77843 0.50337
vn -0.39943 0.91501 0.056646
vn 0.033019 -0.29068 -0.95625
vn 0.56029 0.64133 -0.52419
vn -0.39943 0.91501 0.056646
vn 0.56029 0.64133 -0.52419
vn -0.9267 -0.017003 -0.37541
vn -0.39943 0.91501 0.056646
vn 0.033019 -0.29068 -0.95625
vn -0.9267 -0.017003 -0.37541
vn 0.033019 -0.29068 -0.95625
vn 0.56029 0.64133 -0.52419
vn -0.9267 -0.017003 -0.37541
vn -0.75246 0.3787 -0.53888
vn 0.86319 0.40397 -0.30283
vn -0.033841 0.99152 0.12549
vn -0.75246 0.3787 -0.53888
vn -0.033841 0.99152 0.12549
vn 0.14458 -0.20884 -0.9672
vn -0.75246 0.3787 -0.53888
vn 0.86319 0.40397 -0.30283
vn 0.14458 -0.20884 -0.9672
vn 0.86319 0.40397 -0.30283
vn -0.033841 0.99152 0.12549
vn 0.14458 -0.20884 -0.9672
vn 0.42739 -0.52822 -0.73371
vn -0.35361 0.85905 -0.37012
vn -0.67827 -0.19626 -0.70812
vn 0.42739 -0.52822 -0.73371
vn -0.67827 -0.19626 -0.70812
vn 0.75205 0.5271 -0.39571
vn 0.42739 -0.52822 -0.73371
vn -0.35361 0.85905 -0.37012
vn 0.75205 0.5271 -0.39571
vn -0.35361 0.85905 -0.37012
vn -0.67827 -0.19626 -0.70812
vn 0.75205 0.5271 -0.39571
vn 0.26909 0.063796 -0.961
vn -0.95402 -0.29364 0.060233
vn -0.10141 -0.89487 -0.43466
vn 0.26909 0.063796 -0.961
vn -0.10141 -0.89487 -0.43466
vn -0.58352 0.66502 -0.46611
vn 0.26909 0.063796 -0.961
vn -0.95402 -0.29364 0.060233
vn -0.58352 0.66502 -0.46611
vn -0.95402 -0.29364 0.060233
vn -0.10141 -0.89487 -0.43466
vn -0.58352 0.66502 -0.46611
vn -0.70947 0.61834 0.3381
vn -0.20362 -0.25599 -0.94499
vn -0.025465 0.82141 -0.56977
vn -0.70947 0.61834 0.3381
vn -0.025465 0.82141 -0.56977
vn -0.88762 -0.45907 -0.037118
vn -0.70947 0.61834 0.3381
vn -0.20362 -0.25599 -0.94499
vn -0.88762 -0.45907 -0.037118
vn -0.20362 -0.25599 -0.94499
vn -0.025465 0.82141 -0.56977
vn -0.88762 -0.45907 -0.037118
vn -0.62896 0.575 -0.52324
vn 0.82625 -0.16581 -0.53835
vn 0.44186 0.87224 -0.20967
vn -0.62896 0.575 -0.52324
vn 0.44186 0.87224 -0.20967
vn -0.24457 -0.46305 -0.85192
vn -0.62896 0.575 -0.52324
vn 0.82625 -0.16581 -0.53835
vn -0.24457 -0.46305 -0.85192
vn 0.82625 -0.16581 -0.53835
vn 0.44186 0.87224 -0.20967
vn -0.24457 -0.46305 -0.85192
vn 0.34226 0.91566 -0.21079
vn 0.76869 -0.63624 0.065684
vn 0.61953 0.2995 0.72559
vn 0.34226 0.91566 -0.21079
vn 0.61953 0.2995 0.72559
vn 0.49141 -0.020084 -0.87069
vn 0.34226 0.91566 -0.21079
vn 0.76869 -0.63624 0.065684
vn 0.49141 -0.020084 -0.87069
vn 0.76869 -0.63624 0.065684
vn 0.61953 0.2995 0.72559
vn 0.49141 -0.020084 -0.87069
vn 0.28947 0.57344 -0.7664
vn 0.73461 -0.047538 0.67683
vn 0.20747 0.9202 0.33194
vn 0.28947 0.57344 -0.7664
vn 0.20747 0.9202 0.33194
vn 0.81661 -0.3943 -0.42152
vn 0.28947 0.57344 -0.7664
vn 0.73461 -0.047538 0.67683
vn 0.81661 -0.3943 -0.42152
vn 0.73461 -0.047538 0.67683
vn 0.20747 0.9202 0.33194
vn 0.81661 -0.3943 -0.42152
vn 0.95367 -0.24343 -0.17676
vn -0.05808 0.96982 0.23681
vn 0.34926 0.54988 -0.75871
vn 0.95367 -0.24343 -0.17676
vn 0.34926 0.54988 -0.75871
vn 0.54634 0.1765 0.81876
vn 0.95367 -0.24343 -0.17676
vn -0.05808 0.96982 0.23681
vn 0.54634 0.1765 0.81876
vn -0.05808 0.96982 0.23681
vn 0.34926 0.54988 -0.75871
vn 0.54634 0.1765 0.81876
vn -0.88106 0.16168 0.44451
vn 0.739 0.18213 0.64862
vn -0.09174 -0.60749 0.78901
vn -0.88106 0.16168 0.44451
vn -0.09174 -0.60749 0.78901
vn -0.050325 0.9513 0.30413
vn -0.88106 0.16168 0.44451
vn 0.739 0.18213 0.64862
vn -0.050325 0.9513 0.30413
vn 0.739 0.18213 0.64862
vn -0.09174 -0.60749 0.78901
vn -0.050325 0.9513 0.30413
vn -0.14931 -0.70675 0.69153
vn 0.94558 -0.043618 -0.32245
vn 0.17466 -0.89978 -0.39986
vn -0.14931 -0.70675 0.69153
vn 0.17466 -0.89978 -0.39986
vn 0.62162 0.14941 0.76894
vn -0.14931 -0.70675 0.69153
vn 0.94558 -0.043618 -0.32245
vn 0.62162 0.14941 0.76894
vn 0.94558 -0.043618 -0.32245
vn 0.17466 -0.89978 -0.39986
vn 0.62162 0.14941 0.76894
vn -0.1568 -0.71287 -0.68355
vn 0.45526 0.77969 -0.42991
vn -0.57773 0.36129 -0.73191
vn -0.1568 -0.71287 -0.68355
vn -0.57773 0.36129 -0.73191
vn 0.87619 -0.29446 -0.38154
vn -0.1568 -0.71287 -0.68355
vn 0.45526 0.77969 -0.42991
vn 0.87619 -0.29446 -0.38154
vn 0.45526 0.77969 -0.42991
vn -0.57773 0.36129 -0.73191
vn 0.87619 -0.29446 -0.38154
vn -0.79557 0.48266 -0.3662
vn 0.64061 0.66135 0.39018
vn -0.45032 0.50633 0.73542
vn -0.79557 0.48266 -0.3662
vn -0.45032 0.50633 0.73542
vn 0.29535 0.63767 -0.71144
vn -0.79557 0.48266 -0.3662
vn 0.64061 0.66135 0.39018
vn 0.29535 0.63767 -0.71144
vn 0.64061 0.66135 0.39018
vn -0.45032 0.50633 0.73542
vn 0.29535 0.63767 -0.71144
vn 0.18556 -0.26885 0.94514
vn 0.86425 0.16156 -0.47641
vn 0.54623 -0.83761 0.0071783
vn 0.18556 -0.26885 0.94514
vn 0.54623 -0.83761 0.0071783
vn 0.50359 0.73032 0.46155
vn 0.18556 -0.26885 0.94514
vn 0.86425 0.16156 -0.47641
vn 0.50359 0.73032 0.46155
vn 0.86425 0.16156 -0.47641
vn 0.54623 -0.83761 0.0071783
vn 0.50359 0.73032 0.46155
vn 0.038933 -0.16638 -0.98529
vn 0.30784 0.93162 0.19316
vn -0.59373 0.65181 -0.47183
vn 0.038933 -0.16638 -0.98529
vn -0.59373 0.65181 -0.47183
vn 0.9405 0.11344 -0.3203
vn 0.038933 -0.16638 -0.98529
vn 0.30784 0.93162 0.19316
vn 0.9405 0.11344 -0.3203
vn 0.30784 0.93162 0.19316
vn -0.59373 0.65181 -0.47183
vn 0.9405 0.11344 -0.3203
vn -0.66121 0.66455 0.3481
vn 0.8251 0.023667 0.56449
vn -0.23579 -0.22787 0.94471
vn -0.66121 0.66455 0.3481
vn -0.23579 -0.22787 0.94471
vn 0.39969 0.91609 -0.032112
vn -0.66121 0.66455 0.3481
vn 0.8251 0.023667 0.56449
vn 0.39969 0.91609 -0.032112
vn 0.8251 0.023667 0.56449
vn -0.23579 -0.22787 0.94471
vn 0.39969 0.91609 -0.032112
vn 0.34116 0.9377 -0.065811
vn -0.46479 -0.12486 0.87657
vn -0.76654 0.63892 0.064831
vn 0.34116 0.9377 -0.065811
vn -0.76654 0.63892 0.064831
vn 0.64291 0.17392 0.74593
vn 0.34116 0.9377 -0.065811
vn -0.46479 -0.12486 0.87657
vn 0.64291 0.17392 0.74593
vn -0.46479 -0.12486 0.87657
vn -0.76654 0.63892 0.064831
vn 0.64291 0.17392 0.74593
vn 0.61053 -0.24379 0.75354
vn -0.38403 0.90885 0.16283
vn 0.74073 0.66924 0.058726
vn 0.61053 -0.24379 0.75354
vn 0.74073 0.66924 0.058726
vn -0.51423 -0.0041773 0.85764
vn 0.61053 -0.24379 0.75354
vn -0.38403 0.90885 0.16283
vn -0.51423 -0.0041773 0.85764
vn -0.38403 0.90885 0.16283
vn 0.74073 0.66924 0.058726
vn -0.51423 -0.0041773 0.85764
vn 0.091779 0.66398 -0.74209
vn -0.96865 -0.1351 0.2085
vn -0.4715 -0.34151 -0.81306
vn 0.091779 0.66398 -0.74209
vn -0.4715 -0.34151 -0.81306
vn -0.40537 0.87039 0.27946
vn 0.091779 0.66398 -0.74209
vn -0.96865 -0.1351 0.2085
vn -0.40537 0.87039 0.27946
vn -0.96865 -0.1351 0.2085
vn -0.4715 -0.34151 -0.81306
vn -0.40537 0.87039 0.27946
vn -0.54836 0.80732 0.21804
vn -0.18629 -0.28553 -0.94009
vn 0.23603 0.74251 -0.62687
vn -0.54836 0.80732 0.21804
vn 0.23603 0.74251 -0.62687
vn -0.97068 -0.22073 -0.095185
vn -0.54836 0.80732 0.21804
vn -0.18629 -0.28553 -0.94009
vn -0.97068 -0.22073 -0.095185
vn -0.18629 -0.28553 -0.94009
vn 0.23603 0.74251 -0.62687
vn -0.97068 -0.22073 -0.095185
vn -0.63142 -0.72759 -0.26818
vn -0.33704 0.87692 -0.34267
vn -0.90381 0.18376 0.38647
vn -0.63142 -0.72759 -0.26818
vn -0.90381 0.18376 0.38647
vn -0.064642 -0.034439 -0.99731
vn -0.63142 -0.72759 -0.26818
vn -0.33704 0.87692 -0.34267
vn -0.064642 -0.034439 -0.99731
vn -0.33704 0.87692 -0.34267
vn -0.90381 0.18376 0.38647
vn -0.064642 -0.034439 -0.99731
vn 0.33253 0.79272 0.5109
vn 0.35005 0.035936 -0.93604
vn 0.9998 -0.010115 0.01739
vn 0.33253 0.79272 0.5109
vn 0.9998 -0.010115 0.01739
vn -0.31722 0.83877 -0.44254
vn 0.33253 0.79272 0.5109
vn 0.35005 0.035936 -0.93604
vn -0.31722 0.83877 -0.44254
vn 0.35005 0.035936 -0.93604
vn 0.9998 -0.010115 0.01739
vn -0.31722 0.83877 -0.44254
vn -0.44483 -0.56289 -0.69662
vn -0.031963 0.96032 -0.27706
vn -0.95281 0.28616 -0.10131
vn -0.44483 -0.56289 -0.69662
vn -0.95281 0.28616 -0.10131
vn 0.47602 0.11126 -0.87237
vn -0.44483 -0.56289 -0.69662
vn -0.031963 0.96032 -0.27706
vn 0.47602 0.11126 -0.87237
vn -0.031963 0.96032 -0.27706
vn -0.95281 0.28616 -0.10131
vn 0.47602 0.11126 -0.87237
vn -0.0053953 -0.043257 -0.99905
vn -0.36502 0.88221 0.29742
vn -0.93736 0.10227 -0.33302
vn -0.0053953 -0.043257 -0.99905
vn -0.93736 0.10227 -0.33302
vn 0.56694 0.73669 -0.36861
vn -0.0053953 -0.043257 -0.99905
vn -0.36502 0.88221 0.29742
vn 0.56694 0.73669 -0.36861
vn -0.36502 0.88221 0.29742
vn -0.93736 0.10227 -0.33302
vn 0.56694 0.73669 -0.36861
vn 0.91879 0.031824 0.39345
vn -0.16338 0.8303 -0.53282
vn 0.67531 0.062768 -0.73486
vn 0.91879 0.031824 0.39345
vn 0.67531 0.062768 -0.73486
vn 0.080103 0.79936 0.59549
vn 0.91879 0.031824 0.39345
vn -0.16338 0.8303 -0.53282
vn 0.080103 0.79936 0.59549
vn -0.16338 0.8303 -0.53282
vn 0.67531 0.062768 -0.73486
vn 0.080103 0.79936 0.59549
vn 0.65217 -0.080081 -0.75383
vn -0.92639 0.080569 -0.36784
vn -0.21522 -0.81229 -0.54209
vn 0.65217 -0.080081 -0.75383
vn -0.21522 -0.81229 -0.54209
vn -0.059001 0.81278 -0.57958
vn 0.65217 -0.080081 -0.75383
vn -0.92639 0.080569 -0.36784
vn -0.059001 0.81278 -0.57958
vn -0.92639 0.080569 -0.36784
vn -0.21522 -0.81229 -0.54209
vn -0.059001 0.81278 -0.57958
vn -0.28816 0.69502 -0.65872
vn -0.073402 -0.90572 -0.41748
vn 0.58719 -0.043037 -0.80831
vn -0.28816 0.69502 -0.65872
vn 0.58719 -0.043037 -0.80831
vn -0.94875 -0.16766 -0.2679
vn -0.28816 0.69502 -0.65872
vn -0.073402 -0.90572 -0.41748
vn -0.94875 -0.16766 -0.2679
vn -0.073402 -0.90572 -0.41748
vn 0.58719 -0.043037 -0.80831
vn -0.94875 -0.16766 -0.2679
vn -0.86387 -0.30525 -0.4007
vn 0.71234 -0.0026709 -0.70183
vn -0.26037 0.61829 -0.74157
vn -0.86387 -0.30525 -0.4007
vn -0.26037 0.61829 -0.74157
vn 0.10884 -0.92621 -0.36095
vn -0.86387 -0.30525 -0.4007
vn 0.71234 -0.0026709 -0.70183
vn 0.10884 -0.92621 -0.36095
vn 0.71234 -0.0026709 -0.70183
vn -0.26037 0.61829 -0.74157
vn 0.10884 -0.92621 -0.36095
vn 0.11883 -0.79902 -0.58944
vn -0.55218 0.68532 -0.4748
vn -0.89506 -0.38759 -0.22056
vn 0.11883 -0.79902 -0.58944
vn -0.89506 -0.38759 -0.22056
vn 0.46171 0.27388 -0.84369
vn 0.11883 -0.79902 -0.58944
vn -0.55218 0.68532 -0.4748
vn 0.46171 0.27388 -0.84369
vn -0.55218 0.68532 -0.4748
vn -0.89506 -0.38759 -0.22056
vn 0.46171 0.27388 -0.84369
vn 0.38785 0.32697 -0.86178
vn -0.54685 -0.81972 -0.17033
vn 0.58051 -0.71171 -0.39557
vn 0.38785 0.32697 -0.86178
vn 0.58051 -0.71171 -0.39557
vn -0.73951 0.21896 -0.63654
vn 0.38785 0.32697 -0.86178
vn -0.54685 -0.81972 -0.17033
vn -0.73951 0.21896 -0.63654
vn -0.54685 -0.81972 -0.17033
vn 0.58051 -0.71171 -0.39557
vn -0.73951 0.21896 -0.63654
vn -0.85613 0.02929 -0.51593
vn 0.66534 -0.56327 -0.48996
vn 0.1687 0.39356 -0.90369
vn -0.85613 0.02929 -0.51593
vn 0.1687 0.39356 -0.90369
vn -0.3595 -0.92753 -0.1022
vn -0.85613 0.02929 -0.51593
vn 0.66534 -0.56327 -0.48996
vn -0.3595 -0.92753 -0.1022
vn 0.66534 -0.56327 -0.48996
vn 0.1687 0.39356 -0.90369
vn -0.3595 -0.92753 -0.1022
vn 0.59337 0.50009 -0.63074
vn 0.56034 -0.54714 0.62181
vn 0.60642 0.60208 0.51938
vn 0.59337 0.50009 -0.63074
vn 0.60642 0.60208 0.51938
vn 0.54728 -0.64914 -0.5283
vn 0.59337 0.50009 -0.63074
vn 0.56034 -0.54714 0.62181
vn 0.54728 -0.64914 -0.5283
vn 0.56034 -0.54714 0.62181
vn 0.60642 0.60208 0.51938
vn 0.54728 -0.64914 -0.5283
vn -0.36868 0.15519 0.91651
vn 0.033602 -0.98238 -0.18383
vn -0.92257 -0.38157 0.05719
vn -0.36868 0.15519 0.91651
vn -0.92257 -0.38157 0.05719
vn 0.58749 -0.44562 0.67548
vn -0.36868 0.15519 0.91651
vn 0.033602 -0.98238 -0.18383
vn 0.58749 -0.44562 0.67548
vn 0.033602 -0.98238 -0.18383
vn -0.92257 -0.38157 0.05719
vn 0.58749 -0.44562 0.67548
vn 0.47031 -0.7705 0.43027
vn -0.94372 0.039923 0.32832
vn -0.0027494 0.12009 0.99276
vn 0.47031 -0.7705 0.43027
vn -0.0027494 0.12009 0.99276
vn -0.47066 -0.85067 -0.23417
vn 0.47031 -0.7705 0.43027
vn -0.94372 0.039923 0.32832
vn -0.47066 -0.85067 -0.23417
vn -0.94372 0.039923 0.32832
vn -0.0027494 0.12009 0.99276
vn -0.47066 -0.85067 -0.23417
vn -0.70052 -0.70925 -0.07898
vn 0.26262 0.10377 0.9593
vn 0.36318 -0.86676 0.34181
vn -0.70052 -0.70925 -0.07898
vn 0.36318 -0.86676 0.34181
vn -0.80108 0.26128 0.53852
vn -0.70052 -0.70925 -0.07898
vn 0.26262 0.10377 0.9593
vn -0.80108 0.26128 0.53852
vn 0.26262 0.10377 0.9593
vn 0.36318 -0.86676 0.34181
vn -0.80108 0.26128 0.53852
vn -0.87463 0.47276 0.10739
vn -0.051038 -0.89853 0.43593
vn -0.72487 -0.53834 -0.42983
vn -0.87463 0.47276 0.10739
vn -0.72487 -0.53834 -0.42983
vn -0.20079 0.11256 0.97315
vn -0.87463 0.47276 0.10739
vn -0.051038 -0.89853 0.43593
vn -0.20079 0.11256 0.97315
vn -0.051038 -0.89853 0.43593
vn -0.72487 -0.53834 -0.42983
vn -0.20079 0.11256 0.97315
vn -0.12765 -0.46294 -0.87715
vn 0.65459 -0.51285 0.55543
vn 0.87573 -0.052047 -0.47999
vn -0.12765 -0.46294 -0.87715
vn 0.87573 -0.052047 -0.47999
vn -0.34879 -0.92374 0.15827
vn -0.12765 -0.46294 -0.87715
vn 0.65459 -0.51285 0.55543
vn -0.34879 -0.92374 0.15827
vn 0.65459 -0.51285 0.55543
vn 0.87573 -0.052047 -0.47999
vn -0.34879 -0.92374 0.15827
vn 0.54827 0.50842 0.66402
vn -0.67838 -0.55414 0.48242
vn -0.59613 0.5963 0.53764
vn 0.54827 0.50842 0.66402
vn -0.59613 0.5963 0.53764
vn 0.46601 -0.64203 0.6088
vn 0.54827 0.50842 0.66402
vn -0.67838 -0.55414 0.48242
vn 0.46601 -0.64203 0.6088
vn -0.67838 -0.55414 0.48242
vn -0.59613 0.5963 0.53764
vn 0.46601 -0.64203 0.6088
vn 0.21004 0.2778 0.9374
vn -0.97172 0.15005 -0.18234
vn -0.21516 0.96961 0.11646
vn 0.21004 0.2778 0.9374
vn -0.21516 0.96961 0.11646
vn -0.54652 -0.54176 0.6386
vn 0.21004 0.2778 0.9374
vn -0.97172 0.15005 -0.18234
vn -0.54652 -0.54176 0.6386
vn -0.97172 0.15005 -0.18234
vn -0.21516 0.96961 0.11646
vn -0.54652 -0.54176 0.6386
vn -0.0077464 -0.15995 -0.98709
vn -0.78093 -0.46333 0.4189
vn 0.059771 -0.98203 -0.17903
vn -0.0077464 -0.15995 -0.98709
vn 0.059771 -0.98203 -0.17903
vn -0.84844 0.35874 -0.38917
vn -0.0077464 -0.15995 -0.98709
vn -0.78093 -0.46333 0.4189
vn -0.84844 0.35874 -0.38917
vn -0.78093 -0.46333 0.4189
vn 0.059771 -0.98203 -0.17903
vn -0.84844 0.35874 -0.38917
vn -0.0062309 -0.23279 0.97251
vn -0.82036 0.52707 -0.22185
vn -0.014115 0.83925 0.54356
vn -0.0062309 -0.23279 0.97251
vn -0.014115 0.83925 0.54356
vn -0.81247 -0.54498 0.2071
vn -0.0062309 -0.23279 0.97251
vn -0.82036 0.52707 -0.22185
vn -0.81247 -0.54498 0.2071
vn -0.82036 0.52707 -0.22185
vn -0.014115 0.83925 0.54356
vn -0.81247 -0.54498 0.2071
vn 0.045772 0.96449 -0.26011
vn -0.50677 -0.50917 -0.69565
vn 0.46526 0.085929 -0.88099
vn 0.045772 0.96449 -0.26011
vn 0.46526 0.085929 -0.88099
vn -0.92626 0.3694 -0.074772
vn 0.045772 0.96449 -0.26011
vn -0.50677 -0.50917 -0.69565
vn -0.92626 0.3694 -0.074772
vn -0.50677 -0.50917 -0.69565
vn 0.46526 0.085929 -0.88099
vn -0.92626 0.3694 -0.074772
vn -0.96708 0.14025 -0.21234
vn 0.56103 0.37301 -0.73899
vn -0.18186 0.97871 -0.095113
vn -0.96708 0.14025 -0.21234
vn -0.18186 0.97871 -0.095113
vn -0.22419 -0.46545 -0.85621
vn -0.96708 0.14025 -0.21234
vn 0.56103 0.37301 -0.73899
vn -0.22419 -0.46545 -0.85621
vn 0.56103 0.37301 -0.73899
vn -0.18186 0.97871 -0.095113
vn -0.22419 -0.46545 -0.85621
vn -0.40655 0.076828 -0.91039
vn 0.016171 0.90033 0.4349
vn -0.93397 0.34821 0.080325
vn -0.40655 0.076828 -0.91039
vn -0.93397 0.34821 0.080325
vn 0.54359 0.62895 -0.55582
vn -0.40655 0.076828 -0.91039
vn 0.016171 0.90033 0.4349
vn 0.54359 0.62895 -0.55582
vn 0.016171 0.90033 0.4349
vn -0.93397 0.34821 0.080325
vn 0.54359 0.62895 -0.55582
vn 0.28301 0.95278 -0.11011
vn -0.94457 -0.10522 -0.31098
vn -0.06415 0.25749 -0.96415
vn 0.28301 0.95278 -0.11011
vn -0.06415 0.25749 -0.96415
vn -0.59742 0.59007 0.54306
vn 0.28301 0.95278 -0.11011
vn -0.94457 -0.10522 -0.31098
vn -0.59742 0.59007 0.54306
vn -0.94457 -0.10522 -0.31098
vn -0.06415 0.25749 -0.96415
vn -0.59742 0.59007 0.54306
vn -0.74346 0.64119 0.19014
vn 0.49076 0.29255 -0.82071
vn 0.37755 0.91447 0.14559
vn -0.74346 0.64119 0.19014
vn 0.37755 0.91447 0.14559
vn -0.63025 0.019265 -0.77616
vn -0.74346 0.64119 0.19014
vn 0.49076 0.29255 -0.82071
vn -0.63025 0.019265 -0.77616
vn 0.49076 0.29255 -0.82071
vn 0.37755 0.91447 0.14559
vn -0.63025 0.019265 -0.77616
vn -0.53462 0.43458 -0.72479
vn 0.44965 0.70367 0.55015
vn -0.69122 0.59665 0.4077
vn -0.53462 0.43458 -0.72479
vn -0.69122 0.59665 0.4077
vn 0.60625 0.5416 -0.58235
vn -0.53462 0.43458 -0.72479
vn 0.44965 0.70367 0.55015
vn 0.60625 0.5416 -0.58235
vn 0.44965 0.70367 0.55015
vn -0.69122 0.59665 0.4077
vn 0.60625 0.5416 -0.58235
vn 0.38234 0.74237 -0.55019
vn -0.90893 0.26042 0.32561
vn -0.59672 0.17613 -0.78288
vn 0.38234 0.74237 -0.55019
vn -0.59672 0.17613 -0.78288
vn 0.070125 0.82667 0.5583
vn 0.38234 0.74237 -0.55019
vn -0.90893 0.26042 0.32561
vn 0.070125 0.82667 0.5583
vn -0.90893 0.26042 0.32561
vn -0.59672 0.17613 -0.78288
vn 0.070125 0.82667 0.5583
vn -0.34463 0.90572 0.24677
vn -0.32513 -0.24272 -0.91399
vn 0.33016 0.67378 -0.66107
vn -0.34463 0.90572 0.24677
vn 0.33016 0.67378 -0.66107
vn -0.99992 -0.010772 -0.0061449
vn -0.34463 0.90572 0.24677
vn -0.32513 -0.24272 -0.91399
vn -0.99992 -0.010772 -0.0061449
vn -0.32513 -0.24272 -0.91399
vn 0.33016 0.67378 -0.66107
vn -0.99992 -0.010772 -0.0061449
vn -0.9813 0.15442 -0.11495
vn 0.50564 0.57739 -0.64105
vn -0.20958 0.96102 0.1803
vn -0.9813 0.15442 -0.11495
vn -0.20958 0.96102 0.1803
vn -0.26608 -0.22921 -0.9363
vn -0.9813 0.15442 -0.11495
vn 0.50564 0.57739 -0.64105
vn -0.26608 -0.22921 -0.9363
vn 0.50564 0.57739 -0.64105
vn -0.20958 0.96102 0.1803
vn -0.26608 -0.22921 -0.9363
vn -0.50551 0.031272 -0.86226
vn 0.00055901 0.9079 0.41918
vn -0.94179 0.28649 0.17594
vn -0.50551 0.031272 -0.86226
vn -0.94179 0.28649 0.17594
vn 0.43684 0.65268 -0.61901
vn -0.50551 0.031272 -0.86226
vn 0.00055901 0.9079 0.41918
vn 0.43684 0.65268 -0.61901
vn 0.00055901 0.9079 0.41918
vn -0.94179 0.28649 0.17594
vn 0.43684 0.65268 -0.61901
vn -0.042882 0.81145 -0.58284
vn -0.89019 -0.14844 0.43074
vn -0.6943 -0.13382 -0.70713
vn -0.042882 0.81145 -0.58284
vn -0.6943 -0.13382 -0.70713
vn -0.23877 0.79683 0.55503
vn -0.042882 0.81145 -0.58284
vn -0.89019 -0.14844 0.43074
vn -0.23877 0.79683 0.55503
vn -0.89019 -0.14844 0.43074
vn -0.6943 -0.13382 -0.70713
vn -0.23877 0.79683 0.55503
vn -0.45353 0.7328 0.50727
vn -0.4632 -0.13524 -0.87587
vn 0.038074 0.84628 -0.53138
vn -0.45353 0.7328 0.50727
vn 0.038074 0.84628 -0.53138
vn -0.9548 -0.24872 0.16277
vn -0.45353 0.7328 0.50727
vn -0.4632 -0.13524 -0.87587
vn -0.9548 -0.24872 0.16277
vn -0.4632 -0.13524 -0.87587
vn 0.038074 0.84628 -0.53138
vn -0.9548 -0.24872 0.16277
vn -0.90864 0.41587 -0.03778
vn 0.66261 0.60626 -0.43977
vn 0.015531 0.8788 0.47694
vn -0.90864 0.41587 -0.03778
vn 0.015531 0.8788 0.47694
vn -0.26156 0.14333 -0.95448
vn -0.90864 0.41587 -0.03778
vn 0.66261 0.60626 -0.43977
vn -0.26156 0.14333 -0.95448
vn 0.66261 0.60626 -0.43977
vn 0.015531 0.8788 0.47694
vn -0.26156 0.14333 -0.95448
vn -0.33511 0.40052 -0.85281
vn 0.0797 0.71448 0.6951
vn -0.89649 0.41463 0.15615
vn -0.33511 0.40052 -0.85281
vn -0.89649 0.41463 0.15615
vn 0.64108 0.70037 -0.31385
vn -0.33511 0.40052 -0.85281
vn 0.0797 0.71448 0.6951
vn 0.64108 0.70037 -0.31385
vn 0.0797 0.71448 0.6951
vn -0.89649 0.41463 0.15615
vn 0.64108 0.70037 -0.31385
vn -0.21035 0.80932 -0.54842
vn -0.64218 -0.060991 0.76412
vn -0.93287 -0.070038 -0.35335
vn -0.21035 0.80932 -0.54842
vn -0.93287 -0.070038 -0.35335
vn 0.080332 0.81836 0.56906
vn -0.21035 0.80932 -0.54842
vn -0.64218 -0.060991 0.76412
vn 0.080332 0.81836 0.56906
vn -0.64218 -0.060991 0.76412
vn -0.93287 -0.070038 -0.35335
vn 0.080332 0.81836 0.56906
vn -0.30128 0.95069 0.073597
vn -0.75747 -0.56539 -0.32645
vn -0.29663 0.3261 -0.89759
vn -0.30128 0.95069 0.073597
vn -0.29663 0.3261 -0.89759
vn -0.76211 0.059194 0.64473
vn -0.30128 0.95069 0.073597
vn -0.75747 -0.56539 -0.32645
vn -0.76211 0.059194 0.64473
vn -0.75747 -0.56539 -0.32645
vn -0.29663 0.3261 -0.89759
vn -0.76211 0.059194 0.64473
vn -0.90424 -0.027417 0.42614
vn -0.017042 0.62808 -0.77796
vn -0.24732 0.91584 0.31634
vn -0.90424 -0.027417 0.42614
vn -0.24732 0.91584 0.31634
vn -0.67396 -0.31517 -0.66816
vn -0.90424 -0.027417 0.42614
vn -0.017042 0.62808 -0.77796
vn -0.67396 -0.31517 -0.66816
vn -0.017042 0.62808 -0.77796
vn -0.24732 0.91584 0.31634
vn -0.67396 -0.31517 -0.66816
vn -0.56928 0.10855 -0.81495
vn -0.29253 0.65134 0.70013
vn -0.95642 -0.17168 0.2362
vn -0.56928 0.10855 -0.81495
vn -0.95642 -0.17168 0.2362
vn 0.09461 0.93157 -0.35103
vn -0.56928 0.10855 -0.81495
vn -0.29253 0.65134 0.70013
vn 0.09461 0.93157 -0.35103
vn -0.29253 0.65134 0.70013
vn -0.95642 -0.17168 0.2362
vn 0.09461 0.93157 -0.35103
vn -0.63303 0.5914 -0.49951
vn -0.51099 -0.55921 0.65282
vn -0.66446 -0.56284 -0.49163
vn -0.63303 0.5914 -0.49951
vn -0.66446 -0.56284 -0.49163
vn -0.47956 0.59504 0.64494
vn -0.63303 0.5914 -0.49951
vn -0.51099 -0.55921 0.65282
vn -0.47956 0.59504 0.64494
vn -0.51099 -0.55921 0.65282
vn -0.66446 -0.56284 -0.49163
vn -0.47956 0.59504 0.64494
vn -0.058015 0.42362 0.90398
vn -0.88225 0.081696 -0.46364
vn -0.23608 0.96664 -0.099389
vn -0.058015 0.42362 0.90398
vn -0.23608 0.96664 -0.099389
vn -0.70418 -0.46133 0.53973
vn -0.058015 0.42362 0.90398
vn -0.88225 0.081696 -0.46364
vn -0.70418 -0.46133 0.53973
vn -0.88225 0.081696 -0.46364
vn -0.23608 0.96664 -0.099389
vn -0.70418 -0.46133 0.53973
vn 0.07822 -0.20663 0.97529
vn 0.13287 0.98051 -0.1447
vn 0.90782 0.26491 0.3251
vn 0.07822 -0.20663 0.97529
vn 0.90782 0.26491 0.3251
vn -0.69673 0.50897 0.50549
vn 0.07822 -0.20663 0.97529
vn 0.13287 0.98051 -0.1447
vn -0.69673 0.50897 0.50549
vn 0.13287 0.98051 -0.1447
vn 0.90782 0.26491 0.3251
vn -0.69673 0.50897 0.50549
vn -0.79807 0.50731 0.32515
vn 0.34447 -0.5855 0.73384
vn -0.71408 -0.64329 0.27617
vn -0.79807 0.50731 0.32515
vn -0.71408 -0.64329 0.27617
vn 0.26049 0.5651 0.78282
vn -0.79807 0.50731 0.32515
vn 0.34447 -0.5855 0.73384
vn 0.26049 0.5651 0.78282
vn 0.34447 -0.5855 0.73384
vn -0.71408 -0.64329 0.27617
vn 0.26049 0.5651 0.78282
vn -0.43825 -0.86258 0.25276
vn 0.98802 -0.076239 0.13415
vn 0.35841 -0.7366 -0.57355
vn -0.43825 -0.86258 0.25276
vn 0.35841 -0.7366 -0.57355
vn 0.19136 -0.20222 0.96046
vn -0.43825 -0.86258 0.25276
vn 0.98802 -0.076239 0.13415
vn 0.19136 -0.20222 0.96046
vn 0.98802 -0.076239 0.13415
vn 0.35841 -0.7366 -0.57355
vn 0.19136 -0.20222 0.96046
vn 0.44934 0.88778 0.099717
vn 0.20507 -0.56873 0.79655
vn -0.33433 0.45178 0.82712
vn 0.44934 0.88778 0.099717
vn -0.33433 0.45178 0.82712
vn 0.98874 -0.13273 0.069148
vn 0.44934 0.88778 0.099717
vn 0.20507 -0.56873 0.79655
vn 0.98874 -0.13273 0.069148
vn 0.20507 -0.56873 0.79655
vn -0.33433 0.45178 0.82712
vn 0.98874 -0.13273 0.069148
vn -0.60841 -0.78554 0.11297
vn 0.94138 -0.32009 -0.10649
vn 0.062726 -0.58881 -0.80583
vn -0.60841 -0.78554 0.11297
vn 0.062726 -0.58881 -0.80583
vn 0.27024 -0.51682 0.81232
vn -0.60841 -0.78554 0.11297
vn 0.94138 -0.32009 -0.10649
vn 0.27024 -0.51682 0.81232
vn 0.94138 -0.32009 -0.10649
vn 0.062726 -0.58881 -0.80583
vn 0.27024 -0.51682 0.81232
vn 0.72842 0.6589 -0.18777
vn 0.18102 -0.45798 0.87033
vn 0.032555 0.67893 0.73349
vn 0.72842 0.6589 -0.18777
vn 0.032555 0.67893 0.73349
vn 0.87688 -0.47801 -0.05092
vn 0.72842 0.6589 -0.18777
vn 0.18102 -0.45798 0.87033
vn 0.87688 -0.47801 -0.05092
vn 0.18102 -0.45798 0.87033
vn 0.032555 0.67893 0.73349
vn 0.87688 -0.47801 -0.05092
vn -0.76891 -0.31554 0.55607
vn 0.69608 -0.71664 -0.043601
vn -0.39345 -0.82227 -0.41119
vn -0.76891 -0.31554 0.55607
vn -0.39345 -0.82227 -0.41119
vn 0.32061 -0.20992 0.92366
vn -0.76891 -0.31554 0.55607
vn 0.69608 -0.71664 -0.043601
vn 0.32061 -0.20992 0.92366
vn 0.69608 -0.71664 -0.043601
vn -0.39345 -0.82227 -0.41119
vn 0.32061 -0.20992 0.92366
vn 0.82027 0.56195 0.10662
vn -0.053057 -0.65821 0.75096
vn -0.04264 0.49024 0.87055
vn 0.82027 0.56195 0.10662
vn -0.04264 0.49024 0.87055
vn 0.80985 -0.58649 -0.012959
vn 0.82027 0.56195 0.10662
vn -0.053057 -0.65821 0.75096
vn 0.80985 -0.58649 -0.012959
vn -0.053057 -0.65821 0.75096
vn -0.04264 0.49024 0.87055
vn 0.80985 -0.58649 -0.012959
vn -0.96748 -0.09436 0.2347
vn 0.40595 -0.90706 -0.11155
vn -0.47425 -0.48976 -0.73159
vn -0.96748 -0.09436 0.2347
vn -0.47425 -0.48976 -0.73159
vn -0.087284 -0.51167 0.85474
vn -0.96748 -0.09436 0.2347
vn 0.40595 -0.90706 -0.11155
vn -0.087284 -0.51167 0.85474
vn 0.40595 -0.90706 -0.11155
vn -0.47425 -0.48976 -0.73159
vn -0.087284 -0.51167 0.85474
vn -0.0042358 0.05209 0.99863
vn -0.40236 -0.86827 -0.29021
vn -0.94112 -0.059051 0.33288
vn -0.0042358 0.05209 0.99863
vn -0.94112 -0.059051 0.33288
vn 0.53453 -0.75713 0.37555
vn -0.0042358 0.05209 0.99863
vn -0.40236 -0.86827 -0.29021
vn 0.53453 -0.75713 0.37555
vn -0.40236 -0.86827 -0.29021
vn -0.94112 -0.059051 0.33288
vn 0.53453 -0.75713 0.37555
vn -0.85118 -0.44174 0.28348
vn -0.03276 0.18775 -0.98167
vn -0.77142 0.60468 -0.19816
vn -0.85118 -0.44174 0.28348
vn -0.77142 0.60468 -0.19816
vn -0.11252 -0.85867 -0.50003
vn -0.85118 -0.44174 0.28348
vn -0.03276 0.18775 -0.98167
vn -0.11252 -0.85867 -0.50003
vn -0.03276 0.18775 -0.98167
vn -0.77142 0.60468 -0.19816
vn -0.11252 -0.85867 -0.50003
vn 0.050068 -0.46749 -0.88258
vn -0.93381 0.32314 0.15354
vn -0.6267 -0.77926 -0.00046723
vn 0.050068 -0.46749 -0.88258
vn -0.6267 -0.77926 -0.00046723
vn -0.25705 0.63491 -0.72857
vn 0.050068 -0.46749 -0.88258
vn -0.93381 0.32314 0.15354
vn -0.25705 0.63491 -0.72857
vn -0.93381 0.32314 0.15354
vn -0.6267 -0.77926 -0.00046723
vn -0.25705 0.63491 -0.72857
vn -0.66871 0.33826 -0.66212
vn -0.20056 -0.95511 0.21804
vn 0.049164 -0.5497 -0.83391
vn -0.66871 0.33826 -0.66212
vn 0.049164 -0.5497 -0.83391
vn -0.91843 -0.067148 0.38984
vn -0.66871 0.33826 -0.66212
vn -0.20056 -0.95511 0.21804
vn -0.91843 -0.067148 0.38984
vn -0.20056 -0.95511 0.21804
vn 0.049164 -0.5497 -0.83391
vn -0.91843 -0.067148 0.38984
vn -0.92937 -0.36555 0.05144
vn 0.35057 -0.11028 -0.93002
vn -0.58874 0.495 -0.63903
vn -0.92937 -0.36555 0.05144
vn -0.58874 0.495 -0.63903
vn 0.0099347 -0.97083 -0.23955
vn -0.92937 -0.36555 0.05144
vn 0.35057 -0.11028 -0.93002
vn 0.0099347 -0.97083 -0.23955
vn 0.35057 -0.11028 -0.93002
vn -0.58874 0.495 -0.63903
vn 0.0099347 -0.97083 -0.23955
vn -0.21099 0.70314 0.67903
vn 0.3625 0.43214 -0.82574
vn 0.8327 0.50535 0.22634
vn -0.21099 0.70314 0.67903
vn 0.8327 0.50535 0.22634
vn -0.68119 0.62993 -0.37305
vn -0.21099 0.70314 0.67903
vn 0.3625 0.43214 -0.82574
vn -0.68119 0.62993 -0.37305
vn 0.3625 0.43214 -0.82574
vn 0.8327 0.50535 0.22634
vn -0.68119 0.62993 -0.37305
vn -0.12596 0.099691 -0.98701
vn -0.81123 -0.4284 0.39798
vn -0.13677 -0.90119 -0.41129
vn -0.12596 0.099691 -0.98701
vn -0.13677 -0.90119 -0.41129
vn -0.80042 0.57248 -0.17775
vn -0.12596 0.099691 -0.98701
vn -0.81123 -0.4284 0.39798
vn -0.80042 0.57248 -0.17775
vn -0.81123 -0.4284 0.39798
vn -0.13677 -0.90119 -0.41129
vn -0.80042 0.57248 -0.17775
vn -0.84435 0.09585 -0.52715
vn 0.36376 -0.92395 -0.11831
vn 0.19133 -0.16148 -0.96815
vn -0.84435 0.09585 -0.52715
vn 0.19133 -0.16148 -0.96815
vn -0.67192 -0.66662 0.3227
vn -0.84435 0.09585 -0.52715
vn 0.36376 -0.92395 -0.11831
vn -0.67192 -0.66662 0.3227
vn 0.36376 -0.92395 -0.11831
vn 0.19133 -0.16148 -0.96815
vn -0.67192 -0.66662 0.3227
vn -0.65334 -0.7219 0.22807
vn 0.13633 0.025496 -0.99034
vn -0.87261 0.18521 -0.45194
vn -0.65334 -0.7219 0.22807
vn -0.87261 0.18521 -0.45194
vn 0.3556 -0.88161 -0.31033
vn -0.65334 -0.7219 0.22807
vn 0.13633 0.025496 -0.99034
vn 0.3556 -0.88161 -0.31033
vn 0.13633 0.025496 -0.99034
vn -0.87261 0.18521 -0.45194
vn 0.3556 -0.88161 -0.31033
vn -0.24601 -0.82526 -0.50835
vn -0.77538 0.63147 0.0058243
vn -0.78453 -0.43949 0.43744
vn -0.24601 -0.82526 -0.50835
vn -0.78453 -0.43949 0.43744
vn -0.23686 0.2457 -0.93996
vn -0.24601 -0.82526 -0.50835
vn -0.77538 0.63147 0.0058243
vn -0.23686 0.2457 -0.93996
vn -0.77538 0.63147 0.0058243
vn -0.78453 -0.43949 0.43744
vn -0.23686 0.2457 -0.93996
vn -0.43306 0.28079 -0.85651
vn -0.64318 -0.5481 0.53469
vn -0.26158 -0.81128 -0.52288
vn -0.43306 0.28079 -0.85651
vn -0.26158 -0.81128 -0.52288
vn -0.81466 0.54397 0.20106
vn -0.43306 0.28079 -0.85651
vn -0.64318 -0.5481 0.53469
vn -0.81466 0.54397 0.20106
vn -0.64318 -0.5481 0.53469
vn -0.26158 -0.81128 -0.52288
vn -0.81466 0.54397 0.20106
vn -0.92614 0.25735 -0.27576
vn 0.13545 -0.97797 -0.15881
vn -0.1264 -0.20059 -0.97149
vn -0.92614 0.25735 -0.27576
vn -0.1264 -0.20059 -0.97149
vn -0.66429 -0.52003 0.53692
vn -0.92614 0.25735 -0.27576
vn 0.13545 -0.97797 -0.15881
vn -0.66429 -0.52003 0.53692
vn 0.13545 -0.97797 -0.15881
vn -0.1264 -0.20059 -0.97149
vn -0.66429 -0.52003 0.53692
vn -0.13082 0.3813 0.91515
vn -0.15979 -0.98686 0.024093
vn -0.93539 -0.17887 0.30505
vn -0.13082 0.3813 0.91515
vn -0.93539 -0.17887 0.30505
vn 0.64477 -0.42669 0.63419
vn -0.13082 0.3813 0.91515
vn -0.15979 -0.98686 0.024093
vn 0.64477 -0.42669 0.63419
vn -0.15979 -0.98686 0.024093
vn -0.93539 -0.17887 0.30505
vn 0.64477 -0.42669 0.63419
vn -0.5625 -0.51281 0.64855
vn 0.57585 -0.63418 -0.51596
vn -0.57866 -0.64558 -0.49837
vn -0.5625 -0.51281 0.64855
vn -0.57866 -0.64558 -0.49837
vn 0.59201 -0.50141 0.63096
vn -0.5625 -0.51281 0.64855
vn 0.57585 -0.63418 -0.51596
vn 0.59201 -0.50141 0.63096
vn 0.57585 -0.63418 -0.51596
vn -0.57866 -0.64558 -0.49837
vn 0.59201 -0.50141 0.63096
vn -0.046096 0.44627 -0.89371
vn 0.9546 -0.067114 0.29023
vn 0.39403 0.91683 0.064519
vn -0.046096 0.44627 -0.89371
vn 0.39403 0.91683 0.064519
vn 0.51448 -0.53767 -0.668
vn -0.046096 0.44627 -0.89371
vn 0.9546 -0.067114 0.29023
vn 0.51448 -0.53767 -0.668
vn 0.9546 -0.067114 0.29023
vn 0.39403 0.91683 0.064519
vn 0.51448 -0.53767 -0.668
vn 0.35894 0.89415 0.26769
vn 0.14435 -0.65325 0.74325
vn -0.47534 0.31803 0.82031
vn 0.35894 0.89415 0.26769
vn -0.47534 0.31803 0.82031
vn 0.97863 -0.077127 0.19063
vn 0.35894 0.89415 0.26769
vn 0.14435 -0.65325 0.74325
vn 0.97863 -0.077127 0.19063
vn 0.14435 -0.65325 0.74325
vn -0.47534 0.31803 0.82031
vn 0.97863 -0.077127 0.19063
vn 0.76926 -0.068162 0.63528
vn -0.75111 0.49411 0.43783
vn 0.30677 0.91789 0.25172
vn 0.76926 -0.068162 0.63528
vn 0.30677 0.91789 0.25172
vn -0.28861 -0.49195 0.8214
vn 0.76926 -0.068162 0.63528
vn -0.75111 0.49411 0.43783
vn -0.28861 -0.49195 0.8214
vn -0.75111 0.49411 0.43783
vn 0.30677 0.91789 0.25172
vn -0.28861 -0.49195 0.8214
vn -0.39457 -0.38495 0.83434
vn 0.45108 0.86654 0.21362
vn 0.7256 -0.15813 0.6697
vn -0.39457 -0.38495 0.83434
vn 0.7256 -0.15813 0.6697
vn -0.66909 0.63972 0.37825
vn -0.39457 -0.38495 0.83434
vn 0.45108 0.86654 0.21362
vn -0.66909 0.63972 0.37825
vn 0.45108 0.86654 0.21362
vn 0.7256 -0.15813 0.6697
vn -0.66909 0.63972 0.37825
vn -0.73774 0.44172 0.51052
vn 0.725 -0.27405 0.63187
vn -0.36925 -0.64041 0.67345
vn -0.73774 0.44172 0.51052
vn -0.36925 -0.64041 0.67345
vn 0.35652 0.80808 0.46895
vn -0.73774 0.44172 0.51052
vn 0.725 -0.27405 0.63187
vn 0.35652 0.80808 0.46895
vn 0.725 -0.27405 0.63187
vn -0.36925 -0.64041 0.67345
vn 0.35652 0.80808 0.46895
vn 0.82401 0.51861 0.22815
vn -0.54841 -0.13446 0.82533
vn -0.25945 0.88939 0.37638
vn 0.82401 0.51861 0.22815
vn -0.25945 0.88939 0.37638
vn 0.53505 -0.50524 0.67709
vn 0.82401 0.51861 0.22815
vn -0.54841 -0.13446 0.82533
vn 0.53505 -0.50524 0.67709
vn -0.54841 -0.13446 0.82533
vn -0.25945 0.88939 0.37638
vn 0.53505 -0.50524 0.67709
vn 0.3611 -0.17677 0.91562
vn -0.14128 0.98284 -0.11858
vn 0.8711 0.47797 0.11278
vn 0.3611 -0.17677 0.91562
vn 0.8711 0.47797 0.11278
vn -0.65127 0.32809 0.68425
vn 0.3611 -0.17677 0.91562
vn -0.14128 0.98284 -0.11858
vn -0.65127 0.32809 0.68425
vn -0.14128 0.98284 -0.11858
vn 0.8711 0.47797 0.11278
vn -0.65127 0.32809 0.68425
vn -0.5059 0.0085316 0.86255
vn 0.78694 0.61315 0.069043
vn 0.59803 -0.30724 0.74025
vn -0.5059 0.0085316 0.86255
vn 0.59803 -0.30724 0.74025
vn -0.31699 0.92893 0.19134
vn -0.5059 0.0085316 0.86255
vn 0.78694 0.61315 0.069043
vn -0.31699 0.92893 0.19134
vn 0.78694 0.61315 0.069043
vn 0.59803 -0.30724 0.74025
vn -0.31699 0.92893 0.19134
vn 0.67192 0.017946 -0.74041
vn -0.41184 0.90593 0.098418
vn -0.45238 0.25513 -0.85455
vn 0.67192 0.017946 -0.74041
vn -0.45238 0.25513 -0.85455
vn 0.71246 0.66874 0.21256
vn 0.67192 0.017946 -0.74041
vn -0.41184 0.90593 0.098418
vn 0.71246 0.66874 0.21256
vn -0.41184 0.90593 0.098418
vn -0.45238 0.25513 -0.85455
vn 0.71246 0.66874 0.21256
vn -0.9324 -0.35899 -0.041935
vn 0.080349 0.62957 0.77278
vn -0.20864 -0.4858 0.84881
vn -0.9324 -0.35899 -0.041935
vn -0.20864 -0.4858 0.84881
vn -0.64341 0.75637 -0.11796
vn -0.9324 -0.35899 -0.041935
vn 0.080349 0.62957 0.77278
vn -0.64341 0.75637 -0.11796
vn 0.080349 0.62957 0.77278
vn -0.20864 -0.4858 0.84881
vn -0.64341 0.75637 -0.11796
vn 0.3351 -0.45748 0.82366
vn 0.54283 0.82275 -0.16857
vn 0.95906 -0.25349 -0.12628
vn 0.3351 -0.45748 0.82366
vn 0.95906 -0.25349 -0.12628
vn -0.081126 0.61877 0.78137
vn 0.3351 -0.45748 0.82366
vn 0.54283 0.82275 -0.16857
vn -0.081126 0.61877 0.78137
vn 0.54283 0.82275 -0.16857
vn 0.95906 -0.25349 -0.12628
vn -0.081126 0.61877 0.78137
vn 0.1527 0.17006 -0.97353
vn -0.30546 0.84349 0.44183
vn -0.8526 0.30767 -0.42238
vn 0.1527 0.17006 -0.97353
vn -0.8526 0.30767 -0.42238
vn 0.69984 0.70588 -0.10932
vn 0.1527 0.17006 -0.97353
vn -0.30546 0.84349 0.44183
vn 0.69984 0.70588 -0.10932
vn -0.30546 0.84349 0.44183
vn -0.8526 0.30767 -0.42238
vn 0.69984 0.70588 -0.10932
vn 0.027249 -0.032179 0.99911
vn -0.1765 0.93791 -0.29861
vn 0.72859 0.59854 0.33304
vn 0.027249 -0.032179 0.99911
vn 0.72859 0.59854 0.33304
vn -0.87784 0.3072 0.36747
vn 0.027249 -0.032179 0.99911
vn -0.1765 0.93791 -0.29861
vn -0.87784 0.3072 0.36747
vn -0.1765 0.93791 -0.29861
vn 0.72859 0.59854 0.33304
vn -0.87784 0.3072 0.36747
vn -0.36954 0.83093 0.41593
vn -0.15201 0.025814 -0.98804
vn 0.45953 0.79933 -0.38718
vn -0.36954 0.83093 0.41593
vn 0.45953 0.79933 -0.38718
vn -0.98107 0.057416 -0.18493
vn -0.36954 0.83093 0.41593
vn -0.15201 0.025814 -0.98804
vn -0.98107 0.057416 -0.18493
vn -0.15201 0.025814 -0.98804
vn 0.45953 0.79933 -0.38718
vn -0.98107 0.057416 -0.18493
vn 0.85767 -0.25577 -0.44608
vn -0.75894 -0.48619 -0.43317
vn 0.14124 -0.98591 0.089607
vn 0.85767 -0.25577 -0.44608
vn 0.14124 -0.98591 0.089607
vn -0.042508 0.24395 -0.96886
vn 0.85767 -0.25577 -0.44608
vn -0.75894 -0.48619 -0.43317
vn -0.042508 0.24395 -0.96886
vn -0.75894 -0.48619 -0.43317
vn 0.14124 -0.98591 0.089607
vn -0.042508 0.24395 -0.96886
vn -0.84556 -0.032889 0.53286
vn -0.19374 0.36549 -0.91043
vn -0.37692 0.92239 0.084375
vn -0.84556 -0.032889 0.53286
vn -0.37692 0.92239 0.084375
vn -0.66238 -0.58979 -0.46194
vn -0.84556 -0.032889 0.53286
vn -0.19374 0.36549 -0.91043
vn -0.66238 -0.58979 -0.46194
vn -0.19374 0.36549 -0.91043
vn -0.37692 0.92239 0.084375
vn -0.66238 -0.58979 -0.46194
vn 0.69086 0.48276 -0.53819
vn -0.39183 -0.73968 -0.54713
vn 0.72301 -0.63843 -0.26393
vn 0.69086 0.48276 -0.53819
vn 0.72301 -0.63843 -0.26393
vn -0.42398 0.38152 -0.82139
vn 0.69086 0.48276 -0.53819
vn -0.39183 -0.73968 -0.54713
vn -0.42398 0.38152 -0.82139
vn -0.39183 -0.73968 -0.54713
vn 0.72301 -0.63843 -0.26393
vn -0.42398 0.38152 -0.82139
vn -0.54011 -0.71659 0.44134
vn -0.56795 0.4826 -0.66673
vn -0.78333 0.41195 0.4655
vn -0.54011 -0.71659 0.44134
vn -0.78333 0.41195 0.4655
vn -0.32472 -0.64593 -0.69089
vn -0.54011 -0.71659 0.44134
vn -0.56795 0.4826 -0.66673
vn -0.32472 -0.64593 -0.69089
vn -0.56795 0.4826 -0.66673
vn -0.78333 0.41195 0.4655
vn -0.32472 -0.64593 -0.69089
vn 0.052042 0.99815 0.031418
vn 0.035562 -0.30586 -0.95141
vn 0.8579 0.3023 -0.41547
vn 0.052042 0.99815 0.031418
vn 0.8579 0.3023 -0.41547
vn -0.7703 0.38999 -0.50452
vn 0.052042 0.99815 0.031418
vn 0.035562 -0.30586 -0.95141
vn -0.7703 0.38999 -0.50452
vn 0.035562 -0.30586 -0.95141
vn 0.8579 0.3023 -0.41547
vn -0.7703 0.38999 -0.50452
vn -0.31371 -0.94499 0.092595
vn -0.55197 0.46838 -0.68989
vn -0.95988 -0.0066113 0.28033
vn -0.31371 -0.94499 0.092595
vn -0.95988 -0.0066113 0.28033
vn 0.094197 -0.47 -0.87762
vn -0.31371 -0.94499 0.092595
vn -0.55197 0.46838 -0.68989
vn 0.094197 -0.47 -0.87762
vn -0.55197 0.46838 -0.68989
vn -0.95988 -0.0066113 0.28033
vn 0.094197 -0.47 -0.87762
vn -0.17654 0.97081 0.16237
vn 0.45636 -0.11274 -0.88263
vn 0.86612 0.4998 0.006316
vn -0.17654 0.97081 0.16237
vn 0.86612 0.4998 0.006316
vn -0.5863 0.35826 -0.72657
vn -0.17654 0.97081 0.16237
vn 0.45636 -0.11274 -0.88263
vn -0.5863 0.35826 -0.72657
vn 0.45636 -0.11274 -0.88263
vn 0.86612 0.4998 0.006316
vn -0.5863 0.35826 -0.72657
vn 0.55318 0.83173 -0.046971
vn 0.39732 -0.69863 -0.59502
vn 0.93227 -0.20234 0.29989
vn 0.55318 0.83173 -0.046971
vn 0.93227 -0.20234 0.29989
vn 0.018239 0.33545 -0.94188
vn 0.55318 0.83173 -0.046971
vn 0.39732 -0.69863 -0.59502
vn 0.018239 0.33545 -0.94188
vn 0.39732 -0.69863 -0.59502
vn 0.93227 -0.20234 0.29989
vn 0.018239 0.33545 -0.94188
vn 0.66728 0.53015 -0.52314
vn 0.47484 -0.69976 0.53372
vn 0.64305 0.43875 0.62768
vn 0.66728 0.53015 -0.52314
vn 0.64305 0.43875 0.62768
vn 0.49908 -0.60836 -0.6171
vn 0.66728 0.53015 -0.52314
vn 0.47484 -0.69976 0.53372
vn 0.49908 -0.60836 -0.6171
vn 0.47484 -0.69976 0.53372
vn 0.64305 0.43875 0.62768
vn 0.49908 -0.60836 -0.6171
vn -0.47023 0.80331 0.36548
vn -0.34653 -0.82277 0.45052
vn -0.98222 -0.083514 -0.16813
vn -0.47023 0.80331 0.36548
vn -0.98222 -0.083514 -0.16813
vn 0.16546 0.064056 0.98413
vn -0.47023 0.80331 0.36548
vn -0.34653 -0.82277 0.45052
vn 0.16546 0.064056 0.98413
vn -0.34653 -0.82277 0.45052
vn -0.98222 -0.083514 -0.16813
vn 0.16546 0.064056 0.98413
vn 0.76386 -0.58781 0.26644
vn -0.5412 0.23037 0.80873
vn 0.57618 0.48115 0.66069
vn 0.76386 -0.58781 0.26644
vn 0.57618 0.48115 0.66069
vn -0.35351 -0.83859 0.41448
vn 0.76386 -0.58781 0.26644
vn -0.5412 0.23037 0.80873
vn -0.35351 -0.83859 0.41448
vn -0.5412 0.23037 0.80873
vn 0.57618 0.48115 0.66069
vn -0.35351 -0.83859 0.41448
vn 0.31156 0.94682 0.080368
vn -0.99465 -0.033057 0.097846
vn -0.42408 0.55251 -0.71756
vn 0.31156 0.94682 0.080368
vn -0.42408 0.55251 -0.71756
vn -0.25901 0.36125 0.89577
vn 0.31156 0.94682 0.080368
vn -0.99465 -0.033057 0.097846
vn -0.25901 0.36125 0.89577
vn -0.99465 -0.033057 0.097846
vn -0.42408 0.55251 -0.71756
vn -0.25901 0.36125 0.89577
vn -0.53347 -0.83628 -0.12667
vn -0.20993 0.39718 0.89341
vn 0.23177 -0.65533 0.7189
vn -0.53347 -0.83628 -0.12667
vn 0.23177 -0.65533 0.7189
vn -0.97517 0.21623 0.047828
vn -0.53347 -0.83628 -0.12667
vn -0.20993 0.39718 0.89341
vn -0.97517 0.21623 0.047828
vn -0.20993 0.39718 0.89341
vn 0.23177 -0.65533 0.7189
vn -0.97517 0.21623 0.047828
vn -0.93429 -0.26396 0.23964
vn 0.64279 -0.44862 0.62094
vn -0.096907 -0.9921 -0.079638
vn -0.93429 -0.26396 0.23964
vn -0.096907 -0.9921 -0.079638
vn -0.19459 0.27952 0.94021
vn -0.93429 -0.26396 0.23964
vn 0.64279 -0.44862 0.62094
vn -0.19459 0.27952 0.94021
vn 0.64279 -0.44862 0.62094
vn -0.096907 -0.9921 -0.079638
vn -0.19459 0.27952 0.94021
vn 0.45329 -0.66382 -0.59488
vn 0.68072 0.44668 0.58059
vn 0.67066 0.47004 -0.57383
vn 0.45329 -0.66382 -0.59488
vn 0.67066 0.47004 -0.57383
vn 0.46335 -0.68718 0.55954
vn 0.45329 -0.66382 -0.59488
vn 0.68072 0.44668 0.58059
vn 0.46335 -0.68718 0.55954
vn 0.68072 0.44668 0.58059
vn 0.67066 0.47004 -0.57383
vn 0.46335 -0.68718 0.55954
vn 0.44438 0.69018 -0.57112
vn -0.19003 0.38628 0.9026
vn -0.60337 0.7916 -0.0965
vn 0.44438 0.69018 -0.57112
vn -0.60337 0.7916 -0.0965
vn 0.85772 0.28486 0.42798
vn 0.44438 0.69018 -0.57112
vn -0.19003 0.38628 0.9026
vn 0.85772 0.28486 0.42798
vn -0.19003 0.38628 0.9026
vn -0.60337 0.7916 -0.0965
vn 0.85772 0.28486 0.42798
vn -0.67669 -0.4679 0.56847
vn 0.84558 0.12117 0.51992
vn 0.35478 -0.89434 0.27256
vn -0.67669 -0.4679 0.56847
vn 0.35478 -0.89434 0.27256
vn -0.18589 0.54761 0.81582
vn -0.67669 -0.4679 0.56847
vn 0.84558 0.12117 0.51992
vn -0.18589 0.54761 0.81582
vn 0.84558 0.12117 0.51992
vn 0.35478 -0.89434 0.27256
vn -0.18589 0.54761 0.81582
vn 0.84142 0.28152 -0.46126
vn -0.26613 0.69896 0.6638
vn -0.1534 0.86764 -0.47294
vn 0.84142 0.28152 -0.46126
vn -0.1534 0.86764 -0.47294
vn 0.72869 0.11285 0.67548
vn 0.84142 0.28152 -0.46126
vn -0.26613 0.69896 0.6638
vn 0.72869 0.11285 0.67548
vn -0.26613 0.69896 0.6638
vn -0.1534 0.86764 -0.47294
vn 0.72869 0.11285 0.67548
vn -0.89986 0.3717 -0.22824
vn 0.016011 -0.26621 0.96378
vn -0.69955 -0.69516 0.16546
vn -0.89986 0.3717 -0.22824
vn -0.69955 -0.69516 0.16546
vn -0.1843 0.80065 0.57008
vn -0.89986 0.3717 -0.22824
vn 0.016011 -0.26621 0.96378
vn -0.1843 0.80065 0.57008
vn 0.016011 -0.26621 0.96378
vn -0.69955 -0.69516 0.16546
vn -0.1843 0.80065 0.57008
vn -0.75787 0.38832 0.52425
vn -0.15979 -0.97668 -0.14337
vn -0.85404 -0.12754 -0.50433
vn -0.75787 0.38832 0.52425
vn -0.85404 -0.12754 -0.50433
vn -0.063611 -0.46083 0.88521
vn -0.75787 0.38832 0.52425
vn -0.15979 -0.97668 -0.14337
vn -0.063611 -0.46083 0.88521
vn -0.15979 -0.97668 -0.14337
vn -0.85404 -0.12754 -0.50433
vn -0.063611 -0.46083 0.88521
vn 0.62331 -0.49607 -0.60449
vn 0.041022 -0.3949 0.91781
vn 0.93319 0.071423 0.35221
vn 0.62331 -0.49607 -0.60449
vn 0.93319 0.071423 0.35221
vn -0.26886 -0.96239 -0.038886
vn 0.62331 -0.49607 -0.60449
vn 0.041022 -0.3949 0.91781
vn -0.26886 -0.96239 -0.038886
vn 0.041022 -0.3949 0.91781
vn 0.93319 0.071423 0.35221
vn -0.26886 -0.96239 -0.038886
vn 0.14772 -0.96356 0.22302
vn 0.87487 0.48405 0.017219
vn 0.61915 -0.40652 -0.67186
vn 0.14772 -0.96356 0.22302
vn 0.61915 -0.40652 -0.67186
vn 0.40344 -0.072986 0.91209
vn 0.14772 -0.96356 0.22302
vn 0.87487 0.48405 0.017219
vn 0.40344 -0.072986 0.91209
vn 0.87487 0.48405 0.017219
vn 0.61915 -0.40652 -0.67186
vn 0.40344 -0.072986 0.91209
vn 0.4612 0.14894 0.87471
vn 0.45256 -0.74293 -0.4932
vn -0.042296 -0.83681 0.54586
vn 0.4612 0.14894 0.87471
vn -0.042296 -0.83681 0.54586
vn 0.95605 0.24281 -0.16435
vn 0.4612 0.14894 0.87471
vn 0.45256 -0.74293 -0.4932
vn 0.95605 0.24281 -0.16435
vn 0.45256 -0.74293 -0.4932
vn -0.042296 -0.83681 0.54586
vn 0.95605 0.24281 -0.16435
f 2761/2761 2764/2764 2767/2767
f 2762/2762 2768/2768 2770/2770
f 2763/2763 2765/2765 2771/2771
f 2766/2766 2769/2769 2772/2772
f 2773/2773 2776/2776 2779/2779
f 2774/2774 2780/2780 2782/2782
f 2775/2775 2777/2777 2783/2783
f 2778/2778 2781/2781 2784/2784
f 2785/2785 2788/2788 2791/2791
f 2786/2786 2792/2792 2794/2794
f 2787/2787 2789/2789 2795/2795
f 2790/2790 2793/2793 2796/2796
f 2797/2797 2800/2800 2803/2803
f 2798/2798 2804/2804 2806/2806
f 2799/2799 2801/2801 2807/2807
f 2802/2802 2805/2805 2808/2808
f 2809/2809 2812/2812 2815/2815
f 2810/2810 2816/2816 2818/2818
f 2811/2811 2813/2813 2819/2819
f 2814/2814 2817/2817 2820/2820
f 2821/2821 2824/2824 2827/2827
f 2822/2822 2828/2828 2830/2830
f 2823/2823 2825/2825 2831/2831
f 2826/2826 2829/2829 2832/2832
f 2833/2833 2836/2836 2839/2839
f 2834/2834 2840/2840 2842/2842
f 2835/2835 2837/2837 2843/2843
f 2838/2838 2841/2841 2844/2844
f 2845/2845 2848/2848 2851/2851
f 2846/2846 2852/2852 2854/2854
f 2847/2847 2849/2849 2855/2855
f 2850/2850 2853/2853 2856/2856
f 2857/2857 2860/2860 2863/2863
f 2858/2858 2864/2864 2866/2866
f 2859/2859 2861/2861 2867/2867
f 2862/2862 2865/2865 2868/2868
f 2869/2869 2872/2872 2875/2875
f 2870/2870 2876/2876 2878/2878
f 2871/2871 2873/2873 2879/2879
f 2874/2874 2877/2877 2880/2880
f 2881/2881 2884/2884 2887/2887
f 2882/2882 2888/2888 2890/2890
f 2883/2883 2885/2885 2891/2891
f 2886/2886 2889/2889 2892/2892
f 2893/2893 2896/2896 2899/2899
f 2894/2894 2900/2900 2902/2902
f 2895/2895 2897/2897 2903/2903
f 2898/2898 2901/2901 2904/2904
f 2905/2905 2908/2908 2911/2911
f 2906/2906 2912/2912 2914/2914
f 2907/2907 2909/2909 2915/2915
f 2910/2910 2913/2913 2916/2916
f 2917/2917 2920/2920 2923/2923
f 2918/2918 2924/2924 2926/2926
f 2919/2919 2921/2921 2927/2927
f 2922/2922 2925/2925 2928/2928
f 2929/2929 2932/2932 2935/2935
f 2930/2930 2936/2936 2938/2938
f 2931/2931 2933/2933 2939/2939
f 2934/2934 2937/2937 2940/2940
f 2941/2941 2944/2944 2947/2947
f 2942/2942 2948/2948 2950/2950
f 2943/2943 2945/2945 2951/2951
f 2946/2946 2949/2949 2952/2952
f 2953/2953 2956/2956 2959/2959
f 2954/2954 2960/2960 2962/2962
f 2955/2955 2957/2957 2963/2963
f 2958/2958 2961/2961 2964/2964
f 2965/2965 2968/2968 2971/2971
f 2966/2966 2972/2972 2974/2974
f 2967/2967 2969/2969 2975/2975
f 2970/2970 2973/2973 2976/2976
f 2977/2977 2980/2980 2983/2983
f 2978/2978 2984/2984 2986/2986
f 2979/2979 2981/2981 2987/2987
f 2982/2982 2985/2985 2988/2988
f 2989/2989 2992/2992 2995/2995
f 2990/2990 2996/2996 2998/2998
f 2991/2991 2993/2993 2999/2999
f 2994/2994 2997/2997 3000/3000
f 3001/3001 3004/3004 3007/3007
f 3002/3002 3008/3008 3010/3010
f 3003/3003 3005/3005 3011/3011
f 3006/3006 3009/3009 3012/3012
f 3013/3013 3016/3016 3019/3019
f 3014/3014 3020/3020 3022/3022
f 3015/3015 3017/3017 3023/3023
f 3018/3018 3021/3021 3024/3024
f 3025/3025 3028/3028 3031/3031
f 3026/3026 3032/3032 3034/3034
f 3027/3027 3029/3029 3035/3035
f 3030/3030 3033/3033 3036/3036
f 3037/3037 3040/3040 3043/3043
f 3038/3038 3044/3044 3046/3046
f 3039/3039 3041/3041 3047/3047
f 3042/3042 3045/3045 3048/3048
f 3049/3049 3052/3052 3055/3055
f 3050/3050 3056/3056 3058/3058
f 3051/3051 3053/3053 3059/3059
f 3054/3054 3057/3057 3060/3060
f 3061/3061 3064/3064 3067/3067
f 3062/3062 3068/3068 3070/3070
f 3063/3063 3065/3065 3071/3071
f 3066/3066 3069/3069 3072/3072
f 3073/3073 3076/3076 3079/3079
f 3074/3074 3080/3080 3082/3082
f 3075/3075 3077/3077 3083/3083
f 3078/3078 3081/3081 3084/3084
f 3085/3085 3088/3088 3091/3091
f 3086/3086 3092/3092 3094/3094
f 3087/3087 3089/3089 3095/3095
f 3090/3090 3093/3093 3096/3096
f 3097/3097 3100/3100 3103/3103
f 3098/3098 3104/3104 3106/3106
f 3099/3099 3101/3101 3107/3107
f 3102/3102 3105/3105 3108/3108
f 3109/3109 3112/3112 3115/3115
f 3110/3110 3116/3116 3118/3118
f 3111/3111 3113/3113 3119/3119
f 3114/3114 3117/3117 3120/3120
f 3121/3121 3124/3124 3127/3127
f 3122/3122 3128/3128 3130/3130
f 3123/3123 3125/3125 3131/3131
f 3126/3126 3129/3129 3132/3132
f 3133/3133 3136/3136 3139/3139
f 3134/3134 3140/3140 3142/3142
f 3135/3135 3137/3137 3143/3143
f 3138/3138 3141/3141 3144/3144
f 3145/3145 3148/3148 3151/3151
f 3146/3146 3152/3152 3154/3154
f 3147/3147 3149/3149 3155/3155
f 3150/3150 3153/3153 3156/3156
f 3157/3157 3160/3160 3163/3163
f 3158/3158 3164/3164 3166/3166
f 3159/3159 3161/3161 3167/3167
f 3162/3162 3165/3165 3168/3168
f 3169/3169 3172/3172 3175/3175
f 3170/3170 3176/3176 3178/3178
f 3171/3171 3173/3173 3179/3179
f 3174/3174 3177/3177 3180/3180
f 3181/3181 3184/3184 3187/3187
f 3182/3182 3188/3188 3190/3190
f 3183/3183 3185/3185 3191/3191
f 3186/3186 3189/3189 3192/3192
f 3193/3193 3196/3196 3199/3199
f 3194/3194 3200/3200 3202/3202
f 3195/3195 3197/3197 3203/3203
f 3198/3198 3201/3201 3204/3204
f 3205/3205 3208/3208 3211/3211
f 3206/3206 3212/3212 3214/3214
f 3207/3207 3209/3209 3215/3215
f 3210/3210 3213/3213 3216/3216
f 3217/3217 3220/3220 3223/3223
f 3218/3218 3224/3224 3226/3226
f 3219/3219 3221/3221 3227/3227
f 3222/3222 3225/3225 3228/3228
f 3229/3229 3232/3232 3235/3235
f 3230/3230 3236/3236 3238/3238
f 3231/3231 3233/3233 3239/3239
f 3234/3234 3237/3237 3240/3240
f 3241/3241 3244/3244 3247/3247
f 3242/3242 3248/3248 3250/3250
f 3243/3243 3245/3245 3251/3251
f 3246/3246 3249/3249 3252/3252
f 3253/3253 3256/3256 3259/3259
f 3254/3254 3260/3260 3262/3262
f 3255/3255 3257/3257 3263/3263
f 3258/3258 3261/3261 3264/3264
f 3265/3265 3268/3268 3271/3271
f 3266/3266 3272/3272 3274/3274
f 3267/3267 3269/3269 3275/3275
f 3270/3270 3273/3273 3276/3276
f 3277/3277 3280/3280 3283/3283
f 3278/3278 3284/3284 3286/3286
f 3279/3279 3281/3281 3287/3287
f 3282/3282 3285/3285 3288/3288
f 3289/3289 3292/3292 3295/3295
f 3290/3290 3296/3296 3298/3298
f 3291/3291 3293/3293 3299/3299
f 3294/3294 3297/3297 3300/3300
f 3301/3301 3304/3304 3307/3307
f 3302/3302 3308/3308 3310/3310
f 3303/3303 3305/3305 3311/3311
f 3306/3306 3309/3309 3312/3312
f 3313/3313 3316/3316 3319/3319
f 3314/3314 3320/3320 3322/3322
f 3315/3315 3317/3317 3323/3323
f 3318/3318 3321/3321 3324/3324
f 3325/3325 3328/3328 3331/3331
f 3326/3326 3332/3332 3334/3334
f 3327/3327 3329/3329 3335/3335
f 3330/3330 3333/3333 3336/3336
f 3337/3337 3340/3340 3343/3343
f 3338/3338 3344/3344 3346/3346
f 3339/3339 3341/3341 3347/3347
f 3342/3342 3345/3345 3348/3348
f 3349/3349 3352/3352 3355/3355
f 3350/3350 3356/3356 3358/3358
f 3351/3351 3353/3353 3359/3359
f 3354/3354 3357/3357 3360/3360
f 3361/3361 3364/3364 3367/3367
f 3362/3362 3368/3368 3370/3370
f 3363/3363 3365/3365 3371/3371
f 3366/3366 3369/3369 3372/3372
f 3373/3373 3376/3376 3379/3379
f 3374/3374 3380/3380 3382/3382
f 3375/3375 3377/3377 3383/3383
f 3378/3378 3381/3381 3384/3384
f 3385/3385 3388/3388 3391/3391
f 3386/3386 3392/3392 3394/3394
f 3387/3387 3389/3389 3395/3395
f 3390/3390 3393/3393 3396/3396
f 3397/3397 3400/3400 3403/3403
f 3398/3398 3404/3404 3406/3406
f 3399/3399 3401/3401 3407/3407
f 3402/3402 3405/3405 3408/3408
f 3409/3409 3412/3412 3415/3415
f 3410/3410 3416/3416 3418/3418
f 3411/3411 3413/3413 3419/3419
f 3414/3414 3417/3417 3420/3420
f 3421/3421 3424/3424 3427/3427
f 3422/3422 3428/3428 3430/3430
f 3423/3423 3425/3425 3431/3431
f 3426/3426 3429/3429 3432/3432
f 3433/3433 3436/3436 3439/3439
f 3434/3434 3440/3440 3442/3442
f 3435/3435 3437/3437 3443/3443
f 3438/3438 3441/3441 3444/3444
f 3445/3445 3448/3448 3451/3451
f 3446/3446 3452/3452 3454/3454
f 3447/3447 3449/3449 3455/3455
f 3450/3450 3453/3453 3456/3456
f 3457/3457 3460/3460 3463/3463
f 3458/3458 3464/3464 3466/3466
f 3459/3459 3461/3461 3467/3467
f 3462/3462 3465/3465 3468/3468
f 3469/3469 3472/3472 3475/3475
f 3470/3470 3476/3476 3478/3478
f 3471/3471 3473/3473 3479/3479
f 3474/3474 3477/3477 3480/3480
f 3481/3481 3484/3484 3487/3487
f 3482/3482 3488/3488 3490/3490
f 3483/3483 3485/3485 3491/3491
f 3486/3486 3489/3489 3492/3492
f 3493/3493 3496/3496 3499/3499
f 3494/3494 3500/3500 3502/3502
f 3495/3495 3497/3497 3503/3503
f 3498/3498 3501/3501 3504/3504
f 3505/3505 3508/3508 3511/3511
f 3506/3506 3512/3512 3514/3514
f 3507/3507 3509/3509 3515/3515
f 3510/3510 3513/3513 3516/3516
f 3517/3517 3520/3520 3523/3523
f 3518/3518 3524/3524 3526/3526
f 3519/3519 3521/3521 3527/3527
f 3522/3522 3525/3525 3528/3528
f 3529/3529 3532/3532 3535/3535
f 3530/3530 3536/3536 3538/3538
f 3531/3531 3533/3533 3539/3539
f 3534/3534 3537/3537 3540/3540
f 3541/3541 3544/3544 3547/3547
f 3542/3542 3548/3548 3550/3550
f 3543/3543 3545/3545 3551/3551
f 3546/3546 3549/3549 3552/3552
f 3553/3553 3556/3556 3559/3559
f 3554/3554 3560/3560 3562/3562
f 3555/3555 3557/3557 3563/3563
f 3558/3558 3561/3561 3564/3564
f 3565/3565 3568/3568 3571/3571
f 3566/3566 3572/3572 3574/3574
f 3567/3567 3569/3569 3575/3575
f 3570/3570 3573/3573 3576/3576
f 3577/3577 3580/3580 3583/3583
f 3578/3578 3584/3584 3586/3586
f 3579/3579 3581/3581 3587/3587
f 3582/3582 3585/3585 3588/3588
f 3589/3589 3592/3592 3595/3595
f 3590/3590 3596/3596 3598/3598
f 3591/3591 3593/3593 3599/3599
f 3594/3594 3597/3597 3600/3600
f 3601/3601 3604/3604 3607/3607
f 3602/3602 3608/3608 3610/3610
f 3603/3603 3605/3605 3611/3611
f 3606/3606 3609/3609 3612/3612
f 3613/3613 3616/3616 3619/3619
f 3614/3614 3620/3620 3622/3622
f 3615/3615 3617/3617 3623/3623
f 3618/3618 3621/3621 3624/3624
f 3625/3625 3628/3628 3631/3631
f 3626/3626 3632/3632 3634/3634
f 3627/3627 3629/3629 3635/3635
f 3630/3630 3633/3633 3636/3636
f 3637/3637 3640/3640 3643/3643
f 3638/3638 3644/3644 3646/3646
f 3639/3639 3641/3641 3647/3647
f 3642/3642 3645/3645 3648/3648
f 3649/3649 3652/3652 3655/3655
f 3650/3650 3656/3656 3658/3658
f 3651/3651 3653/3653 3659/3659
f 3654/3654 3657/3657 3660/3660
f 3661/3661 3664/3664 3667/3667
f 3662/3662 3668/3668 3670/3670
f 3663/3663 3665/3665 3671/3671
f 3666/3666 3669/3669 3672/3672
f 3673/3673 3676/3676 3679/3679
f 3674/3674 3680/3680 3682/3682
f 3675/3675 3677/3677 3683/3683
f 3678/3678 3681/3681 3684/3684
f 3685/3685 3688/3688 3691/3691
f 3686/3686 3692/3692 3694/3694
f 3687/3687 3689/3689 3695/3695
f 3690/3690 3693/3693 3696/3696
f 3697/3697 3700/3700 3703/3703
f 3698/3698 3704/3704 3706/3706
f 3699/3699 3701/3701 3707/3707
f 3702/3702 3705/3705 3708/3708
f 3709/3709 3712/3712 3715/3715
f 3710/3710 3716/3716 3718/3718
f 3711/3711 3713/3713 3719/3719
f 3714/3714 3717/3717 3720/3720
f 3721/3721 3724/3724 3727/3727
f 3722/3722 3728/3728 3730/3730
f 3723/3723 3725/3725 3731/3731
f 3726/3726 3729/3729 3732/3732
f 3733/3733 3736/3736 3739/3739
f 3734/3734 3740/3740 3742/3742
f 3735/3735 3737/3737 3743/3743
f 3738/3738 3741/3741 3744/3744
f 3745/3745 3748/3748 3751/3751
f 3746/3746 3752/3752 3754/3754
f 3747/3747 3749/3749 3755/3755
f 3750/3750 3753/3753 3756/3756
f 3757/3757 3760/3760 3763/3763
f 3758/3758 3764/3764 3766/3766
f 3759/3759 3761/3761 3767/3767
f 3762/3762 3765/3765 3768/3768
f 3769/3769 3772/3772 3775/3775
f 3770/3770 3776/3776 3778/3778
f 3771/3771 3773/3773 3779/3779
f 3774/3774 3777/3777 3780/3780
f 3781/3781 3784/3784 3787/3787
f 3782/3782 3788/3788 3790/3790
f 3783/3783 3785/3785 3791/3791
f 3786/3786 3789/3789 3792/3792
f 3793/3793 3796/3796 3799/3799
f 3794/3794 3800/3800 3802/3802
f 3795/3795 3797/3797 3803/3803
f 3798/3798 3801/3801 3804/3804
f 3805/3805 3808/3808 3811/3811
f 3806/3806 3812/3812 3814/3814
f 3807/3807 3809/3809 3815/3815
f 3810/3810 3813/3813 3816/3816
f 3817/3817 3820/3820 3823/3823
f 3818/3818 3824/3824 3826/3826
f 3819/3819 3821/3821 3827/3827
f 3822/3822 3825/3825 3828/3828
f 3829/3829 3832/3832 3835/3835
f 3830/3830 3836/3836 3838/3838
f 3831/3831 3833/3833 3839/3839
f 3834/3834 3837/3837 3840/3840
f 3841/3841 3844/3844 3847/3847
f 3842/3842 3848/3848 3850/3850
f 3843/3843 3845/3845 3851/3851
f 3846/3846 3849/3849 3852/3852
f 3853/3853 3856/3856 3859/3859
f 3854/3854 3860/3860 3862/3862
f 3855/3855 3857/3857 3863/3863
f 3858/3858 3861/3861 3864/3864
f 3865/3865 3868/3868 3871/3871
f 3866/3866 3872/3872 3874/3874
f 3867/3867 3869/3869 3875/3875
f 3870/3870 3873/3873 3876/3876
f 3877/3877 3880/3880 3883/3883
f 3878/3878 3884/3884 3886/3886
f 3879/3879 3881/3881 3887/3887
f 3882/3882 3885/3885 3888/3888
f 3889/3889 3892/3892 3895/3895
f 3890/3890 3896/3896 3898/3898
f 3891/3891 3893/3893 3899/3899
f 3894/3894 3897/3897 3900/3900
f 3901/3901 3904/3904 3907/3907
f 3902/3902 3908/3908 3910/3910
f 3903/3903 3905/3905 3911/3911
f 3906/3906 3909/3909 3912/3912
f 3913/3913 3916/3916 3919/3919
f 3914/3914 3920/3920 3922/3922
f 3915/3915 3917/3917 3923/3923
f 3918/3918 3921/3921 3924/3924
f 3925/3925 3928/3928 3931/3931
f 3926/3926 3932/3932 3934/3934
f 3927/3927 3929/3929 3935/3935
f 3930/3930 3933/3933 3936/3936
f 3937/3937 3940/3940 3943/3943
f 3938/3938 3944/3944 3946/3946
f 3939/3939 3941/3941 3947/3947
f 3942/3942 3945/3945 3948/3948
f 3949/3949 3952/3952 3955/3955
f 3950/3950 3956/3956 3958/3958
f 3951/3951 3953/3953 3959/3959
f 3954/3954 3957/3957 3960/3960
f 3961/3961 3964/3964 3967/3967
f 3962/3962 3968/3968 3970/3970
f 3963/3963 3965/3965 3971/3971
f 3966/3966 3969/3969 3972/3972
f 3973/3973 3976/3976 3979/3979
f 3974/3974 3980/3980 3982/3982
f 3975/3975 3977/3977 3983/3983
f 3978/3978 3981/3981 3984/3984
f 3985/3985 3988/3988 3991/3991
f 3986/3986 3992/3992 3994/3994
f 3987/3987 3989/3989 3995/3995
f 3990/3990 3993/3993 3996/3996
f 3997/3997 4000/4000 4003/4003
f 3998/3998 4004/4004 4006/4006
f 3999/3999 4001/4001 4007/4007
f 4002/4002 4005/4005 4008/4008
f 4009/4009 4012/4012 4015/4015
f 4010/4010 4016/4016 4018/4018
f 4011/4011 4013/4013 4019/4019
f 4014/4014 4017/4017 4020/4020
f 4021/4021 4024/4024 4027/4027
f 4022/4022 4028/4028 4030/4030
f 4023/4023 4025/4025 4031/4031
f 4026/4026 4029/4029 4032/4032
f 4033/4033 4036/4036 4039/4039
f 4034/4034 4040/4040 4042/4042
f 4035/4035 4037/4037 4043/4043
f 4038/4038 4041/4041 4044/4044
f 4045/4045 4048/4048 4051/4051
f 4046/4046 4052/4052 4054/4054
f 4047/4047 4049/4049 4055/4055
f 4050/4050 4053/4053 4056/4056
f 4057/4057 4060/4060 4063/4063
f 4058/4058 4064/4064 4066/4066
f 4059/4059 4061/4061 4067/4067
f 4062/4062 4065/4065 4068/4068
f 4069/4069 4072/4072 4075/4075
f 4070/4070 4076/4076 4078/4078
f 4071/4071 4073/4073 4079/4079
f 4074/4074 4077/4077 4080/4080
f 4081/4081 4084/4084 4087/4087
f 4082/4082 4088/4088 4090/4090
f 4083/4083 4085/4085 4091/4091
f 4086/4086 4089/4089 4092/4092
f 4093/4093 4096/4096 4099/4099
f 4094/4094 4100/4100 4102/4102
f 4095/4095 4097/4097 4103/4103
f 4098/4098 4101/4101 4104/4104
f 4105/4105 4108/4108 4111/4111
f 4106/4106 4112/4112 4114/4114
f 4107/4107 4109/4109 4115/4115
f 4110/4110 4113/4113 4116/4116
f 4117/4117 4120/4120 4123/4123
f 4118/4118 4124/4124 4126/4126
f 4119/4119 4121/4121 4127/4127
f 4122/4122 4125/4125 4128/4128
f 4129/4129 4132/4132 4135/4135
f 4130/4130 4136/4136 4138/4138
f 4131/4131 4133/4133 4139/4139
f 4134/4134 4137/4137 4140/4140
f 4141/4141 4144/4144 4147/4147
f 4142/4142 4148/4148 4150/4150
f 4143/4143 4145/4145 4151/4151
f 4146/4146 4149/4149 4152/4152
f 4153/4153 4156/4156 4159/4159
f 4154/4154 4160/4160 4162/4162
f 4155/4155 4157/4157 4163/4163
f 4158/4158 4161/4161 4164/4164
f 4165/4165 4168/4168 4171/4171
f 4166/4166 4172/4172 4174/4174
f 4167/4167 4169/4169 4175/4175
f 4170/4170 4173/4173 4176/4176
f 4177/4177 4180/4180 4183/4183
f 4178/4178 4184/4184 4186/4186
f 4179/4179 4181/4181 4187/4187
f 4182/4182 4185/4185 4188/4188
f 4189/4189 4192/4192 4195/4195
f 4190/4190 4196/4196 4198/4198
f 4191/4191 4193/4193 4199/4199
f 4194/4194 4197/4197 4200/4200
f 4201/4201 4204/4204 4207/4207
f 4202/4202 4208/4208 4210/4210
f 4203/4203 4205/4205 4211/4211
f 4206/4206 4209/4209 4212/4212
f 4213/4213 4216/4216 4219/4219
f 4214/4214 4220/4220 4222/4222
f 4215/4215 4217/4217 4223/4223
f 4218/4218 4221/4221 4224/4224
f 4225/4225 4228/4228 4231/4231
f 4226/4226 4232/4232 4234/4234
f 4227/4227 4229/4229 4235/4235
f 4230/4230 4233/4233 4236/4236
f 4237/4237 4240/4240 4243/4243
f 4238/4238 4244/4244 4246/4246
f 4239/4239 4241/4241 4247/4247
f 4242/4242 4245/4245 4248/4248
f 4249/4249 4252/4252 4255/4255
f 4250/4250 4256/4256 4258/4258
f 4251/4251 4253/4253 4259/4259
f 4254/4254 4257/4257 4260/4260
f 4261/4261 4264/4264 4267/4267
f 4262/4262 4268/4268 4270/4270
f 4263/4263 4265/4265 4271/4271
f 4266/4266 4269/4269 4272/4272
f 4273/4273 4276/4276 4279/4279
f 4274/4274 4280/4280 4282/4282
f 4275/4275 4277/4277 4283/4283
f 4278/4278 4281/4281 4284/4284
f 4285/4285 4288/4288 4291/4291
f 4286/4286 4292/4292 4294/4294
f 4287/4287 4289/4289 4295/4295
f 4290/4290 4293/4293 4296/4296
f 4297/4297 4300/4300 4303/4303
f 4298/4298 4304/4304 4306/4306
f 4299/4299 4301/4301 4307/4307
f 4302/4302 4305/4305 4308/4308
f 4309/4309 4312/4312 4315/4315
f 4310/4310 4316/4316 4318/4318
f 4311/4311 4313/4313 4319/4319
f 4314/4314 4317/4317 4320/4320
f 4321/4321 4324/4324 4327/4327
f 4322/4322 4328/4328 4330/4330
f 4323/4323 4325/4325 4331/4331
f 4326/4326 4329/4329 4332/4332
f 4333/4333 4336/4336 4339/4339
f 4334/4334 4340/4340 4342/4342
f 4335/4335 4337/4337 4343/4343
f 4338/4338 4341/4341 4344/4344
f 4345/4345 4348/4348 4351/4351
f 4346/4346 4352/4352 4354/4354
f 4347/4347 4349/4349 4355/4355
f 4350/4350 4353/4353 4356/4356
f 4357/4357 4360/4360 4363/4363
f 4358/4358 4364/4364 4366/4366
f 4359/4359 4361/4361 4367/4367
f 4362/4362 4365/4365 4368/4368
f 4369/4369 4372/4372 4375/4375
f 4370/4370 4376/4376 4378/4378
f 4371/4371 4373/4373 4379/4379
f 4374/4374 4377/4377 4380/4380
f 4381/4381 4384/4384 4387/4387
f 4382/4382 4388/4388 4390/4390
f 4383/4383 4385/4385 4391/4391
f 4386/4386 4389/4389 4392/4392
f 4393/4393 4396/4396 4399/4399
f 4394/4394 4400/4400 4402/4402
f 4395/4395 4397/4397 4403/4403
f 4398/4398 4401/4401 4404/4404
f 4405/4405 4408/4408 4411/4411
f 4406/4406 4412/4412 4414/4414
f 4407/4407 4409/4409 4415/4415
f 4410/4410 4413/4413 4416/4416
f 4417/4417 4420/4420 4423/4423
f 4418/4418 4424/4424 4426/4426
f 4419/4419 4421/4421 4427/4427
f 4422/4422 4425/4425 4428/4428
f 4429/4429 4432/4432 4435/4435
f 4430/4430 4436/4436 4438/4438
f 4431/4431 4433/4433 4439/4439
f 4434/4434 4437/4437 4440/4440
f 4441/4441 4444/4444 4447/4447
f 4442/4442 4448/4448 4450/4450
f 4443/4443 4445/4445 4451/4451
f 4446/4446 4449/4449 4452/4452
f 4453/4453 4456/4456 4459/4459
f 4454/4454 4460/4460 4462/4462
f 4455/4455 4457/4457 4463/4463
f 4458/4458 4461/4461 4464/4464
f 4465/4465 4468/4468 4471/4471
f 4466/4466 4472/4472 4474/4474
f 4467/4467 4469/4469 4475/4475
f 4470/4470 4473/4473 4476/4476
f 4477/4477 4480/4480 4483/4483
f 4478/4478 4484/4484 4486/4486
f 4479/4479 4481/4481 4487/4487
f 4482/4482 4485/4485 4488/4488
f 4489/4489 4492/4492 4495/4495
f 4490/4490 4496/4496 4498/4498
f 4491/4491 4493/4493 4499/4499
f 4494/4494 4497/4497 4500/4500
f 4501/4501 4504/4504 4507/4507
f 4502/4502 4508/4508 4510/4510
f 4503/4503 4505/4505 4511/4511
f 4506/4506 4509/4509 4512/4512
f 4513/4513 4516/4516 4519/4519
f 4514/4514 4520/4520 4522/4522
f 4515/4515 4517/4517 4523/4523
f 4518/4518 4521/4521 4524/4524
f 4525/4525 4528/4528 4531/4531
f 4526/4526 4532/4532 4534/4534
f 4527/4527 4529/4529 4535/4535
f 4530/4530 4533/4533 4536/4536
f 4537/4537 4540/4540 4543/4543
f 4538/4538 4544/4544 4546/4546
f 4539/4539 4541/4541 4547/4547
f 4542/4542 4545/4545 4548/4548
f 4549/4549 4552/4552 4555/4555
f 4550/4550 4556/4556 4558/4558
f 4551/4551 4553/4553 4559/4559
f 4554/4554 4557/4557 4560/4560
f 4561/4561 4564/4564 4567/4567
f 4562/4562 4568/4568 4570/4570
f 4563/4563 4565/4565 4571/4571
f 4566/4566 4569/4569 4572/4572
f 4573/4573 4576/4576 4579/4579
f 4574/4574 4580/4580 4582/4582
f 4575/4575 4577/4577 4583/4583
f 4578/4578 4581/4581 4584/4584
f 4585/4585 4588/4588 4591/4591
f 4586/4586 4592/4592 4594/4594
f 4587/4587 4589/4589 4595/4595
f 4590/4590 4593/4593 4596/4596
f 4597/4597 4600/4600 4603/4603
f 4598/4598 4604/4604 4606/4606
f 4599/4599 4601/4601 4607/4607
f 4602/4602 4605/4605 4608/4608
f 4609/4609 4612/4612 4615/4615
f 4610/4610 4616/4616 4618/4618
f 4611/4611 4613/4613 4619/4619
f 4614/4614 4617/4617 4620/4620
f 4621/4621 4624/4624 4627/4627
f 4622/4622 4628/4628 4630/4630
f 4623/4623 4625/4625 4631/4631
f 4626/4626 4629/4629 4632/4632
f 4633/4633 4636/4636 4639/4639
f 4634/4634 4640/4640 4642/4642
f 4635/4635 4637/4637 4643/4643
f 4638/4638 4641/4641 4644/4644
f 4645/4645 4648/4648 4651/4651
f 4646/4646 4652/4652 4654/4654
f 4647/4647 4649/4649 4655/4655
f 4650/4650 4653/4653 4656/4656
f 4657/4657 4660/4660 4663/4663
f 4658/4658 4664/4664 4666/4666
f 4659/4659 4661/4661 4667/4667
f 4662/4662 4665/4665 4668/4668
f 4669/4669 4672/4672 4675/4675
f 4670/4670 4676/4676 4678/4678
f 4671/4671 4673/4673 4679/4679
f 4674/4674 4677/4677 4680/4680
f 4681/4681 4684/4684 4687/4687
f 4682/4682 4688/4688 4690/4690
f 4683/4683 4685/4685 4691/4691
f 4686/4686 4689/4689 4692/4692
f 4693/4693 4696/4696 4699/4699
f 4694/4694 4700/4700 4702/4702
f 4695/4695 4697/4697 4703/4703
f 4698/4698 4701/4701 4704/4704
f 4705/4705 4708/4708 4711/4711
f 4706/4706 4712/4712 4714/4714
f 4707/4707 4709/4709 4715/4715
f 4710/4710 4713/4713 4716/4716
f 4717/4717 4720/4720 4723/4723
f 4718/4718 4724/4724 4726/4726
f 4719/4719 4721/4721 4727/4727
f 4722/4722 4725/4725 4728/4728
f 4729/4729 4732/4732 4735/4735
f 4730/4730 4736/4736 4738/4738
f 4731/4731 4733/4733 4739/4739
f 4734/4734 4737/4737 4740/4740
f 4741/4741 4744/4744 4747/4747
f 4742/4742 4748/4748 4750/4750
f 4743/4743 4745/4745 4751/4751
f 4746/4746 4749/4749 4752/4752
f 4753/4753 4756/4756 4759/4759
f 4754/4754 4760/4760 4762/4762
f 4755/4755 4757/4757 4763/4763
f 4758/4758 4761/4761 4764/4764
f 4765/4765 4768/4768 4771/4771
f 4766/4766 4772/4772 4774/4774
f 4767/4767 4769/4769 4775/4775
f 4770/4770 4773/4773 4776/4776
f 4777/4777 4780/4780 4783/4783
f 4778/4778 4784/4784 4786/4786
f 4779/4779 4781/4781 4787/4787
f 4782/4782 4785/4785 4788/4788
f 4789/4789 4792/4792 4795/4795
f 4790/4790 4796/4796 4798/4798
f 4791/4791 4793/4793 4799/4799
f 4794/4794 4797/4797 4800/4800
f 4801/4801 4804/4804 4807/4807
f 4802/4802 4808/4808 4810/4810
f 4803/4803 4805/4805 4811/4811
f 4806/4806 4809/4809 4812/4812
f 4813/4813 4816/4816 4819/4819
f 4814/4814 4820/4820 4822/4822
f 4815/4815 4817/4817 4823/4823
f 4818/4818 4821/4821 4824/4824
f 4825/4825 4828/4828 4831/4831
f 4826/4826 4832/4832 4834/4834
f 4827/4827 4829/4829 4835/4835
f 4830/4830 4833/4833 4836/4836
f 4837/4837 4840/4840 4843/4843
f 4838/4838 4844/4844 4846/4846
f 4839/4839 4841/4841 4847/4847
f 4842/4842 4845/4845 4848/4848
f 4849/4849 4852/4852 4855/4855
f 4850/4850 4856/4856 4858/4858
f 4851/4851 4853/4853 4859/4859
f 4854/4854 4857/4857 4860/4860
f 4861/4861 4864/4864 4867/4867
f 4862/4862 4868/4868 4870/4870
f 4863/4863 4865/4865 4871/4871
f 4866/4866 4869/4869 4872/4872
f 4873/4873 4876/4876 4879/4879
f 4874/4874 4880/4880 4882/4882
f 4875/4875 4877/4877 4883/4883
f 4878/4878 4881/4881 4884/4884
f 4885/4885 4888/4888 4891/4891
f 4886/4886 4892/4892 4894/4894
f 4887/4887 4889/4889 4895/4895
f 4890/4890 4893/4893 4896/4896
f 4897/4897 4900/4900 4903/4903
f 4898/4898 4904/4904 4906/4906
f 4899/4899 4901/4901 4907/4907
f 4902/4902 4905/4905 4908/4908
f 4909/4909 4912/4912 4915/4915
f 4910/4910 4916/4916 4918/4918
f 4911/4911 4913/4913 4919/4919
f 4914/4914 4917/4917 4920/4920
f 4921/4921 4924/4924 4927/4927
f 4922/4922 4928/4928 4930/4930
f 4923/4923 4925/4925 4931/4931
f 4926/4926 4929/4929 4932/4932
f 4933/4933 4936/4936 4939/4939
f 4934/4934 4940/4940 4942/4942
f 4935/4935 4937/4937 4943/4943
f 4938/4938 4941/4941 4944/4944
f 4945/4945 4948/4948 4951/4951
f 4946/4946 4952/4952 4954/4954
f 4947/4947 4949/4949 4955/4955
f 4950/4950 4953/4953 4956/4956
f 4957/4957 4960/4960 4963/4963
f 4958/4958 4964/4964 4966/4966
f 4959/4959 4961/4961 4967/4967
f 4962/4962 4965/4965 4968/4968
f 4969/4969 4972/4972 4975/4975
f 4970/4970 4976/4976 4978/4978
f 4971/4971 4973/4973 4979/4979
f 4974/4974 4977/4977 4980/4980
f 4981/4981 4984/4984 4987/4987
f 4982/4982 4988/4988 4990/4990
f 4983/4983 4985/4985 4991/4991
f 4986/4986 4989/4989 4992/4992
f 4993/4993 4996/4996 4999/4999
f 4994/4994 5000/5000 5002/5002
f 4995/4995 4997/4997 5003/5003
f 4998/4998 5001/5001 5004/5004
f 5005/5005 5008/5008 5011/5011
f 5006/5006 5012/5012 5014/5014
f 5007/5007 5009/5009 5015/5015
f 5010/5010 5013/5013 5016/5016
f 5017/5017 5020/5020 5023/5023
f 5018/5018 5024/5024 5026/5026
f 5019/5019 5021/5021 5027/5027
f 5022/5022 5025/5025 5028/5028
f 5029/5029 5032/5032 5035/5035
f 5030/5030 5036/5036 5038/5038
f 5031/5031 5033/5033 5039/5039
f 5034/5034 5037/5037 5040/5040
f 5041/5041 5044/5044 5047/5047
f 5042/5042 5048/5048 5050/5050
f 5043/5043 5045/5045 5051/5051
f 5046/5046 5049/5049 5052/5052
f 5053/5053 5056/5056 5059/5059
f 5054/5054 5060/5060 5062/5062
f 5055/5055 5057/5057 5063/5063
f 5058/5058 5061/5061 5064/5064
f 5065/5065 5068/5068 5071/5071
f 5066/5066 5072/5072 5074/5074
f 5067/5067 5069/5069 5075/5075
f 5070/5070 5073/5073 5076/5076
f 5077/5077 5080/5080 5083/5083
f 5078/5078 5084/5084 5086/5086
f 5079/5079 5081/5081 5087/5087
f 5082/5082 5085/5085 5088/5088
f 5089/5089 5092/5092 5095/5095
f 5090/5090 5096/5096 5098/5098
f 5091/5091 5093/5093 5099/5099
f 5094/5094 5097/5097 5100/5100
f 5101/5101 5104/5104 5107/5107
f 5102/5102 5108/5108 5110/5110
f 5103/5103 5105/5105 5111/5111
f 5106/5106 5109/5109 5112/5112
f 5113/5113 5116/5116 5119/5119
f 5114/5114 5120/5120 5122/5122
f 5115/5115 5117/5117 5123/5123
f 5118/5118 5121/5121 5124/5124
f 5125/5125 5128/5128 5131/5131
f 5126/5126 5132/5132 5134/5134
f 5127/5127 5129/5129 5135/5135
f 5130/5130 5133/5133 5136/5136
f 5137/5137 5140/5140 5143/5143
f 5138/5138 5144/5144 5146/5146
f 5139/5139 5141/5141 5147/5147
f 5142/5142 5145/5145 5148/5148
f 5149/5149 5152/5152 5155/5155
f 5150/5150 5156/5156 5158/5158
f 5151/5151 5153/5153 5159/5159
f 5154/5154 5157/5157 5160/5160
f 5161/5161 5164/5164 5167/5167
f 5162/5162 5168/5168 5170/5170
f 5163/5163 5165/5165 5171/5171
f 5166/5166 5169/5169 5172/5172
f 5173/5173 5176/5176 5179/5179
f 5174/5174 5180/5180 5182/5182
f 5175/5175 5177/5177 5183/5183
f 5178/5178 5181/5181 5184/5184
f 5185/5185 5188/5188 5191/5191
f 5186/5186 5192/5192 5194/5194
f 5187/5187 5189/5189 5195/5195
f 5190/5190 5193/5193 5196/5196
f 5197/5197 5200/5200 5203/5203
f 5198/5198 5204/5204 5206/5206
f 5199/5199 5201/5201 5207/5207
f 5202/5202 5205/5205 5208/5208
f 5209/5209 5212/5212 5215/5215
f 5210/5210 5216/5216 5218/5218
f 5211/5211 5213/5213 5219/5219
f 5214/5214 5217/5217 5220/5220
f 5221/5221 5224/5224 5227/5227
f 5222/5222 5228/5228 5230/5230
f 5223/5223 5225/5225 5231/5231
f 5226/5226 5229/5229 5232/5232
f 5233/5233 5236/5236 5239/5239
f 5234/5234 5240/5240 5242/5242
f 5235/5235 5237/5237 5243/5243
f 5238/5238 5241/5241 5244/5244
f 5245/5245 5248/5248 5251/5251
f 5246/5246 5252/5252 5254/5254
f 5247/5247 5249/5249 5255/5255
f 5250/5250 5253/5253 5256/5256
f 5257/5257 5260/5260 5263/5263
f 5258/5258 5264/5264 5266/5266
f 5259/5259 5261/5261 5267/5267
f 5262/5262 5265/5265 5268/5268
f 5269/5269 5272/5272 5275/5275
f 5270/5270 5276/5276 5278/5278
f 5271/5271 5273/5273 5279/5279
f 5274/5274 5277/5277 5280/5280
f 5281/5281 5284/5284 5287/5287
f 5282/5282 5288/5288 5290/5290
f 5283/5283 5285/5285 5291/5291
f 5286/5286 5289/5289 5292/5292
f 5293/5293 5296/5296 5299/5299
f 5294/5294 5300/5300 5302/5302
f 5295/5295 5297/5297 5303/5303
f 5298/5298 5301/5301 5304/5304
f 5305/5305 5308/5308 5311/5311
f 5306/5306 5312/5312 5314/5314
f 5307/5307 5309/5309 5315/5315
f 5310/5310 5313/5313 5316/5316
f 5317/5317 5320/5320 5323/5323
f 5318/5318 5324/5324 5326/5326
f 5319/5319 5321/5321 5327/5327
f 5322/5322 5325/5325 5328/5328
f 5329/5329 5332/5332 5335/5335
f 5330/5330 5336/5336 5338/5338
f 5331/5331 5333/5333 5339/5339
f 5334/5334 5337/5337 5340/5340
f 5341/5341 5344/5344 5347/5347
f 5342/5342 5348/5348 5350/5350
f 5343/5343 5345/5345 5351/5351
f 5346/5346 5349/5349 5352/5352
f 5353/5353 5356/5356 5359/5359
f 5354/5354 5360/5360 5362/5362
f 5355/5355 5357/5357 5363/5363
f 5358/5358 5361/5361 5364/5364
f 5365/5365 5368/5368 5371/5371
f 5366/5366 5372/5372 5374/5374
f 5367/5367 5369/5369 5375/5375
f 5370/5370 5373/5373 5376/5376
f 5377/5377 5380/5380 5383/5383
f 5378/5378 5384/5384 5386/5386
f 5379/5379 5381/5381 5387/5387
f 5382/5382 5385/5385 5388/5388
f 5389/5389 5392/5392 5395/5395
f 5390/5390 5396/5396 5398/5398
f 5391/5391 5393/5393 5399/5399
f 5394/5394 5397/5397 5400/5400
f 5401/5401 5404/5404 5407/5407
f 5402/5402 5408/5408 5410/5410
f 5403/5403 5405/5405 5411/5411
f 5406/5406 5409/5409 5412/5412
f 5413/5413 5416/5416 5419/5419
f 5414/5414 5420/5420 5422/5422
f 5415/5415 5417/5417 5423/5423
f 5418/5418 5421/5421 5424/5424
f 5425/5425 5428/5428 5431/5431
f 5426/5426 5432/5432 5434/5434
f 5427/5427 5429/5429 5435/5435
f 5430/5430 5433/5433 5436/5436
f 5437/5437 5440/5440 5443/5443
f 5438/5438 5444/5444 5446/5446
f 5439/5439 5441/5441 5447/5447
f 5442/5442 5445/5445 5448/5448
f 5449/5449 5452/5452 5455/5455
f 5450/5450 5456/5456 5458/5458
f 5451/5451 5453/5453 5459/5459
f 5454/5454 5457/5457 5460/5460
f 5461/5461 5464/5464 5467/5467
f 5462/5462 5468/5468 5470/5470
f 5463/5463 5465/5465 5471/5471
f 5466/5466 5469/5469 5472/5472
f 5473/5473 5476/5476 5479/5479
f 5474/5474 5480/5480 5482/5482
f 5475/5475 5477/5477 5483/5483
f 5478/5478 5481/5481 5484/5484
f 5485/5485 5488/5488 5491/5491
f 5486/5486 5492/5492 5494/5494
f 5487/5487 5489/5489 5495/5495
f 5490/5490 5493/5493 5496/5496
f 5497/5497 5500/5500 5503/5503
f 5498/5498 5504/5504 5506/5506
f 5499/5499 5501/5501 5507/5507
f 5502/5502 5505/5505 5508/5508
f 5509/5509 5512/5512 5515/5515
f 5510/5510 5516/5516 5518/5518
f 5511/5511 5513/5513 5519/5519
f 5514/5514 5517/5517 5520/5520
